# Blender 5.1.0
# www.blender.org
mtllib mossy_green_rock17_LOW_RES.mtl
o mossy_green_rock17_LOW_RES
v 3.688327 0.093707 0.285577
v 3.689253 0.097942 0.289753
v 4.251808 0.386399 0.039317
v 4.216187 0.108586 -0.478287
v 4.137551 0.342343 -0.392599
v 4.172406 0.318058 -0.408426
v 3.959570 0.139599 -0.408379
v 3.955366 0.135522 -0.407251
v 3.955042 0.139912 -0.407587
v 4.204361 0.317538 0.388912
v 4.257699 0.116134 -0.467777
v 4.037304 0.409301 -0.320407
v 4.203529 0.121161 0.485774
v 4.199256 0.121275 0.486638
v 4.163538 0.070471 0.467476
v 4.167551 0.070545 0.468799
v 4.147935 0.415092 0.369386
v 4.148269 0.413070 0.373369
v 4.060494 0.049933 -0.410069
v 4.286155 0.345454 -0.014241
v 4.273444 0.368047 -0.033972
v 4.264173 0.377872 0.012531
v 4.266542 0.362831 -0.054756
v 4.208293 0.416611 0.199489
v 3.662700 0.277158 -0.211346
v 3.945308 0.165193 0.390317
v 4.093337 0.119139 -0.497867
v 4.217068 0.300308 0.381466
v 4.217093 0.301060 0.377039
v 3.650303 0.172764 0.271054
v 4.200248 0.427540 0.191477
v 4.196603 0.430960 0.192283
v 4.162263 0.098488 -0.470528
v 3.710938 0.271114 -0.337944
v 3.971367 0.213759 0.390542
v 3.971132 0.209617 0.389625
v 4.082843 0.224839 0.455565
v 4.082821 0.220531 0.455551
v 4.085500 0.220503 0.459050
v 4.085609 0.224834 0.458981
v 4.063590 0.403305 -0.319406
v 4.272134 0.385200 -0.030930
v 4.271662 0.380953 -0.030675
v 4.270426 0.380567 -0.034833
v 4.272593 0.384758 -0.035294
v 3.680504 0.066529 -0.315695
v 4.083131 0.415466 -0.291270
v 3.933251 0.065086 0.395094
v 4.227214 0.422608 0.140044
v 4.287455 0.322767 -0.243124
v 4.291435 0.321035 -0.242866
v 4.286993 0.321107 -0.246638
v 3.760767 0.421796 -0.147204
v 3.743648 0.374465 0.253147
v 4.322087 0.148681 -0.348785
v 4.195024 0.435952 0.190656
v 4.190099 0.436073 0.193303
v 4.216058 0.227007 0.485644
v 4.214950 0.231038 0.486218
v 4.350435 0.114606 -0.076045
v 4.336366 0.279919 -0.254370
v 4.331479 0.281671 -0.257832
v 4.298141 0.280271 -0.150104
v 4.022462 0.366300 -0.378201
v 3.705593 0.013490 0.189547
v 3.741081 0.356418 -0.301961
v 4.134485 0.505101 -0.122630
v 4.343084 0.136163 0.082245
v 4.253719 0.434313 0.009903
v 4.137124 0.124913 0.474420
v 3.841637 0.010955 0.266014
v 3.846028 0.010847 0.267362
v 4.233994 0.413410 -0.160720
v 4.233633 0.412654 -0.164972
v 3.914898 0.197272 0.373896
v 3.912829 0.199303 0.370436
v 3.865192 0.038330 0.316892
v 3.861542 0.038828 0.314762
v 3.718336 0.259444 -0.345457
v 3.714166 0.258934 -0.343904
v 3.986573 0.215858 -0.399666
v 4.284758 0.040438 0.290080
v 4.074086 0.404006 -0.313532
v 4.068825 0.403603 -0.316415
v 4.070079 0.405441 -0.312699
v 3.972118 0.387114 -0.348240
v 3.972931 0.389949 -0.345056
v 4.092628 0.113666 0.419319
v 4.086850 0.111315 0.419549
v 3.863136 0.434441 -0.253544
v 4.232347 0.177462 0.488916
v 4.148018 0.086531 -0.468185
v 4.144162 0.085334 -0.470139
v 4.148455 0.089958 -0.470928
v 3.673102 0.054038 -0.275121
v 3.969542 0.199734 -0.405015
v 3.965211 0.200081 -0.405503
v 4.093820 0.109615 0.424100
v 3.880411 0.303073 -0.389571
v 3.687110 0.311942 -0.215766
v 4.074560 0.184508 0.428006
v 4.291938 0.322991 -0.239293
v 4.239453 0.203127 0.427636
v 4.139179 0.413394 0.375659
v 3.764930 0.426158 -0.137119
v 3.641392 0.107391 0.234354
v 3.642873 0.103926 0.236362
v 4.230035 0.468412 0.018042
v 3.702374 0.303414 0.232512
v 4.312955 0.319821 -0.222654
v 4.072606 0.208827 0.439939
v 3.739517 0.366165 0.255904
v 3.975965 0.078908 0.400830
v 3.664009 0.057592 -0.141676
v 3.667716 0.054943 -0.141560
v 4.229425 0.427566 -0.121104
v 4.232771 0.424634 -0.121278
v 4.324982 0.219004 0.293015
v 4.325156 0.223238 0.292442
v 4.121920 0.255443 0.458784
v 4.223694 0.208014 0.456418
v 3.901370 0.053914 -0.373005
v 3.900568 0.056352 -0.376613
v 3.670385 0.255581 -0.297404
v 3.996649 0.259259 -0.407192
v 4.275632 0.149244 -0.442524
v 4.272919 0.149473 -0.446212
v 3.743622 0.265970 -0.351263
v 4.038722 0.431903 -0.281805
v 4.288720 0.027171 -0.012542
v 4.289082 0.026751 -0.008185
v 4.221375 0.210910 0.461190
v 4.223218 0.206760 0.460774
v 3.959219 0.087930 0.411505
v 4.284322 0.054848 0.178829
v 4.069376 0.327605 0.427211
v 4.296795 0.215639 0.370352
v 4.263411 0.193460 -0.452587
v 4.056399 0.443617 -0.211466
v 4.055539 0.442098 -0.215451
v 4.051403 0.441613 -0.214473
v 4.052294 0.442947 -0.210431
v 3.851183 0.309430 -0.362753
v 4.343448 0.140209 0.068807
v 4.343110 0.144507 0.068540
v 4.169109 0.169618 -0.467336
v 3.640314 0.090324 -0.271131
v 3.640797 0.091506 -0.276074
v 3.640976 0.085768 -0.271335
v 3.802178 0.422062 -0.235865
v 4.246708 0.052259 0.399627
v 4.263603 0.414497 -0.023893
v 4.199040 0.485713 -0.041300
v 4.200531 0.485311 -0.037187
v 4.202026 0.482845 -0.042597
v 4.005939 0.203627 0.398515
v 3.720222 0.296278 -0.332603
v 4.063060 0.433788 -0.242054
v 4.062294 0.433005 -0.246229
v 4.300378 0.321450 -0.235162
v 4.287237 0.212717 0.384236
v 4.287787 0.208563 0.384099
v 4.135730 0.041134 0.450240
v 4.133696 0.041711 -0.424107
v 4.129575 0.042104 -0.423371
v 4.133059 0.042780 -0.428366
v 3.785181 0.430492 -0.212543
v 4.275406 0.364057 -0.032619
v 4.061355 0.445728 -0.208516
v 3.839797 0.264289 0.363676
v 3.839337 0.260643 0.365969
v 4.058128 0.430794 -0.271652
v 4.049690 0.196768 0.397389
v 4.263630 0.345615 -0.220573
v 4.264366 0.345440 0.170637
v 4.104230 0.111355 0.439059
v 4.101475 0.113035 0.435914
v 4.101512 0.108220 0.434732
v 4.348187 0.190696 -0.275091
v 3.845393 0.302386 -0.366860
v 3.840352 0.298703 -0.368208
v 3.918100 0.013830 0.342008
v 3.700989 0.289159 -0.309926
v 4.288260 0.258210 0.330649
v 4.151063 0.103178 -0.485578
v 4.146669 0.503903 -0.103956
v 3.656190 0.241935 -0.269169
v 4.318746 0.313712 -0.176248
v 3.711987 0.040970 0.268381
v 3.714959 0.038076 0.269371
v 4.010622 0.137109 -0.430942
v 3.661808 0.052987 0.218079
v 3.664911 0.050290 0.219006
v 4.129672 0.362988 -0.376584
v 4.158699 0.230007 0.493328
v 4.223085 0.041153 -0.424140
v 4.219025 0.039878 -0.422536
v 3.737731 0.059747 -0.350675
v 3.807122 0.058053 0.309996
v 3.811481 0.058550 0.310158
v 4.247998 0.364831 -0.304069
v 4.133696 0.445789 -0.213726
v 4.256495 0.200868 -0.460312
v 4.062055 0.047437 -0.406777
v 4.336591 0.171422 0.166031
v 4.251030 0.193093 -0.463305
v 4.308150 0.268315 0.000597
v 4.229091 0.462081 0.068049
v 3.990593 0.246949 -0.401558
v 4.100211 0.241812 0.468358
v 4.169660 0.486898 -0.107902
v 3.897326 0.188972 0.375695
v 3.901899 0.193693 0.374874
v 3.655941 0.241895 -0.264821
v 3.655053 0.237772 -0.269345
v 3.643728 0.114024 0.245767
v 3.915686 0.056225 -0.393281
v 4.158856 0.038058 0.446027
v 4.001900 0.344294 -0.385255
v 4.005716 0.344741 -0.387222
v 4.005220 0.340840 -0.388863
v 3.660175 0.023984 0.154291
v 3.641562 0.133866 0.247570
v 3.641074 0.132228 0.244488
v 3.841395 0.301637 -0.365050
v 4.181834 0.315484 0.421501
v 4.185497 0.313346 0.420853
v 4.203879 0.453784 -0.113709
v 3.927551 0.086155 -0.396468
v 3.926667 0.089906 -0.394394
v 4.257911 0.370681 -0.082805
v 4.259859 0.366771 -0.082515
v 3.852240 0.250900 -0.401356
v 3.852463 0.255245 -0.400921
v 3.994520 0.171669 0.398705
v 3.990506 0.175084 0.395224
v 3.894796 0.065839 0.361951
v 3.894705 0.061582 0.361013
v 4.356036 0.147425 -0.277987
v 4.355214 0.147490 -0.282397
v 4.280609 0.078268 0.388382
v 4.283139 0.078888 0.384917
v 4.348288 0.119724 -0.067830
v 4.058488 0.403171 -0.322820
v 4.057283 0.400568 -0.326086
v 4.280400 0.031537 0.236944
v 4.200985 0.036210 0.444722
v 4.204947 0.037421 0.445785
v 4.262573 0.034384 0.163623
v 4.143816 0.055620 0.454783
v 4.300191 0.293445 -0.278206
v 4.053493 0.117149 -0.465679
v 3.821292 0.393047 -0.278519
v 4.244925 0.264959 0.284512
v 4.346935 0.302814 -0.187690
v 4.343754 0.305764 -0.187956
v 4.082520 0.410434 0.388349
v 4.136310 0.079482 -0.470557
v 4.215065 0.233114 0.473820
v 3.663835 0.052144 -0.051244
v 3.725400 0.320239 0.255039
v 3.641821 0.081068 0.214402
v 3.643462 0.077656 0.216500
v 3.909287 0.068345 -0.388611
v 4.279466 0.323506 -0.254797
v 4.276457 0.326487 -0.255210
v 4.054116 0.386818 -0.357773
v 4.122587 0.075432 -0.479409
v 4.122505 0.077677 -0.483088
v 4.206433 0.441662 -0.137341
v 3.646516 0.133411 0.265853
v 3.645214 0.137232 0.264342
v 4.011543 0.329729 -0.397311
v 4.007646 0.329401 -0.395550
v 4.161948 0.325505 -0.403569
v 3.791182 0.304190 -0.346790
v 3.796056 0.306230 -0.343831
v 3.690180 0.314922 0.197905
v 4.215058 0.228829 0.473024
v 4.257908 0.253691 0.395367
v 3.721188 0.195200 0.300522
v 3.718054 0.193359 0.298115
v 3.997802 0.304862 -0.400582
v 3.993868 0.304742 -0.399006
v 3.770455 0.374283 -0.277240
v 3.769944 0.371470 -0.280474
v 4.235556 0.295198 -0.397775
v 4.252009 0.387684 0.076346
v 3.689091 0.262584 -0.319041
v 3.688433 0.258663 -0.320454
v 4.122466 0.139242 -0.498382
v 3.901590 0.336934 -0.377373
v 4.162249 0.493605 -0.105864
v 4.242292 0.271431 0.261905
v 3.921966 0.287060 0.371591
v 4.099137 0.237956 0.470045
v 4.272696 0.051786 0.381695
v 3.768455 0.009656 0.261310
v 4.243238 0.376091 -0.262245
v 4.195420 0.037303 0.447418
v 4.196783 0.035609 0.443786
v 3.840673 0.060398 -0.375259
v 4.115769 0.497611 -0.137565
v 4.111636 0.497147 -0.136148
v 3.638971 0.092670 -0.166430
v 3.791464 0.406287 -0.250100
v 3.790987 0.403460 -0.253413
v 3.957537 0.200569 -0.409336
v 3.957467 0.196290 -0.409644
v 3.953589 0.196382 -0.410770
v 3.953718 0.200652 -0.410947
v 3.746842 0.386927 0.069917
v 3.916596 0.399057 -0.320306
v 3.814694 0.235202 0.360069
v 3.815334 0.231036 0.360439
v 3.842034 0.008961 0.253560
v 3.724217 0.304784 -0.332008
v 3.728199 0.305360 -0.333820
v 4.106670 0.065800 0.449235
v 4.263758 0.415469 -0.015082
v 3.891411 0.426434 -0.277982
v 4.088063 0.255180 0.454512
v 4.199999 0.283796 0.437019
v 4.362035 0.095620 -0.144367
v 3.762861 0.210545 0.337012
v 3.910878 0.335983 -0.387334
v 3.914853 0.335863 -0.389799
v 3.909452 0.332317 -0.389377
v 4.265021 0.045132 0.382022
v 4.270498 0.048118 0.380490
v 4.107131 0.040014 0.421734
v 4.109579 0.037813 0.418679
v 4.238452 0.251755 0.403251
v 4.235608 0.254753 0.403175
v 3.809103 0.303249 -0.345934
v 3.804128 0.301265 -0.348476
v 4.329079 0.207711 0.267850
v 4.275373 0.203816 0.404570
v 4.333426 0.126780 0.002929
v 4.333808 0.130962 0.002654
v 4.222501 0.472863 0.019162
v 3.918694 0.300137 0.369482
v 4.209609 0.309360 0.365811
v 3.825137 0.268664 -0.386578
v 3.971758 0.145317 0.408362
v 4.138537 0.161035 -0.488407
v 4.138871 0.156931 -0.489849
v 4.256407 0.352466 -0.204100
v 4.336846 0.126649 -0.035414
v 4.337519 0.122503 -0.035105
v 4.337028 0.122188 -0.039514
v 4.261017 0.299504 0.206662
v 3.640627 0.097240 -0.281155
v 4.336293 0.190628 -0.145039
v 4.236333 0.079522 -0.470416
v 4.090968 0.220518 0.465928
v 4.017283 0.275976 -0.416093
v 4.016974 0.271848 -0.417336
v 4.294144 0.256697 0.323338
v 4.290118 0.258371 0.322316
v 4.062015 0.317509 -0.399214
v 3.714066 0.012448 0.204159
v 4.139889 0.110097 0.467292
v 4.142514 0.109567 0.470435
v 4.082473 0.267510 0.446766
v 4.260693 0.366670 -0.066524
v 4.260379 0.371150 -0.066402
v 4.261803 0.366597 -0.062263
v 3.851481 0.012177 0.278414
v 4.353290 0.030780 -0.183258
v 4.334949 0.132450 0.031217
v 3.993099 0.280136 -0.403772
v 3.647042 0.050385 0.191310
v 3.644797 0.053694 0.189689
v 4.128075 0.227457 0.487847
v 4.024158 0.432246 -0.288289
v 4.301717 0.094532 -0.003623
v 4.006734 0.227965 -0.408049
v 4.003893 0.228616 -0.404726
v 3.705873 0.014769 0.198108
v 4.077487 0.030336 0.372368
v 4.186563 0.427231 0.252978
v 3.865727 0.320695 -0.359115
v 4.230563 0.194572 0.487385
v 4.269568 0.021977 0.126468
v 3.703680 0.062290 0.276797
v 4.195735 0.289737 0.430733
v 4.144249 0.053309 -0.448426
v 4.136416 0.453578 -0.203477
v 3.721119 0.198778 0.298149
v 4.353404 0.151911 -0.286523
v 4.351431 0.151831 -0.290426
v 4.352665 0.156289 -0.286283
v 4.066514 0.176220 -0.475842
v 4.066653 0.172205 -0.477146
v 4.080522 0.212133 0.451456
v 4.159580 0.472842 -0.154308
v 4.139475 0.062945 -0.456954
v 4.227036 0.277873 0.373796
v 4.226452 0.277623 0.370372
v 4.209385 0.271597 0.455012
v 4.205246 0.273124 0.455692
v 4.191431 0.337987 0.398494
v 4.249306 0.441681 0.009826
v 3.651006 0.030686 0.147162
v 3.676001 0.030992 0.045718
v 3.678580 0.027326 0.049934
v 4.236352 0.461274 0.025991
v 4.237919 0.191736 0.470251
v 3.827507 0.007579 0.272369
v 4.164415 0.063002 0.463137
v 4.327479 0.144469 -0.336753
v 3.979783 0.109063 -0.410161
v 4.349864 0.281600 -0.224467
v 3.711844 0.048343 0.274298
v 4.250985 0.357353 -0.171416
v 4.247583 0.360249 -0.172094
v 4.097895 0.125520 0.424904
v 4.209255 0.267134 0.462929
v 4.333141 0.192925 0.243037
v 3.727977 0.372749 0.142880
v 3.725533 0.370949 0.137452
v 4.248371 0.398708 0.054385
v 4.108467 0.088403 -0.487548
v 4.112112 0.083705 -0.488961
v 4.227257 0.425145 -0.129104
v 3.887099 0.247688 0.387067
v 3.891374 0.247613 0.385973
v 4.009088 0.341254 -0.390772
v 3.670804 0.208557 -0.309213
v 4.190116 0.107626 -0.472263
v 3.714112 0.060503 -0.340072
v 3.902526 0.435256 -0.270786
v 4.368052 0.084632 -0.209008
v 3.986862 0.199443 -0.406396
v 4.338285 0.024539 -0.062561
v 4.339391 0.028682 -0.062735
v 3.932731 0.057004 0.392391
v 4.061325 0.438030 -0.229205
v 4.060484 0.436744 -0.233259
v 4.056308 0.436768 -0.232453
v 4.057158 0.437962 -0.228365
v 4.067760 0.110737 0.415831
v 4.071751 0.110122 0.417238
v 3.669428 0.292620 -0.211189
v 4.167013 0.074270 0.470996
v 4.073714 0.327176 0.427775
v 4.211565 0.061648 0.456980
v 4.300642 0.279758 -0.153578
v 4.301509 0.284119 -0.153452
v 3.853147 0.438539 -0.242529
v 3.852330 0.435602 -0.245695
v 4.142917 0.161095 -0.487793
v 3.804965 0.431645 0.162034
v 4.340580 0.022123 -0.144939
v 4.130963 0.107547 0.459150
v 4.304166 0.252191 0.307989
v 4.109416 0.151994 0.466460
v 4.111647 0.151855 0.470076
v 4.287378 0.311109 -0.265925
v 4.284743 0.039711 0.224502
v 4.284224 0.040394 0.220226
v 4.287201 0.043575 0.220515
v 3.889282 0.067513 0.355449
v 3.889300 0.071701 0.356397
v 4.257120 0.350541 -0.223500
v 3.750841 0.395811 0.194415
v 3.749949 0.393832 0.189107
v 4.113029 0.136331 0.442663
v 4.116803 0.132213 0.444918
v 3.924364 0.049112 0.387760
v 3.927947 0.053074 0.390384
v 3.924251 0.053551 0.388873
v 4.025899 0.280033 -0.417161
v 4.060808 0.081743 0.388648
v 3.851590 0.432569 -0.248784
v 3.850862 0.429611 -0.251949
v 3.847640 0.432020 -0.247277
v 4.270450 0.352389 0.160273
v 4.273138 0.353442 0.157016
v 4.047885 0.309789 -0.406862
v 3.693563 0.317891 -0.205225
v 3.656248 0.025637 0.153500
v 4.281325 0.264703 0.305323
v 4.280229 0.263811 0.309916
v 4.285399 0.263048 0.305626
v 3.899065 0.285550 0.373084
v 3.969266 0.425635 0.326348
v 4.206519 0.373255 0.341591
v 4.233653 0.262658 0.359220
v 4.167038 0.468709 -0.150476
v 4.170222 0.465890 -0.150534
v 4.156524 0.184310 -0.466020
v 4.266244 0.394494 0.024464
v 4.210763 0.368833 0.348686
v 4.210433 0.364777 0.348905
v 4.330551 0.198411 0.259980
v 4.240697 0.400402 0.122458
v 4.236195 0.401123 0.121624
v 4.214172 0.042371 -0.435205
v 3.647886 0.183013 0.263586
v 3.646157 0.181562 0.259791
v 4.196815 0.450084 -0.137433
v 4.195625 0.448990 -0.141687
v 4.193550 0.452878 -0.137416
v 4.360831 0.104072 -0.262184
v 4.060335 0.358246 0.416625
v 4.055976 0.358586 0.415827
v 3.963433 0.077135 0.403971
v 4.230573 0.416264 -0.161219
v 4.165763 0.082146 0.474588
v 4.170084 0.077814 0.475369
v 4.169861 0.082371 0.475866
v 4.252999 0.377443 -0.218203
v 4.253566 0.376265 -0.222640
v 4.250435 0.381167 -0.219473
v 4.005630 0.168338 -0.411561
v 3.839260 0.349636 -0.319746
v 4.189282 0.296636 0.430431
v 3.661964 0.275797 -0.220089
v 3.660314 0.271690 -0.219072
v 4.240191 0.406686 -0.168287
v 3.747554 0.387954 0.061316
v 3.747826 0.388544 0.057000
v 3.744672 0.385473 0.056529
v 4.149324 0.337318 -0.394904
v 4.205375 0.239607 0.498768
v 4.319881 0.165952 -0.005424
v 3.843007 0.028478 0.302023
v 4.327701 0.140080 -0.336925
v 4.353750 0.182516 -0.272437
v 3.733769 0.344923 0.260899
v 3.680137 0.044800 0.232905
v 4.288715 0.353299 0.007729
v 4.288794 0.352268 0.003386
v 4.285884 0.354999 0.002777
v 4.285739 0.356041 0.007093
v 4.258168 0.409971 0.051330
v 4.258541 0.414192 0.050854
v 4.259778 0.108429 0.414906
v 4.046998 0.226177 -0.447942
v 4.012477 0.215506 0.405961
v 4.012723 0.211211 0.405375
v 3.749992 0.390015 0.070340
v 4.291341 0.256766 0.335904
v 4.223795 0.210051 0.492538
v 4.224223 0.210605 0.487972
v 4.170431 0.116998 -0.477447
v 4.169738 0.113371 -0.476092
v 4.076027 0.105100 0.418085
v 4.269630 0.271032 0.241847
v 4.069546 0.110520 -0.479745
v 3.841094 0.263959 -0.394094
v 4.024995 0.433163 -0.284048
v 4.304935 0.037764 -0.045673
v 4.103317 0.482666 -0.166820
v 4.107461 0.482829 -0.167977
v 4.162717 0.498532 -0.087208
v 4.250028 0.101341 -0.478931
v 4.018259 0.142632 -0.440763
v 4.061641 0.366519 0.413678
v 3.928349 0.396417 -0.327166
v 3.688142 0.313112 -0.211714
v 4.297850 0.253447 -0.147778
v 4.242254 0.391866 0.083675
v 4.246666 0.391339 0.084417
v 4.135913 0.038838 0.446670
v 4.342899 0.054069 -0.063039
v 3.932948 0.097043 -0.396154
v 4.249421 0.266712 0.263151
v 4.253958 0.022296 0.198186
v 4.257740 0.024424 0.198039
v 4.141472 0.504400 -0.116427
v 4.137633 0.505958 -0.114616
v 4.118719 0.064258 -0.454944
v 4.305396 0.242987 0.363014
v 4.303692 0.238039 0.366854
v 4.305948 0.238596 0.363010
v 3.927338 0.183289 0.381094
v 4.267552 0.343710 -0.168849
v 4.272957 0.372630 -0.030092
v 3.730683 0.344441 0.257903
v 4.051421 0.183875 0.401008
v 3.728981 0.343298 0.254013
v 4.153666 0.391146 0.384862
v 3.726640 0.264590 -0.347437
v 3.726845 0.260329 -0.347950
v 3.647571 0.113096 0.250721
v 4.170834 0.074071 0.472846
v 4.080613 0.099422 -0.478232
v 3.668401 0.047575 -0.039271
v 3.677703 0.236277 -0.315057
v 4.263691 0.348438 -0.182368
v 3.798945 0.102977 0.319941
v 3.643001 0.065028 0.203401
v 3.645178 0.061819 0.205207
v 4.054729 0.167953 0.421821
v 4.054040 0.164580 0.423287
v 4.058922 0.166999 0.421192
v 3.982466 0.156618 -0.411449
v 4.052286 0.308450 -0.405890
v 4.046953 0.305940 -0.408759
v 4.075521 0.488505 -0.072092
v 4.079565 0.489238 -0.073328
v 4.082745 0.113893 -0.491503
v 4.298363 0.260707 0.267674
v 4.271989 0.181797 0.416131
v 4.339361 0.145826 0.107586
v 3.733827 0.212044 0.303631
v 4.248401 0.394966 0.142755
v 3.904177 0.054876 0.368874
v 3.904550 0.050730 0.367550
v 4.266091 0.208636 0.411279
v 3.724300 0.200478 0.300573
v 3.727472 0.202109 0.303073
v 3.984351 0.254009 -0.406499
v 3.965243 0.017427 0.356063
v 3.965503 0.016463 0.351866
v 4.156200 0.093820 0.473320
v 4.271419 0.176478 0.419473
v 4.273185 0.172537 0.419346
v 4.273301 0.177712 0.415696
v 4.357446 0.041734 -0.234608
v 3.697686 0.317800 -0.173018
v 3.696180 0.313929 -0.171938
v 3.997964 0.132391 0.425952
v 3.998784 0.128364 0.425680
v 3.912667 0.048711 -0.385613
v 3.732867 0.399796 -0.068221
v 4.241433 0.400057 0.163311
v 4.006186 0.152908 0.410589
v 4.001904 0.152944 0.409972
v 4.227240 0.162854 0.487701
v 3.998929 0.167184 0.400238
v 4.003464 0.166418 0.399647
v 3.660492 0.260517 -0.248256
v 3.659234 0.256233 -0.247576
v 3.872044 0.427467 -0.267670
v 4.166391 0.497042 -0.088952
v 3.986051 0.020746 0.355428
v 3.986250 0.019047 0.351715
v 3.773091 0.426965 -0.209464
v 4.092378 0.137753 0.422618
v 4.088342 0.141653 0.424713
v 4.153179 0.449278 -0.200107
v 4.154267 0.451601 -0.196532
v 4.255630 0.371869 -0.221114
v 4.336403 0.021022 -0.144963
v 4.026678 0.417494 -0.312086
v 4.110685 0.233086 0.476669
v 4.245899 0.395568 -0.171000
v 3.895858 0.427491 0.296139
v 4.202929 0.283325 0.432048
v 4.199591 0.285708 0.433274
v 4.219433 0.275851 0.413555
v 3.689170 0.316447 0.192009
v 3.656754 0.059689 -0.103206
v 3.660467 0.057412 -0.103305
v 3.654201 0.063566 -0.116117
v 3.730380 0.398329 -0.091825
v 3.694640 0.183237 0.281517
v 4.109560 0.100442 0.442968
v 3.812012 0.283654 -0.371328
v 3.893188 0.050284 0.353460
v 3.929715 0.213691 0.367932
v 4.139816 0.081584 0.458369
v 4.273640 0.192688 0.410099
v 4.274920 0.188534 0.409477
v 4.275838 0.194032 0.406580
v 4.012902 0.310336 -0.407611
v 4.008983 0.310109 -0.405874
v 4.025385 0.192652 -0.442280
v 3.833843 0.426447 0.271536
v 4.129906 0.123745 0.466888
v 4.133740 0.120344 0.467533
v 4.035765 0.149747 0.420833
v 4.254767 0.363777 -0.237661
v 4.252980 0.368664 -0.234186
v 4.254185 0.364858 -0.233018
v 3.726127 0.371875 0.133186
v 4.033072 0.410156 -0.319797
v 4.100554 0.383095 -0.367168
v 3.701245 0.316448 -0.155334
v 3.862835 0.127162 0.342750
v 4.200571 0.456862 -0.113121
v 4.247287 0.408532 0.079854
v 4.320263 0.070742 0.080078
v 4.320537 0.070691 0.075829
v 4.348340 0.203682 -0.266651
v 4.320032 0.313985 -0.226824
v 4.318884 0.311905 -0.230572
v 4.259690 0.042297 0.383483
v 4.245702 0.097179 -0.480804
v 4.249606 0.097128 -0.478399
v 4.177338 0.037563 0.446338
v 3.741401 0.376906 -0.212967
v 3.964612 0.020924 0.364105
v 4.087111 0.122260 0.413227
v 4.296848 0.085618 -0.034779
v 4.250227 0.164848 0.446775
v 3.715569 0.279685 -0.336666
v 4.336503 0.157503 0.154382
v 4.296546 0.344957 0.013848
v 4.113777 0.038629 0.426886
v 4.114936 0.039645 0.432649
v 4.111403 0.040354 0.430020
v 3.844572 0.282858 -0.384406
v 4.122053 0.502321 -0.131637
v 4.070426 0.336040 0.424863
v 4.066108 0.336452 0.424279
v 3.886639 0.072491 0.353064
v 3.772278 0.360812 -0.294405
v 3.771880 0.357965 -0.297581
v 3.785651 0.404126 0.270214
v 4.286483 0.078455 -0.018504
v 4.077952 0.407524 0.391021
v 4.303173 0.328067 -0.170327
v 4.300993 0.331732 -0.170327
v 3.956026 0.040424 -0.376550
v 3.666461 0.052804 -0.253839
v 3.645168 0.148536 0.269132
v 3.741919 0.391565 0.217231
v 3.714616 0.271662 -0.340221
v 4.194056 0.059140 0.466682
v 4.189459 0.058987 0.466510
v 4.194424 0.055483 0.464384
v 3.803657 0.408611 -0.253795
v 3.800076 0.410775 -0.249295
v 4.238205 0.164691 -0.471862
v 4.332869 0.019699 -0.119318
v 3.891453 0.412024 -0.295144
v 3.905786 0.432316 -0.275070
v 3.909992 0.432228 -0.276153
v 4.132002 0.089658 -0.489612
v 3.709782 0.161697 0.312265
v 3.943294 0.019270 0.366343
v 3.847320 0.299289 0.339315
v 4.001058 0.080409 0.391682
v 4.005322 0.081123 0.390963
v 4.322433 0.311573 -0.176391
v 3.961163 0.191915 -0.408925
v 3.965148 0.191715 -0.407879
v 4.078605 0.163424 0.428507
v 4.079481 0.167649 0.427779
v 4.075799 0.168320 0.425661
v 4.267524 0.132516 -0.452273
v 3.690734 0.309566 0.211490
v 3.692356 0.312240 0.209038
v 4.351545 0.045310 -0.256465
v 4.188134 0.070440 0.473278
v 4.069345 0.430946 -0.255986
v 3.715350 0.344610 0.174491
v 3.882098 0.053780 0.340709
v 4.365801 0.091947 -0.244455
v 3.659086 0.238951 -0.290316
v 3.960002 0.179046 -0.409516
v 4.097462 0.375852 -0.371792
v 4.295555 0.348706 0.044133
v 4.298067 0.345437 0.044690
v 4.014156 0.076258 0.383682
v 3.806895 0.280601 -0.373032
v 3.828344 0.026802 0.292819
v 4.252014 0.028326 0.349485
v 4.268703 0.231428 0.401093
v 4.309081 0.033589 0.061607
v 4.309552 0.033502 0.057251
v 4.229971 0.428117 -0.116804
v 3.901383 0.058857 -0.384540
v 3.901826 0.062541 -0.385366
v 3.686073 0.054531 -0.298966
v 3.690114 0.053359 -0.299620
v 4.228043 0.269958 0.375112
v 4.228926 0.269732 0.371028
v 4.121527 0.239382 0.474129
v 4.156558 0.269479 0.444506
v 4.044675 0.201095 0.397030
v 4.271091 0.371926 0.086518
v 4.042073 0.197973 0.391472
v 4.042694 0.193162 0.390697
v 3.639060 0.123467 -0.300396
v 3.942490 0.166123 -0.409874
v 4.150600 0.473978 -0.166261
v 3.649258 0.115396 -0.314679
v 3.653018 0.111294 -0.317269
v 4.181639 0.470327 -0.123071
v 4.273704 0.369243 0.047476
v 4.276815 0.366485 0.048386
v 4.170897 0.137851 -0.477528
v 4.167675 0.138205 -0.480172
v 3.675650 0.023402 0.173576
v 3.671405 0.024422 0.173214
v 3.671512 0.023174 0.169021
v 3.708010 0.301373 0.240098
v 4.353271 0.195481 -0.265498
v 4.354537 0.195028 -0.261655
v 4.278928 0.364400 0.035891
v 3.920657 0.050053 0.385007
v 3.920775 0.045807 0.383400
v 4.261698 0.172628 -0.457602
v 4.258482 0.173232 -0.460312
v 4.265469 0.203085 0.414037
v 4.268241 0.204751 0.411157
v 4.296626 0.345685 0.018150
v 4.293844 0.347971 0.013309
v 4.192981 0.401009 0.361434
v 3.743366 0.227318 0.304626
v 3.667320 0.024281 0.168571
v 3.704267 0.057447 0.273148
v 3.705962 0.058964 0.276942
v 4.255271 0.237096 -0.440225
v 4.148099 0.055591 0.455687
v 3.921939 0.346330 -0.383430
v 3.644115 0.160321 0.264008
v 3.643200 0.154691 0.261840
v 3.836915 0.279397 0.346148
v 3.858554 0.275959 0.371302
v 3.750010 0.394492 0.236740
v 4.005892 0.150024 0.413382
v 4.224996 0.267625 0.341446
v 4.174900 0.333088 0.412329
v 4.312152 0.317155 -0.230975
v 4.312769 0.318802 -0.226961
v 3.913696 0.424473 0.309423
v 4.114441 0.259649 0.454520
v 4.111111 0.263541 0.451279
v 4.110301 0.260463 0.454157
v 4.242417 0.342494 -0.345268
v 3.726889 0.010116 0.217843
v 4.054196 0.113069 -0.464437
v 4.057946 0.108563 -0.466139
v 3.864048 0.437313 -0.250357
v 4.103811 0.412973 0.380511
v 4.296131 0.152420 -0.404166
v 4.175297 0.476247 -0.122162
v 3.646878 0.205697 -0.286166
v 3.646950 0.205078 -0.281887
v 4.054663 0.434144 -0.240562
v 3.656997 0.246155 -0.264991
v 3.657068 0.246207 -0.260634
v 3.930936 0.178563 0.382323
v 4.279107 0.041707 0.338516
v 4.276197 0.038619 0.337631
v 3.801806 0.315105 -0.333317
v 4.274940 0.322789 0.169922
v 4.302615 0.020532 -0.045286
v 4.300548 0.025259 -0.042178
v 3.702189 0.298268 -0.304381
v 4.119121 0.089835 0.456035
v 4.121809 0.085013 0.458446
v 4.088209 0.465932 -0.184521
v 4.087560 0.463051 -0.187780
v 4.303817 0.065563 -0.043684
v 3.672700 0.048516 0.228097
v 3.904858 0.429491 -0.278314
v 4.236506 0.387747 -0.238371
v 3.974820 0.130729 0.419211
v 3.978354 0.126944 0.422128
v 4.361695 0.091318 -0.144225
v 4.362905 0.091099 -0.148424
v 3.672647 0.243970 -0.307442
v 3.675117 0.239933 -0.311288
v 3.672193 0.239553 -0.308072
v 4.333586 0.043441 -0.271836
v 4.237695 0.410920 -0.155767
v 4.161749 0.163172 -0.477433
v 4.158746 0.163901 -0.480018
v 4.070263 0.198017 0.428195
v 3.964144 0.174660 -0.411043
v 4.212879 0.318079 0.374084
v 3.862646 0.131303 0.343677
v 4.081727 0.158501 0.430479
v 4.082453 0.162776 0.430316
v 4.168372 0.416251 0.356128
v 4.168036 0.417835 0.352350
v 4.219946 0.391110 0.237431
v 4.054306 0.404924 -0.322576
v 4.053148 0.402337 -0.325944
v 4.259003 0.381632 0.056083
v 3.844467 0.417885 -0.263923
v 3.920933 0.046739 -0.387594
v 4.080824 0.145978 0.426140
v 4.228994 0.459387 0.086871
v 4.060197 0.112097 -0.470634
v 4.266045 0.188309 0.419651
v 4.042682 0.411139 -0.317720
v 4.041561 0.408417 -0.321047
v 4.071818 0.049244 -0.416025
v 4.112761 0.042248 0.441324
v 4.112304 0.041226 0.435778
v 4.115705 0.040630 0.438284
v 3.647428 0.171465 0.268015
v 4.305271 0.222148 -0.019061
v 4.298454 0.056120 -0.329755
v 4.042227 0.122593 0.417993
v 4.286861 0.023531 -0.007888
v 4.281292 0.045584 0.352601
v 3.823139 0.409455 -0.263781
v 4.045741 0.188405 0.394265
v 4.046743 0.192834 0.393023
v 3.885437 0.282969 0.373554
v 4.335293 0.128152 -0.022907
v 3.713256 0.361275 0.107376
v 3.833810 0.239178 0.369495
v 3.912723 0.176334 0.380629
v 3.908951 0.176465 0.378246
v 4.264369 0.346782 -0.169334
v 4.261572 0.350567 -0.169825
v 4.263536 0.346834 -0.165094
v 3.995364 0.017700 0.344780
v 4.310923 0.244163 0.350807
v 4.257601 0.385447 0.022205
v 4.260549 0.388692 0.023020
v 4.323285 0.093733 -0.042888
v 4.326583 0.092747 -0.045557
v 4.343258 0.127145 0.069564
v 3.919628 0.364625 -0.362321
v 3.922369 0.362905 -0.367801
v 4.192732 0.278991 0.448973
v 4.335490 0.124037 -0.022521
v 4.316691 0.098339 0.016793
v 4.315201 0.099162 0.012702
v 4.266760 0.032439 0.146960
v 3.826240 0.037499 0.298786
v 4.159921 0.196448 -0.453568
v 4.207681 0.359580 -0.334013
v 4.208564 0.361431 -0.331001
v 4.254730 0.429036 -0.015242
v 4.208605 0.331411 0.357579
v 4.247884 0.144062 -0.473819
v 4.245019 0.407511 -0.103240
v 4.244589 0.407128 -0.107465
v 4.243348 0.411323 -0.107903
v 4.328325 0.312227 -0.214006
v 4.116160 0.365938 -0.378856
v 3.824250 0.026217 0.292507
v 4.130603 0.047114 0.454231
v 4.259737 0.352173 -0.235883
v 3.657152 0.058309 -0.053726
v 3.663939 0.281343 -0.212342
v 3.664967 0.281639 -0.208001
v 4.286143 0.354137 0.103882
v 4.360707 0.112787 -0.262734
v 3.805309 0.416933 -0.243628
v 4.183639 0.120380 -0.476836
v 3.656290 0.063816 -0.133317
v 4.268031 0.380101 0.004394
v 4.249742 0.184605 -0.466111
v 3.665804 0.285741 -0.208883
v 3.667494 0.286046 -0.204719
v 4.291897 0.302553 -0.273634
v 4.206517 0.060444 0.462538
v 4.209265 0.061108 0.459866
v 4.094496 0.096411 0.433054
v 4.093408 0.092170 0.433124
v 3.967519 0.031130 0.373576
v 3.644335 0.086135 -0.164737
v 4.016533 0.211265 0.407344
v 4.268759 0.328900 0.173261
v 3.919143 0.304271 0.368401
v 3.923463 0.304006 0.369165
v 3.756514 0.010675 0.255186
v 3.752817 0.010075 0.250476
v 3.756943 0.009286 0.251052
v 4.131359 0.491993 -0.144130
v 4.130303 0.489561 -0.147333
v 3.662337 0.054126 -0.254237
v 4.119532 0.127329 0.447756
v 4.276432 0.351597 -0.073650
v 4.061316 0.398906 -0.326490
v 4.032136 0.158284 0.413246
v 4.036271 0.162636 0.412461
v 4.274363 0.368841 -0.025242
v 3.780448 0.058582 -0.361574
v 4.001210 0.143858 0.418555
v 4.029383 0.155398 -0.452392
v 4.226648 0.471264 0.018628
v 4.167334 0.445793 0.194388
v 4.045935 0.105860 -0.452574
v 4.145192 0.095966 -0.483600
v 4.146653 0.099494 -0.485417
v 3.664137 0.139397 0.292097
v 4.208738 0.309415 0.361566
v 3.838806 0.007963 0.257156
v 3.844401 0.009743 0.258306
v 3.647027 0.044787 0.179504
v 3.649164 0.041307 0.181040
v 3.950904 0.217688 -0.414659
v 3.951100 0.221946 -0.414371
v 4.228012 0.265589 0.354632
v 4.228152 0.265112 0.350276
v 4.225445 0.267735 0.350186
v 4.352547 0.215967 -0.249946
v 3.926751 0.377237 -0.351559
v 3.930762 0.377828 -0.353249
v 3.711924 0.182605 0.298304
v 3.711855 0.186183 0.295732
v 4.097040 0.089794 -0.483009
v 4.053854 0.431712 -0.271048
v 4.256876 0.108117 0.417258
v 3.915609 0.205801 -0.415488
v 4.335715 0.022086 -0.187982
v 3.832616 0.301302 -0.362413
v 4.088375 0.030283 0.378707
v 3.710100 0.056748 0.280915
v 3.992809 0.258860 -0.405506
v 4.237005 0.297433 -0.394409
v 4.048357 0.200420 0.399926
v 3.643399 0.096065 0.230811
v 3.646234 0.093077 0.232199
v 4.243054 0.390398 0.064116
v 4.256089 0.267768 0.256042
v 4.251945 0.268412 0.254910
v 4.088787 0.259314 0.453005
v 4.084930 0.259274 0.451246
v 4.257175 0.354620 -0.101463
v 4.197600 0.430723 0.200813
v 4.356713 0.138658 -0.277876
v 4.152483 0.184716 -0.467239
v 3.852543 0.415947 -0.270271
v 4.261131 0.251639 0.397253
v 4.263910 0.252486 0.394213
v 4.271806 0.250828 0.390143
v 4.068034 0.430044 -0.264452
v 4.285932 0.065013 -0.009191
v 4.215007 0.031373 0.405503
v 4.183946 0.271246 0.452179
v 4.356902 0.110225 -0.110038
v 4.306815 0.046985 -0.300759
v 4.309377 0.050521 -0.301678
v 4.347746 0.106815 -0.058868
v 4.280720 0.212453 0.395116
v 4.279254 0.216783 0.395875
v 3.721494 0.325883 0.244108
v 3.645135 0.062436 -0.237497
v 4.062900 0.345266 0.421232
v 4.204022 0.125560 0.486179
v 4.017704 0.187278 0.387455
v 3.912982 0.275146 0.373364
v 3.639958 0.158778 -0.298703
v 4.127207 0.122251 -0.498190
v 4.127189 0.126547 -0.498500
v 4.131518 0.126782 -0.497560
v 3.908999 0.172103 0.377956
v 3.912455 0.171919 0.380586
v 3.781082 0.020192 0.291632
v 3.715746 0.042263 0.276643
v 3.659794 0.091308 -0.312404
v 4.051908 0.476666 -0.029421
v 4.052588 0.475960 -0.026518
v 4.062238 0.091041 0.398374
v 4.066142 0.090409 0.399968
v 3.642220 0.065681 -0.237551
v 4.288410 0.022649 -0.024946
v 4.289653 0.026740 -0.024930
v 3.942497 0.021478 0.370065
v 4.356719 0.142587 -0.136041
v 4.359143 0.142532 -0.139545
v 3.920444 0.367611 -0.359198
v 3.710974 0.158271 0.314330
v 3.857612 0.312257 0.337856
v 3.963884 0.103389 0.418740
v 4.031077 0.292442 -0.415961
v 4.340750 0.025026 -0.114595
v 4.339385 0.120955 -0.047982
v 4.070679 0.168488 -0.480093
v 4.339395 0.141548 0.107926
v 4.187776 0.268891 0.456321
v 3.765174 0.394063 -0.253414
v 4.350146 0.293842 -0.199812
v 4.053745 0.194297 -0.463644
v 4.288200 0.312575 -0.261920
v 4.290698 0.308398 -0.265678
v 4.246655 0.181724 0.460966
v 4.077409 0.250501 0.447593
v 4.162987 0.102440 -0.472131
v 4.167048 0.102302 -0.470561
v 3.973788 0.202238 0.380569
v 3.882293 0.422977 -0.278504
v 3.836128 0.259623 0.363499
v 4.073866 0.084451 -0.462177
v 4.075151 0.080346 -0.459283
v 3.959647 0.191478 0.378983
v 3.956550 0.195317 0.374952
v 3.955216 0.192544 0.379181
v 4.216773 0.476874 0.003322
v 3.958123 0.133872 0.406936
v 4.034645 0.173571 -0.456427
v 4.205266 0.459963 0.134949
v 4.182291 0.465701 -0.131390
v 4.253839 0.187835 -0.463127
v 4.057904 0.194909 -0.465232
v 3.957104 0.207195 0.376218
v 3.976825 0.471277 0.022009
v 3.976843 0.470604 0.026338
v 4.225004 0.423326 -0.145577
v 3.870409 0.442567 -0.244977
v 3.869083 0.440452 -0.248570
v 4.252699 0.289945 -0.390505
v 4.249323 0.292623 -0.390845
v 3.758570 0.356706 -0.300174
v 4.085604 0.229160 0.458950
v 4.186453 0.327101 0.410484
v 4.190166 0.324867 0.409724
v 4.270050 0.221699 0.403090
v 3.973130 0.156930 -0.409162
v 3.977642 0.156803 -0.410838
v 3.854308 0.301723 0.344898
v 4.269949 0.065049 -0.419379
v 4.229200 0.469160 0.009361
v 4.233222 0.411593 -0.173479
v 3.764252 0.206761 0.337745
v 4.180871 0.482008 -0.095944
v 4.177149 0.448043 0.188258
v 4.078815 0.079126 -0.461404
v 4.054259 0.047643 -0.402975
v 4.055753 0.045203 -0.399680
v 4.289616 0.152974 -0.420203
v 4.250484 0.386771 -0.198311
v 4.249101 0.390789 -0.199447
v 3.863094 0.026766 0.309610
v 3.723072 0.327371 0.248025
v 3.723878 0.331146 0.246164
v 3.711946 0.335421 0.189494
v 3.732195 0.351574 -0.303707
v 3.804720 0.303962 -0.345310
v 4.267416 0.398457 0.023976
v 4.314702 0.243390 0.337673
v 4.255976 0.029263 0.351094
v 3.664446 0.049291 -0.038593
v 4.246536 0.447014 0.034455
v 4.248682 0.443314 0.034538
v 3.686347 0.262231 -0.316044
v 3.685534 0.258283 -0.317450
v 3.703007 0.276413 -0.325446
v 4.263931 0.029120 0.146511
v 4.262345 0.029989 0.150362
v 4.038016 0.162192 0.418692
v 3.961870 0.255229 -0.409097
v 3.961999 0.250904 -0.409568
v 4.234375 0.186930 0.487136
v 4.235264 0.182694 0.486743
v 4.236173 0.187749 0.483176
v 3.827372 0.280530 -0.380525
v 4.076604 0.314128 0.431838
v 4.072209 0.314486 0.430964
v 3.711525 0.039304 0.264518
v 4.270432 0.372550 0.028724
v 4.269731 0.373279 0.032893
v 4.030005 0.402085 -0.329899
v 4.031003 0.404819 -0.326590
v 3.637571 0.072999 -0.237282
v 4.295939 0.156523 -0.404191
v 4.342713 0.303268 -0.205246
v 3.890993 0.437986 -0.264082
v 4.349806 0.115006 -0.071765
v 4.351827 0.110443 -0.075711
v 3.962986 0.111851 -0.404753
v 3.798414 0.325117 -0.323934
v 3.798134 0.322203 -0.327224
v 4.343390 0.135810 0.064661
v 4.343223 0.140123 0.064418
v 4.326410 0.289342 -0.253608
v 4.226204 0.272713 0.397757
v 4.284522 0.025667 -0.281618
v 4.288304 0.026774 -0.283491
v 4.260374 0.403141 0.039529
v 4.260339 0.407746 0.038692
v 4.011262 0.400229 -0.334677
v 3.947010 0.139940 0.401115
v 4.316417 0.298768 -0.253937
v 4.314726 0.296779 -0.257389
v 4.196702 0.272737 0.454899
v 4.201065 0.276058 0.452104
v 4.287236 0.058753 0.170607
v 4.286802 0.078261 -0.013775
v 4.294606 0.210766 0.373249
v 4.221199 0.475509 0.002356
v 3.677602 0.121147 0.299636
v 3.942587 0.201809 0.365634
v 3.937908 0.197279 0.366627
v 3.740529 0.011189 0.244850
v 4.191342 0.450832 -0.146117
v 4.289342 0.086820 -0.018075
v 4.139874 0.066403 -0.459578
v 4.140259 0.069954 -0.462045
v 3.725126 0.332540 0.249939
v 4.346563 0.303064 -0.175690
v 4.162155 0.054613 -0.447770
v 3.749769 0.199990 0.331410
v 4.090887 0.127102 0.414229
v 4.088034 0.119465 0.418226
v 4.161480 0.475640 -0.146403
v 4.160495 0.474240 -0.150356
v 4.240798 0.265822 0.283609
v 4.271113 0.355539 -0.051151
v 4.023648 0.154135 -0.445899
v 3.942969 0.079729 0.402449
v 3.904945 0.337821 -0.379900
v 4.335830 0.179106 0.209255
v 4.335645 0.183373 0.208797
v 4.368663 0.098780 -0.183350
v 4.231692 0.185791 0.490456
v 4.360311 0.113201 -0.136834
v 4.335222 0.306778 -0.213891
v 4.234120 0.267202 0.299979
v 3.691019 0.297892 0.226654
v 3.687858 0.297206 0.223757
v 4.262550 0.176697 0.429830
v 3.824803 0.264317 -0.387255
v 3.731067 0.375415 0.144064
v 4.216528 0.239647 0.466589
v 3.977406 0.021354 0.359659
v 3.977590 0.019296 0.355857
v 4.352667 0.143110 -0.290857
v 4.224679 0.055048 -0.448270
v 4.221535 0.058454 -0.452407
v 4.202560 0.034873 0.440383
v 4.076807 0.130245 0.420431
v 4.080291 0.134890 0.419942
v 4.112945 0.208347 0.486888
v 4.109235 0.208097 0.484448
v 3.920632 0.171328 0.383946
v 3.752428 0.393704 0.242445
v 3.749179 0.391966 0.240031
v 4.084815 0.138290 0.421416
v 4.084031 0.135899 0.417611
v 4.205728 0.412214 0.190833
v 4.206617 0.412411 0.195271
v 4.254427 0.029268 0.355133
v 4.258238 0.030658 0.356796
v 3.987458 0.113947 -0.413322
v 4.046109 0.079491 -0.431598
v 3.769976 0.426413 -0.204113
v 3.758687 0.421957 -0.128012
v 3.813407 0.075968 0.312736
v 3.640920 0.080332 -0.263022
v 4.239015 0.252413 0.407691
v 3.640134 0.137069 -0.304756
v 3.643045 0.137211 -0.307999
v 4.260632 0.351450 -0.239669
v 4.125417 0.109248 0.445793
v 4.078766 0.161108 -0.486075
v 4.280002 0.364148 0.071196
v 4.258279 0.382055 0.078532
v 3.742872 0.383703 0.154188
v 4.020859 0.147351 -0.443555
v 4.063231 0.035118 0.371907
v 3.867680 0.022642 0.309487
v 3.863614 0.022822 0.307737
v 4.276889 0.199602 0.403902
v 4.074935 0.431591 -0.248235
v 4.230872 0.416781 -0.156956
v 4.055616 0.170748 0.419205
v 4.240649 0.263798 0.312698
v 4.236345 0.264712 0.312621
v 4.355285 0.169272 -0.273367
v 4.354092 0.169411 -0.277590
v 4.094585 0.129886 0.417869
v 4.300316 0.089645 0.003624
v 4.303077 0.092486 0.003918
v 4.265507 0.178155 0.426900
v 3.891913 0.059848 -0.377368
v 3.892307 0.056092 -0.375402
v 3.638310 0.078103 -0.245673
v 3.639040 0.073921 -0.246148
v 4.295720 0.091359 -0.008258
v 4.298117 0.091998 -0.003925
v 4.175241 0.443144 0.194466
v 4.171404 0.444882 0.194695
v 4.174398 0.440732 0.197802
v 3.914220 0.372089 -0.349277
v 3.993860 0.201734 0.390914
v 4.347834 0.292376 -0.212834
v 3.966992 0.112266 -0.406318
v 4.212195 0.279224 0.421988
v 4.212663 0.280749 0.418281
v 4.126840 0.139545 -0.497715
v 4.127019 0.135223 -0.498387
v 4.363932 0.103981 -0.148891
v 4.365107 0.103816 -0.153117
v 3.906307 0.210012 0.375145
v 3.910058 0.204989 0.372143
v 4.301845 0.055860 -0.321761
v 3.801154 0.416273 -0.242483
v 4.025845 0.191054 0.386127
v 4.021940 0.191038 0.385994
v 4.211454 0.356659 0.354525
v 4.210185 0.356517 0.350286
v 4.230402 0.266439 0.328876
v 3.683592 0.028440 0.037063
v 3.679696 0.030185 0.036866
v 4.162367 0.491706 -0.110428
v 4.240766 0.189266 0.470717
v 4.250121 0.329613 -0.355151
v 4.088220 0.224851 0.462515
v 4.239980 0.194282 0.440164
v 4.240534 0.194278 0.435889
v 4.210085 0.322822 0.366125
v 4.209043 0.322779 0.361983
v 4.317291 0.091684 -0.041802
v 4.162834 0.112744 -0.481247
v 3.785376 0.019773 0.292705
v 3.861498 0.011741 0.287986
v 3.863168 0.011187 0.284072
v 3.844695 0.259651 -0.396771
v 3.844442 0.255324 -0.397234
v 4.304719 0.283493 -0.156128
v 3.943418 0.140001 0.398750
v 3.772583 0.219185 0.341185
v 4.010508 0.137667 0.425702
v 4.010796 0.134481 0.425462
v 4.343757 0.157764 -0.132236
v 3.903510 0.438088 -0.267567
v 4.108428 0.109857 0.440214
v 4.305606 0.055317 -0.313930
v 4.308180 0.058732 -0.314883
v 4.057239 0.366975 0.412951
v 3.712805 0.282857 -0.332183
v 3.693558 0.086554 0.285591
v 3.837157 0.023295 0.292901
v 3.856204 0.055863 0.318594
v 4.241718 0.403247 -0.146083
v 4.240229 0.407464 -0.146422
v 3.905915 0.201773 0.374527
v 3.902629 0.201724 0.377348
v 3.902093 0.197732 0.376316
v 3.955039 0.138527 0.403691
v 3.954215 0.134402 0.405142
v 4.238770 0.407034 0.100298
v 4.281763 0.346902 -0.044066
v 3.949808 0.200722 -0.412311
v 4.310362 0.211461 -0.010520
v 4.341213 0.140935 0.094962
v 4.174498 0.493988 -0.068628
v 3.967618 0.108098 -0.405737
v 3.963686 0.107756 -0.404065
v 3.893421 0.129542 0.361770
v 3.893656 0.133924 0.362145
v 4.257924 0.168991 -0.460801
v 4.299926 0.319764 -0.239174
v 3.864372 0.246417 -0.406610
v 3.751761 0.417637 -0.123192
v 4.011763 0.414947 -0.317897
v 3.702159 0.320606 -0.156170
v 3.833103 0.243356 0.368863
v 4.173450 0.463128 -0.150591
v 3.744619 0.394071 0.219559
v 4.069668 0.135719 0.421737
v 4.068729 0.131410 0.420755
v 4.189212 0.489696 -0.055860
v 4.185121 0.490202 -0.054115
v 3.919576 0.190997 0.375935
v 3.915215 0.193053 0.376372
v 3.914579 0.188577 0.377023
v 3.919095 0.187692 0.377540
v 4.255355 0.252463 0.398954
v 4.258299 0.250283 0.400471
v 4.103675 0.408005 0.387418
v 3.884919 0.279050 0.375141
v 3.855280 0.135682 0.340297
v 4.287346 0.334491 -0.167041
v 3.887021 0.239106 0.387158
v 3.891396 0.239268 0.386702
v 4.120548 0.069878 -0.467349
v 4.124835 0.068897 -0.468347
v 4.125384 0.066436 -0.464809
v 3.684297 0.043698 0.236796
v 3.910622 0.197750 0.375617
v 3.909597 0.200994 0.372639
v 4.297935 0.093214 -0.008072
v 4.122920 0.121942 -0.499178
v 4.122968 0.117606 -0.498848
v 3.947682 0.041916 -0.381165
v 4.184948 0.334820 0.405212
v 4.183750 0.332003 0.408154
v 4.188543 0.332359 0.404195
v 3.844749 0.010105 0.206725
v 3.840912 0.009666 0.201942
v 3.845073 0.010633 0.202440
v 4.333218 0.296104 -0.233874
v 4.331915 0.294727 -0.237855
v 4.279974 0.041125 0.316100
v 4.240117 0.378900 -0.262941
v 4.117403 0.460299 0.073029
v 3.764704 0.391190 -0.256594
v 4.051308 0.047792 0.367749
v 3.744614 0.192339 0.329212
v 3.898865 0.423837 -0.283670
v 4.274133 0.183108 0.412564
v 4.274048 0.370715 -0.004465
v 4.123413 0.245496 0.468200
v 4.091816 0.411147 -0.289136
v 3.795478 0.303261 -0.347191
v 3.790575 0.301298 -0.350179
v 3.964132 0.161531 -0.410096
v 4.048250 0.296442 -0.408967
v 4.047318 0.292752 -0.410896
v 4.043212 0.293708 -0.410913
v 4.239997 0.337627 -0.352218
v 4.238709 0.335066 -0.355602
v 4.176609 0.325429 0.417635
v 4.246974 0.367245 -0.123997
v 4.247746 0.363219 -0.123648
v 4.246405 0.362706 -0.127828
v 4.244613 0.366680 -0.127906
v 4.263481 0.362474 -0.062928
v 4.101194 0.071157 -0.472509
v 4.099861 0.073796 -0.475737
v 4.104050 0.073516 -0.477589
v 4.074638 0.160731 -0.484662
v 4.159447 0.499557 -0.095303
v 4.111453 0.190877 0.481793
v 3.738855 0.370852 -0.253683
v 3.858793 0.294398 -0.382699
v 3.896527 0.204923 0.383781
v 3.892212 0.204467 0.384236
v 3.726344 0.389189 -0.025468
v 4.356549 0.114566 -0.110066
v 4.150523 0.502895 -0.105842
v 4.280443 0.321300 0.166689
v 4.282712 0.317722 0.166974
v 4.198811 0.055837 0.463686
v 3.989423 0.048119 -0.378700
v 3.933334 0.195503 0.370074
v 3.799762 0.302017 -0.347620
v 4.185413 0.462701 -0.131798
v 4.083890 0.039317 0.386941
v 4.204947 0.275067 0.451690
v 3.672368 0.052747 -0.266453
v 3.668482 0.054076 -0.266790
v 4.091148 0.064639 -0.454057
v 4.089313 0.067152 -0.457834
v 4.092695 0.066890 -0.459884
v 4.214880 0.345605 0.373194
v 3.897142 0.340891 -0.366933
v 4.213588 0.243775 0.485343
v 4.164211 0.125649 -0.483604
v 3.870488 0.247285 0.383299
v 4.189309 0.235169 0.498571
v 4.265075 0.132787 -0.455794
v 4.018265 0.053226 -0.389325
v 4.022403 0.053204 -0.390493
v 3.982228 0.131648 0.421514
v 3.920028 0.338827 -0.388253
v 3.710688 0.312617 0.234047
v 4.237948 0.262110 0.359643
v 3.914063 0.184378 0.377844
v 3.650481 0.138853 0.277209
v 4.248997 0.392756 -0.190836
v 4.252660 0.356562 -0.179750
v 4.250159 0.359168 -0.184510
v 4.249329 0.359451 -0.180430
v 4.024057 0.371888 -0.371820
v 3.838526 0.006068 0.227550
v 3.820212 0.283901 -0.374324
v 3.821268 0.286932 -0.370992
v 4.184616 0.443773 0.192667
v 4.246644 0.385510 -0.179642
v 3.674663 0.038216 -0.002418
v 3.917974 0.077662 -0.391801
v 3.917069 0.081855 -0.390173
v 3.913552 0.207215 0.369709
v 4.337407 0.151080 0.124523
v 3.650431 0.124732 0.263965
v 4.091110 0.069527 -0.463386
v 3.689698 0.054400 -0.303819
v 3.693416 0.053392 -0.304445
v 4.125218 0.218637 0.490304
v 4.351662 0.030414 -0.170241
v 3.983013 0.117983 -0.411816
v 3.979228 0.113348 -0.410646
v 4.335069 0.136878 0.030906
v 4.242904 0.189549 0.462273
v 4.245706 0.186075 0.462128
v 4.108538 0.076326 -0.484281
v 4.107947 0.079417 -0.486931
v 4.058743 0.200159 0.415191
v 4.116722 0.413859 0.376156
v 3.840282 0.280537 0.348750
v 3.740059 0.361345 -0.289742
v 3.744031 0.362151 -0.290963
v 4.287503 0.320178 0.159506
v 3.955472 0.221103 0.385857
v 4.139565 0.086028 0.458961
v 4.143989 0.081537 0.459294
v 3.675354 0.119570 0.290991
v 4.056779 0.195362 0.403381
v 4.060018 0.190433 0.405739
v 4.001827 0.384886 -0.353812
v 4.271707 0.370457 0.003142
v 4.269625 0.373835 0.001867
v 4.072901 0.058951 -0.433317
v 4.076643 0.058621 -0.435380
v 4.074385 0.056337 -0.430122
v 4.015057 0.411239 -0.321496
v 4.207895 0.278470 0.434428
v 3.680019 0.070067 -0.318317
v 3.889693 0.420650 -0.284389
v 3.884687 0.417594 -0.286361
v 3.885509 0.420529 -0.283181
v 4.271737 0.371433 0.082250
v 4.269412 0.359236 -0.050928
v 4.267847 0.358756 -0.054975
v 4.041683 0.303115 -0.410824
v 4.042728 0.307170 -0.409568
v 4.254036 0.156900 -0.466134
v 4.254017 0.152428 -0.466894
v 4.233621 0.263012 0.367833
v 4.266828 0.343850 -0.164581
v 3.647189 0.052489 0.195130
v 4.233464 0.397112 0.108866
v 3.651271 0.061444 -0.183648
v 4.273083 0.341868 -0.191361
v 4.333376 0.188831 0.243431
v 4.348950 0.274080 -0.236321
v 3.653789 0.226915 0.245659
v 3.655412 0.228164 0.249437
v 3.844658 0.011838 0.271289
v 4.274858 0.243846 0.393309
v 4.251573 0.402312 0.054909
v 4.254293 0.410617 0.063650
v 4.254094 0.414946 0.063207
v 4.345513 0.089503 -0.051871
v 4.080902 0.456134 -0.197783
v 4.076743 0.455516 -0.196605
v 4.244715 0.236107 0.410223
v 3.868570 0.019077 0.307137
v 4.005060 0.422063 -0.310772
v 3.703526 0.081346 0.297220
v 4.104923 0.042711 0.424608
v 4.152117 0.054111 0.457666
v 4.346934 0.154113 -0.132385
v 4.351933 0.150705 -0.134279
v 4.142451 0.164948 -0.485854
v 4.222646 0.049438 -0.442360
v 4.219294 0.049428 -0.444025
v 3.809218 0.395360 -0.272671
v 3.784652 0.027410 0.296959
v 3.945913 0.205036 -0.414103
v 3.941688 0.205171 -0.414618
v 4.253916 0.177365 0.434795
v 3.872829 0.018650 0.309436
v 4.273364 0.389820 -0.022539
v 4.213151 0.309310 0.373826
v 3.713799 0.011451 0.199551
v 4.366183 0.083238 -0.243989
v 3.890605 0.314855 -0.387739
v 3.889589 0.311335 -0.389988
v 4.347997 0.027431 -0.161886
v 3.805253 0.009804 0.281657
v 4.211768 0.317626 0.378733
v 3.920860 0.425990 -0.285655
v 4.215505 0.250804 0.460394
v 4.215950 0.246474 0.459216
v 3.858602 0.306524 0.345318
v 4.256235 0.196567 -0.461951
v 3.955545 0.170600 -0.408601
v 3.951117 0.170671 -0.408751
v 3.646502 0.115142 -0.311256
v 4.211835 0.312345 0.383101
v 4.037403 0.286762 -0.414093
v 3.905740 0.159362 0.373155
v 3.902122 0.159583 0.370882
v 3.689300 0.308459 -0.183022
v 3.691070 0.312120 -0.184402
v 3.890344 0.286402 0.372208
v 3.906877 0.197434 -0.414144
v 3.659826 0.059850 -0.133213
v 4.039680 0.236929 -0.439555
v 3.739076 0.057221 -0.347411
v 4.119517 0.131579 0.448564
v 4.036561 0.030621 0.359421
v 4.194758 0.095555 0.481194
v 3.845623 0.313710 -0.352944
v 3.844587 0.310664 -0.355925
v 3.645651 0.100861 0.237763
v 4.266643 0.235535 0.401390
v 4.253457 0.306927 -0.374309
v 4.251391 0.312126 -0.371375
v 3.957037 0.156388 0.396646
v 3.959480 0.095976 0.414725
v 4.049984 0.157225 0.424804
v 4.253255 0.369720 -0.229924
v 4.358583 0.170605 -0.152046
v 4.122445 0.126449 0.451325
v 3.973872 0.138104 0.413944
v 4.249739 0.176818 0.442174
v 4.252953 0.172788 0.438919
v 3.725676 0.329302 0.253872
v 3.641968 0.123312 0.245797
v 4.284036 0.329958 -0.219025
v 4.282112 0.241697 0.388379
v 4.283249 0.237591 0.388190
v 4.286403 0.238553 0.385468
v 4.285402 0.242665 0.385869
v 3.738092 0.358306 0.259750
v 4.256248 0.386162 0.104760
v 3.842499 0.032281 0.304002
v 3.657629 0.054299 -0.196774
v 4.359706 0.112606 -0.266927
v 3.941886 0.425620 -0.291380
v 4.313498 0.050210 0.070960
v 4.314146 0.050138 0.066676
v 4.289501 0.157475 -0.420171
v 3.970970 0.250330 -0.408333
v 4.070069 0.321830 -0.391851
v 4.306920 0.024376 -0.047539
v 4.116304 0.083617 -0.489887
v 3.678089 0.273887 0.231937
v 4.059448 0.194445 0.407094
v 4.057612 0.197682 0.409465
v 4.098724 0.112378 -0.493782
v 3.972462 0.105803 0.422317
v 4.276096 0.106716 0.400584
v 3.741749 0.410385 -0.113916
v 3.738707 0.407380 -0.113725
v 3.738686 0.407633 -0.109456
v 4.194364 0.433715 0.201121
v 4.105316 0.047035 0.437601
v 3.838149 0.036622 0.303979
v 4.027250 0.383129 -0.359053
v 4.030707 0.380053 -0.363147
v 4.026453 0.380285 -0.362222
v 3.889768 0.282572 0.374034
v 3.964946 0.018963 0.360170
v 4.050804 0.056278 0.370101
v 3.910732 0.356366 -0.363844
v 3.662609 0.055068 0.221761
v 4.215864 0.052581 -0.447969
v 4.297083 0.023686 0.029870
v 4.045487 0.224834 0.426184
v 4.166636 0.443536 0.197806
v 4.221664 0.409957 0.141767
v 4.224689 0.410934 0.139024
v 4.226566 0.414298 0.140032
v 3.977752 0.017872 0.351735
v 3.673460 0.025688 0.080795
v 4.094453 0.194260 0.468192
v 4.269783 0.402517 -0.023396
v 3.996265 0.276096 -0.407154
v 3.993254 0.275908 -0.403841
v 3.764499 0.022850 0.287173
v 3.764002 0.025692 0.290170
v 4.313362 0.045993 0.062182
v 4.151193 0.101083 0.473785
v 4.143911 0.067255 -0.458570
v 3.802381 0.321284 -0.326943
v 4.060421 0.220999 0.435185
v 4.255340 0.116515 -0.471486
v 4.347982 0.260983 -0.254800
v 4.086530 0.041977 0.392513
v 4.249540 0.358288 -0.162857
v 3.989888 0.143930 -0.415780
v 3.918352 0.065305 -0.397752
v 4.044884 0.165701 0.423901
v 4.208406 0.421041 0.182864
v 4.156864 0.090864 -0.467916
v 4.223909 0.428118 -0.128940
v 4.206043 0.416181 0.191074
v 4.208590 0.408679 0.199117
v 4.304392 0.320010 -0.235282
v 3.947229 0.153525 -0.405976
v 4.305735 0.024841 0.057066
v 4.156198 0.206784 -0.449059
v 4.035421 0.160000 0.415710
v 4.034816 0.157108 0.418534
v 4.248626 0.389185 -0.185223
v 3.803998 0.082519 0.316280
v 3.890182 0.026330 0.330960
v 4.073126 0.084559 0.402445
v 3.921620 0.027945 0.369088
v 3.643573 0.062800 -0.210833
v 4.307333 0.236513 -0.008224
v 4.284653 0.350381 -0.010146
v 4.287079 0.346666 -0.009728
v 3.995994 0.180704 0.389787
v 3.991776 0.180962 0.389126
v 3.999860 0.176885 0.392142
v 4.000329 0.180122 0.389649
v 3.964405 0.153224 0.402609
v 4.190297 0.231190 0.499800
v 3.664924 0.022094 0.114594
v 4.021962 0.173031 0.395884
v 4.234177 0.413823 -0.156249
v 4.076833 0.237725 0.448988
v 4.254865 0.028384 0.341190
v 3.647718 0.128052 0.263109
v 4.201121 0.347614 0.386932
v 3.681467 0.052106 -0.278881
v 3.945819 0.098964 -0.400915
v 3.947471 0.095103 -0.401637
v 3.724251 0.370678 0.123680
v 4.043060 0.225546 -0.446222
v 3.873529 0.052126 0.330424
v 3.664360 0.087736 -0.314944
v 3.662678 0.091570 -0.315617
v 3.765249 0.413863 -0.221731
v 4.312738 0.046035 0.066488
v 4.255887 0.097800 -0.471892
v 4.293705 0.026074 0.012462
v 3.672378 0.133177 0.301101
v 4.175787 0.459348 -0.154754
v 3.652596 0.140771 0.280570
v 3.651219 0.144705 0.279091
v 4.027806 0.211692 0.413890
v 4.253898 0.406243 0.063892
v 4.104259 0.476042 -0.179045
v 4.100043 0.475584 -0.177633
v 3.879661 0.271747 0.378145
v 4.234390 0.277385 -0.418537
v 4.232893 0.275127 -0.421928
v 4.243752 0.383598 -0.233221
v 4.049656 0.078910 -0.434058
v 3.735615 0.404687 -0.109305
v 3.978110 0.405807 -0.325133
v 3.973892 0.405794 -0.324027
v 4.360530 0.117383 -0.137153
v 4.172510 0.462027 -0.154701
v 4.103343 0.472979 -0.182134
v 3.719618 0.284226 -0.337099
v 4.278649 0.226560 0.393559
v 3.814343 0.276693 -0.378068
v 3.809420 0.273025 -0.378650
v 3.982159 0.197680 0.381067
v 3.982277 0.201706 0.382693
v 4.224798 0.271149 0.382709
v 4.019772 0.372167 -0.370863
v 4.018925 0.369427 -0.374072
v 4.213416 0.129373 0.484901
v 4.006863 0.200315 0.395752
v 4.276121 0.209432 0.401857
v 4.277688 0.205125 0.401111
v 4.114337 0.116953 -0.499816
v 4.114245 0.121337 -0.500000
v 4.093707 0.216201 0.469269
v 3.710138 0.258341 -0.342046
v 3.816173 0.426066 -0.006323
v 4.026040 0.174067 0.397250
v 4.237116 0.281562 -0.411440
v 4.014009 0.079323 0.386714
v 4.349349 0.115370 -0.067486
v 4.007812 0.136375 -0.427758
v 3.781546 0.017213 0.288521
v 4.299163 0.020979 -0.042186
v 4.230058 0.399053 0.108772
v 4.174007 0.320425 -0.405063
v 4.259042 0.403710 0.043803
v 4.117329 0.173823 0.482598
v 3.925837 0.226563 0.370153
v 4.288872 0.293952 0.195254
v 4.124084 0.233017 0.480985
v 3.745714 0.205043 0.324141
v 4.205664 0.405262 0.219643
v 4.332044 0.132063 0.018884
v 4.074485 0.449210 -0.207837
v 3.645675 0.161926 0.267752
v 3.912353 0.351467 -0.372018
v 3.836214 0.026321 0.295767
v 4.024589 0.077620 -0.416580
v 4.129051 0.223620 0.490285
v 4.129330 0.219255 0.491174
v 3.919974 0.194416 0.370542
v 3.919983 0.192932 0.373863
v 3.804767 0.432331 -0.221660
v 4.124954 0.236064 0.478176
v 4.106398 0.038424 0.416033
v 4.105825 0.037045 0.410334
v 4.109050 0.036555 0.413007
v 4.213389 0.385136 0.270329
v 4.246248 0.101168 -0.481470
v 4.241354 0.098041 -0.481895
v 4.231421 0.463281 0.051147
v 4.350872 0.270136 -0.235614
v 4.009780 0.409159 -0.324293
v 3.742581 0.366587 0.258990
v 4.279183 0.310135 0.178602
v 4.105475 0.044337 0.430655
v 4.349267 0.134403 -0.299023
v 4.348976 0.138700 -0.298821
v 4.097528 0.119773 -0.498412
v 4.097007 0.124068 -0.499222
v 3.859506 0.297995 -0.380123
v 3.785407 0.422918 0.194679
v 4.097984 0.470188 -0.184302
v 4.265516 0.271083 0.240736
v 4.264173 0.270043 0.244842
v 4.346568 0.082939 -0.055627
v 4.348179 0.083700 -0.059479
v 4.068276 0.182867 0.415621
v 4.223737 0.334281 -0.360921
v 4.276618 0.162252 -0.443085
v 3.795246 0.013574 0.287921
v 3.795747 0.011330 0.284162
v 3.800281 0.011832 0.284590
v 4.253854 0.248750 -0.435158
v 4.046151 0.220652 0.425695
v 4.142891 0.469066 -0.181418
v 3.876580 0.051415 0.333337
v 3.873846 0.048211 0.329091
v 3.876978 0.047496 0.331903
v 4.284805 0.253082 0.371323
v 4.282324 0.361551 0.054259
v 4.279159 0.364243 0.053442
v 4.278524 0.364899 0.057653
v 4.167790 0.490695 -0.103137
v 4.114407 0.116214 0.441701
v 4.318139 0.233337 0.325934
v 4.318245 0.237503 0.325283
v 4.102611 0.122902 0.432127
v 3.983843 0.249747 -0.406568
v 4.284939 0.335439 -0.122483
v 4.225093 0.327630 -0.367815
v 4.221007 0.329299 -0.367548
v 3.886902 0.064252 0.350894
v 4.091889 0.255413 0.456337
v 4.337291 0.167156 0.166506
v 3.635518 0.154322 0.225223
v 4.298135 0.059250 -0.338858
v 4.150672 0.168711 -0.482053
v 4.151423 0.165345 -0.484884
v 3.736949 0.217229 0.303925
v 3.733879 0.215749 0.301239
v 4.287270 0.337812 -0.154386
v 3.858214 0.052879 -0.369224
v 4.180582 0.418830 0.346069
v 4.357573 0.162590 -0.146705
v 4.355113 0.163080 -0.143190
v 4.237077 0.260101 0.386393
v 4.185699 0.446703 0.189910
v 4.139549 0.471721 -0.180968
v 4.272789 0.145119 -0.445514
v 3.640550 0.101835 -0.285511
v 4.316582 0.148527 -0.360837
v 3.709495 0.319807 0.220356
v 3.674728 0.235330 -0.311867
v 3.717077 0.308717 0.247966
v 3.719985 0.309771 0.251151
v 3.702058 0.053396 -0.315845
v 3.700343 0.054512 -0.319402
v 4.242746 0.402566 -0.158934
v 4.240823 0.406925 -0.159542
v 3.982185 0.127636 0.423312
v 4.232125 0.281887 -0.415033
v 4.230725 0.279728 -0.418516
v 4.347905 0.285596 -0.225094
v 4.113226 0.464612 -0.195092
v 3.935032 0.081779 -0.402040
v 3.931055 0.080163 -0.402481
v 4.364300 0.100417 -0.249225
v 3.708735 0.305249 0.238255
v 3.691045 0.308612 -0.281324
v 4.208909 0.402622 0.219485
v 4.129200 0.458635 -0.199832
v 4.332549 0.177466 -0.136133
v 4.181939 0.488812 -0.076945
v 4.272729 0.356524 -0.047132
v 4.085328 0.216162 0.459131
v 4.120553 0.105420 0.443454
v 4.241738 0.410249 0.100768
v 3.802688 0.280890 -0.371925
v 3.801813 0.277275 -0.374262
v 3.797618 0.277484 -0.373048
v 3.970060 0.208264 -0.404185
v 4.199257 0.289757 0.425922
v 4.195831 0.292086 0.427231
v 3.799927 0.413010 0.270854
v 4.265370 0.032388 -0.313497
v 4.269341 0.033759 -0.314980
v 4.126103 0.131393 0.470120
v 3.948726 0.104463 -0.399783
v 4.112636 0.212863 0.487138
v 4.108925 0.212543 0.484737
v 3.714904 0.191556 0.295712
v 3.958613 0.384988 -0.348945
v 4.358036 0.037114 -0.213072
v 4.342217 0.041376 -0.261474
v 4.244897 0.389115 -0.217084
v 4.347208 0.303565 -0.179310
v 4.349510 0.300178 -0.178745
v 4.167758 0.106330 -0.472026
v 4.342864 0.140498 0.081942
v 4.113425 0.173482 0.480353
v 4.143668 0.117744 0.475077
v 3.912273 0.362520 -0.357980
v 3.800023 0.415293 0.267349
v 4.190434 0.486900 -0.061363
v 3.864216 0.242042 -0.406882
v 3.868421 0.241974 -0.408222
v 3.868327 0.237593 -0.408337
v 4.338095 0.023702 -0.200132
v 4.296077 0.068176 0.171596
v 3.802784 0.090635 0.318241
v 3.803411 0.086526 0.317446
v 4.209667 0.459285 0.131629
v 4.090378 0.028362 0.375363
v 4.155362 0.416651 0.359076
v 4.219684 0.293361 0.376268
v 4.237522 0.193686 0.452874
v 3.949970 0.201841 0.369953
v 3.947357 0.045242 -0.384011
v 4.218102 0.428710 -0.145616
v 4.242642 0.204600 0.425009
v 3.939565 0.177139 0.382438
v 3.716627 0.291639 -0.331574
v 3.717177 0.295401 -0.329677
v 4.148065 0.270030 0.442852
v 4.154783 0.337768 -0.392047
v 4.171571 0.473658 -0.134624
v 4.064679 0.081024 0.390235
v 3.885582 0.237135 -0.411850
v 4.035208 0.403852 -0.327082
v 4.315168 0.239166 0.338223
v 4.029920 0.377237 -0.366362
v 4.066275 0.153808 0.422178
v 3.814868 0.292240 -0.361464
v 4.360825 0.095842 -0.140166
v 4.358193 0.109672 -0.123369
v 3.865859 0.432690 0.276776
v 4.085606 0.211857 0.458830
v 4.102104 0.181436 0.472779
v 4.279893 0.325769 0.164700
v 3.783091 0.403256 0.269239
v 4.022061 0.175857 0.392534
v 4.018479 0.176102 0.393444
v 4.021783 0.186941 0.386956
v 4.025832 0.186644 0.386014
v 3.662014 0.061422 -0.172050
v 4.295327 0.255176 0.336932
v 3.673197 0.079987 -0.318448
v 3.882611 0.049880 0.339173
v 3.910486 0.012874 0.331360
v 3.913166 0.012398 0.327926
v 3.740525 0.009920 0.240593
v 4.044550 0.432699 -0.274010
v 4.058703 0.415768 0.375415
v 3.755212 0.419624 -0.127780
v 3.755260 0.419983 -0.123407
v 4.086741 0.060994 -0.443716
v 3.764839 0.424280 -0.170377
v 3.955940 0.144529 0.401963
v 3.952083 0.144002 0.400476
v 3.856320 0.436022 -0.247120
v 4.193654 0.423371 0.244070
v 3.924940 0.399266 -0.322787
v 4.220465 0.281056 0.362876
v 4.293417 0.332308 -0.150963
v 4.306370 0.288348 -0.279085
v 4.309486 0.285595 -0.279468
v 4.304655 0.286928 -0.282791
v 4.073209 0.134282 0.423587
v 4.208469 0.365180 0.340279
v 3.701123 0.065586 0.276568
v 4.292042 0.020697 0.098523
v 3.894089 0.228162 -0.413548
v 4.074704 0.090571 0.409663
v 4.254617 0.035403 -0.341016
v 3.946907 0.166246 -0.409347
v 4.012821 0.271778 -0.414781
v 3.882756 0.247656 0.387026
v 4.139614 0.046241 0.452782
v 3.723445 0.284679 -0.338955
v 4.044954 0.384866 -0.359432
v 3.972570 0.044664 -0.373804
v 4.128893 0.073376 -0.470512
v 4.124312 0.071758 -0.471603
v 4.215654 0.104520 -0.477405
v 3.678391 0.244878 -0.313915
v 3.678662 0.249148 -0.313283
v 4.229396 0.270011 0.312025
v 4.232646 0.267080 0.312274
v 4.272223 0.022212 0.241079
v 3.695290 0.319768 -0.210772
v 3.998006 0.122861 -0.420023
v 4.008610 0.169089 -0.414883
v 4.368895 0.093722 -0.200662
v 4.369020 0.098127 -0.200888
v 4.294775 0.281285 -0.142272
v 4.300832 0.062441 -0.339836
v 4.035869 0.240406 -0.436325
v 4.266174 0.341603 0.170633
v 4.054234 0.139840 0.425857
v 3.729416 0.373581 0.152930
v 3.672187 0.018541 0.116214
v 4.094523 0.139183 0.428525
v 4.121633 0.047237 0.455577
v 4.285436 0.353224 -0.001387
v 4.282255 0.356052 -0.001993
v 3.952307 0.156268 0.394528
v 4.193215 0.469063 -0.098863
v 4.052174 0.022305 0.355156
v 3.797615 0.396350 -0.265714
v 3.797119 0.393431 -0.268970
v 3.880585 0.279422 0.374665
v 3.648730 0.142682 0.276011
v 3.647146 0.140812 0.272280
v 4.182455 0.428851 0.252859
v 3.884397 0.017992 0.315589
v 4.305493 0.090230 0.010379
v 4.302263 0.093575 0.000355
v 4.244632 0.372442 -0.283506
v 4.105112 0.035571 0.404642
v 4.131606 0.465054 -0.194359
v 3.913520 0.292128 0.370807
v 4.063751 0.111372 0.414384
v 3.924248 0.084130 -0.394111
v 4.329371 0.203410 0.268288
v 4.190409 0.426167 0.244279
v 4.353474 0.199935 -0.158361
v 4.018013 0.147238 -0.440248
v 4.265673 0.021519 0.223873
v 3.705866 0.038315 0.256735
v 4.087384 0.149391 -0.492989
v 4.083249 0.148981 -0.491531
v 4.083102 0.153160 -0.490192
v 4.241593 0.454053 0.038763
v 3.975919 0.075759 0.397866
v 4.269575 0.068726 -0.424334
v 4.272450 0.352530 -0.064609
v 4.160371 0.464338 -0.169618
v 4.164032 0.461526 -0.169122
v 4.190353 0.445335 0.190306
v 4.268398 0.348280 -0.197932
v 4.349047 0.296589 -0.173938
v 4.280341 0.333315 -0.197660
v 4.122039 0.492485 -0.147048
v 4.093672 0.220594 0.469341
v 4.066853 0.237740 0.440518
v 3.840642 0.259722 -0.395019
v 4.028581 0.189212 -0.446346
v 4.025612 0.188400 -0.443091
v 4.226861 0.468481 0.036092
v 4.226589 0.468151 0.039479
v 4.030108 0.433280 -0.280481
v 4.260058 0.270231 0.243672
v 3.920203 0.167051 0.384224
v 3.800994 0.308662 -0.340279
v 3.951224 0.085722 0.407305
v 3.950844 0.081600 0.405896
v 3.955076 0.084823 0.408644
v 4.030238 0.284041 -0.416060
v 4.026055 0.284311 -0.416011
v 3.713373 0.319423 0.229149
v 4.070628 0.172541 -0.478659
v 3.914369 0.300411 0.368776
v 4.076643 0.172587 0.425030
v 4.072876 0.173208 0.422822
v 4.036460 0.046653 -0.389959
v 4.035215 0.049399 -0.393037
v 3.782738 0.402126 -0.251199
v 3.657030 0.060327 -0.116098
v 3.653887 0.214398 -0.296719
v 4.318976 0.025414 -0.249987
v 4.315224 0.023971 -0.248277
v 3.711833 0.204510 -0.334275
v 3.999451 0.171170 0.398481
v 4.350835 0.179484 -0.148009
v 4.354352 0.179440 -0.150560
v 4.004327 0.259112 -0.410477
v 4.062990 0.441183 -0.221290
v 3.982092 0.123780 0.425665
v 3.982665 0.119396 0.425878
v 3.997351 0.255254 -0.406317
v 4.235529 0.421035 -0.125653
v 4.036765 0.300104 -0.413425
v 4.037596 0.304172 -0.411923
v 3.729883 0.325274 -0.325096
v 4.101374 0.042168 0.415835
v 4.218354 0.476515 -0.015005
v 3.659515 0.264629 -0.230972
v 3.749040 0.413502 -0.131553
v 4.334123 0.184113 0.235082
v 4.358631 0.118286 -0.123764
v 4.234987 0.286301 -0.408145
v 4.236344 0.288409 -0.404603
v 4.232247 0.403881 0.124331
v 4.228292 0.404006 0.120226
v 4.096189 0.463873 -0.190256
v 4.213229 0.322475 0.374035
v 4.065871 0.161784 0.425046
v 4.009376 0.191583 0.384686
v 4.032600 0.300933 -0.414112
v 4.330509 0.293246 -0.241764
v 4.325710 0.295046 -0.245730
v 4.219162 0.317622 -0.381280
v 3.783475 0.066410 -0.372422
v 3.937670 0.023609 0.372799
v 3.936813 0.026723 0.375781
v 4.223625 0.308584 -0.389526
v 4.345860 0.107063 -0.054962
v 4.285116 0.020497 0.105201
v 3.750748 0.390983 0.061777
v 3.941865 0.209475 -0.415143
v 4.098360 0.069138 -0.467277
v 4.034832 0.160650 -0.458521
v 3.983217 0.408628 -0.323052
v 3.739473 0.265622 -0.350025
v 3.822207 0.008157 0.275571
v 4.256260 0.405752 0.051706
v 4.253020 0.401656 0.050999
v 3.656693 0.024534 0.149196
v 4.215968 0.301291 0.372611
v 3.859844 0.055203 0.320718
v 4.262832 0.243635 0.400429
v 4.272172 0.389482 -0.031137
v 3.708501 0.042426 0.263690
v 3.711096 0.053845 -0.326918
v 4.211956 0.277995 0.425270
v 4.251589 0.360540 -0.105787
v 4.066659 0.340679 0.423113
v 4.062391 0.340969 0.422153
v 4.311821 0.318691 -0.176056
v 4.309772 0.323237 -0.179391
v 4.251431 0.271372 -0.411071
v 3.734458 0.186338 0.323003
v 3.959681 0.107147 -0.403021
v 3.751139 0.388025 0.248799
v 4.214125 0.326882 0.373625
v 3.673640 0.263232 0.238228
v 3.670465 0.262704 0.235244
v 3.703591 0.042947 0.260103
v 3.707119 0.040316 0.260286
v 3.978970 0.408687 -0.322018
v 3.962970 0.425534 -0.297387
v 3.963852 0.428324 -0.294215
v 4.280340 0.346009 -0.047972
v 4.280149 0.346102 -0.052225
v 3.912781 0.203337 0.369006
v 4.278995 0.162095 -0.439313
v 4.278739 0.157761 -0.439253
v 4.250371 0.393254 0.129707
v 4.247221 0.396193 0.128758
v 4.053139 0.431135 -0.275273
v 4.192343 0.242909 0.494092
v 4.079822 0.118059 0.416771
v 4.084035 0.118767 0.416769
v 4.253335 0.433352 -0.002619
v 4.255246 0.429507 -0.002562
v 3.958981 0.137474 0.405331
v 4.259872 0.129078 -0.463126
v 4.260134 0.124682 -0.463624
v 4.257614 0.125055 -0.467240
v 4.128379 0.091717 0.457720
v 4.132248 0.091068 0.458324
v 4.133738 0.095027 0.458410
v 4.237002 0.389179 -0.234328
v 4.268085 0.389127 0.016618
v 4.204314 0.246237 0.494287
v 4.236107 0.402444 0.125748
v 4.358241 0.191418 -0.159255
v 4.282265 0.035922 0.228531
v 4.279230 0.032806 0.228312
v 4.233508 0.284029 -0.411532
v 4.228571 0.284418 -0.415212
v 4.265772 0.291569 0.209724
v 4.227837 0.332743 -0.361310
v 3.858972 0.310738 -0.366316
v 4.080829 0.058400 0.397050
v 4.081147 0.054354 0.395335
v 4.191613 0.456774 -0.132872
v 3.894214 0.232491 -0.413136
v 3.801447 0.425292 0.138132
v 4.357665 0.138502 -0.135349
v 4.012715 0.276089 -0.415086
v 4.140122 0.041975 0.450750
v 4.140470 0.038943 0.447622
v 4.144969 0.039350 0.448229
v 4.038973 0.105651 -0.446432
v 4.083416 0.122690 0.414492
v 3.942060 0.213782 -0.415548
v 4.201156 0.278415 0.448408
v 4.129514 0.120364 0.461018
v 3.652443 0.225832 -0.279535
v 3.652411 0.225451 -0.275471
v 3.960822 0.099067 -0.400847
v 4.168495 0.036581 0.444389
v 4.074771 0.212490 0.444534
v 3.672502 0.294120 -0.202967
v 4.293873 0.347260 0.009000
v 3.683158 0.294877 0.216912
v 4.240384 0.031659 0.380680
v 3.775944 0.411520 -0.235901
v 3.880948 0.442290 -0.253307
v 3.675596 0.024715 0.177705
v 3.679791 0.023496 0.178081
v 4.236093 0.254372 0.398807
v 4.232844 0.257373 0.398627
v 4.245596 0.185475 -0.466417
v 4.209773 0.253371 0.484545
v 4.330074 0.021782 -0.056376
v 3.728947 0.376822 -0.154704
v 3.903082 0.226935 0.379635
v 4.107759 0.105215 -0.491688
v 4.217199 0.289979 0.390234
v 4.241786 0.254031 0.396274
v 4.245933 0.253034 0.397995
v 4.248146 0.254268 0.394563
v 4.196313 0.245437 0.493223
v 3.640905 0.149686 0.249957
v 4.307284 0.249437 0.313137
v 4.148214 0.051760 0.454067
v 4.148472 0.047605 0.452620
v 4.152775 0.048114 0.452677
v 3.990148 0.250318 -0.404587
v 3.994204 0.251187 -0.403649
v 4.275819 0.367253 0.035005
v 3.765242 0.426501 -0.132819
v 4.350652 0.167370 -0.141810
v 3.879714 0.439955 -0.256832
v 4.108534 0.096931 -0.488847
v 4.181958 0.316612 -0.405636
v 3.872964 0.301932 -0.384687
v 4.031692 0.172907 -0.453222
v 4.066980 0.225101 0.440779
v 4.135889 0.356016 -0.379823
v 4.264103 0.192170 0.419705
v 4.092037 0.117965 0.420529
v 4.093839 0.121845 0.420647
v 4.101095 0.135189 0.436140
v 3.941539 0.148583 0.394569
v 3.945313 0.148482 0.396234
v 4.213850 0.390789 0.249396
v 4.366988 0.108082 -0.161965
v 4.316504 0.152609 -0.360869
v 4.215415 0.364500 0.356189
v 4.219235 0.364443 0.359407
v 3.727080 0.392055 -0.047217
v 4.192708 0.386601 0.372472
v 4.197320 0.387435 0.368604
v 4.236057 0.226339 0.421558
v 4.236775 0.229672 0.423975
v 3.641662 0.089493 -0.165378
v 3.644101 0.085186 -0.169003
v 3.845330 0.286279 -0.381999
v 4.276380 0.348973 -0.056259
v 4.170894 0.121079 -0.477720
v 3.900275 0.293363 0.369784
v 4.035731 0.236394 -0.437877
v 3.887912 0.017771 0.317924
v 4.141455 0.454715 -0.200205
v 4.029311 0.432503 -0.284740
v 4.307159 0.051085 -0.305369
v 4.198393 0.301981 -0.414056
v 4.196792 0.299537 -0.417374
v 4.211942 0.276963 0.429101
v 4.046174 0.197495 0.394334
v 3.899099 0.330451 -0.382260
v 4.113495 0.043399 0.447268
v 4.117765 0.043061 0.449843
v 4.062746 0.411405 0.384613
v 3.701287 0.290845 -0.308933
v 3.680151 0.299329 -0.192346
v 3.678260 0.298776 -0.196316
v 3.676717 0.294915 -0.195163
v 3.706398 0.072733 0.293020
v 3.801658 0.396986 -0.266921
v 3.802167 0.399872 -0.263625
v 3.869212 0.010868 0.291554
v 3.715852 0.331048 0.209030
v 4.368437 0.093398 -0.209427
v 4.260562 0.022945 0.136869
v 4.264378 0.024261 0.138270
v 4.063166 0.374599 0.410235
v 4.054245 0.211099 -0.457844
v 4.218589 0.281293 0.358803
v 4.216154 0.284620 0.359353
v 4.129458 0.266550 0.446956
v 4.125260 0.267484 0.446735
v 3.981484 0.148252 -0.413109
v 4.125041 0.334056 -0.393713
v 4.329745 0.298955 -0.233807
v 4.110482 0.168907 0.477050
v 3.724555 0.369703 -0.152291
v 4.341631 0.124326 -0.056334
v 4.284184 0.262401 0.311225
v 3.977958 0.016725 0.347407
v 3.814405 0.034211 0.301616
v 4.048769 0.415137 0.376818
v 4.046094 0.417530 0.372010
v 4.046418 0.089426 -0.440939
v 3.927570 0.393597 -0.330417
v 4.335725 0.171716 -0.302591
v 4.241401 0.190139 0.466498
v 4.343064 0.127125 0.065146
v 4.198946 0.033743 0.438172
v 3.751572 0.196213 0.332442
v 4.015226 0.242468 -0.426352
v 4.158247 0.041118 0.448726
v 4.266356 0.327551 0.176258
v 4.229518 0.267427 0.403093
v 4.230496 0.261825 0.403300
v 4.285480 0.229295 0.387663
v 4.087993 0.132313 0.413844
v 4.088396 0.135876 0.417270
v 4.165346 0.086597 0.475129
v 4.161797 0.086176 0.473688
v 3.991037 0.242594 -0.400507
v 4.130286 0.506407 -0.121190
v 4.126048 0.506173 -0.119572
v 4.271736 0.072311 -0.425704
v 4.323035 0.229208 0.304894
v 3.870324 0.251603 0.382868
v 4.277105 0.275917 0.226075
v 4.059479 0.431628 -0.263179
v 4.339189 0.038326 -0.259710
v 3.637994 0.160419 0.241297
v 3.637362 0.158887 0.237270
v 3.718724 0.320578 0.242255
v 3.717760 0.316798 0.244371
v 3.974815 0.246547 -0.405171
v 3.970854 0.246285 -0.406839
v 3.705343 0.068245 0.284884
v 3.703046 0.071895 0.285241
v 4.110825 0.104611 0.442602
v 4.107581 0.105711 0.440127
v 4.228097 0.273019 0.401694
v 4.335831 0.174219 0.201005
v 4.046193 0.156544 0.424673
v 4.032189 0.141546 0.423372
v 4.303409 0.329465 -0.174626
v 4.349798 0.263840 -0.242630
v 3.963629 0.145173 0.405315
v 4.208399 0.308812 0.390865
v 3.722428 0.319305 0.251636
v 4.058487 0.067654 0.377765
v 4.062501 0.066920 0.379474
v 4.158188 0.470174 -0.162222
v 4.161470 0.467439 -0.162186
v 4.193711 0.389549 0.369534
v 4.227254 0.470025 -0.003619
v 4.224167 0.473138 -0.002880
v 3.952842 0.419715 -0.301153
v 3.949449 0.422689 -0.296901
v 3.677098 0.052592 -0.274821
v 3.677322 0.053348 -0.279160
v 4.355483 0.110219 -0.092799
v 3.953552 0.199946 0.371403
v 3.968000 0.102416 0.419942
v 4.342439 0.122996 0.078609
v 4.295169 0.263691 0.267593
v 3.776557 0.360408 -0.294641
v 4.344428 0.074713 -0.057594
v 4.104630 0.464766 -0.192983
v 3.640087 0.084520 -0.262501
v 3.889012 0.432305 -0.270537
v 4.244127 0.241034 0.407142
v 3.809654 0.305916 -0.342836
v 4.162151 0.468838 -0.158332
v 4.165285 0.466077 -0.158395
v 3.886682 0.068343 0.352074
v 3.670968 0.290275 -0.201847
v 4.161812 0.372941 0.392353
v 4.159877 0.266247 0.448406
v 4.155716 0.266232 0.447342
v 3.998587 0.373197 -0.365901
v 3.674402 0.230268 -0.312352
v 4.348527 0.292814 -0.171179
v 4.344882 0.296971 -0.170737
v 4.172185 0.446791 0.191151
v 3.897716 0.430433 0.293536
v 3.697166 0.052748 -0.305103
v 3.695764 0.053444 -0.308852
v 3.699607 0.052902 -0.310087
v 3.702590 0.336240 0.165912
v 4.249980 0.181624 0.446292
v 3.745028 0.375410 -0.257824
v 3.744068 0.373272 -0.261482
v 4.034145 0.412930 -0.316492
v 4.125425 0.214245 0.490582
v 3.651268 0.056639 0.207592
v 3.654988 0.056303 0.212350
v 4.088188 0.220492 0.462533
v 4.350901 0.138711 -0.294880
v 3.819052 0.309034 -0.341912
v 3.787980 0.407787 0.267552
v 3.839605 0.253109 0.370321
v 3.840414 0.249124 0.372052
v 3.717197 0.304532 0.249462
v 4.309721 0.054515 -0.306336
v 4.134339 0.337154 -0.397563
v 4.259708 0.351532 -0.178720
v 3.716231 0.339725 0.188021
v 4.347999 0.045017 -0.259653
v 4.225354 0.150098 0.485187
v 4.221375 0.150536 0.486792
v 4.343399 0.131473 0.064907
v 4.343350 0.131465 0.060476
v 3.990341 0.148078 -0.414852
v 4.227113 0.282157 -0.418634
v 3.899755 0.426665 -0.280415
v 4.310928 0.246436 0.314015
v 4.143095 0.095707 -0.484988
v 3.911673 0.064966 -0.392679
v 4.191452 0.115977 -0.473935
v 4.192003 0.120058 -0.474398
v 4.245938 0.404340 0.075638
v 3.785115 0.423029 -0.223500
v 4.240505 0.078624 -0.469211
v 4.127200 0.329754 -0.397216
v 4.129779 0.334254 -0.395981
v 3.732477 0.014410 0.243835
v 3.652268 0.038515 0.182248
v 4.117833 0.501935 -0.130107
v 4.218399 0.042623 -0.434329
v 4.241367 0.453825 0.043087
v 4.239016 0.457492 0.038798
v 4.238744 0.457317 0.043058
v 4.309798 0.092574 0.013602
v 4.308127 0.093756 0.009710
v 4.107632 0.033769 0.401613
v 4.214616 0.230117 0.494116
v 3.834798 0.005261 0.256562
v 3.835263 0.004991 0.252390
v 4.279635 0.348633 -0.073896
v 4.278970 0.348110 -0.078219
v 4.124491 0.092577 0.456490
v 4.125989 0.096120 0.455063
v 4.122922 0.096733 0.452398
v 4.120852 0.093441 0.454436
v 4.244184 0.246232 0.404399
v 4.190239 0.095586 0.481749
v 3.960113 0.103052 -0.402160
v 4.229443 0.267216 0.408244
v 4.070436 0.106457 -0.478273
v 4.249387 0.403402 0.072315
v 4.311449 0.315416 -0.234964
v 4.073596 0.430234 -0.256608
v 4.252051 0.144073 0.440028
v 4.216374 0.235348 0.465636
v 4.348100 0.297416 -0.200285
v 3.748150 0.389061 0.052688
v 3.773776 0.215287 0.342457
v 4.062147 0.439660 -0.225266
v 4.057998 0.439409 -0.224358
v 3.709028 0.278165 -0.331358
v 4.238002 0.031918 0.384226
v 3.744872 0.413033 -0.118420
v 4.211281 0.344479 0.360837
v 4.352829 0.211873 -0.254337
v 4.351928 0.216527 -0.254218
v 4.017939 0.381074 -0.360611
v 4.026971 0.215628 0.415098
v 4.253168 0.362480 -0.097539
v 4.277849 0.364077 0.000815
v 3.658028 0.226514 -0.295390
v 3.914745 0.407562 -0.309411
v 3.913969 0.404676 -0.312606
v 3.910572 0.407443 -0.308167
v 4.285023 0.211789 0.387380
v 4.343508 0.135800 0.060239
v 4.054700 0.060102 0.372998
v 3.955507 0.179174 -0.409099
v 4.057745 0.157966 0.423150
v 3.758365 0.375781 -0.271062
v 3.762604 0.376090 -0.271951
v 3.762062 0.373339 -0.275252
v 3.674778 0.124739 0.298901
v 4.095302 0.083371 0.435038
v 4.043460 0.233534 -0.442847
v 3.669186 0.084051 -0.317150
v 3.668245 0.087817 -0.318591
v 3.672609 0.083646 -0.320110
v 4.250819 0.027343 0.339846
v 4.249958 0.309639 -0.374784
v 4.186579 0.437337 0.210132
v 3.770354 0.427955 -0.200124
v 3.773959 0.430087 -0.201384
v 3.910932 0.435077 -0.272950
v 4.258548 0.353209 -0.170309
v 3.938689 0.021111 0.369330
v 3.923687 0.077097 -0.399936
v 3.927128 0.078702 -0.401977
v 3.928679 0.074590 -0.401722
v 4.167174 0.161615 -0.471418
v 3.690545 0.229455 -0.326971
v 4.286867 0.278884 0.224215
v 4.290918 0.278116 0.224171
v 4.004079 0.263386 -0.411085
v 4.218861 0.278086 0.350140
v 3.742574 0.203049 0.321885
v 4.368851 0.103263 -0.183578
v 3.986503 0.017732 0.347899
v 4.270531 0.166177 0.426618
v 3.699656 0.261111 -0.333218
v 4.214635 0.309263 0.378208
v 3.770745 0.402860 -0.244759
v 3.770337 0.400115 -0.247978
v 4.232312 0.404683 0.129097
v 3.907279 0.227739 -0.414523
v 4.302381 0.079333 -0.040936
v 4.141397 0.475226 -0.173727
v 4.137018 0.476222 -0.172801
v 4.247774 0.396970 -0.192067
v 4.333504 0.168362 -0.129563
v 4.335845 0.168909 -0.133266
v 4.316719 0.286317 -0.268182
v 4.313498 0.289142 -0.268081
v 3.858846 0.135573 0.342368
v 3.858786 0.131491 0.341391
v 3.865128 0.429309 -0.261448
v 4.287309 0.039484 -0.009395
v 4.287454 0.039564 -0.013370
v 3.724745 0.308466 -0.330046
v 3.878190 0.422681 -0.277141
v 3.779544 0.222185 0.345471
v 4.259517 0.026702 0.149772
v 4.288666 0.295194 0.186549
v 3.758872 0.378613 -0.267830
v 4.083201 0.462534 -0.186579
v 4.358515 0.121186 -0.271551
v 3.688345 0.019269 0.174850
v 3.667549 0.023223 0.164272
v 3.724725 0.063352 -0.348489
v 4.178515 0.440287 0.210276
v 3.679891 0.022316 0.173939
v 3.700238 0.331878 -0.272650
v 4.057093 0.414179 0.379140
v 3.882382 0.309963 -0.385263
v 3.878721 0.255882 0.383850
v 3.878977 0.330102 0.339178
v 4.232269 0.080698 -0.470818
v 3.665172 0.058972 -0.167510
v 3.664805 0.058439 -0.171771
v 3.859601 0.422568 -0.265956
v 3.988644 0.074387 0.391889
v 3.995856 0.016958 0.340555
v 4.291176 0.271355 0.250729
v 4.301319 0.225279 0.364421
v 3.797205 0.273168 -0.373766
v 3.844314 0.272598 0.361635
v 3.813581 0.016485 0.289053
v 4.168047 0.470001 -0.146512
v 4.164739 0.472769 -0.146426
v 4.165673 0.473904 -0.142368
v 3.833579 0.006916 0.264881
v 4.108347 0.047550 0.447055
v 4.351163 0.212169 -0.258288
v 4.057343 0.191236 0.402006
v 4.059391 0.186292 0.405562
v 4.178504 0.035675 0.442627
v 4.032500 0.137487 0.423402
v 4.268329 0.338684 -0.231235
v 4.050210 0.210522 -0.456247
v 3.813015 0.286541 -0.368068
v 3.808814 0.286637 -0.366839
v 4.230408 0.466670 0.035425
v 4.089442 0.097489 -0.480987
v 4.093344 0.098288 -0.482178
v 4.093580 0.094335 -0.481572
v 4.276188 0.030906 0.289055
v 3.756040 0.243789 0.308843
v 3.755854 0.240198 0.311070
v 4.261250 0.168357 -0.458070
v 4.261825 0.347407 -0.147746
v 3.823650 0.412445 -0.260532
v 3.957333 0.255522 -0.409708
v 3.858418 0.077243 0.326825
v 4.058594 0.345549 0.420302
v 3.920605 0.013112 0.338523
v 3.820462 0.298649 -0.356679
v 3.819747 0.295714 -0.359918
v 3.799593 0.407879 -0.252579
v 3.870185 0.130909 0.348168
v 4.332008 0.197724 0.251364
v 4.180031 0.420288 0.342159
v 4.252840 0.356471 -0.105417
v 3.897478 0.056430 0.363254
v 3.897421 0.060676 0.364347
v 3.699738 0.327263 -0.278229
v 3.645410 0.124032 -0.312037
v 4.256454 0.027940 0.162727
v 4.233547 0.464039 0.034971
v 4.097424 0.245612 0.464435
v 4.096470 0.242000 0.466097
v 4.231193 0.195017 0.482905
v 4.267085 0.249823 0.395701
v 3.742956 0.199464 0.324448
v 3.739976 0.197350 0.322086
v 3.905193 0.012204 0.316084
v 4.263295 0.387139 0.019865
v 4.261082 0.383914 0.019424
v 3.944546 0.434285 -0.281985
v 3.940338 0.434378 -0.280820
v 3.712244 0.342260 0.172761
v 4.178668 0.488671 -0.085058
v 4.015172 0.298067 -0.413593
v 4.011192 0.298051 -0.412223
v 4.193331 0.462555 -0.116237
v 3.640152 0.097217 -0.277055
v 4.068114 0.402015 0.396152
v 4.209752 0.482171 -0.021564
v 4.135876 0.339751 -0.395171
v 4.213643 0.239240 0.488450
v 3.937358 0.192424 0.373222
v 3.639902 0.119115 -0.299894
v 3.639424 0.119267 -0.295478
v 3.969063 0.134528 -0.408542
v 3.872000 0.298531 -0.386657
v 4.049289 0.143619 0.424063
v 4.049959 0.139403 0.424030
v 4.129497 0.103522 0.459100
v 3.774137 0.371885 -0.281409
v 4.232986 0.261107 0.385615
v 4.079752 0.033557 0.376950
v 4.258923 0.161867 0.438612
v 4.172063 0.479156 -0.121612
v 3.906499 0.227004 0.376805
v 4.363002 0.104520 -0.253730
v 4.270162 0.344580 -0.210410
v 4.058863 0.175820 -0.472616
v 4.268001 0.373355 0.005645
v 4.269102 0.376487 0.000769
v 4.020443 0.388982 -0.350682
v 4.076084 0.044056 0.384267
v 4.261615 0.020640 0.224288
v 4.021500 0.204605 -0.436874
v 3.997826 0.369947 -0.368573
v 3.650340 0.202402 -0.297912
v 3.670769 0.131147 0.297857
v 4.090689 0.110025 0.420952
v 4.075998 0.083248 0.405271
v 4.221298 0.360883 0.366654
v 4.306277 0.025232 -0.268345
v 3.837519 0.422700 -0.254521
v 4.252890 0.368762 -0.107560
v 4.250783 0.368354 -0.111422
v 4.252338 0.372909 -0.108126
v 3.945778 0.131226 0.402366
v 4.139517 0.461388 -0.193278
v 4.143666 0.459954 -0.193363
v 4.142503 0.457219 -0.196715
v 3.893246 0.432155 -0.271528
v 4.363348 0.100196 -0.253514
v 3.718096 0.010877 0.204282
v 3.718327 0.011709 0.208768
v 3.708799 0.055430 -0.330844
v 4.269975 0.346525 -0.206394
v 3.684854 0.274411 -0.305049
v 4.272875 0.351702 -0.055856
v 4.189193 0.322264 0.412878
v 4.185520 0.324544 0.413715
v 4.309791 0.247268 0.322616
v 4.313105 0.244370 0.323479
v 3.915233 0.427826 0.306881
v 3.642839 0.119662 0.247883
v 4.196532 0.338210 0.394756
v 4.199682 0.335068 0.393305
v 3.713116 0.044624 0.275808
v 4.143104 0.092316 -0.482186
v 4.139418 0.094982 -0.487341
v 3.844409 0.299337 -0.369916
v 4.298462 0.292525 -0.282187
v 3.658277 0.056198 -0.183425
v 4.283210 0.323135 -0.246787
v 4.279856 0.326014 -0.246618
v 3.910470 0.193647 0.377147
v 4.270724 0.382054 -0.017678
v 3.849456 0.286378 -0.383466
v 3.719889 0.313990 0.249643
v 3.856248 0.422148 -0.264696
v 4.284860 0.315281 -0.262191
v 3.697544 0.264380 -0.328311
v 4.299133 0.342421 0.018632
v 4.273068 0.110289 0.404346
v 3.850477 0.317378 -0.351558
v 3.641426 0.069110 -0.189336
v 4.333383 0.283359 -0.254244
v 4.329924 0.286375 -0.253870
v 4.323013 0.292368 -0.253540
v 4.181155 0.464824 -0.135234
v 4.180021 0.463804 -0.138972
v 4.176725 0.466611 -0.138826
v 3.691860 0.317684 0.194977
v 3.724951 0.179858 0.316362
v 4.163582 0.327980 -0.400349
v 3.955845 0.234402 -0.412645
v 3.668185 0.265779 -0.278594
v 3.705608 0.063538 0.280800
v 3.703178 0.067016 0.280818
v 4.172520 0.153589 -0.470843
v 4.204214 0.386363 0.287170
v 4.284386 0.340853 -0.100158
v 4.104301 0.034050 0.398993
v 4.154850 0.168469 -0.480559
v 4.108423 0.035210 0.407326
v 4.232862 0.405203 0.112786
v 4.009827 0.053502 -0.387405
v 3.732393 0.376218 0.154142
v 3.905366 0.172216 0.375621
v 3.931702 0.029537 0.377875
v 3.932739 0.026383 0.374924
v 4.046583 0.218096 -0.451308
v 4.361523 0.112910 -0.141054
v 3.642051 0.117502 0.243921
v 3.685192 0.296204 0.220479
v 4.220779 0.279251 0.353980
v 3.849486 0.053324 -0.370471
v 3.845043 0.053133 -0.370692
v 4.026640 0.087227 0.391548
v 4.219143 0.137638 0.484931
v 4.336840 0.020989 -0.119158
v 3.693671 0.054746 -0.310961
v 4.107740 0.070137 0.449890
v 3.723348 0.380851 0.006050
v 3.688067 0.020281 0.178993
v 3.692757 0.018362 0.179508
v 4.228382 0.055061 -0.446400
v 4.050646 0.023962 0.358822
v 4.065753 0.408370 0.388874
v 3.925650 0.217971 0.368874
v 3.829553 0.253705 0.360626
v 3.829968 0.257236 0.358201
v 4.299106 0.220456 0.367464
v 4.039845 0.039375 0.361807
v 4.035672 0.039253 0.360800
v 3.762989 0.422912 -0.156810
v 3.727571 0.188865 0.313000
v 3.724298 0.186863 0.310849
v 4.120125 0.249140 0.464479
v 4.196538 0.384843 0.372113
v 3.655314 0.237987 -0.273777
v 3.714758 0.058057 0.287313
v 3.661720 0.052930 -0.196805
v 4.269980 0.372654 0.050660
v 4.269333 0.373320 0.054833
v 4.060920 0.407964 -0.315943
v 4.077198 0.184098 0.431447
v 4.076355 0.180933 0.426281
v 4.237651 0.211777 0.424759
v 4.246479 0.446743 0.017174
v 4.249061 0.442492 0.017750
v 4.160344 0.205928 -0.448111
v 4.264897 0.128424 -0.455986
v 4.002581 0.158996 0.404002
v 3.927072 0.349701 -0.382163
v 3.926112 0.345899 -0.384477
v 4.171570 0.054547 -0.447764
v 4.270822 0.024727 0.284157
v 4.266649 0.023757 0.283265
v 3.722731 0.315022 0.252889
v 3.779917 0.061024 -0.365118
v 4.254197 0.352588 -0.140079
v 4.251011 0.355576 -0.140432
v 4.246831 0.371363 -0.124478
v 4.245006 0.370914 -0.128569
v 4.294856 0.277559 0.214896
v 4.137280 0.358351 -0.376597
v 4.075696 0.204127 0.442558
v 4.258501 0.036518 -0.342518
v 4.275304 0.094300 0.397554
v 4.278647 0.094685 0.394936
v 3.907073 0.344048 -0.374814
v 3.727369 0.011480 0.226624
v 4.083748 0.275694 0.444320
v 4.033144 0.283521 -0.415975
v 4.259119 0.421825 -0.015134
v 3.659514 0.026113 0.163007
v 4.144001 0.081894 -0.467550
v 3.733100 0.376471 0.167009
v 4.110346 0.059639 0.455013
v 4.093766 0.246211 0.462148
v 4.095091 0.251711 0.459489
v 4.091049 0.251151 0.458110
v 3.939125 0.202331 0.362238
v 3.938757 0.206438 0.363536
v 4.331984 0.136279 0.018586
v 4.233551 0.464512 0.026341
v 4.252294 0.297177 -0.384047
v 3.892308 0.430327 0.291558
v 4.350623 0.143052 -0.294757
v 3.640393 0.159459 0.250756
v 3.638963 0.161963 0.245259
v 3.639355 0.157887 0.246843
v 4.233386 0.311740 0.249201
v 3.641861 0.157031 0.256254
v 3.640943 0.155397 0.252318
v 3.642278 0.153014 0.257893
v 3.966924 0.246320 -0.408711
v 4.058555 0.059522 0.374924
v 4.074497 0.411317 -0.301757
v 4.045813 0.407404 -0.321616
v 4.266670 0.214245 0.408594
v 3.935965 0.393475 -0.332614
v 4.007368 0.162398 0.402010
v 4.363483 0.053169 -0.234050
v 4.300138 0.252848 -0.151489
v 4.276254 0.367099 -0.004012
v 4.277216 0.366996 -0.008149
v 3.735762 0.404796 -0.096617
v 3.712619 0.054994 -0.333100
v 4.259815 0.304713 0.203579
v 4.262786 0.301768 0.203437
v 4.101514 0.102692 -0.484295
v 4.105925 0.097648 -0.485011
v 4.263725 0.340533 0.174087
v 4.290922 0.348045 -0.000158
v 3.719168 0.056923 -0.339800
v 3.715173 0.056975 -0.337872
v 3.998425 0.025651 0.356839
v 3.854711 0.077454 0.324612
v 4.297438 0.332196 -0.005794
v 3.899466 0.209740 0.380779
v 3.899894 0.205419 0.380924
v 4.286213 0.276990 0.228318
v 4.019275 0.352728 -0.387714
v 3.724296 0.197066 0.302936
v 3.859093 0.297263 0.355461
v 3.641506 0.185078 -0.290154
v 4.292487 0.266915 0.263299
v 4.096448 0.100324 0.432048
v 4.286001 0.065130 -0.013658
v 4.352091 0.169372 -0.281458
v 4.154713 0.102152 0.475237
v 3.788197 0.423900 0.187509
v 3.786845 0.423499 0.190920
v 4.155753 0.107386 -0.485393
v 4.287344 0.057943 0.179131
v 4.225499 0.416053 -0.178342
v 3.875293 0.272085 0.377724
v 4.171379 0.051308 -0.445094
v 4.116374 0.446829 -0.215389
v 4.117227 0.449592 -0.212153
v 4.340682 0.022573 -0.136302
v 4.100411 0.106198 -0.487355
v 3.968594 0.157097 -0.408941
v 4.228537 0.420027 -0.137206
v 4.224932 0.422814 -0.137013
v 3.660794 0.268863 -0.231980
v 3.767907 0.010972 0.265252
v 3.977156 0.165464 -0.410937
v 3.972842 0.165634 -0.409971
v 3.828346 0.284702 -0.377433
v 4.185583 0.298291 0.431814
v 4.221882 0.271417 0.417424
v 4.222833 0.272974 0.413372
v 4.218574 0.274227 0.417720
v 3.853061 0.285634 0.360088
v 4.148580 0.114276 0.475721
v 4.209576 0.388037 0.270408
v 3.649444 0.066391 -0.180165
v 3.715467 0.174013 0.309258
v 3.715614 0.171903 0.311176
v 4.130774 0.355898 -0.382851
v 4.128347 0.360750 -0.379898
v 4.132078 0.358253 -0.379701
v 3.697867 0.288802 -0.306740
v 3.800657 0.009444 0.280970
v 4.164288 0.173147 -0.467062
v 4.165272 0.169392 -0.468652
v 3.696266 0.298794 -0.296850
v 3.699499 0.300282 -0.299370
v 4.214181 0.133721 0.485582
v 4.295648 0.253670 0.350645
v 4.291741 0.255388 0.349795
v 4.126345 0.084059 0.458716
v 4.304803 0.323540 -0.171250
v 4.146966 0.341468 -0.391141
v 3.640342 0.123507 -0.304692
v 4.117259 0.239574 0.472908
v 4.082149 0.407179 0.391325
v 4.338768 0.146049 0.111897
v 3.828297 0.300753 -0.360772
v 3.657684 0.071612 -0.288062
v 4.002244 0.098193 -0.413536
v 4.013501 0.133798 -0.434378
v 4.119296 0.041378 0.445566
v 4.163479 0.477957 -0.138263
v 4.275099 0.025010 0.241058
v 4.277968 0.028036 0.241104
v 4.354577 0.186610 -0.267319
v 4.352861 0.186827 -0.271586
v 3.926291 0.286698 0.372005
v 4.250652 0.360146 -0.110101
v 4.249385 0.364375 -0.110247
v 4.113491 0.221531 0.484853
v 4.109280 0.216946 0.484046
v 4.127227 0.099976 0.454398
v 4.215637 0.304398 0.382119
v 3.647029 0.082055 -0.168562
v 3.674148 0.035800 0.041828
v 4.062190 0.447438 -0.204605
v 4.326419 0.213727 0.284849
v 4.148036 0.082558 -0.466247
v 4.197075 0.279368 0.449247
v 3.666277 0.052722 -0.188091
v 4.244727 0.400166 -0.193036
v 4.208106 0.273517 0.446482
v 4.338328 0.150300 0.111511
v 3.975360 0.250013 -0.408202
v 3.885453 0.232785 -0.412179
v 4.110106 0.044243 0.444517
v 4.155558 0.500564 -0.093471
v 3.959830 0.174740 -0.409913
v 4.242908 0.380144 -0.245610
v 4.072205 0.054066 -0.424793
v 4.070667 0.056585 -0.428077
v 3.748868 0.389955 0.044054
v 4.282539 0.320531 -0.254391
v 4.285864 0.317800 -0.254084
v 4.220711 0.320129 -0.377792
v 4.225072 0.277960 0.377116
v 3.931728 0.420150 -0.295551
v 4.005228 0.191836 0.385001
v 4.009356 0.196240 0.383937
v 4.291301 0.244416 0.379844
v 3.783669 0.063103 -0.369644
v 4.283834 0.040808 0.294321
v 4.125687 0.043327 -0.422360
v 4.226655 0.431051 -0.116590
v 3.733775 0.377223 0.163830
v 3.736295 0.011180 0.240180
v 3.736201 0.010168 0.235871
v 4.257861 0.077603 -0.448206
v 4.267135 0.375564 0.049645
v 3.955390 0.428423 -0.291847
v 3.950328 0.425477 -0.293694
v 4.277578 0.365905 0.044225
v 4.191450 0.428152 0.235835
v 4.242266 0.402089 0.074871
v 3.699310 0.256827 -0.334464
v 4.075138 0.061303 -0.438527
v 4.263242 0.351954 -0.190660
v 3.995113 0.175769 0.396745
v 4.100358 0.148127 0.437630
v 4.309838 0.326332 -0.192179
v 3.903566 0.334762 -0.382545
v 3.900359 0.333836 -0.379969
v 4.130593 0.449761 -0.210203
v 3.937681 0.068453 0.397157
v 3.954509 0.425591 -0.295008
v 4.039434 0.043721 0.362636
v 4.250856 0.374281 -0.213324
v 3.934011 0.195435 0.365445
v 3.747325 0.387287 0.065628
v 4.218605 0.032462 0.407775
v 3.853062 0.011324 0.274219
v 4.167144 0.263521 0.453557
v 4.135855 0.090669 -0.487737
v 3.940411 0.180855 0.380305
v 4.315693 0.058523 0.075528
v 4.316262 0.058430 0.071276
v 4.029600 0.074150 -0.416121
v 3.655568 0.063868 -0.129032
v 3.659356 0.059573 -0.128933
v 4.201635 0.382596 0.317071
v 3.878857 0.259905 0.382473
v 4.050513 0.218758 -0.453102
v 3.921416 0.359872 -0.370955
v 4.269243 0.355513 -0.064167
v 4.163737 0.471413 -0.150372
v 3.789798 0.019830 0.293295
v 3.790208 0.016216 0.290706
v 4.005491 0.075044 0.384862
v 4.005398 0.078064 0.387921
v 3.681256 0.274482 0.234913
v 4.240538 0.399923 0.167617
v 4.019799 0.242889 -0.428582
v 4.019955 0.238650 -0.429846
v 4.054817 0.055921 0.371700
v 3.669567 0.265150 0.229492
v 3.671877 0.266279 0.233101
v 4.245976 0.361091 -0.163357
v 4.205898 0.368281 0.372678
v 4.017766 0.078800 -0.411496
v 4.231953 0.423708 -0.125444
v 4.172842 0.108858 -0.473538
v 4.017377 0.280328 -0.415978
v 3.963824 0.414003 -0.310965
v 4.299185 0.024815 0.031761
v 4.120055 0.487206 -0.153642
v 4.343323 0.120223 -0.055833
v 4.144031 0.056699 -0.451158
v 4.171844 0.419086 0.347713
v 4.172378 0.417586 0.351642
v 3.794894 0.300688 -0.350835
v 4.183245 0.115938 -0.476976
v 4.072876 0.130595 0.421202
v 3.743800 0.384674 0.065205
v 4.189176 0.416598 0.344767
v 4.246381 0.188738 0.440953
v 4.278751 0.042512 0.351678
v 4.209327 0.331555 0.361954
v 3.673695 0.050549 0.231645
v 3.739229 0.273982 -0.348571
v 3.686263 0.052866 -0.291154
v 4.086952 0.052015 0.401777
v 4.296185 0.026053 -0.277885
v 4.292422 0.024837 -0.276033
v 3.912427 0.426212 -0.283496
v 3.957811 0.382161 -0.352195
v 3.753133 0.008678 0.246261
v 4.207574 0.276829 0.438340
v 4.203456 0.281148 0.435676
v 3.978290 0.242864 -0.401115
v 3.941844 0.067821 0.397471
v 3.811416 0.295180 -0.357024
v 3.810614 0.292302 -0.360284
v 3.972596 0.025884 0.366812
v 3.900657 0.429543 -0.277207
v 3.949259 0.198464 0.371354
v 3.967079 0.384557 -0.350647
v 4.237634 0.255301 0.394876
v 3.752968 0.242399 0.306115
v 4.253403 0.354366 -0.208726
v 4.131239 0.040587 0.449570
v 4.131050 0.043544 0.452503
v 4.123636 0.261241 0.452551
v 4.157474 0.458109 -0.185414
v 4.158637 0.460227 -0.181731
v 3.908537 0.379836 -0.336634
v 3.907813 0.376816 -0.339700
v 4.254608 0.242989 -0.438096
v 3.968280 0.106247 0.421235
v 4.267830 0.374723 0.085633
v 3.929700 0.217854 0.369171
v 4.109984 0.121051 -0.499611
v 4.152432 0.063371 0.459821
v 3.903667 0.342978 -0.372304
v 4.326435 0.218052 0.284288
v 4.179098 0.468638 -0.131064
v 4.247869 0.079349 -0.463578
v 4.184481 0.321838 0.416783
v 4.129242 0.132029 0.472973
v 3.740327 0.225907 0.301888
v 3.962672 0.229765 -0.407715
v 3.644404 0.066048 -0.188808
v 4.225953 0.430346 -0.120831
v 4.039114 0.176041 0.400048
v 4.035186 0.175003 0.398315
v 4.025751 0.074232 -0.414187
v 3.684909 0.266182 -0.311420
v 3.642191 0.135593 0.250918
v 4.023027 0.383189 -0.357994
v 4.205800 0.482693 -0.020331
v 3.901901 0.056155 -0.382524
v 4.260335 0.194256 -0.455219
v 4.260348 0.199723 -0.458276
v 4.362393 0.048880 -0.234190
v 4.361890 0.048893 -0.238230
v 4.363047 0.053102 -0.238201
v 4.204382 0.046575 0.454634
v 4.052349 0.295220 -0.408613
v 4.207439 0.408348 0.195055
v 3.920058 0.210049 -0.415585
v 3.919989 0.205675 -0.415577
v 4.076027 0.309902 0.432739
v 3.685230 0.307578 -0.190882
v 4.257255 0.425582 -0.015227
v 4.180569 0.363865 0.389023
v 3.814173 0.059567 -0.376010
v 4.269079 0.336030 -0.239411
v 4.266934 0.193789 0.416894
v 4.267593 0.199229 0.413983
v 4.264846 0.197632 0.416908
v 4.184658 0.291438 0.437005
v 3.911380 0.410234 -0.304891
v 3.783149 0.405007 -0.247977
v 3.779014 0.404288 -0.246890
v 3.982409 0.122214 -0.412489
v 4.277864 0.339949 -0.145711
v 3.935705 0.381063 -0.351434
v 3.809084 0.268696 -0.379276
v 3.681670 0.303216 -0.193531
v 4.211888 0.350701 0.372192
v 3.817707 0.076584 0.312831
v 4.115713 0.041795 0.443547
v 4.230871 0.189871 0.491025
v 4.226547 0.188338 0.492581
v 4.103757 0.461853 -0.196146
v 4.054699 0.440520 -0.219414
v 4.356473 0.220051 -0.167462
v 3.693654 0.304935 0.222234
v 3.690508 0.304276 0.219356
v 4.293302 0.024239 0.103570
v 4.068847 0.405406 0.393270
v 4.329277 0.292022 -0.245823
v 3.805522 0.434279 -0.217733
v 3.933840 0.213832 0.367885
v 3.934062 0.209893 0.365846
v 3.938287 0.210173 0.366230
v 4.230770 0.265878 0.367363
v 4.227192 0.268305 0.363011
v 4.341407 0.136643 0.095291
v 4.201438 0.376757 0.372306
v 4.207912 0.039830 0.446242
v 4.207218 0.042360 0.449234
v 4.212621 0.265200 0.462011
v 4.014753 0.293697 -0.414430
v 4.322248 0.104664 0.016016
v 4.043812 0.432063 -0.278249
v 4.052509 0.206876 0.417298
v 3.901839 0.133413 0.366628
v 4.224447 0.145921 0.484141
v 4.042652 0.023911 0.355900
v 4.171254 0.467128 -0.146553
v 3.823097 0.053837 -0.369866
v 4.242232 0.163887 -0.470629
v 4.220506 0.209738 0.470213
v 3.789533 0.424384 0.183916
v 4.113785 0.112297 0.440116
v 4.319842 0.105940 0.007721
v 4.346799 0.054288 -0.262952
v 4.350177 0.053877 -0.259991
v 3.720638 0.322067 0.246056
v 3.788170 0.411236 -0.242379
v 3.702004 0.178157 0.290860
v 4.079356 0.197474 0.438544
v 4.168770 0.110099 -0.473992
v 3.690142 0.302345 -0.286937
v 4.269794 0.383384 0.008972
v 4.316576 0.292216 -0.260915
v 4.320024 0.289398 -0.260988
v 4.243420 0.044274 0.397826
v 3.895343 0.053342 0.358340
v 3.892627 0.039614 0.344871
v 4.057269 0.445056 -0.207459
v 4.299445 0.224747 0.368275
v 4.044137 0.117887 -0.456975
v 3.798028 0.427196 0.159442
v 3.844009 0.414971 -0.267262
v 3.959738 0.208811 0.381578
v 3.920968 0.071398 -0.399548
v 3.848920 0.421282 -0.262033
v 3.901442 0.184984 0.373675
v 4.237836 0.228576 0.418256
v 3.925417 0.273803 0.372384
v 3.929661 0.273409 0.372965
v 3.790704 0.013476 0.287259
v 3.725875 0.350662 -0.296096
v 3.726539 0.353324 -0.292497
v 3.677206 0.230230 -0.315721
v 3.703498 0.307028 0.230390
v 3.855699 0.296130 0.352743
v 4.231046 0.162511 0.485472
v 3.683606 0.303759 -0.189593
v 4.180382 0.314257 -0.409000
v 3.693866 0.018564 0.183848
v 3.697752 0.016780 0.184291
v 3.698051 0.017318 0.188497
v 4.023925 0.211391 0.411793
v 4.025230 0.208319 0.409030
v 4.029189 0.208665 0.410949
v 3.938868 0.043733 -0.385418
v 4.021036 0.068595 -0.404486
v 4.305278 0.323487 -0.227139
v 4.244861 0.412156 -0.099641
v 4.097270 0.071582 -0.470562
v 4.228776 0.288782 0.273899
v 4.247944 0.314740 -0.371984
v 4.265865 0.385551 0.016515
v 4.182465 0.475004 -0.110223
v 4.179312 0.477964 -0.109677
v 3.930756 0.363132 -0.370634
v 3.926445 0.363327 -0.369504
v 4.336916 0.155316 0.124098
v 3.642905 0.085704 0.221865
v 4.043997 0.021771 0.352412
v 4.045361 0.021128 0.348341
v 3.740681 0.353215 -0.305880
v 3.736283 0.352794 -0.305180
v 4.090341 0.102225 0.426885
v 3.913306 0.429141 -0.280352
v 3.876117 0.324165 -0.365977
v 4.330520 0.202697 0.259584
v 3.671296 0.038794 0.006917
v 4.100678 0.081433 0.441496
v 4.254061 0.147846 -0.467589
v 4.090404 0.122768 0.413506
v 3.728775 0.349658 -0.301629
v 4.079781 0.275861 0.442839
v 4.214889 0.335880 0.373352
v 3.785328 0.324790 -0.327832
v 4.188853 0.042286 0.452461
v 3.896969 0.184771 0.374261
v 4.297109 0.068399 0.158834
v 4.366901 0.103700 -0.161728
v 4.343371 0.025487 -0.136331
v 3.912657 0.027030 0.358612
v 4.340962 0.118962 0.083175
v 3.807630 0.409476 -0.255162
v 4.234603 0.413996 -0.142049
v 4.231664 0.417628 -0.146034
v 3.754978 0.218346 0.325777
v 3.865636 0.308458 0.350262
v 4.113372 0.045491 0.451850
v 4.119192 0.245929 0.467259
v 4.135505 0.086436 0.458626
v 3.681022 0.046624 0.236460
v 3.745026 0.385973 0.052186
v 3.781036 0.390310 -0.263844
v 3.781510 0.393209 -0.260636
v 4.014235 0.146164 0.419301
v 3.668005 0.043375 -0.000769
v 3.670823 0.039843 -0.001690
v 3.665749 0.234845 -0.302111
v 3.665389 0.230452 -0.302603
v 4.031567 0.155437 0.416155
v 4.320236 0.305498 -0.170086
v 3.709451 0.035703 0.257079
v 4.189987 0.435080 0.197215
v 4.280678 0.332449 -0.219749
v 4.333920 0.290165 -0.241815
v 3.755263 0.068813 -0.365111
v 4.050945 0.396346 -0.331832
v 3.748856 0.391971 0.183701
v 3.747158 0.390979 0.187388
v 3.947765 0.215161 0.378274
v 3.906551 0.066922 -0.387314
v 3.693519 0.310602 0.214575
v 4.121346 0.144116 0.473011
v 4.117805 0.143469 0.470860
v 4.349923 0.288277 -0.212239
v 3.646232 0.074722 0.217987
v 3.775234 0.406350 -0.242608
v 4.318199 0.293925 -0.257334
v 4.351911 0.191117 -0.270099
v 4.084528 0.141300 0.424645
v 3.973211 0.113998 0.423986
v 3.976620 0.428222 -0.297746
v 4.320588 0.090764 -0.044725
v 4.249221 0.276127 -0.407594
v 4.245761 0.278839 -0.407845
v 4.155131 0.400378 0.377933
v 4.154594 0.397168 0.379936
v 4.282742 0.070287 0.383499
v 3.941539 0.195409 0.371318
v 3.860023 0.313658 -0.363153
v 3.679842 0.073760 -0.320671
v 3.679739 0.077768 -0.323011
v 4.312826 0.320720 -0.179631
v 4.038606 0.109827 -0.448426
v 3.722859 0.377484 0.027867
v 3.992252 0.212090 0.397818
v 4.297096 0.219900 0.371253
v 4.022484 0.083558 0.388790
v 3.903808 0.412961 -0.299274
v 4.114224 0.467483 -0.191949
v 4.175845 0.491563 -0.083830
v 3.921745 0.428855 -0.282455
v 3.972287 0.414080 -0.313307
v 3.692970 0.316224 0.200806
v 3.700980 0.070708 0.281106
v 3.755476 0.418347 -0.136509
v 4.153298 0.043973 0.451015
v 4.348852 0.027171 -0.170598
v 4.011222 0.433962 -0.285949
v 4.010353 0.433115 -0.290159
v 4.328402 0.297758 -0.237817
v 3.951703 0.096636 -0.401107
v 4.336990 0.020905 -0.101908
v 4.340089 0.024223 -0.101750
v 4.243777 0.033225 0.382970
v 4.247277 0.256270 0.389542
v 4.356203 0.203891 -0.161853
v 4.276223 0.263367 0.327662
v 4.013103 0.405690 -0.328100
v 4.257510 0.151731 -0.464097
v 3.876864 0.431122 -0.266209
v 3.875944 0.428172 -0.269347
v 3.998330 0.251378 -0.404224
v 4.206232 0.460740 0.130629
v 3.952069 0.431260 -0.287466
v 3.924191 0.022200 -0.077935
v 3.956213 0.242862 -0.412024
v 3.952149 0.243100 -0.412336
v 4.178008 0.485014 -0.094311
v 3.650272 0.049762 0.196412
v 3.818093 0.007274 0.275017
v 3.823237 0.006400 0.271738
v 3.713650 0.290736 -0.328575
v 4.204915 0.440124 -0.145910
v 3.719238 0.341828 0.190243
v 4.001890 0.246514 -0.406520
v 4.001534 0.250941 -0.406961
v 4.173802 0.330159 0.415242
v 4.177735 0.328365 0.414774
v 3.833156 0.258367 0.360762
v 4.270879 0.370818 0.007079
v 4.270292 0.371618 0.011183
v 4.273304 0.369078 0.012315
v 4.251545 0.086432 -0.467021
v 4.343009 0.144723 0.077307
v 4.343192 0.140395 0.077582
v 3.755367 0.229489 0.317956
v 4.365405 0.108062 -0.153310
v 3.713458 0.348864 -0.270667
v 4.054414 0.302620 -0.404452
v 3.743561 0.195927 0.326976
v 3.740316 0.193912 0.324874
v 4.129148 0.070151 -0.467656
v 3.931038 0.390550 -0.334622
v 4.247268 0.089360 -0.474706
v 4.248393 0.093175 -0.476720
v 3.986944 0.118199 -0.413688
v 4.275029 0.317788 0.173891
v 3.874636 0.015514 0.306868
v 3.797533 0.133449 0.325182
v 3.760146 0.011177 0.259740
v 3.760654 0.009868 0.255769
v 4.016064 0.414033 -0.318189
v 4.015355 0.142328 -0.437561
v 4.173967 0.111362 -0.477073
v 3.915880 0.339536 -0.387237
v 3.903030 0.244234 0.379799
v 3.861958 0.307686 0.347976
v 4.105648 0.467211 -0.189528
v 3.960442 0.416850 -0.306663
v 3.961287 0.419691 -0.303520
v 3.723116 0.369011 0.132108
v 3.659671 0.254573 -0.261241
v 3.934199 0.093384 -0.397176
v 4.209061 0.282069 0.422550
v 3.892667 0.321775 -0.382941
v 3.852722 0.418906 -0.266908
v 3.660318 0.057640 -0.120309
v 4.280479 0.305091 0.187288
v 4.243681 0.089308 -0.477178
v 4.242629 0.085525 -0.474892
v 3.812323 0.420245 0.270531
v 3.928289 0.057283 0.391832
v 3.668703 0.049398 0.223653
v 4.309618 0.326350 -0.187802
v 4.305318 0.329274 -0.183367
v 4.277538 0.082148 0.391995
v 4.121809 0.158282 -0.493396
v 4.098710 0.114341 0.432449
v 4.337502 0.021570 -0.114838
v 3.752154 0.416317 -0.131860
v 3.935191 0.390630 -0.335833
v 4.246116 0.085676 -0.472401
v 3.779385 0.407102 -0.243651
v 3.657492 0.224757 0.254148
v 3.950347 0.209161 -0.413882
v 3.647716 0.135265 0.269661
v 4.231547 0.199701 0.452197
v 4.051175 0.477065 -0.032484
v 3.816906 0.423743 0.267443
v 3.817486 0.425798 0.263148
v 3.812590 0.422602 0.266592
v 3.726890 0.324027 -0.322596
v 3.919681 0.195889 0.367656
v 3.977913 0.161086 -0.410562
v 3.860430 0.250822 -0.404692
v 4.102390 0.076642 -0.480298
v 4.105556 0.076326 -0.482438
v 3.668790 0.289953 -0.205766
v 3.998812 0.211885 -0.399564
v 4.183309 0.265069 0.457930
v 4.187439 0.265798 0.459175
v 4.053802 0.316190 -0.402509
v 3.687605 0.312227 -0.202100
v 4.073959 0.153126 0.422803
v 3.814282 0.013871 0.286140
v 3.971841 0.078182 0.402037
v 4.115718 0.135936 0.446341
v 4.240055 0.173723 -0.471455
v 4.288980 0.350267 -0.000768
v 3.666379 0.052722 -0.183639
v 3.662033 0.053807 -0.187998
v 3.838701 0.365865 -0.304528
v 3.950972 0.192639 0.377579
v 4.033720 0.287449 -0.414145
v 4.038295 0.290665 -0.412648
v 4.067512 0.374222 0.411119
v 4.164690 0.479121 -0.134208
v 4.228745 0.466857 0.042424
v 3.941015 0.422778 -0.294569
v 4.293025 0.339673 -0.010484
v 4.291841 0.338568 -0.014513
v 4.290315 0.343313 -0.010311
v 3.683994 0.309267 -0.214231
v 4.249663 0.400961 0.063269
v 4.247993 0.402318 0.067166
v 4.347248 0.115975 -0.058986
v 3.870198 0.126641 0.347677
v 4.074702 0.109601 0.417539
v 3.934418 0.197790 0.361864
v 4.086298 0.267510 0.448595
v 4.074718 0.168804 -0.481432
v 3.938868 0.199307 0.363011
v 4.257993 0.403972 0.048454
v 3.968344 0.024852 0.367168
v 3.654949 0.074777 -0.288149
v 3.745255 0.387558 0.043596
v 3.745381 0.388340 0.039325
v 3.758999 0.241571 0.313743
v 3.758766 0.238075 0.316031
v 4.269769 0.109741 0.407013
v 4.233691 0.257391 0.394226
v 4.310272 0.291956 -0.268133
v 3.719316 0.280162 -0.338668
v 4.345325 0.120062 -0.059654
v 4.306154 0.282785 -0.286929
v 4.264946 0.381374 0.012169
v 4.266816 0.380551 0.008501
v 4.307487 0.249219 0.308775
v 4.336161 0.178104 -0.138557
v 3.648791 0.061459 0.210216
v 3.651899 0.058850 0.211326
v 4.355508 0.191900 -0.155878
v 4.356175 0.187678 -0.155004
v 4.128554 0.233116 0.482434
v 3.941272 0.437177 -0.277624
v 4.218258 0.133371 0.484042
v 4.009459 0.153236 -0.423598
v 4.209249 0.300454 0.361172
v 4.208599 0.300641 0.356790
v 3.952082 0.018470 0.363592
v 4.129905 0.099583 0.457650
v 3.717916 0.349189 -0.282299
v 3.645888 0.064197 0.208934
v 4.092968 0.087846 0.432484
v 3.750580 0.381461 0.254523
v 4.084894 0.107914 0.421565
v 4.280965 0.254780 0.369414
v 4.269224 0.296527 0.203511
v 4.218566 0.364919 0.366006
v 4.221619 0.363596 0.363948
v 4.220889 0.364504 0.362294
v 4.114088 0.225649 0.483191
v 4.162340 0.476718 -0.142279
v 4.276153 0.339077 -0.185712
v 4.272284 0.342220 -0.186352
v 3.731610 0.066401 -0.354505
v 3.732625 0.063014 -0.351992
v 4.230380 0.403563 0.132249
v 4.188606 0.288325 0.440231
v 4.225000 0.407231 0.139150
v 4.038416 0.172202 0.403405
v 4.055585 0.201426 0.412630
v 4.060251 0.196703 0.412977
v 4.082767 0.296618 0.437615
v 4.320752 0.315568 -0.222727
v 4.323914 0.312563 -0.222490
v 3.946940 0.082673 0.404810
v 3.929229 0.426033 -0.288094
v 4.261579 0.347264 -0.238794
v 3.669192 0.239308 -0.304848
v 3.666343 0.239182 -0.301455
v 4.221182 0.269910 0.421677
v 3.789696 0.324341 -0.328039
v 4.313034 0.321996 -0.183742
v 4.335221 0.309038 -0.180062
v 3.874532 0.260064 0.382044
v 4.248444 0.395222 0.120057
v 4.245209 0.398064 0.119099
v 4.252771 0.169438 0.443984
v 4.272779 0.363105 -0.043605
v 4.349149 0.280527 -0.228743
v 4.282635 0.357546 0.002223
v 4.282616 0.358661 0.006447
v 3.762350 0.246459 0.314207
v 3.759200 0.245122 0.311512
v 3.714072 0.340031 0.182232
v 3.786899 0.402720 -0.252231
v 4.300219 0.257357 0.280613
v 4.299663 0.257162 0.284908
v 4.057213 0.112610 -0.467513
v 4.060967 0.108033 -0.469226
v 4.261214 0.357904 -0.089700
v 4.118964 0.454462 -0.205213
v 3.924154 0.396469 -0.326053
v 4.283629 0.270380 0.271142
v 3.791850 0.409529 0.268882
v 4.247236 0.392615 0.093591
v 4.279690 0.348147 -0.069562
v 4.286154 0.298023 0.191316
v 4.285728 0.296957 0.195463
v 4.345049 0.300749 -0.172101
v 3.745225 0.412255 -0.122699
v 3.702700 0.257293 -0.337267
v 3.655359 0.142830 0.283260
v 3.849434 0.424184 -0.258741
v 3.873876 0.433397 -0.261450
v 3.986828 0.016792 0.343806
v 3.886032 0.014716 0.312948
v 4.029767 0.390940 -0.349014
v 4.091201 0.203032 0.465416
v 4.189995 0.039187 0.449620
v 4.047492 0.411975 0.379509
v 3.867449 0.011233 0.295523
v 4.364839 0.091734 -0.248746
v 4.222824 0.037519 0.415431
v 4.353001 0.031516 -0.196219
v 3.972980 0.022905 0.363604
v 4.106821 0.113070 -0.495279
v 4.175989 0.153571 -0.468468
v 3.663777 0.055141 -0.120196
v 4.330518 0.135551 0.010242
v 4.042277 0.289800 -0.412280
v 3.955029 0.217085 0.384740
v 3.802796 0.103567 0.320361
v 3.847537 0.273749 0.364376
v 4.165954 0.323864 -0.404156
v 4.079094 0.386291 -0.360892
v 4.301912 0.265813 -0.156880
v 3.670609 0.077217 -0.313929
v 3.669295 0.077016 -0.312161
v 3.956809 0.152597 0.398728
v 3.669559 0.051391 0.227303
v 3.767361 0.426828 -0.175374
v 3.768033 0.427339 -0.171047
v 3.770525 0.429937 -0.175952
v 3.737152 0.370158 -0.247778
v 3.829206 0.005601 0.264151
v 3.967889 0.387328 -0.347388
v 4.079160 0.113057 0.417006
v 3.642055 0.070576 -0.185454
v 4.294400 0.268405 0.250804
v 4.176465 0.235552 0.493685
v 4.176420 0.238567 0.490619
v 4.296309 0.087988 -0.000150
v 4.299154 0.090826 0.000010
v 4.280697 0.311392 0.174595
v 4.298715 0.329926 -0.162019
v 4.295001 0.333208 -0.162409
v 3.658897 0.057178 -0.179090
v 4.004765 0.179423 0.389038
v 4.039507 0.232957 -0.441194
v 4.249306 0.317296 -0.368594
v 3.644876 0.116261 0.249490
v 4.193047 0.414624 0.343853
v 3.843036 0.265357 0.366240
v 4.334122 0.022437 -0.199475
v 3.668566 0.056619 -0.167440
v 4.281697 0.362181 0.058479
v 4.065912 0.041640 0.376015
v 4.301868 0.332231 -0.183535
v 3.712189 0.169972 0.309056
v 4.141684 0.466907 -0.185436
v 4.138656 0.470817 -0.184884
v 4.277102 0.037915 0.315428
v 4.150893 0.339688 -0.391673
v 4.283858 0.219807 0.389091
v 4.302487 0.254400 0.289450
v 3.758686 0.421441 -0.132364
v 4.267272 0.219954 0.406040
v 3.883960 0.069131 0.348788
v 3.884201 0.065067 0.347608
v 4.222398 0.137628 0.482004
v 3.731054 0.335276 0.259494
v 4.134313 0.460114 -0.196614
v 4.133265 0.457257 -0.199754
v 4.083222 0.111717 0.417019
v 4.134615 0.410646 0.378297
v 3.642499 0.186127 -0.294235
v 3.640584 0.106270 -0.289967
v 3.639836 0.110628 -0.290311
v 3.640732 0.110558 -0.294567
v 4.259850 0.398227 0.035543
v 4.212090 0.326634 0.377496
v 4.237463 0.082772 -0.473384
v 4.193467 0.433620 0.193201
v 4.302433 0.023845 -0.266465
v 4.184218 0.461737 -0.135414
v 4.326838 0.208920 0.280913
v 4.102172 0.233529 0.473008
v 3.752385 0.415602 -0.136208
v 3.767154 0.425264 -0.198747
v 3.797992 0.422825 0.137216
v 3.796846 0.422837 0.140691
v 4.327256 0.086835 0.079954
v 4.213223 0.313443 0.378499
v 4.292220 0.280563 0.215756
v 4.082774 0.408525 -0.298564
v 4.124084 0.485616 -0.153895
v 4.156543 0.413604 0.367037
v 4.311656 0.293380 -0.264577
v 4.315042 0.290642 -0.264517
v 4.088809 0.044484 0.398035
v 4.284358 0.337011 -0.131626
v 4.278233 0.051128 0.374922
v 4.241631 0.217386 0.419363
v 4.294230 0.065214 0.158507
v 4.198930 0.446235 -0.141661
v 4.200006 0.447250 -0.137426
v 4.237695 0.402607 0.166784
v 3.722863 0.011746 0.217687
v 4.083467 0.065754 -0.450531
v 4.253354 0.396880 0.042747
v 3.650123 0.111088 -0.314026
v 4.164137 0.196992 -0.453315
v 3.695762 0.087700 0.289013
v 4.077432 0.133207 0.423257
v 4.201625 0.457469 -0.109021
v 4.204942 0.454439 -0.109612
v 3.642379 0.072993 0.208993
v 4.341317 0.118791 0.078798
v 3.741775 0.390117 0.226643
v 3.744894 0.392611 0.228635
v 4.295288 0.092248 -0.012706
v 3.776985 0.363267 -0.291474
v 3.772711 0.363498 -0.291090
v 4.029119 0.159555 -0.451985
v 4.145459 0.037482 0.444340
v 3.891753 0.043386 0.346797
v 3.889081 0.044355 0.343556
v 4.069901 0.384552 -0.361381
v 4.250253 0.262515 -0.423042
v 4.109309 0.146106 0.451816
v 4.111571 0.142666 0.449976
v 4.003901 0.198308 0.387081
v 3.999083 0.194915 0.385636
v 4.004270 0.196163 0.383699
v 4.258658 0.361137 -0.089672
v 4.116983 0.412698 0.380326
v 3.861959 0.316689 0.337794
v 4.078486 0.297031 0.436875
v 4.175057 0.120526 -0.477035
v 4.023837 0.386004 -0.354800
v 3.792804 0.031851 0.299718
v 3.793270 0.027868 0.297892
v 4.249958 0.389843 0.094597
v 3.994072 0.143799 -0.416948
v 4.263064 0.379081 0.097598
v 3.642104 0.158977 -0.302295
v 3.849626 0.284566 0.357415
v 4.328541 0.119816 0.007081
v 3.962286 0.221364 -0.407483
v 4.058659 0.301258 -0.404391
v 4.267325 0.048730 0.383369
v 4.018059 0.086114 0.392311
v 4.018178 0.083021 0.389216
v 4.277324 0.337704 -0.212430
v 4.024645 0.388908 -0.351699
v 4.028036 0.386061 -0.355954
v 4.226719 0.462051 0.081801
v 4.259490 0.290325 0.216956
v 3.675720 0.034806 0.019062
v 3.679612 0.033241 0.018459
v 4.105557 0.125110 -0.499227
v 3.640719 0.077819 -0.179202
v 3.637787 0.080470 -0.180315
v 3.749595 0.233754 0.307824
v 4.058033 0.314750 -0.401558
v 4.075151 0.385972 -0.358982
v 4.073907 0.383270 -0.361952
v 4.287105 0.055074 0.149163
v 4.039897 0.150597 0.421297
v 4.202137 0.042252 0.452191
v 4.359731 0.045101 -0.238723
v 3.922471 0.065476 -0.398840
v 3.701231 0.332608 0.174652
v 4.256063 0.353636 -0.105639
v 4.302982 0.022134 0.052618
v 4.305762 0.025453 0.052667
v 3.731987 0.011635 0.235532
v 4.347563 0.074747 -0.060325
v 4.287530 0.290053 0.205317
v 3.981811 0.045094 -0.375116
v 3.701951 0.174309 0.293974
v 3.665460 0.080186 -0.310338
v 4.196937 0.284295 0.442157
v 4.021672 0.179149 0.390096
v 4.045176 0.161309 0.425507
v 4.103121 0.237742 0.472043
v 4.160929 0.465927 -0.165908
v 4.164165 0.463152 -0.165850
v 3.728299 0.339054 0.255406
v 3.972425 0.427254 0.319623
v 3.970870 0.426502 0.323013
v 4.294728 0.215036 0.374108
v 3.755087 0.381067 -0.263660
v 4.294405 0.064346 -0.369958
v 3.705992 0.339310 0.166697
v 3.953440 0.130414 0.406320
v 3.771399 0.011466 0.270247
v 3.772010 0.010099 0.266272
v 4.099361 0.181393 0.469331
v 3.660644 0.059789 -0.175898
v 3.664007 0.057372 -0.175824
v 4.178797 0.440928 0.201446
v 4.028427 0.077506 -0.418548
v 4.165194 0.109557 -0.476579
v 4.266644 0.169068 0.430476
v 4.259881 0.382054 0.096747
v 4.260291 0.381678 0.092383
v 4.256541 0.384817 0.091682
v 4.106999 0.044307 0.435348
v 4.290583 0.287522 0.203957
v 4.068554 0.044860 0.379921
v 4.069633 0.040724 0.378004
v 4.292624 0.281786 0.211502
v 4.292757 0.282978 0.207255
v 4.290326 0.286068 0.208349
v 4.289393 0.284299 0.212362
v 4.251441 0.361965 -0.303342
v 4.011744 0.162244 0.402424
v 4.097074 0.137173 0.431260
v 4.149377 0.451312 -0.200271
v 4.148242 0.448748 -0.203648
v 4.239522 0.392917 0.092213
v 4.335819 0.166071 0.153446
v 4.143673 0.105708 0.469030
v 3.899358 0.063113 -0.381914
v 3.950021 0.100554 -0.401964
v 3.758531 0.230974 0.320576
v 4.214622 0.235164 0.486982
v 4.231830 0.297408 -0.397652
v 4.230353 0.295128 -0.400987
v 4.131404 0.135421 -0.497533
v 3.740155 0.222320 0.304218
v 4.286032 0.358198 0.072781
v 3.958974 0.212107 0.384561
v 3.647461 0.202587 -0.294896
v 3.648738 0.206562 -0.294529
v 4.121793 0.109767 0.443169
v 4.023374 0.050025 -0.388035
v 4.072398 0.401585 0.396762
v 4.241758 0.391715 -0.217659
v 3.977734 0.114181 0.425015
v 3.766698 0.423849 -0.202731
v 3.748049 0.392838 0.192837
v 4.198209 0.390366 0.365491
v 3.752973 0.387382 -0.251769
v 3.756458 0.389343 -0.253834
v 4.047679 0.043711 0.365116
v 3.883165 0.425889 -0.275308
v 3.699889 0.324335 -0.280967
v 3.696726 0.322405 -0.278683
v 4.282855 0.300841 0.191370
v 4.253340 0.165209 0.444438
v 4.014408 0.149863 0.415683
v 3.707720 0.049177 0.270321
v 4.179917 0.345802 0.402015
v 4.154194 0.394289 0.382341
v 4.326563 0.177661 -0.130504
v 3.743950 0.390543 0.231679
v 4.187515 0.329795 0.407403
v 4.211516 0.275684 0.433229
v 4.047319 0.047998 0.366154
v 3.850887 0.293483 -0.378677
v 3.789572 0.394841 -0.263184
v 4.327115 0.086912 0.084244
v 3.993207 0.204861 0.394108
v 3.992417 0.207958 0.396956
v 3.835827 0.256005 0.365879
v 3.799115 0.422848 0.133583
v 3.694129 0.273731 -0.316226
v 3.966945 0.242187 -0.407589
v 3.902650 0.012491 0.319818
v 4.326815 0.213213 0.280452
v 3.946615 0.078367 0.403535
v 4.012572 0.241860 -0.423218
v 4.168337 0.463394 -0.158592
v 3.662820 0.234855 -0.298558
v 4.288118 0.338526 -0.148669
v 4.196655 0.485869 -0.035820
v 3.817041 0.009122 0.278812
v 4.234466 0.030855 0.381890
v 4.282925 0.360886 0.050044
v 3.974206 0.211894 -0.401790
v 3.974150 0.207656 -0.402880
v 4.122502 0.042995 -0.417164
v 4.126272 0.041777 -0.418260
v 3.673040 0.037396 0.024149
v 4.272501 0.370664 0.055825
v 4.304442 0.059183 -0.322706
v 4.240930 0.248562 0.403579
v 4.288131 0.322485 -0.125250
v 4.288005 0.082940 -0.023243
v 4.287446 0.082777 -0.018435
v 4.134658 0.413572 0.375650
v 4.273643 0.369693 0.029867
v 4.188724 0.442077 0.192601
v 4.190328 0.455759 -0.137545
v 4.162221 0.051343 -0.445004
v 3.984119 0.411436 -0.319886
v 4.272145 0.348437 0.160380
v 4.095559 0.135892 0.425307
v 4.045307 0.205202 0.413246
v 4.120569 0.236277 0.477046
v 4.256220 0.152887 0.439696
v 3.857214 0.315903 -0.358225
v 3.716979 0.057640 0.291219
v 3.673774 0.022006 0.089681
v 3.671219 0.025189 0.089313
v 4.038301 0.399588 -0.330393
v 3.639781 0.075455 -0.182908
v 4.339565 0.178416 -0.141379
v 4.338504 0.182595 -0.142405
v 4.335083 0.182392 -0.139555
v 4.275982 0.329533 -0.241635
v 4.276014 0.328316 -0.246116
v 4.272596 0.330825 -0.246970
v 4.272432 0.331956 -0.242607
v 3.901051 0.180720 0.374562
v 3.914013 0.023736 0.356073
v 3.915591 0.196992 -0.414655
v 4.039422 0.164423 0.415152
v 4.234724 0.191989 0.478695
v 3.860208 0.246465 -0.405132
v 3.905311 0.382163 -0.331849
v 3.904552 0.379209 -0.334969
v 3.675984 0.125316 0.300868
v 4.305705 0.251602 0.289620
v 4.217344 0.465101 0.088922
v 4.025625 0.414745 -0.315451
v 3.919110 0.060650 -0.396742
v 3.915219 0.060570 -0.394929
v 4.076081 0.413433 -0.298210
v 4.208621 0.416888 0.182524
v 3.998845 0.022434 0.353671
v 4.350290 0.249584 -0.167805
v 4.097522 0.094228 -0.482711
v 3.904695 0.176437 0.376394
v 3.905156 0.180753 0.375785
v 4.018574 0.203817 -0.433622
v 4.222700 0.420184 -0.170245
v 4.302155 0.088050 -0.036591
v 3.860892 0.313301 0.340309
v 3.718007 0.364966 0.121684
v 3.714874 0.362105 0.120740
v 4.303711 0.279211 -0.156538
v 3.987551 0.203952 -0.405261
v 4.168323 0.486252 -0.111960
v 4.166951 0.485597 -0.116034
v 4.163988 0.488603 -0.115329
v 4.332075 0.097541 -0.041566
v 4.230683 0.407250 0.127743
v 3.711069 0.046639 0.270513
v 4.093496 0.126126 0.417221
v 4.265453 0.359383 -0.077030
v 3.806356 0.422763 -0.237031
v 4.234265 0.196405 0.452416
v 3.830419 0.020941 0.286343
v 4.159991 0.094429 0.475105
v 3.755605 0.417796 -0.140969
v 4.012045 0.021472 0.350308
v 4.291722 0.061089 -0.368952
v 4.319584 0.106199 0.003278
v 4.239479 0.234716 0.417342
v 3.728302 0.329894 0.256956
v 3.728301 0.334930 0.256611
v 4.245411 0.263383 -0.426189
v 4.277564 0.319512 0.170308
v 3.646173 0.080365 -0.172220
v 4.049948 0.165891 0.424207
v 4.050447 0.168505 0.421612
v 4.192808 0.287976 0.439669
v 4.136581 0.075984 -0.468157
v 4.248869 0.299826 -0.384413
v 3.849416 0.314481 -0.354696
v 3.774868 0.403587 -0.245829
v 3.735749 0.368481 -0.251613
v 4.289868 0.087027 -0.022842
v 4.309486 0.313800 -0.169992
v 3.765815 0.425400 -0.161823
v 3.780513 0.387499 -0.267120
v 3.776440 0.386746 -0.265881
v 3.776955 0.389576 -0.262633
v 3.669226 0.139411 0.296889
v 4.353456 0.138563 -0.128095
v 4.270583 0.377817 -0.017558
v 3.730640 0.374218 0.163113
v 3.978374 0.211573 -0.401231
v 3.666661 0.136827 0.295290
v 4.232115 0.263248 0.407647
v 4.159062 0.233256 0.490308
v 4.015790 0.138059 -0.437730
v 4.276141 0.331080 -0.237473
v 4.165221 0.489093 -0.111217
v 4.254460 0.385694 0.081972
v 3.951500 0.020583 0.367386
v 3.883021 0.255829 0.384303
v 4.265148 0.033365 0.150849
v 4.090808 0.092828 0.429884
v 4.121689 0.050103 0.457171
v 4.102681 0.216532 0.478599
v 4.236990 0.216719 0.421845
v 4.243736 0.214749 0.419388
v 4.075104 0.060939 0.390638
v 4.290996 0.335699 -0.154694
v 4.293655 0.332443 -0.154632
v 4.181473 0.108826 -0.471923
v 4.182333 0.112339 -0.474479
v 4.176313 0.445957 0.191700
v 3.963388 0.095130 0.416011
v 3.826952 0.310874 -0.345506
v 3.826344 0.307994 -0.348709
v 3.822326 0.307237 -0.346987
v 4.112638 0.377259 -0.368362
v 4.090116 0.114307 -0.495796
v 4.094059 0.114971 -0.496471
v 4.312563 0.308709 -0.242218
v 4.246871 0.171520 -0.467452
v 4.198600 0.054633 -0.449925
v 4.183646 0.268184 0.455089
v 3.887931 0.052163 0.346842
v 3.699726 0.069800 0.278491
v 3.695822 0.072242 0.275297
v 4.213921 0.284067 0.355455
v 3.970083 0.137749 0.411946
v 3.693731 0.043293 0.248382
v 3.698080 0.042209 0.252401
v 4.213726 0.371797 0.356125
v 4.215640 0.368488 0.355664
v 3.642456 0.123712 -0.308659
v 4.058475 0.318857 -0.400188
v 3.726553 0.383555 0.007138
v 3.781450 0.399837 0.271167
v 3.778002 0.398951 0.269368
v 4.300611 0.067103 -0.040777
v 4.322205 0.144387 -0.348848
v 4.090571 0.041097 0.396041
v 4.319822 0.030861 -0.270152
v 3.655732 0.058466 0.216036
v 3.765042 0.241040 0.321326
v 4.234241 0.394777 0.100396
v 4.230746 0.397106 0.099425
v 3.898123 0.052432 0.361576
v 4.303685 0.024680 -0.044931
v 4.305830 0.020070 -0.048710
v 3.994806 0.247130 -0.401934
v 4.329218 0.177369 -0.133547
v 3.915072 0.360636 -0.363257
v 3.914144 0.357718 -0.366347
v 4.359148 0.036558 -0.195199
v 4.268279 0.020661 0.241456
v 4.064102 0.031302 0.370554
v 3.903049 0.409959 -0.302378
v 4.151622 0.332934 -0.398499
v 3.895900 0.059651 -0.378239
v 4.115415 0.191297 0.483638
v 4.243433 0.388419 0.059959
v 4.248165 0.387834 0.061394
v 4.344924 0.024277 -0.162189
v 3.917607 0.359007 -0.368817
v 3.913334 0.354531 -0.369160
v 4.112453 0.108290 0.441093
v 3.814104 0.056339 -0.373059
v 4.017519 0.167980 0.396505
v 4.077021 0.200439 0.440914
v 4.074977 0.201236 0.436886
v 4.095358 0.030593 0.383150
v 3.687310 0.265900 -0.314337
v 4.291604 0.025000 0.008440
v 4.048889 0.206062 0.415354
v 4.270535 0.246848 0.396051
v 4.273926 0.248099 0.392552
v 4.188825 0.293761 0.433535
v 4.258595 0.350574 -0.148294
v 4.141029 0.106331 0.465778
v 4.229515 0.301780 -0.394045
v 4.230963 0.304009 -0.390849
v 3.842544 0.290986 0.341384
v 3.846006 0.292126 0.344038
v 4.236956 0.099612 -0.481958
v 3.930272 0.387690 -0.337838
v 4.271863 0.352802 -0.082077
v 4.272489 0.353762 -0.077774
v 4.275604 0.350697 -0.077952
v 4.275014 0.349895 -0.082215
v 4.083112 0.386358 -0.362890
v 4.064901 0.405142 0.391823
v 4.282072 0.341828 -0.103685
v 3.747379 0.393820 0.200952
v 3.749822 0.396575 0.203123
v 4.097843 0.104665 0.431486
v 4.252954 0.249145 0.401245
v 3.688092 0.275507 -0.308176
v 3.931814 0.182632 0.381024
v 4.121265 0.408953 0.382712
v 4.210099 0.327842 -0.373758
v 4.208672 0.325462 -0.377216
v 4.116850 0.252886 0.460932
v 3.727749 0.185413 0.315789
v 4.023235 0.369270 -0.375159
v 3.856860 0.016114 0.299653
v 3.713090 0.154648 0.314319
v 3.971436 0.411222 -0.316427
v 3.721101 0.367859 0.122674
v 4.103864 0.411275 0.384489
v 4.139699 0.056335 -0.451283
v 4.019222 0.201959 0.400826
v 4.105394 0.093134 -0.485424
v 4.213280 0.341609 0.374404
v 4.209728 0.343589 0.376176
v 4.211269 0.337734 0.376013
v 4.098860 0.077323 -0.478087
v 3.646773 0.066705 0.212498
v 3.644035 0.069595 0.211027
v 3.915857 0.377817 -0.342881
v 4.336187 0.135542 -0.321755
v 4.079486 0.131665 0.417101
v 4.083418 0.132320 0.414817
v 3.867260 0.315626 -0.367266
v 4.255048 0.077446 -0.451581
v 4.256775 0.080724 -0.453387
v 4.184579 0.456255 -0.146493
v 4.162344 0.159138 -0.478579
v 3.718188 0.189751 0.300544
v 4.088505 0.203153 0.461923
v 4.269563 0.170378 0.427253
v 4.112671 0.253611 0.460369
v 4.248595 0.443337 0.038753
v 4.356863 0.199749 -0.161017
v 4.275795 0.051209 0.378583
v 3.740052 0.372720 -0.249910
v 3.682092 0.054209 -0.291129
v 4.111253 0.046076 0.450338
v 3.690495 0.255176 -0.325023
v 4.276025 0.332408 -0.233290
v 4.007823 0.165322 0.398913
v 4.332296 0.102045 -0.037866
v 4.329105 0.099320 -0.039427
v 4.260883 0.185521 0.425941
v 3.892976 0.019728 0.326071
v 3.915791 0.352654 -0.374536
v 3.916774 0.355795 -0.371681
v 4.135440 0.116588 0.466116
v 3.961556 0.200425 -0.407952
v 4.250007 0.382344 -0.215344
v 4.156547 0.410667 0.370446
v 4.234983 0.393129 0.091396
v 4.022414 0.191835 -0.438995
v 4.242236 0.227986 0.414668
v 4.256620 0.425271 -0.019483
v 4.218137 0.217200 0.496661
v 4.250500 0.148692 -0.470440
v 3.690545 0.315109 -0.203663
v 4.250844 0.176365 0.437963
v 4.175731 0.267101 0.452675
v 4.021342 0.415686 -0.315047
v 4.297024 0.260283 0.280483
v 4.272676 0.187178 0.412959
v 4.215552 0.280722 0.350701
v 4.066902 0.036167 0.374101
v 3.670093 0.080586 -0.315753
v 3.648087 0.059084 0.206566
v 4.114289 0.169239 0.479427
v 4.109212 0.064971 0.452649
v 4.107933 0.060348 0.451907
v 3.906735 0.435164 -0.271847
v 4.327969 0.311209 -0.218281
v 4.176185 0.480995 -0.109134
v 3.743505 0.230950 0.302371
v 4.261586 0.392259 0.027912
v 4.250721 0.397623 0.050774
v 4.338783 0.125242 -0.048301
v 4.025401 0.170430 0.400301
v 4.230493 0.406822 0.124043
v 4.230470 0.407548 0.120705
v 4.233338 0.410274 0.124953
v 4.133450 0.124052 0.471707
v 3.960970 0.194796 0.375815
v 3.957678 0.199250 0.372501
v 4.209076 0.129716 0.485895
v 3.731560 0.009960 0.226847
v 3.664214 0.075262 -0.303284
v 3.890534 0.423565 -0.281207
v 3.661862 0.137009 0.288569
v 4.352191 0.159547 -0.138134
v 4.190560 0.305920 -0.413259
v 4.192118 0.308256 -0.409892
v 4.356060 0.171037 -0.148644
v 4.106724 0.032399 0.395867
v 4.077828 0.408732 -0.301817
v 4.232050 0.465789 0.008785
v 4.354300 0.156278 -0.282227
v 3.955268 0.088758 0.410343
v 4.261370 0.352676 -0.097557
v 3.719778 0.370729 0.070575
v 4.205678 0.284523 0.423408
v 4.202639 0.285337 0.428365
v 3.922979 0.024716 0.366352
v 4.277429 0.030105 0.284955
v 3.937516 0.195707 0.370566
v 4.040451 0.146443 0.421849
v 4.084541 0.144466 0.428476
v 4.188775 0.284704 0.442521
v 3.693160 0.316895 -0.195650
v 3.696070 0.319748 -0.197221
v 3.878726 0.437032 -0.259972
v 4.287708 0.268755 0.271547
v 4.008849 0.406430 -0.327606
v 4.122317 0.451644 -0.209445
v 4.355598 0.138676 -0.282345
v 4.315681 0.314689 -0.230857
v 4.314660 0.312625 -0.234636
v 4.360948 0.040326 -0.213001
v 4.040983 0.164152 0.421694
v 4.304397 0.091218 -0.034899
v 4.218518 0.367090 0.362892
v 4.217617 0.368042 0.359187
v 3.711381 0.057541 -0.335663
v 3.909850 0.231324 0.374150
v 4.047077 0.208943 0.418085
v 4.043438 0.208282 0.415902
v 4.136769 0.072420 -0.465744
v 4.246756 0.351249 -0.331070
v 3.759670 0.419833 -0.155878
v 3.938498 0.047141 -0.388307
v 3.722390 0.010219 0.208856
v 3.728621 0.373690 0.138567
v 4.277069 0.039996 0.346662
v 4.330889 0.127552 0.010863
v 3.936125 0.181683 0.380488
v 4.093659 0.469606 -0.182835
v 4.097013 0.467051 -0.187309
v 4.171127 0.487463 -0.103883
v 3.848891 0.011190 0.207243
v 4.047188 0.076043 -0.429226
v 4.203507 0.039687 0.449389
v 4.289711 0.306839 -0.269698
v 4.264062 0.248764 0.398457
v 4.249886 0.393745 0.134063
v 4.246619 0.396433 0.133145
v 4.353917 0.249867 -0.171188
v 4.071151 0.386878 -0.358174
v 4.111713 0.139955 0.444144
v 4.207042 0.436037 -0.154365
v 4.122614 0.062895 -0.456254
v 3.639970 0.101807 -0.281312
v 4.194715 0.425394 0.235627
v 3.916083 0.437805 -0.270825
v 4.239429 0.225265 0.416867
v 4.004875 0.246178 -0.409574
v 3.715604 0.053987 0.285291
v 4.142196 0.349776 -0.383750
v 4.140744 0.347495 -0.386993
v 4.252999 0.152289 0.442406
v 3.698067 0.053814 -0.313761
v 4.117226 0.050616 0.458158
v 4.112797 0.052813 0.457467
v 3.841219 0.244880 0.372774
v 4.028759 0.184941 -0.447178
v 4.265692 0.229644 0.404006
v 4.081306 0.106001 -0.486014
v 4.079827 0.109509 -0.488296
v 4.083750 0.109708 -0.490549
v 4.225205 0.041104 0.416739
v 4.158503 0.098191 -0.472656
v 4.238517 0.283737 -0.407962
v 4.230513 0.199453 0.456462
v 4.257771 0.191099 -0.459873
v 4.259923 0.190127 -0.456543
v 3.729571 0.392408 -0.025189
v 4.273715 0.341974 -0.209349
v 4.156763 0.052552 0.456450
v 4.229025 0.402255 0.112077
v 4.057731 0.310496 -0.402667
v 3.856016 0.019363 0.302594
v 4.236320 0.460848 0.038938
v 4.039520 0.432876 -0.277619
v 4.031709 0.185743 -0.450419
v 4.183340 0.461025 -0.139034
v 4.109814 0.125385 -0.499701
v 4.257805 0.239865 -0.437627
v 4.286057 0.055585 0.153311
v 4.211468 0.479686 -0.027115
v 4.126385 0.104357 0.450036
v 4.125115 0.100150 0.450564
v 4.294216 0.298495 -0.277820
v 4.167448 0.038865 0.448834
v 4.131728 0.086380 -0.487109
v 4.238226 0.417394 -0.129955
v 4.234756 0.420247 -0.129859
v 4.342672 0.122796 0.069781
v 4.241199 0.420105 -0.100027
v 4.295276 0.023246 0.099210
v 4.260829 0.351508 -0.182837
v 4.004087 0.419361 -0.314063
v 3.955766 0.043798 -0.379339
v 3.937374 0.064537 0.395729
v 3.737064 0.220867 0.301558
v 4.216597 0.388006 0.249358
v 4.210350 0.433200 -0.154218
v 4.303003 0.285665 -0.286612
v 4.243890 0.172649 -0.470274
v 4.244474 0.176953 -0.468942
v 4.247714 0.175816 -0.466625
v 4.306170 0.293806 -0.270925
v 4.088090 0.144859 0.433801
v 4.092146 0.144310 0.435063
v 4.246462 0.340939 -0.345287
v 4.279401 0.363217 -0.007641
v 3.870607 0.316889 -0.369594
v 4.011241 0.159156 0.405444
v 3.863790 0.314470 -0.365063
v 4.349094 0.119428 -0.072125
v 4.085204 0.085866 0.421365
v 3.700356 0.317749 -0.286275
v 4.075976 0.033337 0.375113
v 4.146392 0.263684 0.448736
v 4.142146 0.264250 0.448153
v 4.350788 0.276427 -0.227995
v 3.718890 0.351245 -0.278558
v 4.096576 0.220692 0.472564
v 4.273515 0.343576 -0.205275
v 4.081417 0.413610 -0.295145
v 4.110541 0.225429 0.481401
v 4.336433 0.178428 0.200551
v 3.909970 0.244407 0.374239
v 4.154738 0.103403 -0.483334
v 3.640679 0.065964 -0.211088
v 4.197714 0.332090 0.395775
v 3.962911 0.233990 -0.408105
v 3.959636 0.234117 -0.410832
v 4.004260 0.175574 0.390938
v 4.336298 0.025189 -0.058361
v 3.709358 0.341876 0.167674
v 3.709723 0.343691 0.163863
v 3.706533 0.341019 0.162819
v 3.671675 0.070083 -0.307849
v 3.675280 0.067189 -0.309393
v 3.711208 0.065974 0.293216
v 4.290180 0.335164 -0.143606
v 4.217257 0.059074 -0.453248
v 4.044673 0.404677 -0.324956
v 3.701353 0.039285 0.252731
v 3.948529 0.379769 -0.353712
v 4.215333 0.479293 -0.014065
v 4.130232 0.269647 0.443999
v 4.223670 0.325159 -0.371152
v 4.256973 0.351466 -0.208037
v 4.252986 0.355490 -0.205025
v 4.049801 0.180624 0.403238
v 4.046356 0.180654 0.401103
v 3.981047 0.048412 -0.377825
v 4.301660 0.038102 -0.042965
v 4.308321 0.247771 0.349818
v 3.977897 0.118531 0.426046
v 4.178372 0.493650 -0.070293
v 3.675445 0.244381 -0.310741
v 4.061125 0.308159 -0.399550
v 3.910393 0.345162 -0.377428
v 4.245922 0.407955 -0.099110
v 3.683119 0.072353 -0.322643
v 3.683297 0.068480 -0.320332
v 3.719627 0.374498 0.027250
v 4.205389 0.276148 0.447806
v 3.866715 0.311830 0.347692
v 4.088362 0.211795 0.462283
v 3.959782 0.161734 -0.409263
v 4.199352 0.287710 0.429574
v 3.637245 0.088695 -0.174624
v 4.203125 0.105847 -0.473390
v 4.272156 0.068508 -0.420822
v 4.164281 0.321401 -0.407385
v 4.245333 0.397797 0.141778
v 4.139456 0.091282 -0.485077
v 3.899487 0.058793 -0.380066
v 4.078370 0.036790 0.379579
v 4.011631 0.024510 0.353426
v 4.208202 0.437306 -0.145844
v 3.845417 0.368650 -0.309461
v 4.281714 0.036578 0.224246
v 4.108543 0.475414 -0.179695
v 4.356271 0.034178 -0.182883
v 4.225988 0.462247 0.086166
v 4.272612 0.372887 -0.025707
v 4.241663 0.244523 0.407515
v 4.264178 0.378358 0.048607
v 4.251492 0.356570 -0.175583
v 3.807136 0.406552 -0.258430
v 4.255112 0.192170 -0.462697
v 4.250288 0.348880 -0.330424
v 4.237779 0.290649 -0.401193
v 4.263131 0.185285 -0.455172
v 4.256399 0.230031 -0.442637
v 4.019603 0.386247 -0.353916
v 4.174568 0.441306 0.201750
v 4.174801 0.470719 -0.134825
v 4.077662 0.415530 -0.294613
v 4.222424 0.405990 0.141952
v 3.918128 0.404840 -0.313884
v 4.156857 0.467116 -0.169927
v 4.008673 0.057069 -0.390233
v 4.276163 0.367482 0.074599
v 4.279410 0.364746 0.075447
v 4.276850 0.366983 0.070343
v 4.279585 0.048266 0.365875
v 4.080431 0.309526 0.433671
v 4.303597 0.152889 -0.388621
v 3.724098 0.353638 -0.286656
v 4.241693 0.081910 -0.472182
v 4.102979 0.458427 -0.198819
v 4.264246 0.376840 0.022080
v 4.348667 0.150264 -0.131051
v 4.350103 0.146234 -0.130202
v 4.027223 0.151579 0.417783
v 4.360468 0.044942 -0.234477
v 4.239622 0.382986 -0.246191
v 4.224569 0.205754 0.492758
v 4.108848 0.092714 -0.487911
v 4.231292 0.400991 0.121176
v 4.198070 0.051350 -0.447071
v 4.064928 0.405734 -0.316062
v 4.059621 0.405557 -0.319336
v 4.291938 0.061890 0.153962
v 4.292764 0.061569 0.149763
v 4.295668 0.064732 0.150098
v 3.715785 0.349018 -0.276428
v 4.270129 0.345147 -0.192810
v 4.191065 0.449364 0.183739
v 4.190501 0.447765 0.187123
v 4.208647 0.352443 0.374095
v 3.670318 0.068888 -0.304059
v 4.274559 0.198242 0.407321
v 4.214842 0.344062 0.363648
v 4.023730 0.150306 -0.446426
v 4.268498 0.374235 0.081358
v 3.752787 0.238786 0.308342
v 4.166064 0.165536 -0.470094
v 4.054916 0.389597 -0.354541
v 4.096210 0.139699 0.434835
v 4.099084 0.136181 0.433700
v 3.726193 0.388118 -0.016809
v 4.192939 0.285532 0.443324
v 4.245821 0.319738 -0.369261
v 4.277036 0.235397 0.393077
v 3.645704 0.082763 0.223313
v 4.351441 0.284159 -0.172549
v 4.348354 0.284297 -0.169888
v 4.339591 0.054606 -0.060222
v 4.247365 0.395593 0.146994
v 4.273021 0.023092 0.128049
v 4.339068 0.305073 -0.209609
v 4.012075 0.250591 -0.421181
v 3.647677 0.056880 0.202739
v 4.347813 0.146097 -0.126405
v 4.211092 0.372338 0.361083
v 4.269466 0.216002 0.405728
v 4.278730 0.249129 0.387080
v 4.323039 0.224797 0.305569
v 3.989093 0.385933 -0.351411
v 4.124314 0.248668 0.465345
v 3.652264 0.063081 -0.179449
v 3.709015 0.051160 0.273862
v 3.706680 0.054329 0.273359
v 4.366869 0.083429 -0.239645
v 4.256159 0.074315 -0.446571
v 4.225219 0.423366 -0.141314
v 4.216396 0.221653 0.496940
v 4.212293 0.219736 0.497929
v 3.923838 0.080666 -0.397042
v 3.691162 0.315876 -0.213264
v 4.229905 0.459351 0.082608
v 4.006372 0.152671 -0.420557
v 4.312833 0.100968 0.003491
v 3.989924 0.388639 -0.348173
v 3.639869 0.106270 -0.285736
v 4.023726 0.066447 0.373490
v 3.707617 0.064598 0.284759
v 3.762568 0.422367 -0.161063
v 4.359403 0.121306 -0.267496
v 4.246917 0.396699 0.137716
v 4.260437 0.351900 -0.101707
v 4.298999 0.080393 -0.038010
v 4.354870 0.114369 -0.092765
v 4.230872 0.270185 0.299450
v 4.259628 0.354915 -0.186992
v 4.260044 0.354721 -0.191235
v 3.640677 0.092836 0.217563
v 4.247479 0.184016 0.437056
v 4.213958 0.041057 -0.431238
v 3.830402 0.291098 -0.370941
v 3.829370 0.288130 -0.374189
v 4.094697 0.042355 0.404268
v 3.897162 0.418168 -0.290162
v 4.236615 0.222697 0.419553
v 3.751732 0.212707 0.326253
v 3.871532 0.320086 -0.366739
v 4.184988 0.294859 0.434383
v 4.099775 0.073313 0.439845
v 3.661937 0.226255 -0.299863
v 4.335917 0.140143 -0.321535
v 4.258919 0.421728 -0.019463
v 4.271790 0.370630 0.020541
v 4.124000 0.104700 0.446150
v 4.265314 0.377135 0.080445
v 4.208428 0.125326 0.485381
v 4.244169 0.398361 0.146010
v 4.277749 0.334424 -0.224841
v 4.287313 0.050642 0.199686
v 4.256275 0.173952 0.435720
v 3.838549 0.032730 0.302313
v 4.010643 0.133201 -0.431258
v 4.248672 0.260836 -0.426829
v 3.697235 0.315816 -0.284029
v 4.332871 0.019209 -0.063124
v 4.280972 0.037678 0.293914
v 3.717902 0.060134 -0.342324
v 4.019327 0.410356 -0.321895
v 4.018332 0.407613 -0.325239
v 3.735302 0.357906 0.256461
v 3.821769 0.304306 -0.350141
v 4.121371 0.412090 0.379765
v 4.262364 0.294253 0.209754
v 4.203716 0.110212 -0.474389
v 4.203947 0.279481 0.439518
v 4.139980 0.117014 0.473039
v 4.231389 0.195303 0.478458
v 3.949334 0.382643 -0.350494
v 4.358479 0.125555 -0.271961
v 4.357668 0.125485 -0.275522
v 4.136799 0.466048 -0.190728
v 4.270983 0.039915 0.151570
v 3.762864 0.356008 -0.300271
v 4.280917 0.245726 0.388237
v 4.102918 0.113298 -0.493827
v 4.034977 0.202257 0.406973
v 4.244350 0.040047 0.393531
v 3.787342 0.405590 -0.248977
v 4.207842 0.244891 0.493919
v 4.343333 0.089933 -0.048522
v 4.339306 0.307608 -0.179620
v 4.334214 0.188180 0.234711
v 4.068508 0.054250 -0.422767
v 4.197803 0.350274 0.388267
v 4.093976 0.100991 0.428637
v 3.717218 0.050165 0.284753
v 3.836066 0.348205 -0.317111
v 4.328473 0.119843 0.011277
v 3.736485 0.379696 0.169008
v 3.735267 0.378483 0.172663
v 4.119858 0.457242 -0.202019
v 4.081358 0.203793 0.450073
v 3.852769 0.421712 -0.263398
v 4.336812 0.104701 -0.040865
v 4.334461 0.105844 -0.037694
v 4.136056 0.114575 0.465587
v 4.138646 0.113510 0.468638
v 4.031697 0.201975 0.404221
v 4.136853 0.069011 -0.463075
v 4.353966 0.167233 -0.144340
v 4.253204 0.388242 0.099679
v 4.247928 0.334371 -0.352282
v 4.246644 0.331907 -0.355822
v 4.093361 0.032884 0.386140
v 4.144588 0.345601 -0.387417
v 4.299093 0.089082 -0.033607
v 3.895939 0.049349 0.356703
v 4.075431 0.208396 0.443461
v 4.268590 0.355947 -0.077353
v 3.729278 0.352574 -0.298168
v 3.917666 0.070118 -0.397178
v 3.914725 0.069370 -0.394426
v 4.158133 0.478419 -0.146350
v 3.688451 0.042520 0.240620
v 3.685267 0.045561 0.240355
v 4.066244 0.322952 -0.392461
v 4.063306 0.328349 -0.392083
v 4.066556 0.326487 -0.389947
v 4.001597 0.149871 0.412785
v 3.648179 0.064484 -0.184127
v 4.201020 0.389135 0.287339
v 3.806480 0.134703 0.325410
v 3.725865 0.060001 -0.346032
v 4.175991 0.128732 -0.474302
v 4.172178 0.129383 -0.477737
v 4.254855 0.353227 -0.144387
v 4.258054 0.350219 -0.143908
v 3.719049 0.354486 -0.265023
v 4.313354 0.323200 -0.192269
v 3.876546 0.416726 -0.283434
v 3.808305 0.415777 0.272676
v 3.808064 0.418852 0.269634
v 3.946449 0.213568 -0.415718
v 3.904508 0.057810 -0.387221
v 4.033503 0.205759 0.409690
v 4.030212 0.205406 0.407876
v 3.707899 0.316759 0.223000
v 3.922175 0.386963 -0.334889
v 4.144538 0.113553 0.474487
v 3.971739 0.075140 0.399029
v 3.896547 0.056445 -0.375617
v 4.091013 0.216145 0.465848
v 3.735403 0.182986 0.325232
v 3.729975 0.395074 -0.046796
v 4.045102 0.143049 0.423298
v 4.309326 0.311420 -0.242496
v 3.822989 0.056041 -0.373625
v 4.229241 0.067371 -0.459487
v 3.727971 0.378752 -0.147874
v 4.160088 0.480779 -0.138179
v 3.726009 0.336333 0.248093
v 3.833788 0.423318 0.274652
v 4.188966 0.418655 0.340836
v 3.697113 0.309051 -0.289231
v 3.693687 0.307443 -0.286890
v 4.269092 0.145492 -0.450692
v 3.714925 0.195159 0.293250
v 4.078963 0.152733 -0.488494
v 4.021183 0.165446 0.400659
v 4.016826 0.164999 0.399625
v 4.344363 0.045442 -0.262598
v 4.272602 0.238356 0.395609
v 4.091946 0.106032 0.425647
v 3.665269 0.023265 0.110190
v 3.696969 0.040324 0.248692
v 4.218403 0.428967 -0.141355
v 4.210970 0.367302 0.367008
v 4.262617 0.379148 0.075185
v 4.259451 0.381959 0.074198
v 4.082761 0.200261 0.447763
v 4.084582 0.196937 0.445652
v 3.950678 0.213397 -0.414583
v 3.751894 0.417837 -0.118822
v 4.268629 0.374071 0.041445
v 4.247928 0.369595 -0.282786
v 4.073047 0.099233 -0.473878
v 4.167654 0.125530 -0.480624
v 4.208267 0.240330 0.496437
v 4.328516 0.109845 -0.013541
v 3.919388 0.197361 0.364769
v 4.179329 0.491518 -0.075746
v 3.829812 0.305836 -0.353653
v 4.095602 0.087318 0.435813
v 4.107130 0.118311 0.438578
v 3.696496 0.320771 -0.206755
v 4.166861 0.117093 -0.479810
v 4.183220 0.306342 0.427100
v 4.085545 0.094450 0.423688
v 4.288857 0.021483 0.106824
v 3.988674 0.071225 0.388734
v 4.164192 0.105876 -0.474489
v 3.875104 0.321067 -0.368909
v 3.895420 0.038683 0.348013
v 3.917716 0.074195 -0.394948
v 4.268920 0.210375 0.408484
v 4.246533 0.043794 0.394876
v 4.224312 0.068357 -0.460365
v 4.248411 0.393430 -0.186607
v 4.129670 0.446898 -0.213395
v 4.277081 0.336300 -0.198812
v 4.009853 0.259049 -0.416725
v 4.208083 0.370763 0.370316
v 4.205681 0.281009 0.430994
v 4.187501 0.490025 -0.059927
v 4.248817 0.327604 -0.359019
v 3.933172 0.085060 -0.402432
v 4.230803 0.407201 0.116288
v 4.249336 0.184360 0.433162
v 4.252174 0.185610 0.430185
v 3.896203 0.322933 -0.386014
v 3.951552 0.153522 -0.405701
v 3.716433 0.364183 0.108269
v 4.045739 0.387645 -0.356149
v 4.249878 0.338422 -0.344525
v 4.177476 0.481254 -0.104925
v 4.174245 0.484269 -0.104435
v 3.928739 0.191507 0.377456
v 4.095552 0.190079 0.467222
v 4.098127 0.190021 0.470674
v 3.751217 0.379850 -0.262068
v 3.750791 0.377053 -0.265328
v 4.059788 0.177993 0.411052
v 3.712661 0.344323 0.168959
v 4.160761 0.269402 0.445475
v 4.232612 0.399071 0.112777
v 4.161157 0.455543 -0.185078
v 3.877830 0.433986 -0.263020
v 4.221735 0.204640 0.495164
v 3.857203 0.438931 -0.243954
v 4.084418 0.146761 0.429731
v 4.259109 0.195351 -0.459272
v 3.774481 0.397075 0.267475
v 3.775156 0.400263 0.264464
v 4.257609 0.164743 -0.461512
v 3.650846 0.071778 -0.276139
v 3.861468 0.428479 -0.259723
v 4.332654 0.020238 -0.058881
v 4.336249 0.021098 -0.062588
v 4.079456 0.410959 -0.298264
v 4.092673 0.141029 0.432410
v 4.292894 0.304028 -0.269488
v 4.044641 0.147184 0.422446
v 4.270815 0.372926 0.068546
v 4.249905 0.390733 0.098812
v 4.279405 0.069958 0.386447
v 4.128077 0.127473 0.468769
v 4.125459 0.127369 0.465054
v 4.056098 0.397740 -0.329121
v 3.904845 0.054378 -0.385026
v 3.825749 0.305164 -0.351971
v 4.001001 0.382094 -0.356959
v 4.251781 0.403602 0.063580
v 3.785642 0.327607 -0.324511
v 4.134624 0.448559 -0.210445
v 4.032828 0.179382 0.392076
v 3.665604 0.052206 0.222769
v 3.844794 0.365526 -0.312495
v 3.756311 0.065506 -0.362518
v 4.309132 0.290858 -0.271661
v 4.292335 0.089709 -0.013031
v 4.292137 0.090103 -0.017598
v 3.912285 0.052388 -0.388747
v 4.156777 0.181244 -0.468427
v 4.160064 0.180324 -0.466070
v 4.160370 0.177221 -0.467999
v 4.175280 0.157895 -0.468451
v 3.721538 0.307096 -0.327171
v 4.220706 0.476034 -0.001950
v 4.022642 0.080439 0.385673
v 4.026967 0.081013 0.385254
v 3.889194 0.320621 -0.380053
v 3.721655 0.368596 0.118480
v 3.718538 0.365701 0.117513
v 4.257499 0.156159 -0.463310
v 3.689701 0.310781 0.206038
v 3.697421 0.073517 0.278726
v 4.277462 0.028439 0.236744
v 4.229283 0.154316 0.483221
v 4.088628 0.100823 -0.482562
v 3.943622 0.431451 -0.285152
v 4.193383 0.446402 0.185155
v 4.185399 0.471935 -0.110688
v 3.639281 0.085430 -0.172805
v 4.012782 0.417706 -0.314524
v 4.348600 0.267901 -0.243272
v 4.331368 0.039685 -0.270898
v 4.323922 0.108188 -0.005212
v 3.898409 0.196772 0.379691
v 3.716593 0.351158 -0.272722
v 4.310528 0.316245 -0.173051
v 3.796440 0.412897 -0.244797
v 4.111231 0.374999 -0.371844
v 4.210070 0.363535 0.367911
v 4.094974 0.105399 0.428458
v 4.232304 0.459070 0.068031
v 4.110452 0.108437 -0.496588
v 3.651636 0.206311 -0.297768
v 4.243544 0.052622 0.402588
v 4.344957 0.085971 -0.051681
v 3.979950 0.425656 -0.302231
v 3.931567 0.380739 -0.349997
v 4.288890 0.247758 0.378501
v 3.933303 0.193798 0.374145
v 3.928970 0.194435 0.374650
v 3.998948 0.197833 0.388918
v 3.985855 0.023052 0.358942
v 3.985502 0.026048 0.361924
v 4.274482 0.026974 0.284724
v 4.264235 0.395562 0.028289
v 3.815158 0.280433 -0.375738
v 4.264139 0.296648 0.206580
v 4.284296 0.047464 0.199391
v 4.041624 0.169816 0.408508
v 3.675864 0.069316 -0.312943
v 3.909053 0.021961 0.348002
v 3.979084 0.422826 -0.305316
v 3.729628 0.396740 -0.068659
v 4.259767 0.112559 0.416456
v 4.262411 0.351974 -0.186642
v 3.803766 0.018219 0.291167
v 4.186387 0.448582 0.186407
v 3.804365 0.015320 0.288084
v 4.159508 0.112234 -0.483936
v 4.305927 0.329427 -0.187780
v 3.717212 0.342205 0.184166
v 4.129342 0.486724 -0.150734
v 4.121424 0.448840 -0.212668
v 4.265113 0.341243 -0.232397
v 4.102916 0.045951 0.427441
v 4.212111 0.435091 -0.141508
v 4.215390 0.432190 -0.141459
v 4.272811 0.106164 0.403242
v 3.907671 0.025301 0.350435
v 4.214873 0.431666 -0.145702
v 4.209270 0.362946 -0.328471
v 4.295219 0.300013 -0.273716
v 3.659857 0.140922 0.287228
v 3.690665 0.269562 -0.315271
v 3.690920 0.272858 -0.313168
v 3.749722 0.237395 0.305614
v 4.350049 0.190906 -0.272595
v 3.675795 0.030480 0.050092
v 4.300142 0.084516 -0.037738
v 4.349981 0.159322 -0.136466
v 4.240310 0.213189 0.421745
v 4.027501 0.154588 0.414919
v 3.868942 0.318400 0.342384
v 3.963552 0.191945 0.381009
v 3.964793 0.195317 0.378249
v 4.227263 0.314228 -0.381448
v 4.243924 0.401399 -0.184514
v 4.303394 0.157222 -0.388696
v 3.813973 0.289372 -0.364745
v 4.159060 0.107992 -0.482600
v 4.290646 0.021007 0.102766
v 3.758192 0.353790 -0.303323
v 4.287694 0.338169 -0.151528
v 4.291570 0.336212 -0.151171
v 3.866031 0.432251 -0.258325
v 4.145397 0.339144 -0.394368
v 4.277045 0.045137 0.364807
v 4.338892 0.169684 -0.136198
v 4.033522 0.163864 0.406833
v 4.279677 0.042916 0.347534
v 3.864776 0.317568 -0.362071
v 3.868230 0.318760 -0.364336
v 4.254222 0.165489 -0.464237
v 4.102925 0.147697 0.440717
v 4.161084 0.105078 -0.477526
v 4.098157 0.115799 -0.496649
v 3.840669 0.056368 -0.373532
v 3.845084 0.056468 -0.373430
v 4.240032 0.231229 0.415454
v 4.264009 0.351754 -0.194798
v 4.104330 0.079838 -0.484641
v 3.858180 0.318994 -0.355225
v 3.915263 0.073170 -0.392201
v 4.099550 0.461580 -0.194849
v 4.098734 0.458696 -0.197986
v 4.204173 0.380277 0.316769
v 3.852150 0.312484 -0.359724
v 3.911718 0.068965 -0.391614
v 3.909041 0.065014 -0.389833
v 3.805435 0.007349 0.278116
v 4.156251 0.407454 0.373523
v 4.092030 0.111076 -0.493120
v 4.356713 0.183399 -0.154335
v 4.104617 0.106345 -0.488499
v 4.266029 0.376377 0.040546
v 3.643090 0.072659 -0.181867
v 3.996939 0.076368 0.389655
v 4.001136 0.077294 0.388687
v 3.758311 0.419718 -0.146046
v 3.957821 0.203854 0.373253
v 3.690715 0.099220 0.293178
v 4.326803 0.111129 -0.005098
v 4.107340 0.109179 -0.493496
v 4.266259 0.376062 0.053782
v 4.085095 0.036079 0.384269
v 4.308695 0.325732 -0.183498
v 4.335194 0.100174 -0.039991
v 3.915132 0.434952 -0.274024
v 4.260209 0.166588 0.436411
v 4.133188 0.115965 0.462780
v 3.988882 0.052230 -0.382069
v 4.284245 0.342929 -0.078492
v 3.723280 0.351254 -0.290353
v 3.698704 0.330767 0.173309
v 4.170213 0.161367 -0.468575
v 4.171252 0.157403 -0.469593
v 4.332353 0.193516 0.251784
v 4.058105 0.182529 0.406464
v 3.728422 0.377979 -0.150553
v 4.239938 0.285960 -0.404517
v 3.669776 0.243663 -0.304150
v 4.109042 0.140055 0.440459
v 4.077339 0.404275 0.393929
v 4.228009 0.419831 -0.141437
v 4.065044 0.217223 0.436072
v 4.061941 0.217587 0.433134
v 4.063770 0.214389 0.430852
v 4.066890 0.214043 0.433901
v 3.747001 0.376253 0.255165
v 3.693444 0.304096 -0.289536
v 3.932577 0.368748 -0.363893
v 4.251016 0.143774 -0.471183
v 4.253427 0.387166 0.091171
v 4.250439 0.389994 0.090089
v 3.949486 0.208972 0.372367
v 3.990427 0.190002 -0.404126
v 3.986825 0.190611 -0.407069
v 4.245489 0.268419 0.262284
v 4.091953 0.121905 0.417250
v 4.260669 0.204240 -0.456868
v 4.140597 0.464010 -0.189730
v 4.142974 0.267420 0.445232
v 3.962412 0.225559 -0.407454
v 3.958951 0.225758 -0.410175
v 4.119440 0.139207 0.469724
v 4.131783 0.120331 0.464349
v 4.092434 0.134767 0.418555
v 3.897897 0.192852 0.377663
v 3.999772 0.174431 0.395592
v 4.218051 0.361735 0.368422
v 4.276458 0.351191 -0.069216
v 4.009287 0.250272 -0.417422
v 4.317291 0.308143 -0.238397
v 4.317906 0.309848 -0.234382
v 3.964673 0.416816 -0.307802
v 4.275788 0.047820 0.373684
v 4.317361 0.310508 -0.172777
v 4.275870 0.334262 -0.229385
v 4.221397 0.278918 0.358270
v 4.276691 0.348871 -0.051952
v 3.761911 0.411530 -0.220278
v 4.243364 0.382325 -0.237318
v 4.252955 0.388907 0.103921
v 4.095007 0.177421 0.443249
v 4.249206 0.407795 0.076113
v 4.251862 0.406981 0.072519
v 4.008207 0.168222 0.395764
v 4.270004 0.113853 0.408192
v 4.186949 0.458485 -0.137966
v 4.186971 0.304611 0.425677
v 3.657103 0.138785 0.284645
v 4.287541 0.334574 -0.130981
v 4.257822 0.383054 0.082897
v 3.818418 0.306183 -0.345065
v 4.231999 0.261202 0.389873
v 4.117751 0.255961 0.458034
v 4.247118 0.265374 -0.422609
v 3.893054 0.417833 -0.288769
v 3.653732 0.068494 -0.276090
v 4.229104 0.264284 0.389373
v 4.324487 0.313870 -0.218325
v 4.322440 0.109156 0.003197
v 4.283655 0.302114 0.187284
v 4.324867 0.287854 -0.257357
v 4.195202 0.392997 0.367189
v 4.226104 0.154335 0.486190
v 4.273901 0.340321 -0.213365
v 4.119066 0.370915 -0.372316
v 3.792625 0.406544 0.272092
v 3.836420 0.416819 -0.261089
v 3.677219 0.120942 0.294651
v 4.211519 0.330281 -0.370378
v 3.928360 0.423173 -0.291285
v 4.248147 0.358805 -0.145262
v 3.640799 0.087859 -0.169428
v 4.128806 0.444194 -0.216727
v 4.231349 0.417385 -0.150298
v 4.111810 0.087870 -0.490232
v 3.732689 0.401861 -0.096480
v 3.653273 0.027081 0.148229
v 3.896955 0.200290 0.383175
v 4.092085 0.131337 0.414817
v 3.692650 0.041377 0.244646
v 3.748403 0.415078 -0.122961
v 3.975719 0.425469 -0.300912
v 4.313139 0.311653 -0.171178
v 3.650409 0.131877 0.270448
v 4.031798 0.176365 0.394543
v 4.035563 0.176672 0.396906
v 4.302902 0.254343 0.285076
v 4.229161 0.335260 -0.358012
v 3.990812 0.207305 -0.400860
v 3.987264 0.208028 -0.403510
v 4.279781 0.329538 -0.232238
v 3.849500 0.056571 -0.373153
v 4.272485 0.039042 0.147608
v 4.353508 0.183632 -0.151455
v 4.017129 0.378246 -0.363775
v 3.689485 0.044434 0.244305
v 4.117225 0.139236 0.466165
v 4.093144 0.045703 0.406475
v 4.073778 0.181710 0.422722
v 3.750746 0.384866 0.251770
v 4.175177 0.264052 0.455634
v 4.018141 0.419493 -0.311330
v 4.017085 0.416727 -0.314756
v 4.099062 0.472866 -0.180941
v 3.794219 0.297801 -0.354153
v 4.165622 0.158545 -0.475929
v 3.690210 0.250945 -0.325964
v 4.087074 0.038867 0.389378
v 4.192833 0.457583 -0.128668
v 4.195970 0.454673 -0.128968
v 4.194861 0.453973 -0.133163
v 3.675897 0.034358 0.023500
v 3.705222 0.175824 0.296496
v 3.705279 0.179462 0.293548
v 3.841428 0.364270 -0.310150
v 4.017365 0.056043 -0.391546
v 3.729501 0.391410 -0.016461
v 3.921425 0.384056 -0.338077
v 4.051951 0.398949 -0.328491
v 3.745518 0.208615 0.321633
v 4.134640 0.473213 -0.184819
v 4.089644 0.409659 -0.292431
v 4.087975 0.408244 -0.295923
v 4.084569 0.411102 -0.295259
v 4.275021 0.367985 0.021597
v 4.092667 0.466671 -0.186005
v 3.932586 0.423010 -0.292359
v 3.951173 0.428418 -0.290617
v 3.659895 0.055168 -0.054659
v 3.660230 0.054341 -0.050432
v 3.795978 0.410037 -0.248103
v 4.280912 0.082515 0.389255
v 3.886480 0.021028 0.320478
v 4.314725 0.088339 -0.043493
v 4.227087 0.269182 0.328702
v 3.891635 0.318362 -0.385411
v 3.888237 0.317323 -0.382655
v 4.335769 0.307956 -0.209706
v 4.168885 0.269919 0.447973
v 4.257102 0.394970 0.034998
v 4.325840 0.106765 -0.013557
v 4.025918 0.178227 0.388991
v 3.741802 0.410051 -0.118207
v 4.096216 0.109857 0.427812
v 4.143061 0.343239 -0.390556
v 4.261159 0.379752 0.020550
v 4.306912 0.294592 -0.268568
v 3.661484 0.052281 -0.037741
v 4.091761 0.194337 0.464771
v 4.258854 0.225887 -0.442388
v 3.707049 0.072921 0.294847
v 4.041430 0.026882 0.358838
v 4.341155 0.094965 -0.045999
v 4.230765 0.260644 0.394005
v 3.747336 0.379714 0.252283
v 3.684631 0.098036 0.284465
v 3.683190 0.096463 0.280973
v 3.686164 0.092658 0.281490
v 3.848382 0.434995 -0.244125
v 4.211362 0.233265 0.497599
v 4.203146 0.379557 0.369593
v 4.061900 0.408221 0.387506
v 4.104403 0.143761 0.439203
v 3.996067 0.271858 -0.407689
v 3.993186 0.271685 -0.404290
v 4.282383 0.307252 0.178874
v 3.676006 0.031795 0.041389
v 4.264696 0.350061 -0.097793
v 3.903088 0.054100 -0.379213
v 4.208477 0.482559 -0.025920
v 4.257957 0.233831 -0.439718
v 3.751693 0.216349 0.323655
v 4.071857 0.212784 0.441170
v 3.765529 0.251457 0.314818
v 3.762507 0.250073 0.312021
v 3.763258 0.358713 -0.296976
v 4.255723 0.250234 -0.431611
v 4.178503 0.473318 -0.122646
v 3.726976 0.360087 -0.245307
v 4.080038 0.220618 0.452166
v 4.259875 0.185971 -0.457910
v 4.240576 0.404243 -0.185218
v 4.216733 0.393838 0.237222
v 3.973039 0.402979 -0.327205
v 4.261931 0.045730 0.384905
v 3.769432 0.394473 -0.254347
v 4.092287 0.177869 0.439998
v 3.727492 0.209182 0.298408
v 4.034004 0.167241 0.404081
v 4.257524 0.245348 -0.434857
v 4.208694 0.280418 0.426196
v 3.692294 0.316974 -0.209230
v 4.339512 0.306098 -0.205369
v 4.251698 0.257985 -0.427456
v 4.249641 0.256171 -0.431663
v 4.246435 0.259163 -0.430077
v 4.320822 0.304944 -0.238181
v 4.251402 0.355819 -0.144848
v 3.709723 0.281995 -0.329349
v 4.248789 0.143586 0.442807
v 3.697722 0.088669 0.292566
v 4.099704 0.045422 0.418293
v 4.301082 0.059406 -0.330699
v 4.196536 0.398695 0.360222
v 3.687748 0.268886 -0.312393
v 4.210251 0.372760 0.349098
v 4.207474 0.375374 0.350563
v 3.654585 0.224072 0.251115
v 4.017410 0.068874 -0.402241
v 4.004179 0.250488 -0.410288
v 4.236820 0.409321 -0.168765
v 4.274333 0.234272 0.395524
v 4.125244 0.488327 -0.150512
v 4.295732 0.264029 0.263378
v 3.758495 0.420458 -0.141234
v 4.163831 0.177182 -0.465622
v 3.712992 0.329545 0.206165
v 3.925913 0.374368 -0.354795
v 4.091038 0.224899 0.465861
v 4.091166 0.229284 0.465725
v 3.790090 0.397641 -0.259874
v 4.262904 0.287417 0.216864
v 4.188626 0.291120 0.436920
v 4.210876 0.347004 0.374123
v 4.256031 0.165963 0.442037
v 4.112693 0.079695 -0.486772
v 4.117224 0.080335 -0.486741
v 3.911446 0.359518 -0.360988
v 4.003803 0.169718 0.397049
v 4.294058 0.275565 0.223372
v 4.086660 0.413210 -0.291885
v 4.088955 0.414128 -0.288321
v 4.041194 0.160224 0.423835
v 4.235044 0.460307 0.051389
v 4.107578 0.144028 0.442035
v 4.058022 0.174834 0.413649
v 3.716161 0.351889 -0.262983
v 4.247978 0.274141 -0.411301
v 4.013019 0.137698 -0.434468
v 3.948255 0.195342 0.373407
v 3.952100 0.196194 0.375095
v 3.691688 0.085446 0.281883
v 3.906395 0.231295 0.376882
v 4.255166 0.401242 0.047492
v 4.251516 0.397924 0.046537
v 4.354937 0.220058 -0.166062
v 3.871175 0.015841 0.305073
v 4.242220 0.239471 0.410676
v 4.078036 0.136919 0.425419
v 4.214660 0.370957 0.359404
v 4.340027 0.091286 -0.046391
v 4.081629 0.137100 0.423463
v 4.060055 0.170541 0.418963
v 4.018379 0.204133 0.403191
v 4.055768 0.178484 0.409403
v 4.239366 0.219529 0.419101
v 4.061876 0.174362 0.415632
v 4.131679 0.123898 0.469297
v 4.152540 0.051836 0.454871
v 4.234736 0.414534 -0.151268
v 4.210301 0.241952 0.493453
v 4.076216 0.126761 0.418429
v 4.080048 0.127219 0.416635
v 3.717723 0.054175 0.288828
v 4.230116 0.263720 0.354714
v 4.102125 0.456131 -0.202409
v 3.986446 0.249732 -0.405618
v 4.226616 0.405878 0.130088
v 4.020498 0.162663 0.403858
v 3.928789 0.083621 -0.400991
v 4.226097 0.408150 0.135117
v 4.229210 0.404430 0.136343
v 4.225286 0.405701 0.134700
v 4.334476 0.022714 -0.058621
v 4.159844 0.494328 -0.109654
v 4.228124 0.404814 0.123014
v 4.343309 0.082679 -0.053094
v 4.313890 0.313359 -0.173055
v 4.148963 0.099563 -0.483910
vn -0.6850 -0.4732 0.5540
vn -0.6928 -0.4746 0.5430
vn 0.8306 0.5268 0.1804
vn -0.2291 0.0292 -0.9730
vn 0.0133 0.6414 -0.7671
vn 0.2037 0.6536 -0.7289
vn -0.1199 -0.0572 -0.9911
vn -0.2198 -0.1199 -0.9682
vn -0.2440 -0.0268 -0.9694
vn 0.8093 0.2795 0.5166
vn 0.8908 -0.0401 -0.4526
vn 0.0622 0.7609 -0.6459
vn 0.2341 -0.2012 0.9512
vn -0.0272 0.0010 0.9996
vn -0.3659 -0.4222 0.8294
vn -0.2420 -0.5432 0.8040
vn 0.1254 0.9475 0.2942
vn 0.2790 0.7228 0.6323
vn -0.3689 -0.7590 -0.5364
vn 0.8109 0.5485 -0.2037
vn 0.9412 0.2897 -0.1736
vn 0.9330 0.2304 0.2765
vn 0.8687 0.2921 -0.4000
vn 0.9472 0.3193 0.0287
vn -0.9369 0.2496 0.2448
vn -0.1886 0.3728 0.9085
vn -0.3066 -0.1460 -0.9406
vn 0.9224 0.2986 0.2449
vn 0.9424 0.3240 -0.0831
vn -0.5623 0.2852 0.7762
vn 0.8056 0.5396 0.2445
vn 0.6676 0.6396 0.3810
vn 0.4337 -0.4991 -0.7502
vn -0.5913 0.3705 -0.7163
vn -0.3443 -0.0817 0.9353
vn -0.3568 -0.5425 0.7606
vn -0.7676 -0.0097 0.6408
vn -0.7929 -0.0143 0.6092
vn -0.7939 0.0337 0.6071
vn -0.7930 0.0131 0.6091
vn 0.3340 0.7257 -0.6016
vn 0.9948 -0.0879 0.0508
vn 0.9982 -0.0388 -0.0451
vn 0.9566 -0.1620 -0.2422
vn 0.9604 0.0537 -0.2733
vn -0.5878 -0.6449 -0.4884
vn 0.3461 0.8306 -0.4364
vn -0.4387 -0.1417 0.8874
vn 0.8999 0.1591 0.4061
vn 0.2924 0.9049 -0.3091
vn 0.3859 0.7905 -0.4756
vn 0.4250 0.8079 -0.4083
vn -0.6567 0.7506 -0.0732
vn -0.7081 0.5260 0.4711
vn 0.9165 0.1057 -0.3857
vn 0.0527 0.1285 0.9903
vn 0.4595 0.6055 0.6499
vn 0.9475 0.3195 -0.0105
vn 0.9847 0.1670 0.0489
vn 0.9573 0.2101 0.1986
vn 0.6960 0.5044 -0.5110
vn 0.5911 0.5076 -0.6269
vn 0.8684 -0.1643 0.4679
vn -0.1179 0.6323 -0.7657
vn -0.2617 -0.9644 0.0385
vn -0.1509 0.8468 -0.5101
vn 0.2716 0.8725 -0.4061
vn 0.9953 -0.0206 0.0950
vn 0.9039 0.4277 -0.0014
vn -0.3566 -0.2716 0.8939
vn -0.1049 -0.9570 0.2705
vn -0.0812 -0.9831 0.1643
vn 0.6532 0.7438 -0.1418
vn 0.6140 0.7701 -0.1732
vn 0.4248 0.7233 0.5444
vn 0.6005 0.5874 0.5426
vn -0.5366 -0.3991 0.7435
vn -0.4400 -0.3621 0.8218
vn -0.3320 0.0452 -0.9422
vn -0.3886 0.0622 -0.9193
vn 0.1009 0.1242 -0.9871
vn 0.8726 -0.4628 0.1563
vn 0.1486 0.9065 -0.3952
vn 0.2846 0.7868 -0.5477
vn 0.3202 0.7984 -0.5099
vn -0.0778 0.7560 -0.6500
vn -0.0919 0.7867 -0.6105
vn -0.6138 0.1190 0.7805
vn -0.2755 0.4187 0.8653
vn -0.3493 0.7501 -0.5615
vn 0.5646 -0.1824 0.8050
vn 0.3939 -0.4954 -0.7742
vn 0.5185 -0.6071 -0.6022
vn 0.4891 -0.6406 -0.5920
vn -0.4451 -0.8495 -0.2832
vn 0.0291 0.2601 -0.9652
vn 0.3808 0.0806 -0.9211
vn -0.6935 0.4864 0.5315
vn -0.4069 0.4263 -0.8079
vn -0.7044 0.7093 -0.0257
vn -0.8078 -0.3940 0.4384
vn 0.2365 0.9128 -0.3330
vn 0.7070 0.4145 0.5730
vn 0.1331 0.7549 0.6422
vn -0.4804 0.8759 -0.0457
vn -0.9614 -0.1666 0.2191
vn -0.8547 -0.3308 0.4002
vn 0.7010 0.7130 0.0128
vn -0.6085 0.5424 0.5792
vn 0.4936 0.8549 -0.1599
vn -0.8059 -0.3396 0.4850
vn -0.7527 0.4653 0.4658
vn 0.2943 -0.6032 0.7414
vn -0.5785 -0.8120 -0.0777
vn -0.3458 -0.9361 -0.0649
vn 0.6038 0.7530 -0.2617
vn 0.6587 0.7270 -0.1939
vn 0.9868 -0.0111 0.1613
vn 0.9565 0.2912 -0.0157
vn 0.0031 0.7093 0.7049
vn 0.8656 0.3634 0.3446
vn -0.2437 -0.9463 -0.2123
vn -0.4987 -0.7694 -0.3991
vn -0.8063 0.3982 -0.4374
vn -0.4221 -0.1309 -0.8970
vn 0.8284 -0.1501 -0.5397
vn 0.7714 -0.0598 -0.6335
vn -0.3387 0.0277 -0.9405
vn 0.1791 0.9150 -0.3615
vn 0.9905 -0.1341 0.0295
vn 0.9612 -0.2386 -0.1382
vn 0.9359 0.2523 0.2458
vn 0.8289 0.5375 0.1548
vn -0.1075 -0.4900 0.8651
vn 0.7137 -0.6887 -0.1281
vn -0.1677 0.2459 0.9547
vn 0.8963 -0.1750 0.4075
vn 0.8121 0.1645 -0.5598
vn -0.2046 0.9279 -0.3117
vn -0.1692 0.9324 -0.3195
vn -0.0212 0.9601 -0.2789
vn -0.1072 0.9590 -0.2622
vn -0.4170 0.6954 -0.5852
vn 0.9993 0.0384 -0.0050
vn 0.9874 0.1492 -0.0533
vn 0.1564 0.3306 -0.9307
vn -0.9859 -0.1234 -0.1132
vn -0.9211 -0.2718 -0.2787
vn -0.9090 -0.3082 -0.2807
vn -0.3003 0.7741 -0.5573
vn 0.5714 -0.3934 0.7202
vn 0.8475 0.5105 -0.1453
vn 0.4682 0.8805 -0.0748
vn 0.3757 0.9252 -0.0525
vn 0.6712 0.7037 -0.2329
vn -0.2685 -0.6204 0.7369
vn -0.6108 0.3458 -0.7123
vn 0.0202 0.9653 -0.2602
vn 0.0756 0.9867 -0.1436
vn 0.3328 0.8484 -0.4117
vn 0.8148 0.0190 0.5794
vn 0.8465 0.0597 0.5290
vn 0.0287 -0.6951 0.7183
vn -0.0592 -0.9886 -0.1384
vn -0.2594 -0.9230 -0.2843
vn -0.2086 -0.8979 -0.3875
vn -0.2718 0.9063 -0.3236
vn 0.8974 0.4072 -0.1697
vn -0.2207 0.9136 -0.3415
vn -0.6555 0.4871 0.5771
vn -0.5965 0.4350 0.6745
vn 0.2460 0.9402 -0.2355
vn -0.6280 -0.4526 0.6331
vn 0.5792 0.7944 -0.1831
vn 0.7776 0.3146 0.5444
vn -0.5584 0.0219 0.8293
vn -0.7416 0.0973 0.6637
vn -0.7412 -0.0717 0.6675
vn 0.7327 0.3531 -0.5818
vn -0.3921 0.7031 -0.5933
vn -0.3172 0.6862 -0.6546
vn -0.2292 -0.9212 0.3144
vn -0.7027 0.4690 -0.5351
vn 0.3636 0.9295 0.0622
vn 0.3644 -0.4267 -0.8277
vn 0.0998 0.9833 0.1523
vn -0.9401 0.3216 -0.1133
vn 0.4096 0.6208 0.6685
vn -0.7725 -0.4964 0.3960
vn -0.5671 -0.7016 0.4315
vn -0.7952 0.0927 -0.5993
vn -0.6637 -0.5932 0.4557
vn -0.6029 -0.6968 0.3886
vn 0.4202 0.7661 -0.4863
vn -0.1981 0.5827 0.7882
vn 0.4183 -0.8691 -0.2640
vn 0.1031 -0.9852 -0.1369
vn -0.2243 -0.7437 -0.6297
vn -0.0877 -0.2655 0.9601
vn 0.2001 -0.2553 0.9459
vn 0.4415 0.8383 -0.3199
vn 0.2133 0.7132 -0.6678
vn 0.2539 0.3443 -0.9039
vn -0.2102 -0.8713 -0.4435
vn 0.9558 0.2727 -0.1100
vn 0.0623 0.3052 -0.9502
vn 0.9243 0.1176 -0.3632
vn 0.6854 0.7170 0.1271
vn 0.0867 -0.4427 -0.8925
vn -0.2790 0.5606 0.7797
vn 0.6134 0.7232 -0.3174
vn 0.3667 -0.3116 0.8766
vn 0.1449 -0.2767 0.9500
vn -0.9813 0.1860 0.0491
vn -0.9719 0.2340 -0.0252
vn -0.8395 -0.3370 0.4261
vn -0.3638 -0.4512 -0.8150
vn -0.0762 -0.7689 0.6348
vn -0.2634 0.4341 -0.8615
vn -0.3964 0.4493 -0.8006
vn -0.4632 0.3778 -0.8017
vn -0.3103 -0.9415 0.1313
vn -0.7925 -0.4747 0.3828
vn -0.9782 -0.0786 0.1923
vn -0.3029 0.7341 -0.6077
vn 0.4114 0.4925 0.7669
vn 0.5983 0.4255 0.6789
vn 0.6420 0.7127 -0.2828
vn -0.6154 0.4453 -0.6504
vn -0.5644 0.3170 -0.7622
vn 0.9167 0.2901 -0.2746
vn 0.8612 0.4098 -0.3008
vn -0.4883 -0.0822 -0.8688
vn -0.3202 0.2691 -0.9083
vn -0.0764 0.4390 0.8952
vn -0.1966 0.6143 0.7642
vn -0.7136 -0.0505 0.6988
vn -0.7953 -0.1752 0.5804
vn 0.9817 0.0720 -0.1763
vn 0.9659 0.0733 -0.2485
vn 0.6981 -0.2114 0.6841
vn 0.9292 -0.1215 0.3491
vn 0.8382 0.5231 0.1542
vn 0.3062 0.7261 -0.6157
vn 0.2170 0.6817 -0.6988
vn 0.8083 -0.5831 -0.0815
vn 0.1074 -0.8963 0.4301
vn 0.4050 -0.8278 0.3882
vn 0.7080 -0.7044 0.0513
vn -0.0606 -0.2249 0.9725
vn 0.5496 0.7087 -0.4424
vn -0.6508 -0.1951 -0.7337
vn -0.2508 0.6141 -0.7483
vn 0.0603 0.9945 0.0862
vn 0.7747 0.6156 -0.1445
vn 0.5271 0.8452 -0.0878
vn 0.0300 0.8243 0.5653
vn 0.4930 -0.6130 -0.6174
vn 0.9970 -0.0496 0.0590
vn -0.5960 -0.7984 -0.0849
vn -0.7855 0.1442 0.6018
vn -0.9647 -0.1840 0.1882
vn -0.8366 -0.3434 0.4269
vn -0.6094 0.2708 -0.7452
vn 0.6900 0.6788 -0.2512
vn 0.7648 0.6401 -0.0735
vn -0.0379 0.7611 -0.6475
vn 0.2800 -0.8368 -0.4704
vn 0.2961 -0.7433 -0.5999
vn 0.6407 0.7177 -0.2728
vn -0.8685 -0.3038 0.3917
vn -0.9496 -0.1637 0.2672
vn -0.2112 0.4254 -0.8800
vn -0.4525 0.3791 -0.8072
vn 0.1993 0.7255 -0.6588
vn 0.0050 0.7260 -0.6877
vn 0.1443 0.7086 -0.6907
vn -0.6728 0.6778 0.2964
vn 0.9884 0.1254 0.0857
vn 0.1864 0.9405 0.2841
vn -0.7037 0.4002 0.5870
vn -0.6938 0.3911 0.6047
vn -0.4627 0.2931 -0.8367
vn -0.1811 0.2779 -0.9434
vn -0.2534 0.7316 -0.6329
vn -0.1905 0.7757 -0.6017
vn 0.3945 0.6726 -0.6261
vn 0.5122 0.8570 -0.0566
vn -0.7038 0.4002 -0.5869
vn -0.7203 0.3191 -0.6159
vn 0.0283 0.1743 -0.9843
vn -0.5775 0.6438 -0.5020
vn 0.5873 0.7575 -0.2851
vn 0.7329 0.5597 0.3869
vn -0.0289 0.1187 0.9925
vn -0.5732 0.2933 0.7651
vn 0.5324 -0.4476 0.7185
vn -0.1402 -0.9762 0.1652
vn 0.7539 0.6514 -0.0862
vn 0.0150 -0.8286 0.5596
vn 0.0129 -0.9298 0.3679
vn -0.0149 -0.3224 -0.9465
vn -0.2250 0.8192 -0.5276
vn -0.3983 0.8538 -0.3353
vn -0.9721 -0.1083 0.2083
vn -0.3116 0.7378 -0.5988
vn -0.3126 0.7338 -0.6031
vn 0.3789 0.0061 -0.9254
vn 0.3039 0.0624 -0.9507
vn 0.2898 -0.0451 -0.9560
vn 0.3471 -0.0978 -0.9327
vn -0.6332 0.7735 -0.0273
vn -0.2924 0.7117 -0.6387
vn -0.4080 0.0209 0.9127
vn -0.3618 -0.1511 0.9199
vn 0.3851 -0.9221 0.0381
vn -0.5646 0.3899 -0.7274
vn -0.3035 0.4010 -0.8643
vn -0.8479 -0.0136 0.5300
vn 0.8761 0.4821 0.0043
vn -0.2197 0.7514 -0.6222
vn -0.5072 0.3041 0.8064
vn 0.6049 0.7398 0.2946
vn 0.9579 -0.0663 0.2795
vn -0.5376 0.2036 0.8182
vn -0.4679 0.5979 -0.6508
vn -0.1814 0.4208 -0.8888
vn -0.3634 0.3856 -0.8481
vn 0.5064 -0.6970 0.5077
vn 0.5294 -0.6353 0.5623
vn -0.5152 -0.8074 0.2874
vn -0.3451 -0.9019 0.2598
vn 0.7650 0.6340 -0.1134
vn 0.7614 0.6246 -0.1735
vn -0.0947 0.7803 -0.6182
vn 0.0203 0.7992 -0.6007
vn 0.9596 0.2811 0.0105
vn 0.7304 0.2164 0.6479
vn 0.9443 -0.2565 0.2061
vn 0.9596 0.2525 0.1244
vn 0.1966 0.9623 0.1881
vn -0.0952 0.2115 0.9727
vn 0.9381 0.0976 -0.3322
vn -0.3417 0.3318 -0.8793
vn -0.2499 0.4811 0.8403
vn 0.1779 0.3718 -0.9111
vn 0.2979 0.2405 -0.9238
vn 0.5561 0.8026 -0.2159
vn 0.9729 0.2175 0.0785
vn 0.9992 -0.0173 0.0356
vn 0.9921 -0.0542 0.1128
vn 0.6146 0.5091 0.6025
vn -0.9235 -0.2737 -0.2689
vn 0.4897 0.3637 0.7924
vn -0.0191 -0.6663 -0.7454
vn -0.7780 -0.0001 0.6283
vn -0.2589 0.1402 -0.9557
vn -0.4165 0.2999 -0.8583
vn 0.4295 0.9020 0.0448
vn 0.3939 0.9155 0.0821
vn 0.6464 0.1833 -0.7407
vn -0.4277 -0.8638 0.2665
vn -0.6739 -0.4212 0.6070
vn -0.6477 -0.4360 0.6248
vn -0.4841 0.2687 0.8327
vn 0.9464 0.3015 -0.1158
vn 0.9673 0.0943 -0.2353
vn 0.9243 0.2286 -0.3056
vn -0.2223 -0.9484 0.2260
vn 0.6450 -0.7638 -0.0229
vn 0.9571 -0.1601 -0.2414
vn -0.2898 0.1558 -0.9443
vn -0.7939 -0.5248 0.3070
vn -0.9667 -0.2478 0.0638
vn -0.2622 0.5680 0.7802
vn 0.1688 0.9074 -0.3849
vn 0.5338 -0.8260 -0.1809
vn -0.8393 -0.0357 -0.5424
vn -0.6616 -0.0743 -0.7462
vn -0.4791 -0.8465 0.2324
vn -0.2365 -0.6528 0.7197
vn 0.4041 0.9117 0.0744
vn -0.5096 0.6033 -0.6135
vn 0.8917 0.3694 0.2615
vn 0.0344 -0.9928 0.1144
vn -0.7031 -0.4882 0.5170
vn 0.5737 0.7060 0.4153
vn -0.0310 -0.7735 -0.6330
vn 0.2173 0.7577 -0.6153
vn -0.6952 0.4040 0.5945
vn 0.9159 0.1335 -0.3786
vn 0.8250 0.2104 -0.5245
vn 0.8597 0.2165 -0.4627
vn -0.3306 0.3290 -0.8846
vn -0.4409 0.2172 -0.8709
vn -0.7957 -0.1370 0.5900
vn 0.5914 0.7168 -0.3695
vn 0.2526 -0.6029 -0.7568
vn 0.6571 0.7452 0.1135
vn 0.8820 0.4091 -0.2340
vn 0.6900 0.6945 0.2040
vn 0.1563 0.8206 0.5497
vn 0.5557 0.3760 0.7415
vn 0.8355 0.5446 -0.0736
vn -0.9490 -0.2751 -0.1537
vn -0.7719 -0.6151 -0.1608
vn -0.4812 -0.8579 -0.1803
vn 0.7845 0.6201 -0.0073
vn 0.5897 0.7907 0.1647
vn 0.3565 -0.8132 0.4601
vn -0.1929 -0.5124 0.8368
vn 0.9068 0.1251 -0.4026
vn -0.2941 -0.2222 -0.9296
vn 0.9193 0.3375 -0.2022
vn -0.7904 -0.4052 0.4596
vn 0.5713 0.8198 -0.0385
vn 0.8300 0.5510 0.0862
vn -0.8763 0.0400 0.4801
vn 0.2412 0.8058 0.5408
vn 0.9706 0.2406 -0.0122
vn -0.7298 0.6787 0.0824
vn -0.7372 0.6675 0.1044
vn 0.8870 -0.3094 0.3428
vn -0.5158 -0.0446 -0.8555
vn -0.2833 -0.3096 -0.9077
vn 0.5541 0.7410 -0.3793
vn 0.1228 0.2110 0.9697
vn 0.3169 0.1765 0.9319
vn -0.3430 0.4334 -0.8334
vn -0.5691 0.0880 -0.8176
vn -0.0375 -0.3114 -0.9495
vn -0.5181 -0.4414 -0.7327
vn -0.1717 0.7527 -0.6355
vn 0.9937 -0.1118 0.0075
vn -0.0983 0.2700 -0.9578
vn 0.8877 -0.3834 0.2548
vn 0.9441 -0.1541 0.2915
vn -0.0407 -0.3962 0.9173
vn -0.0707 0.9400 -0.3339
vn -0.0114 0.9533 -0.3019
vn -0.0743 0.9556 -0.2851
vn -0.0511 0.9550 -0.2922
vn -0.2857 -0.3013 0.9097
vn -0.2333 -0.0277 0.9720
vn -0.8071 0.5858 -0.0733
vn -0.4195 -0.4604 0.7823
vn 0.0137 0.3245 0.9458
vn 0.7604 -0.3621 0.5391
vn 0.7464 -0.1240 0.6538
vn 0.7582 0.0163 0.6518
vn -0.2920 0.8273 -0.4799
vn -0.3198 0.7262 -0.6086
vn 0.2607 0.2385 -0.9355
vn -0.3507 0.9364 -0.0152
vn 0.4629 -0.8857 0.0346
vn -0.7803 0.0169 0.6252
vn 0.5715 0.8185 0.0594
vn -0.8512 -0.3987 0.3412
vn -0.7134 -0.3683 0.5961
vn 0.7356 0.6348 -0.2365
vn 0.7892 -0.6056 -0.1023
vn 0.6924 -0.6853 -0.2255
vn 0.8632 -0.4938 -0.1053
vn -0.7920 -0.1625 0.5884
vn -0.7554 -0.0537 0.6531
vn 0.8449 0.5310 0.0645
vn -0.6502 0.7451 -0.1486
vn -0.6520 0.7435 -0.1490
vn -0.6512 -0.2549 0.7149
vn -0.7029 -0.2008 0.6824
vn -0.3919 -0.3821 0.8369
vn -0.1890 -0.3735 0.9082
vn -0.5902 -0.0532 0.8055
vn -0.1209 0.3089 -0.9434
vn -0.2335 -0.6288 0.7416
vn -0.3383 0.7235 -0.6017
vn -0.3226 0.7490 -0.5787
vn -0.2767 0.7358 -0.6181
vn 0.6874 0.3364 0.6437
vn 0.7921 0.4241 0.4389
vn 0.2033 0.4478 -0.8707
vn -0.6761 0.7355 0.0430
vn -0.5672 -0.7999 0.1962
vn 0.1920 0.9664 0.1708
vn 0.1612 0.9767 0.1418
vn 0.4168 0.8974 0.1446
vn 0.0158 0.2603 0.9654
vn -0.0532 0.9723 0.2274
vn 0.9256 0.3478 -0.1490
vn 0.3024 0.9521 -0.0446
vn 0.5993 0.7091 -0.3714
vn 0.6035 0.7084 -0.3660
vn 0.3947 0.5511 -0.7352
vn 0.8356 -0.3548 0.4194
vn 0.8985 0.0935 -0.4289
vn 0.9195 -0.1184 -0.3748
vn 0.9695 -0.0929 0.2270
vn 0.3526 0.9316 -0.0888
vn 0.1155 0.9506 -0.2881
vn -0.0340 -0.8983 -0.4381
vn -0.8293 0.2628 0.4932
vn -0.9429 0.2021 0.2647
vn 0.6140 0.7067 -0.3516
vn 0.6166 0.7184 -0.3220
vn 0.6195 0.7052 -0.3449
vn 0.8888 -0.1246 -0.4411
vn -0.0970 0.3284 0.9395
vn -0.3243 0.3391 0.8831
vn 0.1379 -0.5280 0.8380
vn 0.6099 0.7752 -0.1644
vn -0.4491 -0.2820 0.8478
vn -0.2352 -0.3401 0.9105
vn -0.1790 -0.1459 0.9730
vn 0.8968 0.3740 0.2364
vn 0.8530 0.4747 -0.2170
vn 0.7920 0.5908 -0.1538
vn -0.5091 0.2122 -0.8341
vn -0.5800 0.5173 -0.6293
vn 0.5516 0.5557 0.6220
vn -0.9040 0.4151 -0.1024
vn -0.9684 0.2479 0.0264
vn 0.7343 0.6771 -0.0481
vn -0.6736 0.7373 0.0515
vn -0.6907 0.7219 0.0414
vn -0.5928 0.8044 0.0394
vn 0.2534 0.6987 -0.6691
vn 0.1803 0.3574 0.9164
vn 0.9103 0.3813 0.1608
vn -0.4112 -0.5367 0.7368
vn 0.8704 -0.1062 -0.4807
vn 0.8769 0.2265 -0.4240
vn -0.6154 0.2313 0.7536
vn -0.5808 -0.7174 0.3847
vn 0.7099 0.7033 -0.0373
vn 0.7281 0.6489 -0.2209
vn 0.6620 0.7066 -0.2499
vn 0.6813 0.7241 -0.1069
vn 0.9425 -0.1559 0.2954
vn 0.9618 0.1862 0.2009
vn 0.6257 -0.2488 0.7393
vn -0.1693 0.5045 -0.8467
vn -0.4260 -0.0580 0.9028
vn -0.4235 0.1852 0.8868
vn -0.6391 0.7691 0.0027
vn 0.3551 0.9320 0.0733
vn 0.8723 0.2482 0.4213
vn 0.9097 0.4150 0.0179
vn 0.2654 -0.1802 -0.9472
vn 0.0922 -0.4902 -0.8667
vn -0.4492 -0.0747 0.8903
vn -0.1352 0.9746 0.1784
vn -0.6752 -0.1987 -0.7103
vn -0.2483 0.3764 -0.8926
vn 0.0927 0.9776 -0.1889
vn 0.5216 -0.0312 0.8526
vn -0.3358 0.8810 -0.3332
vn -0.0205 0.9187 -0.3945
vn 0.1718 0.9760 0.1339
vn 0.6546 -0.0180 -0.7558
vn -0.6871 -0.0666 -0.7235
vn -0.0854 0.3634 0.9277
vn -0.1384 0.7770 -0.6141
vn -0.6840 0.7295 -0.0022
vn 0.9483 0.2110 0.2372
vn 0.1514 0.9828 -0.1053
vn 0.2779 0.9421 -0.1878
vn -0.0950 -0.9400 0.3277
vn 0.8823 -0.1865 0.4321
vn -0.2602 -0.0335 -0.9650
vn 0.1301 0.9784 0.1608
vn 0.2718 -0.9570 -0.1011
vn 0.5712 -0.8016 -0.1764
vn 0.4157 0.8661 -0.2775
vn 0.1054 0.9940 0.0299
vn -0.2187 -0.8759 -0.4302
vn 0.7616 0.4391 0.4765
vn 0.8020 -0.0352 0.5963
vn 0.9101 -0.1032 0.4013
vn -0.0567 0.3486 0.9356
vn 0.5716 0.8179 0.0659
vn 0.9729 0.2192 -0.0730
vn -0.8165 0.2359 0.5269
vn -0.4610 0.5337 0.7090
vn -0.9304 0.3278 0.1640
vn 0.2812 0.4728 0.8351
vn -0.2907 0.2121 -0.9330
vn -0.2125 -0.0508 -0.9758
vn -0.7174 -0.4474 0.5340
vn -0.2426 -0.6020 0.7607
vn -0.3707 -0.6165 -0.6946
vn -0.2961 -0.9422 -0.1565
vn -0.7130 0.1202 -0.6908
vn 0.6513 0.7456 0.1407
vn -0.1418 -0.1878 0.9719
vn -0.9722 -0.2099 0.1035
vn -0.7995 -0.4730 0.3703
vn 0.1311 0.5198 0.8442
vn 0.2364 0.2475 0.9396
vn 0.0446 0.4409 0.8964
vn -0.1160 0.2064 -0.9716
vn 0.4216 0.1570 -0.8931
vn 0.3640 0.1968 -0.9104
vn -0.3792 0.9253 0.0100
vn -0.0840 0.9662 0.2439
vn -0.5578 -0.1238 -0.8207
vn 0.7758 0.6285 0.0563
vn 0.7645 0.2597 0.5901
vn 0.9896 0.0875 0.1143
vn -0.7063 0.4085 0.5782
vn 0.7269 0.6835 0.0665
vn -0.6799 -0.1761 0.7118
vn -0.6912 -0.3674 0.6223
vn 0.4933 0.3341 0.8031
vn -0.6829 0.4092 0.6051
vn -0.6978 0.4124 0.5856
vn 0.1444 0.0011 -0.9895
vn 0.1009 -0.9527 0.2867
vn 0.0563 -0.9847 0.1650
vn -0.4416 -0.3190 0.8386
vn 0.7858 0.3365 0.5190
vn 0.9497 0.1252 0.2871
vn 0.9256 0.1163 0.3602
vn 0.5923 -0.7795 -0.2036
vn -0.8255 0.5419 0.1580
vn -0.8406 0.5026 0.2021
vn -0.1434 0.2425 0.9595
vn 0.1190 -0.2766 0.9536
vn -0.3628 -0.8934 -0.2651
vn -0.5624 0.8205 0.1027
vn 0.6687 0.7403 0.0695
vn -0.1366 0.6966 0.7044
vn -0.1543 0.6902 0.7070
vn 0.3509 -0.2027 0.9142
vn 0.0837 0.3934 0.9155
vn 0.2325 0.5332 0.8134
vn -0.9259 0.3527 -0.1354
vn -0.9501 0.2925 -0.1084
vn -0.3651 0.7167 -0.5942
vn 0.4897 0.8589 -0.1498
vn 0.1918 -0.8477 0.4946
vn 0.1424 -0.9148 0.3780
vn -0.4840 0.7877 -0.3811
vn -0.5594 -0.6870 0.4638
vn -0.2607 -0.8268 0.4984
vn 0.4052 0.7316 -0.5482
vn 0.4921 0.6621 -0.5652
vn 0.9833 -0.1819 0.0092
vn 0.1179 -0.9929 -0.0128
vn 0.1393 0.8113 -0.5678
vn -0.2509 0.5465 0.7990
vn 0.9846 0.0842 0.1529
vn -0.3524 0.6011 0.7173
vn 0.6557 0.6864 0.3145
vn 0.5931 0.7343 0.3304
vn 0.6811 0.6179 0.3928
vn -0.8615 0.5076 0.0063
vn -0.6857 -0.7272 -0.0315
vn -0.5994 -0.7996 -0.0372
vn -0.8226 -0.5671 -0.0419
vn -0.8823 0.4705 -0.0129
vn -0.4885 0.3229 0.8106
vn -0.4886 0.3597 0.7949
vn -0.2236 0.7323 -0.6432
vn -0.7762 -0.3296 0.5375
vn 0.0918 -0.2798 0.9557
vn -0.1133 -0.1348 0.9844
vn 0.7574 0.1968 0.6225
vn 0.7997 0.1871 0.5705
vn 0.8223 0.1404 0.5514
vn -0.2168 0.4355 -0.8737
vn -0.4640 0.3705 -0.8047
vn -0.6871 0.1442 -0.7121
vn -0.2598 0.7972 0.5449
vn -0.6493 -0.6090 0.4555
vn -0.7197 -0.5475 0.4270
vn -0.1876 0.3090 0.9324
vn 0.8950 0.4361 -0.0935
vn 0.8891 0.4278 -0.1629
vn 0.9567 0.2899 0.0252
vn -0.6617 0.7486 0.0416
vn 0.0819 0.7608 -0.6438
vn 0.1135 0.7749 -0.6218
vn -0.9481 0.2750 0.1596
vn -0.5338 -0.2118 0.8186
vn 0.6453 0.7113 -0.2787
vn 0.7167 -0.6257 0.3079
vn 0.9015 -0.4009 0.1631
vn 0.9348 -0.3462 -0.0791
vn 0.7939 0.2770 -0.5412
vn 0.5891 0.6825 -0.4327
vn 0.5869 0.6328 -0.5050
vn 0.4915 -0.7208 0.4888
vn 0.3343 -0.3370 -0.8801
vn 0.6056 -0.3211 -0.7281
vn 0.0067 -0.8599 0.5105
vn -0.8222 0.5637 -0.0790
vn 0.1929 -0.8049 0.5612
vn 0.0945 0.4716 0.8768
vn 0.6849 -0.3579 0.6347
vn 0.7927 -0.0820 0.6041
vn -0.5527 0.4139 -0.7233
vn 0.9811 -0.1850 0.0570
vn 0.8190 0.5441 -0.1822
vn -0.2518 -0.9435 0.2153
vn -0.2507 -0.9463 0.2040
vn -0.4299 -0.8740 0.2267
vn -0.2252 0.5222 -0.8226
vn -0.0073 0.8991 -0.4377
vn 0.0356 0.3232 0.9457
vn -0.1976 0.2465 0.9488
vn -0.7399 -0.1262 0.6608
vn 0.0205 0.7619 -0.6474
vn 0.0572 0.7127 -0.6991
vn -0.4206 0.6270 0.6557
vn 0.9814 -0.0273 0.1901
vn -0.0226 0.7041 0.7097
vn 0.8865 0.3604 0.2902
vn 0.5887 0.7897 0.1725
vn 0.1234 -0.9159 -0.3820
vn -0.1908 -0.9803 -0.0502
vn -0.9248 -0.0032 0.3805
vn -0.8058 0.5906 -0.0433
vn -0.4444 0.3356 -0.8306
vn 0.1597 -0.4496 0.8788
vn -0.1173 -0.5664 0.8157
vn 0.0398 -0.5960 0.8020
vn -0.3224 0.7517 -0.5754
vn -0.2899 0.7523 -0.5916
vn 0.1222 0.0332 -0.9920
vn 0.0519 -0.9980 -0.0353
vn -0.3083 0.6872 -0.6578
vn -0.1570 0.7631 -0.6269
vn -0.1356 0.7553 -0.6412
vn 0.3309 -0.4044 -0.8526
vn -0.5878 0.3878 0.7100
vn -0.0387 -0.9204 0.3890
vn -0.5635 0.4982 0.6590
vn 0.2537 -0.6331 0.7313
vn 0.2230 -0.7158 0.6617
vn 0.3456 0.6102 0.7129
vn 0.2294 0.0291 -0.9729
vn 0.1533 0.1556 -0.9759
vn -0.3452 0.2289 0.9102
vn -0.5837 0.0526 0.8103
vn -0.3743 0.2886 0.8812
vn 0.8444 -0.0852 -0.5288
vn -0.7261 0.6088 0.3195
vn -0.6220 0.7183 0.3117
vn 0.7230 -0.4721 -0.5044
vn 0.0606 -0.4241 0.9036
vn 0.1342 0.9818 -0.1345
vn -0.7497 0.5902 0.2994
vn -0.7267 -0.2863 0.6244
vn 0.9865 0.0755 -0.1455
vn -0.9124 0.3302 -0.2418
vn -0.1159 0.1121 -0.9869
vn -0.0455 0.5159 -0.8554
vn 0.7513 0.6599 -0.0034
vn 0.9021 0.4291 0.0462
vn 0.1765 -0.6520 0.7374
vn -0.1886 0.6590 -0.7282
vn -0.1461 -0.6351 0.7585
vn 0.1218 -0.9884 0.0904
vn 0.6190 0.2362 0.7490
vn 0.9103 -0.3794 0.1654
vn 0.9506 -0.2902 -0.1103
vn 0.6567 0.7419 -0.1356
vn -0.7842 -0.2652 -0.5610
vn -0.6992 0.1818 -0.6915
vn -0.4434 -0.8520 -0.2782
vn -0.2516 -0.9521 -0.1740
vn 0.8913 0.3899 0.2313
vn 0.9099 0.4127 -0.0415
vn -0.1448 0.7024 0.6969
vn -0.1434 0.5945 0.7912
vn -0.2238 -0.9034 0.3657
vn 0.6887 0.7238 0.0413
vn -0.2768 -0.6003 0.7503
vn -0.4128 0.0395 0.9100
vn -0.9973 -0.0277 -0.0673
vn -0.0183 -0.2422 -0.9700
vn 0.4793 0.7883 -0.3859
vn -0.6764 -0.1198 -0.7267
vn -0.5091 -0.1418 -0.8489
vn 0.6339 0.7046 -0.3190
vn 0.6724 0.7401 0.0055
vn 0.6644 0.7471 0.0217
vn 0.6626 0.1743 -0.7284
vn 0.5442 0.1554 -0.8244
vn -0.2554 -0.9239 0.2849
vn -0.3326 -0.8774 0.3457
vn -0.2816 -0.9244 0.2574
vn -0.6723 0.4967 0.5488
vn 0.8552 0.3484 -0.3839
vn 0.9606 0.2009 -0.1921
vn 0.6966 0.7172 -0.0202
vn -0.6791 -0.1870 0.7098
vn -0.5934 -0.4301 0.6804
vn 0.6787 0.0390 -0.7333
vn 0.5960 0.0294 -0.8025
vn 0.5053 0.3487 0.7893
vn 0.6342 0.2797 0.7208
vn 0.7548 0.6516 -0.0756
vn 0.7337 0.6751 -0.0767
vn 0.4523 0.6538 0.6066
vn -0.7109 0.4060 0.5744
vn -0.3618 -0.8841 0.2958
vn -0.6906 -0.4821 0.5392
vn -0.7215 -0.4805 0.4986
vn 0.1130 0.3234 -0.9395
vn -0.2875 -0.3861 0.8765
vn -0.2576 0.6198 -0.7413
vn -0.9483 0.0985 0.3018
vn -0.9659 0.0172 0.2584
vn -0.5695 0.5332 0.6256
vn -0.3735 0.4429 0.8151
vn -0.5499 0.7888 0.2745
vn -0.1507 0.6966 0.7014
vn 0.7151 0.6888 0.1191
vn 0.4390 0.5325 0.7237
vn 0.5175 0.7559 -0.4011
vn 0.5059 0.7998 -0.3230
vn -0.3918 0.5349 0.7486
vn 0.0470 0.6812 0.7306
vn 0.0376 0.5786 0.8147
vn -0.0198 0.6713 0.7409
vn 0.2364 0.7708 -0.5916
vn -0.1972 -0.9773 0.0779
vn -0.6800 -0.3234 -0.6580
vn -0.6638 -0.4156 -0.6218
vn -0.3054 0.7621 -0.5710
vn 0.0228 0.9409 0.3378
vn 0.9120 -0.0723 -0.4037
vn 0.6096 0.7270 -0.3160
vn -0.9362 0.3063 -0.1725
vn -0.9743 0.2163 0.0630
vn 0.1008 0.9712 -0.2159
vn -0.9455 0.3125 -0.0913
vn -0.9671 0.2544 -0.0086
vn -0.0024 0.3313 0.9435
vn 0.7570 -0.6520 0.0429
vn 0.5826 -0.8108 0.0569
vn 0.0084 0.6767 -0.7362
vn 0.6193 0.3945 0.6789
vn 0.3696 -0.7713 0.5182
vn 0.7422 -0.1344 0.6566
vn -0.7358 0.4205 -0.5308
vn -0.4665 0.3122 0.8276
vn -0.2990 0.1312 0.9452
vn -0.3395 0.7814 -0.5236
vn -0.2330 0.7926 -0.5635
vn 0.5142 -0.0923 0.8527
vn -0.6279 -0.6263 0.4620
vn -0.1423 0.7526 -0.6430
vn 0.5187 0.8027 -0.2943
vn -0.4170 0.3976 0.8173
vn -0.3903 0.3689 0.8436
vn 0.9456 -0.1523 0.2874
vn 0.9579 -0.1733 0.2290
vn -0.7594 0.2356 -0.6064
vn -0.7444 0.1459 -0.6516
vn -0.7352 0.1670 -0.6570
vn 0.6523 -0.4595 -0.6028
vn 0.7312 0.6790 -0.0655
vn 0.6735 0.3872 -0.6297
vn 0.6123 0.3366 -0.7154
vn -0.7685 -0.3431 0.5401
vn -0.0704 0.0644 -0.9954
vn 0.9947 0.0078 -0.1021
vn -0.5169 -0.1942 0.8337
vn -0.4327 -0.0513 0.9001
vn -0.4973 0.0098 0.8675
vn 0.2385 0.8407 0.4861
vn 0.0999 0.9320 0.3484
vn 0.7753 0.5446 0.3199
vn 0.2175 0.7770 -0.5907
vn 0.1726 0.6556 -0.7351
vn 0.5137 0.8578 -0.0180
vn -0.3082 0.7368 -0.6018
vn -0.1816 -0.9022 -0.3911
vn -0.4677 -0.2123 0.8580
vn 0.7420 0.5939 0.3109
vn -0.6858 -0.2144 -0.6955
vn 0.6774 0.3137 0.6654
vn 0.1497 0.8113 -0.5651
vn 0.0773 0.7579 -0.6478
vn -0.1922 -0.8900 -0.4135
vn -0.4151 -0.8893 0.1919
vn -0.4099 -0.8897 0.2010
vn -0.2380 -0.9511 0.1968
vn -0.8434 0.1854 0.5043
vn 0.9735 0.1892 -0.1287
vn 0.8546 -0.4157 -0.3112
vn -0.0233 -0.4530 0.8912
vn 0.4513 -0.8915 -0.0402
vn 0.9210 -0.3791 0.0899
vn -0.3105 0.7134 -0.6282
vn -0.4829 0.4255 0.7654
vn -0.5750 0.0196 0.8180
vn -0.1372 0.4855 0.8634
vn 0.9754 0.2054 0.0801
vn -0.8367 0.5474 0.0195
vn -0.3891 -0.1095 0.9147
vn -0.3918 0.2117 0.8954
vn -0.4480 0.1186 0.8861
vn 0.7260 0.6799 0.1034
vn 0.6906 0.7093 0.1414
vn 0.7065 0.7007 0.0996
vn 0.1136 -0.9633 0.2431
vn 0.9000 0.2665 0.3451
vn 0.8112 -0.1549 0.5638
vn 0.5469 -0.6436 0.5355
vn 0.3335 -0.7127 0.6171
vn 0.1911 -0.5557 0.8091
vn 0.9967 -0.0807 0.0047
vn -0.4390 0.7348 -0.5170
vn -0.3868 0.7715 -0.5051
vn -0.1963 0.6309 0.7506
vn 0.9803 -0.1206 0.1567
vn 0.7066 -0.6287 -0.3247
vn 0.6726 -0.6542 -0.3460
vn 0.6414 -0.6202 0.4516
vn -0.3807 -0.4250 0.8212
vn 0.2526 0.5968 -0.7616
vn 0.3499 0.7475 -0.5647
vn -0.2778 0.8493 -0.4489
vn 0.7972 0.5870 -0.1409
vn 0.9993 -0.0356 -0.0084
vn 0.3755 0.1751 -0.9101
vn 0.9655 0.1981 -0.1693
vn 0.9558 0.2618 -0.1340
vn 0.9278 0.3169 -0.1969
vn 0.5513 0.8198 -0.1549
vn 0.0732 0.5722 -0.8169
vn 0.1841 -0.5543 0.8117
vn 0.1437 -0.3822 0.9128
vn 0.9306 0.3137 0.1886
vn -0.9668 -0.1916 0.1689
vn -0.9302 0.3648 0.0402
vn -0.8025 -0.0505 0.5946
vn 0.8619 0.4906 0.1281
vn 0.9725 0.0123 -0.2328
vn -0.3076 0.7509 -0.5844
vn 0.1968 0.2233 -0.9547
vn -0.7699 -0.6294 -0.1053
vn 0.9428 -0.2761 0.1869
vn 0.3662 0.1422 -0.9196
vn -0.9143 0.3771 0.1477
vn -0.7880 0.0689 0.6118
vn 0.7030 0.6579 -0.2703
vn 0.5411 -0.3962 0.7417
vn 0.5830 -0.7208 0.3750
vn -0.6872 0.3323 0.6460
vn -0.7106 0.1089 0.6951
vn 0.2411 -0.5817 0.7769
vn -0.7809 -0.6242 0.0241
vn -0.4128 -0.3711 0.8318
vn 0.6675 0.2786 0.6906
vn -0.1612 0.4909 0.8562
vn -0.2857 0.2932 0.9124
vn -0.2576 -0.9134 0.3152
vn -0.2178 -0.9317 0.2905
vn -0.1224 -0.9710 0.2056
vn 0.2603 0.8167 -0.5150
vn -0.0031 0.7891 -0.6142
vn -0.4558 -0.8769 -0.1530
vn -0.7724 -0.0489 0.6333
vn 0.6002 0.7975 -0.0610
vn 0.1258 0.8634 -0.4885
vn -0.4698 0.6884 0.5526
vn -0.6340 0.6670 0.3914
vn 0.9164 0.3908 -0.0867
vn -0.1529 -0.9334 -0.3245
vn -0.2128 0.6413 0.7372
vn -0.7072 -0.0721 -0.7033
vn 0.5205 0.8503 0.0783
vn -0.2313 0.8831 0.4081
vn -0.6072 -0.4236 -0.6722
vn 0.5620 -0.5887 -0.5810
vn 0.4026 -0.4330 -0.8065
vn -0.7258 0.1091 0.6792
vn 0.9914 0.0139 -0.1297
vn 0.4145 -0.8844 0.2147
vn 0.1576 -0.9849 0.0722
vn -0.9310 -0.3563 0.0796
vn -0.7836 -0.5758 0.2334
vn 0.3231 0.0175 -0.9462
vn 0.2485 0.0528 -0.9672
vn 0.7470 0.6517 -0.1314
vn 0.5663 0.8239 0.0223
vn 0.7931 0.5954 -0.1288
vn 0.9919 0.1016 -0.0767
vn -0.3755 0.7444 -0.5522
vn -0.2921 0.7300 -0.6179
vn -0.6697 0.4478 0.5924
vn -0.6571 0.4085 0.6335
vn -0.5339 -0.1512 -0.8319
vn 0.1594 0.9793 -0.1246
vn 0.6999 -0.2951 0.6505
vn -0.0697 -0.0338 -0.9970
vn 0.1875 -0.9816 -0.0355
vn -0.3017 0.7242 -0.6201
vn -0.3407 -0.8442 0.4137
vn -0.6925 -0.4955 0.5243
vn -0.1263 0.0890 -0.9880
vn 0.4003 0.6731 -0.6218
vn -0.4134 -0.8264 0.3822
vn -0.8477 -0.3399 0.4073
vn -0.7054 -0.4452 0.5515
vn 0.8308 0.5438 0.1185
vn -0.0292 0.9897 0.1404
vn 0.3470 0.8597 0.3749
vn -0.2428 0.4508 0.8590
vn -0.5168 0.2711 0.8121
vn 0.6324 0.6792 -0.3725
vn 0.7507 0.6544 0.0906
vn 0.9794 0.0589 -0.1932
vn 0.1643 0.6301 -0.7589
vn -0.3246 0.6898 -0.6471
vn 0.3394 0.7597 0.5547
vn 0.2974 0.8683 0.3969
vn 0.3839 0.8181 0.4282
vn 0.2580 0.9393 -0.2261
vn 0.9555 -0.0761 -0.2849
vn 0.0752 -0.9922 0.0989
vn -0.2692 0.6494 0.7112
vn 0.9938 -0.0333 0.1058
vn 0.8717 -0.1942 -0.4499
vn 0.5665 -0.6244 -0.5377
vn 0.9429 0.0420 0.3305
vn 0.8317 0.0968 0.5467
vn 0.7375 0.1974 0.6458
vn -0.8993 0.3060 0.3125
vn -0.6351 -0.7614 -0.1300
vn -0.1450 0.2808 0.9487
vn 0.0505 -0.0485 0.9976
vn -0.0026 0.3965 0.9180
vn 0.1287 0.1255 0.9837
vn -0.9715 0.0908 -0.2190
vn 0.2848 -0.1362 -0.9489
vn 0.1699 -0.0057 -0.9854
vn 0.3081 -0.0655 -0.9491
vn -0.5588 -0.1287 0.8193
vn -0.5051 -0.0728 0.8600
vn -0.2555 -0.6220 0.7401
vn -0.5400 -0.6398 0.5468
vn -0.7355 -0.4185 -0.5329
vn -0.6734 0.6739 0.3040
vn -0.0102 0.9819 0.1890
vn -0.2564 -0.6230 0.7390
vn -0.5304 -0.5478 0.6470
vn -0.7718 -0.6110 -0.1761
vn 0.4997 -0.8367 0.2240
vn 0.9173 -0.2000 0.3444
vn 0.0697 -0.7689 0.6355
vn 0.7774 0.3262 0.5379
vn 0.9102 0.1887 0.3686
vn -0.4020 0.6942 -0.5971
vn -0.4049 0.0593 0.9124
vn -0.5610 0.5445 0.6235
vn -0.5278 -0.0711 0.8464
vn 0.1640 0.0631 -0.9844
vn 0.8827 -0.4651 0.0673
vn 0.9256 0.1359 0.3533
vn -0.3220 0.3398 -0.8836
vn 0.9625 -0.1564 0.2216
vn -0.2431 0.6953 0.6763
vn -0.3047 0.7486 -0.5889
vn 0.9548 0.2820 -0.0940
vn -0.4751 0.2769 -0.8352
vn 0.5417 0.7377 -0.4030
vn 0.5514 0.7013 -0.4518
vn 0.9425 -0.0015 0.3341
vn -0.6584 0.1840 0.7298
vn 0.4551 -0.5386 -0.7091
vn 0.1948 -0.4159 -0.8883
vn -0.3124 -0.6299 0.7111
vn -0.2629 0.7501 -0.6069
vn -0.6709 0.4782 0.5668
vn -0.5350 -0.5492 -0.6420
vn -0.5410 -0.6071 -0.5820
vn -0.2317 0.6075 0.7598
vn 0.0449 0.6859 0.7263
vn 0.0190 0.4864 0.8735
vn 0.1671 0.9703 0.1750
vn -0.4100 0.4079 0.8158
vn -0.6473 0.1596 -0.7453
vn 0.1370 0.9597 0.2454
vn 0.6227 0.7033 -0.3430
vn 0.5417 0.0631 -0.8382
vn -0.1761 0.4067 -0.8964
vn -0.5466 -0.6470 0.5316
vn -0.1379 0.9869 0.0842
vn -0.1001 0.9881 0.1166
vn 0.6479 0.7586 -0.0690
vn -0.1773 0.9617 -0.2092
vn -0.3064 0.8279 -0.4698
vn 0.7096 0.4790 -0.5168
vn 0.4882 0.6004 -0.6334
vn 0.0528 0.7914 -0.6091
vn -0.7704 0.0238 0.6372
vn 0.4589 0.5951 0.6598
vn 0.6645 0.4589 0.5898
vn 0.6454 0.2480 0.7224
vn -0.1963 -0.0133 -0.9804
vn -0.2519 0.1056 -0.9620
vn -0.6540 0.5441 0.5256
vn 0.3128 -0.8871 -0.3395
vn 0.7016 0.7120 -0.0266
vn 0.6000 0.7884 -0.1357
vn -0.3157 -0.1265 0.9404
vn 0.6393 0.7096 -0.2962
vn -0.0281 0.9450 0.3259
vn -0.5329 -0.5781 -0.6179
vn -0.3412 -0.7702 -0.5389
vn -0.1770 -0.9501 -0.2570
vn 0.8973 -0.0708 -0.4356
vn 0.9968 0.0631 0.0487
vn 0.8835 0.4342 -0.1758
vn -0.3682 -0.4334 0.8226
vn -0.9103 0.2600 0.3222
vn -0.9210 0.3222 0.2190
vn -0.6170 0.7319 0.2892
vn -0.4993 0.6941 -0.5186
vn 0.0270 0.7501 -0.6608
vn 0.9634 0.0562 0.2621
vn 0.8429 0.5242 0.1212
vn 0.3326 -0.9412 0.0592
vn -0.5742 -0.8112 -0.1111
vn 0.8409 0.5409 0.0170
vn 0.9051 0.4246 0.0198
vn -0.7231 0.3891 -0.5707
vn -0.7370 0.3207 -0.5949
vn -0.6931 0.4658 -0.5501
vn 0.6606 -0.6290 0.4098
vn 0.6939 -0.6464 0.3172
vn -0.7411 0.5691 0.3563
vn 0.1349 0.0759 -0.9879
vn 0.1825 0.1067 -0.9774
vn 0.8258 0.2520 0.5045
vn 0.8398 -0.0382 0.5415
vn 0.8592 0.3382 0.3839
vn -0.2813 0.5521 -0.7849
vn -0.1573 0.2508 0.9552
vn -0.3344 0.1756 0.9259
vn -0.7243 -0.5408 0.4276
vn 0.6397 0.7673 -0.0463
vn 0.6472 0.7623 -0.0069
vn 0.1217 0.7907 -0.6000
vn 0.1004 0.7590 -0.6433
vn -0.9647 -0.2501 -0.0821
vn 0.9026 0.1413 -0.4067
vn 0.7292 0.6441 -0.2311
vn -0.1855 0.8188 -0.5433
vn 0.9618 0.2568 0.0949
vn 0.9682 0.1400 0.2073
vn -0.2721 -0.1643 -0.9481
vn 0.0705 0.6665 -0.7422
vn 0.2243 0.7099 -0.6676
vn 0.9999 0.0113 0.0094
vn 0.9898 0.1146 -0.0848
vn 0.5645 0.6795 -0.4687
vn 0.9046 0.3293 -0.2708
vn 0.0266 -0.9844 -0.1739
vn 0.1941 -0.9202 -0.3399
vn 0.8787 -0.2417 0.4117
vn 0.9627 0.1948 0.1878
vn -0.0093 0.7886 -0.6148
vn -0.3873 0.3137 0.8670
vn 0.5075 0.6800 -0.5292
vn 0.5078 0.6632 -0.5498
vn -0.1435 0.6721 0.7264
vn 0.1146 0.7718 0.6255
vn 0.7408 -0.6718 -0.0030
vn 0.9435 -0.2211 -0.2467
vn 0.8884 -0.0960 0.4489
vn 0.4686 0.8816 0.0571
vn -0.6095 -0.4877 0.6250
vn -0.5687 0.2854 0.7714
vn -0.4007 0.8366 0.3736
vn -0.3163 -0.8605 0.3994
vn 0.5999 0.7411 -0.3014
vn 0.8552 -0.5119 -0.0809
vn 0.3277 -0.5837 -0.7429
vn 0.3856 -0.5233 -0.7599
vn -0.9152 0.2970 0.2725
vn 0.5540 0.7019 0.4477
vn 0.0381 -0.5985 -0.8002
vn -0.5668 0.2151 0.7953
vn -0.4860 -0.0155 0.8738
vn -0.3390 0.4788 0.8098
vn 0.6016 0.7132 -0.3597
vn 0.5976 0.7007 -0.3898
vn 0.4533 0.8761 0.1643
vn 0.7725 0.5381 -0.3372
vn -0.7970 0.1100 -0.5938
vn -0.4949 -0.1232 0.8602
vn -0.5450 0.6451 -0.5356
vn 0.9952 -0.0585 0.0784
vn 0.9708 0.2399 -0.0036
vn 0.9914 -0.1058 0.0776
vn 0.5596 -0.0432 0.8276
vn 0.9778 -0.0253 0.2079
vn 0.6514 0.6731 -0.3501
vn 0.5651 0.8145 0.1313
vn -0.6120 0.5262 0.5904
vn -0.6894 0.5123 0.5121
vn 0.5194 0.4083 0.7507
vn -0.4161 0.1043 -0.9033
vn -0.6154 0.7880 0.0187
vn 0.9966 0.0631 0.0528
vn 0.2104 -0.8194 0.5333
vn 0.1578 -0.8959 0.4154
vn 0.9181 0.0541 -0.3926
vn 0.2934 -0.6596 -0.6920
vn 0.1379 -0.6693 -0.7300
vn 0.2711 -0.9294 0.2504
vn 0.4445 -0.5345 0.7189
vn 0.6180 -0.6812 0.3925
vn -0.3790 -0.1601 0.9115
vn -0.6113 -0.1369 0.7795
vn -0.1260 0.1422 0.9818
vn -0.5579 0.7518 0.3515
vn -0.7025 0.6008 0.3814
vn 0.3236 -0.7688 0.5516
vn 0.2838 -0.7489 0.5988
vn 0.9751 0.2042 0.0861
vn 0.9596 0.0471 -0.2775
vn 0.1929 -0.9701 0.1471
vn 0.4062 -0.8925 0.1961
vn -0.3341 -0.1788 -0.9254
vn -0.4719 -0.5969 -0.6489
vn -0.6244 0.7341 -0.2667
vn -0.6028 0.7897 -0.1140
vn 0.0949 -0.1894 0.9773
vn -0.9009 -0.3665 -0.2325
vn 0.8602 0.4747 0.1863
vn -0.9169 0.0613 -0.3943
vn -0.5340 0.1703 -0.8281
vn 0.9056 0.4136 0.0942
vn -0.7664 -0.0254 0.6419
vn -0.2343 0.3698 -0.8991
vn 0.6835 0.7298 -0.0122
vn 0.6233 0.7819 0.0117
vn -0.5962 0.8021 -0.0343
vn -0.6986 -0.0230 -0.7152
vn -0.4827 -0.3485 0.8035
vn -0.4121 -0.5101 0.7550
vn -0.3428 -0.4827 0.8059
vn 0.8193 0.1353 0.5571
vn 0.0780 0.9434 -0.3225
vn 0.6243 0.7689 -0.1378
vn -0.0701 0.7838 0.6170
vn 0.1136 0.9927 0.0405
vn 0.3574 0.9326 0.0500
vn 0.9762 0.0949 -0.1949
vn 0.9210 0.1491 -0.3600
vn -0.8534 -0.1189 0.5075
vn 0.6673 -0.6012 -0.4396
vn 0.6481 -0.6521 -0.3934
vn 0.6419 0.3924 0.6588
vn -0.1256 -0.4585 -0.8798
vn -0.0512 -0.6639 -0.7460
vn -0.9931 -0.0603 -0.1002
vn -0.8933 -0.3894 -0.2243
vn 0.6843 -0.6804 -0.2623
vn 0.6356 -0.7060 -0.3123
vn 0.2974 0.6475 0.7016
vn 0.2176 0.7708 0.5988
vn 0.3333 0.9196 0.2080
vn -0.4195 0.6901 -0.5897
vn -0.3608 -0.7219 0.5906
vn 0.8066 0.5185 -0.2839
vn -0.3413 -0.1252 -0.9316
vn 0.6796 0.6550 0.3303
vn 0.6887 0.5986 0.4092
vn 0.1848 0.2193 -0.9580
vn 0.1176 0.0671 -0.9908
vn 0.9556 -0.0405 0.2920
vn 0.9697 -0.0703 0.2338
vn 0.6138 -0.0743 0.7860
vn 0.6159 -0.0633 0.7853
vn 0.7657 -0.5328 -0.3602
vn -0.2862 0.7563 -0.5884
vn -0.1404 -0.0718 0.9875
vn -0.0217 0.2818 0.9592
vn 0.8826 -0.2101 -0.4206
vn 0.9538 -0.1160 -0.2773
vn 0.4914 0.8635 0.1136
vn -0.2299 -0.9622 -0.1461
vn -0.4444 -0.8915 -0.0885
vn 0.6354 0.7257 -0.2639
vn 0.7856 0.5253 0.3270
vn 0.7076 0.5394 -0.4564
vn -0.7813 0.0280 0.6236
vn 0.7433 0.6392 0.1974
vn 0.8368 0.4915 0.2412
vn 0.9489 -0.0522 -0.3113
vn 0.9811 -0.0219 -0.1920
vn 0.3719 -0.7480 0.5497
vn 0.6465 -0.3279 -0.6889
vn -0.1970 -0.5933 0.7805
vn -0.2149 -0.9651 0.1497
vn -0.0484 -0.9980 0.0396
vn -0.3024 0.2957 -0.9061
vn -0.4233 0.0632 -0.9038
vn 0.4916 0.0435 0.8698
vn -0.5635 0.2383 0.7910
vn -0.5809 0.2803 0.7642
vn -0.0375 0.3129 0.9490
vn 0.1084 -0.2661 0.9578
vn 0.5566 0.4688 0.6858
vn -0.1106 0.8778 -0.4661
vn -0.1784 0.1122 0.9775
vn 0.7077 -0.5829 -0.3992
vn 0.7831 -0.4799 -0.3955
vn -0.4153 0.3888 0.8224
vn -0.6451 0.3819 -0.6618
vn -0.6873 -0.4795 0.5456
vn -0.3241 -0.7742 0.5436
vn -0.4194 -0.3104 0.8531
vn 0.9350 0.3541 0.0191
vn 0.8578 0.4505 0.2473
vn 0.4826 0.1143 0.8683
vn 0.6847 -0.1954 0.7021
vn 0.4225 -0.1987 0.8843
vn -0.2698 0.3486 0.8976
vn -0.3318 0.3343 0.8821
vn 0.6671 -0.7057 0.2385
vn 0.9049 0.2753 -0.3247
vn 0.2660 -0.1301 -0.9552
vn 0.9283 0.1356 -0.3463
vn 0.9895 0.0715 0.1256
vn 0.0772 0.9887 0.1282
vn -0.3349 -0.2131 -0.9178
vn -0.2947 -0.2133 -0.9315
vn -0.4993 -0.0527 0.8648
vn -0.4924 -0.0920 0.8655
vn 0.6040 0.0707 -0.7938
vn 0.3722 0.7666 -0.5232
vn -0.2184 0.1928 -0.9566
vn -0.5973 0.7981 -0.0791
vn 0.0967 0.7401 -0.6655
vn -0.9254 0.3680 0.0907
vn -0.4726 0.1288 0.8718
vn 0.5887 0.7263 -0.3548
vn -0.6203 0.7826 0.0524
vn -0.1419 -0.0718 0.9873
vn -0.0515 -0.3340 0.9412
vn 0.4058 0.9113 -0.0695
vn 0.0714 0.9812 0.1792
vn 0.0250 0.5417 0.8402
vn 0.2569 0.3504 0.9007
vn -0.0683 0.1417 0.9876
vn -0.1281 0.3901 0.9118
vn 0.0728 0.7906 0.6079
vn 0.2264 0.4691 0.8536
vn 0.1575 0.5531 0.8181
vn 0.0025 0.3592 0.9333
vn -0.3786 -0.2538 0.8901
vn 0.2957 0.9506 -0.0940
vn -0.0799 -0.0696 0.9944
vn 0.3117 -0.0010 0.9502
vn -0.1228 -0.8798 -0.4592
vn 0.0122 -0.7788 -0.6272
vn -0.0688 -0.8155 -0.5747
vn -0.5674 -0.7171 0.4047
vn 0.3164 0.5204 0.7931
vn 0.6017 0.3820 0.7015
vn 0.5172 -0.8507 -0.0939
vn 0.1389 -0.0204 -0.9901
vn 0.2133 -0.1715 -0.9618
vn 0.0324 -0.9230 -0.3835
vn 0.4928 0.4905 0.7187
vn 0.4277 0.5634 0.7069
vn 0.5594 0.5128 0.6512
vn 0.2558 -0.9609 -0.1057
vn 0.0904 -0.9933 -0.0718
vn 0.2048 -0.9783 -0.0315
vn 0.6394 0.6481 -0.4137
vn 0.5988 0.6695 -0.4395
vn 0.8745 -0.4736 0.1045
vn 0.5101 0.8290 -0.2294
vn -0.0232 0.9880 0.1527
vn -0.2838 0.7292 -0.6227
vn -0.4471 -0.2148 0.8683
vn -0.5466 0.1611 0.8217
vn -0.1699 0.7612 -0.6259
vn 0.8680 0.1093 0.4844
vn 0.8118 0.5539 0.1848
vn -0.1374 0.6932 0.7075
vn 0.1570 0.8955 -0.4164
vn 0.1189 0.7608 -0.6380
vn -0.1255 0.6847 -0.7179
vn -0.0932 -0.2253 -0.9698
vn 0.2875 0.2710 -0.9186
vn 0.1257 0.4183 -0.8996
vn 0.2367 0.1880 -0.9532
vn 0.2204 0.7527 -0.6204
vn 0.2130 0.6918 -0.6900
vn 0.1754 0.5102 0.8420
vn 0.9392 0.0595 -0.3381
vn 0.8962 0.4067 -0.1773
vn 0.8024 0.5498 -0.2323
vn 0.9539 0.1383 -0.2662
vn 0.8380 0.5199 -0.1655
vn -0.1459 -0.8815 -0.4491
vn -0.4284 -0.6905 -0.5828
vn -0.1554 -0.8516 -0.5006
vn -0.4688 0.1763 -0.8655
vn 0.4326 0.8930 -0.1242
vn -0.5213 -0.1546 0.8392
vn -0.6760 0.7121 -0.1895
vn -0.4040 0.5580 -0.7248
vn 0.3133 0.1709 0.9342
vn -0.1413 -0.2562 0.9562
vn -0.8471 0.5301 0.0387
vn 0.9752 0.1826 0.1246
vn 0.4252 0.8916 -0.1555
vn 0.6134 0.4238 0.6664
vn 0.5809 0.5524 0.5978
vn 0.2877 -0.4871 0.8246
vn -0.1624 -0.5718 -0.8042
vn -0.0600 0.9764 0.2074
vn 0.0818 0.8063 -0.5858
vn 0.6204 0.7027 -0.3483
vn -0.5305 -0.6275 0.5699
vn 0.4432 0.8377 0.3192
vn -0.2454 -0.9622 -0.1185
vn -0.4455 -0.8664 -0.2254
vn -0.1661 -0.9062 -0.3889
vn -0.4322 -0.7693 -0.4705
vn -0.1983 -0.8888 -0.4132
vn 0.4912 0.1332 0.8608
vn -0.5457 0.6020 -0.5830
vn 0.9276 0.2627 0.2656
vn 0.5238 -0.0318 -0.8512
vn -0.3153 -0.0257 0.9486
vn -0.2438 0.3882 0.8888
vn 0.8012 0.0116 -0.5982
vn -0.1995 -0.6333 -0.7478
vn -0.2731 -0.6423 -0.7161
vn -0.2825 0.4815 0.8297
vn -0.0128 0.4441 -0.8959
vn -0.7485 0.5097 0.4241
vn 0.1389 0.9877 0.0723
vn -0.2478 0.2817 0.9270
vn -0.7526 -0.3424 0.5625
vn 0.9768 0.2064 0.0579
vn 0.5677 0.8010 0.1902
vn 0.7413 0.6599 0.1222
vn 0.8025 0.5819 0.1317
vn -0.1373 0.7817 -0.6084
vn 0.2106 -0.9766 -0.0439
vn -0.2785 0.7102 -0.6466
vn -0.2948 0.7324 -0.6138
vn 0.1651 0.4645 0.8700
vn 0.9911 -0.0122 0.1327
vn -0.2768 -0.9456 -0.1712
vn -0.6509 0.3611 -0.6678
vn -0.3563 -0.0222 -0.9341
vn 0.4222 -0.1919 0.8859
vn 0.9875 -0.1031 0.1191
vn -0.7037 -0.4626 0.5393
vn -0.4606 -0.7087 -0.5344
vn -0.4164 -0.8640 -0.2829
vn -0.2331 -0.9555 -0.1806
vn -0.2845 0.1602 0.9452
vn 0.8601 -0.4740 0.1887
vn -0.2734 -0.1282 -0.9533
vn -0.3051 -0.1075 -0.9462
vn 0.9633 0.0689 -0.2594
vn 0.6696 0.7340 0.1136
vn 0.8953 0.3694 0.2488
vn -0.1174 -0.7852 -0.6080
vn -0.3037 -0.4148 -0.8577
vn -0.6266 -0.5960 0.5021
vn 0.0399 0.9743 0.2217
vn -0.6442 0.5429 0.5388
vn -0.4044 0.8545 -0.3259
vn -0.1621 0.8726 -0.4607
vn 0.8587 0.3763 0.3478
vn -0.3857 -0.0605 0.9206
vn -0.3174 -0.2257 0.9210
vn -0.3890 -0.2686 0.8812
vn -0.6961 -0.4582 0.5527
vn -0.6938 -0.5053 0.5131
vn -0.8376 -0.1455 0.5266
vn -0.0656 0.7743 -0.6295
vn 0.7413 0.6443 0.1881
vn 0.8116 0.4435 0.3802
vn -0.4408 -0.7318 -0.5198
vn -0.2562 -0.8315 -0.4928
vn -0.2369 -0.8478 -0.4745
vn 0.0831 0.7416 -0.6656
vn 0.6010 0.7476 0.2826
vn -0.6267 -0.4791 -0.6146
vn -0.2060 0.7457 -0.6337
vn -0.2683 0.7190 -0.6411
vn -0.2499 0.7539 -0.6076
vn 0.6668 0.7452 0.0095
vn 0.8470 0.2960 -0.4417
vn 0.8479 0.4635 -0.2574
vn 0.3322 0.1516 -0.9310
vn 0.1713 0.4274 -0.8877
vn 0.5658 0.1730 -0.8062
vn 0.6362 0.1260 -0.7611
vn 0.5834 0.8112 0.0405
vn 0.5433 0.8391 0.0266
vn -0.7868 -0.5175 0.3363
vn 0.2811 0.9259 -0.2524
vn -0.6325 -0.7135 0.3014
vn 0.7418 0.6699 0.0322
vn 0.9823 -0.0913 0.1638
vn 0.8196 0.4396 -0.3675
vn -0.9483 0.3168 0.0169
vn -0.7781 0.4419 0.4464
vn -0.1976 -0.9465 0.2552
vn 0.5878 0.1782 0.7892
vn 0.7054 -0.6774 0.2085
vn 0.9584 -0.0010 0.2854
vn 0.9268 0.2290 0.2975
vn 0.8870 -0.0145 0.4615
vn -0.1847 0.8585 -0.4784
vn -0.2399 0.8626 -0.4455
vn 0.4963 0.3933 0.7740
vn -0.3506 -0.6239 0.6984
vn 0.0286 0.8237 -0.5663
vn -0.5205 -0.3901 0.7595
vn -0.6229 -0.7366 0.2636
vn -0.2329 -0.4927 0.8384
vn 0.5652 0.4371 0.6997
vn 0.6691 0.3212 0.6701
vn 0.0767 0.5742 -0.8151
vn 0.3915 -0.7809 -0.4867
vn 0.1595 -0.7685 -0.6197
vn -0.2805 0.6843 -0.6731
vn -0.2055 -0.3604 0.9099
vn 0.1460 -0.2240 -0.9636
vn 0.0865 -0.1287 -0.9879
vn 0.5269 0.4911 0.6937
vn -0.4069 -0.6507 0.6411
vn 0.9999 0.0113 -0.0060
vn 0.9225 0.2286 -0.3109
vn -0.2144 -0.9766 0.0181
vn 0.9396 -0.0962 -0.3285
vn -0.5848 0.5663 -0.5808
vn -0.3599 0.4013 -0.8423
vn 0.8421 -0.5169 0.1540
vn 0.0373 -0.8036 0.5939
vn 0.8906 0.1939 0.4113
vn -0.1548 0.7743 -0.6136
vn 0.9742 0.1708 0.1478
vn 0.9578 0.1759 0.2273
vn -0.6372 0.5664 0.5227
vn 0.4147 0.1941 -0.8890
vn -0.0877 -0.0064 -0.9961
vn 0.0991 -0.0878 -0.9912
vn -0.8056 -0.2980 -0.5120
vn 0.7889 0.3311 0.5177
vn 0.0833 0.3882 -0.9178
vn -0.5371 -0.1542 0.8293
vn -0.4964 -0.1667 0.8520
vn -0.7993 0.5375 0.2687
vn -0.7741 0.5964 0.2124
vn -0.1249 0.5032 0.8551
vn -0.1562 -0.1268 -0.9795
vn -0.6754 -0.7312 -0.0958
vn -0.3368 0.4254 -0.8400
vn -0.1045 -0.9305 -0.3511
vn -0.8541 -0.3720 0.3634
vn -0.2330 -0.3603 0.9033
vn 0.2498 -0.2982 0.9212
vn -0.3735 0.7102 -0.5968
vn -0.3778 0.7249 -0.5760
vn -0.7159 -0.4430 0.5397
vn 0.5306 0.2973 0.7938
vn 0.7130 0.4716 -0.5189
vn 0.5784 0.5596 -0.5936
vn -0.3226 0.4491 0.8332
vn -0.5220 -0.1560 0.8386
vn 0.0815 -0.0089 0.9966
vn 0.9462 0.2897 -0.1442
vn 0.9364 0.1674 0.3084
vn -0.8295 -0.3564 0.4301
vn -0.3423 0.5279 0.7773
vn 0.9368 0.3403 -0.0817
vn 0.7097 0.4925 0.5038
vn -0.8690 0.1493 0.4718
vn -0.9679 -0.0816 0.2376
vn 0.8414 0.5244 -0.1307
vn 0.5857 0.1509 0.7963
vn 0.6068 0.1227 0.7853
vn 0.7081 0.0667 0.7029
vn 0.6339 0.2541 0.7304
vn -0.6081 0.3086 0.7315
vn 0.6932 0.7191 -0.0498
vn -0.3695 -0.4193 0.8292
vn -0.4585 -0.8859 0.0702
vn 0.9136 -0.1283 -0.3858
vn -0.1552 0.7493 -0.6438
vn 0.9170 -0.3522 0.1875
vn 0.9392 -0.3167 0.1328
vn 0.9017 0.1444 -0.4074
vn 0.1330 -0.0865 -0.9873
vn -0.0032 0.4480 -0.8940
vn 0.4779 -0.1846 0.8588
vn 0.0262 -0.4765 -0.8788
vn -0.6134 0.5500 0.5668
vn -0.8438 -0.4078 0.3489
vn -0.6539 -0.6579 0.3736
vn 0.1036 -0.6707 -0.7345
vn 0.0405 -0.4133 0.9097
vn 0.7752 -0.1275 0.6187
vn -0.6289 0.7766 0.0376
vn -0.7566 0.6395 -0.1364
vn -0.6503 0.7597 0.0067
vn 0.5557 0.8311 0.0216
vn -0.8411 -0.4556 0.2916
vn -0.3741 -0.3734 0.8489
vn -0.1411 0.7462 -0.6506
vn -0.0931 0.7557 -0.6483
vn -0.0844 0.7688 -0.6339
vn 0.0056 0.3141 0.9494
vn 0.1719 -0.8974 0.4064
vn -0.2109 -0.3960 0.8937
vn -0.5847 0.6265 -0.5155
vn -0.6842 -0.5152 0.5162
vn 0.0642 -0.7059 -0.7054
vn 0.2986 -0.9435 -0.1435
vn -0.5379 -0.0183 0.8428
vn 0.0341 0.9545 0.2963
vn 0.8383 -0.0555 0.5424
vn 0.7338 -0.3210 0.5987
vn 0.6993 -0.1912 0.6887
vn 0.1226 -0.9480 0.2937
vn -0.9235 -0.3517 -0.1531
vn -0.7381 -0.1876 0.6481
vn 0.9306 0.3549 -0.0894
vn -0.5848 0.1114 -0.8035
vn -0.3449 0.0454 -0.9375
vn -0.3424 -0.7794 0.5246
vn -0.3049 -0.5384 0.7856
vn 0.9675 -0.2402 -0.0793
vn -0.4650 -0.2714 0.8427
vn 0.2421 -0.5310 -0.8121
vn -0.3572 0.6682 -0.6526
vn -0.5158 -0.4011 0.7570
vn 0.7672 0.0817 -0.6361
vn 0.8480 0.2551 -0.4646
vn -0.6171 -0.5536 0.5591
vn 0.5820 0.8123 0.0387
vn -0.2841 0.1125 -0.9522
vn -0.4168 -0.0693 -0.9064
vn -0.3741 0.6635 0.6479
vn 0.8924 0.2474 0.3773
vn 0.2360 -0.4730 -0.8489
vn 0.6536 0.6772 -0.3380
vn 0.9867 0.1497 0.0625
vn 0.7991 0.6006 0.0272
vn 0.4127 0.7910 -0.4517
vn -0.0201 -0.1469 -0.9889
vn 0.7961 -0.6012 0.0692
vn 0.2002 0.4979 -0.8438
vn -0.7040 0.6135 0.3578
vn -0.6662 0.3172 0.6749
vn 0.9826 -0.0712 0.1715
vn -0.0010 -0.2725 0.9622
vn -0.5972 -0.5759 0.5583
vn -0.6908 -0.4382 0.5751
vn -0.5434 -0.5913 0.5958
vn -0.6430 -0.7650 0.0362
vn 0.8896 0.1215 -0.4402
vn 0.8556 0.4737 -0.2084
vn 0.7351 0.5875 -0.3385
vn 0.0120 0.5322 0.8465
vn -0.0627 0.5597 0.8263
vn 0.3399 0.6845 0.6449
vn 0.1705 0.4165 0.8930
vn -0.3231 0.4722 0.8202
vn -0.1022 0.0536 0.9933
vn -0.6116 -0.7692 -0.1852
vn -0.3291 0.5959 0.7326
vn 0.6594 0.7390 -0.1379
vn -0.6799 0.0668 0.7302
vn 0.3255 -0.9455 0.0030
vn -0.7854 -0.4095 0.4641
vn 0.6943 0.3485 0.6297
vn -0.0989 -0.9923 -0.0749
vn -0.3355 0.2059 -0.9193
vn -0.0373 -0.0064 -0.9993
vn -0.6333 0.7736 0.0230
vn -0.5019 0.3122 -0.8066
vn -0.6539 -0.2897 0.6989
vn -0.6484 -0.4287 -0.6291
vn -0.6434 -0.3808 -0.6641
vn -0.5693 0.6760 -0.4679
vn 0.9212 -0.3476 0.1749
vn 0.8683 -0.2075 -0.4505
vn 0.8726 -0.3763 -0.3114
vn -0.6006 -0.0583 0.7974
vn 0.5768 0.7359 -0.3547
vn -0.7430 -0.1410 0.6543
vn -0.7471 0.0787 0.6600
vn -0.2952 -0.5189 0.8023
vn 0.9012 -0.3841 0.2006
vn -0.1228 0.7944 -0.5948
vn -0.3288 0.8082 -0.4887
vn -0.0287 0.3773 0.9256
vn 0.4396 0.6697 -0.5986
vn 0.3286 0.5938 -0.7344
vn 0.7227 0.6303 -0.2834
vn -0.5299 -0.5918 -0.6074
vn -0.8028 0.5888 -0.0938
vn -0.1277 0.7214 -0.6807
vn -0.1957 0.7595 -0.6203
vn 0.9834 0.0422 0.1766
vn 0.5878 0.7271 -0.3547
vn -0.1318 0.7648 -0.6307
vn -0.5053 0.3504 -0.7886
vn 0.6653 0.1564 0.7300
vn -0.2831 0.4753 -0.8330
vn -0.1915 0.2601 -0.9464
vn -0.2406 0.0088 0.9706
vn -0.2576 -0.6721 0.6942
vn 0.8770 0.4586 0.1435
vn -0.1070 0.7534 -0.6488
vn -0.1650 0.7133 -0.6811
vn 0.3197 -0.2475 0.9146
vn -0.1630 -0.8311 0.5316
vn 0.7225 0.2245 0.6540
vn 0.8105 0.1589 0.5637
vn -0.0844 -0.1919 -0.9778
vn 0.0261 0.0339 -0.9991
vn -0.7519 -0.0392 0.6581
vn -0.4839 0.0754 -0.8719
vn -0.3280 0.9442 0.0316
vn -0.2350 0.7556 0.6114
vn 0.4644 0.6594 -0.5912
vn 0.1875 -0.6879 0.7012
vn 0.9662 0.1678 0.1957
vn -0.6860 0.1480 -0.7124
vn -0.2835 -0.7996 0.5295
vn 0.4213 -0.7903 0.4449
vn 0.7635 0.6235 -0.1680
vn 0.2922 0.7482 -0.5957
vn 0.8868 -0.3793 0.2642
vn -0.3115 -0.1981 0.9294
vn -0.1137 -0.1305 0.9849
vn 0.8405 0.5156 0.1667
vn -0.2544 0.6586 0.7082
vn -0.6868 0.3765 0.6217
vn 0.7634 0.6449 0.0355
vn 0.9790 -0.0720 -0.1906
vn -0.1544 0.8860 -0.4373
vn -0.8810 0.1241 0.4566
vn -0.5965 0.6284 -0.4993
vn -0.3589 -0.6369 0.6823
vn -0.4693 -0.5079 -0.7224
vn -0.2491 0.3400 0.9068
vn -0.1801 0.0931 0.9792
vn 0.2144 0.8833 0.4168
vn 0.1628 0.7857 0.5968
vn -0.3255 0.8408 -0.4325
vn -0.2011 0.6926 0.6927
vn -0.4822 -0.8357 0.2627
vn -0.4470 -0.8531 0.2691
vn -0.2698 -0.9318 0.2429
vn 0.8307 0.5134 0.2153
vn 0.3044 0.0160 -0.9524
vn 0.0035 -0.2223 -0.9750
vn 0.6284 0.7676 0.1259
vn 0.9570 0.2023 -0.2077
vn 0.0202 0.7465 -0.6651
vn -0.6114 0.4344 0.6614
vn 0.5587 0.6925 0.4564
vn -0.6379 -0.7345 0.2314
vn 0.8783 -0.1233 -0.4619
vn 0.8622 0.1485 -0.4844
vn 0.0428 -0.3236 -0.9452
vn -0.1594 0.0185 -0.9870
vn -0.4073 0.6156 -0.6746
vn -0.4523 0.8915 0.0253
vn -0.2341 0.7538 -0.6139
vn 0.0647 0.9227 0.3800
vn -0.0737 0.9835 0.1649
vn 0.8082 -0.2285 0.5427
vn 0.9617 -0.0576 0.2681
vn -0.7466 0.0219 0.6649
vn 0.2131 0.7510 -0.6250
vn 0.7959 0.0541 -0.6030
vn 0.0308 -0.7765 0.6294
vn -0.0811 -0.9042 0.4194
vn 0.0683 -0.8043 0.5903
vn 0.3611 0.5363 -0.7628
vn -0.4313 -0.3820 0.8174
vn 0.4979 0.7260 -0.4744
vn -0.6972 -0.2993 0.6514
vn -0.6512 -0.2933 0.7000
vn -0.6636 -0.3497 0.6614
vn 0.4107 0.8624 0.2958
vn 0.6726 0.7398 -0.0146
vn 0.6690 0.7432 -0.0080
vn 0.6764 0.7362 -0.0221
vn 0.5939 0.7443 -0.3055
vn -0.4809 -0.2378 0.8439
vn 0.9508 -0.1252 0.2833
vn 0.9430 0.3189 0.0950
vn -0.8244 0.0218 0.5655
vn 0.2354 -0.3964 -0.8874
vn 0.9391 0.3378 0.0638
vn 0.2382 0.7233 -0.6482
vn 0.2609 0.7200 -0.6430
vn -0.7891 -0.2319 0.5688
vn -0.2417 0.5174 0.8209
vn 1.0000 0.0049 -0.0060
vn -0.9944 0.1048 0.0145
vn 0.7675 -0.6032 -0.2171
vn 0.1553 0.6620 -0.7332
vn 0.3361 0.2950 -0.8944
vn -0.7136 0.4076 0.5698
vn -0.6864 0.3890 0.6144
vn 0.2388 0.9467 -0.2161
vn -0.0161 -0.9261 -0.3769
vn 0.2165 0.8604 0.4613
vn 0.8972 0.1904 0.3984
vn 0.7301 0.3370 0.5945
vn 0.2950 0.9296 0.2208
vn 0.1097 0.7636 0.6363
vn 0.4864 0.7930 -0.3669
vn 0.8232 -0.0911 -0.5604
vn -0.9160 -0.2827 -0.2846
vn 0.8960 -0.0779 -0.4372
vn -0.6238 0.6998 0.3481
vn -0.7411 0.1337 -0.6580
vn -0.7874 0.2483 0.5643
vn -0.7427 0.1836 0.6439
vn -0.1613 -0.9728 -0.1665
vn -0.3786 -0.8656 -0.3276
vn 0.9253 0.3782 0.0281
vn 0.8365 0.5450 -0.0563
vn -0.2691 0.4346 0.8595
vn 0.4664 0.6590 -0.5900
vn 0.4489 0.6640 -0.5980
vn 0.7806 0.5160 -0.3528
vn -0.0787 0.7120 -0.6978
vn 0.2295 -0.1980 -0.9530
vn -0.0296 -0.0159 -0.9994
vn 0.9811 0.1276 -0.1456
vn -0.7057 0.4393 0.5559
vn -0.8360 0.4638 -0.2932
vn 0.6000 0.7802 0.1768
vn 0.1300 0.6644 -0.7360
vn 0.5448 0.3415 0.7659
vn 0.6495 0.7101 -0.2719
vn 0.7309 0.4245 -0.5344
vn -0.7992 -0.0331 0.6001
vn -0.3623 0.3716 0.8548
vn 0.9302 -0.1796 0.3201
vn -0.1797 0.6397 -0.7473
vn -0.2596 0.4373 -0.8610
vn -0.3132 0.4095 -0.8568
vn 0.3744 0.0590 -0.9254
vn 0.6380 0.6271 0.4469
vn 0.6157 0.5701 0.5440
vn -0.3884 0.6713 0.6313
vn 0.0839 -0.9786 -0.1878
vn 0.1514 -0.9667 -0.2063
vn -0.6047 -0.4818 0.6342
vn -0.2651 0.0708 -0.9616
vn -0.4138 0.0710 0.9076
vn -0.6269 0.0189 0.7788
vn -0.6950 0.4001 0.5974
vn -0.1023 0.7846 -0.6115
vn 0.6152 -0.7751 -0.1441
vn 0.5576 -0.6670 -0.4942
vn 0.7127 0.6584 -0.2421
vn 0.6710 0.7367 0.0838
vn 0.9432 0.3109 0.1173
vn 0.2456 -0.4264 -0.8705
vn 0.9919 0.0721 0.1041
vn -0.5330 -0.1921 0.8240
vn -0.2968 -0.1636 0.9408
vn -0.5164 0.6442 -0.5642
vn -0.4680 0.8122 0.3482
vn 0.6604 0.7054 -0.2576
vn -0.4371 -0.0903 -0.8949
vn -0.2156 0.1152 -0.9697
vn -0.2938 -0.0269 -0.9555
vn 0.3901 -0.9128 -0.1211
vn 0.8530 -0.5210 0.0302
vn -0.0253 -0.1974 0.9800
vn 0.0364 -0.2088 0.9773
vn 0.6712 0.6724 0.3119
vn -0.1033 -0.9519 0.2883
vn 0.0454 0.9755 0.2154
vn 0.9401 0.3313 0.0807
vn 0.6038 0.7932 0.0793
vn -0.3890 0.2639 0.8826
vn 0.3294 -0.4724 -0.8175
vn 0.6421 0.7535 -0.1414
vn 0.4527 0.4073 0.7932
vn -0.0314 0.5152 0.8565
vn -0.6630 0.3515 -0.6609
vn -0.7266 0.4057 -0.5545
vn -0.0273 0.5497 0.8349
vn 0.2962 0.7360 -0.6088
vn 0.5921 0.7126 -0.3764
vn -0.5535 -0.4993 0.6665
vn -0.0852 0.2050 -0.9751
vn 0.1097 0.7207 -0.6846
vn 0.9530 -0.0538 0.2982
vn -0.0713 0.7547 -0.6522
vn 0.0180 -0.1340 0.9908
vn -0.2654 0.7428 -0.6146
vn 0.9608 -0.0925 0.2613
vn 0.9924 0.0164 0.1220
vn -0.1651 0.9304 0.3274
vn -0.8114 -0.0953 0.5767
vn -0.6982 -0.2043 0.6861
vn 0.6582 0.3453 0.6689
vn -0.4994 0.6689 0.5507
vn 0.0720 0.7526 0.6546
vn 0.0036 0.5166 0.8562
vn 0.1574 0.2644 0.9515
vn -0.0509 0.1898 0.9805
vn -0.6850 -0.6793 0.2633
vn 0.4208 0.9051 0.0608
vn -0.6248 -0.4238 -0.6557
vn -0.7062 -0.3283 0.6273
vn -0.2786 -0.9255 0.2566
vn 0.0022 -0.9993 0.0369
vn -0.2098 -0.9613 0.1784
vn 0.1163 0.9867 -0.1135
vn 0.0361 0.9539 0.2981
vn -0.5926 0.7977 -0.1121
vn -0.5649 0.8240 -0.0446
vn -0.1677 -0.8780 -0.4483
vn -0.7650 0.6415 -0.0566
vn -0.3878 0.3265 0.8620
vn -0.3034 0.3964 0.8665
vn -0.3342 0.7404 -0.5832
vn 0.7544 0.5912 0.2852
vn -0.1550 0.7801 -0.6061
vn 0.7942 0.4920 -0.3565
vn 0.8707 0.4348 0.2299
vn 0.5357 0.6957 -0.4786
vn 0.6111 0.6281 -0.4817
vn 0.5457 0.6853 -0.4823
vn -0.2897 -0.2312 0.9288
vn 0.9846 0.1609 -0.0681
vn -0.7141 -0.4869 0.5030
vn 0.3257 -0.9407 0.0949
vn -0.1231 0.0165 -0.9923
vn -0.6873 -0.4144 0.5966
vn 0.1100 -0.9851 -0.1319
vn 0.1759 -0.1207 -0.9770
vn -0.4519 0.1099 -0.8853
vn -0.1515 0.1008 0.9833
vn 0.0820 -0.3625 0.9284
vn -0.3914 0.3060 -0.8679
vn -0.0580 0.7469 -0.6624
vn 0.1142 -0.8537 -0.5080
vn 0.4241 -0.6471 -0.6335
vn 0.1589 -0.8321 -0.5313
vn -0.2957 -0.3048 -0.9054
vn -0.7401 0.1441 -0.6569
vn -0.7607 0.2438 -0.6016
vn 0.8267 0.5482 0.1266
vn 0.5987 0.7953 0.0956
vn 0.5513 -0.8328 -0.0503
vn -0.7207 0.6910 0.0549
vn -0.4796 -0.1546 -0.8637
vn -0.7889 0.0690 -0.6106
vn 0.9969 -0.0781 0.0082
vn 0.9982 0.0506 -0.0333
vn 0.9770 0.0942 0.1914
vn 0.8294 -0.4995 -0.2503
vn -0.3240 0.3880 -0.8628
vn 0.7032 0.3216 0.6341
vn -0.0891 -0.3109 0.9462
vn -0.7496 0.6600 0.0496
vn -0.2309 -0.9693 -0.0842
vn -0.6379 -0.7297 0.2463
vn -0.0103 -0.6489 0.7608
vn 0.6571 0.6856 -0.3132
vn 0.8070 0.5674 -0.1639
vn -0.3415 0.2826 0.8964
vn 0.6516 0.7069 -0.2751
vn 0.0347 -0.9764 0.2132
vn -0.3128 0.7399 -0.5957
vn -0.3132 0.7148 -0.6253
vn -0.1482 0.4868 0.8609
vn -0.8330 -0.0523 0.5508
vn -0.9007 -0.1840 0.3936
vn 0.2270 0.9613 0.1562
vn -0.3920 -0.6969 0.6006
vn 0.7518 -0.4326 -0.4977
vn 0.6327 -0.7076 -0.3146
vn 0.4114 0.8861 -0.2135
vn -0.4262 -0.8596 0.2819
vn 0.1973 0.6567 -0.7279
vn -0.0104 0.2047 0.9788
vn -0.3221 -0.6439 0.6940
vn -0.6296 0.3447 -0.6963
vn 0.9661 -0.1170 0.2303
vn 0.6190 0.7475 0.2409
vn 0.5301 0.3129 0.7881
vn -0.8007 0.1427 -0.5818
vn 0.4442 -0.8748 -0.1935
vn -0.5488 -0.6689 0.5013
vn -0.2218 0.2701 -0.9369
vn -0.4557 0.1092 -0.8834
vn -0.2704 0.3413 -0.9002
vn 0.8161 0.5764 0.0408
vn 0.2802 -0.6485 0.7078
vn 0.6131 -0.6026 -0.5109
vn 0.5748 0.8148 0.0756
vn 0.5996 0.7150 -0.3596
vn 0.6004 0.7112 -0.3657
vn 0.4243 0.5663 0.7066
vn 0.6240 0.7814 0.0095
vn 0.8751 0.2674 0.4034
vn 0.5200 0.8514 -0.0686
vn 0.0208 0.8034 -0.5950
vn -0.7586 0.0259 0.6510
vn -0.6260 0.0939 0.7742
vn -0.3959 0.1642 -0.9035
vn -0.6886 0.1942 -0.6987
vn -0.7885 0.0574 -0.6124
vn 0.2632 0.9526 0.1525
vn 0.8532 -0.3379 -0.3972
vn 0.0859 0.9880 -0.1281
vn 0.2536 0.8809 0.3996
vn -0.3741 0.0172 0.9272
vn 0.0825 0.7292 -0.6793
vn -0.4713 -0.1486 0.8694
vn -0.2066 -0.4187 0.8843
vn -0.2337 -0.4693 0.8515
vn 0.0995 0.1678 -0.9808
vn -0.0523 0.1458 -0.9879
vn -0.7862 0.5431 0.2949
vn -0.1772 0.4345 -0.8831
vn -0.1893 0.3727 0.9085
vn -0.6215 0.0039 0.7834
vn -0.5088 0.2319 0.8291
vn -0.1712 -0.9260 -0.3364
vn -0.3390 -0.7210 -0.6043
vn -0.2778 0.7299 -0.6245
vn -0.6998 -0.7124 -0.0519
vn -0.6536 0.2706 -0.7068
vn 0.3653 -0.9110 -0.1914
vn 0.1350 -0.9864 -0.0937
vn -0.4373 -0.0183 -0.8991
vn 0.2607 0.4951 0.8288
vn 0.5096 0.3510 0.7855
vn 0.6373 0.2675 0.7227
vn -0.6125 -0.1205 -0.7812
vn -0.1534 0.9217 -0.3563
vn -0.1914 0.3075 0.9321
vn 0.1650 -0.2457 0.9552
vn -0.2680 -0.3136 -0.9109
vn 0.6484 0.7354 -0.1970
vn 0.3104 0.1566 -0.9376
vn 0.1500 0.4412 -0.8848
vn -0.3628 0.5094 -0.7803
vn -0.6272 -0.6999 0.3417
vn 0.7080 0.6789 -0.1943
vn -0.9767 0.2085 -0.0509
vn -0.7185 0.6595 -0.2210
vn 0.9786 -0.1669 0.1206
vn 0.9760 0.1124 0.1866
vn 0.4593 0.6614 -0.5929
vn 0.4398 0.6738 -0.5937
vn 0.6794 0.5691 -0.4631
vn 0.9891 0.0187 -0.1463
vn -0.2659 0.7290 -0.6308
vn 0.9945 -0.1027 -0.0221
vn -0.2619 0.0338 0.9645
vn -0.0168 0.2579 0.9660
vn 0.0528 0.3566 -0.9328
vn 0.5988 0.6759 -0.4296
vn 0.6123 0.6625 -0.4314
vn 0.3148 0.7244 -0.6133
vn -0.2856 -0.3389 -0.8964
vn -0.0507 -0.7595 0.6485
vn 0.0501 -0.5973 0.8005
vn 0.3477 0.7105 -0.6118
vn 0.8636 0.0937 0.4954
vn 0.0266 -0.9968 0.0748
vn -0.6039 0.7969 0.0146
vn 0.0290 -0.1284 -0.9913
vn -0.1528 -0.8939 -0.4214
vn -0.6498 -0.0015 -0.7601
vn -0.0998 0.7348 -0.6709
vn -0.2698 0.2454 -0.9311
vn 0.2141 -0.8099 0.5461
vn 0.7658 -0.4740 0.4346
vn 0.6728 -0.6161 0.4095
vn -0.4599 -0.8861 0.0569
vn 0.8735 0.3552 -0.3330
vn -0.5573 -0.2992 0.7745
vn 0.3860 0.2725 0.8813
vn 0.9628 0.1801 -0.2015
vn -0.6168 -0.5615 0.5516
vn -0.0304 -0.9936 -0.1088
vn 0.6592 0.7093 0.2496
vn 0.9586 0.0975 -0.2676
vn -0.1007 0.3028 0.9477
vn -0.1442 0.2764 0.9502
vn 0.5937 0.5711 0.5669
vn 0.6998 0.6540 0.2873
vn 0.7277 0.5206 -0.4465
vn -0.6685 0.3361 0.6634
vn -0.1935 -0.1672 -0.9668
vn -0.6850 0.5724 0.4507
vn 0.9691 -0.1535 0.1933
vn -0.5388 0.5222 0.6611
vn -0.7151 0.5237 0.4630
vn -0.6088 -0.5685 0.5534
vn -0.5557 -0.6250 0.5483
vn -0.1678 0.7648 -0.6220
vn -0.1739 0.7496 -0.6387
vn -0.1673 0.7637 -0.6235
vn 0.8837 0.4108 -0.2244
vn 0.8229 0.5673 0.0336
vn 0.5946 -0.0505 0.8024
vn 0.8679 0.1009 -0.4863
vn 0.8481 -0.0800 -0.5238
vn 0.7085 0.7057 0.0055
vn 0.5964 0.8019 0.0355
vn 0.2143 0.9299 -0.2989
vn -0.2720 0.6501 0.7095
vn 0.1383 0.0479 0.9892
vn -0.2523 0.2993 0.9202
vn 0.8558 0.5106 -0.0831
vn 0.8973 0.4413 -0.0143
vn -0.3940 0.3627 0.8445
vn 0.8009 0.1091 -0.5887
vn 0.8303 0.0633 -0.5537
vn 0.7847 0.1068 -0.6106
vn -0.2159 0.1897 0.9578
vn -0.0919 0.0523 0.9944
vn -0.3440 -0.1352 0.9292
vn 0.5458 0.7760 -0.3161
vn 0.9004 -0.1958 0.3886
vn 0.0446 0.6850 0.7272
vn 0.3837 0.9193 -0.0876
vn 0.9474 0.1564 0.2791
vn 0.7128 -0.6742 -0.1934
vn 0.6865 -0.6932 -0.2197
vn 0.4822 0.6285 -0.6103
vn 0.4330 0.6698 -0.6033
vn 0.3428 0.7030 0.6231
vn 0.2256 0.7249 -0.6509
vn -0.4136 0.6954 -0.5877
vn -0.7698 -0.3223 0.5510
vn -0.7388 -0.3394 0.5822
vn 0.6154 0.7168 -0.3279
vn -0.0625 0.1819 -0.9813
vn -0.6488 0.7542 -0.1014
vn 0.8776 0.2052 0.4333
vn -0.3339 -0.0035 -0.9426
vn 0.0295 -0.5594 0.8284
vn -0.0270 -0.8531 0.5211
vn 0.0557 -0.7821 0.6207
vn -0.5678 -0.4379 -0.6971
vn 0.2933 0.2439 0.9244
vn 0.0009 0.0184 -0.9998
vn 0.4064 0.8145 0.4142
vn -0.7860 -0.4328 0.4414
vn -0.9375 0.3048 -0.1677
vn -0.9667 0.2545 -0.0270
vn -0.0606 -0.3645 -0.9292
vn -0.0307 -0.9550 0.2951
vn -0.7365 -0.2472 0.6296
vn -0.7819 0.5605 0.2728
vn 0.8139 0.5519 -0.1817
vn -0.8339 0.4841 0.2650
vn 0.2172 -0.9540 0.2065
vn -0.3886 0.7719 -0.5032
vn -0.1153 0.9470 -0.2999
vn -0.3255 -0.8648 0.3824
vn -0.3642 -0.8789 0.3081
vn 0.5433 0.8066 0.2327
vn 0.7720 0.6356 0.0051
vn 0.0277 0.3580 -0.9333
vn 0.4896 0.7088 0.5079
vn 0.3184 -0.5171 0.7945
vn -0.8348 0.5083 -0.2115
vn 0.5725 -0.0394 0.8190
vn -0.7357 -0.3047 -0.6049
vn 0.9292 0.3694 0.0146
vn 0.1249 0.8767 0.4645
vn 0.0317 0.8288 0.5586
vn 0.0391 0.9321 0.3602
vn -0.2215 0.7044 0.6744
vn -0.9731 -0.0845 0.2144
vn 0.5958 0.8022 0.0377
vn -0.0730 -0.3499 0.9339
vn 0.0448 -0.3496 0.9358
vn -0.0573 -0.4606 0.8857
vn 0.2302 -0.5097 -0.8290
vn 0.1007 -0.5566 -0.8246
vn 0.6770 0.7353 0.0313
vn -0.3691 0.9289 0.0292
vn 0.5191 0.4151 0.7472
vn -0.2629 0.8059 -0.5305
vn -0.7881 -0.1964 -0.5833
vn 0.3260 0.7351 -0.5945
vn -0.4782 0.5681 -0.6698
vn -0.7644 0.1132 -0.6348
vn -0.6222 -0.1176 0.7740
vn 0.3387 0.6975 -0.6315
vn 0.5282 0.3580 0.7700
vn -0.7127 0.0113 0.7013
vn -0.7485 0.3778 0.5451
vn -0.6242 -0.2324 0.7459
vn -0.4256 0.2470 0.8705
vn -0.3331 0.4227 0.8428
vn 0.6094 0.7506 0.2555
vn 0.9909 0.0689 0.1154
vn 0.9015 0.1585 -0.4028
vn 0.7604 -0.1644 -0.6283
vn 0.8070 0.0740 -0.5859
vn -0.8589 0.5113 0.0310
vn 0.3300 0.4444 0.8328
vn 0.5556 0.5570 0.6173
vn 0.9961 -0.0835 0.0288
vn 0.9438 0.0825 0.3199
vn -0.7764 -0.6241 0.0876
vn -0.6361 -0.6661 0.3895
vn -0.2922 0.6114 -0.7354
vn 0.5879 0.8077 0.0436
vn 0.3723 -0.0890 -0.9238
vn -0.1343 0.4711 0.8718
vn -0.4347 0.2820 -0.8553
vn -0.4217 -0.7191 0.5523
vn 0.2663 0.7254 -0.6347
vn 0.1726 0.9257 -0.3366
vn 0.7012 -0.5663 -0.4330
vn 0.3416 0.7050 -0.6215
vn 0.1694 0.5550 -0.8145
vn 0.6572 0.7129 0.2445
vn -0.5773 -0.4566 0.6769
vn -0.6297 0.5521 -0.5465
vn -0.3945 -0.8652 0.3097
vn -0.1843 -0.8581 0.4793
vn -0.1313 0.7913 0.5972
vn -0.7149 0.4354 -0.5471
vn -0.8338 0.4297 0.3465
vn -0.8104 0.5297 0.2504
vn -0.8397 0.4097 0.3564
vn -0.8119 -0.5152 0.2745
vn -0.2993 0.7381 -0.6047
vn -0.3187 0.7311 -0.6033
vn 0.0180 -0.9991 -0.0394
vn -0.8020 0.5550 0.2210
vn 0.9977 0.0038 -0.0674
vn 0.1257 -0.9853 0.1157
vn 0.3787 -0.8421 0.3839
vn -0.2177 0.4757 0.8522
vn -0.1354 0.4351 -0.8901
vn 0.6427 0.7195 -0.2633
vn 0.7619 0.4545 -0.4614
vn 0.0793 0.6800 0.7289
vn 0.1359 0.6056 0.7841
vn -0.2803 0.0937 -0.9553
vn -0.2188 0.4823 -0.8483
vn 0.6073 0.6716 -0.4244
vn -0.6308 -0.2828 0.7226
vn -0.8887 0.4290 -0.1617
vn 0.8342 0.4695 0.2892
vn 0.3764 0.9165 0.1357
vn 0.0740 -0.9827 0.1698
vn 0.2636 -0.3838 0.8850
vn -0.1309 0.7941 0.5935
vn -0.0597 0.9344 0.3511
vn -0.5474 -0.5233 -0.6531
vn -0.2143 0.7199 -0.6602
vn 0.8336 0.2770 -0.4780
vn 0.6616 0.7291 0.1753
vn 0.9667 -0.2121 -0.1429
vn 0.0570 -0.9834 0.1725
vn -0.3170 -0.1009 0.9430
vn -0.6176 0.1689 -0.7682
vn -0.0796 -0.6217 0.7792
vn 0.7590 0.3309 0.5607
vn 0.9491 0.2934 -0.1144
vn 0.9010 0.3640 -0.2359
vn 0.7234 0.0476 0.6888
vn -0.0536 -0.3849 0.9214
vn -0.1586 -0.7465 0.6462
vn -0.2820 -0.1472 0.9481
vn -0.4498 -0.2947 0.8431
vn -0.0787 -0.1284 -0.9886
vn 0.0252 0.9866 -0.1610
vn -0.0973 0.9882 0.1181
vn 0.8159 -0.3665 -0.4472
vn 0.9438 0.3258 0.0554
vn -0.3101 0.1749 0.9345
vn 0.0452 0.8961 0.4416
vn 0.1457 0.9837 -0.1049
vn 0.4945 -0.7979 -0.3448
vn -0.9839 0.1310 0.1216
vn -0.9888 0.1144 0.0964
vn -0.8616 0.3905 0.3243
vn -0.8368 0.3350 0.4330
vn 0.3153 -0.5693 -0.7592
vn 0.3466 -0.3253 -0.8798
vn -0.6873 -0.4754 0.5492
vn -0.6799 -0.4684 0.5643
vn -0.3023 0.3031 0.9037
vn -0.5349 0.1168 0.8368
vn 0.9202 0.3876 -0.0543
vn 0.9634 -0.2489 0.0997
vn -0.1411 -0.2068 0.9681
vn -0.0219 0.2266 0.9737
vn 0.7888 0.5849 0.1891
vn 0.9617 0.1511 -0.2287
vn -0.3957 0.3273 0.8581
vn 0.7878 0.4498 0.4208
vn -0.8107 0.2292 0.5388
vn -0.2693 -0.4813 0.8342
vn -0.5676 -0.3401 0.7498
vn 0.5787 0.7287 -0.3662
vn 0.6043 0.7062 -0.3688
vn 0.4215 0.5215 0.7419
vn 0.7515 0.6422 -0.1510
vn 0.6632 0.7455 -0.0668
vn -0.1564 0.7666 -0.6228
vn -0.1765 0.7477 -0.6402
vn -0.2592 -0.9560 -0.1375
vn -0.4047 -0.8790 -0.2521
vn 0.9912 0.0121 0.1317
vn -0.2389 0.3278 0.9140
vn -0.1334 -0.4447 0.8857
vn 0.9819 -0.1570 0.1058
vn 0.6456 0.7509 0.1393
vn -0.0509 0.6967 -0.7156
vn 0.4970 -0.2907 0.8176
vn -0.1787 0.7827 -0.5961
vn -0.9709 -0.1817 -0.1562
vn -0.2115 0.7517 -0.6246
vn 0.4683 0.4673 0.7499
vn -0.0862 0.7269 -0.6813
vn 0.5988 0.7160 -0.3589
vn 0.6075 0.7049 -0.3661
vn -0.7884 -0.1785 0.5887
vn -0.8119 0.3995 0.4256
vn 0.2720 0.4793 0.8344
vn -0.1918 0.7171 0.6701
vn -0.1334 0.7293 0.6710
vn -0.0958 0.6914 -0.7161
vn -0.7506 0.0705 -0.6570
vn 0.6079 0.2298 0.7601
vn 0.3004 0.2357 0.9242
vn -0.0015 0.9405 0.3399
vn -0.1483 0.9101 0.3871
vn -0.0609 -0.9963 -0.0608
vn -0.3883 -0.9189 -0.0698
vn -0.0238 -0.9980 -0.0585
vn -0.6742 0.7129 0.1929
vn 0.9285 0.3706 0.0216
vn -0.6839 0.6758 -0.2749
vn -0.6000 0.7645 -0.2357
vn 0.0670 0.7491 -0.6590
vn -0.1873 -0.0704 0.9798
vn -0.6369 -0.6207 0.4573
vn -0.6562 -0.5979 0.4603
vn -0.7779 0.0061 0.6283
vn 0.9169 0.0227 -0.3985
vn -0.3005 0.6722 -0.6767
vn -0.4983 0.7705 0.3975
vn -0.4867 0.3263 0.8104
vn -0.4259 0.1975 0.8830
vn -0.7048 0.2713 0.6555
vn 0.7159 -0.5088 -0.4782
vn -0.3037 0.6030 -0.7376
vn 0.5883 0.8077 0.0395
vn -0.6570 0.7120 0.2478
vn 0.6010 -0.4418 -0.6660
vn 0.5116 -0.3014 0.8046
vn 0.1687 -0.1711 0.9707
vn 0.9995 -0.0320 0.0068
vn 0.9701 -0.1666 -0.1763
vn -0.2151 0.2356 -0.9477
vn 0.3816 0.6411 -0.6659
vn -0.1687 0.7592 -0.6286
vn 0.7257 0.6852 -0.0620
vn 0.5358 -0.5321 -0.6556
vn -0.6987 -0.0355 -0.7145
vn 0.0747 -0.1774 -0.9813
vn 0.0773 0.0488 -0.9958
vn 0.4004 -0.6951 0.5971
vn -0.3456 0.7888 -0.5082
vn 0.2951 -0.7353 -0.6101
vn -0.2552 0.4211 -0.8704
vn -0.4687 0.5217 -0.7129
vn -0.4537 -0.8119 0.3673
vn -0.5527 -0.7344 0.3940
vn -0.3318 0.9090 -0.2523
vn 0.3084 -0.8667 -0.3920
vn 0.8239 0.5505 0.1350
vn 0.7908 0.6104 0.0448
vn 0.7682 0.6305 0.1112
vn 0.7032 -0.5592 -0.4391
vn 0.6493 -0.6376 -0.4147
vn -0.2215 -0.9394 0.2618
vn 0.8949 0.3252 0.3055
vn 0.3090 -0.9410 0.1381
vn 0.2302 -0.9725 0.0346
vn 0.7134 0.6987 -0.0537
vn 0.6370 0.7292 -0.2500
vn -0.2606 0.4109 0.8737
vn -0.5214 0.3646 0.7715
vn -0.4374 0.6092 0.6615
vn -0.3692 0.5568 0.7441
vn 0.2657 0.5768 0.7725
vn -0.0390 -0.2241 0.9738
vn -0.0248 -0.2677 -0.9632
vn 0.8235 0.5051 0.2585
vn -0.5831 -0.5023 -0.6385
vn 0.5329 -0.7642 0.3634
vn 0.5402 0.6949 -0.4746
vn 0.3295 0.9220 -0.2032
vn 0.6771 -0.3033 0.6705
vn 0.9659 0.0746 0.2480
vn 0.8294 0.5317 -0.1713
vn -0.6698 0.7413 0.0440
vn -0.3933 -0.0909 0.9149
vn -0.0890 0.9330 -0.3487
vn -0.1340 0.9382 -0.3192
vn -0.6750 0.4092 -0.6140
vn 0.2706 -0.9161 0.2957
vn -0.6295 0.7754 -0.0496
vn 0.8082 -0.2016 -0.5533
vn 0.9643 0.1742 -0.1995
vn 0.9701 0.1218 -0.2100
vn -0.0612 0.7754 -0.6286
vn -0.4446 -0.1855 0.8763
vn 0.9060 0.2884 -0.3098
vn 0.7920 0.6096 0.0344
vn -0.7368 0.2854 -0.6129
vn -0.1679 0.7817 -0.6007
vn -0.2659 0.7217 -0.6391
vn -0.2446 0.7310 -0.6371
vn 0.8388 0.0765 0.5390
vn 0.9881 0.0486 -0.1457
vn -0.2897 -0.3971 0.8709
vn 0.0330 -0.0435 -0.9985
vn 0.0825 0.0711 0.9940
vn -0.1902 0.8051 -0.5618
vn -0.2268 0.7413 -0.6316
vn -0.1419 0.8046 -0.5766
vn -0.8138 -0.4994 0.2973
vn -0.7938 -0.0705 0.6041
vn -0.1899 0.4658 -0.8643
vn -0.6357 -0.4246 -0.6447
vn -0.6023 -0.3699 -0.7074
vn -0.5029 -0.2344 -0.8320
vn 0.1489 -0.9871 0.0586
vn 0.4556 0.5864 -0.6698
vn 0.4501 0.8847 0.1215
vn -0.6002 0.7867 -0.1446
vn -0.3204 0.9385 -0.1283
vn -0.1445 0.7614 -0.6319
vn 0.5943 0.8042 0.0071
vn -0.1710 -0.8957 0.4105
vn -0.5702 0.2863 -0.7700
vn -0.4242 0.1199 -0.8976
vn 0.0123 -0.2291 -0.9733
vn 0.6940 0.4099 -0.5919
vn -0.5753 -0.0858 -0.8135
vn 0.0038 0.9192 0.3937
vn 0.3988 0.8723 0.2830
vn -0.5110 -0.0114 -0.8595
vn 0.5960 0.6528 -0.4676
vn -0.7132 0.3818 0.5878
vn 0.9976 0.0644 0.0257
vn 0.1054 -0.9537 0.2816
vn 0.8579 -0.0547 0.5109
vn -0.6751 0.3426 -0.6533
vn 0.9406 0.3386 -0.0252
vn -0.3748 0.7630 -0.5267
vn -0.2535 0.7435 -0.6188
vn 0.7144 0.5949 0.3683
vn -0.0423 0.1038 -0.9937
vn 0.4811 -0.2003 0.8535
vn 0.3102 0.8390 -0.4470
vn 0.1348 0.9157 -0.3785
vn 0.8594 0.4994 -0.1096
vn 0.7305 0.5586 0.3930
vn 0.6187 0.4921 0.6124
vn 0.6115 0.6151 -0.4977
vn 0.5800 0.6756 -0.4551
vn -0.4974 -0.1765 0.8494
vn -0.5108 -0.2086 0.8340
vn -0.3819 0.7191 -0.5806
vn 0.9925 0.0727 -0.0979
vn 0.9782 0.0298 0.2057
vn -0.6047 0.4063 -0.6850
vn -0.3053 0.7336 -0.6072
vn -0.4919 0.2026 0.8468
vn 0.7039 -0.6501 0.2862
vn 0.8822 0.4424 0.1610
vn -0.2758 0.7136 -0.6440
vn -0.3658 0.8562 -0.3649
vn 0.9600 -0.0343 -0.2779
vn -0.3155 -0.9372 0.1487
vn -0.2848 -0.9464 0.1525
vn -0.4475 -0.4800 -0.7545
vn 0.1835 0.9664 0.1798
vn -0.3297 -0.8814 0.3383
vn -0.8274 0.5391 -0.1577
vn -0.0669 0.8689 0.4904
vn -0.5158 0.5778 -0.6326
vn -0.1530 0.2802 0.9477
vn -0.3579 0.4477 0.8195
vn -0.2198 -0.5366 -0.8147
vn -0.5833 -0.8122 0.0115
vn -0.6893 -0.6802 0.2495
vn -0.3415 0.7294 -0.5927
vn 0.3079 -0.6284 0.7144
vn 0.0905 -0.9933 0.0722
vn 0.5689 0.7971 0.2026
vn 0.9028 -0.2129 0.3736
vn -0.3844 0.1142 -0.9161
vn -0.6670 0.4951 0.5568
vn 0.1530 -0.6591 0.7363
vn 0.5943 0.7094 -0.3789
vn 0.6021 0.7091 -0.3670
vn 0.5860 0.7213 -0.3692
vn 0.5202 -0.7713 0.3668
vn -0.8178 -0.4139 0.3998
vn 0.9072 0.1628 -0.3880
vn -0.7170 -0.0254 0.6966
vn -0.6602 0.2561 0.7061
vn -0.0498 -0.9677 0.2473
vn 0.0676 -0.1372 0.9882
vn 0.6000 0.7675 -0.2258
vn -0.4874 0.2871 -0.8246
vn -0.2052 0.7683 -0.6063
vn -0.1176 0.7439 -0.6579
vn 0.5764 0.8105 0.1043
vn -0.3358 -0.4581 -0.8230
vn -0.1867 -0.2310 -0.9549
vn -0.4310 -0.2562 -0.8652
vn 0.6084 -0.7385 0.2907
vn -0.6966 0.4166 0.5841
vn -0.6994 0.4060 0.5882
vn 0.6811 0.0325 -0.7315
vn 0.5495 0.8331 -0.0631
vn -0.3151 0.7424 -0.5913
vn 0.0377 0.1873 -0.9816
vn -0.5833 -0.2313 0.7786
vn -0.3079 0.2018 0.9298
vn 0.0081 -0.9935 0.1134
vn -0.3622 0.7385 -0.5687
vn -0.3458 0.7093 -0.6143
vn -0.3189 0.7334 -0.6004
vn -0.5033 -0.1165 0.8562
vn 0.9649 0.2617 0.0217
vn 0.0844 0.9773 0.1941
vn 0.7939 0.5973 -0.1136
vn -0.7334 -0.2686 0.6245
vn -0.6269 -0.0046 0.7791
vn -0.7540 0.4963 -0.4304
vn -0.5452 0.0818 -0.8343
vn 0.9482 -0.3026 0.0970
vn 0.6868 0.7238 0.0665
vn -0.2863 0.5536 0.7820
vn -0.5439 0.3476 0.7638
vn 0.8673 0.4710 0.1610
vn 0.4179 0.6832 0.5988
vn -0.6949 0.3624 0.6212
vn -0.7205 0.3838 0.5775
vn -0.0108 -0.9998 0.0185
vn 0.5897 -0.4155 0.6926
vn 0.6992 -0.2028 0.6855
vn -0.1487 0.7665 -0.6248
vn -0.1634 0.7635 -0.6248
vn -0.6426 0.7086 0.2914
vn 0.6352 0.7128 -0.2973
vn -0.1894 0.2984 -0.9355
vn -0.4334 0.2497 -0.8659
vn 0.6533 0.7023 -0.2828
vn -0.9945 -0.0699 -0.0781
vn -0.2673 0.5513 0.7903
vn 0.3907 0.9205 -0.0089
vn -0.2003 0.7297 -0.6537
vn 0.9296 0.2411 0.2788
vn 0.0837 0.5784 0.8114
vn -0.9329 -0.2556 -0.2539
vn -0.9980 -0.0618 -0.0164
vn -0.2115 -0.0604 -0.9755
vn -0.4427 0.4831 -0.7554
vn -0.2984 -0.0123 0.9543
vn -0.1489 -0.2395 0.9594
vn -0.7431 0.0085 0.6691
vn -0.2457 0.7226 -0.6461
vn 0.4652 0.8809 0.0874
vn -0.3342 -0.7195 0.6088
vn 0.7283 -0.0567 0.6829
vn 0.5929 0.7382 -0.3218
vn 0.6359 -0.0381 0.7708
vn 0.9803 0.0966 -0.1723
vn 0.5439 0.7864 -0.2929
vn -0.4777 0.1708 -0.8618
vn 0.8103 0.5440 0.2179
vn 0.9295 0.2726 0.2486
vn -0.0810 0.7897 -0.6081
vn -0.5420 -0.4624 0.7018
vn 0.1065 -0.9919 -0.0696
vn -0.6632 0.1311 -0.7368
vn -0.1008 0.6132 -0.7835
vn -0.6151 0.2114 -0.7596
vn -0.8308 -0.3912 0.3958
vn -0.3174 0.5930 0.7400
vn -0.7565 -0.3798 0.5324
vn 0.9401 0.0442 0.3379
vn 0.2808 -0.9159 -0.2869
vn -0.3054 0.7523 -0.5837
vn 0.9647 -0.0488 -0.2586
vn 0.9110 -0.2307 -0.3418
vn 0.9908 0.1004 -0.0904
vn -0.5312 0.1322 0.8369
vn 0.2981 0.6832 -0.6666
vn 0.3254 0.7215 -0.6112
vn 0.2885 0.7182 -0.6332
vn -0.1645 0.7569 -0.6325
vn 0.9683 0.0431 -0.2461
vn -0.1907 -0.9807 0.0422
vn -0.4231 -0.8739 0.2393
vn -0.4075 -0.8093 -0.4230
vn 0.5267 0.8205 -0.2221
vn -0.7467 0.4506 -0.4894
vn 0.7134 0.6951 -0.0893
vn 0.6712 0.4008 0.6235
vn 0.4543 0.6085 0.6506
vn 0.5919 0.8055 0.0279
vn 0.7356 0.6770 -0.0216
vn -0.2104 0.8423 0.4962
vn -0.9191 -0.1791 0.3509
vn 0.5797 0.2958 0.7592
vn 0.7186 0.1765 0.6726
vn -0.8123 -0.3735 0.4479
vn 0.6146 -0.6050 -0.5062
vn 0.4710 -0.3159 -0.8236
vn -0.3754 0.6712 -0.6392
vn 0.6822 0.6674 -0.2987
vn -0.5039 -0.8363 0.2161
vn 0.5298 0.8040 -0.2700
vn 0.5797 0.7891 -0.2033
vn 0.0161 0.1109 0.9937
vn 0.9829 -0.1698 0.0709
vn -0.3107 0.5166 -0.7979
vn -0.8053 0.2342 0.5446
vn -0.3156 0.7388 -0.5955
vn 0.7313 0.6573 -0.1821
vn -0.7073 0.4155 -0.5720
vn 0.9122 0.3990 -0.0928
vn 0.6788 -0.1846 0.7107
vn -0.4028 0.6435 -0.6509
vn -0.8195 -0.5401 0.1916
vn 0.6071 0.6304 -0.4837
vn 0.5587 0.6761 -0.4803
vn 0.6039 0.6462 -0.4666
vn 0.6140 0.7035 -0.3580
vn 0.5904 0.7169 -0.3708
vn 0.6082 0.6968 -0.3801
vn -0.6171 0.7334 0.2852
vn -0.6795 0.4049 0.6118
vn 0.2608 0.7492 -0.6088
vn 0.3039 0.0237 -0.9524
vn -0.8679 0.4315 -0.2460
vn -0.7194 -0.4822 0.4999
vn -0.7102 -0.4823 0.5129
vn 0.5779 0.2783 -0.7671
vn 0.5047 0.8377 0.2089
vn 0.8367 0.5416 -0.0805
vn -0.3734 -0.8707 0.3202
vn 0.4827 0.5332 -0.6948
vn -0.2657 -0.9267 0.2658
vn 0.7745 -0.4259 0.4678
vn -0.1775 -0.6176 -0.7662
vn -0.6290 0.7772 0.0185
vn -0.5435 -0.1927 0.8170
vn -0.2059 -0.5973 0.7752
vn -0.2491 -0.7464 0.6172
vn -0.5121 0.2936 -0.8072
vn 0.9616 0.0139 0.2741
vn -0.9567 -0.1605 0.2427
vn -0.7873 0.4904 0.3737
vn 0.6931 0.6705 -0.2647
vn 0.0688 -0.6680 -0.7410
vn 0.0014 -0.9186 -0.3951
vn 0.2429 -0.6637 0.7075
vn 0.4558 -0.2509 0.8540
vn 0.4014 -0.9151 0.0373
vn -0.4461 -0.8449 -0.2953
vn -0.7116 0.1251 0.6913
vn -0.8130 0.5803 0.0490
vn -0.3740 -0.9130 0.1627
vn -0.4116 -0.8992 0.1482
vn 0.4943 -0.7214 -0.4850
vn -0.1481 -0.8114 0.5654
vn -0.1718 0.7427 0.6472
vn 0.0803 -0.1498 0.9855
vn -0.5792 0.5215 0.6266
vn -0.5784 0.5102 0.6365
vn 0.8997 -0.1876 0.3941
vn -0.2733 -0.1722 0.9464
vn -0.1167 -0.2937 0.9488
vn -0.6909 0.7215 -0.0450
vn -0.6867 0.4358 0.5818
vn -0.6927 0.4300 0.5790
vn -0.0630 0.6711 0.7387
vn 0.4038 0.3960 0.8247
vn -0.9340 0.3143 -0.1697
vn -0.7339 -0.4896 0.4708
vn -0.2004 -0.9793 0.0276
vn 0.6841 0.7294 -0.0002
vn 0.6614 0.7492 -0.0345
vn -0.2045 0.9637 -0.1715
vn -0.7239 -0.3279 0.6070
vn -0.8332 -0.2807 0.4765
vn 0.7894 0.3100 0.5299
vn 0.8303 0.5558 -0.0407
vn 0.8605 0.5092 -0.0141
vn 0.0834 0.4320 -0.8980
vn 0.8564 -0.0741 -0.5109
vn -0.0823 0.5831 0.8082
vn -0.1296 0.6056 -0.7852
vn -0.0472 0.4950 -0.8676
vn -0.0270 -0.5768 -0.8165
vn 0.2423 -0.8626 0.4441
vn 0.1753 -0.9722 0.1552
vn -0.7556 0.1435 0.6391
vn -0.2410 -0.7767 -0.5819
vn 0.6209 0.7836 0.0220
vn 0.7056 0.7085 -0.0157
vn 0.8773 -0.3866 -0.2843
vn 0.8896 -0.4031 -0.2146
vn 0.8623 0.4850 0.1457
vn 0.3591 0.7053 -0.6112
vn -0.7964 -0.3594 0.4863
vn 0.2765 -0.9296 -0.2437
vn 0.5879 -0.2636 0.7648
vn 0.7916 -0.1271 0.5976
vn -0.5925 0.6233 -0.5103
vn -0.4535 -0.8615 0.2283
vn -0.2216 0.3235 0.9199
vn 0.0563 0.3993 -0.9151
vn 0.8367 0.5422 -0.0769
vn -0.4843 -0.8365 0.2562
vn 0.3910 -0.5286 -0.7534
vn -0.7720 0.6288 0.0929
vn -0.6520 -0.0089 0.7582
vn -0.4940 0.3988 0.7726
vn -0.2141 0.5482 0.8085
vn -0.4788 0.3628 0.7995
vn -0.3450 -0.1008 0.9332
vn -0.1963 -0.3905 0.8994
vn 0.9700 0.1029 -0.2202
vn 0.7228 0.6905 0.0272
vn 0.6856 0.4950 -0.5338
vn -0.2331 0.7871 0.5711
vn 0.8396 0.1607 -0.5188
vn -0.9616 0.0467 0.2706
vn -0.9682 0.1309 0.2133
vn -0.9720 -0.0553 0.2285
vn 0.9083 0.2342 0.3466
vn -0.9684 0.0096 0.2494
vn -0.9709 -0.0564 0.2326
vn -0.9741 -0.0517 0.2201
vn 0.3098 -0.1464 -0.9395
vn -0.5331 -0.2255 0.8154
vn 0.4705 0.6589 -0.5869
vn 0.1275 0.7609 -0.6362
vn 0.4956 0.3260 0.8050
vn -0.1460 0.7744 -0.6156
vn -0.0119 0.6501 0.7597
vn 0.9820 -0.1816 -0.0516
vn 0.6482 0.3002 0.6998
vn 0.8082 0.5640 0.1698
vn 0.8529 0.5196 0.0510
vn -0.6273 0.7769 0.0533
vn -0.1572 -0.9240 -0.3486
vn 0.7261 0.4303 0.5363
vn 0.5121 0.5336 0.6730
vn -0.2568 -0.4107 -0.8749
vn -0.6113 -0.0909 -0.7861
vn 0.8172 0.2507 0.5190
vn 0.8012 0.5341 -0.2699
vn -0.2158 -0.8357 -0.5051
vn -0.3656 -0.7171 -0.5934
vn 0.2162 -0.5981 0.7717
vn -0.3971 -0.2542 0.8819
vn 0.9353 0.2514 -0.2489
vn 0.5488 0.0271 0.8355
vn 0.6780 -0.0201 0.7347
vn -0.1261 0.9604 0.2483
vn -0.1033 0.5019 -0.8588
vn -0.6941 0.4227 0.5828
vn -0.5068 0.5635 0.6524
vn -0.9843 0.1713 -0.0417
vn 0.5939 0.7820 0.1889
vn -0.6453 0.3803 0.6626
vn 0.9738 0.0366 0.2243
vn 0.8250 0.2331 -0.5148
vn -0.2614 -0.1900 0.9463
vn 0.1436 0.9672 0.2098
vn -0.4219 0.9055 -0.0456
vn 0.4856 -0.3016 -0.8205
vn 0.6892 -0.7021 -0.1793
vn 0.5270 0.8124 -0.2495
vn -0.1651 0.4041 0.8997
vn -0.0317 -0.7602 -0.6489
vn 0.0377 0.8132 -0.5808
vn -0.0110 0.7793 -0.6265
vn 0.5657 -0.8241 0.0290
vn -0.0483 -0.6840 -0.7279
vn -0.0117 -0.0880 -0.9961
vn 0.5533 0.7828 -0.2848
vn 0.6755 0.7165 -0.1742
vn -0.9131 0.3819 -0.1425
vn -0.2217 -0.9418 0.2528
vn 0.1380 -0.0361 -0.9898
vn -0.1187 -0.1875 -0.9751
vn -0.2928 0.6611 -0.6908
vn 0.4012 0.5297 0.7473
vn 0.6812 0.6361 0.3625
vn 0.6843 0.6374 0.3543
vn 0.6684 0.6577 0.3474
vn -0.5612 0.5277 0.6376
vn -0.2619 -0.2005 0.9440
vn 0.5675 0.7938 0.2185
vn -0.6535 -0.5173 0.5525
vn -0.6745 0.4619 0.5759
vn -0.6765 0.4624 0.5732
vn 0.2982 0.6532 -0.6960
vn 0.3066 0.6486 -0.6966
vn 0.4052 0.6434 -0.6495
vn -0.6444 0.4918 -0.5855
vn -0.0960 -0.8883 0.4491
vn 0.4232 0.4027 -0.8116
vn 0.4890 0.4363 -0.7553
vn -0.6545 0.4831 -0.5816
vn -0.6843 0.4612 -0.5649
vn 0.2441 -0.1819 0.9525
vn 0.4129 0.8895 0.1959
vn 0.3285 0.9326 0.1497
vn -0.0125 0.0235 0.9996
vn 0.7899 0.3254 0.5197
vn 0.2379 0.7256 -0.6457
vn -0.9106 -0.1526 -0.3841
vn -0.1616 0.6652 0.7290
vn 0.0786 0.6156 0.7841
vn 0.9921 0.0812 0.0960
vn -0.3810 0.7155 -0.5855
vn -0.6341 -0.6690 -0.3877
vn -0.4237 -0.4036 -0.8109
vn -0.7040 -0.1590 -0.6921
vn -0.1924 -0.9502 0.2451
vn 0.5776 0.7185 -0.3875
vn 0.7041 -0.7074 -0.0624
vn 0.7678 -0.6398 -0.0351
vn 0.9557 0.1651 -0.2435
vn 0.8154 0.2974 -0.4966
vn -0.2228 0.0574 0.9732
vn 0.8886 0.4456 -0.1089
vn 0.9381 -0.0780 -0.3374
vn -0.4124 0.3307 0.8489
vn -0.5601 0.2513 0.7894
vn -0.8049 0.2631 0.5319
vn 0.8901 0.2872 0.3540
vn -0.7796 -0.5936 0.1999
vn -0.9193 -0.3936 -0.0045
vn -0.2792 0.9063 -0.3171
vn 0.9839 -0.0457 0.1728
vn 0.2885 -0.4612 -0.8391
vn 0.0994 0.7334 0.6725
vn -0.1286 -0.9910 0.0369
vn 0.6312 0.7413 -0.2283
vn 0.7809 0.5954 0.1891
vn 0.9836 0.1640 0.0746
vn 0.1209 -0.1892 -0.9745
vn -0.1847 0.0030 -0.9828
vn -0.5848 -0.7642 0.2721
vn 0.1080 0.9715 0.2110
vn -0.2293 0.0050 -0.9733
vn 0.7505 0.6371 -0.1757
vn -0.2960 -0.8283 -0.4756
vn -0.4280 -0.7482 -0.5070
vn -0.5078 0.8607 0.0356
vn 0.6457 0.7009 -0.3031
vn 0.5330 0.7561 -0.3798
vn 0.2770 0.7107 -0.6466
vn 0.8700 0.3398 0.3573
vn -0.1261 0.7799 -0.6131
vn 0.1362 0.2778 0.9509
vn -0.0744 -0.4776 0.8754
vn 0.6975 0.3927 0.5993
vn -0.3282 -0.6799 -0.6557
vn 0.8625 -0.4667 0.1954
vn -0.4285 -0.8283 -0.3608
vn 0.6728 0.7161 -0.1859
vn -0.6570 0.7539 -0.0012
vn -0.3567 -0.8902 0.2833
vn -0.2459 -0.9559 0.1606
vn 0.7501 -0.4272 -0.5048
vn 0.6947 0.7189 0.0257
vn -0.1776 0.7577 -0.6280
vn -0.1863 0.7530 -0.6311
vn 0.6711 0.7414 -0.0052
vn 0.5700 0.7931 0.2149
vn 0.7041 -0.6127 0.3589
vn -0.6774 0.1385 -0.7224
vn -0.4193 -0.7243 -0.5474
vn 0.6920 0.7081 0.1407
vn -0.0141 0.6712 0.7411
vn -0.5496 -0.1968 0.8119
vn 0.6047 0.7940 -0.0624
vn -0.5409 0.6124 -0.5765
vn -0.6316 0.5967 -0.4950
vn 0.1466 0.7597 -0.6336
vn -0.1451 -0.3507 0.9252
vn -0.1892 0.7504 -0.6333
vn -0.1375 -0.3471 0.9277
vn 0.8727 0.4405 0.2108
vn -0.2037 0.9406 0.2717
vn -0.6568 0.7533 0.0336
vn 0.3337 -0.9058 0.2610
vn -0.1693 -0.9685 0.1828
vn -0.1939 0.7418 0.6420
vn 0.5219 -0.4697 -0.7120
vn -0.0780 0.4993 0.8629
vn 0.9109 -0.3730 0.1764
vn 0.9636 -0.2662 -0.0230
vn -0.3880 -0.6579 -0.6455
vn -0.7718 -0.6270 -0.1062
vn -0.6691 -0.7348 -0.1110
vn 0.8638 0.4994 0.0666
vn -0.0784 0.3375 0.9381
vn -0.1749 0.4859 -0.8563
vn -0.3667 0.6749 -0.6403
vn 0.7361 0.6759 -0.0356
vn 0.5917 0.7133 -0.3756
vn -0.0269 -0.5387 0.8421
vn -0.0903 -0.6936 0.7146
vn 0.2532 -0.6041 0.7556
vn 0.2228 -0.6875 0.6912
vn -0.5863 0.4903 0.6449
vn 0.7557 0.6029 0.2558
vn -0.4109 0.2729 -0.8699
vn -0.4630 0.1849 -0.8669
vn -0.4621 -0.2313 0.8562
vn -0.9031 0.4128 0.1183
vn -0.7025 0.5479 0.4543
vn 0.9425 0.3286 0.0609
vn 0.6089 0.2544 0.7514
vn -0.5641 -0.5490 -0.6167
vn 0.5460 0.7778 -0.3112
vn -0.0077 -0.6144 -0.7890
vn -0.1640 0.0752 -0.9836
vn -0.1453 0.7736 -0.6167
vn 0.8159 -0.5129 -0.2669
vn 0.1643 0.8294 -0.5339
vn 0.8360 0.3237 0.4430
vn 0.0923 -0.6086 -0.7881
vn 0.0063 0.9757 0.2190
vn 0.2130 0.8624 0.4592
vn 0.0735 0.7788 -0.6229
vn 0.2282 -0.2589 -0.9386
vn -0.1092 -0.6135 0.7821
vn -0.5491 0.8357 -0.0047
vn 0.3831 0.7763 0.5005
vn 0.8548 0.5162 -0.0534
vn 0.6541 -0.7337 0.1838
vn 0.9322 -0.1604 -0.3244
vn -0.6592 -0.5199 0.5433
vn -0.2994 0.2802 -0.9121
vn -0.2415 -0.9573 -0.1590
vn -0.7756 -0.3832 0.5016
vn 0.2561 -0.8647 -0.4321
vn 0.0215 -0.9884 -0.1506
vn -0.1358 0.7662 -0.6280
vn -0.0781 0.7498 -0.6571
vn -0.1075 -0.9852 0.1336
vn 0.6110 0.7334 0.2980
vn 0.6167 0.7387 0.2719
vn 0.2565 -0.3102 -0.9154
vn -0.1011 -0.4076 0.9075
vn -0.1345 0.7639 -0.6312
vn -0.0782 0.7606 -0.6445
vn 0.2526 -0.6755 0.6927
vn -0.1781 0.7674 -0.6159
vn -0.3044 0.5745 0.7598
vn -0.0790 0.7469 -0.6602
vn 0.2615 0.8832 0.3893
vn -0.6745 0.3368 0.6570
vn 0.8745 0.4848 0.0108
vn -0.0984 -0.8423 0.5299
vn 0.0229 -0.5896 0.8073
vn 0.0451 0.6992 0.7135
vn 0.4607 0.7013 -0.5440
vn 0.5493 0.7052 -0.4483
vn -0.3350 0.7283 -0.5978
vn -0.4059 0.6717 -0.6197
vn 0.1141 0.3877 -0.9147
vn -0.4281 -0.0873 0.8995
vn 0.6651 0.7468 0.0035
vn -0.2451 -0.3273 0.9126
vn -0.2341 -0.1818 -0.9551
vn -0.3379 -0.2650 0.9031
vn -0.5922 0.6277 -0.5052
vn 0.9631 0.2689 -0.0098
vn 0.6229 0.6995 -0.3502
vn 0.5331 -0.6892 -0.4907
vn 0.4359 0.5049 0.7450
vn -0.4970 -0.3551 0.7918
vn -0.6411 0.3547 0.6806
vn 0.5244 -0.0850 -0.8472
vn -0.6814 -0.6962 0.2258
vn 0.6339 0.7218 -0.2780
vn -0.4687 0.6159 0.6333
vn -0.3380 0.7152 0.6117
vn -0.4145 -0.6644 -0.6218
vn -0.7229 0.4070 -0.5584
vn -0.9681 -0.0866 0.2351
vn -0.0804 0.7816 -0.6185
vn 0.0871 0.9826 0.1639
vn -0.7514 -0.5880 -0.2996
vn 0.8188 -0.0295 -0.5733
vn 0.8322 0.0334 -0.5534
vn 0.9403 -0.3288 -0.0878
vn 0.9001 -0.3392 -0.2734
vn 0.9383 -0.1928 -0.2872
vn 0.4697 -0.5171 0.7155
vn 0.1679 0.4462 -0.8790
vn 0.6684 0.7332 -0.1252
vn -0.0071 0.0173 -0.9998
vn 0.0150 -0.0584 -0.9982
vn -0.1445 0.2621 0.9542
vn -0.7860 0.5752 0.2267
vn 0.8566 0.5079 -0.0915
vn 0.4046 0.5135 0.7567
vn -0.1069 -0.4279 -0.8975
vn 0.7350 0.6696 -0.1072
vn 0.6494 0.2734 0.7096
vn 0.6467 0.2887 0.7060
vn 0.5084 0.3489 0.7873
vn -0.1306 0.6178 0.7754
vn -0.1675 0.7850 -0.5965
vn -0.2698 0.7426 -0.6130
vn -0.2843 0.7379 -0.6121
vn -0.3530 -0.0885 -0.9314
vn 0.3667 0.9301 -0.0181
vn -0.1466 0.7853 -0.6015
vn -0.3826 0.1344 -0.9141
vn -0.8277 0.5213 0.2078
vn 0.3549 0.2981 0.8861
vn -0.1228 -0.2561 0.9588
vn -0.2659 -0.9379 0.2229
vn 0.6417 0.1552 0.7511
vn 0.1730 -0.1071 0.9791
vn -0.1841 0.6831 -0.7068
vn -0.1366 0.9412 -0.3091
vn 0.9319 0.1080 0.3462
vn -0.5879 0.6104 0.5309
vn -0.6754 0.5878 0.4454
vn 0.7655 -0.4997 0.4054
vn -0.1268 0.7192 0.6831
vn 0.5960 0.6862 -0.4169
vn -0.2177 0.9579 -0.1871
vn -0.2043 -0.5638 0.8002
vn 0.0900 -0.4005 0.9119
vn -0.2739 -0.6222 0.7334
vn 0.7010 0.6773 -0.2230
vn 0.8132 0.5491 -0.1928
vn 0.9837 -0.0637 0.1680
vn 0.4084 0.2690 0.8723
vn 0.6394 -0.6135 0.4633
vn 0.6180 -0.4942 0.6114
vn 0.8570 0.4780 0.1925
vn -0.2503 0.1304 -0.9594
vn 0.8088 -0.5302 -0.2545
vn 0.1970 0.9350 -0.2948
vn -0.3138 -0.6541 0.6882
vn -0.5504 -0.0511 0.8333
vn 0.5824 -0.2946 0.7577
vn -0.1625 -0.7816 0.6022
vn 0.6067 0.6968 -0.3827
vn -0.0637 -0.9527 -0.2971
vn 0.3551 0.0743 -0.9319
vn 0.8995 0.4366 -0.0158
vn -0.5659 0.8182 -0.1018
vn -0.2880 0.0251 0.9573
vn 0.7470 -0.6399 -0.1805
vn 0.6956 -0.1890 -0.6931
vn 0.7334 -0.1185 -0.6694
vn -0.8799 0.3122 0.3582
vn -0.2950 0.7499 -0.5922
vn -0.6033 0.4381 0.6665
vn -0.6937 -0.4505 0.5620
vn 0.2603 -0.5393 -0.8009
vn -0.7639 0.4573 -0.4554
vn 0.8884 -0.3630 0.2810
vn 0.5367 0.6526 -0.5349
vn 0.5595 0.6445 -0.5212
vn 0.6417 -0.4277 0.6366
vn -0.7866 -0.2968 0.5414
vn -0.7408 -0.4226 0.5221
vn -0.2411 0.9284 -0.2826
vn 0.8456 -0.1289 0.5181
vn -0.6584 -0.2567 -0.7075
vn -0.5716 0.8084 -0.1408
vn -0.3034 0.7261 -0.6170
vn -0.4252 -0.7134 0.5570
vn -0.4847 0.0296 -0.8742
vn -0.3032 0.7391 -0.6015
vn -0.0467 0.0162 0.9988
vn 0.8500 -0.1027 0.5167
vn -0.0446 0.0711 0.9965
vn -0.2365 0.0265 0.9713
vn -0.1759 -0.8554 0.4872
vn -0.6947 0.5757 -0.4313
vn -0.5525 0.7698 -0.3195
vn -0.6968 0.0598 -0.7148
vn -0.6274 0.5713 0.5291
vn -0.6457 0.5509 0.5288
vn 0.7191 -0.2542 0.6467
vn -0.8197 0.4123 0.3976
vn 0.2920 0.6971 -0.6549
vn -0.3897 -0.9140 0.1129
vn -0.4821 -0.8498 0.2129
vn -0.4845 -0.8490 0.2109
vn -0.4139 -0.5149 0.7507
vn -0.2764 -0.6691 0.6898
vn -0.2873 -0.7191 0.6328
vn -0.0341 -0.9055 -0.4230
vn -0.4352 -0.6347 -0.6386
vn 0.3534 0.8983 -0.2610
vn 0.9221 0.3086 -0.2335
vn -0.4266 -0.7307 -0.5330
vn 0.9697 0.1378 0.2018
vn 0.4370 0.5610 -0.7031
vn 0.6235 -0.5299 0.5748
vn 0.6698 0.7043 -0.2354
vn 0.6340 0.7214 -0.2788
vn -0.1046 0.7123 -0.6940
vn -0.2315 0.7514 -0.6179
vn 0.9828 0.1830 0.0225
vn -0.8675 -0.2994 0.3971
vn -0.0381 -0.9501 0.3095
vn 0.0321 -0.9954 0.0903
vn -0.0334 0.6741 -0.7379
vn -0.3184 0.7320 -0.6023
vn -0.4852 0.2491 0.8382
vn -0.1320 0.7462 -0.6525
vn -0.5189 0.6651 -0.5370
vn 0.9666 0.2560 0.0084
vn -0.6816 -0.7309 -0.0356
vn -0.7195 0.0564 0.6922
vn 0.6874 0.0860 -0.7211
vn -0.4499 0.3749 0.8106
vn -0.6818 0.5394 -0.4942
vn -0.4894 0.2340 0.8400
vn 0.8260 -0.0016 0.5637
vn -0.0231 0.7047 -0.7092
vn -0.0549 -0.6577 0.7513
vn -0.1664 -0.2639 0.9501
vn 0.8394 -0.5367 0.0860
vn 0.9865 -0.0853 0.1397
vn 0.8660 -0.4907 0.0960
vn -0.6218 -0.5528 0.5548
vn 0.9303 -0.2936 0.2200
vn -0.3437 0.7411 -0.5768
vn 0.7620 0.6441 -0.0665
vn 0.6790 0.7328 0.0437
vn -0.6306 0.4267 0.6483
vn -0.3415 0.6141 0.7115
vn -0.3853 -0.7252 0.5707
vn -0.0912 0.6697 0.7370
vn -0.0359 -0.0133 0.9993
vn -0.6332 -0.5747 0.5185
vn -0.5957 0.7984 0.0876
vn -0.3219 0.7341 -0.5979
vn -0.3098 0.7195 -0.6215
vn -0.1289 0.6394 0.7580
vn -0.9423 -0.3345 -0.0146
vn -0.6041 -0.7928 -0.0806
vn -0.7445 0.1582 -0.6486
vn -0.7253 0.1100 -0.6796
vn -0.4548 0.5690 0.6851
vn 0.2736 0.4946 0.8249
vn -0.5489 -0.7333 0.4012
vn 0.3959 0.9175 0.0381
vn 0.6635 0.7177 -0.2112
vn 0.5448 0.6999 -0.4618
vn -0.2985 -0.2681 -0.9160
vn 0.0400 0.8870 -0.4601
vn -0.6395 0.7609 -0.1098
vn -0.6489 0.7496 -0.1305
vn -0.4843 -0.5286 0.6972
vn -0.6229 0.3869 -0.6799
vn -0.6038 0.6859 0.4063
vn -0.4606 -0.3430 0.8187
vn -0.5873 -0.4125 0.6964
vn 0.9568 0.2608 -0.1288
vn -0.6997 -0.4316 0.5694
vn -0.3015 0.7592 -0.5768
vn 0.5628 0.6285 -0.5370
vn 0.7906 0.3275 -0.5174
vn 0.1150 -0.6169 0.7786
vn -0.4259 0.0351 0.9041
vn -0.0963 0.8565 -0.5072
vn 0.3272 -0.5085 0.7965
vn 0.4975 0.6432 -0.5821
vn 0.4841 0.6440 -0.5924
vn 0.3174 -0.8660 0.3865
vn 0.8737 0.1714 0.4552
vn 0.8939 -0.2239 0.3883
vn -0.2198 0.7100 0.6690
vn -0.4059 0.7244 -0.5572
vn -0.6093 -0.4322 -0.6648
vn -0.5494 -0.2238 -0.8050
vn 0.5309 0.7339 0.4237
vn -0.6187 -0.3281 -0.7138
vn -0.5924 0.7978 0.1121
vn -0.3533 -0.1050 0.9296
vn 0.8473 -0.0960 0.5223
vn 0.1552 -0.6966 0.7004
vn -0.2068 0.7622 -0.6134
vn -0.0855 0.7776 -0.6229
vn 0.5750 0.7884 -0.2186
vn -0.1574 0.7541 -0.6376
vn -0.1894 0.7456 -0.6389
vn -0.6069 0.7299 0.3145
vn -0.7181 -0.4772 0.5066
vn -0.6505 0.7524 -0.1037
vn 0.1129 -0.4428 0.8895
vn 0.6289 -0.7775 0.0084
vn 0.0563 0.9836 -0.1713
vn 0.0525 0.9305 -0.3625
vn 0.6145 0.6648 -0.4247
vn 0.1552 -0.2559 -0.9542
vn 0.5444 -0.8388 0.0029
vn 0.8898 -0.4552 0.0336
vn 0.3461 -0.8597 0.3756
vn 0.1533 0.9513 0.2674
vn 0.8837 0.1894 0.4280
vn 0.1758 0.9801 0.0920
vn 0.0724 0.7584 -0.6477
vn 0.7130 0.0800 -0.6966
vn -0.3264 0.7393 -0.5889
vn -0.3397 0.7237 -0.6006
vn -0.4303 -0.3321 -0.8393
vn 0.1203 0.9777 0.1721
vn -0.1157 0.7983 -0.5910
vn -0.0387 -0.9976 -0.0568
vn 0.2079 0.0799 -0.9749
vn 0.0343 0.1517 -0.9878
vn 0.6175 0.7236 -0.3084
vn -0.6145 -0.6762 0.4064
vn 0.0788 -0.9386 0.3360
vn 0.0084 -0.9800 0.1989
vn -0.7400 0.4038 -0.5379
vn 0.6187 0.7521 -0.2270
vn -0.8075 0.5591 0.1879
vn -0.6561 -0.1348 -0.7425
vn -0.6708 -0.1781 -0.7200
vn 0.2132 0.5120 0.8321
vn 0.3799 0.5978 0.7059
vn -0.6643 0.4915 0.5632
vn 0.6714 0.7410 -0.0085
vn 0.6466 0.7621 -0.0321
vn 0.6856 0.7270 -0.0394
vn 0.6712 -0.5303 -0.5179
vn 0.9888 0.1390 0.0542
vn 0.9988 0.0286 0.0403
vn -0.6961 0.4228 0.5803
vn 0.9728 0.0207 0.2307
vn -0.7304 0.6723 -0.1207
vn 0.3081 0.2053 -0.9289
vn -0.6607 0.3047 0.6860
vn -0.6691 0.3501 0.6556
vn 0.3098 -0.6665 -0.6781
vn -0.2154 0.7334 -0.6447
vn 0.5740 -0.5264 -0.6273
vn 0.5685 -0.4826 -0.6662
vn -0.4282 -0.1642 -0.8887
vn 0.6084 0.5361 0.5851
vn -0.3511 -0.7521 0.5577
vn -0.0799 -0.1808 0.9803
vn -0.2654 -0.9110 0.3156
vn -0.2304 -0.9285 0.2913
vn 0.1239 0.7529 -0.6464
vn -0.8039 0.0662 -0.5911
vn -0.0767 -0.5198 -0.8508
vn -0.2863 0.6277 -0.7239
vn 0.5525 0.0040 0.8335
vn -0.5628 0.5996 0.5690
vn -0.1558 0.7923 -0.5899
vn -0.1462 0.7714 -0.6194
vn -0.1770 0.7445 -0.6438
vn -0.7338 0.6716 0.1029
vn -0.9214 0.3675 -0.1262
vn -0.4091 0.2971 -0.8627
vn 0.6280 0.7018 0.3361
vn -0.6386 0.5673 -0.5200
vn -0.3038 0.7330 -0.6086
vn -0.6285 -0.7752 -0.0641
vn 0.4862 0.7543 0.4412
vn 0.2298 -0.5130 -0.8271
vn 0.2703 -0.5791 -0.7691
vn -0.2940 0.7195 0.6292
vn -0.4499 -0.1009 0.8874
vn -0.6099 -0.6952 0.3804
vn 0.6609 0.7383 0.1345
vn 0.6887 0.7124 0.1347
vn 0.5557 -0.2604 0.7895
vn 0.0356 0.4705 -0.8817
vn -0.7924 0.1149 0.5990
vn 0.5684 -0.8226 0.0160
vn -0.6521 0.7442 -0.1445
vn -0.1839 0.7829 -0.5943
vn 0.5522 -0.5854 -0.5936
vn -0.2809 0.7580 -0.5887
vn -0.5553 0.3878 0.7357
vn 0.3667 -0.1522 -0.9178
vn -0.8267 -0.3621 0.4306
vn 0.7683 0.5720 0.2873
vn -0.1602 0.9860 0.0459
vn -0.2623 0.8432 0.4694
vn -0.2868 0.9326 0.2193
vn -0.3985 0.8564 0.3284
vn -0.7149 0.4311 -0.5505
vn 0.2835 0.8900 0.3571
vn -0.0824 0.0510 -0.9953
vn -0.2543 0.2434 -0.9360
vn -0.4693 -0.6272 -0.6216
vn -0.4170 -0.6712 -0.6128
vn -0.8340 0.4719 0.2859
vn -0.3914 0.0758 -0.9171
vn -0.2925 0.7197 0.6297
vn -0.2484 0.7365 0.6292
vn 0.2096 0.4180 -0.8839
vn -0.7390 0.6695 0.0755
vn -0.3398 -0.2428 0.9086
vn 0.1705 -0.7519 0.6368
vn 0.2828 -0.5980 0.7500
vn -0.7765 -0.5177 0.3593
vn 0.1100 0.2054 -0.9725
vn 0.7168 0.6229 -0.3135
vn 0.3391 -0.9305 0.1386
vn -0.3327 -0.9355 0.1193
vn -0.5060 0.4918 -0.7085
vn -0.2990 0.5593 0.7731
vn 0.2924 0.1495 -0.9445
vn 0.2674 0.1343 -0.9542
vn 0.0229 0.4141 0.9099
vn 0.5729 0.7376 -0.3574
vn 0.5072 0.8534 0.1202
vn -0.1529 0.7602 -0.6314
vn 0.8397 0.4526 -0.3002
vn 0.8195 0.5205 -0.2399
vn 0.7038 0.6153 -0.3550
vn -0.7504 0.6603 -0.0306
vn 0.5416 -0.7983 0.2634
vn 0.5458 -0.7721 0.3255
vn 0.8765 0.2335 0.4209
vn -0.5439 -0.1268 0.8295
vn -0.0391 0.1142 0.9927
vn -0.0654 0.4079 0.9107
vn -0.2178 0.4056 0.8877
vn -0.1598 0.4920 -0.8558
vn -0.5354 0.5633 0.6293
vn 0.7969 -0.4752 0.3730
vn 0.2061 -0.6985 0.6853
vn -0.7555 -0.5046 -0.4179
vn -0.5365 0.8352 0.1210
vn -0.4734 0.8719 0.1253
vn -0.6889 0.4212 0.5899
vn -0.6940 0.4147 0.5885
vn 0.6252 -0.2490 0.7396
vn 0.5683 0.7627 0.3087
vn 0.5883 0.6718 -0.4501
vn -0.4118 0.3435 -0.8441
vn 0.8251 0.4584 0.3303
vn 0.7264 0.5066 -0.4645
vn 0.7788 -0.3963 0.4862
vn 0.7828 -0.4762 0.4005
vn 0.7134 0.7004 -0.0238
vn 0.5295 0.3497 0.7729
vn -0.6628 -0.5304 0.5285
vn -0.6615 -0.5669 0.4908
vn 0.6171 0.3076 0.7243
vn 0.7177 0.2223 0.6599
vn -0.2075 0.6939 0.6895
vn -0.0391 0.9540 -0.2974
vn 0.5065 -0.2863 0.8134
vn -0.7731 0.2463 -0.5845
vn 0.9157 0.2698 -0.2977
vn 0.9830 0.1798 0.0366
vn 0.0710 -0.9338 0.3507
vn -0.6121 -0.1472 0.7770
vn -0.7139 0.6407 -0.2826
vn -0.7606 -0.4647 0.4534
vn -0.7987 -0.0512 0.5996
vn -0.6490 0.5070 0.5672
vn -0.3643 0.5270 0.7678
vn 0.2293 0.9476 0.2223
vn 0.3490 0.6670 0.6582
vn 0.4301 0.6312 0.6454
vn 0.9873 0.1141 -0.1102
vn 0.9197 0.3202 -0.2274
vn -0.3546 0.4799 0.8025
vn 0.6033 0.7157 -0.3518
vn 0.6080 0.7922 -0.0531
vn 0.6508 0.7541 0.0884
vn -0.4113 -0.3033 -0.8596
vn -0.2688 -0.6468 -0.7137
vn 0.4193 0.8835 0.2089
vn -0.0232 0.6231 0.7818
vn 0.7578 0.2610 0.5980
vn -0.4431 0.6134 0.6538
vn -0.5138 -0.7446 0.4260
vn -0.7578 -0.4961 0.4238
vn -0.0592 0.2967 0.9531
vn 0.5607 0.7909 -0.2452
vn 0.6531 0.6612 -0.3692
vn -0.4359 -0.1126 0.8929
vn -0.1656 0.7580 -0.6309
vn 0.8878 0.3924 0.2405
vn -0.7384 0.1812 -0.6496
vn -0.7800 0.2588 -0.5698
vn 0.7637 0.5373 0.3578
vn 0.1395 0.7427 -0.6550
vn 0.5705 0.7926 0.2154
vn 0.3615 0.8739 0.3249
vn -0.2128 0.2890 0.9334
vn 0.6966 0.7167 -0.0336
vn 0.5247 0.8479 -0.0756
vn 0.7880 0.2664 0.5550
vn 0.8426 0.3538 -0.4060
vn 0.8222 0.4353 -0.3668
vn 0.7265 0.6488 -0.2263
vn 0.7078 0.6961 -0.1200
vn -0.7033 0.4006 0.5873
vn -0.6851 0.4050 0.6055
vn -0.6341 0.7166 0.2906
vn -0.2790 0.7401 -0.6119
vn 0.6668 0.7380 0.1037
vn 0.6193 0.7729 0.1379
vn -0.7044 -0.3327 -0.6270
vn -0.6655 -0.4407 -0.6024
vn 0.7124 0.6125 -0.3426
vn -0.0767 0.7906 -0.6075
vn -0.2198 0.7320 -0.6449
vn 0.1333 0.9818 0.1354
vn -0.4749 0.6968 0.5375
vn 0.5487 0.8293 -0.1064
vn 0.7364 0.6725 0.0731
vn 0.7289 0.6613 0.1772
vn 0.4930 0.7658 0.4129
vn 0.3982 0.5170 0.7577
vn -0.6872 0.6994 -0.1967
vn -0.5857 0.1180 -0.8019
vn -0.6523 0.0923 0.7523
vn -0.3059 0.7528 -0.5828
vn -0.3521 0.7291 -0.5869
vn 0.0630 -0.9883 0.1389
vn -0.2949 -0.8178 0.4942
vn -0.0073 0.8602 -0.5098
vn -0.7652 -0.0628 0.6407
vn -0.0409 -0.7556 0.6538
vn -0.3097 0.5919 0.7441
vn -0.1839 -0.9515 0.2468
vn 0.9320 -0.0714 -0.3553
vn 0.7061 -0.6916 0.1519
vn 0.5598 -0.8254 -0.0726
vn 0.2272 -0.7612 0.6075
vn -0.4245 -0.3212 -0.8466
vn 0.2640 0.1322 -0.9554
vn -0.3887 -0.9196 -0.0562
vn 0.9789 0.2036 -0.0195
vn 0.0735 0.3704 -0.9259
vn -0.5121 -0.2772 0.8130
vn 0.0705 -0.1741 0.9822
vn -0.5959 0.4795 0.6442
vn 0.2204 0.7273 -0.6500
vn -0.2415 0.7683 -0.5928
vn 0.6142 0.0754 0.7855
vn -0.6646 -0.4663 -0.5839
vn -0.6757 -0.5005 -0.5412
vn -0.4245 0.4152 0.8046
vn -0.6741 -0.5213 0.5233
vn -0.7181 0.6957 -0.0162
vn -0.7268 0.6866 -0.0165
vn -0.3890 0.9209 0.0246
vn -0.6934 0.7174 -0.0668
vn 0.0937 -0.9846 0.1475
vn -0.1005 0.7814 -0.6159
vn 0.0493 0.0676 0.9965
vn -0.7140 -0.5688 0.4082
vn 0.7703 0.6236 0.1331
vn -0.2214 0.6213 0.7517
vn -0.2662 0.7263 0.6337
vn 0.7816 -0.3838 -0.4916
vn 0.6393 -0.6688 -0.3795
vn 0.4269 0.6895 0.5851
vn 0.8185 0.4547 0.3512
vn 0.4519 0.8898 0.0636
vn -0.4776 -0.7404 0.4729
vn 0.0203 0.3976 0.9173
vn -0.4723 0.3058 -0.8267
vn 0.5783 0.5632 -0.5902
vn -0.7937 -0.3724 0.4810
vn 0.7681 0.5904 0.2478
vn -0.5824 0.4438 0.6811
vn 0.1460 -0.9868 -0.0706
vn -0.3795 -0.9210 0.0883
vn 0.6745 0.7381 -0.0165
vn -0.5551 -0.3120 0.7710
vn 0.3417 0.9392 -0.0329
vn -0.6558 0.4518 0.6047
vn 0.5019 0.6617 -0.5571
vn 0.5197 0.6952 -0.4966
vn 0.6280 -0.7679 0.1264
vn 0.2850 0.7316 -0.6193
vn 0.7862 0.0363 0.6170
vn 0.6066 0.7916 0.0735
vn -0.6155 0.7828 -0.0916
vn 0.5313 0.2794 0.7998
vn -0.7229 -0.2603 0.6401
vn -0.7561 -0.2355 0.6106
vn 0.7194 -0.3153 0.6189
vn -0.7513 0.1073 0.6512
vn 0.2886 0.6331 -0.7183
vn 0.2364 0.7397 -0.6300
vn -0.3090 0.2829 0.9080
vn 0.1733 0.5706 0.8028
vn -0.8917 0.2155 -0.3979
vn -0.9066 -0.2986 -0.2983
vn -0.9793 -0.1415 -0.1449
vn -0.9028 -0.2990 -0.3091
vn 0.6852 -0.5155 0.5145
vn 0.8503 0.0258 0.5256
vn -0.0731 -0.5660 -0.8212
vn 0.5752 0.7200 0.3884
vn -0.0008 -0.9991 -0.0435
vn 0.6117 0.7109 -0.3469
vn 0.9715 -0.0951 0.2170
vn -0.4246 0.2981 0.8549
vn -0.7199 0.6634 -0.2038
vn -0.7704 0.6314 -0.0888
vn -0.0686 0.9974 -0.0206
vn -0.5368 0.8392 -0.0867
vn 0.9150 -0.3977 -0.0678
vn 0.9578 0.2412 0.1564
vn 0.6253 0.7122 0.3190
vn 0.3414 0.7573 -0.5568
vn 0.1833 0.8392 -0.5120
vn 0.2954 0.8125 0.5026
vn 0.5760 0.6307 -0.5201
vn 0.5428 0.6595 -0.5200
vn -0.7093 -0.5152 0.4811
vn 0.5291 0.8480 0.0309
vn 0.7937 -0.4852 0.3670
vn -0.0055 0.0368 0.9993
vn 0.7339 -0.6713 0.1038
vn 0.6107 0.7382 -0.2865
vn 0.6259 0.7077 -0.3278
vn 0.4585 0.8853 0.0774
vn -0.4596 -0.8596 0.2234
vn -0.4157 -0.7472 -0.5185
vn 0.8726 -0.2823 0.3985
vn -0.7571 -0.3552 -0.5483
vn -0.0058 0.5227 -0.8525
vn -0.7127 -0.4533 0.5353
vn 0.3414 -0.6307 0.6969
vn 0.6288 0.7204 -0.2926
vn 0.6592 0.7030 -0.2667
vn -0.9790 -0.1662 0.1180
vn 0.9402 -0.3386 0.0354
vn -0.8219 0.5443 0.1681
vn -0.6286 0.7540 0.1904
vn 0.4459 -0.8949 -0.0168
vn -0.1738 0.7359 -0.6544
vn -0.0218 0.7737 -0.6331
vn -0.7647 0.0591 -0.6417
vn -0.0196 -0.9561 0.2924
vn -0.7474 -0.3948 0.5344
vn -0.7320 -0.3879 0.5601
vn 0.0556 0.7135 -0.6984
vn 0.5479 0.6494 -0.5273
vn -0.8295 -0.5035 0.2418
vn -0.7673 -0.6061 0.2095
vn 0.0935 -0.9128 0.3976
vn 0.0213 -0.2110 0.9773
vn 0.1749 -0.3334 0.9264
vn 0.7616 0.4987 -0.4137
vn 0.1304 0.8543 0.5032
vn -0.5580 0.6335 0.5359
vn -0.3303 0.2044 0.9215
vn 0.1315 0.0956 -0.9867
vn -0.1409 0.7518 -0.6442
vn -0.0988 -0.3518 0.9308
vn -0.0224 -0.4741 0.8802
vn 0.6602 0.7499 -0.0431
vn -0.3709 0.1989 -0.9071
vn 0.7068 0.7073 0.0134
vn -0.6794 0.1689 -0.7140
vn -0.6553 0.5241 0.5440
vn 0.8734 -0.4633 0.1499
vn 0.4890 -0.0263 -0.8719
vn 0.0950 0.4110 -0.9067
vn 0.5023 -0.4908 0.7119
vn 0.1617 -0.6428 0.7488
vn 0.1746 -0.6893 0.7031
vn 0.7145 0.6957 -0.0741
vn -0.1043 0.8162 -0.5683
vn -0.1182 0.7726 -0.6238
vn 0.7291 0.6773 0.0983
vn 0.6798 0.5319 0.5049
vn -0.5376 -0.8411 -0.0593
vn -0.2677 -0.9487 -0.1683
vn -0.0948 -0.0309 -0.9950
vn -0.6063 -0.5633 0.5613
vn -0.9030 -0.3413 0.2609
vn -0.7094 0.3945 0.5840
vn 0.3333 0.2340 -0.9133
vn -0.1329 0.8587 -0.4950
vn -0.0563 0.6955 -0.7163
vn 0.6716 -0.6385 0.3758
vn -0.2821 0.0139 0.9593
vn 0.2072 -0.6530 0.7285
vn 0.7591 -0.5897 -0.2755
vn -0.0882 -0.2860 -0.9542
vn -0.6270 0.7387 0.2473
vn 0.5973 0.7896 -0.1405
vn 0.4102 -0.9081 -0.0839
vn 0.8638 -0.4710 -0.1791
vn -0.4376 -0.8619 0.2562
vn 0.8898 -0.2331 0.3923
vn 0.4432 0.7585 0.4778
vn -0.0443 -0.8909 -0.4520
vn -0.5843 0.5151 0.6271
vn -0.6998 -0.4819 -0.5273
vn 0.4974 0.7762 0.3875
vn 0.3172 0.4682 0.8247
vn -0.1876 0.0847 0.9786
vn -0.2796 0.4605 0.8424
vn 0.5982 0.7043 -0.3822
vn 0.6056 0.7021 -0.3746
vn -0.9022 0.1525 0.4035
vn -0.0828 0.9839 0.1582
vn -0.5056 0.8622 -0.0309
vn 0.8363 -0.0985 0.5393
vn -0.3613 0.7004 -0.6156
vn 0.8368 -0.4467 -0.3165
vn -0.6484 0.7238 0.2359
vn -0.4412 0.2620 0.8583
vn -0.3329 -0.8305 0.4466
vn -0.1998 -0.9481 0.2473
vn -0.8505 -0.2989 0.4328
vn -0.4873 -0.6509 0.5821
vn -0.5294 -0.7455 0.4050
vn 0.2638 0.9552 -0.1343
vn -0.4450 -0.5559 -0.7021
vn 0.5888 -0.4800 -0.6503
vn 0.6550 0.2123 0.7252
vn 0.6814 0.7310 -0.0358
vn 0.6559 0.7547 -0.0158
vn 0.6351 0.7703 -0.0581
vn -0.6199 -0.7433 0.2513
vn 0.7878 0.5773 0.2148
vn -0.5866 -0.3325 0.7385
vn -0.4306 -0.4985 0.7524
vn 0.7389 0.6264 0.2484
vn 0.8758 0.4711 0.1050
vn 0.6797 0.6522 0.3356
vn 0.3974 0.7763 0.4894
vn 0.7632 0.6083 -0.2181
vn -0.0758 0.7304 0.6788
vn -0.7644 -0.5453 0.3439
vn 0.3560 0.7154 -0.6012
vn 0.3033 0.7276 -0.6153
vn 0.0214 0.9834 -0.1802
vn 0.9752 0.2048 -0.0840
vn -0.6501 -0.2847 0.7045
vn -0.6829 0.0433 -0.7292
vn -0.1706 0.1058 -0.9797
vn -0.6667 0.4099 0.6224
vn 0.9881 0.1237 0.0918
vn 0.3652 0.6919 -0.6228
vn 0.3886 0.6941 -0.6060
vn 0.2984 0.1086 -0.9482
vn -0.7097 0.4150 0.5693
vn 0.7504 0.6593 0.0468
vn -0.4440 -0.5083 0.7379
vn -0.9050 0.2917 -0.3098
vn -0.8972 0.3103 -0.3143
vn -0.4821 -0.0553 0.8744
vn -0.2544 -0.5368 -0.8045
vn 0.0889 0.5347 0.8403
vn 0.5979 0.7522 -0.2772
vn 0.1075 -0.3629 0.9256
vn -0.7692 0.6130 -0.1807
vn -0.6688 0.7290 -0.1458
vn 0.7813 0.4313 0.4512
vn -0.7087 0.6513 -0.2712
vn -0.4940 0.7294 -0.4732
vn -0.3638 -0.1806 0.9138
vn -0.2634 0.7383 -0.6209
vn -0.0779 0.6623 -0.7452
vn -0.8297 0.4370 -0.3473
vn 0.4613 0.7547 0.4665
vn 0.6304 0.0119 0.7762
vn -0.1884 0.6980 0.6909
vn -0.6243 -0.5557 0.5490
vn 0.4223 0.4810 0.7683
vn 0.8860 -0.0029 -0.4636
vn 0.8158 0.4633 0.3461
vn -0.7567 0.5756 0.3099
vn 0.5011 0.5694 0.6517
vn 0.7086 0.6300 0.3177
vn -0.2413 -0.3398 0.9090
vn -0.4006 0.5859 -0.7044
vn -0.3308 0.7333 -0.5940
vn 0.9018 -0.3912 0.1838
vn -0.3080 -0.7120 0.6310
vn -0.3240 -0.4637 0.8246
vn -0.6445 0.3556 0.6768
vn -0.6007 0.7954 -0.0810
vn -0.6798 0.4764 -0.5576
vn 0.4422 -0.2032 -0.8736
vn -0.2210 -0.9597 0.1738
vn 0.9869 -0.0308 0.1585
vn -0.2338 -0.3764 0.8965
vn -0.8355 0.0183 -0.5492
vn 0.5911 0.7189 -0.3658
vn -0.7835 0.2373 -0.5743
vn 0.3667 0.9220 0.1240
vn 0.0771 0.9852 0.1532
vn 0.1784 -0.8149 0.5515
vn 0.0963 -0.9872 0.1270
vn 0.6826 0.7307 -0.0105
vn 0.2823 0.0981 -0.9543
vn 0.1229 0.2648 -0.9564
vn -0.1894 -0.9642 -0.1855
vn -0.2396 -0.9707 -0.0159
vn -0.7391 -0.6729 -0.0294
vn 0.6748 0.7369 -0.0401
vn 0.7825 -0.5196 -0.3430
vn 0.6051 0.6686 0.4322
vn 0.9753 0.1793 0.1288
vn 0.9126 -0.1754 0.3693
vn 0.9395 -0.3382 -0.0539
vn 0.0497 0.8747 0.4821
vn 0.6916 0.7223 -0.0080
vn 0.2766 0.3149 0.9079
vn 0.6229 0.7077 -0.3333
vn 0.0095 -0.7868 -0.6171
vn -0.1184 0.7544 -0.6456
vn 0.6789 0.3315 0.6551
vn -0.8325 -0.4242 0.3563
vn -0.1982 -0.8126 0.5480
vn -0.2010 0.6602 0.7237
vn 0.7275 -0.2490 0.6393
vn -0.4040 0.7247 -0.5582
vn -0.4855 -0.4781 0.7319
vn -0.4338 -0.8789 -0.1984
vn -0.9030 -0.3274 -0.2781
vn 0.1631 0.7706 -0.6161
vn -0.7598 -0.5218 0.3878
vn 0.5092 0.3651 0.7794
vn 0.5227 0.3623 0.7717
vn 0.5050 0.3894 0.7703
vn 0.5602 0.7933 -0.2385
vn 0.5461 0.8186 -0.1780
vn 0.7522 0.6584 -0.0250
vn 0.6390 0.7366 -0.2215
vn -0.2608 0.0101 0.9653
vn -0.5078 -0.7138 0.4823
vn -0.0298 -0.1462 -0.9888
vn -0.6142 0.7340 0.2897
vn 0.7216 0.6444 0.2531
vn -0.3965 0.0294 -0.9176
vn -0.3513 0.6971 -0.6251
vn -0.3888 0.6841 -0.6172
vn -0.4520 -0.3391 0.8251
vn 0.7592 0.6478 -0.0630
vn 0.4294 0.8877 0.1662
vn 0.0988 0.7616 -0.6405
vn -0.1763 -0.3993 -0.8997
vn -0.5849 -0.2656 -0.7664
vn 0.3445 0.7554 -0.5574
vn 0.9536 -0.0070 0.3009
vn 0.1352 -0.7308 0.6690
vn 0.4677 0.1031 0.8779
vn -0.2723 0.0042 -0.9622
vn -0.5082 -0.0664 0.8587
vn -0.3082 0.2003 0.9300
vn -0.8228 0.0377 -0.5671
vn 0.5692 0.7969 -0.2024
vn 0.4299 -0.5384 0.7247
vn -0.5720 0.6080 0.5507
vn -0.6843 0.7277 0.0468
vn -0.7680 0.6351 0.0821
vn 0.4919 -0.1283 0.8611
vn 0.4016 0.2281 -0.8870
vn 0.6076 0.7300 -0.3128
vn 0.6150 0.7189 -0.3240
vn 0.5963 0.7355 -0.3217
vn 0.1169 -0.6345 0.7640
vn 0.9096 0.0715 0.4093
vn -0.7538 -0.4865 0.4416
vn -0.8100 0.1819 0.5576
vn 0.7774 0.6094 -0.1556
vn -0.3075 0.7666 -0.5637
vn 0.6826 0.7133 0.1588
vn 0.0473 -0.7963 0.6031
vn -0.2920 -0.2013 0.9350
vn -0.7300 0.6692 -0.1389
vn 0.0433 -0.8373 0.5450
vn 0.4845 -0.8456 -0.2243
vn 0.6594 -0.7509 0.0367
vn 0.8331 0.1217 0.5396
vn -0.7717 0.0878 0.6299
vn -0.8258 0.1438 0.5453
vn 0.4372 0.6752 -0.5941
vn 0.5576 0.5170 0.6494
vn -0.6103 -0.5767 0.5431
vn 0.1479 0.4490 0.8812
vn -0.1412 0.8154 0.5614
vn 0.3222 0.8045 0.4989
vn 0.4258 -0.4908 -0.7602
vn 0.4580 0.6072 -0.6493
vn -0.4045 0.7364 -0.5423
vn -0.2836 0.7422 -0.6072
vn -0.6534 0.7538 -0.0697
vn 0.7464 -0.6045 0.2783
vn 0.5245 0.3964 0.7535
vn -0.7240 0.6889 -0.0347
vn -0.3197 0.7255 -0.6095
vn -0.2835 0.7272 -0.6252
vn -0.2642 0.7391 -0.6197
vn -0.5974 0.3228 0.7341
vn 0.7884 0.3967 0.4701
vn 0.9727 0.2245 0.0583
vn -0.7766 0.6195 0.1143
vn 0.0596 0.2396 -0.9690
vn -0.7787 -0.1623 0.6060
vn 0.8694 0.4932 0.0290
vn -0.1958 0.7208 0.6649
vn -0.6975 -0.1376 -0.7032
vn 0.6357 0.7254 -0.2639
vn 0.6012 0.7423 -0.2959
vn 0.6624 0.7473 -0.0535
vn 0.1321 -0.7778 0.6144
vn 0.0158 0.3378 0.9411
vn 0.7030 -0.6404 0.3093
vn -0.7636 0.0940 0.6388
vn 0.1571 -0.2940 0.9428
vn -0.6678 0.0921 0.7386
vn 0.8745 0.2813 0.3953
vn 0.3912 0.3650 0.8448
vn -0.7229 -0.2960 0.6244
vn 0.5819 0.8007 -0.1423
vn 0.6912 0.7182 0.0800
vn 0.0318 -0.4189 -0.9075
vn 0.2025 -0.5506 -0.8099
vn 0.1152 0.7733 0.6234
vn -0.0802 -0.4551 0.8868
vn -0.3914 0.6711 -0.6295
vn -0.3677 0.7288 -0.5776
vn -0.4209 0.7137 -0.5599
vn 0.3316 0.7836 -0.5253
vn -0.2917 -0.3629 -0.8850
vn -0.0007 -0.4953 -0.8687
vn 0.5716 0.6846 -0.4523
vn 0.5516 0.0498 -0.8326
vn -0.0401 -0.5607 -0.8271
vn -0.3042 0.6685 0.6786
vn -0.7593 -0.3001 0.5774
vn -0.7180 -0.4730 0.5106
vn -0.6961 -0.4759 0.5375
vn 0.8560 0.4654 -0.2249
vn -0.4436 0.4476 0.7764
vn -0.6448 -0.5497 0.5311
vn -0.6333 -0.5667 0.5270
vn 0.6814 0.7188 -0.1379
vn 0.8516 0.2472 -0.4621
vn -0.8187 -0.0949 -0.5663
vn 0.2175 0.4838 -0.8477
vn -0.6031 0.7816 0.1590
vn -0.4471 0.4274 0.7858
vn -0.5497 0.3417 0.7623
vn 0.7674 -0.0142 0.6410
vn 0.8975 -0.0965 -0.4303
vn -0.5548 -0.6880 0.4678
vn 0.4390 -0.8167 -0.3745
vn -0.6775 -0.5238 0.5163
vn -0.6182 0.4340 0.6554
vn 0.2705 0.9398 -0.2088
vn 0.9728 0.1613 0.1665
vn -0.7014 -0.3908 0.5960
vn 0.6287 -0.1230 0.7678
vn 0.2523 -0.8630 0.4378
vn -0.2807 -0.2299 -0.9319
vn 0.6214 0.4465 0.6439
vn -0.5360 0.6845 -0.4941
vn -0.5965 0.6391 -0.4854
vn 0.8671 -0.4955 0.0513
vn 0.2052 -0.9787 0.0097
vn -0.2802 -0.6025 0.7473
vn -0.2630 0.7102 -0.6530
vn 0.1766 0.6991 -0.6929
vn -0.2850 -0.5746 -0.7672
vn -0.3921 -0.1338 0.9101
vn 0.9049 0.4108 0.1115
vn 0.3573 0.9277 -0.1082
vn 0.5248 -0.8512 0.0120
vn -0.5284 0.6747 -0.5154
vn -0.5881 0.6334 -0.5029
vn -0.2020 0.3049 0.9307
vn -0.1550 -0.8219 -0.5481
vn -0.2212 0.5542 0.8025
vn -0.7054 -0.5977 0.3810
vn -0.7753 -0.4133 0.4775
vn -0.3538 -0.8107 0.4665
vn -0.6685 0.4618 -0.5829
vn 0.7418 -0.6344 -0.2174
vn -0.2129 -0.7196 0.6609
vn 0.5150 0.3722 0.7722
vn 0.4975 0.5638 0.6593
vn 0.4602 0.6522 0.6024
vn 0.6730 0.7331 0.0987
vn -0.6855 -0.2187 0.6945
vn 0.3414 0.6960 -0.6316
vn 0.3460 0.6886 -0.6373
vn -0.5580 0.5064 0.6574
vn -0.6483 0.5286 0.5480
vn -0.1128 -0.1455 -0.9829
vn -0.2790 0.7866 -0.5508
vn 0.5044 0.8250 -0.2550
vn 0.5538 0.8153 -0.1691
vn 0.6335 0.7347 -0.2428
vn 0.6457 0.7496 -0.1455
vn -0.2272 0.6672 -0.7094
vn -0.3341 0.6037 0.7239
vn 0.5180 0.8412 -0.1553
vn -0.7528 0.6464 -0.1245
vn -0.6062 0.7902 -0.0897
vn -0.6755 0.2406 0.6970
vn 0.1035 0.4802 0.8710
vn -0.6665 0.4917 -0.5603
vn 0.1616 0.3752 0.9128
vn 0.1877 0.5689 0.8007
vn 0.2907 0.7315 -0.6168
vn 0.3235 0.7311 -0.6008
vn -0.0042 0.6788 0.7343
vn -0.6909 0.4172 0.5904
vn -0.0326 0.7417 -0.6700
vn -0.3422 -0.8102 0.4759
vn -0.2177 -0.1840 0.9585
vn -0.1761 0.7631 -0.6218
vn -0.6836 0.7282 0.0482
vn 0.0842 0.8052 0.5870
vn -0.0125 -0.7554 -0.6551
vn -0.1166 -0.8611 0.4949
vn -0.4734 0.0859 -0.8767
vn 0.5255 0.0911 0.8459
vn 0.6945 0.2203 0.6849
vn 0.6987 0.1257 0.7043
vn -0.5822 -0.4754 -0.6596
vn -0.6981 -0.4600 0.5487
vn -0.8345 -0.3652 0.4127
vn -0.3503 0.7407 -0.5733
vn 0.8591 -0.1319 -0.4945
vn 0.6714 -0.3114 0.6724
vn 0.3556 -0.3433 0.8693
vn -0.5418 0.6395 -0.5453
vn 0.6524 -0.5768 -0.4916
vn 0.8192 -0.4031 -0.4080
vn 0.5972 0.7172 -0.3590
vn 0.5640 0.2064 -0.7995
vn -0.7067 0.4076 0.5784
vn -0.8442 -0.1567 0.5126
vn 0.7628 0.2461 0.5980
vn -0.0463 0.6576 0.7520
vn 0.8936 0.4327 0.1189
vn 0.8886 0.2488 0.3854
vn 0.6420 -0.5266 0.5572
vn -0.7120 0.6923 -0.1174
vn -0.4498 -0.8567 -0.2523
vn -0.6770 -0.5862 0.4450
vn -0.7783 0.2397 -0.5804
vn 0.6043 0.7516 -0.2645
vn 0.1454 0.7023 0.6968
vn 0.5751 -0.5838 0.5731
vn 0.3409 -0.7695 0.5401
vn 0.4694 0.4666 0.7496
vn -0.4685 -0.7214 0.5100
vn -0.4706 0.6297 -0.6181
vn -0.5441 0.6452 -0.5364
vn -0.7549 -0.4437 0.4830
vn 0.4020 0.0477 -0.9144
vn 0.9094 0.4146 -0.0346
vn 0.4287 0.6485 0.6290
vn 0.5192 0.8544 0.0218
vn -0.8031 -0.0119 -0.5957
vn 0.4619 0.2880 0.8389
vn 0.8020 0.5754 -0.1606
vn 0.5107 0.1076 0.8530
vn 0.5814 0.2128 -0.7853
vn -0.6789 0.7330 0.0428
vn 0.7515 0.4731 0.4598
vn -0.2584 0.6627 0.7029
vn 0.1216 0.7556 -0.6436
vn 0.6133 0.7762 0.1462
vn 0.7499 0.2293 0.6206
vn 0.8155 0.5779 -0.0327
vn -0.3373 -0.4382 0.8332
vn -0.6551 -0.4318 -0.6199
vn -0.6726 -0.5826 0.4564
vn -0.4487 -0.3126 0.8372
vn -0.7163 0.1556 0.6802
vn -0.8706 -0.0633 0.4880
vn -0.1472 0.7616 -0.6311
vn 0.6215 0.7100 -0.3311
vn 0.6297 0.7245 -0.2804
vn -0.6506 0.3470 0.6755
vn 0.4960 -0.6843 0.5345
vn 0.5390 -0.7413 0.4000
vn 0.9408 0.2730 0.2009
vn -0.3450 0.5398 0.7679
vn 0.9996 -0.0086 -0.0275
vn 0.8193 -0.5676 -0.0814
vn 0.9374 -0.2027 0.2831
vn -0.6010 -0.4621 0.6521
vn -0.3600 0.5280 0.7692
vn -0.2821 0.2059 0.9370
vn 0.1864 -0.1489 0.9711
vn -0.2182 -0.9697 0.1095
vn -0.7066 -0.5361 -0.4618
vn -0.2237 0.7569 -0.6140
vn -0.6869 -0.3203 0.6524
vn 0.6320 0.3475 0.6927
vn 0.3014 0.7083 -0.6383
vn 0.3355 0.7243 -0.6024
vn 0.7352 0.3051 0.6052
vn -0.1312 -0.9634 0.2337
vn 0.4114 0.7390 -0.5336
vn 0.7863 0.6140 -0.0681
vn 0.9473 0.1298 -0.2930
vn -0.3910 -0.3106 0.8664
vn 0.6028 0.7018 -0.3796
vn -0.5919 0.8023 0.0770
vn 0.6564 0.6418 0.3965
vn 0.6581 0.6811 0.3209
vn -0.3921 -0.7711 0.5017
vn 0.7397 -0.6505 0.1722
vn -0.0083 0.8478 0.5302
vn -0.0896 0.2300 0.9691
vn -0.5220 -0.6524 0.5495
vn -0.1961 0.6199 0.7598
vn -0.6738 0.7265 0.1349
vn -0.7298 0.6789 0.0804
vn -0.3177 0.7346 -0.5995
vn 0.4623 0.8787 0.1189
vn -0.0035 0.7595 -0.6505
vn 0.0614 0.7888 -0.6116
vn 0.9563 0.0133 -0.2920
vn 0.5578 0.6903 -0.4608
vn 0.5840 0.6487 -0.4880
vn 0.8974 -0.4390 -0.0434
vn -0.6199 0.6262 0.4728
vn 0.3811 -0.8037 0.4569
vn 0.6372 0.7293 0.2490
vn 0.8163 0.4907 -0.3048
vn -0.4951 -0.6184 -0.6103
vn 0.4529 -0.0384 0.8907
vn -0.2256 -0.6215 0.7502
vn -0.2662 -0.6439 0.7173
vn 0.4041 -0.5275 -0.7472
vn 0.3966 0.7817 -0.4814
vn -0.7523 0.6518 -0.0954
vn 0.1768 -0.5016 -0.8469
vn -0.1669 -0.9854 0.0338
vn -0.6276 0.7778 0.0334
vn 0.6051 -0.7888 0.1079
vn 0.9743 -0.1844 0.1296
vn 0.1431 0.4723 0.8697
vn -0.3519 0.7829 -0.5131
vn -0.2465 0.7167 -0.6523
vn 0.6386 0.7062 -0.3057
vn 0.1677 -0.9850 -0.0406
vn -0.4637 -0.6268 -0.6262
vn 0.2645 -0.7040 0.6591
vn 0.7358 0.6173 -0.2782
vn 0.4026 0.4749 0.7826
vn 0.7059 0.7083 -0.0000
vn 0.5418 0.8404 -0.0163
vn 0.9227 0.1011 0.3720
vn 0.0855 0.8742 -0.4780
vn -0.7432 -0.5443 0.3891
vn 0.5946 0.7682 -0.2373
vn -0.3805 -0.8142 -0.4385
vn -0.9976 -0.0621 -0.0317
vn 0.7984 0.5680 0.1996
vn -0.0998 0.8761 -0.4716
vn 0.5204 0.1845 0.8338
vn -0.7894 -0.1598 -0.5928
vn -0.7444 -0.4301 0.5108
vn 0.3242 0.7180 -0.6159
vn 0.2617 0.6872 -0.6777
vn 0.5867 -0.2063 0.7831
vn -0.2700 -0.9397 -0.2099
vn -0.1220 -0.3449 0.9307
vn -0.4997 -0.0863 0.8619
vn -0.3669 -0.0101 0.9302
vn -0.7529 0.1070 -0.6494
vn 0.4996 0.2700 0.8231
vn -0.3354 -0.6752 -0.6569
vn -0.5326 -0.3958 -0.7481
vn -0.3124 -0.5356 -0.7846
vn 0.6872 -0.5837 0.4325
vn 0.5005 -0.5961 -0.6278
vn 0.4719 0.6444 -0.6017
vn 0.7329 0.6616 0.1585
vn 0.7381 -0.0662 -0.6714
vn 0.7806 0.1185 -0.6137
vn -0.5553 0.8267 0.0909
vn 0.7245 0.6693 -0.1649
vn -0.0939 -0.5096 0.8553
vn 0.9934 -0.0439 0.1058
vn 0.5101 0.1486 -0.8472
vn -0.3631 -0.5897 0.7214
vn 0.7319 0.6760 0.0854
vn 0.0989 0.9856 -0.1369
vn -0.6619 0.2099 -0.7196
vn 0.6098 0.7164 -0.3390
vn -0.0688 0.0888 -0.9937
vn 0.8905 0.2036 -0.4068
vn 0.7096 -0.6831 0.1729
vn 0.6978 0.6706 -0.2516
vn -0.8619 0.2453 0.4437
vn -0.6377 0.5199 0.5684
vn 0.6972 0.6658 -0.2658
vn -0.0633 -0.7362 0.6738
vn 0.4224 -0.6600 -0.6212
vn 0.9746 0.0374 -0.2208
vn 0.5439 0.7690 -0.3360
vn 0.9536 -0.2879 -0.0878
vn 0.8149 0.5436 -0.2011
vn 0.7773 -0.5451 0.3141
vn 0.6438 0.7081 0.2900
vn -0.0129 0.7482 -0.6634
vn 0.3207 -0.4882 -0.8117
vn -0.1436 -0.3306 0.9328
vn -0.6428 0.3551 0.6787
vn 0.8476 0.4532 0.2760
vn 0.6397 0.7528 -0.1552
vn 0.6569 0.6823 -0.3207
vn 0.5128 0.0628 -0.8562
vn 0.4590 0.1375 -0.8777
vn 0.5384 0.0006 -0.8427
vn 0.5519 0.7129 -0.4325
vn -0.5323 -0.4095 0.7409
vn -0.3372 -0.2943 0.8942
vn 0.4320 0.7112 -0.5546
vn 0.8888 0.4583 0.0019
vn -0.5586 0.5908 -0.5822
vn -0.1334 0.6952 0.7063
vn -0.4896 0.7254 -0.4838
vn 0.9145 0.3612 0.1824
vn -0.7994 -0.2277 0.5561
vn -0.8729 0.2752 -0.4030
vn -0.2643 -0.6561 0.7069
vn -0.0635 0.7388 0.6709
vn 0.0211 0.7022 0.7116
vn 0.9694 0.1966 -0.1471
vn -0.6406 0.7399 -0.2053
vn -0.6797 0.0968 0.7270
vn 0.7964 0.5988 -0.0849
vn 0.3766 0.6766 -0.6328
vn -0.4822 0.3803 0.7892
vn 0.9992 0.0388 0.0137
vn 0.4156 -0.0332 0.9089
vn 0.5442 -0.5753 -0.6106
vn -0.8606 -0.5076 0.0409
vn 0.7202 0.2048 0.6628
vn 0.5601 -0.1623 -0.8124
vn 0.5011 -0.0765 -0.8620
vn 0.1475 0.5622 0.8137
vn 0.6314 -0.2420 0.7367
vn -0.6401 0.7133 0.2853
vn -0.7114 0.6560 0.2521
vn -0.6694 0.7073 0.2273
vn -0.6776 -0.5747 -0.4590
vn -0.6129 -0.6838 -0.3959
vn -0.5314 -0.4977 0.6855
vn 0.7378 0.6213 0.2637
vn 0.0298 -0.6261 -0.7792
vn 0.1106 0.7036 -0.7019
vn -0.5613 -0.7108 0.4239
vn -0.0728 0.7490 -0.6586
vn 0.5156 0.8565 -0.0257
vn 0.0971 0.5363 0.8384
vn 0.2507 0.7173 -0.6501
vn 0.5308 0.8377 -0.1287
vn 0.8721 0.4871 -0.0478
vn -0.4080 0.6438 0.6474
vn -0.4294 0.6080 0.6678
vn -0.1525 -0.5624 -0.8127
vn 0.7668 -0.0379 0.6407
vn 0.5958 0.7740 0.2144
vn -0.3039 0.0898 0.9484
vn 0.2291 0.9580 -0.1725
vn -0.7528 0.1537 -0.6401
vn 0.3409 0.3806 -0.8596
vn -0.5277 0.6242 -0.5762
vn 0.9485 0.1797 -0.2608
vn -0.5770 -0.4227 -0.6988
vn -0.5801 -0.5092 -0.6357
vn -0.8374 0.5458 0.0282
vn 0.6258 0.7430 0.2374
vn -0.3944 0.6207 0.6776
vn -0.7777 -0.0498 0.6266
vn -0.1881 -0.1040 -0.9766
vn 0.5865 0.7204 0.3703
vn -0.9686 -0.0954 0.2296
vn -0.2088 -0.3133 -0.9264
vn 0.7883 -0.4529 -0.4165
vn 0.0326 0.5363 -0.8434
vn 0.5293 0.8484 0.0017
vn 0.5764 -0.5738 -0.5818
vn -0.6801 -0.5246 -0.5121
vn -0.4373 -0.6278 0.6439
vn 0.0783 -0.6013 0.7952
vn 0.6435 0.7352 -0.2128
vn -0.4762 0.6035 -0.6396
vn 0.6855 -0.6906 -0.2304
vn 0.0013 0.8291 -0.5591
vn 0.8802 -0.4599 0.1168
vn 0.4497 0.8686 0.2082
vn 0.9500 0.3080 0.0522
vn 0.7823 0.3984 0.4788
vn 0.6219 0.7830 -0.0088
vn 0.6043 0.7963 0.0273
vn -0.3372 0.7236 -0.6023
vn 0.4597 -0.0062 -0.8881
vn 0.7167 0.5851 -0.3796
vn 0.4232 0.6615 -0.6192
vn 0.7184 0.1396 -0.6814
vn 0.4298 0.4180 -0.8003
vn -0.0671 0.7780 -0.6247
vn 0.2063 0.9770 -0.0536
vn 0.6211 0.6908 -0.3702
vn 0.2456 0.8193 -0.5181
vn 0.6896 0.6252 0.3654
vn -0.1664 0.7780 -0.6058
vn 0.5934 0.7219 -0.3561
vn -0.2117 -0.5898 -0.7793
vn 0.6665 0.7455 0.0084
vn 0.6960 0.7149 0.0662
vn 0.6857 0.7279 -0.0017
vn 0.8392 -0.4891 0.2378
vn -0.0327 0.3070 0.9512
vn 0.8999 -0.0688 -0.4307
vn -0.5703 0.7901 -0.2244
vn 0.3000 -0.6647 -0.6843
vn -0.0864 0.7580 -0.6466
vn 0.6669 0.7449 -0.0177
vn 0.6522 0.4497 0.6102
vn 0.7364 0.3957 0.5487
vn -0.1946 0.5676 0.8000
vn 0.8198 -0.5548 -0.1419
vn 0.6718 0.7196 -0.1756
vn 0.7917 0.2086 0.5742
vn -0.6737 -0.1330 -0.7270
vn 0.4029 0.8499 -0.3396
vn -0.0309 -0.7556 -0.6543
vn 0.3702 0.7212 -0.5855
vn 0.3336 0.7103 -0.6198
vn 0.7220 -0.6758 0.1483
vn 0.6789 -0.6452 0.3504
vn 0.8058 -0.5452 0.2311
vn -0.7077 0.6589 -0.2549
vn 0.7079 0.6941 0.1308
vn 0.3105 0.8942 0.3224
vn 0.3698 0.7808 0.5036
vn 0.7057 0.2568 0.6604
vn -0.6331 -0.6747 -0.3794
vn 0.7414 0.1978 0.6412
vn 0.7452 -0.2643 -0.6122
vn -0.6981 -0.0362 -0.7151
vn 0.6647 0.7467 0.0247
vn -0.7049 0.3925 0.5909
vn 0.6298 0.3429 -0.6970
vn -0.0048 0.8781 -0.4785
vn -0.5228 -0.4810 0.7038
vn -0.7648 -0.4920 0.4159
vn -0.7924 0.6046 0.0811
vn 0.0318 0.7786 0.6268
vn 0.3772 0.6385 -0.6709
vn 0.5960 0.1488 0.7891
vn -0.7062 -0.4343 0.5592
vn 0.9922 0.0886 -0.0875
vn 0.4438 0.1148 0.8888
vn 0.5127 -0.1354 0.8478
vn 0.7238 0.6851 0.0827
vn 0.4170 -0.8210 0.3898
vn 0.6801 0.6591 -0.3211
vn -0.6980 0.1829 -0.6923
vn -0.7150 -0.5851 0.3826
vn 0.7869 0.4814 0.3862
vn 0.6330 0.7294 0.2593
vn 0.6357 0.2756 0.7210
vn 0.4719 0.7392 0.4805
vn 0.9602 -0.1202 0.2520
vn -0.0647 0.7510 -0.6572
vn -0.0774 0.7155 0.6943
vn -0.6366 -0.5414 0.5492
vn -0.6810 -0.5114 0.5242
vn -0.7022 -0.4765 0.5290
vn 0.9945 -0.0355 -0.0985
vn 0.5873 -0.6294 -0.5088
vn 0.7132 0.6993 0.0477
vn 0.5640 0.1967 0.8020
vn 0.1031 -0.0749 0.9919
vn -0.6881 0.4877 -0.5373
vn -0.6982 0.7152 0.0315
vn 0.7876 0.6008 0.1368
vn -0.6073 0.3309 -0.7223
vn 0.6059 -0.7849 -0.1299
vn -0.0525 0.7873 -0.6144
vn -0.9949 -0.0788 -0.0628
vn 0.0784 -0.5424 0.8365
vn -0.6720 -0.4482 0.5895
vn -0.6776 0.7352 -0.0173
vn 0.9848 0.0476 -0.1671
vn 0.5784 0.8151 -0.0323
vn 0.5133 0.8403 -0.1745
vn 0.7027 -0.1140 0.7023
vn 0.9564 0.2474 0.1550
vn 0.8275 0.5391 0.1572
vn 0.5800 0.7969 0.1691
vn 0.5111 0.8571 -0.0646
vn -0.9903 -0.1164 0.0755
vn 0.8585 0.4784 0.1847
vn 0.0181 -0.9644 -0.2638
vn -0.3109 0.6955 -0.6478
vn -0.2867 0.7288 -0.6218
vn -0.6088 -0.6974 0.3781
vn -0.2232 0.7653 -0.6037
vn 0.8319 0.1641 0.5300
vn -0.6529 0.3968 0.6452
vn -0.5552 0.6562 -0.5110
vn 0.0840 0.6034 0.7930
vn -0.8373 -0.1552 0.5243
vn -0.6811 0.1647 -0.7134
vn 0.8721 0.1645 -0.4608
vn 0.8301 0.5567 -0.0339
vn 0.6391 0.7680 -0.0414
vn -0.6206 0.3929 0.6786
vn 0.6349 0.7726 -0.0001
vn 0.2432 -0.2014 0.9488
vn 0.5019 0.8647 0.0182
vn 0.6597 0.7173 -0.2242
vn 0.8356 -0.5307 -0.1418
vn 0.5190 0.4447 0.7300
vn -0.4180 -0.4738 0.7751
vn -0.7134 -0.0472 -0.6992
vn 0.4654 0.6741 -0.5736
vn -0.7009 0.4351 -0.5652
vn 0.2317 -0.9655 0.1185
vn 0.7292 -0.6614 0.1756
vn -0.4207 -0.5473 -0.7235
vn 0.1048 0.7589 -0.6428
vn 0.0858 0.7515 -0.6541
vn -0.8395 0.3641 0.4033
vn -0.3552 0.7467 -0.5624
vn 0.1236 0.8075 0.5768
vn 0.5666 0.5606 0.6039
vn -0.1650 -0.0607 -0.9844
vn 0.6096 0.7460 0.2683
vn -0.5552 -0.3854 0.7370
vn 0.7674 0.6385 0.0587
vn -0.0831 0.7926 -0.6041
vn 0.9825 0.0325 -0.1835
vn 0.9469 -0.0748 -0.3127
vn 0.4197 0.6212 -0.6618
vn 0.6813 -0.6860 0.2554
vn 0.0884 0.7281 -0.6798
vn 0.5937 0.3981 0.6993
vn -0.1045 -0.5420 -0.8339
vn -0.1661 -0.8804 0.4441
vn 0.4993 -0.6783 0.5391
vn -0.2726 0.7451 -0.6087
vn 0.5043 0.5341 0.6785
vn 0.6340 -0.2251 0.7399
vn 0.3229 0.9063 0.2726
vn 0.9825 0.1854 0.0164
vn -0.4080 -0.7601 -0.5057
vn 0.5453 0.4206 0.7251
vn -0.5863 0.2684 0.7643
vn -0.6100 -0.5168 0.6006
vn -0.4705 0.5718 -0.6721
vn 0.9230 -0.3821 -0.0460
vn -0.6722 0.7398 -0.0275
vn -0.7940 0.6034 0.0746
vn 0.0056 0.7366 -0.6763
vn -0.7748 -0.3720 0.5111
vn -0.3058 0.7397 -0.5995
vn 0.7774 -0.0545 0.6266
vn 0.8364 -0.3088 0.4529
vn -0.7237 -0.3092 0.6170
vn -0.7266 -0.4593 0.5110
vn -0.1347 -0.9073 0.3983
vn 0.3271 -0.6014 -0.7289
vn 0.6605 0.3431 0.6679
vn 0.6192 0.7804 -0.0876
vn 0.4882 0.6670 -0.5629
vn 0.3650 0.6694 -0.6470
vn -0.3775 -0.7947 0.4753
vn 0.2608 0.7148 -0.6489
vn 0.5073 -0.7200 0.4736
vn -0.7224 -0.3991 0.5646
vn -0.7748 -0.2185 0.5933
vn 0.6068 0.7809 -0.1480
vn -0.5248 0.7545 -0.3940
vn -0.6215 0.1468 -0.7695
vn -0.6757 0.2561 -0.6913
vn 0.5102 0.7832 -0.3555
vn -0.5740 -0.7126 0.4033
vn -0.6377 -0.5556 0.5336
vn 0.4744 0.4005 -0.7840
vn 0.3718 0.3526 -0.8587
vn 0.3530 0.3020 -0.8856
vn -0.1729 0.6774 0.7150
vn -0.6770 -0.6057 0.4180
vn 0.8298 0.5420 0.1330
vn -0.1463 -0.2336 0.9613
vn -0.2853 -0.6962 -0.6587
vn 0.4089 0.2307 -0.8829
vn 0.5920 0.0662 -0.8032
vn 0.6282 0.7667 0.1327
vn 0.5754 0.8171 0.0357
vn -0.6262 0.7751 -0.0837
vn 0.6022 0.7983 0.0047
vn -0.3448 0.6794 -0.6477
vn -0.3184 0.5552 0.7684
vn -0.4268 0.7372 0.5238
vn 0.0855 0.0176 -0.9962
vn -0.5786 -0.2566 -0.7742
vn -0.2677 -0.6855 0.6770
vn -0.2622 -0.7108 0.6527
vn -0.6326 0.6488 0.4229
vn -0.2947 0.7109 -0.6386
vn -0.3476 -0.3932 0.8512
vn 0.3220 -0.5837 0.7454
vn -0.0880 -0.7215 -0.6868
vn -0.7780 -0.0276 0.6277
vn -0.5399 0.1568 0.8270
vn -0.5748 0.8123 0.0984
vn -0.1148 0.1513 0.9818
vn 0.5145 0.7019 -0.4926
vn 0.0004 -0.7089 -0.7053
vn 0.0806 -0.6863 -0.7228
vn -0.6555 0.7150 -0.2430
vn 0.5237 0.7614 -0.3822
vn -0.9296 0.3017 0.2116
vn -0.2645 0.5927 0.7607
vn 0.4382 0.8757 0.2028
vn -0.6657 0.4714 -0.5785
vn -0.6911 0.4944 -0.5272
vn 0.7800 0.0006 -0.6257
vn -0.6176 0.2833 0.7337
vn -0.5350 0.1073 -0.8380
vn -0.3247 0.6321 0.7036
vn -0.1288 0.7595 0.6377
vn 0.6079 -0.3383 -0.7184
vn 0.5686 0.1859 0.8013
vn -0.5027 0.4982 0.7064
vn -0.7397 -0.6246 -0.2503
vn -0.5631 -0.7143 0.4156
vn 0.6981 0.6996 -0.1525
vn 0.6185 0.3532 0.7020
vn 0.6134 0.7894 0.0241
vn 0.6301 0.7744 0.0584
vn -0.6646 -0.5970 0.4494
vn -0.7337 -0.5041 0.4555
vn 0.4230 -0.1204 -0.8981
vn -0.5043 0.8603 0.0740
vn 0.6792 0.7339 0.0050
vn 0.7579 0.6475 -0.0797
vn -0.4979 -0.5622 -0.6603
vn 0.6084 -0.0606 -0.7913
vn 0.5403 0.4368 0.7192
vn 0.8407 -0.4745 0.2609
vn 0.3678 0.4003 0.8393
vn 0.4816 0.8470 -0.2252
vn -0.3360 0.7756 -0.5343
vn -0.7305 0.0394 0.6818
vn -0.5269 0.0552 0.8481
vn -0.7384 0.6732 0.0397
vn 0.5520 -0.2594 -0.7924
vn 0.2296 0.5085 0.8299
vn -0.7114 -0.0841 0.6977
vn 0.4617 -0.8133 0.3542
vn 0.3228 -0.5691 0.7563
vn 0.5711 -0.5284 -0.6282
vn -0.4793 0.6565 -0.5824
vn -0.6953 -0.4522 0.5587
vn -0.7080 0.4238 -0.5649
vn 0.6234 0.2825 0.7291
vn 0.5386 -0.4870 0.6876
vn -0.0873 -0.5564 -0.8263
vn 0.9705 0.2107 0.1172
vn 0.1358 0.7375 -0.6616
vn 0.7584 0.6516 0.0167
vn -0.6581 0.1676 -0.7341
vn 0.7440 0.2831 0.6053
vn 0.6239 0.7310 0.2762
vn 0.4831 0.8691 -0.1063
vn 0.5103 0.6222 -0.5937
vn -0.2312 0.2746 -0.9334
vn 0.6653 -0.6957 0.2708
vn 0.6494 0.4848 0.5858
vn 0.4959 0.4631 0.7346
vn -0.5904 0.5372 -0.6023
vn -0.1002 -0.0434 -0.9940
vn -0.6495 0.7596 0.0334
vn -0.0684 0.7963 -0.6010
vn 0.7278 0.5451 -0.4162
vn 0.6444 0.7160 -0.2686
vn 0.6371 0.7168 -0.2834
vn 0.0580 0.5564 0.8289
vn -0.8203 -0.3682 0.4377
vn -0.7090 -0.1889 0.6794
vn -0.5872 0.6668 -0.4588
vn -0.4754 0.7552 -0.4513
vn -0.4186 0.5840 0.6955
vn -0.7135 0.6166 0.3327
vn -0.2059 0.6214 0.7559
vn 0.4511 0.8420 -0.2960
vn 0.5426 0.6947 -0.4722
vn -0.3108 0.7371 -0.6001
vn 0.3523 -0.0289 0.9354
vn -0.2916 0.7821 -0.5507
vn -0.7218 -0.2782 0.6337
vn 0.7989 -0.0574 -0.5987
vn -0.5956 0.4909 0.6358
vn -0.5680 0.7308 0.3785
vn 0.6217 0.1278 -0.7727
vn -0.7696 -0.5667 -0.2941
vn -0.3781 0.7181 -0.5843
vn 0.2014 -0.8455 0.4946
vn 0.6963 -0.6784 0.2344
vn 0.4166 0.6389 -0.6468
vn -0.5545 -0.7381 0.3843
vn 0.5587 0.7017 -0.4420
vn -0.2478 0.0291 0.9684
vn 0.6572 0.7537 -0.0027
vn 0.6637 0.7385 -0.1187
vn 0.5795 -0.3322 0.7441
vn -0.6461 -0.5203 0.5584
vn -0.7349 -0.5738 0.3615
vn 0.0330 0.8586 -0.5116
vn -0.6037 -0.6373 -0.4790
vn -0.3928 0.7434 -0.5413
vn -0.0913 0.7372 -0.6695
vn 0.6598 -0.6555 -0.3674
vn 0.0775 0.7261 -0.6832
vn 0.2449 0.7241 -0.6448
vn -0.4360 0.5175 0.7363
vn -0.6804 -0.5705 0.4599
vn -0.5122 0.5921 -0.6221
vn -0.2138 -0.6856 -0.6959
vn 0.5887 0.6873 -0.4255
vn 0.7749 -0.5936 -0.2171
vn 0.5899 -0.8034 0.0807
vn -0.4115 -0.5655 -0.7148
vn 0.4691 0.5651 -0.6787
vn 0.5272 0.4748 -0.7048
vn 0.5853 0.4609 -0.6671
vn 0.1105 0.1307 -0.9852
vn -0.7389 0.3889 -0.5502
vn 0.5084 0.8608 0.0235
vn 0.1583 -0.6700 0.7253
vn 0.0506 -0.6513 0.7571
vn -0.5527 0.6059 -0.5722
vn -0.6482 0.7614 0.0100
vn -0.6848 0.7277 0.0383
vn 0.6967 0.1123 -0.7085
vn -0.7632 0.5896 0.2642
vn -0.7158 -0.4778 0.5092
vn 0.6968 -0.6918 -0.1897
vn 0.7632 -0.3132 0.5652
vn -0.1739 -0.5954 -0.7844
vn -0.1575 0.7530 -0.6389
vn 0.7145 0.5567 0.4238
vn 0.7462 0.6615 -0.0746
vn -0.7153 -0.4386 0.5440
vn 0.1212 0.7565 -0.6427
vn 0.8726 0.3528 -0.3378
vn 0.5741 -0.6166 -0.5387
vn 0.6770 -0.6962 0.2388
vn 0.4240 -0.4520 0.7848
vn -0.6137 0.7663 -0.1902
vn 0.6031 0.4915 0.6283
vn -0.3029 0.7681 -0.5642
vn 0.2009 0.6798 -0.7053
vn 0.5073 0.2320 0.8300
vn -0.6234 0.2819 0.7293
vn 0.7890 0.5930 0.1607
vn -0.4555 -0.2852 -0.8433
vn -0.6152 0.2476 -0.7484
vn 0.6787 -0.3822 0.6271
vn 0.6570 -0.3470 0.6693
vn -0.1188 0.8058 -0.5802
vn -0.3002 0.7835 -0.5441
vn 0.6690 0.6829 0.2935
vn 0.2419 0.7152 0.6557
vn 0.0049 0.8480 0.5300
vn -0.1400 -0.8085 0.5716
vn 0.2237 -0.7488 0.6239
vn 0.2837 -0.6039 0.7448
vn 0.5649 -0.7781 0.2747
vn 0.7507 -0.3605 0.5537
vn -0.2680 0.6210 -0.7365
vn 0.4666 0.5526 0.6906
vn 0.6800 -0.6928 -0.2400
vn -0.5058 0.6810 0.5296
vn -0.6575 -0.5498 -0.5151
vn -0.5246 -0.7201 0.4541
vn -0.1689 0.7526 -0.6364
vn -0.8267 0.5624 0.0136
vn 0.6379 -0.3221 0.6995
vn 0.7424 0.6332 0.2191
vn 0.0611 -0.6282 0.7756
vn 0.0426 0.9200 0.3896
vn 0.0672 -0.7400 0.6693
vn 0.5402 -0.1865 -0.8206
vn 0.5772 0.8166 -0.0045
vn -0.7394 0.6071 0.2910
vn -0.0219 0.8129 -0.5820
vn 0.0798 0.7380 -0.6700
vn 0.7416 0.6680 -0.0612
vn -0.8343 -0.4713 0.2859
vn 0.6527 0.7279 -0.2101
vn 0.6734 0.7149 -0.1881
vn 0.6313 -0.2312 0.7403
vn -0.6331 -0.5732 0.5202
vn 0.6529 0.7316 -0.1962
vn 0.2710 0.8432 -0.4643
vn 0.5430 0.7302 -0.4146
vn -0.6128 0.1620 0.7735
vn -0.6860 0.4493 -0.5723
vn -0.6819 0.4185 -0.5999
vn -0.7113 0.3978 0.5795
vn 0.3508 0.8653 -0.3581
vn -0.8124 -0.5673 -0.1349
vn 0.4580 -0.3778 0.8047
vn 0.4938 0.3928 0.7758
vn 0.4605 0.4300 0.7766
vn -0.2781 0.6878 0.6705
vn -0.5453 0.6227 0.5612
vn -0.2809 0.5672 0.7742
vn -0.2955 0.6445 0.7052
vn 0.2918 0.6971 -0.6549
vn 0.7144 0.6990 -0.0319
vn 0.8992 0.1790 -0.3994
vn -0.2268 0.7591 -0.6102
vn 0.6668 -0.4092 -0.6229
vn 0.4216 -0.8674 0.2642
vn 0.0709 0.6786 -0.7311
vn 0.8687 0.4545 -0.1972
vn 0.7250 0.6887 0.0022
vn -0.3560 0.7391 -0.5719
vn 0.1714 0.6850 -0.7081
vn 0.6050 -0.7470 0.2757
vn 0.5068 0.4384 0.7423
vn -0.4044 0.6749 0.6172
vn 0.7838 -0.6187 0.0541
vn -0.5015 0.6738 -0.5426
vn -0.5905 0.6263 -0.5091
vn 0.5530 0.1457 -0.8203
vn -0.7510 -0.4118 0.5162
vn 0.6512 -0.5324 -0.5408
vn 0.1660 -0.4608 -0.8718
vn -0.0014 -0.5541 -0.8324
vn 0.0533 -0.5060 -0.8609
vn 0.7482 0.0389 0.6623
vn 0.5752 0.8126 -0.0939
vn -0.5227 -0.3691 -0.7685
vn -0.4553 0.6131 -0.6456
vn -0.7128 0.4609 -0.5287
vn -0.2591 0.7372 -0.6240
vn -0.1303 0.8002 -0.5854
vn 0.8234 0.5530 0.1275
vn -0.3996 0.7346 -0.5484
vn -0.7148 0.3667 -0.5954
vn -0.6319 0.1072 -0.7676
vn -0.0283 -0.9461 0.3228
vn 0.3645 0.5694 0.7368
vn -0.0191 -0.6894 -0.7241
vn 0.7265 0.2209 0.6507
vn -0.4974 -0.5078 -0.7033
vn 0.6260 0.7795 -0.0210
vn -0.6356 -0.5436 0.5482
vn 0.3070 -0.6351 0.7088
vn 0.2809 -0.6548 0.7017
vn -0.6732 0.7344 -0.0859
vn -0.4398 -0.4021 0.8030
vn -0.7785 -0.5268 0.3413
vn 0.8032 -0.5528 0.2218
vn -0.6215 -0.4364 -0.6506
vn 0.6817 0.7315 0.0143
vn -0.4407 -0.7026 0.5586
vn 0.6719 0.7055 0.2254
vn 0.4311 -0.3724 0.8218
vn -0.1298 0.7564 -0.6411
vn 0.6452 0.2823 0.7099
vn -0.6944 -0.2621 0.6701
vn -0.1887 -0.5616 -0.8056
vn 0.8790 0.4756 -0.0331
vn -0.7026 0.6215 -0.3467
vn -0.8259 0.5591 0.0728
vn 0.4103 0.2733 -0.8700
vn 0.4830 0.3877 -0.7851
vn 0.9768 -0.0653 0.2041
vn -0.5055 0.5034 0.7007
vn -0.3311 0.9011 -0.2799
vn 0.4614 0.6475 -0.6065
vn -0.7604 0.2876 -0.5823
vn -0.5894 -0.2769 0.7589
vn 0.1024 0.5688 0.8161
vn 0.6861 0.7270 0.0281
vn -0.6125 -0.5077 0.6058
vn -0.4994 -0.6405 0.5835
vn -0.5597 -0.5598 0.6110
vn -0.6900 -0.5168 0.5068
vn -0.6426 0.5220 0.5609
vn -0.6619 0.4754 -0.5795
vn -0.2032 0.7633 -0.6132
vn 0.6747 0.1128 -0.7295
vn 0.6319 0.7739 -0.0412
vn 0.6190 0.7849 -0.0288
vn -0.4329 -0.6394 0.6354
vn 0.2460 0.1492 -0.9577
vn 0.4214 0.0233 -0.9066
vn 0.5051 0.8005 0.3227
vn -0.6676 0.6287 0.3988
vn 0.7109 0.3481 -0.6111
vn 0.3952 0.6999 -0.5950
vn 0.0219 0.6610 0.7501
vn 0.4991 -0.0559 -0.8647
vn 0.5514 -0.0729 -0.8311
vn -0.6324 -0.4469 0.6327
vn -0.6915 -0.5548 0.4626
vn -0.5993 -0.5977 0.5325
vn 0.3592 -0.4478 0.8188
vn 0.3985 0.6651 0.6316
vn 0.2916 0.3871 0.8747
vn 0.5711 0.8141 0.1051
vn -0.8277 0.0450 -0.5594
vn 0.5721 0.6521 -0.4975
vn 0.5732 0.6792 -0.4584
vn -0.1794 0.7519 -0.6344
vn 0.5830 -0.7283 0.3601
vn 0.4044 0.5947 0.6948
vn 0.5794 0.7599 -0.2948
vn 0.8008 0.5912 -0.0957
vn 0.6926 0.7030 -0.1617
vn -0.7440 0.6089 -0.2750
vn 0.7354 0.6351 -0.2363
vn 0.6480 0.7547 -0.1025
vn -0.8198 -0.3337 0.4653
vn 0.8205 -0.1806 0.5423
vn 0.8841 -0.0624 0.4631
vn 0.1226 0.6266 0.7696
vn 0.6696 -0.2349 0.7046
vn 0.6081 0.7172 -0.3404
vn 0.6018 0.5144 0.6110
vn -0.6907 -0.2626 0.6738
vn 0.8435 0.4989 0.1988
vn 0.6201 0.7804 -0.0801
vn -0.3038 0.7726 -0.5574
vn 0.6008 0.7497 0.2775
vn -0.0055 0.7020 0.7121
vn 0.4857 0.6620 -0.5709
vn -0.2311 0.7483 -0.6218
vn -0.6523 -0.6886 -0.3166
vn 0.8311 0.5532 0.0566
vn 0.5504 0.8117 -0.1957
vn 0.7768 -0.6099 0.1571
vn 0.7184 0.6414 0.2694
vn 0.5708 0.6532 -0.4976
vn 0.5293 0.4541 0.7166
vn 0.4709 -0.2607 0.8428
vn 0.6083 0.7542 -0.2473
vn 0.3369 0.7178 -0.6094
vn -0.3676 0.5180 0.7724
vn -0.2922 0.7460 -0.5984
vn -0.7975 -0.5223 0.3019
vn 0.1892 0.7598 -0.6220
vn -0.1358 0.7711 -0.6220
vn 0.7866 0.6175 -0.0053
vn -0.7051 -0.5422 0.4570
vn 0.1680 0.8071 -0.5660
vn 0.6299 0.7697 -0.1038
vn -0.4655 -0.2550 -0.8475
vn -0.8015 0.5974 -0.0253
vn -0.7471 -0.6646 0.0081
vn 0.1438 -0.5143 0.8455
vn -0.5684 -0.2815 0.7731
vn -0.5731 -0.7113 0.4070
vn -0.6186 0.7739 -0.1359
vn -0.1993 0.7586 -0.6203
vn 0.4266 0.4717 0.7717
vn -0.6987 -0.4868 0.5243
vn -0.2936 0.7813 0.5508
vn -0.4673 0.6144 0.6357
vn 0.7460 0.6659 0.0068
vn 0.2015 0.7437 -0.6374
vn 0.3341 0.2391 -0.9117
vn 0.2915 0.4179 -0.8605
vn 0.6154 0.7532 -0.2322
vn 0.0126 -0.5961 -0.8028
vn 0.6395 -0.6250 0.4477
vn 0.5544 0.3037 0.7748
vn -0.0916 0.7439 -0.6620
vn -0.6499 -0.5440 0.5308
vn -0.7849 -0.5245 0.3299
vn -0.7421 -0.5195 0.4236
vn -0.8236 -0.1582 0.5447
vn -0.6733 0.5257 0.5199
vn -0.2423 0.7397 0.6278
vn 0.1377 0.8052 -0.5768
vn 0.1387 0.7539 -0.6422
vn -0.2310 0.7885 -0.5700
vn -0.1331 0.6977 -0.7039
vn 0.6853 0.3252 -0.6517
vn -0.7245 0.1246 -0.6780
vn -0.4889 -0.6899 0.5338
vn 0.6290 0.7119 -0.3122
vn 0.6427 0.7071 -0.2949
vn 0.6241 0.7101 -0.3259
vn -0.6002 -0.7939 -0.0970
vn -0.6588 0.4752 0.5832
vn -0.6495 0.4323 0.6255
vn -0.6576 0.5368 -0.5285
vn -0.1940 -0.6353 -0.7475
vn -0.5561 0.8216 0.1249
vn -0.3263 0.7559 -0.5676
vn 0.1246 0.6855 -0.7173
vn -0.7111 0.4049 0.5748
vn 0.2277 0.8506 -0.4740
vn 0.1738 0.8607 -0.4785
vn 0.1758 0.8714 -0.4580
vn 0.4334 0.6266 -0.6477
vn 0.6878 0.7248 -0.0396
vn -0.2806 0.7264 -0.6273
vn -0.1406 0.7545 -0.6411
vn -0.1761 0.7450 -0.6434
vn -0.6720 -0.7387 -0.0511
vn -0.6742 -0.7338 -0.0831
vn -0.3200 0.7310 -0.6027
vn 0.7620 -0.1516 0.6296
vn -0.5296 -0.6263 0.5721
vn 0.3804 -0.4193 0.8243
vn 0.7586 0.6259 0.1807
vn -0.6226 0.5600 -0.5465
vn -0.5467 0.6040 -0.5799
vn 0.5825 0.7907 -0.1884
vn -0.2478 0.6312 0.7350
vn 0.6519 -0.5696 0.5006
vn 0.6128 -0.7508 0.2464
vn -0.0749 0.5874 0.8058
vn -0.7437 0.6474 -0.1667
vn -0.8075 0.1493 0.5707
vn 0.1941 0.7101 -0.6768
vn 0.8104 0.5298 0.2501
vn 0.5516 0.6967 -0.4586
vn -0.9542 -0.2734 0.1215
vn -0.8375 -0.3146 0.4468
vn 0.7946 0.3086 -0.5228
vn -0.5500 -0.4559 0.6998
vn -0.3538 -0.6589 0.6638
vn 0.6613 -0.0960 0.7439
vn 0.8382 0.5361 0.1000
vn -0.6909 0.5341 0.4872
vn -0.6962 -0.4700 0.5426
vn -0.6988 -0.4811 0.5293
vn -0.7083 -0.4922 0.5059
vn -0.3327 0.7372 -0.5881
vn 0.5772 0.2286 0.7840
vn 0.7345 0.4862 0.4734
vn -0.2125 0.7124 0.6688
vn -0.5151 -0.3108 0.7988
vn -0.5964 0.0423 -0.8016
vn -0.3533 0.0725 -0.9327
vn 0.5776 0.6769 0.4562
vn -0.7243 -0.6836 -0.0898
vn 0.4704 0.8506 -0.2350
vn -0.6622 -0.7244 -0.1916
vn 0.4595 0.8854 -0.0700
vn 0.7353 0.2841 -0.6153
vn -0.6872 0.4301 0.5855
vn -0.7489 -0.3214 0.5796
vn -0.6003 0.3690 0.7095
vn -0.7012 0.2928 0.6501
vn 0.0015 0.8000 -0.6000
vn 0.7658 0.5161 -0.3837
vn 0.6224 0.7141 -0.3203
vn -0.7207 0.6920 0.0414
vn -0.7385 -0.0713 0.6705
vn 0.6849 0.1069 -0.7207
vn 0.6148 0.7825 -0.0986
vn 0.5133 0.8243 0.2390
vn -0.1140 0.7786 -0.6171
vn 0.4924 -0.5427 0.6804
vn -0.2112 0.7448 -0.6329
vn -0.7060 -0.2166 0.6742
vn -0.6171 0.3390 0.7101
vn -0.3298 0.5455 0.7705
vn 0.7604 0.4355 -0.4818
vn 0.6224 0.7198 0.3073
vn -0.6788 0.7341 0.0193
vn 0.5920 0.7931 -0.1431
vn 0.6233 0.6271 -0.4672
vn 0.2790 0.5872 -0.7599
vn 0.1630 0.5612 -0.8114
vn 0.6089 0.6593 -0.4411
vn 0.6296 0.7737 0.0698
vn -0.7089 0.4247 -0.5631
vn 0.7585 -0.2419 0.6051
vn -0.8032 -0.4643 0.3734
vn -0.7685 -0.5071 0.3903
vn 0.6600 -0.6994 -0.2744
vn 0.7945 0.4903 0.3582
vn -0.6598 0.4485 -0.6029
vn 0.7953 0.4997 -0.3434
vn 0.7467 0.6550 -0.1162
vn -0.8393 0.3041 0.4507
vn -0.4161 -0.5742 -0.7051
vn -0.7827 -0.0894 -0.6159
vn 0.6369 0.7629 -0.1113
vn 0.6217 0.2045 0.7561
vn 0.2386 0.7179 -0.6539
vn 0.6464 0.7425 0.1755
vn -0.6559 0.7505 -0.0810
vn 0.4541 0.4343 -0.7779
vn -0.6788 0.6768 0.2851
vn -0.3537 0.7146 -0.6035
vn -0.7635 0.0370 0.6447
vn -0.6434 0.2086 0.7365
vn -0.3177 0.7335 -0.6009
vn 0.4078 0.7238 0.5567
vn 0.2822 0.7564 0.5901
vn 0.4907 0.2760 0.8265
vn 0.7299 0.1938 0.6555
vn 0.0591 -0.6161 -0.7855
vn 0.1579 -0.6739 -0.7218
vn -0.5799 0.6388 -0.5056
vn 0.4081 0.5984 0.6895
vn 0.7962 0.5771 0.1815
vn 0.4698 0.6665 -0.5789
vn 0.5793 0.7638 -0.2847
vn -0.5334 0.1090 0.8388
vn 0.7125 0.6922 0.1149
vn -0.6604 -0.5887 0.4661
vn -0.2766 0.7203 0.6361
vn -0.7224 0.6908 0.0308
vn 0.5136 0.6567 -0.5523
vn -0.8002 -0.0430 -0.5981
vn -0.2999 0.6544 0.6941
vn -0.1672 0.6891 0.7051
vn -0.6962 -0.4904 0.5243
vn 0.6306 -0.0048 0.7761
vn 0.6054 -0.7066 0.3664
vn 0.9225 -0.0831 0.3770
vn 0.5493 0.2290 0.8037
vn -0.3238 -0.7527 0.5732
vn 0.7376 0.3870 0.5534
vn 0.0116 -0.2711 0.9625
vn 0.5874 0.7921 0.1662
vn 0.2342 -0.4425 0.8657
vn 0.5257 -0.6452 0.5544
vn -0.1340 0.6287 0.7660
vn -0.2384 -0.6632 0.7094
vn -0.3379 0.6452 0.6852
vn 0.3801 0.3503 0.8560
vn -0.3968 0.6048 0.6905
vn -0.6323 -0.5896 0.5026
vn -0.2205 -0.5936 0.7739
vn 0.7087 0.7034 -0.0547
vn 0.7503 0.4163 0.5135
vn 0.2397 -0.3061 0.9213
vn 0.5291 -0.0690 0.8458
vn -0.5846 -0.5334 0.6113
vn 0.4425 0.8965 -0.0229
vn -0.0576 0.8161 -0.5750
vn 0.2984 -0.3839 -0.8738
vn 0.7343 0.1550 0.6609
vn -0.1963 0.7463 0.6360
vn -0.5058 0.4824 -0.7151
vn 0.9520 -0.1611 0.2601
vn 0.4545 0.8907 -0.0083
vn 0.8913 0.3406 -0.2993
vn 0.5983 -0.4879 0.6356
vn 0.5949 0.7459 -0.2994
vn 0.7182 -0.5189 -0.4636
vn 0.3399 -0.4896 0.8030
vn 0.4553 0.5658 0.6874
vn 0.4981 -0.6276 -0.5984
vt 0.056553 0.882072
vt 0.066158 0.890656
vt 0.066963 0.893866
vt 0.139659 0.753314
vt 0.139573 0.755627
vt 0.134835 0.752914
vt 0.415898 0.583815
vt 0.414064 0.586915
vt 0.414064 0.584526
vt 0.123101 0.659755
vt 0.122078 0.656677
vt 0.129973 0.659862
vt 0.441071 0.843724
vt 0.438850 0.841511
vt 0.440974 0.841235
vt 0.733628 0.537410
vt 0.726802 0.541349
vt 0.731239 0.535003
vt 0.943956 0.327407
vt 0.942679 0.331717
vt 0.939446 0.329410
vt 0.407240 0.634203
vt 0.404273 0.629562
vt 0.405638 0.626807
vt 0.603311 0.708215
vt 0.606251 0.703529
vt 0.607772 0.710654
vt 0.331771 0.727404
vt 0.328786 0.726345
vt 0.332727 0.724846
vt 0.088731 0.551813
vt 0.093702 0.549189
vt 0.096311 0.550810
vt 0.113703 0.715331
vt 0.113768 0.700394
vt 0.116113 0.705378
vt 0.640795 0.296073
vt 0.631720 0.298496
vt 0.631180 0.295986
vt 0.019305 0.899351
vt 0.017661 0.894675
vt 0.028429 0.905133
vt 0.750774 0.550440
vt 0.749068 0.549059
vt 0.750774 0.548260
vt 0.983043 0.128111
vt 0.989793 0.160216
vt 0.987454 0.158072
vt 0.430456 0.193863
vt 0.425467 0.195123
vt 0.428257 0.193739
vt 0.372313 0.774763
vt 0.370405 0.771970
vt 0.372313 0.772275
vt 0.439540 0.192844
vt 0.441466 0.190066
vt 0.448137 0.220172
vt 0.267719 0.764229
vt 0.270025 0.757269
vt 0.270025 0.765221
vt 0.415486 0.772625
vt 0.413645 0.770427
vt 0.415914 0.765172
vt 0.109059 0.726556
vt 0.108297 0.730952
vt 0.103315 0.728479
vt 0.041551 0.009156
vt 0.038557 0.011145
vt 0.036775 0.008728
vt 0.537098 0.759154
vt 0.536329 0.756961
vt 0.539410 0.761052
vt 0.619588 0.635242
vt 0.633768 0.658969
vt 0.618466 0.642795
vt 0.985155 0.336706
vt 0.985893 0.331838
vt 0.987437 0.334129
vt 0.649248 0.656963
vt 0.650911 0.657247
vt 0.651011 0.662240
vt 0.339921 0.743395
vt 0.341707 0.746112
vt 0.341767 0.748576
vt 0.414343 0.627205
vt 0.415920 0.624985
vt 0.415950 0.627527
vt 0.268078 0.775357
vt 0.269787 0.773487
vt 0.269787 0.775899
vt 0.260092 0.776045
vt 0.258297 0.773243
vt 0.260015 0.773758
vt 0.622080 0.051787
vt 0.616988 0.049698
vt 0.621856 0.050107
vt 0.262417 0.118208
vt 0.260009 0.118268
vt 0.264233 0.105662
vt 0.246217 0.773243
vt 0.244395 0.776063
vt 0.244469 0.773635
vt 0.438667 0.730593
vt 0.439423 0.726764
vt 0.443862 0.730351
vt 0.449040 0.228339
vt 0.450468 0.227321
vt 0.451338 0.229989
vt 0.607952 0.357344
vt 0.613081 0.356372
vt 0.608278 0.358797
vt 0.255885 0.768275
vt 0.253647 0.770828
vt 0.251560 0.770933
vt 0.369188 0.202763
vt 0.370436 0.171612
vt 0.371000 0.194936
vt 0.390143 0.251549
vt 0.386679 0.245009
vt 0.388354 0.244326
vt 0.414037 0.593706
vt 0.415819 0.588596
vt 0.415772 0.593486
vt 0.459183 0.269481
vt 0.459966 0.271651
vt 0.457713 0.271560
vt 0.356218 0.660008
vt 0.354458 0.660166
vt 0.354806 0.658600
vt 0.415908 0.603955
vt 0.414039 0.604052
vt 0.414028 0.601505
vt 0.284296 0.717682
vt 0.284653 0.719667
vt 0.279607 0.722464
vt 0.500439 0.301370
vt 0.502665 0.301123
vt 0.503592 0.303355
vt 0.795141 0.895843
vt 0.789331 0.896787
vt 0.796328 0.892966
vt 0.355635 0.664861
vt 0.359034 0.660504
vt 0.319734 0.549163
vt 0.325208 0.549431
vt 0.320726 0.551356
vt 0.029398 0.599580
vt 0.032531 0.597275
vt 0.030669 0.602078
vt 0.345480 0.777175
vt 0.346898 0.772595
vt 0.347438 0.777126
vt 0.342291 0.767771
vt 0.341086 0.765554
vt 0.343008 0.765484
vt 0.490225 0.360547
vt 0.493046 0.362065
vt 0.492274 0.369870
vt 0.415596 0.755886
vt 0.413533 0.760356
vt 0.113416 0.744638
vt 0.113319 0.746190
vt 0.110970 0.746464
vt 0.111264 0.741691
vt 0.113062 0.742726
vt 0.525187 0.042853
vt 0.527271 0.043962
vt 0.526362 0.046030
vt 0.909656 0.333246
vt 0.911245 0.335969
vt 0.908836 0.335042
vt 0.779223 0.521690
vt 0.777507 0.524420
vt 0.775327 0.519604
vt 0.775015 0.544278
vt 0.775033 0.534870
vt 0.777220 0.541599
vt 0.257117 0.595121
vt 0.264788 0.586936
vt 0.259633 0.601228
vt 0.267858 0.748411
vt 0.268413 0.745889
vt 0.270052 0.746178
vt 0.533348 0.748402
vt 0.530280 0.744307
vt 0.532883 0.746310
vt 0.390846 0.774699
vt 0.392614 0.777062
vt 0.390833 0.777229
vt 0.388902 0.771599
vt 0.390833 0.774453
vt 0.388902 0.774061
vt 0.973002 0.121664
vt 0.970844 0.121361
vt 0.972639 0.119637
vt 0.408376 0.639130
vt 0.410906 0.641291
vt 0.409034 0.641560
vt 0.488196 0.872479
vt 0.485418 0.871299
vt 0.487630 0.870307
vt 0.256402 0.775895
vt 0.258297 0.775743
vt 0.306430 0.739975
vt 0.309382 0.737916
vt 0.307489 0.745317
vt 0.295637 0.625654
vt 0.290912 0.639702
vt 0.281317 0.626420
vt 0.536535 0.610350
vt 0.500793 0.592927
vt 0.532675 0.600663
vt 0.446294 0.836691
vt 0.444120 0.831814
vt 0.446712 0.831889
vt 0.110204 0.653316
vt 0.112628 0.653092
vt 0.112944 0.655059
vt 0.491763 0.917294
vt 0.491707 0.919029
vt 0.489141 0.917529
vt 0.541441 0.389933
vt 0.544169 0.390580
vt 0.540500 0.392175
vt 0.396886 0.770398
vt 0.398607 0.772598
vt 0.396290 0.775145
vt 0.069772 0.597845
vt 0.072208 0.600380
vt 0.067860 0.603737
vt 0.388771 0.744915
vt 0.388872 0.747470
vt 0.386330 0.742544
vt 0.484546 0.197619
vt 0.491709 0.194983
vt 0.494769 0.199494
vt 0.448398 0.838668
vt 0.448942 0.836779
vt 0.286967 0.692018
vt 0.289397 0.694122
vt 0.287257 0.696832
vt 0.251660 0.773243
vt 0.249781 0.775899
vt 0.249799 0.773406
vt 0.516700 0.433251
vt 0.513285 0.424806
vt 0.519755 0.429016
vt 0.113401 0.523648
vt 0.103264 0.525647
vt 0.103047 0.518005
vt 0.588271 0.852116
vt 0.585769 0.853976
vt 0.592366 0.845439
vt 0.101081 0.675197
vt 0.102670 0.675618
vt 0.102704 0.677563
vt 0.516814 0.381622
vt 0.519369 0.383259
vt 0.517386 0.383608
vt 0.774220 0.549867
vt 0.775468 0.546670
vt 0.280639 0.774146
vt 0.282670 0.774512
vt 0.282636 0.776942
vt 0.328290 0.741870
vt 0.330950 0.735411
vt 0.337225 0.735713
vt 0.111423 0.715554
vt 0.113947 0.717826
vt 0.111780 0.718102
vt 0.065906 0.634146
vt 0.067913 0.633384
vt 0.067982 0.635744
vt 0.950394 0.301047
vt 0.949811 0.298197
vt 0.951348 0.298750
vt 0.389267 0.762802
vt 0.391578 0.760264
vt 0.389865 0.771599
vt 0.051636 0.807939
vt 0.042217 0.805073
vt 0.044589 0.805491
vt 0.855826 0.430312
vt 0.853464 0.429414
vt 0.854179 0.427731
vt 0.415837 0.572458
vt 0.414221 0.567631
vt 0.415830 0.567197
vt 0.763294 0.551294
vt 0.765218 0.548680
vt 0.765218 0.551065
vt 0.077119 0.632261
vt 0.078916 0.629854
vt 0.079623 0.631670
vt 0.319612 0.771214
vt 0.321537 0.773346
vt 0.319233 0.775904
vt 0.444824 0.857670
vt 0.443694 0.859615
vt 0.443018 0.857461
vt 0.513694 0.054138
vt 0.514431 0.056637
vt 0.512588 0.056974
vt 0.314479 0.771490
vt 0.312504 0.775480
vt 0.312504 0.770810
vt 0.314197 0.547860
vt 0.312485 0.550347
vt 0.312392 0.547748
vt 0.074309 0.636319
vt 0.071537 0.637939
vt 0.072092 0.635569
vt 0.459363 0.890880
vt 0.446567 0.908257
vt 0.439795 0.903180
vt 0.085290 0.635237
vt 0.087184 0.634919
vt 0.087896 0.637349
vt 0.573489 0.794792
vt 0.582734 0.796460
vt 0.582324 0.798630
vt 0.338625 0.763800
vt 0.341043 0.759902
vt 0.343519 0.761382
vt 0.724983 0.546886
vt 0.726401 0.546774
vt 0.727800 0.548826
vt 0.724822 0.549130
vt 0.103564 0.545897
vt 0.098667 0.548327
vt 0.098719 0.546849
vt 0.949482 0.316430
vt 0.946880 0.318571
vt 0.947634 0.316260
vt 0.108711 0.738822
vt 0.108904 0.741456
vt 0.106105 0.738947
vt 0.594621 0.190217
vt 0.580968 0.164896
vt 0.642345 0.173116
vt 0.043213 0.558657
vt 0.083744 0.554770
vt 0.063446 0.564553
vt 0.072656 0.633158
vt 0.069471 0.630210
vt 0.071961 0.630568
vt 0.074273 0.629673
vt 0.074190 0.631127
vt 0.853320 0.410703
vt 0.857430 0.407424
vt 0.861370 0.410239
vt 0.335921 0.720820
vt 0.337628 0.723047
vt 0.761300 0.551294
vt 0.763284 0.548757
vt 0.763294 0.551285
vt 0.405798 0.709428
vt 0.405690 0.706936
vt 0.407452 0.712352
vt 0.500475 0.862687
vt 0.502589 0.860505
vt 0.511134 0.863139
vt 0.447792 0.221857
vt 0.445848 0.220629
vt 0.366967 0.743623
vt 0.353158 0.752445
vt 0.355657 0.733572
vt 0.029308 0.192740
vt 0.028078 0.156950
vt 0.240213 0.288524
vt 0.104234 0.836912
vt 0.095901 0.846427
vt 0.080568 0.860630
vt 0.495155 0.361065
vt 0.492575 0.359858
vt 0.497065 0.358146
vt 0.435223 0.857110
vt 0.436349 0.855254
vt 0.403563 0.768510
vt 0.403713 0.762453
vt 0.405303 0.765264
vt 0.396417 0.750677
vt 0.401435 0.747808
vt 0.396889 0.753177
vt 0.284889 0.776345
vt 0.286739 0.773692
vt 0.286733 0.776142
vt 0.489925 0.869461
vt 0.489719 0.867990
vt 0.492006 0.867076
vt 0.298983 0.774877
vt 0.300773 0.771962
vt 0.300773 0.774383
vt 0.502339 0.061748
vt 0.501910 0.059491
vt 0.505056 0.058188
vt 0.300774 0.774498
vt 0.302713 0.772213
vt 0.302718 0.774735
vt 0.284947 0.758284
vt 0.286588 0.758866
vt 0.286617 0.761191
vt 0.840173 0.611184
vt 0.872269 0.607380
vt 0.861608 0.622992
vt 0.003545 0.391897
vt 0.000612 0.384546
vt 0.002308 0.384461
vt 0.695448 0.577360
vt 0.698615 0.573548
vt 0.700157 0.574422
vt 0.317255 0.545412
vt 0.317227 0.549808
vt 0.892502 0.398906
vt 0.892007 0.396621
vt 0.893953 0.397119
vt 0.779775 0.056184
vt 0.779713 0.058057
vt 0.769634 0.059433
vt 0.254500 0.775874
vt 0.256402 0.773243
vt 0.256334 0.775812
vt 0.781260 0.500344
vt 0.779959 0.502628
vt 0.778463 0.501208
vt 0.342653 0.588595
vt 0.349475 0.597894
vt 0.340798 0.596323
vt 0.101758 0.690471
vt 0.099269 0.687642
vt 0.101125 0.687901
vt 0.772473 0.911149
vt 0.769935 0.911708
vt 0.768804 0.906021
vt 0.667375 0.862837
vt 0.670194 0.867853
vt 0.662555 0.870302
vt 0.421697 0.676074
vt 0.418413 0.665981
vt 0.419829 0.661037
vt 0.480202 0.254110
vt 0.478558 0.254873
vt 0.475423 0.250874
vt 0.414168 0.775755
vt 0.415914 0.772805
vt 0.415700 0.775369
vt 0.414068 0.593706
vt 0.415953 0.598869
vt 0.414056 0.598777
vt 0.168263 0.538082
vt 0.170761 0.538001
vt 0.168863 0.539607
vt 0.376316 0.776776
vt 0.378015 0.774716
vt 0.377977 0.777110
vt 0.502174 0.192562
vt 0.504250 0.189728
vt 0.499308 0.197460
vt 0.423853 0.707946
vt 0.421823 0.705757
vt 0.423825 0.705576
vt 0.949503 0.311779
vt 0.951989 0.301549
vt 0.954464 0.304907
vt 0.516778 0.166129
vt 0.519062 0.161303
vt 0.518696 0.166332
vt 0.734901 0.530053
vt 0.735301 0.532742
vt 0.731034 0.529157
vt 0.873343 0.412891
vt 0.887496 0.400198
vt 0.877611 0.409490
vt 0.763770 0.543528
vt 0.764932 0.540619
vt 0.765816 0.543105
vt 0.064622 0.625555
vt 0.065697 0.619091
vt 0.066859 0.623236
vt 0.302891 0.770881
vt 0.304457 0.770810
vt 0.304492 0.772542
vt 0.464309 0.239407
vt 0.462656 0.240165
vt 0.457427 0.231500
vt 0.457365 0.093992
vt 0.452919 0.093665
vt 0.463778 0.089319
vt 0.370395 0.770047
vt 0.370405 0.772496
vt 0.368722 0.773069
vt 0.455113 0.236203
vt 0.453184 0.236924
vt 0.453222 0.231562
vt 0.254097 0.604575
vt 0.257916 0.605803
vt 0.257370 0.608217
vt 0.702492 0.217938
vt 0.701905 0.203967
vt 0.714696 0.186510
vt 0.725458 0.550953
vt 0.727800 0.551246
vt 0.775479 0.513683
vt 0.777190 0.511038
vt 0.777190 0.513504
vt 0.752295 0.541955
vt 0.748175 0.535055
vt 0.753894 0.538616
vt 0.297116 0.771962
vt 0.298954 0.774926
vt 0.297116 0.774471
vt 0.739910 0.551105
vt 0.742251 0.548524
vt 0.741904 0.550741
vt 0.415933 0.611513
vt 0.414257 0.610562
vt 0.415761 0.609362
vt 0.414409 0.638295
vt 0.415957 0.635625
vt 0.415844 0.638093
vt 0.414354 0.604240
vt 0.415944 0.609242
vt 0.414028 0.609362
vt 0.288980 0.740765
vt 0.290874 0.740466
vt 0.290702 0.743011
vt 0.356464 0.772822
vt 0.358197 0.773114
vt 0.358217 0.775631
vt 0.982266 0.320400
vt 0.978835 0.317726
vt 0.982629 0.317949
vt 0.257939 0.707925
vt 0.258899 0.712876
vt 0.256334 0.708789
vt 0.759661 0.058373
vt 0.764754 0.055760
vt 0.764524 0.057573
vt 0.252467 0.718210
vt 0.251458 0.721009
vt 0.251116 0.718585
vt 0.415903 0.552657
vt 0.414171 0.553035
vt 0.414028 0.550583
vt 0.772802 0.483812
vt 0.769916 0.480820
vt 0.771690 0.481108
vt 0.363791 0.773736
vt 0.361863 0.772259
vt 0.363939 0.771113
vt 0.069728 0.615806
vt 0.072960 0.619983
vt 0.068131 0.618752
vt 0.041844 0.567862
vt 0.043257 0.582630
vt 0.031927 0.569161
vt 0.030509 0.862468
vt 0.026760 0.859462
vt 0.030668 0.861901
vt 0.547588 0.029457
vt 0.547238 0.017077
vt 0.550680 0.031274
vt 0.777203 0.516409
vt 0.775479 0.513682
vt 0.777203 0.513890
vt 0.287615 0.770308
vt 0.289412 0.769992
vt 0.289468 0.772431
vt 0.468477 0.749775
vt 0.476674 0.756782
vt 0.474432 0.762009
vt 0.498393 0.084948
vt 0.488848 0.085353
vt 0.487691 0.078776
vt 0.347743 0.723219
vt 0.345399 0.726166
vt 0.346022 0.720836
vt 0.065769 0.609043
vt 0.068584 0.610817
vt 0.066027 0.611331
vt 0.314500 0.775662
vt 0.316668 0.770810
vt 0.316642 0.775063
vt 0.500802 0.425294
vt 0.498322 0.426575
vt 0.497235 0.424135
vt 0.376153 0.760034
vt 0.380123 0.760416
vt 0.377533 0.762557
vt 0.372416 0.774440
vt 0.374230 0.772234
vt 0.374230 0.774719
vt 0.544433 0.012480
vt 0.544002 0.005252
vt 0.546542 0.002778
vt 0.180800 0.037795
vt 0.178460 0.036405
vt 0.188063 0.034825
vt 0.306189 0.771308
vt 0.307932 0.773147
vt 0.305987 0.773765
vt 0.827725 0.578886
vt 0.823164 0.576496
vt 0.826439 0.575767
vt 0.175442 0.640497
vt 0.163453 0.638422
vt 0.157459 0.621637
vt 0.755397 0.548591
vt 0.757360 0.551240
vt 0.755397 0.551164
vt 0.054989 0.649000
vt 0.067072 0.647100
vt 0.072890 0.659351
vt 0.294963 0.707720
vt 0.295218 0.710573
vt 0.293079 0.708180
vt 0.074167 0.634343
vt 0.074579 0.632457
vt 0.756913 0.541244
vt 0.758031 0.536096
vt 0.761816 0.543420
vt 0.660985 0.539041
vt 0.687675 0.533531
vt 0.668705 0.544837
vt 0.080033 0.634141
vt 0.082033 0.636106
vt 0.079895 0.636635
vt 0.021129 0.751885
vt 0.024040 0.756257
vt 0.022352 0.760184
vt 0.735501 0.548083
vt 0.737462 0.551105
vt 0.735463 0.551039
vt 0.338596 0.771512
vt 0.340746 0.776152
vt 0.338596 0.775552
vt 0.734950 0.558402
vt 0.727256 0.557105
vt 0.725800 0.551304
vt 0.594752 0.705620
vt 0.597563 0.707855
vt 0.595478 0.707780
vt 0.333515 0.552302
vt 0.333813 0.555897
vt 0.331578 0.552269
vt 0.524899 0.738754
vt 0.525052 0.740756
vt 0.520260 0.740625
vt 0.310392 0.771121
vt 0.311946 0.770810
vt 0.312504 0.773269
vt 0.302553 0.626302
vt 0.301907 0.628348
vt 0.297831 0.626490
vt 0.104527 0.676232
vt 0.730304 0.547938
vt 0.732433 0.550060
vt 0.730515 0.551105
vt 0.082539 0.638682
vt 0.082738 0.636863
vt 0.549043 0.376104
vt 0.549757 0.378024
vt 0.547291 0.378317
vt 0.286925 0.773692
vt 0.285286 0.773345
vt 0.284889 0.770933
vt 0.356268 0.695696
vt 0.353412 0.695798
vt 0.353877 0.693465
vt 0.492800 0.372202
vt 0.494595 0.369237
vt 0.359892 0.772557
vt 0.358217 0.772714
vt 0.358660 0.770351
vt 0.384403 0.774082
vt 0.386010 0.771802
vt 0.386151 0.776705
vt 0.698428 0.889071
vt 0.690725 0.890886
vt 0.690628 0.888543
vt 0.759200 0.551198
vt 0.757360 0.548801
vt 0.759268 0.548591
vt 0.407572 0.768088
vt 0.411589 0.758240
vt 0.413101 0.760732
vt 0.450166 0.087749
vt 0.448875 0.084639
vt 0.452201 0.086916
vt 0.247989 0.775754
vt 0.246282 0.773593
vt 0.247989 0.773243
vt 0.534462 0.019911
vt 0.531809 0.014781
vt 0.539864 0.008670
vt 0.381615 0.774815
vt 0.379798 0.771970
vt 0.381342 0.772336
vt 0.736719 0.483056
vt 0.742415 0.480126
vt 0.746535 0.484994
vt 0.296007 0.673947
vt 0.298848 0.672195
vt 0.298096 0.674459
vt 0.094004 0.651249
vt 0.097711 0.653584
vt 0.093333 0.655451
vt 0.407076 0.717455
vt 0.407452 0.719973
vt 0.405764 0.719928
vt 0.443585 0.838834
vt 0.438657 0.836522
vt 0.436903 0.731745
vt 0.446344 0.740606
vt 0.417779 0.738462
vt 0.068619 0.638105
vt 0.414191 0.553335
vt 0.415931 0.560589
vt 0.414173 0.560932
vt 0.089091 0.661336
vt 0.087294 0.658384
vt 0.092806 0.657597
vt 0.634560 0.307621
vt 0.633273 0.303224
vt 0.642134 0.305955
vt 0.445214 0.738298
vt 0.448451 0.739575
vt 0.248682 0.729320
vt 0.248817 0.727693
vt 0.250955 0.727358
vt 0.130349 0.621656
vt 0.148686 0.640737
vt 0.137144 0.630110
vt 0.247989 0.776064
vt 0.249782 0.773243
vt 0.249782 0.775614
vt 0.761667 0.517456
vt 0.754718 0.525402
vt 0.755633 0.517442
vt 0.983916 0.033825
vt 0.979457 0.030128
vt 0.991475 0.025228
vt 0.406471 0.694920
vt 0.405567 0.699665
vt 0.402629 0.694885
vt 0.724848 0.103372
vt 0.725829 0.100350
vt 0.750957 0.131543
vt 0.521690 0.387222
vt 0.519116 0.381144
vt 0.776530 0.485211
vt 0.777912 0.483175
vt 0.778382 0.488006
vt 0.288250 0.746792
vt 0.286720 0.746453
vt 0.286178 0.741626
vt 0.744623 0.542030
vt 0.743660 0.545803
vt 0.739691 0.545453
vt 0.414082 0.572922
vt 0.415818 0.573386
vt 0.415898 0.575816
vt 0.159882 0.529233
vt 0.157486 0.530143
vt 0.156846 0.528115
vt 0.252676 0.775978
vt 0.254500 0.773243
vt 0.254495 0.775704
vt 0.448670 0.094352
vt 0.450693 0.094308
vt 0.450874 0.098404
vt 0.727800 0.547403
vt 0.730289 0.550915
vt 0.046172 0.464558
vt 0.043566 0.460239
vt 0.038864 0.448432
vt 0.753418 0.544130
vt 0.754515 0.541049
vt 0.754858 0.543394
vt 0.278588 0.770106
vt 0.276175 0.775226
vt 0.276322 0.769271
vt 0.123037 0.680795
vt 0.120323 0.693164
vt 0.123230 0.678410
vt 0.510689 0.009114
vt 0.511528 0.024320
vt 0.508926 0.024022
vt 0.733216 0.516447
vt 0.732282 0.512590
vt 0.737700 0.516580
vt 0.012032 0.798664
vt 0.002236 0.805294
vt 0.001536 0.799884
vt 0.440977 0.187748
vt 0.439083 0.190302
vt 0.559059 0.665988
vt 0.560560 0.660908
vt 0.561015 0.666166
vt 0.400396 0.701976
vt 0.401311 0.703760
vt 0.399692 0.703746
vt 0.450070 0.234911
vt 0.451438 0.232404
vt 0.755429 0.055031
vt 0.752525 0.057427
vt 0.751234 0.055680
vt 0.379042 0.729468
vt 0.376740 0.724703
vt 0.386294 0.710376
vt 0.100420 0.723711
vt 0.100946 0.728685
vt 0.093817 0.719127
vt 0.505972 0.074491
vt 0.501509 0.075941
vt 0.501078 0.074066
vt 0.291277 0.775080
vt 0.293336 0.777448
vt 0.291501 0.780093
vt 0.140821 0.784707
vt 0.142301 0.787457
vt 0.140671 0.791528
vt 0.411205 0.731513
vt 0.409435 0.729272
vt 0.411566 0.729106
vt 0.764815 0.540530
vt 0.763127 0.538169
vt 0.764987 0.538067
vt 0.378015 0.772026
vt 0.379797 0.774679
vt 0.378015 0.774890
vt 0.262527 0.725016
vt 0.259836 0.723326
vt 0.260763 0.720349
vt 0.247206 0.717673
vt 0.249234 0.719196
vt 0.247339 0.719914
vt 0.598833 0.374713
vt 0.602814 0.371101
vt 0.603512 0.372966
vt 0.113366 0.662149
vt 0.115815 0.660130
vt 0.116067 0.662498
vt 0.768994 0.541566
vt 0.767400 0.543213
vt 0.768482 0.537460
vt 0.735463 0.549993
vt 0.732689 0.548004
vt 0.735334 0.548027
vt 0.747364 0.099727
vt 0.744754 0.058339
vt 0.755397 0.537821
vt 0.751635 0.533852
vt 0.752694 0.533143
vt 0.593982 0.835311
vt 0.589394 0.831484
vt 0.592194 0.832665
vt 0.661064 0.832221
vt 0.663753 0.819748
vt 0.670420 0.814871
vt 0.414343 0.630428
vt 0.415957 0.627527
vt 0.415886 0.629985
vt 0.260146 0.775817
vt 0.261877 0.773376
vt 0.261877 0.776069
vt 0.003772 0.376762
vt 0.012322 0.392793
vt 0.451651 0.915058
vt 0.456025 0.916258
vt 0.454142 0.917556
vt 0.414281 0.635625
vt 0.415957 0.633065
vt 0.415957 0.635553
vt 0.398273 0.323969
vt 0.399167 0.321703
vt 0.400246 0.323775
vt 0.312888 0.452092
vt 0.310095 0.450767
vt 0.322652 0.448500
vt 0.501996 0.085015
vt 0.500459 0.084948
vt 0.500328 0.082566
vt 0.428810 0.716259
vt 0.427944 0.714626
vt 0.434381 0.721170
vt 0.684297 0.584981
vt 0.689106 0.582157
vt 0.686083 0.586291
vt 0.016284 0.133234
vt 0.135678 0.053494
vt 0.454356 0.087273
vt 0.452643 0.090094
vt 0.453053 0.089057
vt 0.271962 0.776799
vt 0.272907 0.771827
vt 0.274337 0.774226
vt 0.113913 0.684552
vt 0.111363 0.676974
vt 0.111508 0.674739
vt 0.688836 0.300959
vt 0.689666 0.303290
vt 0.687362 0.303734
vt 0.398369 0.709630
vt 0.399402 0.706903
vt 0.402958 0.707726
vt 0.907663 0.011440
vt 0.827890 0.040500
vt 0.909414 0.008755
vt 0.733646 0.539763
vt 0.729430 0.544128
vt 0.572140 0.001767
vt 0.571727 0.000127
vt 0.574204 0.000280
vt 0.257655 0.622918
vt 0.255580 0.622622
vt 0.257099 0.617910
vt 0.624343 0.355189
vt 0.626461 0.352484
vt 0.629367 0.355442
vt 0.754533 0.550538
vt 0.752712 0.548774
vt 0.754533 0.548119
vt 0.308214 0.775849
vt 0.310362 0.770966
vt 0.310392 0.776065
vt 0.625512 0.617592
vt 0.624095 0.620233
vt 0.623615 0.617779
vt 0.405601 0.368842
vt 0.403609 0.335434
vt 0.414237 0.357944
vt 0.980057 0.088004
vt 0.984103 0.093336
vt 0.984284 0.098316
vt 0.333585 0.728647
vt 0.332014 0.730099
vt 0.460305 0.832418
vt 0.463720 0.836878
vt 0.457174 0.835306
vt 0.344154 0.710146
vt 0.337420 0.715321
vt 0.330094 0.700189
vt 0.379860 0.224171
vt 0.381455 0.223468
vt 0.325537 0.669881
vt 0.323618 0.672067
vt 0.316782 0.663798
vt 0.415877 0.578898
vt 0.414203 0.583196
vt 0.414203 0.578285
vt 0.520724 0.566393
vt 0.520869 0.568359
vt 0.518165 0.568371
vt 0.404814 0.771202
vt 0.402952 0.771142
vt 0.403455 0.768697
vt 0.515523 0.007418
vt 0.517966 0.007496
vt 0.517862 0.014793
vt 0.267688 0.745889
vt 0.269467 0.733613
vt 0.269417 0.745444
vt 0.319829 0.554207
vt 0.326381 0.551743
vt 0.356442 0.682429
vt 0.360697 0.687900
vt 0.417057 0.723651
vt 0.419786 0.718602
vt 0.421850 0.720835
vt 0.459553 0.873474
vt 0.461813 0.871772
vt 0.460805 0.874361
vt 0.481643 0.756859
vt 0.484041 0.753999
vt 0.501727 0.759410
vt 0.907095 0.444412
vt 0.903765 0.441918
vt 0.917051 0.447601
vt 0.424879 0.371373
vt 0.424425 0.368963
vt 0.426807 0.371385
vt 0.328348 0.550897
vt 0.326978 0.548769
vt 0.681481 0.275397
vt 0.674095 0.274670
vt 0.681359 0.272855
vt 0.340337 0.769528
vt 0.338829 0.770205
vt 0.338596 0.767884
vt 0.448909 0.092386
vt 0.436844 0.393913
vt 0.438885 0.398348
vt 0.437188 0.398503
vt 0.752018 0.530756
vt 0.549291 0.047184
vt 0.544926 0.045591
vt 0.547755 0.043458
vt 0.709663 0.568321
vt 0.706388 0.569357
vt 0.707890 0.567302
vt 0.063211 0.884338
vt 0.067932 0.885627
vt 0.066322 0.887170
vt 0.302401 0.451001
vt 0.307784 0.452604
vt 0.283356 0.457407
vt 0.660976 0.603553
vt 0.655047 0.623572
vt 0.653149 0.622863
vt 0.480258 0.073757
vt 0.477612 0.076721
vt 0.476430 0.070959
vt 0.263121 0.740980
vt 0.264016 0.737605
vt 0.265404 0.743268
vt 0.284679 0.747764
vt 0.286299 0.746792
vt 0.286404 0.749033
vt 0.798655 0.056925
vt 0.814693 0.049781
vt 0.817929 0.048937
vt 0.767084 0.551063
vt 0.771050 0.548600
vt 0.770848 0.551063
vt 0.099837 0.655959
vt 0.099667 0.653480
vt 0.360107 0.092414
vt 0.362781 0.094654
vt 0.355386 0.090201
vt 0.422169 0.580541
vt 0.421226 0.578573
vt 0.423054 0.578412
vt 0.031179 0.612277
vt 0.032533 0.607227
vt 0.034379 0.609569
vt 0.355474 0.667129
vt 0.352512 0.672004
vt 0.353594 0.666717
vt 0.768329 0.361470
vt 0.764775 0.357432
vt 0.771417 0.360785
vt 0.271887 0.646578
vt 0.268611 0.647559
vt 0.270083 0.645758
vt 0.514182 0.170880
vt 0.516466 0.168672
vt 0.516160 0.171212
vt 0.748249 0.530881
vt 0.750571 0.531229
vt 0.253552 0.720440
vt 0.257580 0.721642
vt 0.253533 0.722816
vt 0.259861 0.759991
vt 0.260030 0.762358
vt 0.257970 0.763043
vt 0.330066 0.550396
vt 0.329690 0.552906
vt 0.744450 0.056492
vt 0.746637 0.055633
vt 0.273579 0.766686
vt 0.270549 0.761625
vt 0.272732 0.761641
vt 0.285477 0.722646
vt 0.287469 0.719749
vt 0.289241 0.722205
vt 0.613878 0.771087
vt 0.619498 0.778713
vt 0.620444 0.793167
vt 0.994631 0.216559
vt 0.996031 0.212968
vt 0.994654 0.214580
vt 0.551274 0.388682
vt 0.570897 0.384912
vt 0.471067 0.851084
vt 0.473192 0.848334
vt 0.484329 0.853777
vt 0.411727 0.711859
vt 0.409931 0.717138
vt 0.408266 0.714555
vt 0.112818 0.690157
vt 0.116130 0.700293
vt 0.414353 0.624141
vt 0.415950 0.622090
vt 0.415950 0.624605
vt 0.017080 0.257245
vt 0.011806 0.244631
vt 0.014318 0.217328
vt 0.338887 0.733589
vt 0.341534 0.736011
vt 0.341291 0.738535
vt 0.618366 0.266413
vt 0.602904 0.282905
vt 0.617097 0.259353
vt 0.653182 0.685337
vt 0.655569 0.695476
vt 0.653969 0.695793
vt 0.414114 0.567197
vt 0.415872 0.561197
vt 0.415866 0.566766
vt 0.351782 0.772280
vt 0.353719 0.772676
vt 0.353094 0.774955
vt 0.744319 0.550685
vt 0.742749 0.548852
vt 0.744319 0.548205
vt 0.451615 0.236724
vt 0.414472 0.646755
vt 0.415833 0.643966
vt 0.415833 0.646473
vt 0.128515 0.550356
vt 0.118487 0.548611
vt 0.119500 0.546381
vt 0.675279 0.808887
vt 0.676428 0.806616
vt 0.678053 0.807293
vt 0.384346 0.774445
vt 0.382531 0.772233
vt 0.384403 0.771970
vt 0.810805 0.907777
vt 0.812697 0.881706
vt 0.499378 0.050509
vt 0.495847 0.048566
vt 0.496254 0.046579
vt 0.504630 0.403247
vt 0.508652 0.414675
vt 0.502686 0.430196
vt 0.341269 0.771920
vt 0.342996 0.771512
vt 0.343009 0.773830
vt 0.414311 0.621222
vt 0.415513 0.618912
vt 0.415950 0.621650
vt 0.387049 0.774572
vt 0.388841 0.777126
vt 0.387101 0.777119
vt 0.477810 0.079416
vt 0.475314 0.079819
vt 0.405439 0.749913
vt 0.405501 0.744999
vt 0.407347 0.749754
vt 0.198036 0.504423
vt 0.183504 0.508797
vt 0.184330 0.505580
vt 0.457337 0.868739
vt 0.455699 0.870130
vt 0.455465 0.867956
vt 0.451000 0.090002
vt 0.451974 0.088026
vt 0.311219 0.552786
vt 0.310867 0.550294
vt 0.408494 0.719811
vt 0.409676 0.719570
vt 0.551364 0.025734
vt 0.554461 0.027687
vt 0.253596 0.667980
vt 0.251687 0.669371
vt 0.250743 0.666010
vt 0.338698 0.757586
vt 0.341140 0.755619
vt 0.341054 0.757837
vt 0.517545 0.916436
vt 0.514580 0.918042
vt 0.514948 0.916611
vt 0.289231 0.707068
vt 0.288978 0.709478
vt 0.285826 0.713888
vt 0.562824 0.638035
vt 0.560857 0.638144
vt 0.561202 0.635615
vt 0.002094 0.313555
vt 0.003845 0.311115
vt 0.004052 0.313555
vt 0.576981 0.792963
vt 0.578928 0.794905
vt 0.574446 0.793062
vt 0.303147 0.693746
vt 0.302718 0.691721
vt 0.303564 0.691383
vt 0.455352 0.238533
vt 0.457311 0.243723
vt 0.726925 0.568180
vt 0.731436 0.570256
vt 0.731524 0.575802
vt 0.404788 0.773755
vt 0.402952 0.776197
vt 0.402952 0.773684
vt 0.339652 0.726137
vt 0.339579 0.721048
vt 0.341556 0.720992
vt 0.981524 0.126847
vt 0.978879 0.124949
vt 0.981553 0.124945
vt 0.363740 0.679799
vt 0.361963 0.680027
vt 0.362378 0.677426
vt 0.737467 0.549515
vt 0.513017 0.006938
vt 0.514821 0.019491
vt 0.549989 0.427328
vt 0.548916 0.425145
vt 0.553039 0.429184
vt 0.763331 0.533041
vt 0.763565 0.531450
vt 0.765429 0.528573
vt 0.306724 0.080805
vt 0.299401 0.075696
vt 0.323975 0.087724
vt 0.383634 0.626128
vt 0.385237 0.626003
vt 0.386562 0.628716
vt 0.770156 0.546180
vt 0.771710 0.546189
vt 0.283337 0.768334
vt 0.282390 0.766019
vt 0.284296 0.765905
vt 0.401422 0.702366
vt 0.404117 0.705737
vt 0.401460 0.705977
vt 0.798091 0.832828
vt 0.800965 0.831438
vt 0.806195 0.836837
vt 0.730600 0.546619
vt 0.729009 0.546774
vt 0.475679 0.270007
vt 0.474993 0.267685
vt 0.477390 0.269139
vt 0.284653 0.684475
vt 0.284779 0.672136
vt 0.287040 0.676709
vt 0.012440 0.217241
vt 0.014778 0.214780
vt 0.405336 0.773943
vt 0.406588 0.776346
vt 0.405336 0.776550
vt 0.759268 0.551294
vt 0.761300 0.548792
vt 0.761300 0.551272
vt 0.078541 0.859294
vt 0.069328 0.809276
vt 0.420090 0.681063
vt 0.418059 0.678411
vt 0.419788 0.678570
vt 0.495654 0.348859
vt 0.497627 0.348565
vt 0.501309 0.352624
vt 0.749919 0.543267
vt 0.746534 0.535534
vt 0.473315 0.551762
vt 0.445444 0.561288
vt 0.460466 0.553692
vt 0.307354 0.775993
vt 0.405414 0.754818
vt 0.406985 0.754681
vt 0.406864 0.762246
vt 0.748734 0.548205
vt 0.746729 0.551127
vt 0.746729 0.548906
vt 0.415933 0.613177
vt 0.414625 0.615174
vt 0.414265 0.612650
vt 0.690189 0.300917
vt 0.284653 0.723237
vt 0.289016 0.722962
vt 0.289386 0.724775
vt 0.144420 0.533913
vt 0.146757 0.533031
vt 0.148450 0.539982
vt 0.392713 0.774024
vt 0.394290 0.771978
vt 0.394369 0.776797
vt 0.376097 0.774463
vt 0.374230 0.772264
vt 0.376109 0.771970
vt 0.701676 0.546797
vt 0.701647 0.536605
vt 0.706605 0.545431
vt 0.076851 0.638162
vt 0.968229 0.119272
vt 0.968499 0.121336
vt 0.933269 0.189038
vt 0.217024 0.592765
vt 0.206735 0.591022
vt 0.209728 0.582547
vt 0.436499 0.090764
vt 0.436404 0.088426
vt 0.437864 0.088734
vt 0.062865 0.005412
vt 0.070522 0.006821
vt 0.062692 0.006962
vt 0.717098 0.176437
vt 0.719115 0.173893
vt 0.717058 0.178958
vt 0.096990 0.661172
vt 0.095546 0.658257
vt 0.098056 0.658764
vt 0.439244 0.386731
vt 0.436637 0.384904
vt 0.438563 0.384704
vt 0.673500 0.590141
vt 0.676402 0.588916
vt 0.674845 0.590976
vt 0.136657 0.048973
vt 0.136138 0.051053
vt 0.131824 0.047952
vt 0.447089 0.157271
vt 0.448232 0.164095
vt 0.446539 0.164490
vt 0.390582 0.774453
vt 0.388949 0.776737
vt 0.389054 0.774453
vt 0.464556 0.883870
vt 0.466490 0.879515
vt 0.466896 0.884072
vt 0.403555 0.730366
vt 0.405382 0.730151
vt 0.405400 0.735106
vt 0.136276 0.557274
vt 0.142186 0.569997
vt 0.127808 0.551658
vt 0.295144 0.774726
vt 0.297116 0.774672
vt 0.018428 0.303063
vt 0.008743 0.360905
vt 0.008658 0.345856
vt 0.366983 0.775654
vt 0.365583 0.775329
vt 0.365433 0.772905
vt 0.463550 0.870343
vt 0.463838 0.872158
vt 0.318742 0.775862
vt 0.316686 0.773317
vt 0.318742 0.770844
vt 0.392713 0.772019
vt 0.390918 0.774154
vt 0.390833 0.771599
vt 0.291892 0.683592
vt 0.299277 0.686822
vt 0.298466 0.689164
vt 0.101870 0.685910
vt 0.104350 0.688456
vt 0.102497 0.688327
vt 0.082165 0.633661
vt 0.111235 0.686619
vt 0.113690 0.687469
vt 0.518090 0.742441
vt 0.511184 0.747071
vt 0.505993 0.742879
vt 0.376109 0.774178
vt 0.409261 0.607156
vt 0.406277 0.605740
vt 0.408106 0.604930
vt 0.105720 0.748922
vt 0.103251 0.749131
vt 0.103519 0.746660
vt 0.967236 0.442742
vt 0.965162 0.446309
vt 0.959550 0.447446
vt 0.054083 0.605549
vt 0.034220 0.607122
vt 0.038141 0.595006
vt 0.171475 0.535293
vt 0.172515 0.532418
vt 0.173333 0.533743
vt 0.626196 0.453840
vt 0.605369 0.435809
vt 0.613528 0.439537
vt 0.679479 0.587868
vt 0.682833 0.584062
vt 0.058575 0.604784
vt 0.060689 0.601782
vt 0.063185 0.604214
vt 0.285506 0.726678
vt 0.287676 0.727235
vt 0.287517 0.729218
vt 0.387064 0.774003
vt 0.388811 0.772181
vt 0.388902 0.774573
vt 0.751238 0.548726
vt 0.752701 0.550619
vt 0.750774 0.551218
vt 0.414285 0.616095
vt 0.415950 0.618314
vt 0.414265 0.618699
vt 0.763127 0.545987
vt 0.765761 0.545706
vt 0.973539 0.123384
vt 0.973884 0.125466
vt 0.037183 0.751332
vt 0.034061 0.747371
vt 0.073537 0.745326
vt 0.415840 0.630461
vt 0.414318 0.632925
vt 0.414318 0.630428
vt 0.969866 0.469563
vt 0.972919 0.467731
vt 0.971849 0.469593
vt 0.438255 0.724727
vt 0.436043 0.724909
vt 0.073142 0.004549
vt 0.075684 0.002691
vt 0.075838 0.004720
vt 0.111107 0.739434
vt 0.526427 0.399073
vt 0.524230 0.399344
vt 0.527548 0.396486
vt 0.948941 0.010411
vt 0.951451 0.009184
vt 0.951428 0.010962
vt 0.745734 0.550536
vt 0.746729 0.548209
vt 0.659112 0.378682
vt 0.695460 0.372991
vt 0.695305 0.380233
vt 0.625120 0.546766
vt 0.627983 0.545171
vt 0.627086 0.548400
vt 0.427243 0.773639
vt 0.424025 0.761730
vt 0.448937 0.770622
vt 0.713655 0.287173
vt 0.713025 0.292264
vt 0.711491 0.289322
vt 0.028907 0.185302
vt 0.029625 0.177625
vt 0.557201 0.029169
vt 0.558669 0.025974
vt 0.560981 0.026753
vt 0.291985 0.560416
vt 0.293460 0.558415
vt 0.295075 0.559384
vt 0.057678 0.879886
vt 0.060058 0.880822
vt 0.059651 0.881706
vt 0.718919 0.567132
vt 0.717758 0.568997
vt 0.716666 0.570714
vt 0.357450 0.653737
vt 0.357013 0.656404
vt 0.355063 0.654438
vt 0.373385 0.547540
vt 0.371397 0.546176
vt 0.372646 0.545322
vt 0.987791 0.160639
vt 0.288295 0.619376
vt 0.290115 0.620383
vt 0.284445 0.619722
vt 0.112942 0.727090
vt 0.114561 0.724774
vt 0.114691 0.727141
vt 0.354176 0.754658
vt 0.368002 0.756721
vt 0.359028 0.765162
vt 0.536452 0.771079
vt 0.541505 0.769053
vt 0.549175 0.772685
vt 0.450735 0.092223
vt 0.452851 0.091767
vt 0.250976 0.729947
vt 0.315883 0.545457
vt 0.656031 0.304247
vt 0.661175 0.306225
vt 0.656007 0.306504
vt 0.747999 0.101991
vt 0.748600 0.104044
vt 0.749184 0.106204
vt 0.435744 0.729577
vt 0.685709 0.292105
vt 0.678479 0.293652
vt 0.682849 0.282462
vt 0.084922 0.627397
vt 0.083432 0.627212
vt 0.082964 0.625760
vt 0.751424 0.133613
vt 0.751871 0.135773
vt 0.174011 0.864991
vt 0.170863 0.866557
vt 0.135507 0.834950
vt 0.414489 0.638295
vt 0.415957 0.638943
vt 0.414489 0.641094
vt 0.372385 0.742604
vt 0.377023 0.747588
vt 0.372943 0.752587
vt 0.860956 0.033793
vt 0.861718 0.035827
vt 0.862447 0.037887
vt 0.617289 0.009712
vt 0.617239 0.008036
vt 0.617258 0.006478
vt 0.096671 0.685054
vt 0.098555 0.685273
vt 0.849077 0.808570
vt 0.848557 0.810102
vt 0.847764 0.812474
vt 0.193581 0.583669
vt 0.194789 0.585749
vt 0.193233 0.585898
vt 0.266921 0.079025
vt 0.264034 0.083816
vt 0.264295 0.071453
vt 0.506498 0.076805
vt 0.501923 0.077893
vt 0.744592 0.500073
vt 0.745873 0.498603
vt 0.747256 0.497427
vt 0.233645 0.609628
vt 0.235290 0.609775
vt 0.237138 0.609811
vt 0.088407 0.611233
vt 0.102993 0.615642
vt 0.093043 0.615131
vt 0.396534 0.281679
vt 0.399113 0.288953
vt 0.397439 0.289122
vt 0.415228 0.648927
vt 0.415228 0.651332
vt 0.414320 0.650801
vt 0.370234 0.430551
vt 0.376678 0.426912
vt 0.373323 0.430942
vt 0.890689 0.243350
vt 0.890152 0.245006
vt 0.889569 0.246745
vt 0.751345 0.545200
vt 0.754655 0.546149
vt 0.751726 0.548091
vt 0.335864 0.689105
vt 0.337872 0.684984
vt 0.341290 0.687806
vt 0.730762 0.356756
vt 0.728968 0.354005
vt 0.731906 0.353003
vt 0.415833 0.646755
vt 0.414374 0.648927
vt 0.414320 0.646755
vt 0.415833 0.641095
vt 0.414489 0.642931
vt 0.450725 0.230875
vt 0.449472 0.232409
vt 0.456261 0.264634
vt 0.457700 0.264610
vt 0.459139 0.264587
vt 0.267688 0.765221
vt 0.269525 0.765564
vt 0.269787 0.770420
vt 0.842447 0.867679
vt 0.846352 0.846453
vt 0.851618 0.869522
vt 0.653877 0.302262
vt 0.655807 0.302809
vt 0.116758 0.741032
vt 0.121039 0.732275
vt 0.123395 0.734639
vt 0.527218 0.047986
vt 0.525190 0.047841
vt 0.681391 0.876924
vt 0.678993 0.874200
vt 0.711158 0.886353
vt 0.538025 0.753690
vt 0.535735 0.754967
vt 0.535546 0.753571
vt 0.304369 0.695590
vt 0.305151 0.690468
vt 0.961427 0.423845
vt 0.960840 0.425234
vt 0.960114 0.426885
vt 0.280462 0.597695
vt 0.279462 0.599035
vt 0.278462 0.600375
vt 0.297893 0.754405
vt 0.296710 0.751648
vt 0.300331 0.752440
vt 0.396757 0.691863
vt 0.396951 0.694023
vt 0.394971 0.694470
vt 0.613278 0.438099
vt 0.613027 0.436662
vt 0.429273 0.719888
vt 0.429662 0.721804
vt 0.426892 0.722438
vt 0.456971 0.828142
vt 0.454369 0.824177
vt 0.456656 0.823533
vt 0.448870 0.829293
vt 0.451666 0.833995
vt 0.019842 0.857406
vt 0.022202 0.857811
vt 0.021185 0.861126
vt 0.038755 0.869514
vt 0.029787 0.865211
vt 0.027745 0.863811
vt 0.039439 0.868039
vt 0.044478 0.873510
vt 0.045322 0.872343
vt 0.024963 0.863943
vt 0.025708 0.862398
vt 0.041927 0.874347
vt 0.057469 0.880652
vt 0.067675 0.889056
vt 0.044292 0.876732
vt 0.028964 0.866805
vt 0.026895 0.865451
vt 0.037962 0.871108
vt 0.068336 0.892090
vt 0.130672 0.743527
vt 0.128094 0.744978
vt 0.130578 0.745187
vt 0.115385 0.742666
vt 0.114473 0.741406
vt 0.118214 0.744648
vt 0.127980 0.746603
vt 0.138006 0.747250
vt 0.138259 0.743929
vt 0.156163 0.743443
vt 0.117908 0.747900
vt 0.115062 0.749060
vt 0.115422 0.747482
vt 0.114657 0.751447
vt 0.134598 0.755346
vt 0.415815 0.586295
vt 0.120439 0.706149
vt 0.122861 0.706065
vt 0.121385 0.713720
vt 0.124137 0.716127
vt 0.126498 0.715898
vt 0.122672 0.720909
vt 0.128400 0.734706
vt 0.123471 0.732298
vt 0.121262 0.729940
vt 0.118956 0.729896
vt 0.119269 0.727461
vt 0.117079 0.727356
vt 0.119053 0.720362
vt 0.116387 0.715334
vt 0.118345 0.715534
vt 0.123626 0.673714
vt 0.121848 0.673167
vt 0.118302 0.685140
vt 0.119096 0.677562
vt 0.126237 0.671768
vt 0.122559 0.662043
vt 0.123966 0.671284
vt 0.128855 0.649939
vt 0.130812 0.650700
vt 0.117724 0.645038
vt 0.126983 0.646908
vt 0.127029 0.649035
vt 0.122214 0.670714
vt 0.120659 0.668294
vt 0.118367 0.653120
vt 0.118953 0.655248
vt 0.121452 0.658923
vt 0.118638 0.667630
vt 0.120798 0.661164
vt 0.117828 0.677266
vt 0.118319 0.669792
vt 0.120313 0.670355
vt 0.116672 0.692789
vt 0.116372 0.684801
vt 0.118512 0.692919
vt 0.119455 0.713498
vt 0.439449 0.844073
vt 0.735638 0.534986
vt 0.737343 0.534608
vt 0.737729 0.537146
vt 0.735573 0.537519
vt 0.727098 0.536166
vt 0.944654 0.331668
vt 0.942871 0.338479
vt 0.945270 0.322971
vt 0.946055 0.320769
vt 0.947853 0.320893
vt 0.949684 0.321073
vt 0.946427 0.325347
vt 0.948162 0.325493
vt 0.945783 0.327504
vt 0.405241 0.616736
vt 0.403316 0.617019
vt 0.404205 0.611806
vt 0.401724 0.609632
vt 0.403627 0.609362
vt 0.406085 0.611554
vt 0.406645 0.614003
vt 0.408538 0.613759
vt 0.409077 0.616210
vt 0.410973 0.615972
vt 0.406308 0.621659
vt 0.414257 0.630689
vt 0.412394 0.630928
vt 0.412948 0.633388
vt 0.411068 0.633635
vt 0.404415 0.621935
vt 0.412179 0.638571
vt 0.410299 0.638833
vt 0.405363 0.634483
vt 0.406527 0.639399
vt 0.405196 0.642164
vt 0.402388 0.629851
vt 0.403751 0.627091
vt 0.554000 0.660861
vt 0.552605 0.650942
vt 0.556872 0.653531
vt 0.554523 0.651027
vt 0.554425 0.648480
vt 0.556343 0.648512
vt 0.558817 0.653513
vt 0.560140 0.658303
vt 0.551225 0.670644
vt 0.559511 0.668447
vt 0.549118 0.655643
vt 0.551142 0.655808
vt 0.549775 0.660560
vt 0.552019 0.660699
vt 0.561523 0.668596
vt 0.566990 0.666760
vt 0.566144 0.671235
vt 0.568156 0.671378
vt 0.558800 0.678109
vt 0.567044 0.675979
vt 0.568992 0.676161
vt 0.569518 0.678467
vt 0.571553 0.678622
vt 0.570205 0.680617
vt 0.572256 0.680768
vt 0.570939 0.682705
vt 0.573020 0.682835
vt 0.573614 0.685047
vt 0.561428 0.686087
vt 0.555872 0.673220
vt 0.575647 0.685223
vt 0.573601 0.678759
vt 0.586252 0.696681
vt 0.601506 0.660566
vt 0.610838 0.696349
vt 0.603540 0.660508
vt 0.634522 0.673924
vt 0.632983 0.653840
vt 0.618123 0.628047
vt 0.620536 0.630305
vt 0.620049 0.627903
vt 0.622446 0.630167
vt 0.631768 0.683753
vt 0.626892 0.632246
vt 0.629000 0.641793
vt 0.620812 0.622990
vt 0.618950 0.623122
vt 0.617781 0.618333
vt 0.624645 0.622655
vt 0.615870 0.618483
vt 0.615326 0.616063
vt 0.622054 0.610460
vt 0.623874 0.610277
vt 0.624426 0.612708
vt 0.626253 0.612499
vt 0.626823 0.614942
vt 0.624965 0.615152
vt 0.626521 0.622498
vt 0.625990 0.620061
vt 0.629730 0.619679
vt 0.629041 0.624740
vt 0.630935 0.624574
vt 0.629590 0.627167
vt 0.627676 0.627320
vt 0.628218 0.629731
vt 0.628821 0.632100
vt 0.630967 0.641656
vt 0.634910 0.653667
vt 0.634086 0.648837
vt 0.637972 0.648604
vt 0.639137 0.655762
vt 0.637217 0.655898
vt 0.637564 0.658212
vt 0.635709 0.658633
vt 0.637901 0.660308
vt 0.638225 0.662330
vt 0.612788 0.696367
vt 0.642144 0.662566
vt 0.642687 0.664792
vt 0.641550 0.669415
vt 0.638459 0.674025
vt 0.644638 0.664893
vt 0.642793 0.655713
vt 0.646079 0.662693
vt 0.644748 0.655709
vt 0.645477 0.669632
vt 0.644336 0.653328
vt 0.646740 0.655716
vt 0.646299 0.653332
vt 0.648686 0.655764
vt 0.649018 0.658204
vt 0.647084 0.658118
vt 0.647994 0.662795
vt 0.647912 0.672120
vt 0.645908 0.672020
vt 0.642037 0.671778
vt 0.643994 0.671887
vt 0.644989 0.679200
vt 0.648797 0.679489
vt 0.645049 0.681720
vt 0.649248 0.686973
vt 0.647350 0.686831
vt 0.647437 0.689342
vt 0.645531 0.689221
vt 0.640680 0.676567
vt 0.641225 0.681516
vt 0.638743 0.676490
vt 0.635231 0.678824
vt 0.637177 0.678873
vt 0.637375 0.681376
vt 0.635625 0.683828
vt 0.639311 0.681437
vt 0.639719 0.686424
vt 0.635929 0.686297
vt 0.632646 0.691174
vt 0.630670 0.691157
vt 0.631076 0.696148
vt 0.629206 0.696111
vt 0.573302 0.694190
vt 0.629400 0.698610
vt 0.627483 0.698587
vt 0.627699 0.701080
vt 0.623858 0.701048
vt 0.624229 0.706047
vt 0.622357 0.706021
vt 0.622463 0.708528
vt 0.620580 0.708505
vt 0.620782 0.713519
vt 0.618715 0.711010
vt 0.618887 0.713497
vt 0.616812 0.710994
vt 0.616188 0.706111
vt 0.550629 0.648303
vt 0.550701 0.650826
vt 0.548768 0.650679
vt 0.544386 0.645381
vt 0.546668 0.645515
vt 0.546638 0.648037
vt 0.546773 0.653026
vt 0.544423 0.652930
vt 0.547116 0.660463
vt 0.549055 0.670575
vt 0.551389 0.673139
vt 0.556521 0.678089
vt 0.559290 0.685858
vt 0.566477 0.691213
vt 0.562123 0.690769
vt 0.569533 0.695961
vt 0.567304 0.695733
vt 0.571181 0.694022
vt 0.571759 0.696189
vt 0.573942 0.696408
vt 0.614261 0.706102
vt 0.583990 0.702510
vt 0.583485 0.700383
vt 0.587411 0.700847
vt 0.579298 0.699682
vt 0.581464 0.700050
vt 0.581981 0.702095
vt 0.582722 0.706688
vt 0.580403 0.706212
vt 0.585022 0.709399
vt 0.582684 0.709201
vt 0.589493 0.712231
vt 0.584755 0.711894
vt 0.591776 0.714911
vt 0.589384 0.714733
vt 0.600112 0.710328
vt 0.600444 0.712804
vt 0.598105 0.710204
vt 0.588652 0.705100
vt 0.593428 0.707615
vt 0.592745 0.705454
vt 0.588024 0.702994
vt 0.596040 0.703550
vt 0.598753 0.705808
vt 0.596817 0.705688
vt 0.598084 0.703560
vt 0.600057 0.703626
vt 0.601339 0.708166
vt 0.609302 0.698761
vt 0.611285 0.698763
vt 0.610065 0.703625
vt 0.612344 0.715666
vt 0.604254 0.715557
vt 0.610111 0.713141
vt 0.612047 0.713175
vt 0.609685 0.710710
vt 0.335549 0.726115
vt 0.333532 0.726904
vt 0.329928 0.728617
vt 0.088792 0.550288
vt 0.096170 0.548709
vt 0.114900 0.720094
vt 0.628626 0.271640
vt 0.636103 0.270181
vt 0.634778 0.273024
vt 0.636329 0.272757
vt 0.636133 0.277752
vt 0.634575 0.277905
vt 0.623980 0.270107
vt 0.628242 0.269234
vt 0.626781 0.289496
vt 0.622880 0.275080
vt 0.625232 0.274566
vt 0.636125 0.282621
vt 0.637763 0.282397
vt 0.642882 0.295869
vt 0.629112 0.288917
vt 0.630819 0.303784
vt 0.628802 0.296529
vt 0.011239 0.864520
vt 0.009982 0.865555
vt 0.008597 0.863382
vt 0.010870 0.861504
vt 0.012562 0.863431
vt 0.015198 0.861364
vt 0.016551 0.863384
vt 0.017799 0.862325
vt 0.016271 0.860563
vt 0.019548 0.863826
vt 0.021269 0.865336
vt 0.022265 0.864004
vt 0.024112 0.865441
vt 0.012640 0.866643
vt 0.025931 0.867042
vt 0.029585 0.870443
vt 0.010326 0.868604
vt 0.011903 0.870610
vt 0.012320 0.873572
vt 0.010715 0.871587
vt 0.012772 0.876484
vt 0.011114 0.874533
vt 0.030433 0.869198
vt 0.028354 0.867776
vt 0.037198 0.872544
vt 0.011570 0.877412
vt 0.013219 0.879365
vt 0.041181 0.875995
vt 0.015577 0.887102
vt 0.013628 0.882253
vt 0.012051 0.880245
vt 0.043276 0.877884
vt 0.069225 0.895161
vt 0.067896 0.896957
vt 0.070105 0.898050
vt 0.066659 0.898464
vt 0.068800 0.899734
vt 0.064368 0.900747
vt 0.062509 0.899003
vt 0.058269 0.899452
vt 0.039287 0.904220
vt 0.012486 0.883086
vt 0.060086 0.901212
vt 0.015855 0.889969
vt 0.014309 0.887988
vt 0.016121 0.892755
vt 0.014614 0.890790
vt 0.016370 0.895466
vt 0.033154 0.905135
vt 0.052944 0.903915
vt 0.051222 0.902129
vt 0.045523 0.906066
vt 0.043864 0.904217
vt 0.040900 0.906098
vt 0.034739 0.906996
vt 0.030012 0.906982
vt 0.025275 0.906971
vt 0.023716 0.905144
vt 0.022178 0.905952
vt 0.020710 0.904058
vt 0.019253 0.904778
vt 0.017962 0.902764
vt 0.019323 0.902070
vt 0.017968 0.900106
vt 0.748734 0.551127
vt 0.996596 0.217099
vt 0.995456 0.227160
vt 0.993606 0.226700
vt 0.997970 0.207995
vt 0.998316 0.217473
vt 0.999314 0.198194
vt 1.000000 0.207987
vt 0.997537 0.198076
vt 0.996933 0.190000
vt 0.998461 0.187136
vt 0.998748 0.189647
vt 0.996759 0.187442
vt 0.981702 0.128869
vt 0.419909 0.196190
vt 0.421497 0.194611
vt 0.426508 0.193480
vt 0.370456 0.774452
vt 0.267960 0.756353
vt 0.414287 0.772805
vt 0.414230 0.765272
vt 0.102905 0.726053
vt 0.109730 0.728810
vt 0.109958 0.731242
vt 0.103543 0.731041
vt 0.102570 0.723605
vt 0.044515 0.007476
vt 0.044984 0.005800
vt 0.052036 0.008295
vt 0.057535 0.006069
vt 0.057264 0.008672
vt 0.051643 0.010492
vt 0.041041 0.011327
vt 0.036210 0.010880
vt 0.037370 0.007047
vt 0.534916 0.759490
vt 0.534625 0.757053
vt 0.537377 0.761560
vt 0.596347 0.620052
vt 0.598228 0.619881
vt 0.598172 0.617393
vt 0.603728 0.616949
vt 0.603343 0.614479
vt 0.605207 0.614350
vt 0.604377 0.609399
vt 0.606212 0.609284
vt 0.605882 0.606789
vt 0.607757 0.606656
vt 0.606624 0.601858
vt 0.609262 0.603997
vt 0.608477 0.601679
vt 0.614762 0.603512
vt 0.616049 0.608419
vt 0.613450 0.616192
vt 0.614003 0.618610
vt 0.573247 0.637003
vt 0.572953 0.639438
vt 0.568936 0.639963
vt 0.573993 0.632177
vt 0.560059 0.643288
vt 0.560329 0.640681
vt 0.561856 0.643216
vt 0.564715 0.640420
vt 0.563398 0.645721
vt 0.590797 0.656694
vt 0.565728 0.650882
vt 0.561625 0.645809
vt 0.563841 0.650934
vt 0.565031 0.655744
vt 0.566937 0.655670
vt 0.568997 0.666947
vt 0.571445 0.669444
vt 0.569511 0.669253
vt 0.570479 0.673994
vt 0.572510 0.674137
vt 0.591599 0.658719
vt 0.600775 0.658465
vt 0.601941 0.656303
vt 0.617943 0.608269
vt 0.618329 0.610776
vt 0.979479 0.334455
vt 0.986359 0.329418
vt 0.986724 0.326854
vt 0.988708 0.326704
vt 0.989343 0.333978
vt 0.988558 0.343726
vt 0.990458 0.343439
vt 0.990414 0.348379
vt 0.980538 0.339193
vt 0.652743 0.680244
vt 0.651091 0.680270
vt 0.341684 0.753465
vt 0.339945 0.753092
vt 0.341706 0.743617
vt 0.343468 0.746379
vt 0.343497 0.748875
vt 0.414343 0.624605
vt 0.268054 0.772933
vt 0.258297 0.775556
vt 0.617053 0.051710
vt 0.260130 0.091051
vt 0.264060 0.091101
vt 0.265007 0.120634
vt 0.262588 0.120706
vt 0.246217 0.775728
vt 0.450782 0.738474
vt 0.447398 0.737135
vt 0.437718 0.728005
vt 0.441676 0.725913
vt 0.445971 0.729395
vt 0.449598 0.230429
vt 0.612962 0.354227
vt 0.250178 0.737070
vt 0.256768 0.733613
vt 0.258641 0.738566
vt 0.259313 0.740329
vt 0.249346 0.741552
vt 0.257495 0.758553
vt 0.247569 0.749461
vt 0.249618 0.765694
vt 0.257907 0.767707
vt 0.255730 0.770537
vt 0.248081 0.744608
vt 0.248040 0.738329
vt 0.247381 0.742961
vt 0.246190 0.745974
vt 0.246297 0.752685
vt 0.245617 0.750757
vt 0.247983 0.766122
vt 0.244395 0.754034
vt 0.249463 0.770912
vt 0.253455 0.773082
vt 0.251458 0.773243
vt 0.375277 0.212566
vt 0.373066 0.213206
vt 0.374805 0.210022
vt 0.371469 0.202585
vt 0.373486 0.156570
vt 0.375421 0.136048
vt 0.377502 0.136364
vt 0.373665 0.159148
vt 0.371980 0.171666
vt 0.377689 0.224879
vt 0.378869 0.219247
vt 0.376437 0.209464
vt 0.372880 0.197208
vt 0.373243 0.199708
vt 0.369128 0.156177
vt 0.372633 0.194668
vt 0.388106 0.252276
vt 0.414037 0.588816
vt 0.443745 0.221941
vt 0.439018 0.222643
vt 0.435308 0.198149
vt 0.437724 0.197983
vt 0.437264 0.193044
vt 0.453064 0.272749
vt 0.451349 0.265776
vt 0.455421 0.272116
vt 0.453797 0.265145
vt 0.450189 0.243953
vt 0.447677 0.230170
vt 0.445669 0.222252
vt 0.447668 0.224239
vt 0.449068 0.224276
vt 0.449430 0.226924
vt 0.451931 0.243981
vt 0.460459 0.278277
vt 0.457895 0.279155
vt 0.459699 0.275888
vt 0.466994 0.286110
vt 0.464823 0.286718
vt 0.465956 0.284030
vt 0.463594 0.280148
vt 0.474977 0.317531
vt 0.474091 0.312609
vt 0.477407 0.317043
vt 0.470834 0.290130
vt 0.477989 0.309179
vt 0.480318 0.318905
vt 0.478061 0.319505
vt 0.479793 0.316536
vt 0.474866 0.294003
vt 0.477060 0.296371
vt 0.480396 0.308747
vt 0.477447 0.291553
vt 0.479494 0.298127
vt 0.476388 0.294065
vt 0.475511 0.292053
vt 0.472785 0.289907
vt 0.467754 0.283993
vt 0.463433 0.275973
vt 0.465376 0.280213
vt 0.453252 0.255746
vt 0.454089 0.257807
vt 0.454992 0.259768
vt 0.459096 0.273253
vt 0.462419 0.273909
vt 0.460609 0.273603
vt 0.462185 0.271461
vt 0.461140 0.269509
vt 0.456942 0.259607
vt 0.357296 0.658462
vt 0.359642 0.658216
vt 0.414071 0.598972
vt 0.267299 0.727910
vt 0.267269 0.725949
vt 0.499360 0.303862
vt 0.498318 0.301364
vt 0.496114 0.301953
vt 0.495567 0.296507
vt 0.493762 0.297160
vt 0.492047 0.297791
vt 0.492405 0.294917
vt 0.490843 0.295494
vt 0.494052 0.294296
vt 0.496877 0.295941
vt 0.801297 0.882664
vt 0.809695 0.881738
vt 0.805726 0.884605
vt 0.800574 0.885893
vt 0.806945 0.886032
vt 0.801621 0.887369
vt 0.798529 0.887299
vt 0.797417 0.885671
vt 0.795368 0.891394
vt 0.810914 0.883189
vt 0.790634 0.898194
vt 0.361667 0.660699
vt 0.359014 0.682668
vt 0.356237 0.677261
vt 0.353575 0.677037
vt 0.354567 0.671928
vt 0.323955 0.547826
vt 0.028916 0.602189
vt 0.030044 0.597056
vt 0.349366 0.777144
vt 0.348362 0.779271
vt 0.344697 0.779383
vt 0.343600 0.777331
vt 0.344918 0.772744
vt 0.347480 0.770216
vt 0.349366 0.770047
vt 0.340291 0.767610
vt 0.498520 0.421087
vt 0.494041 0.422953
vt 0.490048 0.413548
vt 0.487442 0.406265
vt 0.485123 0.407428
vt 0.482423 0.398681
vt 0.488966 0.402767
vt 0.495147 0.371461
vt 0.413586 0.764710
vt 0.414222 0.752917
vt 0.415914 0.753403
vt 0.523005 0.047064
vt 0.912024 0.334303
vt 0.775424 0.529709
vt 0.773656 0.529941
vt 0.773346 0.522343
vt 0.773326 0.517346
vt 0.775164 0.517093
vt 0.777346 0.532106
vt 0.775437 0.532242
vt 0.779011 0.519148
vt 0.778786 0.516628
vt 0.780657 0.516409
vt 0.777621 0.529542
vt 0.779407 0.529393
vt 0.779144 0.531991
vt 0.781075 0.521503
vt 0.779366 0.524242
vt 0.775261 0.533056
vt 0.779739 0.534456
vt 0.779630 0.532242
vt 0.778979 0.540799
vt 0.777285 0.543756
vt 0.255753 0.615220
vt 0.249335 0.617951
vt 0.248539 0.620093
vt 0.254554 0.624673
vt 0.256625 0.625012
vt 0.255604 0.627071
vt 0.254733 0.612409
vt 0.256488 0.612896
vt 0.251559 0.606418
vt 0.255676 0.610127
vt 0.247375 0.617591
vt 0.244395 0.628034
vt 0.246565 0.619568
vt 0.248456 0.628146
vt 0.257574 0.627439
vt 0.254367 0.633818
vt 0.252165 0.635634
vt 0.247861 0.634674
vt 0.245934 0.634477
vt 0.250056 0.639757
vt 0.245982 0.638989
vt 0.251154 0.637622
vt 0.245651 0.643659
vt 0.246771 0.641412
vt 0.247599 0.644071
vt 0.248819 0.641801
vt 0.245325 0.648798
vt 0.249398 0.645299
vt 0.246935 0.649310
vt 0.253324 0.638012
vt 0.257224 0.631940
vt 0.259105 0.632403
vt 0.263071 0.620549
vt 0.261131 0.620348
vt 0.264260 0.613464
vt 0.262149 0.612840
vt 0.261191 0.615614
vt 0.259332 0.615657
vt 0.262787 0.602109
vt 0.264504 0.602628
vt 0.265296 0.600248
vt 0.263513 0.599710
vt 0.267362 0.590368
vt 0.275009 0.606783
vt 0.265604 0.589871
vt 0.266514 0.587465
vt 0.276029 0.593443
vt 0.281517 0.599842
vt 0.284916 0.588348
vt 0.282846 0.595554
vt 0.283146 0.587891
vt 0.290451 0.559580
vt 0.289645 0.573091
vt 0.282459 0.565613
vt 0.275952 0.567407
vt 0.279239 0.566523
vt 0.296281 0.554182
vt 0.295068 0.556460
vt 0.290105 0.556367
vt 0.291957 0.557573
vt 0.302718 0.546314
vt 0.297798 0.555142
vt 0.299731 0.547449
vt 0.301060 0.545321
vt 0.295498 0.550774
vt 0.298085 0.546376
vt 0.294019 0.549770
vt 0.280858 0.564671
vt 0.277673 0.565597
vt 0.265613 0.584529
vt 0.251028 0.646206
vt 0.262932 0.586316
vt 0.263928 0.583938
vt 0.261195 0.585737
vt 0.253631 0.599387
vt 0.255195 0.594497
vt 0.254631 0.602123
vt 0.255516 0.599873
vt 0.258920 0.608659
vt 0.261276 0.601718
vt 0.268257 0.756159
vt 0.267688 0.751066
vt 0.270052 0.756353
vt 0.531687 0.750139
vt 0.532218 0.757374
vt 0.532576 0.744243
vt 0.535109 0.746363
vt 0.535158 0.748872
vt 0.392614 0.774536
vt 0.390469 0.772111
vt 0.981464 0.120703
vt 0.981336 0.122992
vt 0.971146 0.123494
vt 0.401898 0.680853
vt 0.397775 0.658563
vt 0.400251 0.660722
vt 0.399633 0.658279
vt 0.402143 0.660439
vt 0.402729 0.662901
vt 0.405319 0.677851
vt 0.405553 0.680359
vt 0.409439 0.682439
vt 0.407589 0.682653
vt 0.409277 0.679912
vt 0.407149 0.677607
vt 0.404591 0.662646
vt 0.411155 0.679701
vt 0.411000 0.677164
vt 0.412437 0.671871
vt 0.412863 0.676958
vt 0.402644 0.655309
vt 0.404523 0.655024
vt 0.403262 0.650115
vt 0.405118 0.649831
vt 0.404527 0.647369
vt 0.406397 0.647080
vt 0.410218 0.646492
vt 0.410858 0.656630
vt 0.412017 0.653912
vt 0.414257 0.671657
vt 0.412723 0.656361
vt 0.412068 0.646228
vt 0.413848 0.653665
vt 0.485746 0.873053
vt 0.256441 0.773404
vt 0.304617 0.761937
vt 0.302748 0.757346
vt 0.305092 0.758710
vt 0.304141 0.756421
vt 0.304061 0.765195
vt 0.303260 0.762866
vt 0.304347 0.770810
vt 0.302718 0.766126
vt 0.310367 0.763761
vt 0.310980 0.766092
vt 0.312509 0.759575
vt 0.313154 0.761905
vt 0.316192 0.754351
vt 0.316846 0.756723
vt 0.316974 0.751014
vt 0.317635 0.753308
vt 0.317671 0.747696
vt 0.318408 0.749918
vt 0.315107 0.733650
vt 0.321538 0.743939
vt 0.313701 0.734731
vt 0.309505 0.734704
vt 0.312335 0.732591
vt 0.310816 0.736885
vt 0.306454 0.757792
vt 0.305871 0.752326
vt 0.304506 0.753221
vt 0.304046 0.747592
vt 0.304929 0.740996
vt 0.302718 0.733384
vt 0.304119 0.732382
vt 0.305540 0.731360
vt 0.252978 0.647093
vt 0.254196 0.645466
vt 0.280257 0.601477
vt 0.281589 0.602067
vt 0.280176 0.606443
vt 0.257541 0.644724
vt 0.256281 0.646360
vt 0.262970 0.644845
vt 0.261622 0.646729
vt 0.267696 0.642122
vt 0.264974 0.645951
vt 0.272798 0.641790
vt 0.271515 0.643917
vt 0.278353 0.644453
vt 0.276713 0.643810
vt 0.279800 0.642513
vt 0.282918 0.641288
vt 0.281557 0.643352
vt 0.277938 0.619106
vt 0.282137 0.607149
vt 0.281073 0.612081
vt 0.279586 0.625518
vt 0.287840 0.640969
vt 0.286404 0.642931
vt 0.279708 0.619865
vt 0.278823 0.622297
vt 0.289515 0.641725
vt 0.297818 0.631913
vt 0.292544 0.640420
vt 0.299477 0.632549
vt 0.281351 0.620738
vt 0.282982 0.618848
vt 0.283453 0.621925
vt 0.280663 0.623214
vt 0.531908 0.595595
vt 0.535147 0.600332
vt 0.536210 0.607874
vt 0.446056 0.838920
vt 0.446652 0.829522
vt 0.110783 0.662418
vt 0.494870 0.910712
vt 0.495044 0.908499
vt 0.500012 0.911286
vt 0.500354 0.909167
vt 0.456226 0.913845
vt 0.458298 0.916480
vt 0.483548 0.915017
vt 0.458764 0.918388
vt 0.499708 0.912761
vt 0.502276 0.912997
vt 0.502606 0.911325
vt 0.507462 0.913765
vt 0.507732 0.911393
vt 0.496837 0.916884
vt 0.486573 0.916006
vt 0.483723 0.916563
vt 0.501770 0.918641
vt 0.512597 0.913903
vt 0.509730 0.915694
vt 0.512314 0.916212
vt 0.509324 0.918712
vt 0.501772 0.920240
vt 0.499264 0.920194
vt 0.499272 0.918533
vt 0.496767 0.918586
vt 0.486463 0.917799
vt 0.489109 0.919282
vt 0.543477 0.388826
vt 0.400505 0.774821
vt 0.402415 0.774518
vt 0.401324 0.781729
vt 0.397668 0.782068
vt 0.397596 0.779596
vt 0.395598 0.779856
vt 0.394448 0.775401
vt 0.394957 0.770600
vt 0.394998 0.768115
vt 0.396828 0.767891
vt 0.398729 0.770149
vt 0.400593 0.772352
vt 0.067604 0.597228
vt 0.069603 0.595982
vt 0.071728 0.598527
vt 0.073872 0.597406
vt 0.078373 0.599167
vt 0.077706 0.601528
vt 0.075378 0.603160
vt 0.075267 0.604824
vt 0.072872 0.602375
vt 0.073362 0.600745
vt 0.389692 0.760265
vt 0.385109 0.762717
vt 0.386419 0.757689
vt 0.384532 0.757616
vt 0.385078 0.752514
vt 0.390214 0.757750
vt 0.390939 0.750011
vt 0.384403 0.742506
vt 0.386124 0.740037
vt 0.388433 0.742478
vt 0.388082 0.740028
vt 0.392032 0.757745
vt 0.392618 0.755252
vt 0.393431 0.760279
vt 0.394448 0.755288
vt 0.392728 0.750001
vt 0.390705 0.747475
vt 0.497179 0.197959
vt 0.498778 0.201902
vt 0.479283 0.206375
vt 0.481808 0.204023
vt 0.479475 0.204446
vt 0.482265 0.197970
vt 0.484743 0.195573
vt 0.492107 0.193175
vt 0.495787 0.196298
vt 0.287352 0.685832
vt 0.289183 0.691711
vt 0.288998 0.684475
vt 0.289144 0.698825
vt 0.287531 0.699265
vt 0.285707 0.697125
vt 0.285707 0.692239
vt 0.251660 0.775735
vt 0.554856 0.419019
vt 0.557181 0.418291
vt 0.558133 0.420662
vt 0.560491 0.419859
vt 0.562472 0.424460
vt 0.564758 0.423690
vt 0.566597 0.427922
vt 0.568921 0.427188
vt 0.571529 0.433952
vt 0.597083 0.427226
vt 0.597105 0.429735
vt 0.599822 0.429391
vt 0.599917 0.431705
vt 0.610178 0.432118
vt 0.610194 0.434380
vt 0.615490 0.434644
vt 0.615657 0.437134
vt 0.560109 0.435479
vt 0.618240 0.437239
vt 0.626468 0.441306
vt 0.625972 0.436612
vt 0.626203 0.439063
vt 0.559881 0.454787
vt 0.549907 0.412565
vt 0.552298 0.411845
vt 0.634132 0.440590
vt 0.634402 0.442940
vt 0.636963 0.442692
vt 0.637255 0.444950
vt 0.642342 0.444429
vt 0.642618 0.446689
vt 0.645127 0.446382
vt 0.645385 0.448666
vt 0.647875 0.448408
vt 0.648586 0.461717
vt 0.645921 0.461992
vt 0.646910 0.470922
vt 0.644373 0.471205
vt 0.645223 0.478207
vt 0.642755 0.478542
vt 0.643633 0.485516
vt 0.641296 0.485887
vt 0.642943 0.502002
vt 0.640461 0.502422
vt 0.562281 0.515524
vt 0.557781 0.450705
vt 0.545943 0.405791
vt 0.548043 0.405187
vt 0.641858 0.511349
vt 0.603742 0.539714
vt 0.574639 0.525746
vt 0.559178 0.437677
vt 0.644213 0.510978
vt 0.644984 0.520313
vt 0.642400 0.520684
vt 0.643391 0.531796
vt 0.640927 0.532201
vt 0.623400 0.542718
vt 0.540558 0.394289
vt 0.542556 0.393645
vt 0.541704 0.399040
vt 0.641054 0.534409
vt 0.628290 0.543500
vt 0.542773 0.409210
vt 0.598921 0.538877
vt 0.648403 0.532977
vt 0.648466 0.535147
vt 0.650890 0.534372
vt 0.650954 0.537422
vt 0.658443 0.537230
vt 0.658480 0.539305
vt 0.660995 0.543257
vt 0.663567 0.543161
vt 0.663549 0.545300
vt 0.668699 0.547029
vt 0.679470 0.545641
vt 0.677781 0.550059
vt 0.680126 0.549395
vt 0.652787 0.550835
vt 0.652870 0.549259
vt 0.649966 0.549263
vt 0.650370 0.547509
vt 0.647685 0.547506
vt 0.648005 0.545798
vt 0.645402 0.545728
vt 0.645061 0.547455
vt 0.640338 0.545435
vt 0.639989 0.547105
vt 0.638142 0.543726
vt 0.637860 0.545389
vt 0.635678 0.543820
vt 0.635417 0.545467
vt 0.539889 0.399485
vt 0.541948 0.411915
vt 0.541013 0.409563
vt 0.541164 0.414568
vt 0.540151 0.412260
vt 0.538669 0.417558
vt 0.537732 0.415187
vt 0.538070 0.420141
vt 0.536987 0.417856
vt 0.537451 0.422799
vt 0.536222 0.420574
vt 0.547116 0.425395
vt 0.557990 0.435740
vt 0.623029 0.544335
vt 0.625488 0.544743
vt 0.622697 0.546771
vt 0.617475 0.546139
vt 0.556726 0.444200
vt 0.620167 0.546561
vt 0.601276 0.540244
vt 0.596970 0.539482
vt 0.595279 0.538199
vt 0.593381 0.538776
vt 0.591887 0.537085
vt 0.589794 0.537595
vt 0.588723 0.535664
vt 0.585045 0.536280
vt 0.583737 0.533996
vt 0.581909 0.533918
vt 0.580693 0.531870
vt 0.578872 0.531906
vt 0.572912 0.526159
vt 0.571512 0.524186
vt 0.569819 0.524607
vt 0.560619 0.515991
vt 0.557561 0.512445
vt 0.555916 0.512925
vt 0.551189 0.507680
vt 0.549514 0.508229
vt 0.547861 0.506469
vt 0.546257 0.507086
vt 0.544563 0.505344
vt 0.543060 0.505980
vt 0.537808 0.500741
vt 0.536384 0.498678
vt 0.534965 0.499303
vt 0.533308 0.497467
vt 0.530407 0.493339
vt 0.528872 0.494035
vt 0.523214 0.486140
vt 0.521749 0.486758
vt 0.513425 0.471705
vt 0.511686 0.472411
vt 0.507106 0.460602
vt 0.505384 0.461302
vt 0.501381 0.449425
vt 0.499687 0.450105
vt 0.495869 0.440846
vt 0.497599 0.440227
vt 0.530717 0.440704
vt 0.514336 0.434126
vt 0.506832 0.434107
vt 0.549538 0.451057
vt 0.543845 0.447167
vt 0.546742 0.449031
vt 0.553534 0.452998
vt 0.558058 0.454892
vt 0.503649 0.432555
vt 0.495651 0.435649
vt 0.492318 0.436804
vt 0.491170 0.434600
vt 0.494585 0.433402
vt 0.490078 0.424598
vt 0.488492 0.425190
vt 0.487783 0.414564
vt 0.481654 0.411745
vt 0.495094 0.425217
vt 0.480169 0.406968
vt 0.483541 0.410876
vt 0.478446 0.407658
vt 0.475557 0.398152
vt 0.473932 0.398695
vt 0.474689 0.393144
vt 0.471927 0.391359
vt 0.470143 0.391928
vt 0.469329 0.389123
vt 0.467454 0.388853
vt 0.466959 0.386422
vt 0.463345 0.386732
vt 0.465127 0.384017
vt 0.462962 0.384285
vt 0.459440 0.384874
vt 0.459943 0.387302
vt 0.457463 0.385248
vt 0.458107 0.387646
vt 0.455653 0.385566
vt 0.457758 0.392723
vt 0.454579 0.388295
vt 0.455991 0.393091
vt 0.462890 0.381771
vt 0.459105 0.377605
vt 0.451263 0.383809
vt 0.452817 0.388615
vt 0.447770 0.384418
vt 0.448669 0.386775
vt 0.445999 0.384705
vt 0.446939 0.387068
vt 0.442597 0.380251
vt 0.443311 0.382613
vt 0.444246 0.384976
vt 0.446069 0.389822
vt 0.442457 0.385337
vt 0.442681 0.390588
vt 0.440774 0.385855
vt 0.441530 0.382726
vt 0.440759 0.380368
vt 0.436855 0.373653
vt 0.432452 0.378389
vt 0.430557 0.378441
vt 0.428697 0.371405
vt 0.442150 0.371317
vt 0.440183 0.371285
vt 0.430632 0.371372
vt 0.431614 0.364240
vt 0.423372 0.363830
vt 0.439528 0.368970
vt 0.457220 0.373117
vt 0.460977 0.377403
vt 0.464671 0.381598
vt 0.473212 0.385664
vt 0.468829 0.383785
vt 0.477221 0.392395
vt 0.461988 0.360103
vt 0.466731 0.314240
vt 0.466675 0.359152
vt 0.469083 0.358472
vt 0.467800 0.363842
vt 0.538132 0.443644
vt 0.487980 0.336341
vt 0.484566 0.315467
vt 0.487550 0.317294
vt 0.484022 0.312976
vt 0.486379 0.312339
vt 0.489808 0.316149
vt 0.491185 0.322407
vt 0.500920 0.321165
vt 0.495255 0.323865
vt 0.501703 0.323348
vt 0.492018 0.328861
vt 0.552285 0.436238
vt 0.554182 0.435975
vt 0.555287 0.438018
vt 0.554492 0.440295
vt 0.496092 0.326107
vt 0.493877 0.326319
vt 0.494430 0.328620
vt 0.492789 0.333560
vt 0.490293 0.333554
vt 0.490570 0.336020
vt 0.489560 0.345748
vt 0.491863 0.345221
vt 0.495312 0.353559
vt 0.469654 0.360815
vt 0.548347 0.437098
vt 0.551498 0.438609
vt 0.549706 0.438929
vt 0.552711 0.440538
vt 0.470220 0.363214
vt 0.475665 0.385087
vt 0.552132 0.442801
vt 0.553853 0.442489
vt 0.554949 0.444424
vt 0.553191 0.444736
vt 0.552183 0.446549
vt 0.551563 0.445254
vt 0.556026 0.450761
vt 0.554074 0.446681
vt 0.485904 0.409791
vt 0.557080 0.452787
vt 0.552742 0.450771
vt 0.548359 0.448819
vt 0.545584 0.446766
vt 0.540963 0.445398
vt 0.542649 0.444982
vt 0.539814 0.443214
vt 0.534340 0.439646
vt 0.536033 0.439194
vt 0.530400 0.435689
vt 0.532220 0.435497
vt 0.532529 0.440173
vt 0.527337 0.436394
vt 0.528859 0.435646
vt 0.505782 0.431542
vt 0.526531 0.430920
vt 0.527771 0.433178
vt 0.526302 0.433988
vt 0.521270 0.428089
vt 0.523535 0.432545
vt 0.516155 0.422621
vt 0.513551 0.432025
vt 0.091209 0.540306
vt 0.095976 0.525814
vt 0.096727 0.533608
vt 0.098257 0.526585
vt 0.100451 0.528760
vt 0.098862 0.522929
vt 0.100925 0.523610
vt 0.100550 0.517853
vt 0.102827 0.515686
vt 0.149117 0.507414
vt 0.128581 0.520317
vt 0.148387 0.505002
vt 0.150701 0.504246
vt 0.154968 0.530121
vt 0.158094 0.532018
vt 0.155394 0.531794
vt 0.093358 0.542523
vt 0.090816 0.542166
vt 0.093718 0.540671
vt 0.096104 0.540587
vt 0.147368 0.521353
vt 0.150464 0.529686
vt 0.150148 0.528103
vt 0.148120 0.527806
vt 0.148089 0.526299
vt 0.148055 0.524701
vt 0.144873 0.521642
vt 0.144476 0.520035
vt 0.099647 0.533724
vt 0.134149 0.521151
vt 0.133837 0.519513
vt 0.102988 0.528901
vt 0.113376 0.525386
vt 0.128735 0.521920
vt 0.595715 0.835857
vt 0.595903 0.841244
vt 0.597466 0.836466
vt 0.610885 0.822005
vt 0.605582 0.831129
vt 0.608449 0.829270
vt 0.519930 0.918358
vt 0.517222 0.918485
vt 0.535510 0.913547
vt 0.533270 0.915086
vt 0.539677 0.912397
vt 0.537973 0.914009
vt 0.543176 0.911584
vt 0.541575 0.913486
vt 0.546649 0.910647
vt 0.544901 0.912847
vt 0.550940 0.907616
vt 0.547840 0.911315
vt 0.555246 0.904392
vt 0.553903 0.906415
vt 0.552606 0.905515
vt 0.561653 0.896373
vt 0.556722 0.904945
vt 0.564421 0.894627
vt 0.563259 0.896814
vt 0.567234 0.892896
vt 0.565972 0.895008
vt 0.565626 0.892481
vt 0.577799 0.870157
vt 0.575878 0.874862
vt 0.574164 0.874362
vt 0.610030 0.829620
vt 0.607217 0.831479
vt 0.607750 0.834148
vt 0.606116 0.833755
vt 0.602580 0.837979
vt 0.600973 0.837550
vt 0.582367 0.863608
vt 0.579452 0.870632
vt 0.584188 0.858848
vt 0.585860 0.859347
vt 0.584031 0.864093
vt 0.600050 0.839861
vt 0.598400 0.839383
vt 0.587491 0.854525
vt 0.597540 0.841739
vt 0.595016 0.843610
vt 0.596679 0.844103
vt 0.595747 0.846436
vt 0.589997 0.852644
vt 0.773326 0.535154
vt 0.777436 0.545760
vt 0.776118 0.549014
vt 0.280745 0.781414
vt 0.278667 0.781081
vt 0.280647 0.779003
vt 0.278647 0.773764
vt 0.280747 0.769271
vt 0.282723 0.769661
vt 0.282678 0.779362
vt 0.284653 0.774876
vt 0.284653 0.777301
vt 0.338517 0.736245
vt 0.338517 0.769868
vt 0.337038 0.769695
vt 0.337756 0.774734
vt 0.336284 0.774634
vt 0.333194 0.731360
vt 0.337726 0.733348
vt 0.331351 0.733025
vt 0.332791 0.733739
vt 0.329205 0.771554
vt 0.326888 0.769102
vt 0.330036 0.773873
vt 0.327720 0.771521
vt 0.325355 0.769064
vt 0.324609 0.766628
vt 0.323146 0.766591
vt 0.323330 0.755257
vt 0.321864 0.754671
vt 0.323792 0.750355
vt 0.325713 0.748524
vt 0.324211 0.747903
vt 0.326796 0.741238
vt 0.329518 0.734697
vt 0.063917 0.639474
vt 0.062879 0.630246
vt 0.065121 0.629611
vt 0.067319 0.630996
vt 0.948465 0.297670
vt 0.384403 0.770705
vt 0.384742 0.765389
vt 0.763382 0.548884
vt 0.076689 0.630407
vt 0.321088 0.770810
vt 0.320952 0.775620
vt 0.445842 0.859638
vt 0.508289 0.057574
vt 0.507173 0.055181
vt 0.314269 0.776170
vt 0.314753 0.550273
vt 0.457948 0.870521
vt 0.460029 0.871143
vt 0.453269 0.867541
vt 0.448796 0.864499
vt 0.452762 0.865609
vt 0.447643 0.860020
vt 0.460082 0.878251
vt 0.461967 0.878853
vt 0.463909 0.879476
vt 0.431331 0.888013
vt 0.459806 0.883269
vt 0.430065 0.872363
vt 0.429626 0.866981
vt 0.461832 0.891145
vt 0.458958 0.898477
vt 0.461260 0.898709
vt 0.456901 0.911278
vt 0.447844 0.911392
vt 0.432634 0.854586
vt 0.434460 0.854933
vt 0.429675 0.856871
vt 0.429239 0.854423
vt 0.427927 0.856864
vt 0.428378 0.872121
vt 0.427941 0.866879
vt 0.429614 0.887561
vt 0.449582 0.914383
vt 0.447645 0.913726
vt 0.434596 0.898821
vt 0.431159 0.897768
vt 0.446124 0.910586
vt 0.434514 0.901209
vt 0.439538 0.905950
vt 0.338596 0.760403
vt 0.343556 0.759666
vt 0.343436 0.764912
vt 0.338596 0.765484
vt 0.103666 0.547825
vt 0.948686 0.318698
vt 0.108601 0.746586
vt 0.103667 0.738994
vt 0.105756 0.736288
vt 0.107663 0.736315
vt 0.656893 0.132623
vt 0.656862 0.137703
vt 0.655203 0.137809
vt 0.655174 0.140333
vt 0.653501 0.140420
vt 0.653458 0.142940
vt 0.651752 0.143012
vt 0.651227 0.155512
vt 0.649525 0.155580
vt 0.648791 0.167955
vt 0.647136 0.168012
vt 0.647408 0.172978
vt 0.643376 0.180450
vt 0.645092 0.180398
vt 0.646167 0.185167
vt 0.572262 0.146204
vt 0.647382 0.102828
vt 0.658420 0.129962
vt 0.658545 0.132506
vt 0.655070 0.104866
vt 0.660022 0.129762
vt 0.653397 0.104968
vt 0.652524 0.102698
vt 0.646262 0.088149
vt 0.648451 0.100434
vt 0.644501 0.088005
vt 0.646758 0.100436
vt 0.565345 0.137447
vt 0.568801 0.141826
vt 0.642178 0.075195
vt 0.643885 0.075472
vt 0.640728 0.070114
vt 0.642353 0.070394
vt 0.638837 0.067415
vt 0.640556 0.067711
vt 0.636067 0.060045
vt 0.637832 0.060419
vt 0.633579 0.055114
vt 0.635465 0.055569
vt 0.633100 0.053048
vt 0.614496 0.049560
vt 0.553737 0.122117
vt 0.561746 0.133185
vt 0.606931 0.047375
vt 0.614309 0.047996
vt 0.599435 0.045200
vt 0.606767 0.045879
vt 0.543136 0.069648
vt 0.596920 0.043385
vt 0.599365 0.043666
vt 0.594402 0.041522
vt 0.596847 0.041847
vt 0.596280 0.035980
vt 0.596442 0.037323
vt 0.593943 0.036789
vt 0.633874 0.041793
vt 0.629302 0.041408
vt 0.628688 0.039777
vt 0.636710 0.043883
vt 0.634551 0.043408
vt 0.630538 0.014040
vt 0.635240 0.031351
vt 0.633187 0.030880
vt 0.628797 0.012548
vt 0.625782 0.009846
vt 0.573379 0.024468
vt 0.562388 0.000760
vt 0.564865 0.000979
vt 0.562807 0.002425
vt 0.567304 0.001231
vt 0.549209 0.001114
vt 0.558004 0.001818
vt 0.560934 0.024007
vt 0.549874 0.017358
vt 0.544041 0.002929
vt 0.544279 0.000957
vt 0.561077 0.025342
vt 0.573496 0.026066
vt 0.557359 0.042682
vt 0.554583 0.044936
vt 0.559998 0.040141
vt 0.562880 0.035449
vt 0.568676 0.026967
vt 0.568631 0.025398
vt 0.563758 0.028331
vt 0.561308 0.029987
vt 0.560375 0.035459
vt 0.557648 0.040429
vt 0.543132 0.063311
vt 0.554922 0.042800
vt 0.551783 0.047167
vt 0.552150 0.045078
vt 0.548931 0.049293
vt 0.546026 0.051299
vt 0.546398 0.049247
vt 0.543146 0.053368
vt 0.543485 0.051297
vt 0.539616 0.057406
vt 0.540543 0.053331
vt 0.536079 0.061462
vt 0.537003 0.057362
vt 0.540717 0.063597
vt 0.540871 0.061739
vt 0.540702 0.071705
vt 0.540623 0.069522
vt 0.538305 0.073751
vt 0.538199 0.071552
vt 0.535440 0.098478
vt 0.535913 0.075888
vt 0.535794 0.073652
vt 0.528633 0.077791
vt 0.528511 0.075563
vt 0.526742 0.085218
vt 0.526093 0.078174
vt 0.530895 0.091961
vt 0.528504 0.092647
vt 0.533117 0.099210
vt 0.542328 0.109375
vt 0.539862 0.110143
vt 0.546827 0.116060
vt 0.544461 0.116752
vt 0.550624 0.120277
vt 0.548199 0.120972
vt 0.551320 0.122752
vt 0.558108 0.128860
vt 0.555671 0.129486
vt 0.559327 0.133782
vt 0.562957 0.138055
vt 0.566482 0.142408
vt 0.569971 0.146767
vt 0.577454 0.160581
vt 0.575043 0.161214
vt 0.578628 0.165513
vt 0.588080 0.184079
vt 0.585647 0.184727
vt 0.589767 0.191501
vt 0.600937 0.206796
vt 0.598526 0.207411
vt 0.604978 0.213595
vt 0.602558 0.214189
vt 0.607928 0.215479
vt 0.605508 0.216044
vt 0.611929 0.222287
vt 0.609492 0.222848
vt 0.611406 0.232757
vt 0.610952 0.230266
vt 0.613417 0.229716
vt 0.609835 0.238305
vt 0.608944 0.233291
vt 0.615163 0.239778
vt 0.612708 0.240292
vt 0.612288 0.237777
vt 0.619689 0.236217
vt 0.618012 0.241807
vt 0.615559 0.242315
vt 0.617624 0.239263
vt 0.623081 0.227724
vt 0.620075 0.238755
vt 0.621238 0.230676
vt 0.622131 0.235724
vt 0.623576 0.230218
vt 0.649973 0.225593
vt 0.641102 0.226968
vt 0.640679 0.224513
vt 0.657146 0.227206
vt 0.650384 0.228024
vt 0.662198 0.229139
vt 0.657596 0.229633
vt 0.664941 0.231356
vt 0.662642 0.231585
vt 0.672316 0.233129
vt 0.665369 0.233817
vt 0.677560 0.235022
vt 0.672767 0.235617
vt 0.679367 0.237376
vt 0.677594 0.237600
vt 0.673276 0.208419
vt 0.674316 0.210812
vt 0.674361 0.206366
vt 0.675071 0.208634
vt 0.664461 0.182422
vt 0.665368 0.184539
vt 0.663562 0.184534
vt 0.659996 0.184662
vt 0.651373 0.184975
vt 0.664281 0.175217
vt 0.666260 0.182512
vt 0.660803 0.175184
vt 0.662618 0.182400
vt 0.659081 0.182480
vt 0.647282 0.182749
vt 0.650670 0.182650
vt 0.647870 0.185122
vt 0.083809 0.557140
vt 0.081234 0.557405
vt 0.081231 0.559830
vt 0.078658 0.559994
vt 0.078591 0.562332
vt 0.063318 0.567062
vt 0.048541 0.568281
vt 0.042093 0.565234
vt 0.039951 0.565147
vt 0.040296 0.562743
vt 0.032359 0.561634
vt 0.034980 0.560244
vt 0.030877 0.561073
vt 0.032551 0.559078
vt 0.086214 0.552259
vt 0.086301 0.554418
vt 0.858828 0.415727
vt 0.863528 0.416411
vt 0.857338 0.426507
vt 0.871519 0.431048
vt 0.866079 0.431430
vt 0.870806 0.432809
vt 0.865371 0.433221
vt 0.847690 0.417418
vt 0.851810 0.426915
vt 0.863758 0.410805
vt 0.862036 0.414424
vt 0.859659 0.413931
vt 0.852489 0.412519
vt 0.851075 0.428676
vt 0.852746 0.431151
vt 0.855124 0.431993
vt 0.854414 0.433717
vt 0.856813 0.434478
vt 0.856107 0.436230
vt 0.848891 0.434057
vt 0.849607 0.432337
vt 0.840055 0.429322
vt 0.840780 0.427611
vt 0.833587 0.425550
vt 0.834317 0.423786
vt 0.824711 0.421083
vt 0.823991 0.422815
vt 0.821601 0.422095
vt 0.849260 0.413842
vt 0.858296 0.405599
vt 0.867061 0.409588
vt 0.862246 0.408451
vt 0.820881 0.423872
vt 0.816098 0.422434
vt 0.815380 0.424204
vt 0.810592 0.422768
vt 0.809874 0.424519
vt 0.802628 0.422529
vt 0.800310 0.421465
vt 0.799589 0.423234
vt 0.797352 0.422025
vt 0.803447 0.413703
vt 0.800420 0.414525
vt 0.826103 0.411069
vt 0.804147 0.411949
vt 0.795203 0.414097
vt 0.855003 0.406977
vt 0.796614 0.423784
vt 0.790110 0.419904
vt 0.791560 0.416427
vt 0.787066 0.414126
vt 0.787733 0.412463
vt 0.785508 0.411268
vt 0.786196 0.409573
vt 0.795889 0.412362
vt 0.801115 0.412774
vt 0.799425 0.410222
vt 0.800129 0.408450
vt 0.797769 0.407578
vt 0.798477 0.405798
vt 0.793791 0.403903
vt 0.795183 0.400406
vt 0.792848 0.399436
vt 0.793549 0.397697
vt 0.791205 0.396747
vt 0.791926 0.394962
vt 0.787248 0.393047
vt 0.787937 0.391363
vt 0.781008 0.388279
vt 0.784741 0.385851
vt 0.782437 0.384814
vt 0.804453 0.390903
vt 0.798879 0.384722
vt 0.794134 0.383018
vt 0.786232 0.382322
vt 0.821971 0.401429
vt 0.816323 0.395287
vt 0.781551 0.380436
vt 0.780813 0.382163
vt 0.778461 0.381233
vt 0.777734 0.382959
vt 0.773173 0.380802
vt 0.774626 0.377391
vt 0.776927 0.378410
vt 0.777684 0.376676
vt 0.782311 0.378685
vt 0.783878 0.375185
vt 0.787774 0.378814
vt 0.790926 0.377923
vt 0.790137 0.379683
vt 0.787000 0.380554
vt 0.794893 0.381315
vt 0.799642 0.382986
vt 0.803577 0.386591
vt 0.802823 0.388322
vt 0.805200 0.389170
vt 0.821067 0.397117
vt 0.820331 0.398822
vt 0.822710 0.399711
vt 0.826729 0.403247
vt 0.825990 0.404939
vt 0.833128 0.407637
vt 0.829965 0.408525
vt 0.832358 0.409354
vt 0.829220 0.410213
vt 0.826846 0.409343
vt 0.846850 0.413340
vt 0.847643 0.411539
vt 0.328604 0.723873
vt 0.330764 0.723066
vt 0.331534 0.720734
vt 0.333450 0.720644
vt 0.334386 0.718638
vt 0.336465 0.718364
vt 0.337423 0.720581
vt 0.336222 0.725947
vt 0.761300 0.548749
vt 0.405780 0.711936
vt 0.404117 0.711532
vt 0.404163 0.709027
vt 0.407195 0.717412
vt 0.405545 0.716969
vt 0.407022 0.702368
vt 0.405291 0.701976
vt 0.490014 0.863915
vt 0.490138 0.860144
vt 0.492404 0.861564
vt 0.492229 0.859312
vt 0.502534 0.858298
vt 0.500675 0.861001
vt 0.516651 0.857813
vt 0.510590 0.860775
vt 0.516433 0.860124
vt 0.498891 0.864918
vt 0.498575 0.863168
vt 0.367929 0.748141
vt 0.344991 0.756511
vt 0.345301 0.750766
vt 0.344037 0.754136
vt 0.343600 0.751791
vt 0.344868 0.748430
vt 0.346691 0.747412
vt 0.346345 0.745106
vt 0.348268 0.744106
vt 0.347734 0.739601
vt 0.349736 0.738640
vt 0.349443 0.736401
vt 0.351366 0.735385
vt 0.351028 0.733159
vt 0.355408 0.731449
vt 0.367272 0.729538
vt 0.367984 0.736049
vt 0.368304 0.738271
vt 0.368928 0.742692
vt 0.370191 0.735224
vt 0.370405 0.737388
vt 0.021740 0.298781
vt 0.020003 0.300838
vt 0.021518 0.142552
vt 0.019232 0.143138
vt 0.025947 0.157380
vt 0.024968 0.199443
vt 0.027019 0.192271
vt 0.017750 0.212918
vt 0.022870 0.198836
vt 0.015481 0.212309
vt 0.026041 0.278100
vt 0.026534 0.288017
vt 0.106344 0.838192
vt 0.101700 0.841088
vt 0.103708 0.842068
vt 0.097776 0.847337
vt 0.082481 0.861664
vt 0.497622 0.360601
vt 0.435565 0.853444
vt 0.437335 0.853521
vt 0.435515 0.849439
vt 0.437158 0.849444
vt 0.439207 0.853509
vt 0.441037 0.853450
vt 0.406978 0.765991
vt 0.405422 0.767492
vt 0.407054 0.768597
vt 0.405349 0.768658
vt 0.404943 0.763098
vt 0.403415 0.747494
vt 0.399150 0.755419
vt 0.403150 0.760062
vt 0.401493 0.760186
vt 0.401729 0.767624
vt 0.399669 0.762859
vt 0.399801 0.767892
vt 0.399170 0.765460
vt 0.399210 0.740031
vt 0.401253 0.740028
vt 0.398898 0.742929
vt 0.396732 0.743382
vt 0.395119 0.753480
vt 0.394448 0.750975
vt 0.397395 0.755650
vt 0.284889 0.773894
vt 0.494281 0.866335
vt 0.494694 0.868392
vt 0.298999 0.772443
vt 0.300774 0.771962
vt 0.286654 0.756495
vt 0.288282 0.757134
vt 0.288282 0.761769
vt 0.286688 0.763525
vt 0.284957 0.763080
vt 0.857948 0.574394
vt 0.858497 0.572677
vt 0.862879 0.576368
vt 0.864193 0.575324
vt 0.866097 0.577126
vt 0.867389 0.575950
vt 0.869256 0.577672
vt 0.878347 0.569444
vt 0.870987 0.579516
vt 0.880111 0.571316
vt 0.874096 0.583427
vt 0.872803 0.584704
vt 0.874184 0.586718
vt 0.871343 0.589397
vt 0.872476 0.591253
vt 0.870772 0.592261
vt 0.852952 0.573695
vt 0.853479 0.571854
vt 0.872954 0.596560
vt 0.871256 0.597769
vt 0.844964 0.572286
vt 0.845546 0.570623
vt 0.874089 0.606266
vt 0.834470 0.599846
vt 0.844052 0.574468
vt 0.839630 0.577590
vt 0.841618 0.573494
vt 0.836437 0.578480
vt 0.837461 0.576366
vt 0.833180 0.579437
vt 0.834283 0.577250
vt 0.829882 0.580267
vt 0.831002 0.578154
vt 0.824488 0.584588
vt 0.828035 0.592761
vt 0.826282 0.591090
vt 0.828387 0.587722
vt 0.833319 0.601400
vt 0.840033 0.614682
vt 0.838691 0.612341
vt 0.840936 0.620341
vt 0.838515 0.615667
vt 0.840394 0.623488
vt 0.839325 0.621203
vt 0.839655 0.626365
vt 0.838732 0.624084
vt 0.835002 0.624778
vt 0.837010 0.624496
vt 0.837880 0.626815
vt 0.831892 0.620224
vt 0.833160 0.619558
vt 0.823177 0.605244
vt 0.824760 0.607071
vt 0.823769 0.608698
vt 0.847848 0.659794
vt 0.821072 0.600373
vt 0.824210 0.603661
vt 0.820644 0.597189
vt 0.822191 0.598735
vt 0.811921 0.593376
vt 0.812947 0.591394
vt 0.794438 0.584760
vt 0.795368 0.582752
vt 0.772053 0.573717
vt 0.773018 0.571604
vt 0.745990 0.563739
vt 0.747078 0.561625
vt 0.733786 0.560485
vt 0.730403 0.561520
vt 0.731456 0.564817
vt 0.729229 0.563728
vt 0.732555 0.568064
vt 0.730308 0.567021
vt 0.733701 0.571315
vt 0.732600 0.573536
vt 0.813670 0.810794
vt 0.811250 0.810141
vt 0.862646 0.776856
vt 0.852799 0.706810
vt 0.859665 0.738008
vt 0.855879 0.719390
vt 0.843484 0.810738
vt 0.860531 0.750725
vt 0.862465 0.750643
vt 0.862568 0.763364
vt 0.861482 0.732927
vt 0.861728 0.738021
vt 0.859369 0.732949
vt 0.857676 0.718916
vt 0.854742 0.706620
vt 0.848936 0.652111
vt 0.849753 0.659440
vt 0.853006 0.653779
vt 0.851110 0.654178
vt 0.850813 0.651724
vt 0.853855 0.645925
vt 0.858501 0.628287
vt 0.855325 0.642942
vt 0.852707 0.651312
vt 0.854564 0.650888
vt 0.855732 0.645458
vt 0.856719 0.639907
vt 0.857136 0.642452
vt 0.857670 0.634141
vt 0.858490 0.639374
vt 0.859419 0.633588
vt 0.860099 0.626156
vt 0.860452 0.628037
vt 0.862242 0.625176
vt 0.870100 0.615130
vt 0.870636 0.617332
vt 0.871434 0.612057
vt 0.871982 0.614288
vt 0.873379 0.611301
vt 0.000000 0.391899
vt 0.692914 0.584869
vt 0.693953 0.576498
vt 0.313793 0.555203
vt 0.890753 0.398724
vt 0.769782 0.061993
vt 0.767065 0.059663
vt 0.767069 0.057319
vt 0.254500 0.773300
vt 0.781246 0.503935
vt 0.779771 0.506034
vt 0.781260 0.507401
vt 0.779500 0.509235
vt 0.775479 0.505411
vt 0.776908 0.499840
vt 0.779847 0.498985
vt 0.779610 0.495409
vt 0.781120 0.496584
vt 0.332778 0.625746
vt 0.332035 0.605715
vt 0.338711 0.621241
vt 0.334358 0.605861
vt 0.334146 0.602527
vt 0.331795 0.602963
vt 0.331072 0.592421
vt 0.338440 0.596594
vt 0.338115 0.591648
vt 0.345064 0.605904
vt 0.340315 0.588871
vt 0.330617 0.653424
vt 0.330443 0.625657
vt 0.332971 0.638054
vt 0.334737 0.630854
vt 0.340543 0.618862
vt 0.341751 0.580907
vt 0.344025 0.580723
vt 0.339640 0.567893
vt 0.337310 0.568689
vt 0.337468 0.558225
vt 0.335177 0.554638
vt 0.338742 0.557673
vt 0.342494 0.564010
vt 0.343915 0.563372
vt 0.351074 0.582175
vt 0.351382 0.597622
vt 0.349339 0.602907
vt 0.347245 0.603161
vt 0.346967 0.605675
vt 0.344292 0.616560
vt 0.342501 0.616440
vt 0.342346 0.618984
vt 0.340483 0.621379
vt 0.338345 0.628716
vt 0.336579 0.628551
vt 0.336534 0.631027
vt 0.334754 0.638225
vt 0.332283 0.654099
vt 0.099392 0.690439
vt 0.739301 0.887754
vt 0.739392 0.885835
vt 0.744139 0.887482
vt 0.758851 0.884761
vt 0.751426 0.887228
vt 0.768857 0.889675
vt 0.759005 0.891352
vt 0.770579 0.901658
vt 0.765052 0.898788
vt 0.770861 0.903464
vt 0.773215 0.902800
vt 0.774414 0.908387
vt 0.761922 0.895108
vt 0.766312 0.906407
vt 0.756406 0.889453
vt 0.751346 0.889879
vt 0.756444 0.891563
vt 0.761694 0.893138
vt 0.759122 0.893373
vt 0.759600 0.897233
vt 0.759325 0.895303
vt 0.762204 0.897084
vt 0.762551 0.898994
vt 0.683716 0.893672
vt 0.683889 0.895610
vt 0.672973 0.892184
vt 0.666991 0.890682
vt 0.667299 0.893917
vt 0.665330 0.891691
vt 0.665459 0.892746
vt 0.683577 0.882212
vt 0.664347 0.886393
vt 0.681273 0.879388
vt 0.685935 0.892151
vt 0.686121 0.894192
vt 0.690962 0.892908
vt 0.690691 0.886030
vt 0.688254 0.885595
vt 0.688480 0.883034
vt 0.683725 0.879732
vt 0.678885 0.876643
vt 0.664076 0.877442
vt 0.661749 0.895196
vt 0.661266 0.891981
vt 0.659840 0.893556
vt 0.676408 0.873954
vt 0.660140 0.889836
vt 0.661646 0.888983
vt 0.661018 0.886719
vt 0.662423 0.877325
vt 0.660842 0.870205
vt 0.658296 0.847472
vt 0.664210 0.852794
vt 0.659985 0.847569
vt 0.663927 0.847598
vt 0.666593 0.852658
vt 0.669757 0.862673
vt 0.672786 0.867888
vt 0.673309 0.870804
vt 0.676522 0.871569
vt 0.419500 0.676061
vt 0.418174 0.660838
vt 0.479246 0.257265
vt 0.475718 0.258882
vt 0.473745 0.251667
vt 0.484493 0.254996
vt 0.480942 0.256492
vt 0.414168 0.773127
vt 0.415953 0.593798
vt 0.169825 0.536778
vt 0.376167 0.774716
vt 0.512555 0.117920
vt 0.514369 0.117320
vt 0.515644 0.139447
vt 0.517485 0.138931
vt 0.511381 0.166439
vt 0.509549 0.166678
vt 0.508062 0.171118
vt 0.505263 0.173363
vt 0.507051 0.173125
vt 0.504036 0.134221
vt 0.504331 0.175388
vt 0.502493 0.175597
vt 0.511492 0.110703
vt 0.512118 0.100707
vt 0.513300 0.110267
vt 0.493262 0.150327
vt 0.510091 0.093657
vt 0.510407 0.101083
vt 0.498308 0.193587
vt 0.497752 0.195762
vt 0.510741 0.179097
vt 0.510778 0.184204
vt 0.508626 0.181742
vt 0.506518 0.184440
vt 0.508855 0.179274
vt 0.506854 0.181993
vt 0.504665 0.184733
vt 0.502473 0.190171
vt 0.422225 0.708187
vt 0.953025 0.299285
vt 0.954040 0.297029
vt 0.953324 0.294259
vt 0.955126 0.294800
vt 0.957588 0.297965
vt 0.956227 0.305337
vt 0.953313 0.312274
vt 0.517385 0.161102
vt 0.726215 0.528706
vt 0.724822 0.529135
vt 0.737045 0.532084
vt 0.727608 0.528277
vt 0.729171 0.527296
vt 0.732560 0.528301
vt 0.886329 0.402113
vt 0.888183 0.402273
vt 0.883017 0.408061
vt 0.885247 0.408729
vt 0.882038 0.410098
vt 0.879862 0.409728
vt 0.877018 0.415401
vt 0.874755 0.414984
vt 0.875700 0.413222
vt 0.876610 0.411324
vt 0.878840 0.411532
vt 0.763127 0.541048
vt 0.087458 0.629852
vt 0.085533 0.629728
vt 0.082496 0.624307
vt 0.075365 0.623442
vt 0.070275 0.625310
vt 0.069667 0.623302
vt 0.089992 0.625036
vt 0.087625 0.622399
vt 0.067519 0.627081
vt 0.064902 0.627552
vt 0.066471 0.640454
vt 0.066667 0.642185
vt 0.062316 0.627937
vt 0.062067 0.626126
vt 0.066864 0.644635
vt 0.055320 0.640633
vt 0.054782 0.646578
vt 0.049142 0.648152
vt 0.058158 0.633044
vt 0.049401 0.650557
vt 0.040726 0.650073
vt 0.088530 0.634933
vt 0.087617 0.632320
vt 0.095252 0.636811
vt 0.080334 0.639131
vt 0.080817 0.641535
vt 0.081499 0.643808
vt 0.078955 0.644293
vt 0.078632 0.641855
vt 0.091751 0.641888
vt 0.096526 0.646556
vt 0.091872 0.646354
vt 0.100435 0.638726
vt 0.097967 0.638987
vt 0.097752 0.636573
vt 0.103156 0.640828
vt 0.100664 0.641081
vt 0.108309 0.643050
vt 0.103352 0.643240
vt 0.108003 0.641159
vt 0.109946 0.640220
vt 0.110039 0.642119
vt 0.119557 0.639864
vt 0.119886 0.641505
vt 0.117882 0.638691
vt 0.106987 0.630455
vt 0.117861 0.634906
vt 0.106871 0.628528
vt 0.089879 0.623215
vt 0.085656 0.619485
vt 0.087933 0.620287
vt 0.083669 0.616834
vt 0.085747 0.617550
vt 0.081448 0.614285
vt 0.083590 0.614880
vt 0.078755 0.612236
vt 0.081230 0.612311
vt 0.068448 0.608444
vt 0.078401 0.610149
vt 0.072043 0.615419
vt 0.068837 0.621323
vt 0.062756 0.617455
vt 0.065210 0.616929
vt 0.057496 0.629300
vt 0.053136 0.633182
vt 0.051670 0.642115
vt 0.051053 0.640118
vt 0.034331 0.637237
vt 0.036692 0.637375
vt 0.037867 0.641440
vt 0.028916 0.632215
vt 0.033275 0.633130
vt 0.027300 0.634035
vt 0.026984 0.631311
vt 0.025581 0.636061
vt 0.025467 0.633962
vt 0.023812 0.639929
vt 0.023704 0.635555
vt 0.028017 0.640973
vt 0.028157 0.645770
vt 0.026140 0.647591
vt 0.025767 0.645218
vt 0.022204 0.649334
vt 0.022972 0.647040
vt 0.018487 0.665730
vt 0.020002 0.648849
vt 0.026544 0.659252
vt 0.023710 0.663918
vt 0.023481 0.666399
vt 0.026228 0.664219
vt 0.029074 0.657045
vt 0.029032 0.659499
vt 0.033968 0.654907
vt 0.034012 0.657381
vt 0.036233 0.652553
vt 0.036406 0.654982
vt 0.040987 0.652574
vt 0.305987 0.772342
vt 0.305987 0.774977
vt 0.302718 0.775384
vt 0.302755 0.773045
vt 0.492864 0.270511
vt 0.494805 0.269878
vt 0.498847 0.284568
vt 0.496903 0.285156
vt 0.497690 0.287565
vt 0.495885 0.288167
vt 0.454821 0.216078
vt 0.453172 0.216920
vt 0.450568 0.207166
vt 0.454974 0.221506
vt 0.453918 0.219288
vt 0.455597 0.218445
vt 0.484117 0.236786
vt 0.455509 0.224111
vt 0.457122 0.223313
vt 0.483818 0.276798
vt 0.496668 0.290579
vt 0.493080 0.291892
vt 0.482826 0.285363
vt 0.456057 0.226602
vt 0.457804 0.225765
vt 0.491427 0.292530
vt 0.469304 0.242826
vt 0.461164 0.246486
vt 0.455732 0.232334
vt 0.461912 0.243293
vt 0.462791 0.245636
vt 0.463417 0.242540
vt 0.468141 0.246078
vt 0.466230 0.246796
vt 0.467527 0.243609
vt 0.472016 0.252480
vt 0.473063 0.249263
vt 0.474740 0.248473
vt 0.481621 0.264351
vt 0.483254 0.263604
vt 0.478198 0.265971
vt 0.476615 0.266808
vt 0.482393 0.266704
vt 0.484786 0.268321
vt 0.484011 0.265965
vt 0.482168 0.272159
vt 0.478566 0.279397
vt 0.482117 0.277591
vt 0.481065 0.280778
vt 0.479379 0.281720
vt 0.482928 0.290807
vt 0.481252 0.286236
vt 0.489837 0.293165
vt 0.482273 0.293993
vt 0.481431 0.291712
vt 0.480941 0.297261
vt 0.480810 0.295070
vt 0.482861 0.296213
vt 0.485618 0.299976
vt 0.483485 0.300575
vt 0.487003 0.296924
vt 0.488304 0.301687
vt 0.486083 0.302331
vt 0.463940 0.087626
vt 0.475656 0.084429
vt 0.470986 0.087587
vt 0.482863 0.078804
vt 0.483365 0.083454
vt 0.475992 0.086816
vt 0.471414 0.090095
vt 0.457756 0.096429
vt 0.453160 0.097932
vt 0.368560 0.775456
vt 0.366983 0.775950
vt 0.366983 0.771318
vt 0.257154 0.610612
vt 0.252247 0.604110
vt 0.757062 0.119855
vt 0.752797 0.120872
vt 0.849756 0.208543
vt 0.849521 0.211058
vt 0.754002 0.217608
vt 0.901713 0.271218
vt 0.903999 0.272170
vt 0.931062 0.302986
vt 0.928699 0.301814
vt 0.772438 0.358829
vt 0.879413 0.348845
vt 0.923258 0.307355
vt 0.925620 0.308479
vt 0.921539 0.311454
vt 0.919219 0.310398
vt 0.882506 0.347448
vt 0.717546 0.287909
vt 0.912332 0.327337
vt 0.914665 0.328236
vt 0.899096 0.337198
vt 0.905526 0.335767
vt 0.907957 0.336865
vt 0.904701 0.337478
vt 0.902190 0.336360
vt 0.885569 0.346122
vt 0.714841 0.184018
vt 0.717014 0.184005
vt 0.901559 0.338143
vt 0.896979 0.343401
vt 0.894627 0.342480
vt 0.892534 0.348703
vt 0.884824 0.348298
vt 0.881743 0.349683
vt 0.878639 0.351102
vt 0.880986 0.351904
vt 0.880239 0.354112
vt 0.884939 0.355665
vt 0.881839 0.357124
vt 0.884191 0.357882
vt 0.880345 0.361649
vt 0.881094 0.359361
vt 0.883455 0.360076
vt 0.882711 0.362343
vt 0.878875 0.366185
vt 0.883632 0.367499
vt 0.882936 0.369851
vt 0.890088 0.371671
vt 0.886411 0.375828
vt 0.888813 0.376405
vt 0.880330 0.379459
vt 0.885159 0.380627
vt 0.879056 0.384261
vt 0.876645 0.383698
vt 0.875981 0.386087
vt 0.871132 0.384922
vt 0.870453 0.387317
vt 0.868030 0.386736
vt 0.867311 0.389088
vt 0.862446 0.387883
vt 0.861728 0.390282
vt 0.859291 0.389661
vt 0.858547 0.392044
vt 0.851251 0.390022
vt 0.850493 0.392387
vt 0.778052 0.364213
vt 0.777083 0.366129
vt 0.735567 0.341531
vt 0.736272 0.339348
vt 0.723876 0.341309
vt 0.724717 0.335150
vt 0.717816 0.332629
vt 0.718848 0.328078
vt 0.716782 0.327105
vt 0.718279 0.313194
vt 0.714941 0.326074
vt 0.716405 0.312617
vt 0.717047 0.310166
vt 0.717117 0.290368
vt 0.715161 0.309535
vt 0.716231 0.304671
vt 0.714320 0.303986
vt 0.714814 0.301565
vt 0.713912 0.284670
vt 0.712138 0.281778
vt 0.711858 0.284293
vt 0.710395 0.278896
vt 0.710070 0.281409
vt 0.701200 0.166658
vt 0.715147 0.179008
vt 0.700771 0.191652
vt 0.701765 0.248214
vt 0.702072 0.223007
vt 0.699923 0.204359
vt 0.706239 0.278171
vt 0.704619 0.275339
vt 0.704402 0.277813
vt 0.702795 0.274994
vt 0.703027 0.272532
vt 0.701187 0.272210
vt 0.701982 0.264891
vt 0.700140 0.264577
vt 0.699792 0.248221
vt 0.701169 0.235572
vt 0.699396 0.235589
vt 0.700110 0.222919
vt 0.700478 0.217884
vt 0.775553 0.511267
vt 0.749816 0.534575
vt 0.298889 0.772471
vt 0.739910 0.548646
vt 0.414257 0.612650
vt 0.414409 0.635832
vt 0.415944 0.604052
vt 0.294479 0.768797
vt 0.290364 0.769992
vt 0.290204 0.767593
vt 0.288449 0.767946
vt 0.290145 0.765264
vt 0.288309 0.765485
vt 0.290331 0.763061
vt 0.292246 0.762770
vt 0.295020 0.752418
vt 0.295144 0.754893
vt 0.293213 0.755195
vt 0.292690 0.742672
vt 0.293135 0.752737
vt 0.289214 0.755800
vt 0.290888 0.755500
vt 0.354717 0.775038
vt 0.354717 0.770047
vt 0.356440 0.770315
vt 0.978416 0.320165
vt 0.260473 0.712150
vt 0.759742 0.056291
vt 0.414028 0.545736
vt 0.415752 0.545322
vt 0.414086 0.548170
vt 0.773490 0.488995
vt 0.775246 0.489241
vt 0.773774 0.496652
vt 0.775479 0.496882
vt 0.773737 0.504236
vt 0.775479 0.504488
vt 0.771932 0.511568
vt 0.773648 0.511847
vt 0.770668 0.516409
vt 0.769089 0.516156
vt 0.768088 0.503299
vt 0.770653 0.508803
vt 0.767052 0.508226
vt 0.766379 0.503025
vt 0.768146 0.495715
vt 0.766465 0.495437
vt 0.768260 0.480549
vt 0.768826 0.478114
vt 0.772214 0.478644
vt 0.773272 0.481341
vt 0.774446 0.484052
vt 0.363939 0.776713
vt 0.362460 0.776545
vt 0.362594 0.770047
vt 0.067375 0.616306
vt 0.036045 0.592443
vt 0.033623 0.592305
vt 0.034067 0.589870
vt 0.031659 0.589606
vt 0.028651 0.594485
vt 0.028251 0.597096
vt 0.036250 0.589896
vt 0.036835 0.587344
vt 0.030140 0.586942
vt 0.043008 0.589829
vt 0.037597 0.589908
vt 0.028345 0.586784
vt 0.029152 0.581614
vt 0.030126 0.568714
vt 0.047824 0.580492
vt 0.047623 0.582919
vt 0.050044 0.578302
vt 0.049999 0.580689
vt 0.052226 0.578585
vt 0.545106 0.017327
vt 0.544583 0.032913
vt 0.544183 0.030466
vt 0.775533 0.516204
vt 0.289468 0.777294
vt 0.287676 0.777599
vt 0.434641 0.565464
vt 0.434716 0.567411
vt 0.498978 0.554365
vt 0.502770 0.566909
vt 0.501299 0.554940
vt 0.506130 0.555812
vt 0.432637 0.571024
vt 0.432644 0.568455
vt 0.515529 0.562330
vt 0.515208 0.568428
vt 0.430356 0.573825
vt 0.430620 0.571569
vt 0.515095 0.570356
vt 0.514549 0.579093
vt 0.530446 0.585954
vt 0.531095 0.590624
vt 0.427141 0.578407
vt 0.428398 0.574143
vt 0.424226 0.580512
vt 0.425004 0.578395
vt 0.417784 0.600361
vt 0.416002 0.603362
vt 0.415963 0.600891
vt 0.417609 0.602758
vt 0.419378 0.607127
vt 0.417680 0.607670
vt 0.531511 0.593082
vt 0.421063 0.611523
vt 0.419342 0.611991
vt 0.541101 0.607271
vt 0.544378 0.642859
vt 0.541828 0.642859
vt 0.422914 0.625968
vt 0.421245 0.626444
vt 0.420757 0.642856
vt 0.422456 0.642886
vt 0.522606 0.688208
vt 0.529918 0.677828
vt 0.525054 0.685547
vt 0.537210 0.660272
vt 0.542027 0.650315
vt 0.539480 0.650351
vt 0.539770 0.660229
vt 0.532349 0.672804
vt 0.537356 0.670254
vt 0.534836 0.670249
vt 0.425764 0.710142
vt 0.423416 0.710205
vt 0.436856 0.720333
vt 0.534879 0.672736
vt 0.501085 0.712349
vt 0.532455 0.677746
vt 0.527513 0.682917
vt 0.530057 0.682832
vt 0.450382 0.745264
vt 0.452654 0.744942
vt 0.468444 0.741786
vt 0.527594 0.685440
vt 0.455404 0.746815
vt 0.453134 0.747307
vt 0.454279 0.757042
vt 0.453414 0.749702
vt 0.456679 0.756606
vt 0.455737 0.749239
vt 0.525136 0.688082
vt 0.478463 0.736317
vt 0.459646 0.761121
vt 0.457255 0.761544
vt 0.459452 0.758702
vt 0.522973 0.698424
vt 0.520445 0.698551
vt 0.520653 0.703660
vt 0.518131 0.703796
vt 0.518488 0.711443
vt 0.501236 0.717395
vt 0.506240 0.717145
vt 0.506383 0.719661
vt 0.461806 0.758259
vt 0.485192 0.733498
vt 0.455056 0.794314
vt 0.468525 0.777687
vt 0.462447 0.767872
vt 0.468251 0.775776
vt 0.452862 0.799056
vt 0.452812 0.794493
vt 0.459376 0.797987
vt 0.470857 0.779153
vt 0.456280 0.806680
vt 0.456604 0.804641
vt 0.458826 0.804201
vt 0.483365 0.791165
vt 0.455922 0.808705
vt 0.454211 0.821725
vt 0.454861 0.814987
vt 0.478983 0.819578
vt 0.476836 0.822465
vt 0.477180 0.824953
vt 0.479321 0.822090
vt 0.483623 0.816428
vt 0.483951 0.818908
vt 0.488194 0.813425
vt 0.488487 0.815850
vt 0.490329 0.810697
vt 0.490618 0.813100
vt 0.492323 0.805668
vt 0.492718 0.810336
vt 0.503296 0.801163
vt 0.503749 0.803669
vt 0.512947 0.797803
vt 0.513373 0.800239
vt 0.517455 0.794960
vt 0.517910 0.797353
vt 0.521907 0.792169
vt 0.522350 0.794560
vt 0.526331 0.789366
vt 0.526748 0.791762
vt 0.528343 0.786756
vt 0.528734 0.789154
vt 0.529394 0.776880
vt 0.530761 0.786530
vt 0.531589 0.773693
vt 0.531908 0.776505
vt 0.509431 0.779758
vt 0.509055 0.777803
vt 0.502389 0.782962
vt 0.501996 0.780979
vt 0.500295 0.785313
vt 0.499902 0.783335
vt 0.498179 0.787628
vt 0.497793 0.785660
vt 0.490922 0.790356
vt 0.490612 0.788385
vt 0.480495 0.787664
vt 0.482897 0.787313
vt 0.477694 0.784055
vt 0.479926 0.783809
vt 0.473400 0.780680
vt 0.476068 0.780311
vt 0.476050 0.782252
vt 0.473299 0.778723
vt 0.470734 0.777269
vt 0.470173 0.773699
vt 0.470517 0.775582
vt 0.508899 0.719531
vt 0.507256 0.731986
vt 0.509701 0.731971
vt 0.512157 0.731955
vt 0.512244 0.734487
vt 0.507427 0.734356
vt 0.485522 0.735966
vt 0.474488 0.764518
vt 0.479957 0.771550
vt 0.480228 0.773585
vt 0.489539 0.769652
vt 0.489892 0.771646
vt 0.534352 0.766016
vt 0.524089 0.767636
vt 0.524548 0.765667
vt 0.534605 0.764003
vt 0.541692 0.765290
vt 0.536744 0.765521
vt 0.537100 0.763671
vt 0.544093 0.765041
vt 0.541614 0.760580
vt 0.551551 0.769870
vt 0.549101 0.770068
vt 0.551270 0.759706
vt 0.548789 0.759808
vt 0.554160 0.772456
vt 0.551648 0.772582
vt 0.556885 0.777264
vt 0.554340 0.777451
vt 0.561813 0.779814
vt 0.556938 0.779669
vt 0.564287 0.767874
vt 0.564403 0.770280
vt 0.561814 0.770290
vt 0.571539 0.765533
vt 0.571748 0.767931
vt 0.583265 0.763026
vt 0.583529 0.765410
vt 0.568324 0.758836
vt 0.553663 0.757414
vt 0.590173 0.760553
vt 0.590476 0.762931
vt 0.592238 0.758174
vt 0.592553 0.760527
vt 0.568165 0.756441
vt 0.551238 0.757673
vt 0.515035 0.762914
vt 0.478698 0.738761
vt 0.488318 0.738143
vt 0.483587 0.743489
vt 0.488511 0.740661
vt 0.493400 0.740356
vt 0.491015 0.743076
vt 0.493525 0.742969
vt 0.491110 0.745653
vt 0.483632 0.746063
vt 0.470921 0.744140
vt 0.470927 0.741463
vt 0.481390 0.748673
vt 0.481508 0.751292
vt 0.541308 0.758239
vt 0.548778 0.757841
vt 0.486438 0.750869
vt 0.486492 0.753434
vt 0.481548 0.754037
vt 0.476901 0.762018
vt 0.483662 0.085907
vt 0.482579 0.076266
vt 0.487490 0.076200
vt 0.498944 0.087166
vt 0.489092 0.087893
vt 0.507930 0.081307
vt 0.349350 0.722895
vt 0.350157 0.727234
vt 0.348999 0.729466
vt 0.347588 0.728997
vt 0.345609 0.728674
vt 0.343497 0.726205
vt 0.343497 0.718401
vt 0.345584 0.718364
vt 0.346910 0.720772
vt 0.059748 0.626981
vt 0.057140 0.610169
vt 0.059264 0.609495
vt 0.058921 0.607165
vt 0.061004 0.606602
vt 0.061212 0.608666
vt 0.063239 0.607749
vt 0.065713 0.607241
vt 0.314500 0.771400
vt 0.374235 0.759964
vt 0.374671 0.757565
vt 0.378886 0.757908
vt 0.384403 0.758072
vt 0.383372 0.760532
vt 0.379345 0.762621
vt 0.377062 0.765024
vt 0.375190 0.764902
vt 0.372312 0.771970
vt 0.505088 0.010446
vt 0.509035 0.004356
vt 0.510873 0.004340
vt 0.511446 0.002511
vt 0.515534 0.001197
vt 0.522473 0.000513
vt 0.517791 0.002886
vt 0.525127 0.000268
vt 0.529843 0.001950
vt 0.532615 0.000000
vt 0.532319 0.001443
vt 0.539467 0.003491
vt 0.529943 0.004614
vt 0.539632 0.006094
vt 0.541855 0.000992
vt 0.544330 0.014971
vt 0.176059 0.038803
vt 0.176060 0.036977
vt 0.178499 0.032758
vt 0.195613 0.030628
vt 0.193032 0.032561
vt 0.195275 0.032664
vt 0.192847 0.034729
vt 0.188009 0.037019
vt 0.180902 0.040051
vt 0.173816 0.041408
vt 0.173991 0.043575
vt 0.169042 0.042542
vt 0.169184 0.044540
vt 0.169349 0.046663
vt 0.161998 0.046629
vt 0.154672 0.049631
vt 0.154698 0.047855
vt 0.162026 0.044827
vt 0.169044 0.040849
vt 0.308214 0.770810
vt 0.839288 0.572645
vt 0.839766 0.571036
vt 0.829734 0.574852
vt 0.820686 0.586374
vt 0.820283 0.581846
vt 0.818616 0.584993
vt 0.818075 0.580625
vt 0.820817 0.575479
vt 0.824071 0.574742
vt 0.835779 0.573979
vt 0.836399 0.572262
vt 0.830585 0.572968
vt 0.827332 0.573975
vt 0.149013 0.559723
vt 0.150638 0.561177
vt 0.148049 0.560487
vt 0.151303 0.563192
vt 0.150548 0.567832
vt 0.147567 0.561845
vt 0.148960 0.569900
vt 0.145842 0.579185
vt 0.144439 0.570842
vt 0.144143 0.578706
vt 0.142162 0.588897
vt 0.140313 0.588647
vt 0.137698 0.606582
vt 0.140909 0.607122
vt 0.140676 0.609822
vt 0.142428 0.609753
vt 0.142384 0.612381
vt 0.144171 0.612275
vt 0.144116 0.614846
vt 0.147778 0.614610
vt 0.147687 0.612089
vt 0.149628 0.614508
vt 0.149512 0.612012
vt 0.153254 0.614354
vt 0.151631 0.616904
vt 0.153399 0.616828
vt 0.144757 0.625132
vt 0.136097 0.614991
vt 0.151899 0.619370
vt 0.140188 0.617927
vt 0.142555 0.622916
vt 0.155368 0.619238
vt 0.155692 0.621663
vt 0.156577 0.614287
vt 0.160160 0.614241
vt 0.150180 0.629397
vt 0.137512 0.555122
vt 0.144079 0.558338
vt 0.135545 0.605614
vt 0.133715 0.614994
vt 0.135819 0.617200
vt 0.140096 0.623194
vt 0.142511 0.625413
vt 0.146802 0.627294
vt 0.154268 0.633985
vt 0.144702 0.627519
vt 0.159767 0.611795
vt 0.161543 0.611798
vt 0.152166 0.631706
vt 0.160709 0.604332
vt 0.158889 0.604360
vt 0.158716 0.601860
vt 0.162360 0.601798
vt 0.162358 0.596762
vt 0.160492 0.596806
vt 0.160660 0.594321
vt 0.162473 0.594261
vt 0.177888 0.582655
vt 0.175934 0.582424
vt 0.163091 0.589381
vt 0.159410 0.589513
vt 0.161766 0.584859
vt 0.160026 0.584732
vt 0.162704 0.580127
vt 0.164443 0.580394
vt 0.165788 0.572891
vt 0.169184 0.576039
vt 0.169557 0.573552
vt 0.172894 0.576792
vt 0.172259 0.579220
vt 0.174316 0.579704
vt 0.175885 0.580165
vt 0.195056 0.590412
vt 0.177370 0.580527
vt 0.179004 0.580718
vt 0.184369 0.584895
vt 0.146988 0.629652
vt 0.197664 0.592449
vt 0.179857 0.582729
vt 0.183473 0.582857
vt 0.188409 0.584554
vt 0.189533 0.586644
vt 0.196752 0.590199
vt 0.199354 0.592257
vt 0.221690 0.603394
vt 0.231845 0.609532
vt 0.224954 0.583234
vt 0.220201 0.580345
vt 0.221678 0.579457
vt 0.226593 0.582668
vt 0.229468 0.586339
vt 0.230361 0.588542
vt 0.192687 0.647866
vt 0.241016 0.628854
vt 0.182781 0.642740
vt 0.241209 0.609926
vt 0.232058 0.588408
vt 0.234072 0.587948
vt 0.244186 0.614689
vt 0.243033 0.610219
vt 0.242388 0.621816
vt 0.244097 0.619616
vt 0.244044 0.622194
vt 0.242792 0.629238
vt 0.241792 0.638638
vt 0.239935 0.638299
vt 0.240630 0.650316
vt 0.238777 0.650076
vt 0.238827 0.652509
vt 0.236969 0.652414
vt 0.237322 0.657359
vt 0.235284 0.654809
vt 0.235376 0.657330
vt 0.219481 0.654981
vt 0.219536 0.657565
vt 0.214854 0.657751
vt 0.214956 0.660353
vt 0.210095 0.660442
vt 0.210060 0.657862
vt 0.202699 0.657975
vt 0.202698 0.655412
vt 0.200204 0.655441
vt 0.200198 0.652895
vt 0.149695 0.631830
vt 0.151871 0.634077
vt 0.197747 0.652923
vt 0.197666 0.650387
vt 0.158864 0.636194
vt 0.154086 0.636374
vt 0.192778 0.650412
vt 0.185331 0.647900
vt 0.185288 0.645290
vt 0.182833 0.645362
vt 0.175522 0.643030
vt 0.163391 0.640850
vt 0.158705 0.638574
vt 0.757290 0.548703
vt 0.013996 0.680354
vt 0.012201 0.680355
vt 0.014753 0.662413
vt 0.016479 0.662889
vt 0.019930 0.640999
vt 0.021660 0.641662
vt 0.014255 0.687526
vt 0.012356 0.687523
vt 0.014120 0.694323
vt 0.012349 0.694345
vt 0.013656 0.701112
vt 0.011894 0.701142
vt 0.016627 0.703438
vt 0.012918 0.703453
vt 0.013051 0.720494
vt 0.011230 0.720225
vt 0.014539 0.723270
vt 0.012701 0.722894
vt 0.044485 0.699532
vt 0.043619 0.704060
vt 0.042672 0.699814
vt 0.040826 0.691187
vt 0.039026 0.672777
vt 0.021946 0.639317
vt 0.043558 0.682195
vt 0.043156 0.697589
vt 0.044105 0.686573
vt 0.045029 0.697348
vt 0.042706 0.690968
vt 0.047761 0.670156
vt 0.047287 0.672548
vt 0.296990 0.710019
vt 0.758352 0.533560
vt 0.759589 0.528573
vt 0.761574 0.529089
vt 0.763127 0.529220
vt 0.763127 0.543753
vt 0.762724 0.546223
vt 0.761997 0.548591
vt 0.760162 0.548099
vt 0.757109 0.546614
vt 0.757736 0.544336
vt 0.756163 0.543708
vt 0.755397 0.540775
vt 0.756427 0.535806
vt 0.691560 0.483759
vt 0.692556 0.513593
vt 0.690785 0.516729
vt 0.638911 0.437372
vt 0.639219 0.439919
vt 0.644277 0.439124
vt 0.643951 0.436543
vt 0.651330 0.434043
vt 0.651018 0.431995
vt 0.653484 0.431382
vt 0.653105 0.429053
vt 0.658048 0.427972
vt 0.657627 0.425569
vt 0.662572 0.424500
vt 0.690629 0.451485
vt 0.692372 0.446195
vt 0.661683 0.419658
vt 0.664155 0.419156
vt 0.690332 0.466221
vt 0.690471 0.420815
vt 0.668653 0.415670
vt 0.690607 0.419039
vt 0.663700 0.416701
vt 0.673165 0.412190
vt 0.668203 0.413213
vt 0.689760 0.406305
vt 0.672710 0.409704
vt 0.689381 0.403922
vt 0.691797 0.403645
vt 0.695267 0.416259
vt 0.692117 0.405972
vt 0.694229 0.405954
vt 0.695546 0.418107
vt 0.690876 0.456061
vt 0.695388 0.419879
vt 0.697516 0.418908
vt 0.696830 0.425141
vt 0.682185 0.548105
vt 0.698794 0.424305
vt 0.696059 0.442378
vt 0.684140 0.546633
vt 0.685348 0.541916
vt 0.685994 0.545005
vt 0.688929 0.539372
vt 0.694236 0.443180
vt 0.694130 0.445374
vt 0.689061 0.530274
vt 0.689312 0.532232
vt 0.692380 0.450674
vt 0.692574 0.455263
vt 0.691286 0.460710
vt 0.692961 0.459916
vt 0.690721 0.529072
vt 0.692616 0.515660
vt 0.694307 0.512493
vt 0.693210 0.482933
vt 0.691946 0.465417
vt 0.007219 0.769575
vt 0.009516 0.769807
vt 0.004873 0.774343
vt 0.009699 0.782141
vt 0.011917 0.782349
vt 0.012014 0.784800
vt 0.014282 0.784985
vt 0.014300 0.792370
vt 0.008081 0.791446
vt 0.008118 0.786624
vt 0.006353 0.786296
vt 0.002974 0.774072
vt 0.005209 0.766686
vt 0.003391 0.765316
vt 0.005144 0.763991
vt 0.007281 0.767061
vt 0.003349 0.763135
vt 0.005256 0.756701
vt 0.003372 0.755946
vt 0.005285 0.754433
vt 0.007162 0.755082
vt 0.006720 0.750716
vt 0.010525 0.752002
vt 0.008906 0.739207
vt 0.010832 0.739844
vt 0.010231 0.735551
vt 0.012132 0.736160
vt 0.011266 0.729340
vt 0.013133 0.729927
vt 0.028244 0.724875
vt 0.025784 0.727060
vt 0.028370 0.727163
vt 0.026159 0.729510
vt 0.023677 0.729466
vt 0.018128 0.747574
vt 0.025727 0.740644
vt 0.028137 0.740861
vt 0.026399 0.745028
vt 0.028721 0.745355
vt 0.016402 0.768226
vt 0.024462 0.746701
vt 0.026781 0.747004
vt 0.024859 0.748662
vt 0.018523 0.749548
vt 0.020709 0.749968
vt 0.026056 0.771461
vt 0.016532 0.770558
vt 0.024894 0.762481
vt 0.022615 0.762306
vt 0.025665 0.752459
vt 0.026306 0.756521
vt 0.024632 0.760395
vt 0.737462 0.547561
vt 0.340661 0.772080
vt 0.770672 0.570467
vt 0.740564 0.558630
vt 0.723046 0.555035
vt 0.724364 0.552970
vt 0.741605 0.556967
vt 0.771362 0.568787
vt 0.793303 0.581355
vt 0.793916 0.579702
vt 0.800088 0.583815
vt 0.800740 0.582169
vt 0.813813 0.589579
vt 0.814513 0.587983
vt 0.818564 0.590847
vt 0.817882 0.592434
vt 0.821529 0.595489
vt 0.520508 0.742347
vt 0.510036 0.736708
vt 0.512438 0.736801
vt 0.514909 0.736772
vt 0.517385 0.736691
vt 0.312214 0.775739
vt 0.310392 0.776140
vt 0.104122 0.673907
vt 0.108951 0.674597
vt 0.108998 0.676806
vt 0.109061 0.679082
vt 0.732689 0.547050
vt 0.531034 0.392233
vt 0.529956 0.394154
vt 0.526433 0.391898
vt 0.523271 0.394365
vt 0.523686 0.391778
vt 0.547624 0.371735
vt 0.532118 0.390278
vt 0.564178 0.372458
vt 0.558084 0.378702
vt 0.564951 0.374510
vt 0.607396 0.355654
vt 0.550471 0.379640
vt 0.548032 0.379761
vt 0.285043 0.763525
vt 0.286848 0.763832
vt 0.496905 0.368680
vt 0.497499 0.371052
vt 0.360266 0.770200
vt 0.361863 0.770047
vt 0.361863 0.772509
vt 0.361411 0.774767
vt 0.359517 0.774902
vt 0.384533 0.776576
vt 0.384484 0.771599
vt 0.698565 0.891007
vt 0.757360 0.551294
vt 0.413457 0.763291
vt 0.409413 0.768130
vt 0.412970 0.775797
vt 0.409367 0.775656
vt 0.408899 0.752917
vt 0.410746 0.753078
vt 0.413204 0.758237
vt 0.447762 0.086183
vt 0.246217 0.776124
vt 0.520383 0.014880
vt 0.520375 0.007464
vt 0.541897 0.008208
vt 0.542926 0.012995
vt 0.541634 0.023683
vt 0.539361 0.021669
vt 0.539638 0.024126
vt 0.531964 0.020052
vt 0.534145 0.022515
vt 0.379798 0.774552
vt 0.747644 0.494131
vt 0.748867 0.495661
vt 0.746375 0.492506
vt 0.732921 0.481039
vt 0.736394 0.480075
vt 0.735014 0.479415
vt 0.738284 0.478507
vt 0.739495 0.479327
vt 0.745706 0.487790
vt 0.747639 0.490676
vt 0.741406 0.478167
vt 0.746893 0.478114
vt 0.746966 0.482017
vt 0.748980 0.480769
vt 0.748001 0.483034
vt 0.747178 0.485903
vt 0.291106 0.680721
vt 0.292908 0.675614
vt 0.292710 0.680985
vt 0.294383 0.673384
vt 0.297380 0.671773
vt 0.099249 0.651130
vt 0.098345 0.655857
vt 0.083420 0.652278
vt 0.405370 0.730151
vt 0.403495 0.730084
vt 0.403495 0.717412
vt 0.455054 0.837961
vt 0.452922 0.838179
vt 0.453632 0.836032
vt 0.457140 0.837685
vt 0.461586 0.839602
vt 0.464061 0.839345
vt 0.461939 0.842063
vt 0.459438 0.842267
vt 0.454572 0.840065
vt 0.443263 0.841024
vt 0.438440 0.838825
vt 0.436852 0.837146
vt 0.437021 0.835118
vt 0.437387 0.832861
vt 0.435573 0.833343
vt 0.438558 0.819729
vt 0.449149 0.821594
vt 0.448295 0.826980
vt 0.450061 0.826537
vt 0.432475 0.728363
vt 0.434741 0.727341
vt 0.427124 0.724890
vt 0.430401 0.723870
vt 0.424326 0.722954
vt 0.418126 0.733741
vt 0.416386 0.733806
vt 0.417696 0.742872
vt 0.416081 0.738502
vt 0.419423 0.751906
vt 0.415963 0.742882
vt 0.448220 0.745697
vt 0.030717 0.722074
vt 0.037378 0.716722
vt 0.049847 0.706013
vt 0.054233 0.703403
vt 0.046620 0.684152
vt 0.044771 0.684328
vt 0.060828 0.697931
vt 0.047169 0.681834
vt 0.050520 0.674622
vt 0.065906 0.694939
vt 0.045352 0.682017
vt 0.046359 0.677301
vt 0.044541 0.677443
vt 0.049137 0.672404
vt 0.048684 0.674786
vt 0.069111 0.692230
vt 0.051449 0.669868
vt 0.030718 0.724673
vt 0.035294 0.719338
vt 0.035461 0.721774
vt 0.037596 0.719148
vt 0.043748 0.713719
vt 0.044395 0.715964
vt 0.045804 0.711169
vt 0.046274 0.713550
vt 0.047859 0.708574
vt 0.048227 0.710947
vt 0.050173 0.708420
vt 0.054569 0.705800
vt 0.058675 0.700609
vt 0.059079 0.703120
vt 0.060925 0.700446
vt 0.065629 0.697620
vt 0.068449 0.694891
vt 0.074860 0.683414
vt 0.071629 0.692740
vt 0.078814 0.676831
vt 0.077170 0.683998
vt 0.083612 0.665156
vt 0.080655 0.677085
vt 0.081271 0.664827
vt 0.082992 0.654897
vt 0.078552 0.639693
vt 0.076482 0.640124
vt 0.415931 0.553035
vt 0.085412 0.655430
vt 0.094754 0.660669
vt 0.084927 0.657875
vt 0.086711 0.660807
vt 0.092646 0.664774
vt 0.088449 0.663707
vt 0.641835 0.297766
vt 0.644274 0.296893
vt 0.648058 0.299821
vt 0.632176 0.308283
vt 0.637449 0.309017
vt 0.635078 0.309776
vt 0.650144 0.299742
vt 0.651259 0.300810
vt 0.651899 0.302669
vt 0.642705 0.308153
vt 0.132060 0.629878
vt 0.132250 0.627962
vt 0.134601 0.630006
vt 0.132457 0.625954
vt 0.141284 0.640439
vt 0.140818 0.647061
vt 0.133501 0.646495
vt 0.132381 0.660339
vt 0.128796 0.647833
vt 0.126537 0.643226
vt 0.124251 0.642792
vt 0.126519 0.641182
vt 0.124152 0.640776
vt 0.126617 0.637126
vt 0.131529 0.637634
vt 0.131627 0.635670
vt 0.134124 0.635814
vt 0.134270 0.633859
vt 0.136776 0.634025
vt 0.129236 0.633684
vt 0.129526 0.629701
vt 0.131897 0.631837
vt 0.131757 0.633755
vt 0.134424 0.631981
vt 0.248115 0.773775
vt 0.751859 0.505870
vt 0.750910 0.504281
vt 0.752766 0.502591
vt 0.750817 0.499344
vt 0.752737 0.497617
vt 0.751868 0.496034
vt 0.757683 0.490704
vt 0.756465 0.489355
vt 0.759922 0.485904
vt 0.757453 0.483205
vt 0.761655 0.484205
vt 0.762437 0.478114
vt 0.762083 0.481195
vt 0.763771 0.479421
vt 0.763362 0.482469
vt 0.762917 0.485496
vt 0.764626 0.483738
vt 0.764207 0.486812
vt 0.765919 0.485042
vt 0.764180 0.497349
vt 0.764650 0.494293
vt 0.765500 0.488116
vt 0.763796 0.489900
vt 0.763079 0.503587
vt 0.750975 0.509211
vt 0.749975 0.507550
vt 0.752747 0.517442
vt 0.748980 0.510782
vt 0.754748 0.515854
vt 0.762002 0.509630
vt 0.763634 0.500444
vt 0.766379 0.492518
vt 0.765947 0.495607
vt 0.765426 0.498681
vt 0.764892 0.501793
vt 0.765517 0.506223
vt 0.763134 0.511047
vt 0.761374 0.512676
vt 0.762430 0.514211
vt 0.764213 0.512494
vt 0.763484 0.515733
vt 0.766379 0.515508
vt 0.764539 0.517233
vt 0.763785 0.520439
vt 0.761889 0.522132
vt 0.754247 0.527898
vt 0.753374 0.526344
vt 0.751664 0.520666
vt 0.977360 0.027287
vt 0.970021 0.024880
vt 0.971069 0.020277
vt 0.966267 0.018482
vt 0.971186 0.018242
vt 0.966630 0.016153
vt 0.971104 0.016376
vt 0.992873 0.021845
vt 0.976995 0.029487
vt 0.993402 0.026071
vt 0.990883 0.035694
vt 0.988749 0.034998
vt 0.978968 0.032403
vt 0.988462 0.037304
vt 0.983418 0.036087
vt 0.398400 0.692414
vt 0.397899 0.689990
vt 0.400272 0.692447
vt 0.397775 0.687463
vt 0.399704 0.687507
vt 0.399673 0.684983
vt 0.403419 0.685135
vt 0.400749 0.694866
vt 0.403372 0.682653
vt 0.405365 0.685220
vt 0.405288 0.682759
vt 0.405561 0.687661
vt 0.406241 0.701976
vt 0.404421 0.701965
vt 0.407253 0.685326
vt 0.407452 0.687750
vt 0.407452 0.699659
vt 0.726607 0.092307
vt 0.722701 0.083611
vt 0.724455 0.082471
vt 0.753534 0.133328
vt 0.719534 0.119909
vt 0.711939 0.124925
vt 0.713287 0.119193
vt 0.711432 0.119671
vt 0.712724 0.113869
vt 0.714651 0.113694
vt 0.726691 0.097377
vt 0.725004 0.093366
vt 0.724914 0.098069
vt 0.724047 0.101126
vt 0.716568 0.110907
vt 0.716038 0.108701
vt 0.714419 0.111804
vt 0.516690 0.377205
vt 0.522253 0.365596
vt 0.519671 0.387774
vt 0.776137 0.482836
vt 0.775547 0.480549
vt 0.775479 0.478114
vt 0.776649 0.478568
vt 0.781332 0.483760
vt 0.780044 0.485889
vt 0.781645 0.486291
vt 0.779905 0.488438
vt 0.777029 0.495409
vt 0.776758 0.489875
vt 0.775479 0.494571
vt 0.284667 0.741223
vt 0.286172 0.734096
vt 0.284932 0.733613
vt 0.287670 0.734363
vt 0.739346 0.538094
vt 0.738576 0.532862
vt 0.742811 0.534780
vt 0.737729 0.527864
vt 0.740800 0.527296
vt 0.744426 0.534419
vt 0.744864 0.537010
vt 0.746534 0.541514
vt 0.746120 0.543794
vt 0.737729 0.545451
vt 0.742858 0.548091
vt 0.739469 0.547973
vt 0.745407 0.546058
vt 0.415886 0.578285
vt 0.414171 0.577844
vt 0.157688 0.522913
vt 0.152870 0.503366
vt 0.152177 0.501032
vt 0.154271 0.500112
vt 0.159839 0.521862
vt 0.252676 0.773522
vt 0.453588 0.102944
vt 0.448761 0.102910
vt 0.448566 0.098512
vt 0.730304 0.547050
vt 0.070688 0.516744
vt 0.068914 0.514934
vt 0.070015 0.513867
vt 0.051905 0.487464
vt 0.053319 0.486612
vt 0.045719 0.470651
vt 0.047145 0.469815
vt 0.044785 0.465370
vt 0.042197 0.461050
vt 0.040755 0.456039
vt 0.039402 0.456854
vt 0.080297 0.528512
vt 0.069609 0.517767
vt 0.081391 0.531351
vt 0.079500 0.529645
vt 0.086526 0.537686
vt 0.080592 0.532584
vt 0.088345 0.542717
vt 0.084795 0.540083
vt 0.090187 0.545322
vt 0.087924 0.544197
vt 0.090551 0.543859
vt 0.028655 0.431647
vt 0.015222 0.428674
vt 0.016775 0.427361
vt 0.021060 0.433953
vt 0.022205 0.433170
vt 0.039102 0.451177
vt 0.037517 0.449229
vt 0.037757 0.452000
vt 0.278588 0.775741
vt 0.125527 0.681027
vt 0.122725 0.693314
vt 0.734267 0.491038
vt 0.746231 0.501040
vt 0.748216 0.499085
vt 0.747365 0.501891
vt 0.744279 0.505908
vt 0.731537 0.485911
vt 0.734197 0.487632
vt 0.730676 0.482697
vt 0.731421 0.480268
vt 0.727034 0.483810
vt 0.727852 0.481509
vt 0.724822 0.485555
vt 0.725472 0.483192
vt 0.727968 0.492612
vt 0.724822 0.490918
vt 0.729207 0.487539
vt 0.726284 0.486162
vt 0.730438 0.488232
vt 0.732933 0.489960
vt 0.732847 0.496584
vt 0.731649 0.495536
vt 0.745756 0.506815
vt 0.732469 0.506303
vt 0.732731 0.499875
vt 0.731514 0.498819
vt 0.732591 0.503106
vt 0.738945 0.517342
vt 0.735944 0.521246
vt 0.731346 0.502057
vt 0.737309 0.521868
vt 0.735893 0.523869
vt 0.731565 0.521462
vt 0.731263 0.505300
vt 0.732337 0.509441
vt 0.734395 0.523146
vt 0.731856 0.527296
vt 0.728932 0.525762
vt 0.730254 0.520575
vt 0.731149 0.508480
vt 0.731066 0.514775
vt 0.731034 0.511612
vt 0.000000 0.799714
vt 0.004655 0.790774
vt 0.007596 0.793788
vt 0.036875 0.797092
vt 0.026169 0.800268
vt 0.036369 0.799525
vt 0.000529 0.805191
vt 0.070366 0.804208
vt 0.052117 0.805723
vt 0.002722 0.813060
vt 0.000601 0.812983
vt 0.039897 0.804722
vt 0.025728 0.802748
vt 0.009891 0.811075
vt 0.007571 0.810868
vt 0.006995 0.815856
vt 0.002528 0.815639
vt 0.436391 0.188222
vt 0.400582 0.705547
vt 0.398442 0.705486
vt 0.397775 0.701976
vt 0.754879 0.056910
vt 0.389852 0.707095
vt 0.392428 0.709826
vt 0.394157 0.708248
vt 0.395261 0.709795
vt 0.397225 0.708167
vt 0.400717 0.712325
vt 0.397167 0.716069
vt 0.402376 0.720676
vt 0.400170 0.725033
vt 0.401494 0.726100
vt 0.393534 0.739028
vt 0.390697 0.736492
vt 0.389239 0.738554
vt 0.386497 0.735942
vt 0.384026 0.740028
vt 0.382345 0.735383
vt 0.381455 0.737455
vt 0.380179 0.707836
vt 0.382183 0.706183
vt 0.378281 0.731633
vt 0.374357 0.719286
vt 0.376764 0.708125
vt 0.378895 0.706339
vt 0.370405 0.713131
vt 0.375624 0.706747
vt 0.371945 0.714377
vt 0.371187 0.716595
vt 0.376119 0.727043
vt 0.375131 0.723541
vt 0.373794 0.721190
vt 0.101277 0.653369
vt 0.101306 0.650864
vt 0.103531 0.650341
vt 0.105493 0.652173
vt 0.103641 0.652771
vt 0.107992 0.653809
vt 0.105614 0.654662
vt 0.106419 0.661020
vt 0.106553 0.658822
vt 0.108458 0.658268
vt 0.108680 0.647014
vt 0.113380 0.664724
vt 0.105077 0.669675
vt 0.103331 0.669875
vt 0.103675 0.667481
vt 0.102716 0.667476
vt 0.103480 0.665088
vt 0.100090 0.662487
vt 0.101283 0.664969
vt 0.095146 0.674759
vt 0.096336 0.667063
vt 0.096733 0.674829
vt 0.098267 0.667220
vt 0.099761 0.672652
vt 0.098011 0.677469
vt 0.096308 0.677405
vt 0.097820 0.682856
vt 0.104088 0.685977
vt 0.104540 0.690928
vt 0.104535 0.693410
vt 0.101843 0.672763
vt 0.111227 0.684286
vt 0.111757 0.710498
vt 0.111286 0.712925
vt 0.109803 0.710772
vt 0.109367 0.713202
vt 0.109835 0.715739
vt 0.109720 0.718335
vt 0.101179 0.693236
vt 0.089215 0.711427
vt 0.087727 0.706454
vt 0.111128 0.720446
vt 0.096968 0.687596
vt 0.083487 0.701340
vt 0.092407 0.684798
vt 0.096174 0.682617
vt 0.094512 0.682423
vt 0.092820 0.679718
vt 0.094580 0.679882
vt 0.088969 0.684295
vt 0.087467 0.681539
vt 0.089105 0.681789
vt 0.087221 0.684042
vt 0.079466 0.699249
vt 0.083812 0.683398
vt 0.076129 0.693415
vt 0.089169 0.668973
vt 0.087702 0.676433
vt 0.085608 0.675991
vt 0.091529 0.666826
vt 0.090879 0.669245
vt 0.073831 0.693092
vt 0.073280 0.695378
vt 0.075306 0.697852
vt 0.079099 0.701615
vt 0.112940 0.720218
vt 0.110904 0.724501
vt 0.110926 0.726884
vt 0.083076 0.706298
vt 0.087043 0.711185
vt 0.088950 0.714348
vt 0.078905 0.711120
vt 0.082387 0.711021
vt 0.081926 0.713362
vt 0.076363 0.708833
vt 0.078455 0.708657
vt 0.076508 0.711276
vt 0.074334 0.716267
vt 0.074189 0.711439
vt 0.079407 0.716027
vt 0.084224 0.717850
vt 0.079282 0.718335
vt 0.084126 0.720186
vt 0.096424 0.734098
vt 0.093935 0.734154
vt 0.099002 0.739150
vt 0.096434 0.739145
vt 0.101228 0.744157
vt 0.098720 0.744192
vt 0.098912 0.741566
vt 0.101049 0.746627
vt 0.492085 0.075947
vt 0.504477 0.070271
vt 0.291329 0.770112
vt 0.293185 0.772439
vt 0.293131 0.769992
vt 0.295076 0.772287
vt 0.295130 0.777288
vt 0.289600 0.780257
vt 0.289468 0.775248
vt 0.293261 0.782422
vt 0.291466 0.782569
vt 0.064493 0.883136
vt 0.093591 0.853246
vt 0.088579 0.858844
vt 0.102396 0.844074
vt 0.089237 0.868622
vt 0.093967 0.874498
vt 0.091421 0.869081
vt 0.094455 0.862772
vt 0.092331 0.866966
vt 0.090267 0.866536
vt 0.087310 0.860957
vt 0.105698 0.842824
vt 0.110865 0.829496
vt 0.112999 0.830509
vt 0.116206 0.823867
vt 0.118405 0.824830
vt 0.113702 0.838118
vt 0.109021 0.841495
vt 0.089767 0.859218
vt 0.117074 0.836532
vt 0.096897 0.851923
vt 0.098849 0.852462
vt 0.097542 0.854490
vt 0.120449 0.820503
vt 0.130503 0.832138
vt 0.104334 0.844705
vt 0.107723 0.843459
vt 0.154731 0.774659
vt 0.147974 0.783660
vt 0.173482 0.774173
vt 0.166850 0.776903
vt 0.152963 0.781617
vt 0.159975 0.779390
vt 0.172873 0.776492
vt 0.166035 0.779095
vt 0.159196 0.781603
vt 0.152143 0.783714
vt 0.147204 0.785750
vt 0.145111 0.785621
vt 0.144371 0.787685
vt 0.111046 0.842017
vt 0.115771 0.838564
vt 0.124434 0.835555
vt 0.123424 0.837593
vt 0.128487 0.836190
vt 0.186313 0.768617
vt 0.136456 0.832970
vt 0.177933 0.777958
vt 0.142694 0.791692
vt 0.175215 0.780261
vt 0.179235 0.773537
vt 0.175434 0.773970
vt 0.175972 0.778160
vt 0.167369 0.785475
vt 0.169106 0.780967
vt 0.162425 0.787655
vt 0.155589 0.789900
vt 0.163246 0.785432
vt 0.156405 0.787736
vt 0.143499 0.789634
vt 0.408177 0.710085
vt 0.407565 0.697563
vt 0.409236 0.697251
vt 0.407922 0.682703
vt 0.409598 0.682653
vt 0.410215 0.684504
vt 0.410808 0.686999
vt 0.407767 0.712484
vt 0.409599 0.712118
vt 0.410257 0.689274
vt 0.412454 0.688943
vt 0.410587 0.743583
vt 0.411927 0.724220
vt 0.409602 0.745793
vt 0.407563 0.748466
vt 0.410850 0.745599
vt 0.408748 0.748079
vt 0.409957 0.750261
vt 0.409560 0.752609
vt 0.407877 0.752917
vt 0.409206 0.741112
vt 0.407730 0.741420
vt 0.410474 0.736436
vt 0.408914 0.736668
vt 0.410125 0.724549
vt 0.411250 0.726619
vt 0.407988 0.732034
vt 0.407748 0.729281
vt 0.408159 0.727200
vt 0.410006 0.726958
vt 0.763127 0.540619
vt 0.250257 0.698396
vt 0.248762 0.699407
vt 0.246513 0.694932
vt 0.249621 0.692887
vt 0.252608 0.705777
vt 0.249957 0.701605
vt 0.251497 0.700558
vt 0.255538 0.703738
vt 0.248630 0.690621
vt 0.247087 0.691636
vt 0.244395 0.684775
vt 0.245966 0.683787
vt 0.245181 0.681505
vt 0.248257 0.679500
vt 0.245576 0.672768
vt 0.247952 0.674005
vt 0.247097 0.671773
vt 0.251022 0.671921
vt 0.250475 0.675196
vt 0.251993 0.674146
vt 0.255669 0.677503
vt 0.251547 0.677394
vt 0.254529 0.675310
vt 0.275206 0.692584
vt 0.278009 0.702409
vt 0.257164 0.676458
vt 0.255978 0.674257
vt 0.260262 0.674293
vt 0.258914 0.672102
vt 0.261782 0.673208
vt 0.263096 0.675478
vt 0.264569 0.674462
vt 0.266072 0.676740
vt 0.269094 0.675456
vt 0.276878 0.691811
vt 0.279767 0.701865
vt 0.261801 0.714290
vt 0.282370 0.710914
vt 0.282469 0.713348
vt 0.257281 0.713590
vt 0.260220 0.715017
vt 0.262806 0.727385
vt 0.260218 0.725527
vt 0.257755 0.724022
vt 0.248662 0.716975
vt 0.598336 0.373245
vt 0.115336 0.655378
vt 0.117925 0.660739
vt 0.118144 0.663182
vt 0.116159 0.665167
vt 0.773022 0.521994
vt 0.773323 0.529176
vt 0.770998 0.522861
vt 0.772790 0.538682
vt 0.770701 0.539158
vt 0.770908 0.541207
vt 0.766379 0.538061
vt 0.768168 0.517368
vt 0.770279 0.516409
vt 0.768438 0.519483
vt 0.769067 0.543436
vt 0.766379 0.520499
vt 0.732689 0.551105
vt 0.710175 0.127928
vt 0.719131 0.168882
vt 0.706744 0.136221
vt 0.723106 0.078133
vt 0.725082 0.077209
vt 0.724654 0.075352
vt 0.728537 0.072849
vt 0.710019 0.125379
vt 0.708259 0.128341
vt 0.708388 0.130859
vt 0.706515 0.131253
vt 0.704901 0.139037
vt 0.704796 0.136567
vt 0.700944 0.137213
vt 0.702879 0.136904
vt 0.702972 0.139360
vt 0.717209 0.168885
vt 0.701202 0.144551
vt 0.698794 0.191764
vt 0.699243 0.144827
vt 0.715172 0.176468
vt 0.717259 0.171397
vt 0.715132 0.171390
vt 0.728176 0.070845
vt 0.730231 0.069668
vt 0.729696 0.065799
vt 0.749679 0.056083
vt 0.591997 0.829746
vt 0.659428 0.832010
vt 0.662192 0.819384
vt 0.664785 0.817563
vt 0.667554 0.816226
vt 0.666185 0.815580
vt 0.669115 0.814182
vt 0.414343 0.627954
vt 0.260092 0.773243
vt 0.004882 0.336209
vt 0.006380 0.346111
vt 0.005655 0.343692
vt 0.005597 0.356306
vt 0.006356 0.361253
vt 0.014534 0.392068
vt 0.027414 0.419900
vt 0.003817 0.343877
vt 0.003134 0.336427
vt 0.029410 0.418585
vt 0.036212 0.429404
vt 0.038248 0.427984
vt 0.042805 0.434070
vt 0.044799 0.432676
vt 0.047804 0.436656
vt 0.049809 0.435250
vt 0.061379 0.453308
vt 0.063521 0.452107
vt 0.071996 0.467086
vt 0.069902 0.468287
vt 0.097002 0.512359
vt 0.099186 0.511082
vt 0.011801 0.428162
vt 0.014138 0.429563
vt 0.009507 0.426627
vt 0.004276 0.414492
vt 0.003347 0.417100
vt 0.002573 0.414718
vt 0.000475 0.402340
vt 0.002109 0.402088
vt 0.005300 0.371559
vt 0.004095 0.356591
vt 0.003555 0.371689
vt 0.002174 0.376841
vt 0.456359 0.918259
vt 0.452033 0.916867
vt 0.414320 0.633087
vt 0.397497 0.321724
vt 0.323053 0.450687
vt 0.310343 0.452398
vt 0.425322 0.711908
vt 0.432160 0.721460
vt 0.431636 0.719834
vt 0.429082 0.717914
vt 0.426800 0.716365
vt 0.687638 0.581260
vt 0.397905 0.331129
vt 0.400352 0.330745
vt 0.401240 0.335766
vt 0.403179 0.368930
vt 0.403095 0.376559
vt 0.400815 0.376664
vt 0.401120 0.381726
vt 0.398778 0.381858
vt 0.396593 0.384543
vt 0.401474 0.325424
vt 0.402171 0.327848
vt 0.397482 0.328579
vt 0.394955 0.319514
vt 0.399015 0.384383
vt 0.346555 0.440307
vt 0.397265 0.391668
vt 0.394850 0.392003
vt 0.395622 0.396504
vt 0.393337 0.397192
vt 0.393934 0.399588
vt 0.391834 0.400237
vt 0.392239 0.404025
vt 0.389722 0.400913
vt 0.390845 0.402964
vt 0.388730 0.403981
vt 0.389928 0.405980
vt 0.387799 0.407499
vt 0.389091 0.409421
vt 0.383516 0.414613
vt 0.385180 0.416706
vt 0.383163 0.418309
vt 0.384120 0.419722
vt 0.382113 0.421294
vt 0.379974 0.422729
vt 0.369158 0.428745
vt 0.347186 0.442340
vt 0.328118 0.449636
vt 0.307526 0.451008
vt 0.277919 0.456739
vt 0.278710 0.458786
vt 0.277442 0.460450
vt 0.396945 0.319314
vt 0.393822 0.291946
vt 0.395481 0.304349
vt 0.393303 0.304544
vt 0.394375 0.282004
vt 0.395855 0.291768
vt 0.278425 0.462289
vt 0.276912 0.463940
vt 0.384436 0.245696
vt 0.272384 0.464827
vt 0.272912 0.466657
vt 0.267766 0.466613
vt 0.257734 0.468473
vt 0.257236 0.466787
vt 0.252263 0.466701
vt 0.251796 0.465038
vt 0.390692 0.253965
vt 0.246602 0.463047
vt 0.247027 0.464683
vt 0.375341 0.133556
vt 0.372995 0.133397
vt 0.367929 0.128255
vt 0.372692 0.128369
vt 0.365262 0.125851
vt 0.367724 0.125783
vt 0.362514 0.123576
vt 0.364998 0.123453
vt 0.359767 0.121330
vt 0.362226 0.121221
vt 0.360032 0.123699
vt 0.355054 0.123820
vt 0.352124 0.121491
vt 0.236928 0.462898
vt 0.354889 0.121433
vt 0.348839 0.119127
vt 0.351135 0.119092
vt 0.343856 0.116697
vt 0.348331 0.116744
vt 0.338291 0.111589
vt 0.343013 0.111821
vt 0.335427 0.109214
vt 0.337776 0.108979
vt 0.332575 0.106928
vt 0.334939 0.106669
vt 0.329252 0.102131
vt 0.331602 0.101917
vt 0.325829 0.097338
vt 0.328277 0.097147
vt 0.322426 0.092537
vt 0.324897 0.092410
vt 0.319551 0.090175
vt 0.322033 0.090085
vt 0.311822 0.087933
vt 0.319218 0.087750
vt 0.309249 0.085503
vt 0.311679 0.085508
vt 0.306738 0.083107
vt 0.309177 0.083115
vt 0.301798 0.080561
vt 0.299355 0.078008
vt 0.301809 0.078272
vt 0.279134 0.073904
vt 0.272112 0.076724
vt 0.272432 0.074487
vt 0.269410 0.079017
vt 0.269714 0.076759
vt 0.266589 0.083855
vt 0.263990 0.088670
vt 0.231730 0.464419
vt 0.232438 0.465967
vt 0.227691 0.467154
vt 0.228336 0.469113
vt 0.216751 0.473922
vt 0.208967 0.475340
vt 0.201554 0.477466
vt 0.217697 0.475511
vt 0.212794 0.476962
vt 0.258392 0.088531
vt 0.245518 0.075290
vt 0.261677 0.088703
vt 0.256732 0.083479
vt 0.259367 0.083894
vt 0.252134 0.080124
vt 0.257212 0.081125
vt 0.252712 0.077597
vt 0.241427 0.071481
vt 0.246165 0.072912
vt 0.218758 0.060364
vt 0.242121 0.069062
vt 0.213209 0.054217
vt 0.219918 0.058014
vt 0.208076 0.048750
vt 0.214475 0.052031
vt 0.181045 0.042410
vt 0.209241 0.046554
vt 0.174435 0.048419
vt 0.174216 0.045933
vt 0.181225 0.044828
vt 0.169632 0.051218
vt 0.169497 0.048855
vt 0.212054 0.475714
vt 0.164711 0.053831
vt 0.164659 0.051375
vt 0.209771 0.476725
vt 0.202561 0.479178
vt 0.191240 0.484614
vt 0.192402 0.486426
vt 0.188229 0.489248
vt 0.189432 0.491052
vt 0.183400 0.495394
vt 0.185925 0.499079
vt 0.183964 0.500544
vt 0.185152 0.502346
vt 0.183179 0.503823
vt 0.182343 0.507068
vt 0.177255 0.512727
vt 0.179762 0.516453
vt 0.175619 0.519092
vt 0.177019 0.521153
vt 0.175239 0.522605
vt 0.176474 0.524530
vt 0.172620 0.527356
vt 0.173549 0.529195
vt 0.171447 0.530629
vt 0.170255 0.533821
vt 0.160156 0.538567
vt 0.159776 0.536422
vt 0.131222 0.050157
vt 0.107695 0.041784
vt 0.104227 0.037755
vt 0.108601 0.039729
vt 0.096680 0.031411
vt 0.105163 0.035910
vt 0.095707 0.028206
vt 0.097841 0.029442
vt 0.094806 0.025011
vt 0.096934 0.026287
vt 0.094000 0.021820
vt 0.096079 0.023099
vt 0.093250 0.018624
vt 0.095303 0.019893
vt 0.090177 0.014266
vt 0.094438 0.016704
vt 0.089054 0.011067
vt 0.091309 0.012299
vt 0.088165 0.007908
vt 0.090333 0.009078
vt 0.087746 0.004903
vt 0.089631 0.005945
vt 0.086070 0.001474
vt 0.088740 0.002609
vt 0.085516 0.004030
vt 0.078312 0.002698
vt 0.070512 0.004577
vt 0.037987 0.013746
vt 0.040230 0.014701
vt 0.033637 0.034757
vt 0.024376 0.049917
vt 0.031398 0.033765
vt 0.021085 0.051112
vt 0.022168 0.048883
vt 0.012762 0.066289
vt 0.018970 0.050101
vt 0.015069 0.066909
vt 0.016905 0.069940
vt 0.014509 0.069357
vt 0.018366 0.075366
vt 0.015945 0.074943
vt 0.013845 0.109124
vt 0.014070 0.133800
vt 0.011387 0.108970
vt 0.012673 0.385589
vt 0.276174 0.774111
vt 0.276174 0.781692
vt 0.272190 0.781934
vt 0.271894 0.779373
vt 0.270080 0.776844
vt 0.270444 0.774308
vt 0.271064 0.771876
vt 0.273382 0.769354
vt 0.275158 0.769271
vt 0.673025 0.306056
vt 0.672318 0.304525
vt 0.401751 0.706183
vt 0.919310 0.000746
vt 0.921677 0.000132
vt 0.919721 0.002569
vt 0.926588 0.000191
vt 0.926864 0.001978
vt 0.929295 0.002024
vt 0.929427 0.003837
vt 0.917825 0.004934
vt 0.917416 0.003145
vt 0.941530 0.005479
vt 0.941560 0.007255
vt 0.908745 0.007060
vt 0.914326 0.007848
vt 0.915089 0.010125
vt 0.828722 0.042128
vt 0.734331 0.542218
vt 0.725480 0.544691
vt 0.724822 0.541904
vt 0.609428 0.366987
vt 0.609016 0.365569
vt 0.614151 0.365141
vt 0.615855 0.362367
vt 0.615401 0.360966
vt 0.618185 0.361334
vt 0.619630 0.358162
vt 0.619510 0.357211
vt 0.624161 0.353337
vt 0.621993 0.354456
vt 0.626101 0.350320
vt 0.619741 0.354723
vt 0.629817 0.357420
vt 0.607602 0.369467
vt 0.607067 0.367873
vt 0.614812 0.367027
vt 0.618887 0.363281
vt 0.630825 0.350572
vt 0.631688 0.354681
vt 0.613035 0.358086
vt 0.752701 0.551218
vt 0.308755 0.770810
vt 0.412539 0.380929
vt 0.414248 0.380773
vt 0.412915 0.388061
vt 0.411291 0.388184
vt 0.408835 0.397528
vt 0.405299 0.398371
vt 0.414688 0.342459
vt 0.415963 0.357788
vt 0.404846 0.400681
vt 0.402859 0.401817
vt 0.412959 0.342498
vt 0.411866 0.327916
vt 0.412524 0.330071
vt 0.410726 0.329962
vt 0.402844 0.403939
vt 0.400363 0.405856
vt 0.408151 0.327557
vt 0.406291 0.327486
vt 0.405400 0.325181
vt 0.985949 0.118944
vt 0.984904 0.123822
vt 0.983212 0.123180
vt 0.975388 0.117777
vt 0.972972 0.117378
vt 0.975701 0.112646
vt 0.980274 0.113105
vt 0.984174 0.118656
vt 0.982395 0.088123
vt 0.985894 0.093572
vt 0.986087 0.098553
vt 0.328604 0.729495
vt 0.330703 0.731096
vt 0.335427 0.730147
vt 0.334444 0.730880
vt 0.458175 0.832761
vt 0.457505 0.830434
vt 0.459767 0.829995
vt 0.462690 0.832032
vt 0.456436 0.832941
vt 0.330540 0.715196
vt 0.328604 0.714646
vt 0.328604 0.700481
vt 0.328813 0.695504
vt 0.330432 0.695251
vt 0.330507 0.690310
vt 0.332092 0.689947
vt 0.332464 0.718364
vt 0.329013 0.716672
vt 0.342107 0.689788
vt 0.342806 0.692030
vt 0.344860 0.691824
vt 0.345371 0.694202
vt 0.346630 0.694070
vt 0.347308 0.696592
vt 0.348993 0.696459
vt 0.349541 0.699063
vt 0.351139 0.699020
vt 0.351287 0.701804
vt 0.348387 0.709276
vt 0.347041 0.708872
vt 0.345551 0.710853
vt 0.339000 0.715995
vt 0.335792 0.717291
vt 0.334117 0.716540
vt 0.314129 0.655364
vt 0.307737 0.627323
vt 0.310780 0.632122
vt 0.310027 0.627132
vt 0.313241 0.631823
vt 0.314473 0.639327
vt 0.313351 0.659557
vt 0.312251 0.655079
vt 0.315237 0.659811
vt 0.316931 0.639015
vt 0.317360 0.641513
vt 0.319817 0.641238
vt 0.322813 0.651060
vt 0.328262 0.650603
vt 0.328317 0.653059
vt 0.330671 0.658423
vt 0.330553 0.660928
vt 0.328838 0.660210
vt 0.329058 0.662636
vt 0.327282 0.664223
vt 0.328849 0.665212
vt 0.327247 0.670206
vt 0.311593 0.663123
vt 0.313212 0.663397
vt 0.321995 0.674300
vt 0.321140 0.681750
vt 0.317984 0.681806
vt 0.320600 0.679288
vt 0.322388 0.679345
vt 0.323743 0.674511
vt 0.325437 0.672322
vt 0.415824 0.583815
vt 0.523694 0.570292
vt 0.526204 0.570221
vt 0.526947 0.577973
vt 0.529457 0.577881
vt 0.530200 0.583765
vt 0.532765 0.583676
vt 0.542259 0.584249
vt 0.538755 0.590192
vt 0.543163 0.588192
vt 0.545536 0.588247
vt 0.545992 0.590248
vt 0.550809 0.590078
vt 0.551272 0.592033
vt 0.553591 0.592019
vt 0.554048 0.594007
vt 0.560702 0.593816
vt 0.559177 0.595903
vt 0.561454 0.595873
vt 0.571014 0.595778
vt 0.571709 0.597681
vt 0.559584 0.598331
vt 0.547111 0.596911
vt 0.546784 0.594562
vt 0.544326 0.594698
vt 0.544001 0.592383
vt 0.539099 0.592492
vt 0.518640 0.570342
vt 0.513132 0.560256
vt 0.513391 0.557581
vt 0.518207 0.560302
vt 0.518105 0.562318
vt 0.520671 0.562427
vt 0.520653 0.564377
vt 0.523233 0.564475
vt 0.523328 0.566421
vt 0.523478 0.568322
vt 0.407054 0.768658
vt 0.406226 0.773618
vt 0.404312 0.773684
vt 0.517357 0.019668
vt 0.267688 0.734319
vt 0.309314 0.614442
vt 0.309351 0.597872
vt 0.306888 0.614616
vt 0.306899 0.597558
vt 0.309466 0.570547
vt 0.311953 0.570670
vt 0.311402 0.555313
vt 0.354527 0.647162
vt 0.354283 0.615216
vt 0.366792 0.635479
vt 0.355554 0.613124
vt 0.356971 0.601095
vt 0.358707 0.601605
vt 0.364344 0.562053
vt 0.366530 0.572801
vt 0.366047 0.562558
vt 0.369080 0.545321
vt 0.370405 0.545813
vt 0.368591 0.573346
vt 0.365779 0.585289
vt 0.367252 0.585652
vt 0.365603 0.592624
vt 0.367376 0.592922
vt 0.357438 0.651290
vt 0.355588 0.651604
vt 0.355569 0.649155
vt 0.355018 0.651649
vt 0.368300 0.637923
vt 0.367158 0.647981
vt 0.368453 0.635372
vt 0.358076 0.655824
vt 0.367153 0.650513
vt 0.366527 0.655506
vt 0.369038 0.647841
vt 0.368958 0.650355
vt 0.367396 0.652998
vt 0.366190 0.658047
vt 0.368438 0.655416
vt 0.368036 0.657915
vt 0.365527 0.663080
vt 0.363631 0.663202
vt 0.360760 0.677650
vt 0.361394 0.700147
vt 0.354911 0.708573
vt 0.424208 0.720559
vt 0.417908 0.718661
vt 0.420809 0.713916
vt 0.422612 0.713802
vt 0.511911 0.758645
vt 0.511965 0.756845
vt 0.516692 0.755777
vt 0.509517 0.757336
vt 0.506814 0.757227
vt 0.501692 0.757612
vt 0.958478 0.449266
vt 0.957400 0.451132
vt 0.964184 0.452005
vt 0.963030 0.453879
vt 0.925768 0.457024
vt 0.981403 0.435104
vt 0.979108 0.434906
vt 0.982630 0.427138
vt 0.984645 0.426905
vt 0.985203 0.411912
vt 0.987158 0.411616
vt 0.984601 0.400019
vt 0.986471 0.399719
vt 0.983306 0.388035
vt 0.985076 0.387741
vt 0.986699 0.373487
vt 0.985917 0.378203
vt 0.984060 0.378422
vt 0.982819 0.373841
vt 0.988887 0.362033
vt 0.987184 0.371170
vt 0.987109 0.362252
vt 0.983368 0.371565
vt 0.923280 0.356703
vt 0.938413 0.348551
vt 0.935351 0.350314
vt 0.944020 0.340446
vt 0.984429 0.329583
vt 0.939300 0.346597
vt 0.926312 0.355273
vt 0.984852 0.327148
vt 0.987343 0.324024
vt 0.985941 0.320900
vt 0.985514 0.323341
vt 0.975350 0.317606
vt 0.977172 0.317693
vt 0.976623 0.320104
vt 0.973575 0.324811
vt 0.971078 0.319868
vt 0.972908 0.319947
vt 0.971730 0.324778
vt 0.968900 0.314858
vt 0.972472 0.315035
vt 0.968016 0.317223
vt 0.963504 0.319485
vt 0.966177 0.317119
vt 0.954257 0.323814
vt 0.965316 0.314625
vt 0.967129 0.314751
vt 0.959716 0.319453
vt 0.964551 0.311981
vt 0.963522 0.314587
vt 0.961618 0.314707
vt 0.961183 0.311154
vt 0.959539 0.315183
vt 0.960267 0.313156
vt 0.957697 0.315028
vt 0.951447 0.321218
vt 0.953237 0.321366
vt 0.952437 0.323664
vt 0.949845 0.325714
vt 0.947025 0.329673
vt 0.945224 0.329591
vt 0.946724 0.331519
vt 0.934023 0.337634
vt 0.941940 0.340496
vt 0.967612 0.454344
vt 0.964916 0.458684
vt 0.945576 0.468717
vt 0.968962 0.459748
vt 0.967890 0.461465
vt 0.972083 0.461988
vt 0.968913 0.463578
vt 0.971002 0.463803
vt 0.967816 0.465372
vt 0.971977 0.465797
vt 0.970901 0.467639
vt 0.948806 0.471326
vt 0.965718 0.473252
vt 0.968764 0.471388
vt 0.970790 0.471477
vt 0.975913 0.469813
vt 0.976879 0.471825
vt 0.977855 0.469797
vt 0.978816 0.471820
vt 0.975527 0.478114
vt 0.967715 0.473287
vt 0.968712 0.475334
vt 0.967600 0.477161
vt 0.966657 0.475174
vt 0.964627 0.475098
vt 0.947634 0.473100
vt 0.945021 0.318419
vt 0.946667 0.313859
vt 0.930032 0.315975
vt 0.948547 0.314030
vt 0.950521 0.318867
vt 0.955092 0.312501
vt 0.952297 0.319002
vt 0.937736 0.300802
vt 0.950047 0.295596
vt 0.962907 0.279859
vt 0.960562 0.284365
vt 0.959075 0.283565
vt 0.953470 0.286129
vt 0.949170 0.289474
vt 0.943515 0.295149
vt 0.961536 0.279085
vt 0.974691 0.260134
vt 0.968633 0.271280
vt 0.968306 0.268097
vt 0.967099 0.270360
vt 0.959207 0.274763
vt 0.961342 0.275930
vt 0.980918 0.251695
vt 0.976270 0.260982
vt 0.975772 0.257830
vt 0.985454 0.245148
vt 0.982505 0.252484
vt 0.981887 0.249239
vt 0.989149 0.238370
vt 0.987075 0.245794
vt 0.991021 0.239032
vt 0.989661 0.235898
vt 0.991282 0.226200
vt 0.987193 0.235127
vt 0.979687 0.248322
vt 0.973624 0.256841
vt 0.966054 0.266876
vt 0.951484 0.284954
vt 0.947052 0.288226
vt 0.941420 0.293871
vt 0.933373 0.304019
vt 0.935660 0.299581
vt 0.924499 0.317161
vt 0.929181 0.317712
vt 0.929175 0.339240
vt 0.931296 0.332495
vt 0.932186 0.337250
vt 0.933747 0.333247
vt 0.931429 0.339444
vt 0.932105 0.342197
vt 0.933046 0.339841
vt 0.933570 0.344373
vt 0.931215 0.344129
vt 0.932641 0.346184
vt 0.936261 0.348483
vt 0.944428 0.470524
vt 0.939002 0.467693
vt 0.940161 0.465889
vt 0.935699 0.465208
vt 0.934526 0.467010
vt 0.931187 0.464320
vt 0.929978 0.466038
vt 0.928948 0.463798
vt 0.930136 0.462083
vt 0.923459 0.460470
vt 0.923592 0.456638
vt 0.922445 0.458365
vt 0.920254 0.457882
vt 0.921400 0.456155
vt 0.919223 0.455643
vt 0.920340 0.453966
vt 0.918193 0.453554
vt 0.919271 0.451810
vt 0.912882 0.450803
vt 0.916008 0.449337
vt 0.913872 0.449107
vt 0.912777 0.447281
vt 0.911770 0.449073
vt 0.904924 0.447920
vt 0.902701 0.443802
vt 0.897004 0.440697
vt 0.924034 0.354886
vt 0.927103 0.353490
vt 0.924819 0.353156
vt 0.928655 0.349676
vt 0.466003 0.377090
vt 0.464199 0.377323
vt 0.463418 0.374966
vt 0.461702 0.375120
vt 0.460848 0.372798
vt 0.458998 0.372992
vt 0.458335 0.370564
vt 0.456481 0.370734
vt 0.441469 0.369008
vt 0.459628 0.315633
vt 0.419247 0.333015
vt 0.417876 0.353495
vt 0.421375 0.363186
vt 0.418509 0.358181
vt 0.458313 0.310656
vt 0.454885 0.313770
vt 0.452751 0.314115
vt 0.454462 0.311290
vt 0.450139 0.312028
vt 0.452233 0.311691
vt 0.418014 0.344280
vt 0.446505 0.305169
vt 0.448790 0.304781
vt 0.420152 0.323738
vt 0.424379 0.309222
vt 0.421237 0.316428
vt 0.440467 0.298790
vt 0.444884 0.298057
vt 0.436798 0.295042
vt 0.439302 0.294313
vt 0.436970 0.282332
vt 0.437353 0.284750
vt 0.435143 0.285142
vt 0.425950 0.301677
vt 0.430507 0.283336
vt 0.427240 0.291356
vt 0.428132 0.281186
vt 0.430251 0.280836
vt 0.428415 0.283644
vt 0.426356 0.283885
vt 0.425224 0.291468
vt 0.423837 0.301672
vt 0.420488 0.308862
vt 0.422388 0.309104
vt 0.419424 0.316164
vt 0.418264 0.323336
vt 0.417353 0.332554
vt 0.416101 0.353072
vt 0.415963 0.343761
vt 0.418412 0.368868
vt 0.416615 0.357759
vt 0.420483 0.368977
vt 0.421087 0.371253
vt 0.422505 0.368980
vt 0.428687 0.378454
vt 0.426823 0.378429
vt 0.679468 0.249629
vt 0.680180 0.250643
vt 0.680168 0.260885
vt 0.681034 0.263127
vt 0.683072 0.272433
vt 0.685133 0.282133
vt 0.674402 0.276957
vt 0.659402 0.276772
vt 0.659727 0.279345
vt 0.652261 0.280536
vt 0.652546 0.283272
vt 0.650111 0.283593
vt 0.650463 0.286361
vt 0.648176 0.286461
vt 0.647855 0.283713
vt 0.646066 0.283688
vt 0.645904 0.281029
vt 0.645955 0.273437
vt 0.644451 0.273555
vt 0.644867 0.271364
vt 0.643345 0.271407
vt 0.644188 0.267473
vt 0.642352 0.268130
vt 0.642769 0.265772
vt 0.639330 0.266792
vt 0.639516 0.264354
vt 0.636225 0.265279
vt 0.619439 0.271158
vt 0.620756 0.265877
vt 0.619598 0.258794
vt 0.343008 0.770379
vt 0.341304 0.771512
vt 0.432929 0.385254
vt 0.431078 0.385432
vt 0.433995 0.382863
vt 0.437753 0.382696
vt 0.435076 0.394161
vt 0.434039 0.391985
vt 0.435838 0.391722
vt 0.435719 0.387174
vt 0.435854 0.382758
vt 0.437492 0.386976
vt 0.438581 0.393669
vt 0.441216 0.395705
vt 0.439525 0.395945
vt 0.530849 0.063081
vt 0.524641 0.086128
vt 0.523149 0.068804
vt 0.521240 0.069893
vt 0.523350 0.065265
vt 0.521182 0.064224
vt 0.523531 0.063780
vt 0.525786 0.065129
vt 0.525951 0.063521
vt 0.531581 0.059542
vt 0.526490 0.060601
vt 0.526794 0.059132
vt 0.536133 0.051755
vt 0.533130 0.053754
vt 0.524367 0.059456
vt 0.525199 0.055965
vt 0.527672 0.055756
vt 0.539088 0.049694
vt 0.528299 0.053967
vt 0.533741 0.051943
vt 0.536758 0.049992
vt 0.539707 0.047973
vt 0.542042 0.047682
vt 0.542615 0.045919
vt 0.545456 0.043807
vt 0.548304 0.041739
vt 0.550609 0.041413
vt 0.551416 0.037623
vt 0.555765 0.036381
vt 0.556206 0.034609
vt 0.560708 0.033531
vt 0.708218 0.570523
vt 0.701986 0.575685
vt 0.706278 0.566521
vt 0.713665 0.559324
vt 0.715378 0.559893
vt 0.718028 0.555829
vt 0.718497 0.558477
vt 0.719785 0.556360
vt 0.722310 0.552168
vt 0.720562 0.559469
vt 0.711633 0.569647
vt 0.281573 0.459391
vt 0.279649 0.460722
vt 0.280941 0.457885
vt 0.662348 0.604300
vt 0.485070 0.073589
vt 0.480095 0.076477
vt 0.472580 0.078205
vt 0.265144 0.760689
vt 0.267100 0.761578
vt 0.262147 0.764265
vt 0.266740 0.777556
vt 0.264130 0.769290
vt 0.267688 0.779964
vt 0.265699 0.779515
vt 0.264505 0.777427
vt 0.263721 0.772869
vt 0.263099 0.769033
vt 0.267400 0.744389
vt 0.267137 0.756045
vt 0.265263 0.755017
vt 0.262544 0.742828
vt 0.262043 0.740457
vt 0.262293 0.736147
vt 0.265746 0.734745
vt 0.267688 0.733613
vt 0.287993 0.748050
vt 0.288251 0.752529
vt 0.286540 0.753473
vt 0.286417 0.755583
vt 0.284728 0.754367
vt 0.284653 0.756494
vt 0.816925 0.047265
vt 0.766879 0.548241
vt 0.286941 0.067540
vt 0.292155 0.066123
vt 0.286983 0.065563
vt 0.349944 0.086414
vt 0.344356 0.082439
vt 0.336430 0.078570
vt 0.341491 0.080461
vt 0.338556 0.078516
vt 0.292210 0.064346
vt 0.302144 0.065589
vt 0.302225 0.063872
vt 0.331304 0.067952
vt 0.332292 0.071997
vt 0.334123 0.072370
vt 0.334680 0.074524
vt 0.337573 0.076611
vt 0.339653 0.076469
vt 0.365353 0.097027
vt 0.347185 0.084427
vt 0.343441 0.080430
vt 0.346285 0.082400
vt 0.375460 0.116919
vt 0.352661 0.088289
vt 0.349075 0.084412
vt 0.351839 0.086354
vt 0.354612 0.088261
vt 0.375608 0.108800
vt 0.377382 0.117404
vt 0.376683 0.105068
vt 0.377524 0.109328
vt 0.374219 0.102570
vt 0.376166 0.102938
vt 0.371687 0.100136
vt 0.373582 0.100512
vt 0.367251 0.097350
vt 0.370988 0.098114
vt 0.364674 0.094954
vt 0.362018 0.092660
vt 0.359274 0.090490
vt 0.428771 0.572086
vt 0.428680 0.568932
vt 0.416249 0.598490
vt 0.426928 0.571422
vt 0.426987 0.572335
vt 0.035489 0.612246
vt 0.032749 0.602271
vt 0.882864 0.434640
vt 0.881911 0.436227
vt 0.880623 0.433975
vt 0.879662 0.435707
vt 0.887253 0.437343
vt 0.885043 0.435967
vt 0.894359 0.399412
vt 0.897031 0.395767
vt 0.916243 0.355307
vt 0.920130 0.352307
vt 0.919362 0.354058
vt 0.916987 0.353547
vt 0.908977 0.347237
vt 0.919268 0.348008
vt 0.918503 0.349742
vt 0.907332 0.344553
vt 0.909730 0.345261
vt 0.870666 0.417862
vt 0.871500 0.416045
vt 0.873829 0.416609
vt 0.911172 0.342123
vt 0.910416 0.343837
vt 0.908051 0.342850
vt 0.916839 0.342112
vt 0.916014 0.343809
vt 0.912015 0.340237
vt 0.926681 0.344402
vt 0.928363 0.319561
vt 0.914446 0.334899
vt 0.925122 0.321074
vt 0.926050 0.319244
vt 0.906426 0.340065
vt 0.907148 0.338479
vt 0.922850 0.320743
vt 0.891215 0.400660
vt 0.889379 0.400359
vt 0.895554 0.397518
vt 0.895500 0.395206
vt 0.888664 0.398254
vt 0.872420 0.414715
vt 0.868556 0.411927
vt 0.867641 0.413733
vt 0.866158 0.411388
vt 0.762502 0.356378
vt 0.716302 0.329355
vt 0.712266 0.338992
vt 0.714419 0.328319
vt 0.704769 0.356507
vt 0.710360 0.337918
vt 0.713873 0.352350
vt 0.717593 0.347712
vt 0.709947 0.356848
vt 0.709425 0.358595
vt 0.713387 0.354126
vt 0.712365 0.357629
vt 0.716675 0.351432
vt 0.716213 0.353211
vt 0.853460 0.404740
vt 0.852588 0.406599
vt 0.851737 0.408466
vt 0.850141 0.406251
vt 0.846002 0.403758
vt 0.850899 0.410259
vt 0.849293 0.408082
vt 0.845188 0.405546
vt 0.831325 0.399200
vt 0.832070 0.397529
vt 0.829695 0.396530
vt 0.830464 0.394813
vt 0.823289 0.392075
vt 0.822531 0.393797
vt 0.817779 0.391960
vt 0.818537 0.390246
vt 0.816937 0.387596
vt 0.816170 0.389304
vt 0.812192 0.385801
vt 0.812975 0.384086
vt 0.810613 0.383184
vt 0.811402 0.381452
vt 0.797251 0.376158
vt 0.796450 0.377890
vt 0.794087 0.377042
vt 0.793293 0.378777
vt 0.791727 0.376177
vt 0.789358 0.375335
vt 0.790179 0.373593
vt 0.783142 0.370891
vt 0.781492 0.374384
vt 0.775496 0.369467
vt 0.774688 0.371192
vt 0.773905 0.372888
vt 0.771729 0.371690
vt 0.773286 0.368330
vt 0.776262 0.367823
vt 0.767551 0.363197
vt 0.764014 0.359148
vt 0.761778 0.358096
vt 0.759570 0.356960
vt 0.758889 0.358673
vt 0.761101 0.359772
vt 0.760428 0.361495
vt 0.768900 0.366069
vt 0.766090 0.366542
vt 0.768129 0.367758
vt 0.764512 0.369908
vt 0.762635 0.368987
vt 0.759085 0.365218
vt 0.760687 0.368036
vt 0.760392 0.369998
vt 0.758529 0.367027
vt 0.752401 0.362094
vt 0.751248 0.365697
vt 0.755765 0.367799
vt 0.755239 0.369637
vt 0.743793 0.364577
vt 0.743239 0.366359
vt 0.734221 0.362325
vt 0.734764 0.360530
vt 0.732524 0.359503
vt 0.734259 0.353907
vt 0.735381 0.350284
vt 0.733015 0.349365
vt 0.270305 0.648176
vt 0.514802 0.168434
vt 0.748767 0.528733
vt 0.750624 0.528573
vt 0.256758 0.719244
vt 0.259884 0.749045
vt 0.261877 0.747781
vt 0.261877 0.759125
vt 0.748751 0.054802
vt 0.279362 0.737395
vt 0.281284 0.736113
vt 0.282631 0.741142
vt 0.284084 0.740253
vt 0.283668 0.743254
vt 0.278877 0.745834
vt 0.276956 0.735941
vt 0.278628 0.734991
vt 0.273906 0.734569
vt 0.276020 0.733613
vt 0.271783 0.740014
vt 0.271894 0.737545
vt 0.273518 0.737112
vt 0.280941 0.750555
vt 0.279248 0.750761
vt 0.270080 0.743165
vt 0.270197 0.740219
vt 0.272618 0.747522
vt 0.271098 0.745585
vt 0.274793 0.746858
vt 0.276127 0.748879
vt 0.280197 0.758483
vt 0.282146 0.758202
vt 0.282485 0.760788
vt 0.284394 0.760493
vt 0.280510 0.766177
vt 0.280517 0.763630
vt 0.275340 0.751332
vt 0.278674 0.763824
vt 0.279010 0.768911
vt 0.275274 0.766604
vt 0.275387 0.769111
vt 0.274026 0.754006
vt 0.274143 0.749249
vt 0.273676 0.769204
vt 0.270186 0.769247
vt 0.273563 0.751565
vt 0.272289 0.754077
vt 0.285942 0.714561
vt 0.287823 0.714347
vt 0.289241 0.719601
vt 0.621690 0.795881
vt 0.621941 0.798306
vt 0.619870 0.795561
vt 0.616122 0.810256
vt 0.597792 0.768012
vt 0.606404 0.768391
vt 0.608359 0.768424
vt 0.610134 0.768470
vt 0.610143 0.765918
vt 0.608306 0.765850
vt 0.607917 0.753244
vt 0.610006 0.753295
vt 0.623056 0.783750
vt 0.622064 0.793483
vt 0.621196 0.783713
vt 0.613990 0.763490
vt 0.600471 0.715384
vt 0.612091 0.723263
vt 0.614005 0.723301
vt 0.614039 0.728327
vt 0.615927 0.728363
vt 0.615990 0.733381
vt 0.617847 0.733422
vt 0.617879 0.735929
vt 0.619768 0.735977
vt 0.617840 0.745980
vt 0.619660 0.746038
vt 0.617717 0.753528
vt 0.615855 0.753468
vt 0.615873 0.763538
vt 0.621360 0.778737
vt 0.619404 0.766156
vt 0.619569 0.768664
vt 0.617632 0.768628
vt 0.615757 0.771117
vt 0.617525 0.766111
vt 0.615739 0.768588
vt 0.570595 0.382989
vt 0.546066 0.388677
vt 0.550820 0.387203
vt 0.468070 0.868864
vt 0.460749 0.868349
vt 0.460102 0.866728
vt 0.457735 0.866507
vt 0.457028 0.864910
vt 0.454830 0.864286
vt 0.454361 0.862412
vt 0.452293 0.861190
vt 0.452033 0.860019
vt 0.450058 0.859145
vt 0.449707 0.858091
vt 0.448943 0.856245
vt 0.446975 0.856191
vt 0.446258 0.854414
vt 0.466108 0.851486
vt 0.463244 0.849259
vt 0.466187 0.872292
vt 0.468380 0.870548
vt 0.466127 0.874626
vt 0.471021 0.872706
vt 0.445353 0.852433
vt 0.471076 0.874578
vt 0.460316 0.847080
vt 0.475694 0.870026
vt 0.475835 0.871625
vt 0.443629 0.852161
vt 0.462782 0.846916
vt 0.465689 0.849112
vt 0.470672 0.848669
vt 0.487558 0.866016
vt 0.487566 0.867657
vt 0.489925 0.865410
vt 0.489390 0.855127
vt 0.487067 0.855729
vt 0.486769 0.853288
vt 0.472751 0.845911
vt 0.483999 0.844318
vt 0.114556 0.689974
vt 0.414317 0.621650
vt 0.022001 0.269131
vt 0.024835 0.278507
vt 0.020479 0.267010
vt 0.015733 0.256350
vt 0.338541 0.731230
vt 0.339997 0.731337
vt 0.343497 0.736316
vt 0.342910 0.739066
vt 0.340098 0.743395
vt 0.338541 0.742890
vt 0.514449 0.365164
vt 0.571244 0.295760
vt 0.576856 0.289872
vt 0.543249 0.288421
vt 0.562177 0.290752
vt 0.506743 0.297731
vt 0.655392 0.685196
vt 0.414082 0.560932
vt 0.351008 0.777206
vt 0.349367 0.777066
vt 0.349744 0.774367
vt 0.352985 0.770048
vt 0.354582 0.770356
vt 0.354307 0.779586
vt 0.351068 0.779728
vt 0.354717 0.774840
vt 0.742251 0.551105
vt 0.414528 0.644205
vt 0.675344 0.811864
vt 0.673657 0.810728
vt 0.382531 0.774723
vt 0.801422 0.911487
vt 0.800545 0.909714
vt 0.794024 0.912443
vt 0.793443 0.910662
vt 0.791169 0.911613
vt 0.790580 0.909790
vt 0.785850 0.911577
vt 0.785273 0.909849
vt 0.782946 0.910861
vt 0.781793 0.907265
vt 0.777476 0.900899
vt 0.772957 0.901002
vt 0.775196 0.900164
vt 0.775322 0.898442
vt 0.775317 0.879111
vt 0.737008 0.885880
vt 0.727244 0.884808
vt 0.711267 0.888480
vt 0.780304 0.895050
vt 0.781015 0.896960
vt 0.777017 0.899155
vt 0.779471 0.899806
vt 0.780055 0.901666
vt 0.789606 0.898702
vt 0.827726 0.897934
vt 0.811612 0.909324
vt 0.826491 0.896599
vt 0.827103 0.893378
vt 0.828334 0.894709
vt 0.827504 0.890026
vt 0.828815 0.891402
vt 0.815600 0.878652
vt 0.501627 0.047833
vt 0.501167 0.050396
vt 0.495319 0.050821
vt 0.494023 0.048527
vt 0.494634 0.046296
vt 0.496511 0.044290
vt 0.419888 0.199203
vt 0.418208 0.200300
vt 0.418802 0.198226
vt 0.427697 0.188809
vt 0.425807 0.188929
vt 0.425834 0.168552
vt 0.427584 0.168395
vt 0.441010 0.175703
vt 0.427958 0.163385
vt 0.426187 0.163545
vt 0.444133 0.135498
vt 0.424256 0.105343
vt 0.420962 0.257014
vt 0.422679 0.256326
vt 0.445318 0.117854
vt 0.430515 0.094075
vt 0.432112 0.094528
vt 0.434705 0.090052
vt 0.439006 0.086506
vt 0.442560 0.087417
vt 0.446813 0.097930
vt 0.443846 0.085638
vt 0.447805 0.091584
vt 0.423113 0.258759
vt 0.422779 0.267364
vt 0.421488 0.259494
vt 0.424654 0.267076
vt 0.424744 0.286472
vt 0.423672 0.277145
vt 0.425523 0.276705
vt 0.423549 0.296612
vt 0.423052 0.286476
vt 0.421707 0.296563
vt 0.442686 0.175527
vt 0.445884 0.135317
vt 0.448482 0.144770
vt 0.446636 0.145021
vt 0.446791 0.117797
vt 0.448631 0.205437
vt 0.450228 0.204693
vt 0.448814 0.157020
vt 0.501348 0.089587
vt 0.503061 0.089642
vt 0.502150 0.087514
vt 0.509290 0.088643
vt 0.509109 0.078556
vt 0.510842 0.078004
vt 0.510252 0.085874
vt 0.487535 0.073594
vt 0.492689 0.067666
vt 0.481443 0.069036
vt 0.504725 0.055213
vt 0.508028 0.065800
vt 0.509787 0.062806
vt 0.511354 0.059845
vt 0.513208 0.059444
vt 0.511766 0.062363
vt 0.509885 0.065212
vt 0.511413 0.085640
vt 0.510910 0.088332
vt 0.513744 0.173524
vt 0.512034 0.172998
vt 0.518956 0.145266
vt 0.520790 0.144930
vt 0.520466 0.137649
vt 0.522263 0.137316
vt 0.522063 0.134873
vt 0.523914 0.134531
vt 0.522980 0.127155
vt 0.524793 0.126790
vt 0.524505 0.124314
vt 0.526255 0.123935
vt 0.525823 0.121433
vt 0.527561 0.121055
vt 0.525554 0.110578
vt 0.527343 0.109830
vt 0.526829 0.107346
vt 0.528641 0.106539
vt 0.527363 0.101686
vt 0.529103 0.100900
vt 0.506304 0.340559
vt 0.502011 0.325800
vt 0.509383 0.352818
vt 0.636122 0.314406
vt 0.638633 0.313820
vt 0.636703 0.316837
vt 0.639236 0.316240
vt 0.639866 0.318655
vt 0.641665 0.328182
vt 0.642285 0.318088
vt 0.644071 0.327835
vt 0.643136 0.338112
vt 0.645634 0.337717
vt 0.647170 0.345309
vt 0.642295 0.346273
vt 0.644066 0.353860
vt 0.646421 0.353319
vt 0.647012 0.355702
vt 0.656670 0.353728
vt 0.652917 0.359402
vt 0.657219 0.356107
vt 0.659653 0.355658
vt 0.660200 0.358036
vt 0.653434 0.361801
vt 0.651035 0.362274
vt 0.651851 0.367226
vt 0.654333 0.366713
vt 0.656576 0.379198
vt 0.661028 0.388692
vt 0.663524 0.388183
vt 0.664450 0.393194
vt 0.669412 0.392202
vt 0.587756 0.380169
vt 0.587559 0.379385
vt 0.596504 0.375558
vt 0.605186 0.370227
vt 0.477210 0.285979
vt 0.475532 0.287147
vt 0.469656 0.277058
vt 0.471962 0.286731
vt 0.464800 0.263269
vt 0.466312 0.265481
vt 0.458724 0.242922
vt 0.460485 0.247939
vt 0.473244 0.288154
vt 0.500240 0.325924
vt 0.497152 0.333601
vt 0.498781 0.328456
vt 0.495877 0.341367
vt 0.521486 0.392121
vt 0.515805 0.369937
vt 0.514317 0.370556
vt 0.509023 0.354956
vt 0.503067 0.340913
vt 0.502424 0.338468
vt 0.500555 0.338621
vt 0.502327 0.335937
vt 0.500403 0.336040
vt 0.499420 0.357568
vt 0.501493 0.391318
vt 0.501330 0.380704
vt 0.504721 0.377119
vt 0.501213 0.357412
vt 0.500542 0.328410
vt 0.499048 0.333559
vt 0.498019 0.341218
vt 0.502892 0.377618
vt 0.503155 0.380170
vt 0.503221 0.390746
vt 0.502810 0.396242
vt 0.504569 0.395562
vt 0.505403 0.397881
vt 0.504074 0.400939
vt 0.505824 0.400259
vt 0.510463 0.413841
vt 0.509636 0.416698
vt 0.511404 0.416009
vt 0.342998 0.776087
vt 0.341240 0.776612
vt 0.414311 0.618699
vt 0.388902 0.774572
vt 0.472870 0.080424
vt 0.467780 0.081348
vt 0.403622 0.750102
vt 0.403563 0.742703
vt 0.405407 0.742511
vt 0.407373 0.744827
vt 0.407180 0.752174
vt 0.405320 0.752329
vt 0.213825 0.483323
vt 0.211920 0.484907
vt 0.214518 0.488834
vt 0.210084 0.490962
vt 0.210996 0.492297
vt 0.208029 0.492388
vt 0.208949 0.493741
vt 0.199018 0.501396
vt 0.183515 0.522538
vt 0.200610 0.508284
vt 0.186499 0.522663
vt 0.185465 0.521038
vt 0.199882 0.502727
vt 0.453562 0.086371
vt 0.303135 0.587625
vt 0.303037 0.580094
vt 0.304985 0.587752
vt 0.304077 0.575124
vt 0.305573 0.575249
vt 0.305893 0.572750
vt 0.307062 0.572844
vt 0.308618 0.565699
vt 0.310225 0.565613
vt 0.302718 0.604759
vt 0.302991 0.597413
vt 0.304555 0.604671
vt 0.304805 0.597487
vt 0.309589 0.552890
vt 0.305944 0.627330
vt 0.555138 0.030052
vt 0.275205 0.645667
vt 0.273566 0.647214
vt 0.248577 0.649844
vt 0.249312 0.654995
vt 0.247566 0.654312
vt 0.250324 0.650504
vt 0.265413 0.650724
vt 0.267108 0.651376
vt 0.270563 0.650680
vt 0.271996 0.648840
vt 0.272384 0.651428
vt 0.265746 0.658125
vt 0.263910 0.659376
vt 0.265663 0.660202
vt 0.263831 0.661546
vt 0.265537 0.662432
vt 0.262041 0.662929
vt 0.261838 0.665131
vt 0.260329 0.662127
vt 0.260257 0.664292
vt 0.258631 0.663531
vt 0.256829 0.662924
vt 0.249508 0.657471
vt 0.255795 0.663908
vt 0.249514 0.662562
vt 0.249532 0.659886
vt 0.247779 0.656781
vt 0.257069 0.664998
vt 0.255048 0.668936
vt 0.251268 0.671773
vt 0.249781 0.670845
vt 0.248760 0.667555
vt 0.247860 0.664348
vt 0.247871 0.661697
vt 0.247885 0.659217
vt 0.340961 0.759666
vt 0.338596 0.759359
vt 0.338596 0.753873
vt 0.341134 0.753465
vt 0.343497 0.756411
vt 0.343460 0.758367
vt 0.287809 0.714347
vt 0.285734 0.699265
vt 0.289241 0.700025
vt 0.289240 0.704678
vt 0.496497 0.865474
vt 0.564989 0.791151
vt 0.563160 0.788592
vt 0.556792 0.781341
vt 0.558998 0.783468
vt 0.561114 0.785960
vt 0.569067 0.794116
vt 0.559203 0.781342
vt 0.561384 0.783687
vt 0.563500 0.786211
vt 0.565459 0.788796
vt 0.569631 0.791644
vt 0.616324 0.818161
vt 0.614342 0.822842
vt 0.584953 0.796259
vt 0.585711 0.794536
vt 0.579457 0.792925
vt 0.577529 0.790582
vt 0.572773 0.790341
vt 0.573253 0.787869
vt 0.570865 0.787668
vt 0.571302 0.785284
vt 0.568833 0.784965
vt 0.569158 0.782695
vt 0.566676 0.782522
vt 0.566894 0.780177
vt 0.537411 0.741048
vt 0.534901 0.741334
vt 0.537309 0.738503
vt 0.529820 0.738577
vt 0.529729 0.736275
vt 0.620757 0.811297
vt 0.617934 0.818542
vt 0.622045 0.800791
vt 0.574574 0.698680
vt 0.505270 0.736576
vt 0.505521 0.738681
vt 0.503073 0.738755
vt 0.557178 0.638308
vt 0.559276 0.635707
vt 0.559099 0.638262
vt 0.503294 0.740866
vt 0.505777 0.740711
vt 0.501017 0.743078
vt 0.501175 0.745261
vt 0.506148 0.744745
vt 0.506201 0.747185
vt 0.511132 0.749306
vt 0.513644 0.749069
vt 0.513709 0.751409
vt 0.588407 0.595921
vt 0.589212 0.598352
vt 0.574044 0.629644
vt 0.589628 0.600916
vt 0.591758 0.600642
vt 0.591019 0.610652
vt 0.575907 0.629394
vt 0.592930 0.610452
vt 0.592739 0.612942
vt 0.594540 0.612745
vt 0.594505 0.617758
vt 0.596379 0.617569
vt 0.575162 0.636732
vt 0.002811 0.311156
vt 0.470172 0.286507
vt 0.728321 0.582582
vt 0.404874 0.776258
vt 0.337652 0.726133
vt 0.337628 0.721064
vt 0.339397 0.718519
vt 0.343279 0.718364
vt 0.341489 0.731230
vt 0.339539 0.731225
vt 0.343497 0.720913
vt 0.979129 0.127053
vt 0.368094 0.677518
vt 0.369942 0.677445
vt 0.367650 0.680014
vt 0.368546 0.687340
vt 0.370405 0.687235
vt 0.369721 0.694726
vt 0.368677 0.702046
vt 0.366809 0.702192
vt 0.364986 0.702388
vt 0.366277 0.689931
vt 0.364420 0.687477
vt 0.364414 0.690079
vt 0.365512 0.679922
vt 0.364851 0.684989
vt 0.365458 0.672633
vt 0.367370 0.672589
vt 0.364936 0.675029
vt 0.363010 0.675081
vt 0.363081 0.705031
vt 0.364836 0.704823
vt 0.362846 0.709774
vt 0.364389 0.709603
vt 0.363686 0.714538
vt 0.359042 0.719857
vt 0.363427 0.716960
vt 0.365338 0.716731
vt 0.362898 0.721697
vt 0.364812 0.721525
vt 0.362459 0.726493
vt 0.360655 0.726737
vt 0.360340 0.729104
vt 0.358565 0.729538
vt 0.357144 0.720324
vt 0.362885 0.685068
vt 0.739810 0.548311
vt 0.465795 0.070005
vt 0.466318 0.080023
vt 0.464335 0.081258
vt 0.462881 0.080454
vt 0.498851 0.053030
vt 0.469758 0.059813
vt 0.516346 0.056144
vt 0.518349 0.053526
vt 0.517761 0.055433
vt 0.520992 0.051268
vt 0.520494 0.053410
vt 0.523073 0.051209
vt 0.500673 0.052846
vt 0.459237 0.074729
vt 0.461159 0.081913
vt 0.457944 0.082426
vt 0.459259 0.083329
vt 0.457443 0.074232
vt 0.463723 0.069481
vt 0.467192 0.068354
vt 0.463286 0.067378
vt 0.465875 0.063653
vt 0.467015 0.061603
vt 0.468239 0.059614
vt 0.470928 0.057789
vt 0.475164 0.052485
vt 0.528452 0.046522
vt 0.529556 0.044793
vt 0.532795 0.042956
vt 0.531537 0.044745
vt 0.535401 0.040849
vt 0.534980 0.042669
vt 0.478522 0.048322
vt 0.479813 0.048944
vt 0.482831 0.044892
vt 0.484072 0.045498
vt 0.540186 0.038429
vt 0.539721 0.040026
vt 0.550910 0.033517
vt 0.550587 0.035300
vt 0.554986 0.031920
vt 0.543303 0.023146
vt 0.488869 0.047373
vt 0.485426 0.043474
vt 0.488297 0.044652
vt 0.487262 0.046864
vt 0.489728 0.045099
vt 0.491345 0.045548
vt 0.492190 0.043256
vt 0.493736 0.043628
vt 0.492385 0.048287
vt 0.496864 0.041815
vt 0.494995 0.041411
vt 0.495579 0.039027
vt 0.493788 0.038623
vt 0.496791 0.034060
vt 0.495042 0.033559
vt 0.497207 0.028980
vt 0.500412 0.024371
vt 0.499067 0.024051
vt 0.540375 0.426808
vt 0.538656 0.427232
vt 0.538913 0.424785
vt 0.537194 0.425228
vt 0.543650 0.428531
vt 0.541671 0.428974
vt 0.550200 0.431952
vt 0.551111 0.429462
vt 0.552107 0.431701
vt 0.548086 0.427610
vt 0.556068 0.435827
vt 0.765237 0.537962
vt 0.763396 0.538060
vt 0.763707 0.529232
vt 0.281677 0.071906
vt 0.278985 0.071895
vt 0.281631 0.069834
vt 0.284265 0.069699
vt 0.284278 0.067534
vt 0.388192 0.628648
vt 0.387088 0.633422
vt 0.370436 0.678840
vt 0.768136 0.545805
vt 0.766379 0.545657
vt 0.767748 0.543436
vt 0.771407 0.543897
vt 0.281743 0.768464
vt 0.404117 0.701976
vt 0.801547 0.829211
vt 0.803798 0.830126
vt 0.804856 0.825677
vt 0.807021 0.826642
vt 0.811234 0.834436
vt 0.809471 0.833370
vt 0.807976 0.837900
vt 0.803804 0.843692
vt 0.793433 0.841062
vt 0.794800 0.836409
vt 0.789335 0.839411
vt 0.792064 0.837812
vt 0.789773 0.837040
vt 0.792533 0.835592
vt 0.798677 0.830582
vt 0.795815 0.831992
vt 0.731548 0.544446
vt 0.733332 0.544428
vt 0.479793 0.270628
vt 0.477317 0.274569
vt 0.475953 0.275315
vt 0.474031 0.270880
vt 0.469523 0.256554
vt 0.481439 0.269830
vt 0.471195 0.255706
vt 0.286346 0.671773
vt 0.286862 0.674241
vt 0.289282 0.676303
vt 0.288779 0.681607
vt 0.286832 0.681710
vt 0.286482 0.684175
vt 0.013232 0.214590
vt 0.407054 0.773684
vt 0.759313 0.548837
vt 0.112383 0.748714
vt 0.139404 0.758100
vt 0.138710 0.765480
vt 0.141199 0.765780
vt 0.136146 0.783213
vt 0.138567 0.783907
vt 0.110340 0.748147
vt 0.134923 0.788209
vt 0.132536 0.787583
vt 0.129428 0.799361
vt 0.127042 0.798803
vt 0.072843 0.774828
vt 0.108019 0.748520
vt 0.072934 0.772565
vt 0.035467 0.863949
vt 0.022098 0.856097
vt 0.020078 0.855813
vt 0.017674 0.856408
vt 0.005184 0.828296
vt 0.088779 0.745651
vt 0.096381 0.741411
vt 0.088811 0.743333
vt 0.096285 0.743742
vt 0.073482 0.750499
vt 0.070711 0.765297
vt 0.070929 0.750514
vt 0.068203 0.769944
vt 0.068231 0.765188
vt 0.070611 0.770101
vt 0.070551 0.772558
vt 0.014183 0.859535
vt 0.012918 0.857859
vt 0.003507 0.828243
vt 0.002606 0.818216
vt 0.000848 0.818190
vt 0.038835 0.774763
vt 0.038874 0.772400
vt 0.026280 0.773792
vt 0.418408 0.680921
vt 0.500340 0.355085
vt 0.502071 0.354951
vt 0.502983 0.352493
vt 0.748037 0.544298
vt 0.447789 0.558731
vt 0.447739 0.556835
vt 0.452737 0.555943
vt 0.452637 0.553941
vt 0.460461 0.551721
vt 0.499146 0.552421
vt 0.501520 0.552962
vt 0.445403 0.559329
vt 0.308214 0.775435
vt 0.403667 0.762453
vt 0.403854 0.752441
vt 0.405482 0.752329
vt 0.748533 0.550114
vt 0.415933 0.615691
vt 0.691543 0.303033
vt 0.289295 0.727000
vt 0.151222 0.532530
vt 0.150820 0.531116
vt 0.166126 0.539911
vt 0.146589 0.531474
vt 0.163528 0.540275
vt 0.164361 0.542062
vt 0.155307 0.541779
vt 0.150769 0.541326
vt 0.144398 0.532245
vt 0.138903 0.535867
vt 0.139353 0.532888
vt 0.142015 0.541780
vt 0.137916 0.538991
vt 0.145327 0.541573
vt 0.144307 0.542763
vt 0.147418 0.541026
vt 0.146777 0.542248
vt 0.148733 0.541647
vt 0.155401 0.543293
vt 0.153048 0.542549
vt 0.392787 0.776468
vt 0.392713 0.771599
vt 0.374230 0.774763
vt 0.722921 0.489852
vt 0.724822 0.490161
vt 0.719470 0.512043
vt 0.721487 0.512273
vt 0.719563 0.519444
vt 0.721606 0.519665
vt 0.721018 0.522082
vt 0.723043 0.522298
vt 0.722460 0.524733
vt 0.724475 0.524952
vt 0.722859 0.532371
vt 0.724822 0.532653
vt 0.722819 0.539933
vt 0.718890 0.539206
vt 0.718113 0.541473
vt 0.714165 0.540845
vt 0.700841 0.526207
vt 0.713523 0.542979
vt 0.711187 0.543976
vt 0.709307 0.543374
vt 0.708478 0.545904
vt 0.721766 0.484193
vt 0.723932 0.484799
vt 0.711353 0.493744
vt 0.705682 0.547690
vt 0.703769 0.547226
vt 0.698794 0.525943
vt 0.720045 0.478114
vt 0.723536 0.479389
vt 0.717861 0.482601
vt 0.716473 0.484653
vt 0.702801 0.549225
vt 0.700902 0.548924
vt 0.714829 0.483885
vt 0.716115 0.481687
vt 0.699712 0.546550
vt 0.699788 0.536318
vt 0.709649 0.492737
vt 0.079415 0.638592
vt 0.991995 0.185441
vt 0.941351 0.009589
vt 0.948587 0.012832
vt 0.958910 0.014101
vt 0.961516 0.014340
vt 0.200593 0.587400
vt 0.199274 0.585379
vt 0.202547 0.584579
vt 0.199304 0.581092
vt 0.202794 0.582103
vt 0.201059 0.580358
vt 0.208280 0.580711
vt 0.196253 0.585672
vt 0.197803 0.585511
vt 0.198965 0.587650
vt 0.717167 0.173916
vt 0.678037 0.586959
vt 0.676492 0.592101
vt 0.669548 0.599663
vt 0.672058 0.592270
vt 0.667841 0.598644
vt 0.669208 0.596510
vt 0.664163 0.605278
vt 0.667875 0.595723
vt 0.675051 0.588126
vt 0.115378 0.042478
vt 0.113747 0.040084
vt 0.078223 0.001045
vt 0.088465 0.000000
vt 0.089815 0.000704
vt 0.091775 0.002376
vt 0.090925 0.003925
vt 0.094283 0.007551
vt 0.093461 0.008940
vt 0.094722 0.011512
vt 0.096479 0.013175
vt 0.095511 0.014915
vt 0.099066 0.018159
vt 0.098260 0.019656
vt 0.103047 0.025758
vt 0.103807 0.024416
vt 0.106074 0.030126
vt 0.230063 0.060632
vt 0.260269 0.066602
vt 0.265041 0.067657
vt 0.259919 0.068276
vt 0.247939 0.065898
vt 0.248229 0.064192
vt 0.237995 0.061630
vt 0.240638 0.062608
vt 0.239263 0.063955
vt 0.237123 0.063203
vt 0.225070 0.053744
vt 0.228619 0.057978
vt 0.214067 0.042499
vt 0.230834 0.059034
vt 0.229279 0.056445
vt 0.226370 0.050813
vt 0.210581 0.038298
vt 0.214709 0.041042
vt 0.204600 0.033143
vt 0.211199 0.036781
vt 0.198313 0.029047
vt 0.205204 0.031513
vt 0.195906 0.028895
vt 0.110113 0.036358
vt 0.106972 0.028891
vt 0.108698 0.031836
vt 0.108597 0.033631
vt 0.110633 0.034777
vt 0.114373 0.038513
vt 0.116064 0.040826
vt 0.137161 0.047233
vt 0.390833 0.777029
vt 0.407292 0.734894
vt 0.405425 0.740044
vt 0.407357 0.742299
vt 0.405475 0.742511
vt 0.403568 0.740255
vt 0.074454 0.595109
vt 0.072045 0.594525
vt 0.072623 0.592116
vt 0.065037 0.590361
vt 0.065800 0.588236
vt 0.060993 0.587298
vt 0.061503 0.584965
vt 0.056761 0.583793
vt 0.057150 0.581629
vt 0.054576 0.581289
vt 0.054867 0.578824
vt 0.082203 0.604072
vt 0.088937 0.609004
vt 0.081682 0.606153
vt 0.103354 0.613224
vt 0.106164 0.611310
vt 0.105798 0.613768
vt 0.125777 0.616966
vt 0.115832 0.615368
vt 0.116241 0.612924
vt 0.126088 0.614592
vt 0.129992 0.607299
vt 0.112327 0.545322
vt 0.117154 0.545828
vt 0.128698 0.614906
vt 0.133039 0.605196
vt 0.132526 0.607609
vt 0.134987 0.553999
vt 0.295487 0.772461
vt 0.005144 0.309489
vt 0.363968 0.772538
vt 0.364002 0.770047
vt 0.366983 0.770875
vt 0.459359 0.869370
vt 0.316780 0.775852
vt 0.316752 0.770810
vt 0.392713 0.774536
vt 0.299204 0.696633
vt 0.300633 0.696641
vt 0.300676 0.704347
vt 0.299028 0.704358
vt 0.301011 0.687122
vt 0.300712 0.689276
vt 0.289455 0.686097
vt 0.292155 0.705372
vt 0.299074 0.712436
vt 0.300902 0.712186
vt 0.297010 0.720417
vt 0.300975 0.733000
vt 0.297606 0.725470
vt 0.302708 0.732856
vt 0.301576 0.740289
vt 0.298095 0.740467
vt 0.298632 0.735507
vt 0.296918 0.735672
vt 0.290166 0.683273
vt 0.300507 0.679974
vt 0.300899 0.677611
vt 0.301194 0.675259
vt 0.302718 0.678081
vt 0.302294 0.680494
vt 0.081681 0.631180
vt 0.525332 0.742369
vt 0.522919 0.742358
vt 0.377694 0.772594
vt 0.382563 0.569479
vt 0.378804 0.572106
vt 0.378838 0.569712
vt 0.376934 0.570610
vt 0.377109 0.568358
vt 0.378929 0.567313
vt 0.377550 0.574953
vt 0.379056 0.574045
vt 0.388368 0.587964
vt 0.384408 0.570583
vt 0.394771 0.596579
vt 0.386781 0.588917
vt 0.398857 0.598650
vt 0.396731 0.597576
vt 0.404868 0.595511
vt 0.391299 0.600578
vt 0.393177 0.599194
vt 0.395006 0.600534
vt 0.403963 0.590450
vt 0.393517 0.569560
vt 0.382160 0.594492
vt 0.383853 0.593501
vt 0.385888 0.601039
vt 0.378675 0.594473
vt 0.380328 0.593260
vt 0.370904 0.600627
vt 0.375264 0.596671
vt 0.372141 0.602720
vt 0.377568 0.603933
vt 0.372231 0.605673
vt 0.370405 0.603989
vt 0.373925 0.604352
vt 0.375994 0.605232
vt 0.379623 0.604988
vt 0.396604 0.605078
vt 0.393145 0.607407
vt 0.394902 0.603451
vt 0.377198 0.565879
vt 0.378936 0.564723
vt 0.377358 0.562786
vt 0.378992 0.561539
vt 0.371495 0.554501
vt 0.382405 0.556221
vt 0.370405 0.552005
vt 0.372341 0.550911
vt 0.371435 0.548550
vt 0.377958 0.550311
vt 0.376803 0.548190
vt 0.390002 0.563640
vt 0.374988 0.546612
vt 0.386321 0.558422
vt 0.391853 0.562784
vt 0.402877 0.583090
vt 0.395368 0.568634
vt 0.404700 0.582334
vt 0.405909 0.587028
vt 0.404114 0.587848
vt 0.405739 0.589638
vt 0.406668 0.594657
vt 0.407421 0.599794
vt 0.405623 0.600604
vt 0.406954 0.602691
vt 0.401838 0.602456
vt 0.409931 0.604134
vt 0.411119 0.606355
vt 0.412892 0.605634
vt 0.414028 0.607907
vt 0.410432 0.609362
vt 0.407466 0.607926
vt 0.404521 0.606542
vt 0.398295 0.604184
vt 0.396635 0.602439
vt 0.977198 0.438680
vt 0.983353 0.434794
vt 0.981690 0.439078
vt 0.967463 0.446650
vt 0.966392 0.448444
vt 0.970556 0.441380
vt 0.976199 0.440507
vt 0.980688 0.440997
vt 0.982674 0.440749
vt 0.981655 0.442867
vt 0.969542 0.443156
vt 0.054475 0.608194
vt 0.038286 0.592469
vt 0.053237 0.595357
vt 0.053107 0.597835
vt 0.055682 0.598075
vt 0.055774 0.600437
vt 0.058342 0.602493
vt 0.681257 0.589140
vt 0.067385 0.595338
vt 0.065476 0.604429
vt 0.063271 0.606114
vt 0.051411 0.621972
vt 0.057254 0.627436
vt 0.054559 0.625710
vt 0.054723 0.627598
vt 0.052250 0.625822
vt 0.046649 0.622372
vt 0.045238 0.616604
vt 0.042677 0.617126
vt 0.042338 0.615269
vt 0.039603 0.615910
vt 0.039323 0.614165
vt 0.031422 0.613672
vt 0.286311 0.733613
vt 0.284653 0.733112
vt 0.387064 0.771599
vt 0.752701 0.548260
vt 0.415950 0.615691
vt 0.765141 0.548188
vt 0.763501 0.548591
vt 0.978332 0.123232
vt 0.037498 0.753247
vt 0.035392 0.755124
vt 0.033027 0.754969
vt 0.032698 0.753036
vt 0.035080 0.753180
vt 0.031196 0.745421
vt 0.031576 0.747371
vt 0.034741 0.751294
vt 0.073129 0.002773
vt 0.528790 0.398838
vt 0.526491 0.401586
vt 0.528858 0.403834
vt 0.526893 0.404095
vt 0.524555 0.401884
vt 0.522390 0.399737
vt 0.529153 0.396370
vt 0.958957 0.012504
vt 0.744319 0.550658
vt 0.694029 0.333179
vt 0.693340 0.325743
vt 0.697106 0.360453
vt 0.695107 0.325585
vt 0.695876 0.333060
vt 0.697318 0.345433
vt 0.695779 0.345668
vt 0.698794 0.360392
vt 0.694781 0.390759
vt 0.693985 0.403493
vt 0.696298 0.365464
vt 0.698053 0.365423
vt 0.697298 0.372949
vt 0.696488 0.390557
vt 0.695690 0.403329
vt 0.624628 0.548512
vt 0.622099 0.548449
vt 0.438032 0.786867
vt 0.444247 0.798845
vt 0.454087 0.807122
vt 0.441313 0.816770
vt 0.453723 0.809167
vt 0.452673 0.815511
vt 0.452428 0.822486
vt 0.448958 0.816858
vt 0.439220 0.817384
vt 0.420047 0.757296
vt 0.421728 0.756992
vt 0.438843 0.800438
vt 0.439167 0.798152
vt 0.421923 0.761874
vt 0.425447 0.774164
vt 0.425698 0.781659
vt 0.425582 0.779181
vt 0.427002 0.778772
vt 0.433639 0.779333
vt 0.438722 0.780045
vt 0.433507 0.781632
vt 0.436330 0.787433
vt 0.436316 0.785044
vt 0.438038 0.784479
vt 0.437404 0.798673
vt 0.714038 0.295868
vt 0.712631 0.295018
vt 0.711302 0.291894
vt 0.709652 0.288917
vt 0.709779 0.286409
vt 0.707926 0.285997
vt 0.708077 0.281034
vt 0.706184 0.280645
vt 0.712870 0.300775
vt 0.012672 0.171104
vt 0.009187 0.159295
vt 0.010900 0.159164
vt 0.007447 0.147199
vt 0.009137 0.147068
vt 0.008479 0.144643
vt 0.010196 0.144490
vt 0.009519 0.142061
vt 0.011237 0.141887
vt 0.009841 0.137001
vt 0.011502 0.136824
vt 0.010848 0.134354
vt 0.012458 0.134094
vt 0.009269 0.108982
vt 0.007601 0.109143
vt 0.007990 0.106698
vt 0.011725 0.176132
vt 0.010954 0.171229
vt 0.007151 0.183867
vt 0.006697 0.176445
vt 0.008787 0.183767
vt 0.026126 0.177719
vt 0.008641 0.188709
vt 0.010429 0.186136
vt 0.010293 0.188612
vt 0.021805 0.187813
vt 0.013503 0.188385
vt 0.013773 0.185923
vt 0.022357 0.185427
vt 0.025677 0.185254
vt 0.003116 0.106969
vt 0.004939 0.104410
vt 0.003305 0.104463
vt 0.005407 0.091732
vt 0.003746 0.091634
vt 0.004121 0.078910
vt 0.002420 0.078691
vt 0.002900 0.073814
vt 0.001371 0.073575
vt 0.001559 0.071111
vt 0.000066 0.070839
vt 0.001503 0.063469
vt 0.000000 0.063115
vt 0.001537 0.058308
vt 0.000078 0.057852
vt 0.001181 0.055548
vt 0.002716 0.053515
vt 0.004025 0.053967
vt 0.005622 0.052062
vt 0.007006 0.052587
vt 0.008554 0.050686
vt 0.009910 0.051263
vt 0.016562 0.043659
vt 0.017873 0.044191
vt 0.026994 0.029297
vt 0.028419 0.029795
vt 0.034502 0.010900
vt 0.034693 0.009165
vt 0.026671 0.187578
vt 0.027279 0.185249
vt 0.025055 0.187607
vt 0.556970 0.031066
vt 0.296599 0.557364
vt 0.297627 0.560795
vt 0.291776 0.571879
vt 0.284872 0.617554
vt 0.284988 0.615588
vt 0.286668 0.616413
vt 0.285248 0.613662
vt 0.286767 0.615195
vt 0.288480 0.617124
vt 0.290610 0.616369
vt 0.302718 0.623981
vt 0.348258 0.757455
vt 0.346398 0.758693
vt 0.368387 0.753586
vt 0.369990 0.752648
vt 0.369649 0.755768
vt 0.355819 0.764312
vt 0.354301 0.765270
vt 0.357441 0.766177
vt 0.363647 0.768125
vt 0.362110 0.769088
vt 0.366749 0.769102
vt 0.365204 0.770047
vt 0.365257 0.767118
vt 0.368799 0.762080
vt 0.370024 0.764264
vt 0.370405 0.761142
vt 0.531321 0.771898
vt 0.536387 0.769136
vt 0.257812 0.728047
vt 0.258101 0.726408
vt 0.253200 0.726987
vt 0.253135 0.729111
vt 0.246890 0.724080
vt 0.244744 0.726791
vt 0.244918 0.724749
vt 0.246688 0.728163
vt 0.248958 0.725714
vt 0.246826 0.726216
vt 0.251139 0.725304
vt 0.250899 0.732067
vt 0.248641 0.732982
vt 0.246487 0.733613
vt 0.246471 0.731725
vt 0.244468 0.732545
vt 0.244395 0.730601
vt 0.314319 0.545322
vt 0.660810 0.304692
vt 0.651391 0.294673
vt 0.650349 0.293109
vt 0.653721 0.294487
vt 0.661643 0.294910
vt 0.654741 0.296035
vt 0.662928 0.296408
vt 0.686427 0.293598
vt 0.679063 0.295138
vt 0.688094 0.291758
vt 0.237780 0.804943
vt 0.235197 0.817499
vt 0.232503 0.819380
vt 0.234230 0.819970
vt 0.230583 0.824247
vt 0.226604 0.828024
vt 0.228258 0.828933
vt 0.244117 0.770031
vt 0.239547 0.805375
vt 0.242666 0.767396
vt 0.244395 0.766738
vt 0.241737 0.755658
vt 0.243693 0.755190
vt 0.240181 0.671281
vt 0.242016 0.670972
vt 0.238625 0.662056
vt 0.240454 0.662015
vt 0.237011 0.659754
vt 0.238865 0.659718
vt 0.173184 0.739011
vt 0.173177 0.741563
vt 0.224934 0.832111
vt 0.224326 0.833644
vt 0.222318 0.834237
vt 0.221658 0.836366
vt 0.220420 0.838511
vt 0.201523 0.856481
vt 0.212286 0.853314
vt 0.210349 0.852976
vt 0.209190 0.855007
vt 0.207218 0.854749
vt 0.130901 0.617310
vt 0.128348 0.617273
vt 0.155724 0.733938
vt 0.163295 0.736450
vt 0.155797 0.736431
vt 0.163349 0.738969
vt 0.170782 0.744094
vt 0.170783 0.741546
vt 0.188695 0.860484
vt 0.206035 0.856816
vt 0.166228 0.751739
vt 0.165984 0.744047
vt 0.161890 0.756861
vt 0.161710 0.751772
vt 0.159753 0.759376
vt 0.159679 0.756844
vt 0.157547 0.761881
vt 0.157488 0.759349
vt 0.153160 0.764280
vt 0.153122 0.761736
vt 0.143983 0.761052
vt 0.146298 0.761276
vt 0.146235 0.763789
vt 0.144108 0.758553
vt 0.182989 0.861831
vt 0.132516 0.836706
vt 0.133441 0.834663
vt 0.129541 0.838477
vt 0.130486 0.836441
vt 0.131593 0.838752
vt 0.127620 0.842471
vt 0.128574 0.840475
vt 0.130640 0.840753
vt 0.164540 0.869702
vt 0.167698 0.868120
vt 0.123622 0.846132
vt 0.125540 0.842163
vt 0.120582 0.847808
vt 0.121547 0.845826
vt 0.117544 0.849516
vt 0.118534 0.847514
vt 0.114463 0.851175
vt 0.115468 0.849183
vt 0.110394 0.854882
vt 0.112351 0.850801
vt 0.105274 0.856136
vt 0.106367 0.854113
vt 0.102107 0.857718
vt 0.103333 0.855749
vt 0.104141 0.858153
vt 0.101755 0.862090
vt 0.138933 0.894211
vt 0.116327 0.900205
vt 0.098847 0.859222
vt 0.100895 0.859701
vt 0.099704 0.861695
vt 0.096486 0.863229
vt 0.086210 0.900498
vt 0.085312 0.902425
vt 0.115783 0.902172
vt 0.138472 0.896331
vt 0.145664 0.890663
vt 0.145163 0.892774
vt 0.159438 0.886892
vt 0.158887 0.888987
vt 0.165219 0.879713
vt 0.163542 0.886145
vt 0.163120 0.879982
vt 0.162248 0.875856
vt 0.164491 0.875792
vt 0.166938 0.870091
vt 0.170116 0.868498
vt 0.173315 0.867026
vt 0.179736 0.863481
vt 0.179255 0.865297
vt 0.182649 0.863705
vt 0.188263 0.862556
vt 0.196582 0.858645
vt 0.196203 0.860584
vt 0.201126 0.858552
vt 0.378945 0.747628
vt 0.372168 0.762396
vt 0.373452 0.764842
vt 0.372179 0.769593
vt 0.372995 0.771970
vt 0.371350 0.771882
vt 0.370405 0.769477
vt 0.371079 0.752606
vt 0.370775 0.742649
vt 0.376512 0.742489
vt 0.374575 0.742525
vt 0.372230 0.740093
vt 0.374144 0.740028
vt 0.273486 0.070127
vt 0.273688 0.068439
vt 0.279048 0.068218
vt 0.279181 0.066445
vt 0.129704 0.627789
vt 0.121927 0.629160
vt 0.126859 0.631446
vt 0.126747 0.633401
vt 0.116998 0.626679
vt 0.114706 0.624156
vt 0.121850 0.631088
vt 0.116897 0.628594
vt 0.109900 0.621344
vt 0.114598 0.626008
vt 0.109727 0.623287
vt 0.092991 0.616809
vt 0.085861 0.611932
vt 0.085976 0.610274
vt 0.079250 0.606937
vt 0.079458 0.605037
vt 0.077331 0.604070
vt 0.077518 0.602798
vt 0.397141 0.296676
vt 0.399388 0.296492
vt 0.399322 0.299013
vt 0.397225 0.299179
vt 0.392237 0.253255
vt 0.345429 0.445283
vt 0.328366 0.451391
vt 0.360605 0.438979
vt 0.361467 0.440437
vt 0.345814 0.446918
vt 0.374160 0.432358
vt 0.380954 0.424129
vt 0.377582 0.428285
vt 0.749560 0.546527
vt 0.331524 0.687421
vt 0.329349 0.682876
vt 0.333618 0.684022
vt 0.332368 0.681806
vt 0.336533 0.682892
vt 0.343880 0.689648
vt 0.345484 0.689426
vt 0.342858 0.687668
vt 0.339267 0.684295
vt 0.719034 0.352279
vt 0.724284 0.352118
vt 0.720912 0.354937
vt 0.718566 0.354066
vt 0.723293 0.355758
vt 0.728444 0.355826
vt 0.730226 0.358561
vt 0.269544 0.772933
vt 0.267688 0.772571
vt 0.876342 0.840440
vt 0.878036 0.841393
vt 0.875346 0.842688
vt 0.876972 0.843641
vt 0.868778 0.853305
vt 0.867284 0.852319
vt 0.878148 0.826960
vt 0.880111 0.827465
vt 0.876715 0.823927
vt 0.878649 0.824484
vt 0.875829 0.818420
vt 0.877748 0.819029
vt 0.874389 0.815272
vt 0.876332 0.815984
vt 0.874615 0.809548
vt 0.875919 0.810338
vt 0.873536 0.806488
vt 0.875236 0.806790
vt 0.872255 0.803592
vt 0.874015 0.803922
vt 0.871017 0.800759
vt 0.872819 0.801095
vt 0.870403 0.795516
vt 0.872215 0.795828
vt 0.869094 0.792772
vt 0.870993 0.793059
vt 0.867536 0.790023
vt 0.869447 0.790298
vt 0.865963 0.787308
vt 0.867844 0.787558
vt 0.864645 0.779723
vt 0.866520 0.779965
vt 0.864545 0.763279
vt 0.811135 0.820372
vt 0.808853 0.819578
vt 0.811486 0.840004
vt 0.809704 0.838961
vt 0.852883 0.870852
vt 0.846776 0.875182
vt 0.844000 0.872451
vt 0.845014 0.876961
vt 0.842569 0.874475
vt 0.841153 0.869775
vt 0.840874 0.866299
vt 0.839675 0.868434
vt 0.834540 0.864318
vt 0.830074 0.875394
vt 0.828477 0.874066
vt 0.826275 0.878359
vt 0.827711 0.879689
vt 0.826287 0.881744
vt 0.827680 0.883114
vt 0.826292 0.885189
vt 0.829069 0.887986
vt 0.805478 0.844735
vt 0.772971 0.861205
vt 0.739098 0.880925
vt 0.726735 0.882387
vt 0.738909 0.878425
vt 0.751296 0.877917
vt 0.810681 0.842274
vt 0.808090 0.843501
vt 0.758696 0.875076
vt 0.751229 0.875549
vt 0.758725 0.872496
vt 0.761200 0.872567
vt 0.761328 0.870041
vt 0.763841 0.870315
vt 0.768999 0.868497
vt 0.764042 0.867793
vt 0.770451 0.860633
vt 0.775940 0.851325
vt 0.778420 0.852086
vt 0.780512 0.844703
vt 0.782942 0.845471
vt 0.784105 0.840469
vt 0.786554 0.841221
vt 0.786954 0.838735
vt 0.806370 0.842449
vt 0.808945 0.841225
vt 0.112159 0.741071
vt 0.111172 0.737902
vt 0.111892 0.729693
vt 0.674681 0.806170
vt 0.673958 0.808602
vt 0.672350 0.808285
vt 0.671184 0.810327
vt 0.661247 0.809821
vt 0.661689 0.787225
vt 0.663754 0.787366
vt 0.663903 0.784873
vt 0.661664 0.784727
vt 0.664138 0.777356
vt 0.662446 0.777277
vt 0.663672 0.741071
vt 0.661994 0.741546
vt 0.661700 0.739073
vt 0.661074 0.731668
vt 0.659501 0.732105
vt 0.657754 0.710041
vt 0.655857 0.710495
vt 0.655610 0.705479
vt 0.652884 0.682800
vt 0.650234 0.644976
vt 0.312644 0.689095
vt 0.314180 0.688392
vt 0.316033 0.690009
vt 0.317543 0.689344
vt 0.319320 0.691183
vt 0.324113 0.689103
vt 0.325699 0.690852
vt 0.327064 0.690132
vt 0.327107 0.692823
vt 0.328604 0.692052
vt 0.327945 0.695167
vt 0.326393 0.695917
vt 0.304544 0.700254
vt 0.327848 0.702934
vt 0.326411 0.703954
vt 0.328604 0.719781
vt 0.327060 0.720108
vt 0.308175 0.683923
vt 0.310269 0.685379
vt 0.308889 0.686528
vt 0.308357 0.711719
vt 0.306780 0.681806
vt 0.305844 0.682563
vt 0.306838 0.685123
vt 0.328187 0.727640
vt 0.326653 0.727945
vt 0.327569 0.730399
vt 0.314585 0.730362
vt 0.313460 0.731360
vt 0.312301 0.729997
vt 0.311141 0.728633
vt 0.306814 0.712162
vt 0.303068 0.700360
vt 0.302792 0.695570
vt 0.304325 0.688380
vt 0.295144 0.751242
vt 0.301308 0.742927
vt 0.300786 0.740466
vt 0.302235 0.741010
vt 0.302718 0.742971
vt 0.302131 0.745402
vt 0.301446 0.747706
vt 0.300851 0.750050
vt 0.302018 0.752556
vt 0.301676 0.754949
vt 0.301194 0.757280
vt 0.296294 0.754068
vt 0.298255 0.766665
vt 0.296675 0.766467
vt 0.300712 0.771962
vt 0.298652 0.771613
vt 0.302602 0.757312
vt 0.372239 0.686483
vt 0.396332 0.686947
vt 0.396926 0.649436
vt 0.395738 0.628427
vt 0.388677 0.626170
vt 0.394380 0.626171
vt 0.387047 0.626175
vt 0.388394 0.621149
vt 0.386953 0.620864
vt 0.390936 0.613975
vt 0.394075 0.614537
vt 0.392518 0.611687
vt 0.393437 0.609362
vt 0.394950 0.609441
vt 0.395154 0.614547
vt 0.394301 0.619164
vt 0.395888 0.618905
vt 0.396084 0.625954
vt 0.397217 0.628118
vt 0.397075 0.630624
vt 0.371611 0.689436
vt 0.370863 0.686964
vt 0.395736 0.666768
vt 0.396833 0.633104
vt 0.395846 0.637868
vt 0.397459 0.637577
vt 0.397220 0.640010
vt 0.373095 0.688900
vt 0.397639 0.649349
vt 0.397427 0.666736
vt 0.397775 0.686701
vt 0.375920 0.706184
vt 0.377738 0.704741
vt 0.381543 0.700782
vt 0.379889 0.703845
vt 0.378048 0.705689
vt 0.382417 0.704185
vt 0.380460 0.705628
vt 0.395122 0.696648
vt 0.433786 0.725241
vt 0.426710 0.718146
vt 0.423241 0.711717
vt 0.455396 0.829102
vt 0.453414 0.833525
s 1
usemtl mossy_green_rock17
f 1486/1/1486 4051/2/4051 4791/3/4791
f 428/4/428 427/5/427 1363/6/1363
f 2311/7/2311 2677/8/2677 4344/9/4344
f 4087/10/4087 3090/11/3090 1796/12/1796
f 1608/13/1608 4969/14/4969 425/15/425
f 2217/16/2217 3325/17/3325 418/18/418
f 2326/19/2326 4267/20/4267 782/21/782
f 1601/22/1601 4870/23/4870 3435/24/3435
f 1058/25/1058 1271/26/1271 4961/27/4961
f 1225/28/1225 2293/29/2293 644/30/644
f 2699/31/2699 3092/32/3092 2384/33/2384
f 4046/34/4046 1724/35/1724 1077/36/1077
f 4421/37/4421 351/38/351 350/39/350
f 3906/40/3906 1628/41/1628 3212/42/3212
f 2719/43/2719 2328/44/2328 2227/45/2227
f 4607/46/4607 1894/47/1894 1088/48/1088
f 31/49/31 56/50/56 32/51/32
f 3879/52/3879 4387/53/4387 3880/54/3880
f 1227/55/1227 3042/56/3042 4265/57/4265
f 2312/58/2312 4985/59/4985 3241/60/3241
f 4694/61/4694 4978/62/4978 3599/63/3599
f 2593/64/2593 4543/65/4543 3961/66/3961
f 300/67/300 247/68/247 4103/69/4103
f 2204/70/2204 2203/71/2203 2062/72/2062
f 1537/73/1537 1019/74/1019 253/75/253
f 1110/76/1110 74/77/74 4954/78/4954
f 3775/79/3775 3776/80/3776 1637/81/1637
f 1627/82/1627 3928/83/3928 1757/84/1757
f 3781/85/3781 3779/86/3779 3780/87/3780
f 1193/88/1193 2532/89/2532 2949/90/2949
f 3942/91/3942 364/92/364 363/93/363
f 3224/94/3224 241/95/241 4571/96/4571
f 1377/97/1377 4101/98/4101 1454/99/1454
f 537/100/537 3449/101/3449 3450/102/3450
f 4532/103/4532 229/104/229 3310/105/3310
f 3819/106/3819 2487/107/2487 2075/108/2075
f 3914/109/3914 2494/110/2494 1854/111/1854
f 2583/112/2583 4201/113/4201 3664/114/3664
f 1290/115/1290 3775/116/3775 407/117/407
f 4873/118/4873 1129/119/1129 4891/120/4891
f 4429/121/4429 1399/122/1399 4428/123/4428
f 1520/124/1520 2099/125/2099 2098/126/2098
f 4286/127/4286 2076/128/2076 5019/129/5019
f 649/130/649 3797/131/3797 4023/132/4023
f 2147/133/2147 4405/134/4405 2188/135/2188
f 3369/136/3369 3367/137/3367 3368/138/3368
f 847/139/847 2845/140/2845 2850/141/2850
f 4551/142/4551 4286/127/4286 499/143/499
f 2195/144/2195 1356/145/1356 2196/146/2196
f 163/147/163 1960/148/1960 3005/149/3005
f 1162/150/1162 3075/151/3075 2667/152/2667
f 4242/153/4242 4912/154/4912 123/155/123
f 2626/156/2626 2625/157/2625 2743/158/2743
f 4442/159/4442 4225/63/4225 361/160/361
f 1324/161/1324 1325/162/1325 1326/163/1326
f 1324/161/1324 1368/164/1368 1369/165/1369
f 2230/166/2230 2229/167/2229 3124/168/3124
f 1708/169/1708 1719/170/1719 4847/171/4847
f 886/172/886 4209/173/4209 1911/174/1911
f 1434/175/1434 4770/176/4770 3063/177/3063
f 1652/178/1652 4452/179/4452 2468/180/2468
f 3814/181/3814 4833/182/4833 4832/183/4832
f 2309/184/2309 3739/185/3739 2310/186/2310
f 3348/187/3348 3887/188/3887 3347/189/3347
f 956/190/956 4815/191/4815 2232/192/2232
f 1268/193/1268 1269/194/1269 1270/195/1270
f 2915/196/2915 2914/197/2914 2929/198/2929
f 4592/199/4592 2679/200/2679 4736/201/4736
f 307/202/307 4404/92/4404 306/203/306
f 2899/204/2899 4214/205/4214 4676/206/4676
f 3442/207/3442 4936/208/4936 4455/209/4455
f 128/210/128 2054/211/2054 587/212/587
f 3975/213/3975 997/214/997 3804/215/3804
f 2538/216/2538 1488/217/1488 2537/218/2537
f 1506/219/1506 4600/220/4600 1507/221/1507
f 3468/222/3468 2023/223/2023 1187/224/1187
f 116/225/116 2964/226/2964 426/227/426
f 363/228/363 4422/229/4422 456/230/456
f 1425/231/1425 336/232/336 2974/233/2974
f 1980/234/1980 958/235/958 1921/236/1921
f 2209/237/2209 3975/213/3975 2793/238/2793
f 2647/239/2647 3820/240/3820 189/241/189
f 3850/242/3850 3848/243/3848 3849/244/3849
f 3436/245/3436 466/246/466 4654/247/4654
f 4287/248/4287 1629/249/1629 500/250/500
f 275/251/275 4239/252/4239 3921/253/3921
f 1683/254/1683 1923/255/1923 1924/256/1924
f 4684/257/4684 3873/258/3873 3872/259/3872
f 3170/260/3170 1434/175/1434 3976/261/3976
f 4020/262/4020 482/263/482 4935/264/4935
f 2749/265/2749 4658/266/4658 540/267/540
f 1083/268/1083 2336/269/2336 4984/270/4984
f 3413/271/3413 89/272/89 3543/273/3543
f 3817/274/3817 1292/275/1292 3861/276/3861
f 4508/277/4508 3879/278/3879 1575/279/1575
f 594/280/594 1893/281/1893 1892/282/1892
f 3625/283/3625 3609/284/3609 3624/285/3624
f 2382/286/2382 3101/287/3101 3102/288/3102
f 1133/289/1133 289/290/289 290/291/290
f 1190/292/1190 1258/293/1258 4822/294/4822
f 4489/295/4489 2619/296/2619 3413/297/3413
f 93/298/93 2882/299/2882 2757/300/2757
f 1237/301/1237 333/302/333 334/303/334
f 2239/304/2239 3541/305/3541 2630/306/2630
f 2185/307/2185 3388/308/3388 2186/309/2186
f 2168/310/2168 2134/311/2134 2135/312/2135
f 4237/313/4237 2520/314/2520 4523/315/4523
f 3216/316/3216 4069/317/4069 881/318/881
f 4225/319/4225 4442/320/4442 1606/321/1606
f 3810/322/3810 3304/323/3304 4232/324/4232
f 2168/325/2168 2135/326/2135 1191/327/1191
f 2168/325/2168 1191/327/1191 698/328/698
f 3133/329/3133 4806/330/4806 4604/331/4604
f 2533/332/2533 1192/333/1192 3420/334/3420
f 1353/335/1353 2655/336/2655 1354/337/1354
f 702/338/702 2316/339/2316 1891/340/1891
f 951/341/951 1729/342/1729 1573/343/1573
f 1191/344/1191 88/345/88 2216/346/2216
f 1191/344/1191 2216/346/2216 2217/347/2217
f 1191/344/1191 2217/347/2217 4759/348/4759
f 4384/349/4384 3797/350/3797 681/351/681
f 4566/352/4566 4173/353/4173 644/30/644
f 3188/354/3188 524/355/524 2430/356/2430
f 4718/357/4718 4717/358/4717 2952/359/2952
f 4590/360/4590 493/361/493 3581/362/3581
f 3427/363/3427 1633/364/1633 4265/57/4265
f 2366/365/2366 1480/366/1480 4454/367/4454
f 2260/368/2260 571/369/571 3262/370/3262
f 2285/371/2285 4469/372/4469 1059/373/1059
f 2873/374/2873 2624/375/2624 2108/376/2108
f 2757/300/2757 1646/377/1646 1185/378/1185
f 4423/379/4423 4044/380/4044 675/381/675
f 4189/382/4189 4526/383/4526 4138/384/4138
f 685/385/685 3585/386/3585 228/387/228
f 4735/388/4735 2473/389/2473 4304/390/4304
f 883/391/883 830/392/830 3457/393/3457
f 1163/394/1163 2315/395/2315 2289/396/2289
f 1735/397/1735 356/398/356 4468/399/4468
f 2326/400/2326 2327/401/2327 3656/402/3656
f 3271/403/3271 3956/404/3956 4416/405/4416
f 3483/406/3483 4249/407/4249 370/408/370
f 1008/409/1008 1576/410/1576 107/411/107
f 3758/412/3758 2195/144/2195 2194/413/2194
f 4867/414/4867 47/415/47 4974/416/4974
f 4478/417/4478 673/418/673 3336/419/3336
f 2650/420/2650 225/421/225 180/422/180
f 4098/423/4098 1784/424/1784 4099/425/4099
f 1928/426/1928 2641/427/2641 359/428/359
f 2922/429/2922 2055/430/2055 4769/431/4769
f 2483/432/2483 2919/433/2919 4001/434/4001
f 1236/435/1236 149/436/149 4561/437/4561
f 302/438/302 4473/439/4473 3049/440/3049
f 4270/441/4270 4269/442/4269 1501/443/1501
f 1512/444/1512 2839/445/2839 4446/446/4446
f 3366/447/3366 2915/448/2915 2332/449/2332
f 1475/450/1475 4701/451/4701 1476/452/1476
f 4709/453/4709 4708/454/4708 2392/455/2392
f 3513/456/3513 4909/457/4909 1421/458/1421
f 3922/459/3922 1263/460/1263 1262/461/1262
f 3364/462/3364 3816/463/3816 2605/464/2605
f 3563/465/3563 4973/466/4973 2745/467/2745
f 4767/468/4767 1258/469/1258 3769/470/3769
f 876/471/876 3800/472/3800 2725/473/2725
f 1082/474/1082 4675/475/4675 4045/476/4045
f 3958/477/3958 2314/478/2314 178/479/178
f 675/480/675 5001/481/5001 674/482/674
f 1597/483/1597 4783/484/4783 3444/485/3444
f 1287/486/1287 2224/487/2224 2437/488/2437
f 2677/489/2677 386/490/386 809/491/809
f 4551/492/4551 4140/493/4140 4286/494/4286
f 1450/495/1450 2380/496/2380 4161/497/4161
f 4860/498/4860 3899/499/3899 3384/500/3384
f 3167/501/3167 1191/327/1191 4759/502/4759
f 2925/503/2925 292/504/292 1198/505/1198
f 1424/506/1424 3340/507/3340 4630/508/4630
f 2835/509/2835 2834/510/2834 655/511/655
f 4901/512/4901 4899/513/4899 4900/514/4900
f 3728/515/3728 1374/516/1374 1375/517/1375
f 193/518/193 1628/519/1628 192/520/192
f 4497/521/4497 3932/522/3932 3106/523/3106
f 4452/524/4452 4453/525/4453 3941/526/3941
f 3234/527/3234 4595/528/4595 4596/529/4596
f 1095/530/1095 4492/531/4492 4333/532/4333
f 4844/533/4844 3887/534/3887 4022/535/4022
f 1885/536/1885 4457/537/4457 4458/538/4458
f 4070/539/4070 3839/540/3839 3426/541/3426
f 3162/542/3162 4518/543/4518 4363/544/4363
f 170/545/170 3276/546/3276 1079/547/1079
f 3529/548/3529 3530/549/3530 1797/550/1797
f 3099/551/3099 4510/552/4510 1314/553/1314
f 725/554/725 411/555/411 3172/556/3172
f 2254/557/2254 4206/558/4206 4894/559/4894
f 2979/560/2979 1474/561/1474 4355/562/4355
f 4177/563/4177 4692/564/4692 4363/565/4363
f 786/566/786 787/567/787 2916/568/2916
f 2596/569/2596 2268/570/2268 1653/571/1653
f 2265/572/2265 3405/573/3405 2101/574/2101
f 4828/575/4828 1738/576/1738 3028/577/3028
f 4370/578/4370 3706/579/3706 1858/580/1858
f 4380/581/4380 3718/582/3718 4182/583/4182
f 647/584/647 515/585/515 514/586/514
f 3541/587/3541 4397/588/4397 2628/589/2628
f 4880/590/4880 3312/591/3312 4879/592/4879
f 1293/593/1293 1142/594/1142 1141/595/1141
f 697/596/697 3381/597/3381 3863/598/3863
f 1219/599/1219 1218/600/1218 3984/601/3984
f 2308/602/2308 1836/603/1836 2658/604/2658
f 3431/605/3431 2753/606/2753 825/607/825
f 1728/608/1728 1453/609/1453 3967/610/3967
f 1050/611/1050 2004/612/2004 894/613/894
f 3601/614/3601 3602/615/3602 3603/616/3603
f 698/617/698 3167/618/3167 1190/292/1190
f 4716/619/4716 2839/620/2839 3836/621/3836
f 2732/622/2732 3988/623/3988 11/624/11
f 2292/625/2292 1226/626/1226 3985/627/3985
f 3596/628/3596 1930/629/1930 1800/630/1800
f 1835/631/1835 3130/632/3130 2355/633/2355
f 4496/634/4496 2747/635/2747 3932/636/3932
f 1756/637/1756 721/638/721 1704/639/1704
f 3928/640/3928 3927/641/3927 4009/642/4009
f 3938/643/3938 1022/644/1022 2575/645/2575
f 2675/646/2675 4198/647/4198 4764/648/4764
f 2264/649/2264 4779/650/4779 2695/651/2695
f 1187/652/1187 1878/653/1878 4407/654/4407
f 1924/256/1924 1923/255/1923 3653/655/3653
f 3939/656/3939 4400/657/4400 4324/658/4324
f 3216/316/3216 4992/659/4992 4995/660/4995
f 63/661/63 449/662/449 450/663/450
f 4552/664/4552 3007/665/3007 3008/666/3008
f 3925/667/3925 3924/668/3924 1010/669/1010
f 2744/670/2744 2743/158/2743 1402/671/1402
f 4565/672/4565 4057/673/4057 2779/674/2779
f 4136/675/4136 138/676/138 4259/677/4259
f 1238/678/1238 3897/679/3897 2857/680/2857
f 73/681/73 1252/682/1252 1684/683/1684
f 3824/684/3824 409/685/409 2282/686/2282
f 4493/687/4493 2962/688/2962 4619/689/4619
f 4854/690/4854 4852/691/4852 4853/692/4853
f 133/693/133 3097/694/3097 4393/695/4393
f 3885/696/3885 4170/697/4170 4171/698/4171
f 2103/699/2103 3959/700/3959 2345/701/2345
f 1611/702/1611 1477/703/1477 3429/704/3429
f 2452/705/2452 598/706/598 1582/707/1582
f 4246/708/4246 4583/709/4583 4858/710/4858
f 997/214/997 424/711/424 4701/712/4701
f 1847/713/1847 3248/714/3248 1900/715/1900
f 3506/716/3506 3543/273/3543 2134/311/2134
f 3151/717/3151 4921/718/4921 834/719/834
f 3638/720/3638 4568/721/4568 2317/722/2317
f 2970/723/2970 1064/724/1064 2089/725/2089
f 1691/726/1691 3695/727/3695 3248/714/3248
f 4529/728/4529 653/729/653 2992/730/2992
f 3868/731/3868 1074/732/1074 4963/733/4963
f 3834/734/3834 3598/735/3598 4379/736/4379
f 3991/737/3991 2840/738/2840 2717/739/2717
f 1825/740/1825 2973/741/2973 805/742/805
f 3888/743/3888 3595/744/3595 664/745/664
f 3204/746/3204 468/747/468 3560/748/3560
f 3514/749/3514 3873/258/3873 1946/750/1946
f 3673/751/3673 4695/752/4695 1301/753/1301
f 4943/754/4943 2427/755/2427 4121/756/4121
f 4712/757/4712 1612/758/1612 2823/759/2823
f 4476/760/4476 2866/761/2866 3420/762/3420
f 1364/763/1364 1365/764/1365 1366/765/1366
f 1803/766/1803 3525/767/3525 1802/768/1802
f 3895/769/3895 3896/770/3896 495/771/495
f 150/772/150 943/773/943 1284/502/1284
f 893/774/893 1283/775/1283 1028/776/1028
f 4067/777/4067 4629/778/4629 2593/779/2593
f 3715/780/3715 4546/781/4546 3714/782/3714
f 543/783/543 3735/784/3735 957/785/957
f 1436/786/1436 1554/787/1554 1553/788/1553
f 4006/789/4006 2215/790/2215 4535/791/4535
f 2276/792/2276 4646/793/4646 2530/794/2530
f 1660/795/1660 3042/56/3042 1228/796/1228
f 181/797/181 1002/798/1002 225/799/225
f 2678/800/2678 3241/801/3241 3889/802/3889
f 4533/803/4533 2076/804/2076 4140/493/4140
f 4809/805/4809 2374/806/2374 714/807/714
f 4945/808/4945 4655/809/4655 4365/810/4365
f 1903/811/1903 840/812/840 26/813/26
f 772/814/772 399/815/399 2900/816/2900
f 4707/817/4707 3773/818/3773 3226/819/3226
f 2375/820/2375 3736/821/3736 2710/822/2710
f 3579/823/3579 4987/824/4987 4988/825/4988
f 653/826/653 323/827/323 2992/828/2992
f 3650/829/3650 4857/830/4857 3105/831/3105
f 402/832/402 1173/833/1173 1172/834/1172
f 4364/835/4364 4966/836/4966 3940/837/3940
f 3996/838/3996 3399/839/3399 2149/840/2149
f 899/841/899 173/842/173 2245/843/2245
f 4948/844/4948 3030/845/3030 3960/846/3960
f 229/847/229 4336/848/4336 2005/849/2005
f 2374/806/2374 1783/850/1783 4559/851/4559
f 4543/852/4543 1763/853/1763 1352/854/1352
f 2379/855/2379 2398/856/2398 2399/857/2399
f 4195/858/4195 2665/859/2665 3632/860/3632
f 1739/861/1739 2073/862/2073 4133/863/4133
f 4438/864/4438 4520/865/4520 4437/866/4437
f 370/408/370 3244/867/3244 1890/868/1890
f 3316/869/3316 693/870/693 3292/871/3292
f 4747/872/4747 4745/873/4745 4746/874/4746
f 3670/875/3670 1927/876/1927 3669/877/3669
f 4697/878/4697 2697/879/2697 3095/880/3095
f 4779/881/4779 2264/882/2264 1945/883/1945
f 264/884/264 3207/885/3207 1460/886/1460
f 263/887/263 3155/888/3155 262/889/262
f 3262/370/3262 3918/890/3918 3157/891/3157
f 2621/892/2621 3418/893/3418 3417/894/3417
f 917/895/917 3915/896/3915 916/897/916
f 2903/898/2903 1286/899/1286 1285/900/1285
f 4200/901/4200 436/902/436 437/903/437
f 3866/904/3866 953/905/953 4411/906/4411
f 2278/907/2278 823/908/823 2277/909/2277
f 3325/17/3325 2216/910/2216 4887/911/4887
f 3539/912/3539 2699/913/2699 3403/914/3403
f 4189/915/4189 2636/916/2636 2022/917/2022
f 1533/918/1533 4280/919/4280 1056/920/1056
f 1381/921/1381 2270/922/2270 1380/923/1380
f 3301/924/3301 3874/925/3874 2965/926/2965
f 3056/927/3056 3454/928/3454 2049/929/2049
f 966/930/966 1599/931/1599 1034/932/1034
f 1996/933/1996 2007/934/2007 2917/935/2917
f 1225/28/1225 4995/936/4995 1219/937/1219
f 1780/938/1780 3630/939/3630 4401/940/4401
f 4082/941/4082 1300/942/1300 4884/943/4884
f 1129/119/1129 3193/944/3193 3192/945/3192
f 3467/946/3467 3720/947/3720 3415/948/3415
f 4079/949/4079 4472/950/4472 2425/951/2425
f 862/952/862 861/953/861 1835/954/1835
f 4956/955/4956 3565/956/3565 2969/957/2969
f 3697/958/3697 59/959/59 259/960/259
f 2437/961/2437 2225/962/2225 4300/963/4300
f 3252/964/3252 2196/146/2196 280/965/280
f 1010/669/1010 565/966/565 288/967/288
f 880/968/880 4588/969/4588 217/970/217
f 2965/971/2965 549/972/549 3301/973/3301
f 600/974/600 3341/975/3341 4756/976/4756
f 4808/977/4808 3881/978/3881 2746/979/2746
f 4035/980/4035 4541/981/4541 3151/982/3151
f 1020/983/1020 1356/145/1356 1357/984/1357
f 130/985/130 2500/986/2500 131/987/131
f 768/988/768 4460/989/4460 4575/990/4575
f 4993/991/4993 3896/770/3896 3895/769/3895
f 492/992/492 3744/993/3744 2348/994/2348
f 1763/853/1763 1353/995/1353 1352/854/1352
f 667/996/667 3052/997/3052 3051/998/3051
f 2644/999/2644 216/1000/216 3520/1001/3520
f 2618/1002/2618 3851/1003/3851 3856/1004/3856
f 1824/1005/1824 4835/1006/4835 1263/1007/1263
f 2401/1008/2401 405/1009/405 4820/1010/4820
f 1560/1011/1560 1551/1012/1551 10/1013/10
f 2456/1014/2456 2618/1015/2618 4811/1016/4811
f 820/1017/820 3274/1018/3274 3275/1019/3275
f 1918/1020/1918 2768/1021/2768 2359/1022/2359
f 236/1023/236 1676/1024/1676 1677/1025/1677
f 3838/1026/3838 598/706/598 597/1027/597
f 853/1028/853 3320/1029/3320 533/1030/533
f 4229/1031/4229 46/1032/46 1497/1033/1497
f 3184/1034/3184 1985/1035/1985 4123/1036/4123
f 1511/1037/1511 3909/1038/3909 1745/1039/1745
f 831/1040/831 4555/1041/4555 1097/1042/1097
f 4078/1043/4078 2425/1044/2425 821/1045/821
f 3684/1046/3684 3682/1047/3682 3683/1048/3683
f 3340/507/3340 76/1049/76 75/1050/75
f 4309/1051/4309 2883/1052/2883 3652/1053/3652
f 2381/1054/2381 4651/1055/4651 3453/1056/3453
f 4105/1057/4105 1021/1058/1021 1020/983/1020
f 4559/851/4559 4558/1059/4558 3901/1060/3901
f 818/1061/818 3191/1062/3191 3722/1063/3722
f 288/1064/288 3862/1065/3862 1244/1066/1244
f 1913/1067/1913 1962/1068/1962 3597/1069/3597
f 2031/1070/2031 3365/1071/3365 2032/1072/2032
f 4313/1073/4313 4108/1074/4108 2023/223/2023
f 3700/1075/3700 1277/1076/1277 347/1077/347
f 2918/1078/2918 3372/1079/3372 2424/1080/2424
f 3602/1081/3602 1725/1082/1725 1724/35/1724
f 113/1083/113 4466/1084/4466 2016/1085/2016
f 1630/1086/1630 3644/1087/3644 1953/1088/1953
f 57/1089/57 3764/1090/3764 1457/1091/1457
f 2765/1092/2765 528/1093/528 1472/1094/1472
f 4910/1095/4910 3755/1096/3755 4855/1097/4855
f 4542/1098/4542 1112/1099/1112 4541/1100/4541
f 4614/1101/4614 1326/1102/1326 1325/1103/1325
f 2127/1104/2127 1369/1105/1369 76/1106/76
f 4140/493/4140 2685/1107/2685 4533/803/4533
f 3673/1108/3673 1880/1109/1880 4517/1110/4517
f 4284/1111/4284 3067/1112/3067 3066/1113/3066
f 4815/1114/4815 2231/1115/2231 305/1116/305
f 1243/1117/1243 4269/1118/4269 4270/1119/4270
f 3339/1120/3339 847/139/847 2568/1121/2568
f 2835/1122/2835 1275/1123/1275 2107/1124/2107
f 1451/1125/1451 4216/1126/4216 1583/1127/1583
f 3019/1128/3019 1089/1129/1089 2669/1130/2669
f 2424/1131/2424 4785/1132/4785 2395/1133/2395
f 3141/1134/3141 3139/1135/3139 3140/1136/3140
f 1551/1012/1551 869/1137/869 2078/1138/2078
f 4525/1139/4525 4653/1140/4653 2927/1141/2927
f 1713/1142/1713 2920/1143/2920 1492/1144/1492
f 4517/1145/4517 1076/1146/1076 1075/1147/1075
f 3418/893/3418 4083/1148/4083 3416/1149/3416
f 4795/1150/4795 4897/1151/4897 3388/308/3388
f 4578/1152/4578 3372/1079/3372 3371/1153/3371
f 2364/1154/2364 1587/1155/1587 4355/562/4355
f 1947/1156/1947 1949/1157/1949 251/1158/251
f 1666/1159/1666 1137/1160/1137 1665/1161/1665
f 203/1162/203 4557/1163/4557 1556/1164/1556
f 2926/1165/2926 2246/1166/2246 3312/1167/3312
f 277/1168/277 1393/1169/1393 276/1170/276
f 4564/1171/4564 4563/1172/4563 4381/1173/4381
f 3634/1174/3634 361/1175/361 4141/1176/4141
f 4625/1177/4625 1523/1178/1523 4406/1179/4406
f 4140/493/4140 1745/1180/1745 3909/1181/3909
f 2198/1182/2198 2772/1183/2772 2306/1184/2306
f 2612/1185/2612 3609/1186/3609 4261/1187/4261
f 1456/1188/1456 2543/1189/2543 4679/1190/4679
f 4296/1191/4296 1829/1192/1829 2021/1193/2021
f 4753/1194/4753 4754/1195/4754 3612/1196/3612
f 1420/1197/1420 844/512/844 3835/632/3835
f 1554/787/1554 2592/1198/2592 1211/1199/1211
f 1381/1200/1381 1380/1201/1380 3201/1202/3201
f 1810/1203/1810 5010/1204/5010 209/1205/209
f 3297/1206/3297 3666/1207/3666 2400/1208/2400
f 3914/1209/3914 1854/1210/1854 3781/1211/3781
f 1678/1212/1678 1679/1213/1679 1676/1024/1676
f 4972/1214/4972 4003/1215/4003 4787/1216/4787
f 4520/1217/4520 4336/1218/4336 2470/1219/2470
f 2252/1220/2252 3062/1221/3062 3350/1222/3350
f 4489/1223/4489 4620/1224/4620 4887/911/4887
f 2913/1225/2913 4724/1226/4724 2723/1227/2723
f 4622/1228/4622 4818/1229/4818 2209/1230/2209
f 4160/1231/4160 4681/1232/4681 1953/1088/1953
f 4867/1233/4867 4865/1234/4865 4866/1235/4866
f 4908/1236/4908 1640/1237/1640 4907/1238/4907
f 3969/1239/3969 594/280/594 3296/1240/3296
f 4835/1241/4835 2697/1242/2697 4698/1243/4698
f 3604/1244/3604 3459/1245/3459 4061/1246/4061
f 2932/1247/2932 4506/1248/4506 3340/507/3340
f 3615/1249/3615 784/1250/784 1239/1251/1239
f 1218/600/1218 5006/1252/5006 3984/601/3984
f 4986/1253/4986 4086/1254/4086 4193/1255/4193
f 4975/1256/4975 4865/1257/4865 4974/1258/4974
f 4241/1259/4241 2391/1260/2391 2648/1261/2648
f 5017/1262/5017 436/902/436 4200/901/4200
f 4493/1263/4493 3416/1264/3416 4083/1265/4083
f 94/1266/94 93/1267/93 2648/1268/2648
f 3024/1269/3024 4764/1270/4764 4198/1271/4198
f 1501/1272/1501 3013/1273/3013 777/1274/777
f 191/1275/191 3404/1276/3404 3300/1277/3300
f 3985/627/3985 5006/1278/5006 2168/310/2168
f 1632/1279/1632 977/1280/977 1384/1281/1384
f 3048/1282/3048 3724/1283/3724 4410/1284/4410
f 3713/1285/3713 2328/1286/2328 2228/1287/2228
f 2287/1288/2287 3594/1289/3594 218/1290/218
f 524/1291/524 2091/1292/2091 2430/1293/2430
f 4081/1294/4081 3654/1295/3654 1655/1296/1655
f 4146/1297/4146 2669/1298/2669 3554/1299/3554
f 4029/1300/4029 3410/1301/3410 596/1302/596
f 3093/1303/3093 3156/1304/3156 2707/1305/2707
f 2221/1306/2221 875/1307/875 4926/1308/4926
f 912/1309/912 2580/1310/2580 2579/1311/2579
f 2393/1312/2393 944/1313/944 2394/1314/2394
f 3189/1315/3189 3190/1316/3190 3732/1317/3732
f 4335/1318/4335 1681/1319/1681 4554/1320/4554
f 4939/1321/4939 4937/509/4937 4938/1322/4938
f 3912/1323/3912 648/1324/648 730/1325/730
f 2791/1326/2791 352/1327/352 4637/1328/4637
f 4512/1329/4512 548/1330/548 549/972/549
f 2091/1331/2091 2933/1332/2933 544/1333/544
f 3951/1334/3951 3949/1335/3949 3950/1336/3950
f 776/1337/776 4402/1338/4402 4424/1339/4424
f 4199/1340/4199 1679/1341/1679 1678/1342/1678
f 4822/294/4822 2293/1343/2293 2292/625/2292
f 2902/1344/2902 3603/1345/3603 3602/1081/3602
f 3618/1346/3618 1863/1347/1863 4011/1348/4011
f 415/1274/415 3723/454/3723 3820/1349/3820
f 40/1350/40 38/1351/38 39/1352/39
f 212/1353/212 3173/1354/3173 3123/1355/3123
f 1790/1356/1790 1813/1357/1813 4812/1358/4812
f 2854/1359/2854 3867/1360/3867 250/1361/250
f 3343/1362/3343 1408/1363/1408 3979/1364/3979
f 2281/1365/2281 689/1366/689 179/1367/179
f 263/887/263 3981/1368/3981 3212/1369/3212
f 2142/1370/2142 2144/1371/2144 3408/1372/3408
f 4322/1373/4322 4993/1374/4993 3895/1375/3895
f 3817/1376/3817 3815/1377/3815 3816/1378/3816
f 1607/1379/1607 845/1380/845 3912/1381/3912
f 4289/1382/4289 4288/1383/4288 41/1384/41
f 1084/1385/1084 1082/474/1082 1083/1386/1083
f 3876/1387/3876 1829/1192/1829 1113/1388/1113
f 465/1389/465 237/1390/237 3091/1391/3091
f 846/1392/846 845/1393/845 3911/1394/3911
f 2073/1395/2073 4740/1396/4740 4133/1397/4133
f 1460/886/1460 2005/1398/2005 4336/1399/4336
f 2165/1400/2165 163/1401/163 567/1402/567
f 2655/336/2655 75/1403/75 1368/164/1368
f 4726/1404/4726 3322/1405/3322 2112/1406/2112
f 3605/1407/3605 3962/1408/3962 4388/1409/4388
f 2999/1410/2999 4984/1106/4984 2336/1411/2336
f 1201/1412/1201 4249/1413/4249 3917/1414/3917
f 4135/1415/4135 4924/1416/4924 1090/1417/1090
f 4268/1418/4268 4731/1419/4731 2863/1420/2863
f 3535/1421/3535 4958/1422/4958 3242/1423/3242
f 2260/368/2260 2505/1424/2505 2570/1425/2570
f 1588/1426/1588 3446/1427/3446 4968/1428/4968
f 3952/1429/3952 3951/1430/3951 2414/1431/2414
f 1178/1432/1178 3794/1433/3794 2456/1434/2456
f 3031/1435/3031 223/1436/223 224/1437/224
f 3425/1438/3425 3819/1439/3819 5011/1440/5011
f 2876/1441/2876 2417/1442/2417 2416/1443/2416
f 1088/48/1088 3260/1444/3260 1384/1281/1384
f 188/1445/188 740/1446/740 3229/1447/3229
f 3379/1448/3379 1179/1449/1179 2763/1450/2763
f 1481/1451/1481 2455/1452/2455 4919/1453/4919
f 4319/1454/4319 4527/1455/4527 358/1456/358
f 2224/487/2224 4084/1457/4084 2225/1458/2225
f 1496/1459/1496 4529/728/4529 2992/730/2992
f 2185/307/2185 333/1460/333 3758/412/3758
f 1787/1461/1787 3647/1462/3647 1788/1463/1788
f 2814/1464/2814 2813/1465/2813 3098/1466/3098
f 1848/1467/1848 4532/103/4532 1847/713/1847
f 846/1468/846 4220/1469/4220 1054/1470/1054
f 4306/1471/4306 3688/1472/3688 4307/1473/4307
f 3560/748/3560 3559/1474/3559 3737/1475/3737
f 261/1476/261 2739/1477/2739 4918/1478/4918
f 1531/1479/1531 5002/1480/5002 4139/1481/4139
f 4277/1482/4277 1846/1483/1846 4417/1484/4417
f 488/1485/488 3660/1486/3660 3659/1487/3659
f 448/1488/448 952/1489/952 951/1490/951
f 2055/430/2055 635/1491/635 4972/1492/4972
f 4475/1493/4475 4739/1494/4739 2190/1495/2190
f 2639/1496/2639 2640/1497/2640 3021/1498/3021
f 410/1499/410 2534/1500/2534 3825/1501/3825
f 399/815/399 773/1502/773 400/1503/400
f 3870/1504/3870 3572/1505/3572 4999/1506/4999
f 3725/1507/3725 3223/1508/3223 3222/1509/3222
f 3210/1510/3210 2271/1511/2271 459/1512/459
f 657/1513/657 659/1514/659 2050/1515/2050
f 2845/1516/2845 2250/1517/2250 183/1518/183
f 2900/816/2900 399/815/399 400/1503/400
f 2225/1458/2225 4083/1148/4083 3418/893/3418
f 198/1519/198 4449/1520/4449 3424/1521/3424
f 1049/1522/1049 1048/1523/1048 3335/1524/3335
f 1180/1525/1180 3225/1526/3225 1179/1527/1179
f 4340/1528/4340 2408/1529/2408 1260/1530/1260
f 728/1531/728 4617/1532/4617 1284/1533/1284
f 5014/1534/5014 5015/1535/5015 5016/1536/5016
f 293/1537/293 1292/1109/1292 5018/1538/5018
f 2075/108/2075 5019/1539/5019 2076/804/2076
f 2075/108/2075 2076/804/2076 4042/1540/4042
f 1706/1541/1706 4578/1542/4578 3371/1543/3371
f 1158/1544/1158 1159/1545/1159 3440/1546/3440
f 3998/1547/3998 696/1548/696 3714/1549/3714
f 4625/1550/4625 5020/1551/5020 1787/1461/1787
f 1462/1552/1462 665/1553/665 2709/1554/2709
f 3124/168/3124 4016/1555/4016 4699/1556/4699
f 4342/1557/4342 4113/1558/4113 1039/1559/1039
f 616/1560/616 5010/1561/5010 1810/1562/1810
f 5020/1563/5020 4406/1179/4406 4994/1564/4994
f 4661/1565/4661 926/1566/926 925/1567/925
f 3746/1568/3746 4683/1569/4683 1823/1570/1823
f 4849/1571/4849 865/1572/865 2473/1573/2473
f 2356/1574/2356 2023/1575/2023 2357/1576/2357
f 179/1367/179 4667/1577/4667 3215/1578/3215
f 4438/1579/4438 4437/1580/4437 1654/1581/1654
f 3882/1582/3882 4130/1583/4130 605/1584/605
f 2793/238/2793 2547/1585/2547 2792/1586/2792
f 4118/1587/4118 2721/1588/2721 1004/1589/1004
f 2721/1588/2721 3582/1590/3582 2312/1591/2312
f 2311/1592/2311 2721/1588/2721 2312/1591/2312
f 3582/1590/3582 4944/1593/4944 2/1594/2
f 4944/1593/4944 4721/1595/4721 2/1594/2
f 2677/1596/2677 1004/1589/1004 4344/1597/4344
f 4344/1597/4344 1004/1589/1004 2721/1588/2721
f 2721/1588/2721 2311/1592/2311 4344/1597/4344
f 3582/1590/3582 2/1594/2 1/1598/1
f 1486/1/1486 4811/1599/4811 981/1600/981
f 2/1594/2 1486/1/1486 4899/1601/4899
f 3241/1602/3241 2678/1603/2678 2311/1592/2311
f 2312/1591/2312 3241/1602/3241 2311/1592/2311
f 2312/1591/2312 3582/1590/3582 1319/1604/1319
f 1486/1/1486 981/1600/981 4051/2/4051
f 4051/2/4051 4663/1605/4663 4791/3/4791
f 4791/3/4791 4899/1601/4899 1486/1/1486
f 4899/1601/4899 1/1598/1 2/1594/2
f 1/1598/1 1319/1604/1319 3582/1590/3582
f 1462/1552/1462 4086/1606/4086 2606/1607/2606
f 4086/1606/4086 4986/1608/4986 2606/1607/2606
f 1282/1609/1282 2127/1610/2127 1462/1552/1462
f 1324/161/1324 1369/165/1369 1282/1609/1282
f 1281/1611/1281 1324/161/1324 1282/1609/1282
f 1282/1609/1282 1462/1552/1462 1281/1611/1281
f 1462/1552/1462 2606/1607/2606 1281/1611/1281
f 2606/1607/2606 2191/1612/2191 1281/1611/1281
f 3303/1613/3303 4193/1614/4193 1038/1615/1038
f 2801/1616/2801 1281/1611/1281 2191/1612/2191
f 3303/1613/3303 1038/1615/1038 428/4/428
f 2801/1616/2801 2191/1612/2191 1363/6/1363
f 2191/1612/2191 3303/1613/3303 1363/6/1363
f 1415/1617/1415 2802/1618/2802 2801/1616/2801
f 1363/6/1363 1416/1619/1416 2801/1616/2801
f 1416/1619/1416 1415/1617/1415 2801/1616/2801
f 427/5/427 1362/1620/1362 1363/6/1363
f 3303/1613/3303 428/4/428 1363/6/1363
f 2311/7/2311 2678/1621/2678 2677/8/2677
f 36/1622/36 35/1623/35 3703/1624/3703
f 35/1623/35 3490/1625/3490 3703/1624/3703
f 3490/1625/3490 1483/1626/1483 3206/1627/3206
f 1483/1626/1483 1749/1628/1749 3206/1627/3206
f 1749/1628/1749 2709/1554/2709 3014/1629/3014
f 3014/1629/3014 665/1553/665 3077/1630/3077
f 3077/1630/3077 3078/1631/3078 3079/1632/3079
f 3079/1632/3079 2764/1633/2764 4755/1634/4755
f 2764/1633/2764 4720/1635/4720 4755/1634/4755
f 4720/1635/4720 1092/1636/1092 4755/1634/4755
f 3014/1629/3014 3077/1630/3077 3206/1627/3206
f 3077/1630/3077 3079/1632/3079 3206/1627/3206
f 1749/1628/1749 3014/1629/3014 3206/1627/3206
f 3079/1632/3079 4755/1634/4755 3206/1627/3206
f 3139/1637/3139 957/785/957 3140/1638/3140
f 957/785/957 3735/784/3735 156/1639/156
f 3140/1638/3140 957/785/957 4997/1640/4997
f 1796/12/1796 2441/1641/2441 4088/1642/4088
f 2441/1641/2441 1705/1643/1705 4088/1642/4088
f 4746/1644/4746 1648/1645/1648 1796/12/1796
f 867/1646/867 4748/1647/4748 4747/1648/4747
f 4747/1648/4747 4746/1644/4746 1796/12/1796
f 1705/1643/1705 3141/1649/3141 4461/1650/4461
f 1796/12/1796 4088/1642/4088 4087/10/4087
f 4747/1648/4747 1796/12/1796 3090/11/3090
f 1477/1651/1477 867/1646/867 4747/1648/4747
f 3090/11/3090 3429/1652/3429 1477/1651/1477
f 4087/10/4087 3937/1653/3937 3090/11/3090
f 4402/1654/4402 3770/1655/3770 4461/1650/4461
f 3770/1655/3770 4088/1642/4088 4461/1650/4461
f 3974/1656/3974 4424/1657/4424 4997/1640/4997
f 4424/1657/4424 4462/1658/4462 4997/1640/4997
f 4462/1658/4462 4461/1650/4461 3141/1649/3141
f 4461/1650/4461 4088/1642/4088 1705/1643/1705
f 1272/1659/1272 1730/1660/1730 156/1639/156
f 156/1639/156 4997/1640/4997 957/785/957
f 4997/1640/4997 4462/1658/4462 3140/1638/3140
f 3734/1661/3734 1272/1659/1272 156/1639/156
f 3703/1624/3703 3120/1662/3120 36/1622/36
f 3120/1662/3120 3734/1661/3734 36/1622/36
f 3734/1661/3734 156/1639/156 3735/784/3735
f 36/1622/36 3734/1661/3734 3735/784/3735
f 3490/1625/3490 3206/1627/3206 3703/1624/3703
f 4462/1658/4462 3141/1649/3141 3140/1638/3140
f 3090/11/3090 1477/1651/1477 4747/1648/4747
f 1608/13/1608 4970/1663/4970 4969/14/4969
f 418/18/418 1258/469/1258 3821/1664/3821
f 3821/1664/3821 1190/1665/1190 3167/1666/3167
f 3167/1666/3167 4759/1667/4759 3821/1664/3821
f 4759/1667/4759 2217/16/2217 3821/1664/3821
f 2217/16/2217 2216/910/2216 3325/17/3325
f 3325/17/3325 1809/1668/1809 418/18/418
f 418/18/418 3821/1664/3821 2217/16/2217
f 4267/20/4267 2019/1669/2019 3008/1670/3008
f 397/1671/397 1193/1672/1193 2949/1673/2949
f 2949/1673/2949 491/1674/491 2347/1675/2347
f 491/1674/491 2348/1676/2348 2347/1675/2347
f 2347/1675/2347 2327/1677/2327 2326/19/2326
f 782/21/782 397/1671/397 2326/19/2326
f 397/1671/397 2949/1673/2949 2347/1675/2347
f 2326/19/2326 397/1671/397 2347/1675/2347
f 4267/20/4267 3008/1670/3008 782/21/782
f 3161/1678/3161 2988/1679/2988 854/1680/854
f 2988/1679/2988 2389/1681/2389 854/1680/854
f 2389/1681/2389 2998/1682/2998 854/1680/854
f 854/1680/854 732/1683/732 733/1684/733
f 733/1684/733 2467/1685/2467 4728/1686/4728
f 4728/1686/4728 4115/1687/4115 3238/1688/3238
f 4115/1687/4115 3402/1689/3402 3238/1688/3238
f 2582/1690/2582 2581/1691/2581 4606/1692/4606
f 3402/1689/3402 2582/1690/2582 3238/1688/3238
f 854/1680/854 733/1684/733 3161/1678/3161
f 733/1684/733 4728/1686/4728 3161/1678/3161
f 3435/24/3435 1552/1693/1552 3238/1688/3238
f 3238/1688/3238 3161/1678/3161 4728/1686/4728
f 2582/1690/2582 4606/1692/4606 3435/24/3435
f 3238/1688/3238 2582/1690/2582 3435/24/3435
f 4606/1692/4606 3261/1694/3261 4871/1695/4871
f 4871/1695/4871 2915/196/2915 1601/22/1601
f 3366/1696/3366 2332/1697/2332 2331/1698/2331
f 4606/1692/4606 4871/1695/4871 1601/22/1601
f 3366/1696/3366 2331/1698/2331 2901/1699/2901
f 4606/1692/4606 1601/22/1601 3435/24/3435
f 1601/22/1601 3366/1696/3366 4870/23/4870
f 3366/1696/3366 2901/1699/2901 4870/23/4870
f 4870/23/4870 4813/1700/4813 3435/24/3435
f 4357/1701/4357 4679/1702/4679 2560/1703/2560
f 4679/1702/4679 1915/1704/1915 2560/1703/2560
f 1915/1704/1915 2996/1705/2996 2995/1706/2995
f 2560/1703/2560 2559/1707/2559 2861/1708/2861
f 1915/1704/1915 2995/1706/2995 2560/1703/2560
f 2560/1703/2560 2861/1708/2861 4357/1701/4357
f 2861/1708/2861 1002/798/1002 4357/1701/4357
f 1002/798/1002 181/797/181 4357/1701/4357
f 4357/1701/4357 181/797/181 2233/1709/2233
f 181/797/181 2650/1710/2650 2233/1709/2233
f 1455/1711/1455 1456/1712/1456 2831/1713/2831
f 1456/1712/1456 4358/1714/4358 2831/1713/2831
f 4358/1714/4358 4357/1701/4357 2233/1709/2233
f 180/1715/180 225/799/225 1575/1716/1575
f 180/1715/180 1575/1716/1575 143/1717/143
f 1575/1716/1575 4707/1718/4707 143/1717/143
f 2650/1710/2650 180/1715/180 1782/1719/1782
f 180/1715/180 143/1717/143 2156/1720/2156
f 2156/1720/2156 3226/1721/3226 4179/1722/4179
f 180/1715/180 2156/1720/2156 1782/1719/1782
f 4179/1722/4179 4691/1723/4691 3986/1724/3986
f 4691/1723/4691 4692/1725/4692 3986/1724/3986
f 4177/1726/4177 4363/1727/4363 4518/1728/4518
f 4179/1722/4179 3986/1724/3986 2156/1720/2156
f 3986/1724/3986 4177/1726/4177 2211/1729/2211
f 2156/1720/2156 3986/1724/3986 1782/1719/1782
f 1782/1719/1782 3986/1724/3986 2211/1729/2211
f 2650/1710/2650 1782/1719/1782 3731/1730/3731
f 3162/1731/3162 383/1732/383 1435/1733/1435
f 383/1732/383 4583/1734/4583 1435/1733/1435
f 3793/1735/3793 4583/1734/4583 4246/1736/4246
f 4246/1736/4246 1019/74/1019 4456/1737/4456
f 1019/74/1019 1537/73/1537 3119/1738/3119
f 1537/73/1537 1992/1739/1992 2255/1740/2255
f 1992/1739/1992 1991/1741/1991 2255/1740/2255
f 1537/73/1537 2255/1740/2255 2256/1742/2256
f 4583/1734/4583 3793/1735/3793 1435/1733/1435
f 4246/1736/4246 4456/1737/4456 731/1743/731
f 1537/73/1537 2256/1742/2256 4255/1744/4255
f 3119/1738/3119 1537/73/1537 897/1745/897
f 4964/1746/4964 3732/1747/3732 3190/1748/3190
f 2256/1742/2256 4964/1746/4964 307/1749/307
f 3190/1748/3190 3189/1750/3189 3850/1751/3850
f 3850/1751/3850 2486/1752/2486 3190/1748/3190
f 2486/1752/2486 2485/1753/2485 3843/1754/3843
f 3843/1754/3843 3213/1755/3213 3330/1756/3330
f 2486/1752/2486 3843/1754/3843 2049/929/2049
f 3190/1748/3190 2486/1752/2486 2049/929/2049
f 3843/1754/3843 3330/1756/3330 3057/1757/3057
f 3057/1757/3057 3056/927/3056 2049/929/2049
f 2049/929/2049 3454/928/3454 4964/1746/4964
f 3454/928/3454 307/1749/307 4964/1746/4964
f 306/1758/306 4404/1759/4404 3104/1760/3104
f 306/1758/306 3104/1760/3104 4874/1761/4874
f 3104/1760/3104 4617/1762/4617 4874/1761/4874
f 4874/1761/4874 728/1763/728 2561/1764/2561
f 307/1749/307 306/1758/306 2561/1764/2561
f 306/1758/306 4874/1761/4874 2561/1764/2561
f 2561/1764/2561 727/1765/727 4255/1744/4255
f 727/1765/727 3179/1766/3179 4255/1744/4255
f 3843/1754/3843 3057/1757/3057 2049/929/2049
f 307/1749/307 2561/1764/2561 2256/1742/2256
f 2561/1764/2561 4255/1744/4255 2256/1742/2256
f 3190/1748/3190 2049/929/2049 4964/1746/4964
f 4255/1744/4255 897/1745/897 1537/73/1537
f 897/1745/897 2554/1767/2554 3119/1738/3119
f 879/1768/879 4810/1769/4810 2623/1770/2623
f 879/1768/879 2623/1770/2623 3472/1771/3472
f 3122/1772/3122 4419/1773/4419 3313/1774/3313
f 879/1768/879 3472/1771/3472 3122/1772/3122
f 3119/1738/3119 879/1768/879 3313/1774/3313
f 879/1768/879 3122/1772/3122 3313/1774/3313
f 3313/1774/3313 2659/1775/2659 2523/1776/2523
f 1019/74/1019 3119/1738/3119 3313/1774/3313
f 4246/1736/4246 731/1743/731 3792/1777/3792
f 1019/74/1019 3313/1774/3313 2523/1776/2523
f 2523/1776/2523 4562/1778/4562 2499/1779/2499
f 1019/74/1019 2523/1776/2523 4456/1737/4456
f 2523/1776/2523 2499/1779/2499 638/1780/638
f 4456/1737/4456 2523/1776/2523 2503/1781/2503
f 4685/1782/4685 477/1783/477 90/1784/90
f 477/1783/477 476/1785/476 90/1784/90
f 2499/1779/2499 4685/1782/4685 3473/1786/3473
f 2523/1776/2523 638/1780/638 2503/1781/2503
f 476/1785/476 478/1787/478 452/1788/452
f 478/1787/478 4902/1789/4902 452/1788/452
f 452/1788/452 451/1790/451 4555/1791/4555
f 476/1785/476 452/1788/452 1942/1792/1942
f 90/1784/90 476/1785/476 1942/1792/1942
f 452/1788/452 4555/1791/4555 1942/1792/1942
f 1942/1792/1942 831/1793/831 90/1784/90
f 90/1784/90 4073/1794/4073 3473/1786/3473
f 4073/1794/4073 4553/1795/4553 3473/1786/3473
f 3258/1796/3258 3257/1797/3257 2344/1798/2344
f 2344/1798/2344 1154/1799/1154 2631/1800/2631
f 1154/1799/1154 1313/1801/1313 433/1802/433
f 433/1802/433 4033/1803/4033 732/1804/732
f 1154/1799/1154 433/1802/433 2631/1800/2631
f 3258/1796/3258 2344/1798/2344 3717/1805/3717
f 433/1802/433 732/1804/732 2631/1800/2631
f 2631/1800/2631 321/1806/321 2344/1798/2344
f 321/1806/321 3717/1805/3717 2344/1798/2344
f 3717/1805/3717 1078/1807/1078 2503/1781/2503
f 3258/1796/3258 3717/1805/3717 2503/1781/2503
f 638/1780/638 3258/1796/3258 2503/1781/2503
f 4685/1782/4685 90/1784/90 3473/1786/3473
f 3473/1786/3473 638/1780/638 2499/1779/2499
f 1499/1808/1499 1500/1809/1500 1498/1810/1498
f 4246/1736/4246 3792/1777/3792 3793/1735/3793
f 4456/1737/4456 1499/1808/1499 731/1743/731
f 1499/1808/1499 1498/1810/1498 4798/1811/4798
f 731/1743/731 1499/1808/1499 4798/1811/4798
f 1498/1810/1498 4050/1812/4050 1388/1813/1388
f 1388/1813/1388 4360/1814/4360 4798/1811/4798
f 731/1743/731 3235/1815/3235 3920/1816/3920
f 1498/1810/1498 1388/1813/1388 4798/1811/4798
f 3792/1777/3792 731/1743/731 3920/1816/3920
f 3920/1816/3920 3055/1817/3055 2447/1818/2447
f 4518/1728/4518 3162/1731/3162 4597/1819/4597
f 2447/1818/2447 2445/1820/2445 2446/1821/2446
f 3920/1816/3920 2447/1818/2447 3792/1777/3792
f 2447/1818/2447 2446/1821/2446 3792/1777/3792
f 2446/1821/2446 4266/1822/4266 313/1823/313
f 313/1823/313 1944/1824/1944 3461/1825/3461
f 3461/1825/3461 562/1826/562 2280/1827/2280
f 2280/1827/2280 2782/1828/2782 3290/1829/3290
f 2782/1828/2782 3328/1830/3328 3290/1829/3290
f 3290/1829/3290 3948/1831/3948 4464/1832/4464
f 313/1823/313 3461/1825/3461 4464/1832/4464
f 3461/1825/3461 2280/1827/2280 4464/1832/4464
f 2544/1833/2544 2543/1834/2543 663/1835/663
f 1861/1836/1861 1860/1837/1860 761/1838/761
f 761/1838/761 2544/1833/2544 663/1835/663
f 761/1838/761 663/1835/663 4636/1839/4636
f 663/1835/663 1455/1711/1455 4636/1839/4636
f 1722/1840/1722 1861/1836/1861 761/1838/761
f 2831/1713/2831 1143/1841/1143 1455/1711/1455
f 1143/1841/1143 4636/1839/4636 1455/1711/1455
f 4636/1839/4636 1722/1840/1722 761/1838/761
f 2233/1709/2233 707/1842/707 2831/1713/2831
f 3731/1730/3731 2657/1843/2657 2233/1709/2233
f 2233/1709/2233 2831/1713/2831 4358/1714/4358
f 3731/1730/3731 2233/1709/2233 2650/1710/2650
f 1782/1719/1782 1414/1844/1414 3731/1730/3731
f 2211/1729/2211 2597/1845/2597 1782/1719/1782
f 2517/1846/2517 99/1847/99 2211/1729/2211
f 1547/1848/1547 1548/1849/1548 2517/1846/2517
f 4880/1850/4880 4879/1851/4879 1547/1848/1547
f 1435/1733/1435 3312/1852/3312 4597/1819/4597
f 4880/1850/4880 1547/1848/1547 2517/1846/2517
f 4597/1819/4597 4880/1850/4880 4518/1728/4518
f 4880/1850/4880 2517/1846/2517 4518/1728/4518
f 2517/1846/2517 2211/1729/2211 4177/1726/4177
f 4518/1728/4518 2517/1846/2517 4177/1726/4177
f 1435/1733/1435 4597/1819/4597 3162/1731/3162
f 2280/1827/2280 3290/1829/3290 4464/1832/4464
f 4464/1832/4464 4861/1853/4861 3792/1777/3792
f 1198/1854/1198 292/1855/292 3017/1856/3017
f 2246/1857/2246 2926/1858/2926 2925/1859/2925
f 326/1860/326 328/1861/328 2925/1859/2925
f 328/1861/328 2246/1857/2246 2925/1859/2925
f 3302/1862/3302 327/1863/327 326/1860/326
f 812/1864/812 1444/1865/1444 3302/1862/3302
f 2734/1866/2734 2735/1867/2735 812/1864/812
f 917/1868/917 3153/1869/3153 2947/1870/2947
f 3153/1869/3153 2734/1866/2734 2947/1870/2947
f 4009/642/4009 3927/641/3927 2947/1870/2947
f 812/1864/812 3302/1862/3302 4226/1871/4226
f 3302/1862/3302 326/1860/326 4226/1871/4226
f 2947/1870/2947 2734/1866/2734 4008/1872/4008
f 2734/1866/2734 812/1864/812 4008/1872/4008
f 4008/1872/4008 4009/642/4009 2947/1870/2947
f 4226/1871/4226 1757/1873/1757 4008/1872/4008
f 326/1860/326 2925/1859/2925 1198/1854/1198
f 4226/1871/4226 4008/1872/4008 812/1864/812
f 2751/1874/2751 4226/1871/4226 1198/1854/1198
f 1198/1854/1198 4226/1871/4226 326/1860/326
f 1198/1854/1198 3017/1856/3017 2751/1874/2751
f 2751/1874/2751 3017/1856/3017 1627/1875/1627
f 3017/1856/3017 1435/1733/1435 1627/1875/1627
f 3915/1876/3915 3916/1877/3916 1627/1875/1627
f 2446/1821/2446 313/1823/313 3792/1777/3792
f 313/1823/313 4464/1832/4464 3792/1777/3792
f 1627/1875/1627 1435/1733/1435 4971/1878/4971
f 4971/1878/4971 1435/1733/1435 1884/1879/1884
f 4971/1878/4971 3915/1876/3915 1627/1875/1627
f 1058/25/1058 916/1880/916 1884/1879/1884
f 1884/1879/1884 1435/1733/1435 3010/1881/3010
f 3793/1735/3793 3009/1882/3009 3010/1881/3010
f 1435/1733/1435 3793/1735/3793 3010/1881/3010
f 3010/1881/3010 3982/1883/3982 1271/26/1271
f 3060/1884/3060 4751/1885/4751 994/1886/994
f 4751/1885/4751 1058/25/1058 4961/27/4961
f 994/1886/994 4751/1885/4751 4961/27/4961
f 1058/25/1058 1884/1879/1884 1271/26/1271
f 1884/1879/1884 3010/1881/3010 1271/26/1271
f 994/1886/994 4627/1887/4627 3060/1884/3060
f 4961/27/4961 993/1888/993 994/1886/994
f 644/30/644 4069/1889/4069 3216/1890/3216
f 1225/28/1225 1226/1891/1226 2293/29/2293
f 644/30/644 3216/1890/3216 1225/28/1225
f 3539/1892/3539 3092/32/3092 2699/31/2699
f 3092/32/3092 2383/1893/2383 2384/33/2384
f 1725/1082/1725 1077/36/1077 1724/35/1724
f 1077/36/1077 4720/1635/4720 4046/34/4046
f 4720/1635/4720 2764/1633/2764 1899/1894/1899
f 2764/1633/2764 2763/1450/2763 1179/1449/1179
f 1899/1894/1899 2764/1633/2764 1179/1449/1179
f 1899/1894/1899 2336/269/2336 4720/1635/4720
f 2336/269/2336 4046/34/4046 4720/1635/4720
f 3617/1895/3617 3100/1896/3100 4802/1897/4802
f 3100/1896/3100 3830/1898/3830 4802/1897/4802
f 4802/1897/4802 4613/1899/4613 4722/1900/4722
f 4096/1901/4096 4414/1902/4414 3617/1895/3617
f 901/1903/901 340/1904/340 339/1905/339
f 339/1905/339 4096/1901/4096 3617/1895/3617
f 3617/1895/3617 4802/1897/4802 4722/1900/4722
f 4505/1906/4505 4884/1907/4884 4421/37/4421
f 4884/1907/4884 4004/1908/4004 4421/37/4421
f 3617/1895/3617 4722/1900/4722 339/1905/339
f 4722/1900/4722 4505/1906/4505 919/1909/919
f 901/1903/901 339/1905/339 919/1909/919
f 919/1909/919 339/1905/339 4722/1900/4722
f 4505/1906/4505 4421/37/4421 919/1909/919
f 350/39/350 919/1909/919 4421/37/4421
f 4039/1910/4039 349/1911/349 351/38/351
f 349/1911/349 350/39/350 351/38/351
f 351/38/351 1064/724/1064 4039/1910/4039
f 2121/1912/2121 2011/1913/2011 3198/1914/3198
f 3198/1914/3198 1146/1915/1146 2121/1912/2121
f 1146/1915/1146 2105/1916/2105 2121/1912/2121
f 2105/1916/2105 3820/1917/3820 3723/1918/3723
f 4329/1919/4329 415/1920/415 1004/1589/1004
f 415/1920/415 4118/1587/4118 1004/1589/1004
f 4329/1919/4329 1004/1589/1004 4330/1921/4330
f 3723/1918/3723 4329/1919/4329 4330/1921/4330
f 808/1922/808 809/1923/809 386/1924/386
f 3723/1918/3723 4330/1921/4330 808/1922/808
f 2105/1916/2105 3723/1918/3723 2120/1925/2120
f 3723/1918/3723 808/1922/808 2120/1925/2120
f 386/1924/386 2677/1596/2677 2678/1603/2678
f 2121/1912/2121 2105/1916/2105 2120/1925/2120
f 386/1924/386 2678/1603/2678 1952/1926/1952
f 808/1922/808 386/1924/386 1952/1926/1952
f 808/1922/808 1952/1926/1952 3890/1927/3890
f 4210/1928/4210 2120/1925/2120 3894/1929/3894
f 2120/1925/2120 808/1922/808 3894/1929/3894
f 3893/1930/3893 4491/1931/4491 3894/1929/3894
f 3894/1929/3894 808/1922/808 3893/1930/3893
f 808/1922/808 3890/1927/3890 3893/1930/3893
f 4839/1932/4839 4823/1933/4823 3893/1930/3893
f 4602/1934/4602 3889/1935/3889 3241/1602/3241
f 4839/1932/4839 3893/1930/3893 3890/1927/3890
f 4602/1934/4602 3241/1602/3241 4985/1936/4985
f 4440/1937/4440 4839/1932/4839 4441/1938/4441
f 4839/1932/4839 3890/1927/3890 4441/1938/4441
f 3890/1927/3890 4602/1934/4602 4985/1936/4985
f 4985/1936/4985 1319/1604/1319 1/1598/1
f 4985/1936/4985 1/1598/1 4901/1939/4901
f 3890/1927/3890 4985/1936/4985 4901/1939/4901
f 4441/1938/4441 3890/1927/3890 2982/1940/2982
f 3187/1941/3187 1367/1942/1367 4441/1938/4441
f 4900/1943/4900 3890/1927/3890 4901/1939/4901
f 4900/1943/4900 4899/1601/4899 4791/3/4791
f 4791/3/4791 3471/1944/3471 1703/1945/1703
f 1703/1945/1703 1704/1946/1704 1448/1947/1448
f 1704/1946/1704 1994/1948/1994 1448/1947/1448
f 1448/1947/1448 3333/1949/3333 4827/1950/4827
f 4900/1943/4900 4791/3/4791 1464/1951/1464
f 4791/3/4791 1703/1945/1703 1448/1947/1448
f 3890/1927/3890 4900/1943/4900 1009/1952/1009
f 4441/1938/4441 2982/1940/2982 3187/1941/3187
f 2982/1940/2982 533/1953/533 3187/1941/3187
f 2982/1940/2982 3890/1927/3890 1009/1952/1009
f 4791/3/4791 1448/1947/1448 4827/1950/4827
f 4827/1950/4827 1687/1954/1687 1464/1951/1464
f 4791/3/4791 4827/1950/4827 1464/1951/1464
f 3499/1955/3499 853/1956/853 2982/1940/2982
f 4582/1957/4582 3320/1958/3320 3499/1955/3499
f 3906/40/3906 192/1959/192 1628/41/1628
f 1628/41/1628 4582/1957/4582 3499/1955/3499
f 3499/1955/3499 2982/1940/2982 4312/1960/4312
f 1464/1951/1464 3520/1961/3520 588/1962/588
f 588/1962/588 107/1963/107 1576/1964/1576
f 1576/1964/1576 1008/1965/1008 1009/1952/1009
f 1009/1952/1009 3155/1966/3155 4312/1960/4312
f 4312/1960/4312 263/1967/263 3212/42/3212
f 3212/42/3212 3981/1968/3981 3980/1969/3980
f 3980/1969/3980 3410/1970/3410 3397/1971/3397
f 3397/1971/3397 4029/1972/4029 2369/1973/2369
f 3398/1974/3398 2370/1975/2370 3906/40/3906
f 3397/1971/3397 2369/1973/2369 3398/1974/3398
f 3212/42/3212 3980/1969/3980 3906/40/3906
f 3980/1969/3980 3397/1971/3397 3398/1974/3398
f 3906/40/3906 3980/1969/3980 3398/1974/3398
f 1009/1952/1009 4312/1960/4312 2982/1940/2982
f 4312/1960/4312 3212/42/3212 1628/41/1628
f 588/1962/588 1576/1964/1576 4900/1943/4900
f 1576/1964/1576 1009/1952/1009 4900/1943/4900
f 4900/1943/4900 1464/1951/1464 588/1962/588
f 1628/41/1628 3499/1955/3499 4312/1960/4312
f 2719/43/2719 2228/1976/2228 2328/44/2328
f 2545/1977/2545 108/1978/108 976/1979/976
f 2031/1070/2031 2032/1072/2032 2545/1977/2545
f 2032/1072/2032 3365/1071/3365 2545/1977/2545
f 2545/1977/2545 976/1979/976 2031/1070/2031
f 1772/1980/1772 2571/1981/2571 3365/1071/3365
f 2571/1981/2571 2545/1977/2545 3365/1071/3365
f 4621/1982/4621 4977/1983/4977 1772/1980/1772
f 208/1984/208 4621/1982/4621 1772/1980/1772
f 3626/1985/3626 208/1984/208 3365/1071/3365
f 208/1984/208 1772/1980/1772 3365/1071/3365
f 882/1986/882 4338/1987/4338 4250/1988/4250
f 4338/1987/4338 3626/1985/3626 4250/1988/4250
f 4295/1989/4295 4607/46/4607 1088/48/1088
f 4607/46/4607 4250/1988/4250 1894/47/1894
f 1894/47/1894 3260/1444/3260 1088/48/1088
f 3626/1985/3626 3365/1071/3365 4250/1988/4250
f 3365/1071/3365 1894/47/1894 4250/1988/4250
f 2021/1990/2021 3764/1991/3764 56/50/56
f 56/50/56 3552/1992/3552 32/51/32
f 31/49/31 2021/1990/2021 56/50/56
f 3879/52/3879 4576/1993/4576 4387/53/4387
f 4265/57/4265 1633/364/1633 1227/55/1227
f 1227/55/1227 1228/796/1228 3042/56/3042
f 2312/58/2312 1319/1994/1319 4985/59/4985
f 4906/1995/4906 4978/62/4978 4694/61/4694
f 4978/62/4978 3600/1996/3600 3599/63/3599
f 4097/1997/4097 2593/64/2593 3961/66/3961
f 2593/64/2593 4629/1998/4629 4543/65/4543
f 4629/1998/4629 4630/1999/4630 4543/65/4543
f 4543/65/4543 579/2000/579 3961/66/3961
f 3961/66/3961 840/812/840 4097/1997/4097
f 840/812/840 1903/811/1903 4097/1997/4097
f 1903/811/1903 2938/2001/2938 4097/1997/4097
f 3478/2002/3478 3172/2003/3172 695/2004/695
f 3172/2003/3172 4154/2005/4154 695/2004/695
f 4154/2005/4154 2175/2006/2175 695/2004/695
f 695/2004/695 2539/2007/2539 3478/2002/3478
f 2539/2007/2539 300/67/300 3478/2002/3478
f 300/67/300 301/2008/301 247/68/247
f 247/68/247 248/2009/248 4103/69/4103
f 4103/69/4103 3639/2010/3639 300/67/300
f 3639/2010/3639 3478/2002/3478 300/67/300
f 2204/70/2204 3913/2011/3913 209/2012/209
f 2203/71/2203 5010/1561/5010 616/1560/616
f 2204/70/2204 209/2012/209 2203/71/2203
f 2062/72/2062 3259/2013/3259 2204/70/2204
f 2203/71/2203 616/1560/616 2062/72/2062
f 253/75/253 2340/2014/2340 3591/2015/3591
f 3591/2015/3591 3592/2016/3592 2601/2017/2601
f 2601/2017/2601 286/2018/286 285/2019/285
f 285/2019/285 2455/2020/2455 2454/2021/2454
f 2454/2021/2454 2453/2022/2453 2507/2023/2507
f 2507/2023/2507 4547/2024/4547 3662/2025/3662
f 4547/2024/4547 4546/2026/4546 3662/2025/3662
f 3662/2025/3662 3715/2027/3715 1385/2028/1385
f 285/2019/285 2454/2021/2454 3849/2029/3849
f 2454/2021/2454 2507/2023/2507 3849/2029/3849
f 253/75/253 3591/2015/3591 1537/73/1537
f 3591/2015/3591 2601/2017/2601 1992/1739/1992
f 1537/73/1537 3591/2015/3591 1992/1739/1992
f 2507/2023/2507 3662/2025/3662 1385/2028/1385
f 3849/2029/3849 2507/2023/2507 1385/2028/1385
f 2601/2017/2601 285/2019/285 3848/2030/3848
f 1159/2031/1159 1647/2032/1647 843/2033/843
f 2601/2017/2601 3848/2030/3848 1992/1739/1992
f 3848/2030/3848 285/2019/285 3849/2029/3849
f 3440/2034/3440 1159/2031/1159 843/2033/843
f 277/1168/277 3440/2034/3440 843/2033/843
f 336/2035/336 1425/2036/1425 1125/2037/1125
f 1425/2036/1425 2036/2038/2036 1125/2037/1125
f 2036/2038/2036 277/1168/277 843/2033/843
f 2036/2038/2036 843/2033/843 2346/2039/2346
f 843/2033/843 253/75/253 4413/2040/4413
f 2346/2039/2346 843/2033/843 2373/2041/2373
f 2346/2039/2346 335/2042/335 1125/2037/1125
f 2373/2041/2373 4794/2043/4794 2346/2039/2346
f 1575/1716/1575 3879/2044/3879 3878/2045/3878
f 1574/2046/1574 1575/1716/1575 3878/2045/3878
f 2664/2047/2664 3842/2048/3842 1574/2046/1574
f 4691/1723/4691 3773/2049/3773 4702/2050/4702
f 2664/2047/2664 1574/2046/1574 3878/2045/3878
f 383/1732/383 4691/1723/4691 4702/2050/4702
f 2664/2047/2664 3878/2045/3878 518/2051/518
f 3878/2045/3878 2373/2041/2373 4413/2040/4413
f 518/2051/518 3878/2045/3878 4413/2040/4413
f 4583/1734/4583 383/1732/383 518/2051/518
f 383/1732/383 4702/2050/4702 518/2051/518
f 4702/2050/4702 2664/2047/2664 518/2051/518
f 518/2051/518 4858/2052/4858 4583/1734/4583
f 2346/2039/2346 1125/2037/1125 2036/2038/2036
f 4413/2040/4413 2373/2041/2373 843/2033/843
f 1019/74/1019 4246/1736/4246 253/75/253
f 4246/1736/4246 3359/2053/3359 253/75/253
f 3359/2053/3359 4413/2040/4413 253/75/253
f 1385/2028/1385 1068/2054/1068 4929/2055/4929
f 4929/2055/4929 2486/1752/2486 3850/1751/3850
f 4929/2055/4929 3850/1751/3850 1385/2028/1385
f 3850/1751/3850 3849/2029/3849 1385/2028/1385
f 3848/2030/3848 3189/1750/3189 1992/1739/1992
f 1110/76/1110 3808/2056/3808 74/77/74
f 74/77/74 73/2057/73 4954/78/4954
f 73/2057/73 1684/2058/1684 864/2059/864
f 864/2059/864 4954/78/4954 73/2057/73
f 4954/78/4954 522/2060/522 1110/76/1110
f 522/2060/522 4925/2061/4925 1110/76/1110
f 4925/2061/4925 4677/2062/4677 2885/2063/2885
f 2885/2063/2885 2817/2064/2817 4925/2061/4925
f 2817/2064/2817 1110/76/1110 4925/2061/4925
f 4668/2065/4668 407/2066/407 1637/81/1637
f 407/2066/407 3775/79/3775 1637/81/1637
f 1757/84/1757 4226/2067/4226 2751/2068/2751
f 2751/2068/2751 1627/82/1627 1757/84/1757
f 1627/82/1627 3916/2069/3916 3928/83/3928
f 3928/83/3928 4009/2070/4009 1757/84/1757
f 4009/2070/4009 4008/2071/4008 1757/84/1757
f 3781/85/3781 3396/2072/3396 3779/86/3779
f 1193/88/1193 1192/2073/1192 2532/89/2532
f 3942/91/3942 3693/2074/3693 364/92/364
f 3224/94/3224 242/2075/242 241/95/241
f 4101/98/4101 316/2076/316 1454/99/1454
f 316/2076/316 2412/2077/2412 1454/99/1454
f 1454/99/1454 1378/2078/1378 1377/97/1377
f 1378/2078/1378 1379/2079/1379 1377/97/1377
f 537/100/537 536/2080/536 3449/101/3449
f 1870/2081/1870 3695/727/3695 1690/2082/1690
f 1690/2082/1690 1691/726/1691 3310/105/3310
f 1691/726/1691 4532/103/4532 3310/105/3310
f 4532/103/4532 5013/2083/5013 229/104/229
f 229/104/229 230/2084/230 3310/105/3310
f 3310/105/3310 569/2085/569 1690/2082/1690
f 569/2085/569 1870/2081/1870 1690/2082/1690
f 2075/108/2075 4042/1540/4042 4041/2086/4041
f 4041/2086/4041 3819/106/3819 2075/108/2075
f 3914/109/3914 2493/2087/2493 2494/110/2494
f 3071/2088/3071 3131/2089/3131 4463/2090/4463
f 4463/2090/4463 1834/2091/1834 3208/2092/3208
f 1834/2091/1834 1123/2093/1123 3240/2094/3240
f 1123/2093/1123 3453/1056/3453 3642/2095/3642
f 3453/1056/3453 752/2096/752 2583/112/2583
f 2583/112/2583 4549/2097/4549 4201/113/4201
f 3453/1056/3453 2583/112/2583 3642/2095/3642
f 3071/2088/3071 4463/2090/4463 3208/2092/3208
f 1834/2091/1834 3240/2094/3240 748/2098/748
f 3208/2092/3208 3072/2099/3072 3071/2088/3071
f 748/2098/748 747/2100/747 3208/2092/3208
f 3240/2094/3240 4601/2101/4601 748/2098/748
f 2672/2102/2672 278/2103/278 3240/2094/3240
f 4734/2104/4734 656/2105/656 2672/2102/2672
f 3664/114/3664 2363/2106/2363 3642/2095/3642
f 3642/2095/3642 4734/2104/4734 2672/2102/2672
f 748/2098/748 3208/2092/3208 1834/2091/1834
f 3642/2095/3642 2672/2102/2672 1123/2093/1123
f 2672/2102/2672 3240/2094/3240 1123/2093/1123
f 4202/2107/4202 4203/2108/4203 4201/113/4201
f 4203/2108/4203 3664/114/3664 4201/113/4201
f 3664/114/3664 3642/2095/3642 2583/112/2583
f 3628/2109/3628 3629/2110/3629 4855/2111/4855
f 3629/2110/3629 1291/2112/1291 4855/2111/4855
f 1682/2113/1682 2100/2114/2100 4820/2115/4820
f 4490/2116/4490 3776/2117/3776 3775/116/3775
f 1682/2113/1682 4820/2115/4820 4490/2116/4490
f 3193/944/3193 1459/2118/1459 3164/2119/3164
f 1459/2118/1459 3628/2109/3628 3164/2119/3164
f 3755/2120/3755 3164/2119/3164 3628/2109/3628
f 3755/2120/3755 3628/2109/3628 4855/2111/4855
f 406/2121/406 4910/2122/4910 1290/115/1290
f 4910/2122/4910 4855/2111/4855 1291/2112/1291
f 1983/2123/1983 1682/2113/1682 4490/2116/4490
f 1983/2123/1983 4490/2116/4490 3775/116/3775
f 407/117/407 4668/2124/4668 406/2121/406
f 4910/2122/4910 1291/2112/1291 1290/115/1290
f 1290/115/1290 1983/2123/1983 3775/116/3775
f 407/117/407 406/2121/406 1290/115/1290
f 4873/118/4873 260/2125/260 1129/119/1129
f 4429/121/4429 1400/2126/1400 1399/122/1399
f 1635/2127/1635 49/2128/49 1633/364/1633
f 49/2128/49 1656/2129/1656 1633/364/1633
f 3801/2130/3801 1659/2131/1659 1227/55/1227
f 1656/2129/1656 3801/2130/3801 1633/364/1633
f 539/2132/539 1522/2133/1522 538/2134/538
f 1522/2133/1522 1521/2135/1521 538/2134/538
f 1521/2135/1521 1635/2127/1635 1859/2136/1859
f 1859/2136/1859 1635/2127/1635 4043/2137/4043
f 3801/2130/3801 1227/55/1227 1633/364/1633
f 1634/2138/1634 3427/363/3427 5014/2139/5014
f 1633/364/1633 1634/2138/1634 1635/2127/1635
f 5014/2139/5014 5016/2140/5016 5011/2141/5011
f 3819/106/3819 4041/2086/4041 4043/2137/4043
f 5014/2139/5014 5011/2141/5011 3819/106/3819
f 1634/2138/1634 5014/2139/5014 1635/2127/1635
f 5014/2139/5014 3819/106/3819 4043/2137/4043
f 4043/2137/4043 1329/2142/1329 1859/2136/1859
f 5014/2139/5014 4043/2137/4043 1635/2127/1635
f 538/2134/538 1521/2135/1521 2098/126/2098
f 1166/2143/1166 1167/2144/1167 1747/2145/1747
f 1167/2144/1167 538/2134/538 1747/2145/1747
f 494/2146/494 1126/2147/1126 4635/2148/4635
f 1126/2147/1126 1166/2143/1166 3549/2149/3549
f 4635/2148/4635 1126/2147/1126 3549/2149/3549
f 2104/2150/2104 1543/2151/1543 42/2152/42
f 1543/2151/1543 494/2146/494 2146/2153/2146
f 42/2152/42 1543/2151/1543 2656/2154/2656
f 44/2155/44 45/2156/45 43/2157/43
f 45/2156/45 42/2152/42 43/2157/43
f 2656/2154/2656 1543/2151/1543 3109/2158/3109
f 43/2157/43 42/2152/42 2656/2154/2656
f 946/2159/946 3853/2160/3853 2656/2154/2656
f 22/2161/22 2611/2162/2611 3394/2163/3394
f 2611/2162/2611 946/2159/946 3394/2163/3394
f 3394/2163/3394 3393/2164/3393 22/2161/22
f 2146/2153/2146 3149/2165/3149 3109/2158/3109
f 3109/2158/3109 3394/2163/3394 946/2159/946
f 3109/2158/3109 946/2159/946 2656/2154/2656
f 4635/2148/4635 4037/2166/4037 494/2146/494
f 4037/2166/4037 2146/2153/2146 494/2146/494
f 2146/2153/2146 3109/2158/3109 1543/2151/1543
f 3579/2167/3579 4883/2168/4883 3549/2149/3549
f 1521/2135/1521 1859/2136/1859 686/2169/686
f 686/2169/686 4785/2170/4785 1521/2135/1521
f 4785/2170/4785 4786/2171/4786 1521/2135/1521
f 3549/2149/3549 1166/2143/1166 3579/2167/3579
f 1747/2145/1747 3579/2167/3579 1166/2143/1166
f 2098/126/2098 3380/2172/3380 538/2134/538
f 3380/2172/3380 1747/2145/1747 538/2134/538
f 4988/2173/4988 4987/2174/4987 2099/125/2099
f 4038/2175/4038 4988/2173/4988 2099/125/2099
f 1520/124/1520 423/2176/423 2099/125/2099
f 423/2176/423 4038/2175/4038 2099/125/2099
f 1706/1541/1706 3371/1543/3371 1520/124/1520
f 2424/2177/2424 4578/1542/4578 4786/2171/4786
f 4578/1542/4578 1706/1541/1706 4786/2171/4786
f 1521/2135/1521 4786/2171/4786 1706/1541/1706
f 1521/2135/1521 1706/1541/1706 2098/126/2098
f 1706/1541/1706 1520/124/1520 2098/126/2098
f 5019/129/5019 2075/2178/2075 4286/127/4286
f 2075/2178/2075 2148/2179/2148 4286/127/4286
f 4023/132/4023 4846/2180/4846 4845/448/4845
f 4845/448/4845 649/130/649 4023/132/4023
f 3086/2181/3086 419/2182/419 2188/135/2188
f 419/2182/419 2147/133/2147 2188/135/2188
f 3368/138/3368 20/2183/20 3369/136/3369
f 20/2183/20 1675/2184/1675 3369/136/3369
f 1675/2184/1675 1674/2185/1674 3356/2186/3356
f 1674/2185/1674 1986/2187/1986 3356/2186/3356
f 1986/2187/1986 1987/2188/1987 536/2189/536
f 1987/2188/1987 3449/2190/3449 536/2189/536
f 536/2189/536 535/2191/535 1986/2187/1986
f 3356/2186/3356 2795/2192/2795 1675/2184/1675
f 2795/2192/2795 3369/136/3369 1675/2184/1675
f 535/2191/535 3356/2186/3356 1986/2187/1986
f 1851/2193/1851 3719/2194/3719 4380/2195/4380
f 1851/2193/1851 4380/2195/4380 4481/2196/4481
f 4380/2195/4380 4182/2197/4182 4480/2198/4480
f 4481/2196/4481 4380/2195/4380 4480/2198/4480
f 4750/2199/4750 3108/2200/3108 4481/2196/4481
f 3108/2200/3108 1851/2193/1851 4481/2196/4481
f 2850/141/2850 2849/2201/2849 4480/2198/4480
f 3718/2202/3718 2568/1121/2568 847/139/847
f 2850/141/2850 4480/2198/4480 4182/2197/4182
f 4182/2197/4182 3718/2202/3718 847/139/847
f 847/139/847 2250/2203/2250 2845/140/2845
f 2850/141/2850 4182/2197/4182 847/139/847
f 498/2204/498 566/2205/566 3691/2206/3691
f 566/2205/566 565/966/565 3691/2206/3691
f 3691/2206/3691 4014/2207/4014 3908/2208/3908
f 4286/127/4286 2148/2179/2148 499/143/499
f 499/143/499 498/2204/498 4551/142/4551
f 498/2204/498 3691/2206/3691 1511/1037/1511
f 3691/2206/3691 3908/2208/3908 1511/1037/1511
f 1511/1037/1511 4551/142/4551 498/2204/498
f 2195/144/2195 3959/2209/3959 1356/145/1356
f 3005/149/3005 3004/2210/3004 163/147/163
f 163/147/163 2164/2211/2164 1960/148/1960
f 2667/152/2667 2666/2212/2666 62/2213/62
f 62/2213/62 4804/2214/4804 2667/152/2667
f 4804/2214/4804 1162/150/1162 2667/152/2667
f 1162/150/1162 2668/2215/2668 2083/2216/2083
f 3075/151/3075 2082/2217/2082 3201/2218/3201
f 1162/150/1162 2083/2216/2083 3075/151/3075
f 3075/151/3075 3201/2218/3201 2667/152/2667
f 4242/153/4242 3034/2219/3034 4912/154/4912
f 2931/2220/2931 4012/2221/4012 1118/2222/1118
f 1667/2223/1667 4524/2224/4524 651/2225/651
f 2931/2220/2931 1118/2222/1118 1458/2226/1458
f 1118/2222/1118 1667/2223/1667 1458/2226/1458
f 1583/1127/1583 647/584/647 1405/2227/1405
f 647/584/647 2931/2220/2931 1405/2227/1405
f 2744/670/2744 1405/2227/1405 1458/2226/1458
f 2873/374/2873 1402/671/1402 2625/157/2625
f 1402/671/1402 2743/158/2743 2625/157/2625
f 2743/158/2743 2744/670/2744 1458/2226/1458
f 1405/2227/1405 2931/2220/2931 1458/2226/1458
f 1667/2223/1667 651/2225/651 1458/2226/1458
f 2626/156/2626 2624/375/2624 2625/157/2625
f 1458/2226/1458 2626/156/2626 2743/158/2743
f 4225/63/4225 4141/2228/4141 361/160/361
f 361/160/361 4443/2229/4443 4442/159/4442
f 4443/2229/4443 4444/2230/4444 4442/159/4442
f 3124/168/3124 4699/1556/4699 3831/2231/3831
f 3831/2231/3831 2230/166/2230 3124/168/3124
f 1708/169/1708 1707/2232/1707 1719/170/1719
f 4862/2233/4862 3203/2234/3203 3777/2235/3777
f 3777/2235/3777 1149/2236/1149 1911/174/1911
f 1149/2236/1149 1150/2237/1150 1911/174/1911
f 245/2238/245 4574/2239/4574 4862/2233/4862
f 4862/2233/4862 3777/2235/3777 4209/173/4209
f 3777/2235/3777 1911/174/1911 4209/173/4209
f 12/2240/12 681/2241/681 2367/2242/2367
f 245/2238/245 4862/2233/4862 877/2243/877
f 877/2243/877 4862/2233/4862 4209/173/4209
f 876/2244/876 244/2245/244 877/2243/877
f 244/2245/244 245/2238/245 877/2243/877
f 12/2240/12 2367/2242/2367 885/2246/885
f 886/172/886 2780/2247/2780 4209/173/4209
f 12/2240/12 885/2246/885 886/172/886
f 12/2240/12 886/172/886 1911/174/1911
f 4770/176/4770 3416/2248/3416 4619/2249/4619
f 3416/2248/3416 4493/2250/4493 4619/2249/4619
f 4619/2249/4619 4297/2251/4297 3063/177/3063
f 3063/177/3063 4967/2252/4967 1434/175/1434
f 4619/2249/4619 3063/177/3063 4770/176/4770
f 4700/2253/4700 2022/917/2022 348/2254/348
f 2022/917/2022 2636/916/2636 348/2254/348
f 348/2254/348 2636/916/2636 4215/2255/4215
f 2608/2256/2608 4138/2257/4138 4807/2258/4807
f 2636/916/2636 2608/2256/2608 4215/2255/4215
f 4353/2259/4353 2921/2260/2921 4700/2253/4700
f 1451/2261/1451 4352/2262/4352 4353/2259/4353
f 348/2254/348 4216/2263/4216 4353/2259/4353
f 4216/2263/4216 1451/2261/1451 4353/2259/4353
f 466/2264/466 3003/2265/3003 4215/2255/4215
f 174/2266/174 466/2264/466 4215/2255/4215
f 348/2254/348 4353/2259/4353 4700/2253/4700
f 4807/2258/4807 3623/2267/3623 4374/2268/4374
f 2608/2256/2608 4807/2258/4807 174/2266/174
f 4807/2258/4807 4374/2268/4374 174/2266/174
f 4374/2268/4374 4778/2269/4778 2541/2270/2541
f 174/2266/174 4374/2268/4374 2541/2270/2541
f 174/2266/174 4215/2255/4215 2608/2256/2608
f 2541/2270/2541 4654/2271/4654 174/2266/174
f 3860/2272/3860 3050/2273/3050 4002/2274/4002
f 3050/2273/3050 2541/2270/2541 4002/2274/4002
f 3784/2275/3784 3785/2276/3785 3783/2277/3783
f 3785/2276/3785 3782/2278/3782 3783/2277/3783
f 2541/2270/2541 4778/2269/4778 4002/2274/4002
f 266/2279/266 3783/2277/3783 2654/2280/2654
f 3783/2277/3783 3782/2278/3782 2654/2280/2654
f 265/2281/265 266/2279/266 2654/2280/2654
f 3782/2278/3782 3860/2272/3860 4834/2282/4834
f 2654/2280/2654 3782/2278/3782 4834/2282/4834
f 3860/2272/3860 4002/2274/4002 4834/2282/4834
f 4834/2282/4834 3200/2283/3200 1591/2284/1591
f 2024/2285/2024 4526/2286/4526 3421/2287/3421
f 3422/2288/3422 1513/2289/1513 4294/2290/4294
f 4294/2290/4294 906/2291/906 3422/2288/3422
f 906/2291/906 580/2292/580 3422/2288/3422
f 1509/2293/1509 908/2294/908 2553/2295/2553
f 3422/2288/3422 580/2292/580 3421/2287/3421
f 580/2292/580 1509/2293/1509 1361/2296/1361
f 3421/2287/3421 580/2292/580 1361/2296/1361
f 2553/2295/2553 3941/2297/3941 4453/2298/4453
f 1509/2293/1509 2553/2295/2553 3059/2299/3059
f 1361/2296/1361 1509/2293/1509 3059/2299/3059
f 2024/2285/2024 3421/2287/3421 1361/2296/1361
f 4684/2300/4684 4683/1569/4683 3746/1568/3746
f 4792/2301/4792 4207/2302/4207 3570/2303/3570
f 4207/2302/4207 4684/2300/4684 3746/1568/3746
f 3570/2303/3570 4207/2302/4207 3059/2299/3059
f 3949/2304/3949 3955/2305/3955 4911/2306/4911
f 3955/2305/3955 3570/2303/3570 3643/2307/3643
f 4911/2306/4911 3955/2305/3955 4348/2308/4348
f 4207/2302/4207 3746/1568/3746 3059/2299/3059
f 3570/2303/3570 3059/2299/3059 4453/2298/4453
f 4771/2309/4771 968/2310/968 4435/2311/4435
f 968/2310/968 3950/2312/3950 4435/2311/4435
f 2126/2313/2126 3465/2314/3465 2234/2315/2234
f 3465/2314/3465 4771/2309/4771 2234/2315/2234
f 2234/2315/2234 4780/2316/4780 2126/2313/2126
f 2018/2317/2018 2638/2318/2638 2234/2315/2234
f 4435/2311/4435 2948/2319/2948 2018/2317/2018
f 4348/2308/4348 4061/2320/4061 4911/2306/4911
f 4911/2306/4911 4435/2311/4435 3949/2304/3949
f 4435/2311/4435 2018/2317/2018 4771/2309/4771
f 2018/2317/2018 2234/2315/2234 4771/2309/4771
f 4435/2311/4435 3950/2312/3950 3949/2304/3949
f 3643/2307/3643 1015/2321/1015 4348/2308/4348
f 4348/2308/4348 3955/2305/3955 3643/2307/3643
f 2741/2322/2741 3643/2307/3643 3570/2303/3570
f 2741/2322/2741 3570/2303/3570 4453/2298/4453
f 2653/2323/2653 2654/2280/2654 4834/2282/4834
f 2653/2323/2653 4834/2282/4834 1591/2284/1591
f 4941/2324/4941 2742/2325/2742 4452/179/4452
f 2742/2325/2742 2741/2322/2741 4452/179/4452
f 1652/178/1652 4814/2326/4814 4941/2324/4941
f 417/2327/417 2961/2328/2961 1652/178/1652
f 2380/496/2380 4254/2329/4254 2468/180/2468
f 4254/2329/4254 416/2330/416 2468/180/2468
f 416/2330/416 417/2327/417 1652/178/1652
f 1652/178/1652 4941/2324/4941 4452/179/4452
f 4453/2298/4453 3059/2299/3059 2553/2295/2553
f 1361/2296/1361 2653/2323/2653 1591/2284/1591
f 1361/2296/1361 1591/2284/1591 2024/2285/2024
f 416/2330/416 1652/178/1652 2468/180/2468
f 593/2331/593 4161/497/4161 2380/496/2380
f 907/2332/907 593/2331/593 2380/496/2380
f 2468/180/2468 907/2332/907 2380/496/2380
f 2741/2322/2741 4453/2298/4453 4452/179/4452
f 4757/2333/4757 435/2334/435 4756/2335/4756
f 435/2334/435 3814/181/3814 4832/183/4832
f 4756/2335/4756 435/2334/435 4832/183/4832
f 2309/184/2309 209/2012/209 2993/2336/2993
f 209/2012/209 2296/2337/2296 2993/2336/2993
f 2993/2336/2993 3739/185/3739 2309/184/2309
f 3739/185/3739 2777/2338/2777 2310/186/2310
f 2310/186/2310 1605/2339/1605 2888/2340/2888
f 2310/186/2310 2888/2340/2888 2309/184/2309
f 3348/187/3348 1067/2341/1067 3887/188/3887
f 956/190/956 2231/2342/2231 4815/191/4815
f 3199/2343/3199 57/2344/57 1270/195/1270
f 57/2344/57 1268/193/1268 1270/195/1270
f 1268/193/1268 3876/1387/3876 1269/194/1269
f 3876/1387/3876 2358/2345/2358 1269/194/1269
f 1269/194/1269 977/1280/977 1632/1279/1632
f 1269/194/1269 1632/1279/1632 1270/195/1270
f 1168/2346/1168 4927/2347/4927 1715/2348/1715
f 4927/2347/4927 1716/2349/1716 1715/2348/1715
f 1715/2348/1715 2122/2350/2122 2095/2351/2095
f 4075/2352/4075 3255/2353/3255 1168/2346/1168
f 4384/2354/4384 4385/2355/4385 1495/2356/1495
f 4385/2355/4385 1774/2357/1774 1495/2356/1495
f 4075/2352/4075 1168/2346/1168 2095/2351/2095
f 1168/2346/1168 1715/2348/1715 2095/2351/2095
f 1774/2357/1774 4075/2352/4075 3767/2358/3767
f 4075/2352/4075 2095/2351/2095 3767/2358/3767
f 3299/2359/3299 1495/2356/1495 1343/2360/1343
f 1495/2356/1495 1774/2357/1774 1343/2360/1343
f 4162/2361/4162 4610/2362/4610 1343/2360/1343
f 3767/2358/3767 3970/2363/3970 3239/2364/3239
f 3239/2364/3239 2967/2365/2967 4775/2366/4775
f 4775/2366/4775 3306/2367/3306 3307/2368/3307
f 3307/2368/3307 2331/1698/2331 2123/2369/2123
f 2331/1698/2331 2332/1697/2332 2929/198/2929
f 2915/196/2915 4871/1695/4871 2914/197/2914
f 2331/1698/2331 2929/198/2929 2123/2369/2123
f 2332/1697/2332 2915/196/2915 2929/198/2929
f 3239/2364/3239 4775/2366/4775 4642/2370/4642
f 4775/2366/4775 3307/2368/3307 4825/2371/4825
f 4642/2370/4642 4775/2366/4775 4825/2371/4825
f 1774/2357/1774 3767/2358/3767 4162/2361/4162
f 3767/2358/3767 3239/2364/3239 4642/2370/4642
f 4162/2361/4162 1343/2360/1343 1774/2357/1774
f 4642/2370/4642 1528/2372/1528 4162/2361/4162
f 4825/2371/4825 4626/2373/4626 4642/2370/4642
f 2124/2374/2124 3218/2375/3218 4825/2371/4825
f 2123/2369/2123 2124/2374/2124 4825/2371/4825
f 4642/2370/4642 4162/2361/4162 3767/2358/3767
f 2123/2369/2123 4825/2371/4825 3307/2368/3307
f 4592/199/4592 3486/2376/3486 2679/200/2679
f 307/202/307 3454/2377/3454 4404/92/4404
f 4258/2378/4258 3699/2379/3699 287/2380/287
f 3699/2379/3699 3698/2381/3698 287/2380/287
f 4740/2382/4740 2074/2383/2074 4258/2378/4258
f 3221/2384/3221 4133/2385/4133 4740/2382/4740
f 1099/2386/1099 1098/2387/1098 4740/2382/4740
f 1098/2387/1098 3221/2384/3221 4740/2382/4740
f 3841/2388/3841 2767/2389/2767 1099/2386/1099
f 2463/2390/2463 1578/2391/1578 3841/2388/3841
f 3148/2392/3148 1579/2393/1579 2463/2390/2463
f 4310/2394/4310 3519/2395/3519 3148/2392/3148
f 4831/2396/4831 4531/2397/4531 2155/2398/2155
f 4531/2397/4531 4310/2394/4310 2155/2398/2155
f 1813/2399/1813 1790/2400/1790 1812/2401/1812
f 1790/2400/1790 2155/2398/2155 1812/2401/1812
f 4310/2394/4310 3148/2392/3148 4676/206/4676
f 3148/2392/3148 2463/2390/2463 4676/206/4676
f 3841/2388/3841 1099/2386/1099 1006/2402/1006
f 4258/2378/4258 1099/2386/1099 4740/2382/4740
f 2463/2390/2463 3841/2388/3841 3944/2403/3944
f 4676/206/4676 2463/2390/2463 3944/2403/3944
f 2155/2398/2155 4310/2394/4310 1812/2401/1812
f 1099/2386/1099 4258/2378/4258 1006/2402/1006
f 4258/2378/4258 287/2380/287 1006/2402/1006
f 1006/2402/1006 3943/2404/3943 3944/2403/3944
f 3944/2403/3944 2088/2405/2088 4676/206/4676
f 4676/206/4676 2084/2406/2084 2899/204/2899
f 2899/204/2899 3964/2407/3964 3963/2408/3963
f 3963/2408/3963 4812/2409/4812 4214/205/4214
f 4214/205/4214 1812/2401/1812 4310/2394/4310
f 1006/2402/1006 3944/2403/3944 3841/2388/3841
f 3963/2408/3963 4214/205/4214 2899/204/2899
f 4214/205/4214 4310/2394/4310 4676/206/4676
f 52/2410/52 2653/2323/2653 50/2411/50
f 2653/2323/2653 1361/2296/1361 50/2411/50
f 3059/2299/3059 3746/1568/3746 1823/1570/1823
f 1823/1570/1823 4683/1569/4683 3872/2412/3872
f 4683/1569/4683 4684/2300/4684 3872/2412/3872
f 3872/2412/3872 3873/2413/3873 3515/2414/3515
f 1361/2296/1361 3059/2299/3059 1823/1570/1823
f 102/2415/102 51/2416/51 50/2411/50
f 160/2417/160 1340/2418/1340 102/2415/102
f 3144/2419/3144 1661/2420/1661 160/2417/160
f 110/2421/110 822/2422/822 3144/2419/3144
f 3433/2423/3433 3432/2424/3432 4801/2425/4801
f 3432/2424/3432 110/2421/110 4801/2425/4801
f 933/2426/933 4034/2427/4034 4801/2425/4801
f 3144/2419/3144 160/2417/160 102/2415/102
f 933/2426/933 4801/2425/4801 4455/209/4455
f 4801/2425/4801 110/2421/110 4455/209/4455
f 3144/2419/3144 102/2415/102 3527/2428/3527
f 102/2415/102 50/2411/50 3527/2428/3527
f 50/2411/50 1361/2296/1361 3527/2428/3527
f 1361/2296/1361 1823/1570/1823 3872/2412/3872
f 3515/2414/3515 3514/2429/3514 718/2430/718
f 1361/2296/1361 3872/2412/3872 3515/2414/3515
f 110/2421/110 3144/2419/3144 2924/2431/2924
f 4881/2432/4881 1204/2433/1204 933/2426/933
f 1361/2296/1361 3515/2414/3515 718/2430/718
f 3527/2428/3527 3322/2434/3322 4650/2435/4650
f 1361/2296/1361 718/2430/718 3527/2428/3527
f 4936/208/4936 4318/2436/4318 4881/2432/4881
f 256/2437/256 1153/2438/1153 4936/208/4936
f 1878/653/1878 255/2439/255 256/2437/256
f 3442/207/3442 4407/654/4407 256/2437/256
f 4407/654/4407 1878/653/1878 256/2437/256
f 4726/2440/4726 2112/2441/2112 3441/2442/3441
f 2112/2441/2112 3229/1447/3229 3441/2442/3441
f 3229/1447/3229 3442/207/3442 3441/2442/3441
f 3442/207/3442 256/2437/256 4936/208/4936
f 4936/208/4936 4881/2432/4881 4455/209/4455
f 4881/2432/4881 933/2426/933 4455/209/4455
f 3144/2419/3144 3527/2428/3527 4650/2435/4650
f 4650/2435/4650 3321/2443/3321 2924/2431/2924
f 3144/2419/3144 4650/2435/4650 2924/2431/2924
f 4455/209/4455 110/2421/110 2924/2431/2924
f 3441/2442/3441 3442/207/3442 4455/209/4455
f 2054/211/2054 79/2444/79 587/212/587
f 587/212/587 586/2445/586 2096/2446/2096
f 2096/2446/2096 128/210/128 587/212/587
f 4285/2447/4285 424/711/424 3975/213/3975
f 424/711/424 997/214/997 3975/213/3975
f 3804/215/3804 2548/2448/2548 2547/1585/2547
f 2547/1585/2547 2793/238/2793 3804/215/3804
f 2793/238/2793 3975/213/3975 3804/215/3804
f 899/841/899 898/2449/898 2537/218/2537
f 898/2449/898 2538/216/2538 2537/218/2537
f 3096/2450/3096 729/2451/729 4169/2452/4169
f 729/2451/729 3355/2453/3355 4169/2452/4169
f 693/870/693 1771/2454/1771 1770/2455/1770
f 1771/2454/1771 3096/2450/3096 929/2456/929
f 1770/2455/1770 1771/2454/1771 929/2456/929
f 929/2456/929 559/2457/559 1770/2455/1770
f 3096/2450/3096 4169/2452/4169 3885/2458/3885
f 4171/2459/4171 4170/2460/4170 947/2461/947
f 4170/2460/4170 2187/2462/2187 947/2461/947
f 3096/2450/3096 3885/2458/3885 4693/2463/4693
f 929/2456/929 3096/2450/3096 4019/2464/4019
f 3885/2458/3885 4171/2459/4171 4693/2463/4693
f 4019/2464/4019 4752/2465/4752 929/2456/929
f 4019/2464/4019 3096/2450/3096 1506/219/1506
f 4171/2459/4171 947/2461/947 800/2466/800
f 947/2461/947 206/2467/206 1090/2468/1090
f 206/2467/206 4256/2469/4256 1090/2468/1090
f 1090/2468/1090 4924/2470/4924 800/2466/800
f 800/2466/800 799/2471/799 2552/2472/2552
f 1339/2473/1339 4560/2474/4560 4693/2463/4693
f 800/2466/800 2552/2472/2552 1339/2473/1339
f 1090/2468/1090 800/2466/800 947/2461/947
f 1506/219/1506 3096/2450/3096 4693/2463/4693
f 1507/221/1507 3166/2475/3166 4019/2464/4019
f 800/2466/800 1339/2473/1339 4171/2459/4171
f 1339/2473/1339 4693/2463/4693 4171/2459/4171
f 1507/221/1507 4019/2464/4019 1506/219/1506
f 4600/220/4600 3256/2476/3256 1507/221/1507
f 3468/222/3468 2357/2477/2357 2023/223/2023
f 4157/2478/4157 4156/2479/4156 3180/2480/3180
f 3180/2480/3180 4744/2481/4744 2825/2482/2825
f 2825/2482/2825 2826/2483/2826 426/227/426
f 426/227/426 1658/2484/1658 116/225/116
f 1658/2484/1658 3026/2485/3026 116/225/116
f 3026/2485/3026 2908/2486/2908 767/2487/767
f 116/225/116 117/2488/117 2964/226/2964
f 3026/2485/3026 767/2487/767 116/225/116
f 2825/2482/2825 426/227/426 4157/2478/4157
f 4157/2478/4157 426/227/426 2964/226/2964
f 4157/2478/4157 3180/2480/3180 2825/2482/2825
f 2964/226/2964 2063/2489/2063 4157/2478/4157
f 456/230/456 3942/2490/3942 363/228/363
f 363/228/363 364/2491/364 4423/2492/4423
f 364/2491/364 4392/2493/4392 4423/2492/4423
f 4392/2493/4392 70/2494/70 4044/2495/4044
f 4392/2493/4392 4044/2495/4044 4423/2492/4423
f 4766/2496/4766 2171/2497/2171 4730/2498/4730
f 2171/2497/2171 456/230/456 4730/2498/4730
f 4422/229/4422 4010/2499/4010 4730/2498/4730
f 4422/229/4422 4730/2498/4730 456/230/456
f 363/228/363 4423/2492/4423 4422/229/4422
f 4576/2500/4576 4508/277/4508 2861/2501/2861
f 2559/2502/2559 2560/2503/2560 2995/2504/2995
f 4576/2500/4576 2861/2501/2861 2559/2502/2559
f 4387/2505/4387 4576/2500/4576 2559/2502/2559
f 2559/2502/2559 2995/2504/2995 335/2506/335
f 2995/2504/2995 4848/2507/4848 336/232/336
f 2974/233/2974 1394/2508/1394 1393/2509/1393
f 1394/2508/1394 276/2510/276 1393/2509/1393
f 2995/2504/2995 336/232/336 335/2506/335
f 4848/2507/4848 2974/233/2974 336/232/336
f 3880/2511/3880 4387/2505/4387 4794/2512/4794
f 4387/2505/4387 2559/2502/2559 335/2506/335
f 4794/2512/4794 4387/2505/4387 335/2506/335
f 3878/2513/3878 3879/278/3879 3880/2511/3880
f 4794/2512/4794 2373/2514/2373 3880/2511/3880
f 2373/2514/2373 3878/2513/3878 3880/2511/3880
f 335/2506/335 2346/2515/2346 4794/2512/4794
f 336/232/336 1125/2516/1125 335/2506/335
f 1393/2509/1393 1425/231/1425 2974/233/2974
f 1921/236/1921 1420/2517/1420 1482/2518/1482
f 1420/2517/1420 1421/458/1421 1482/2518/1482
f 1482/2518/1482 480/2519/480 3768/2520/3768
f 1921/236/1921 1482/2518/1482 3768/2520/3768
f 480/2519/480 479/2521/479 3768/2520/3768
f 3768/2520/3768 175/2522/175 1980/234/1980
f 1980/234/1980 2794/2523/2794 958/235/958
f 958/235/958 2288/2524/2288 844/2525/844
f 958/235/958 844/2525/844 1921/236/1921
f 3768/2520/3768 1980/234/1980 1921/236/1921
f 2209/237/2209 4285/2447/4285 3975/213/3975
f 2647/239/2647 4412/2526/4412 415/2527/415
f 4412/2526/4412 4118/2528/4118 415/2527/415
f 415/2527/415 3820/240/3820 2647/239/2647
f 3820/240/3820 2105/2529/2105 189/241/189
f 2105/2529/2105 1146/2530/1146 189/241/189
f 189/241/189 190/2531/190 1046/2532/1046
f 189/241/189 1046/2532/1046 2647/239/2647
f 3850/242/3850 3189/2533/3189 3848/243/3848
f 1845/2534/1845 414/2535/414 3448/2536/3448
f 3448/2536/3448 4186/2537/4186 1515/2538/1515
f 1515/2538/1515 1773/2539/1773 4611/2540/4611
f 4611/2540/4611 2320/2541/2320 1650/2542/1650
f 1650/2542/1650 992/2543/992 2439/2544/2439
f 2439/2544/2439 2438/2545/2438 2536/2546/2536
f 2536/2546/2536 795/2547/795 689/1366/689
f 795/2547/795 794/2548/794 689/1366/689
f 794/2548/794 2869/2549/2869 3215/1578/3215
f 2869/2549/2869 2870/2550/2870 3215/1578/3215
f 3215/1578/3215 4667/1577/4667 794/2548/794
f 4667/1577/4667 689/1366/689 794/2548/794
f 1650/2542/1650 2439/2544/2439 2536/2546/2536
f 1515/2538/1515 4611/2540/4611 61/2551/61
f 4611/2540/4611 1650/2542/1650 61/2551/61
f 1650/2542/1650 2536/2546/2536 689/1366/689
f 2281/1365/2281 531/2552/531 2811/2553/2811
f 531/2552/531 1256/2554/1256 1257/2555/1257
f 1650/2542/1650 689/1366/689 3392/2556/3392
f 689/1366/689 2281/1365/2281 3392/2556/3392
f 3448/2536/3448 1515/2538/1515 1380/1201/1380
f 3448/2536/3448 1380/1201/1380 1845/2534/1845
f 1273/2557/1273 3211/2558/3211 1845/2534/1845
f 531/2552/531 1257/2555/1257 2811/2553/2811
f 2811/2553/2811 4059/2559/4059 393/2560/393
f 393/2560/393 391/2561/391 392/2562/392
f 392/2562/392 1214/2563/1214 2769/2564/2769
f 2769/2564/2769 2372/2565/2372 1779/2566/1779
f 1779/2566/1779 1778/2567/1778 3983/2568/3983
f 4367/2569/4367 530/2570/530 412/2571/412
f 1779/2566/1779 3983/2568/3983 4367/2569/4367
f 392/2562/392 2769/2564/2769 2281/1365/2281
f 2769/2564/2769 1779/2566/1779 2281/1365/2281
f 2811/2553/2811 393/2560/393 2281/1365/2281
f 393/2560/393 392/2562/392 2281/1365/2281
f 1779/2566/1779 4367/2569/4367 2281/1365/2281
f 412/2571/412 3903/2572/3903 55/2573/55
f 4367/2569/4367 412/2571/412 2281/1365/2281
f 55/2573/55 1833/2574/1833 2223/2575/2223
f 2281/1365/2281 412/2571/412 55/2573/55
f 2281/1365/2281 55/2573/55 2223/2575/2223
f 2223/2575/2223 4274/2576/4274 4678/2577/4678
f 2281/1365/2281 2223/2575/2223 3392/2556/3392
f 1515/2538/1515 61/2551/61 1380/1201/1380
f 3392/2556/3392 2223/2575/2223 1098/2578/1098
f 2223/2575/2223 4678/2577/4678 1098/2578/1098
f 1650/2542/1650 3392/2556/3392 1948/2579/1948
f 2429/2580/2429 1069/2581/1069 1273/2557/1273
f 4678/2577/4678 1152/2582/1152 4893/2583/4893
f 1098/2578/1098 4678/2577/4678 2113/2584/2113
f 1273/2557/1273 1845/2534/1845 1380/1201/1380
f 61/2551/61 1650/2542/1650 62/2585/62
f 1152/2582/1152 833/2586/833 1117/2587/1117
f 1604/2588/1604 2129/2589/2129 2128/2590/2128
f 1152/2582/1152 1117/2587/1117 1604/2588/1604
f 1152/2582/1152 1604/2588/1604 4893/2583/4893
f 4893/2583/4893 1604/2588/1604 138/2591/138
f 1604/2588/1604 2128/2590/2128 138/2591/138
f 1878/2592/1878 1879/2593/1879 255/2594/255
f 1879/2593/1879 2429/2580/2429 255/2594/255
f 2128/2590/2128 1791/2595/1791 4259/2596/4259
f 2429/2580/2429 1273/2557/1273 1153/2597/1153
f 4678/2577/4678 4893/2583/4893 4914/2598/4914
f 1791/2595/1791 126/2599/126 127/2600/127
f 127/2600/127 1831/2601/1831 4482/2602/4482
f 4482/2602/4482 746/2603/746 1440/2604/1440
f 1440/2604/1440 2732/622/2732 2139/2605/2139
f 2139/2605/2139 2140/2606/2140 2141/2607/2141
f 2141/2607/2141 11/624/11 1649/2608/1649
f 1649/2608/1649 1699/2609/1699 559/2610/559
f 1699/2609/1699 694/2611/694 559/2610/559
f 559/2610/559 929/2612/929 1649/2608/1649
f 4752/2613/4752 4019/2614/4019 3166/2615/3166
f 929/2612/929 4752/2613/4752 2141/2607/2141
f 1649/2608/1649 929/2612/929 2141/2607/2141
f 3166/2615/3166 1507/2616/1507 3256/2617/3256
f 4752/2613/4752 3166/2615/3166 2139/2605/2139
f 2141/2607/2141 4752/2613/4752 2139/2605/2139
f 3166/2615/3166 3256/2617/3256 1440/2604/1440
f 2139/2605/2139 3166/2615/3166 1440/2604/1440
f 4482/2602/4482 1440/2604/1440 3256/2617/3256
f 4600/2618/4600 1506/2619/1506 4560/2620/4560
f 1506/2619/1506 4693/2621/4693 4560/2620/4560
f 3256/2617/3256 4600/2618/4600 4482/2602/4482
f 1791/2595/1791 127/2600/127 2552/2622/2552
f 127/2600/127 4482/2602/4482 2552/2622/2552
f 4560/2620/4560 1339/2623/1339 2552/2622/2552
f 799/2624/799 800/2625/800 4259/2596/4259
f 800/2625/800 4924/1416/4924 4259/2596/4259
f 4600/2618/4600 4560/2620/4560 2552/2622/2552
f 4482/2602/4482 4600/2618/4600 2552/2622/2552
f 2552/2622/2552 799/2624/799 1791/2595/1791
f 799/2624/799 4259/2596/4259 1791/2595/1791
f 4259/2596/4259 138/2591/138 2128/2590/2128
f 255/2594/255 2429/2580/2429 256/2626/256
f 1153/2597/1153 256/2626/256 2429/2580/2429
f 4318/2627/4318 4936/2628/4936 1153/2597/1153
f 1204/2629/1204 4881/2630/4881 4318/2627/4318
f 4034/2631/4034 933/2632/933 1204/2629/1204
f 3433/2633/3433 4801/2634/4801 4034/2631/4034
f 690/2635/690 3432/2636/3432 3433/2633/3433
f 1380/1201/1380 2270/2637/2270 1204/2629/1204
f 2270/2637/2270 690/2635/690 3433/2633/3433
f 62/2585/62 2666/2638/2666 61/2551/61
f 2270/2637/2270 3433/2633/3433 4034/2631/4034
f 2270/2637/2270 4034/2631/4034 1204/2629/1204
f 1204/2629/1204 4318/2627/4318 1273/2557/1273
f 4318/2627/4318 1153/2597/1153 1273/2557/1273
f 1380/1201/1380 1204/2629/1204 1273/2557/1273
f 3035/2639/3035 4136/2640/4136 4557/2641/4557
f 4136/2640/4136 4135/1415/4135 4557/2641/4557
f 138/2591/138 3035/2639/3035 4760/2642/4760
f 62/2585/62 1650/2542/1650 2495/2643/2495
f 3035/2639/3035 4557/2641/4557 3036/2644/3036
f 3036/2644/3036 4760/2642/4760 3035/2639/3035
f 4760/2642/4760 4893/2583/4893 138/2591/138
f 4893/2583/4893 4260/2645/4260 4914/2598/4914
f 4914/2598/4914 810/2646/810 4148/2647/4148
f 4148/2647/4148 3011/2648/3011 4933/2649/4933
f 4933/2649/4933 1795/2650/1795 4920/2651/4920
f 4920/2651/4920 4938/2652/4938 4937/2653/4937
f 4937/2653/4937 4379/2654/4379 3598/2655/3598
f 3598/2655/3598 4797/2656/4797 2113/2584/2113
f 2113/2584/2113 4981/2657/4981 3220/2658/3220
f 3220/2658/3220 3221/2659/3221 1098/2578/1098
f 1098/2578/1098 1099/2660/1099 2767/2661/2767
f 2767/2661/2767 3841/2662/3841 1578/2663/1578
f 1578/2663/1578 2463/2664/2463 1579/2665/1579
f 1579/2665/1579 3148/2666/3148 3519/2667/3519
f 3519/2667/3519 4310/2668/4310 4531/2669/4531
f 1294/2670/1294 4429/2671/4429 4428/2672/4428
f 3519/2667/3519 4531/2669/4531 1294/2670/1294
f 1579/2665/1579 3519/2667/3519 1294/2670/1294
f 1294/2670/1294 4428/2672/4428 4540/2673/4540
f 4540/2673/4540 4175/2674/4175 4257/2675/4257
f 4257/2675/4257 4090/2676/4090 3686/2677/3686
f 3686/2677/3686 201/2678/201 4501/2679/4501
f 4501/2679/4501 2000/2680/2000 299/2681/299
f 299/2681/299 1383/2682/1383 4283/2683/4283
f 299/2681/299 4283/2683/4283 2893/2684/2893
f 3686/2677/3686 4501/2679/4501 266/2685/266
f 4501/2679/4501 299/2681/299 1240/2686/1240
f 677/2687/677 299/2681/299 2893/2684/2893
f 4540/2673/4540 4257/2675/4257 4153/2688/4153
f 4257/2675/4257 3686/2677/3686 4104/2689/4104
f 4153/2688/4153 4257/2675/4257 950/2690/950
f 1579/2665/1579 1294/2670/1294 1578/2663/1578
f 1294/2670/1294 4540/2673/4540 2651/2691/2651
f 1578/2663/1578 1294/2670/1294 4168/2692/4168
f 1098/2578/1098 2767/2661/2767 3392/2556/3392
f 2767/2661/2767 1578/2663/1578 3392/2556/3392
f 3392/2556/3392 1578/2663/1578 4168/2692/4168
f 299/2681/299 677/2687/677 1240/2686/1240
f 677/2687/677 2893/2684/2893 678/2693/678
f 2893/2684/2893 4782/2694/4782 678/2693/678
f 4782/2694/4782 855/2695/855 2145/2696/2145
f 4782/2694/4782 2145/2696/2145 1712/2697/1712
f 4540/2673/4540 4153/2688/4153 2651/2691/2651
f 1294/2670/1294 2651/2691/2651 4168/2692/4168
f 4782/2694/4782 1712/2697/1712 678/2693/678
f 2113/2584/2113 3220/2658/3220 1098/2578/1098
f 1877/2698/1877 3709/2699/3709 1119/2700/1119
f 3709/2699/3709 2885/2701/2885 1119/2700/1119
f 4501/2679/4501 1240/2686/1240 266/2685/266
f 1712/2697/1712 1877/2698/1877 516/2702/516
f 678/2693/678 1712/2697/1712 1583/1127/1583
f 4937/2653/4937 3598/2655/3598 4920/2651/4920
f 3598/2655/3598 2113/2584/2113 4920/2651/4920
f 2885/2701/2885 4677/2703/4677 2492/2704/2492
f 1119/2700/1119 2885/2701/2885 2492/2704/2492
f 4677/2703/4677 4925/2705/4925 522/2706/522
f 522/2706/522 4954/2707/4954 1841/2708/1841
f 4954/2707/4954 864/2709/864 1841/2708/1841
f 864/2709/864 1684/2710/1684 5003/2711/5003
f 5003/2711/5003 4817/2712/4817 3181/2713/3181
f 3181/2713/3181 1095/2714/1095 4744/2715/4744
f 1095/2714/1095 4333/2716/4333 4744/2715/4744
f 4492/2717/4492 1901/2718/1901 4657/2719/4657
f 1901/2718/1901 4660/2720/4660 4657/2719/4657
f 4656/2721/4656 4167/2722/4167 4245/2723/4245
f 4167/2722/4167 4111/2724/4111 4245/2723/4245
f 4333/2716/4333 4492/2717/4492 2826/2725/2826
f 4492/2717/4492 4657/2719/4657 1658/2726/1658
f 2826/2725/2826 4492/2717/4492 1658/2726/1658
f 4656/2721/4656 4245/2723/4245 270/2727/270
f 4245/2723/4245 3270/2728/3270 270/2727/270
f 4657/2719/4657 4656/2721/4656 1658/2726/1658
f 4656/2721/4656 270/2727/270 1658/2726/1658
f 3575/2729/3575 3574/2730/3574 503/2731/503
f 3574/2730/3574 504/2732/504 503/2731/503
f 270/2727/270 3575/2729/3575 4853/2733/4853
f 3575/2729/3575 503/2731/503 4854/2734/4854
f 4853/2733/4853 3575/2729/3575 4854/2734/4854
f 505/2735/505 1182/2736/1182 3765/2737/3765
f 1182/2736/1182 3989/2738/3989 3765/2737/3765
f 503/2731/503 505/2735/505 4854/2734/4854
f 3989/2738/3989 4789/2739/4789 3765/2737/3765
f 3765/2737/3765 2159/2740/2159 505/2735/505
f 2159/2740/2159 4854/2734/4854 505/2735/505
f 4853/2733/4853 4852/2741/4852 2587/2742/2587
f 4852/2741/4852 785/2743/785 2587/2742/2587
f 785/2743/785 4921/2744/4921 3150/2745/3150
f 270/2727/270 4853/2733/4853 228/2746/228
f 228/2746/228 4853/2733/4853 685/2747/685
f 785/2743/785 3150/2745/3150 4608/2748/4608
f 2587/2742/2587 785/2743/785 4608/2748/4608
f 2587/2742/2587 4541/981/4541 1989/2749/1989
f 4541/981/4541 1112/2750/1112 1989/2749/1989
f 1989/2749/1989 3584/2751/3584 2587/2742/2587
f 228/2746/228 3026/2752/3026 270/2727/270
f 3584/2751/3584 685/2747/685 2587/2742/2587
f 3026/2752/3026 1658/2726/1658 270/2727/270
f 1658/2726/1658 426/2753/426 2826/2725/2826
f 2826/2725/2826 2825/2754/2825 4744/2715/4744
f 4853/2733/4853 2587/2742/2587 685/2747/685
f 2826/2725/2826 4744/2715/4744 4333/2716/4333
f 864/2709/864 5003/2711/5003 1323/2755/1323
f 5003/2711/5003 3181/2713/3181 3180/2756/3180
f 3181/2713/3181 4744/2715/4744 3180/2756/3180
f 4677/2703/4677 522/2706/522 1840/2757/1840
f 5003/2711/5003 3180/2756/3180 1323/2755/1323
f 4159/2758/4159 1639/2759/1639 3145/2760/3145
f 1639/2759/1639 1543/2151/1543 2104/2150/2104
f 2104/2150/2104 42/2152/42 45/2156/45
f 1639/2759/1639 2104/2150/2104 4227/2761/4227
f 3145/2760/3145 1639/2759/1639 4227/2761/4227
f 3180/2756/3180 4159/2758/4159 932/2762/932
f 3686/2677/3686 266/2685/266 2660/2763/2660
f 516/2702/516 1877/2698/1877 4012/2221/4012
f 2104/2150/2104 45/2156/45 367/2764/367
f 44/2155/44 43/2157/43 581/2765/581
f 45/2156/45 44/2155/44 367/2764/367
f 4920/2651/4920 2113/2584/2113 4678/2577/4678
f 4920/2651/4920 4678/2577/4678 4933/2649/4933
f 4227/2761/4227 2104/2150/2104 367/2764/367
f 44/2155/44 581/2765/581 21/2766/21
f 581/2765/581 4251/2767/4251 972/2768/972
f 21/2766/21 168/2769/168 3447/2770/3447
f 581/2765/581 972/2768/972 21/2766/21
f 1712/2697/1712 516/2702/516 515/585/515
f 4914/2598/4914 4148/2647/4148 4933/2649/4933
f 4914/2598/4914 4933/2649/4933 4678/2577/4678
f 44/2155/44 21/2766/21 3447/2770/3447
f 3447/2770/3447 1330/2771/1330 1856/2772/1856
f 1330/2771/1330 2125/2773/2125 1856/2772/1856
f 44/2155/44 3447/2770/3447 23/2774/23
f 2668/2775/2668 1162/2776/1162 4804/2777/4804
f 4804/2777/4804 62/2585/62 3111/2778/3111
f 1856/2772/1856 1195/2779/1195 1502/2780/1502
f 1502/2780/1502 1503/2781/1503 23/2774/23
f 23/2774/23 1406/2782/1406 368/2783/368
f 368/2783/368 366/2784/366 367/2764/367
f 231/2785/231 232/2786/232 2442/2787/2442
f 23/2774/23 368/2783/368 44/2155/44
f 368/2783/368 367/2764/367 44/2155/44
f 231/2785/231 2442/2787/2442 4227/2761/4227
f 2442/2787/2442 930/2788/930 4227/2761/4227
f 367/2764/367 231/2785/231 4227/2761/4227
f 1856/2772/1856 1502/2780/1502 3447/2770/3447
f 1502/2780/1502 23/2774/23 3447/2770/3447
f 62/2585/62 2495/2643/2495 3111/2778/3111
f 1170/2789/1170 2668/2775/2668 3214/2790/3214
f 2668/2775/2668 4804/2777/4804 3214/2790/3214
f 3214/2790/3214 1171/2791/1171 1170/2789/1170
f 3111/2778/3111 3110/2792/3110 3214/2790/3214
f 3111/2778/3111 3214/2790/3214 4804/2777/4804
f 3180/2756/3180 932/2762/932 931/2793/931
f 4159/2758/4159 3145/2760/3145 932/2762/932
f 931/2793/931 1322/2794/1322 3180/2756/3180
f 1323/2755/1323 3180/2756/3180 1322/2794/1322
f 2495/2643/2495 1650/2542/1650 1948/2579/1948
f 3567/2795/3567 3568/2796/3568 2496/2797/2496
f 1841/2708/1841 1840/2757/1840 522/2706/522
f 1840/2757/1840 2492/2704/2492 4677/2703/4677
f 1323/2755/1323 1841/2708/1841 864/2709/864
f 3389/2798/3389 3567/2795/3567 2496/2797/2496
f 4172/2799/4172 4890/2800/4890 3389/2798/3389
f 1948/2579/1948 1947/2801/1947 4585/2802/4585
f 4585/2802/4585 4172/2799/4172 3389/2798/3389
f 3389/2798/3389 2496/2797/2496 4585/2802/4585
f 2496/2797/2496 2495/2643/2495 4585/2802/4585
f 2492/2704/2492 1449/2803/1449 1119/2700/1119
f 1948/2579/1948 4585/2802/4585 2495/2643/2495
f 1119/2700/1119 1118/2222/1118 4012/2221/4012
f 2651/2691/2651 1949/2804/1949 4168/2692/4168
f 1119/2700/1119 4012/2221/4012 1877/2698/1877
f 516/2702/516 514/586/514 515/585/515
f 4153/2688/4153 251/2805/251 2651/2691/2651
f 950/2690/950 4662/2806/4662 4153/2688/4153
f 4104/2689/4104 4567/2807/4567 950/2690/950
f 460/2808/460 1072/2809/1072 4104/2689/4104
f 2660/2763/2660 1071/2810/1071 460/2808/460
f 2897/2811/2897 2898/2812/2898 2660/2763/2660
f 2654/2813/2654 2653/2814/2653 265/2815/265
f 2653/2814/2653 2897/2811/2897 265/2815/265
f 2660/2763/2660 460/2808/460 3686/2677/3686
f 460/2808/460 4104/2689/4104 3686/2677/3686
f 265/2815/265 2897/2811/2897 2660/2763/2660
f 3784/2816/3784 3783/2817/3783 266/2685/266
f 266/2685/266 265/2815/265 2660/2763/2660
f 4104/2689/4104 950/2690/950 4257/2675/4257
f 515/585/515 647/584/647 1583/1127/1583
f 3784/2816/3784 266/2685/266 3436/245/3436
f 3436/245/3436 266/2685/266 1240/2686/1240
f 515/585/515 1583/1127/1583 1712/2697/1712
f 678/2693/678 679/2818/679 677/2687/677
f 3860/2819/3860 3782/2820/3782 3785/2821/3785
f 4654/247/4654 2541/2822/2541 3050/2823/3050
f 3050/2823/3050 3860/2819/3860 3785/2821/3785
f 3050/2823/3050 3785/2821/3785 3784/2816/3784
f 466/246/466 174/2824/174 4654/247/4654
f 4654/247/4654 3050/2823/3050 3436/245/3436
f 3050/2823/3050 3784/2816/3784 3436/245/3436
f 677/2687/677 937/2825/937 1240/2686/1240
f 2397/2826/2397 2706/2827/2706 4474/2828/4474
f 2706/2827/2706 1215/2829/1215 1216/2830/1216
f 4474/2828/4474 2706/2827/2706 1216/2830/1216
f 1215/2829/1215 1535/2831/1535 1536/2832/1536
f 1536/2832/1536 2403/2833/2403 500/250/500
f 500/250/500 4356/2834/4356 4287/248/4287
f 4356/2834/4356 166/2835/166 2819/2836/2819
f 166/2835/166 164/2837/164 165/2838/165
f 1366/765/1366 1365/764/1365 3289/2839/3289
f 1365/764/1365 1965/2840/1965 1964/2841/1964
f 3289/2839/3289 1365/764/1365 1964/2841/1964
f 166/2835/166 165/2838/165 1366/765/1366
f 1536/2832/1536 500/250/500 1629/249/1629
f 4356/2834/4356 2819/2836/2819 4287/248/4287
f 1215/2829/1215 1536/2832/1536 1629/249/1629
f 3551/2842/3551 4276/2843/4276 355/2844/355
f 4276/2843/4276 2397/2826/2397 355/2844/355
f 4474/2828/4474 2520/2845/2520 355/2844/355
f 166/2835/166 1366/765/1366 3973/2846/3973
f 3289/2839/3289 4089/2847/4089 4425/2848/4425
f 4425/2848/4425 1185/2849/1185 1184/2850/1184
f 4425/2848/4425 1184/2850/1184 398/2851/398
f 1366/765/1366 3289/2839/3289 4425/2848/4425
f 3973/2846/3973 1366/765/1366 398/2851/398
f 4425/2848/4425 398/2851/398 1366/765/1366
f 3973/2846/3973 2971/2852/2971 388/2853/388
f 355/2844/355 2397/2826/2397 4474/2828/4474
f 1216/2830/1216 4523/2854/4523 4474/2828/4474
f 1216/2830/1216 1215/2829/1215 1629/249/1629
f 388/2853/388 1188/2855/1188 3766/2856/3766
f 166/2835/166 3973/2846/3973 388/2853/388
f 1629/249/1629 4208/2857/4208 1216/2830/1216
f 4287/248/4287 3886/2858/3886 1629/249/1629
f 2819/2836/2819 2736/2859/2736 4287/248/4287
f 166/2835/166 388/2853/388 3766/2856/3766
f 166/2835/166 3766/2856/3766 2819/2836/2819
f 203/1162/203 2379/855/2379 4239/252/4239
f 2379/855/2379 2591/2860/2591 4686/2861/4686
f 4239/252/4239 2379/855/2379 3921/253/3921
f 5/2862/5 934/2863/934 2842/2864/2842
f 934/2863/934 2843/2865/2843 2842/2864/2842
f 2591/2860/2591 5/2862/5 4686/2861/4686
f 4760/2866/4760 3036/2867/3036 203/1162/203
f 4260/2868/4260 4893/2869/4893 203/1162/203
f 4893/2869/4893 4760/2866/4760 203/1162/203
f 810/2870/810 4914/2871/4914 4260/2868/4260
f 3011/2872/3011 4148/2873/4148 810/2870/810
f 1795/2874/1795 4933/2875/4933 3011/2872/3011
f 4938/2876/4938 4920/2877/4920 1795/2874/1795
f 3834/2878/3834 4379/2879/4379 4939/2880/4939
f 4939/2880/4939 4938/2876/4938 3011/2872/3011
f 4938/2876/4938 1795/2874/1795 3011/2872/3011
f 1711/2881/1711 4797/2882/4797 3834/2878/3834
f 4939/2880/4939 3011/2872/3011 810/2870/810
f 1711/2881/1711 3834/2878/3834 4939/2880/4939
f 1844/2883/1844 1710/2884/1710 1711/2881/1711
f 2153/2885/2153 1843/2886/1843 2388/2887/2388
f 1843/2886/1843 1844/2883/1844 2388/2887/2388
f 1711/2881/1711 4939/2880/4939 810/2870/810
f 2388/2887/2388 1844/2883/1844 1711/2881/1711
f 4053/2888/4053 2242/2889/2242 2243/2890/2243
f 2243/2890/2243 2388/2887/2388 1711/2881/1711
f 1711/2881/1711 810/2870/810 4260/2868/4260
f 2843/2865/2843 194/2891/194 2844/2892/2844
f 194/2891/194 2746/2893/2746 2844/2892/2844
f 2746/2893/2746 2214/2894/2214 2844/2892/2844
f 2842/2864/2842 4119/2895/4119 4120/2896/4120
f 2843/2865/2843 2844/2892/2844 2842/2864/2842
f 4260/2868/4260 203/1162/203 2243/2890/2243
f 3921/253/3921 2379/855/2379 4686/2861/4686
f 2243/2890/2243 1711/2881/1711 4260/2868/4260
f 3135/2897/3135 4054/2898/4054 4053/2888/4053
f 3135/2897/3135 4053/2888/4053 6/2899/6
f 4053/2888/4053 2243/2890/2243 6/2899/6
f 1746/2900/1746 2210/2901/2210 3135/2897/3135
f 6/2899/6 1746/2900/1746 3135/2897/3135
f 6/2899/6 2243/2890/2243 4239/252/4239
f 4120/2896/4120 4431/2902/4431 4888/2903/4888
f 5/2862/5 2842/2864/2842 4120/2896/4120
f 4239/252/4239 2243/2890/2243 203/1162/203
f 275/251/275 3493/2904/3493 4239/252/4239
f 5/2862/5 4120/2896/4120 4888/2903/4888
f 4888/2903/4888 2856/2905/2856 4686/2861/4686
f 526/2906/526 3532/2907/3532 1907/2908/1907
f 5/2862/5 4888/2903/4888 4686/2861/4686
f 526/2906/526 1907/2908/1907 3921/253/3921
f 4686/2861/4686 526/2906/526 3921/253/3921
f 3921/253/3921 2674/2909/2674 275/251/275
f 4684/257/4684 1946/750/1946 3873/258/3873
f 3170/260/3170 2621/2910/2621 1434/175/1434
f 2621/2910/2621 4770/176/4770 1434/175/1434
f 1434/175/1434 4967/2252/4967 3976/261/3976
f 4967/2252/4967 3977/2911/3977 3976/261/3976
f 3976/261/3976 3978/2912/3978 3170/260/3170
f 100/2913/100 3370/2914/3370 563/2915/563
f 3370/2914/3370 3350/2916/3350 563/2915/563
f 4020/262/4020 4071/2917/4071 482/263/482
f 4071/2917/4071 4072/2918/4072 482/263/482
f 4935/264/4935 4337/2919/4337 563/2915/563
f 4511/2920/4511 1972/2921/1972 482/263/482
f 1972/2921/1972 4935/264/4935 482/263/482
f 4935/264/4935 563/2915/563 4020/262/4020
f 563/2915/563 3350/2916/3350 4020/262/4020
f 540/267/540 999/2922/999 2749/265/2749
f 999/2922/999 4624/2923/4624 2749/265/2749
f 151/2924/151 3112/2925/3112 4522/2926/4522
f 4624/2923/4624 151/2924/151 2749/265/2749
f 4788/2927/4788 4644/2928/4644 540/267/540
f 4658/266/4658 2663/2929/2663 3387/2930/3387
f 3387/2930/3387 4788/2927/4788 540/267/540
f 151/2924/151 4522/2926/4522 4928/2931/4928
f 3620/2932/3620 151/2924/151 4928/2931/4928
f 4522/2926/4522 692/2933/692 4928/2931/4928
f 4928/2931/4928 329/2934/329 3620/2932/3620
f 3620/2932/3620 330/2935/330 297/2936/297
f 297/2936/297 3997/2937/3997 4571/2938/4571
f 3997/2937/3997 3224/2939/3224 4571/2938/4571
f 4571/2938/4571 241/2940/241 3323/2941/3323
f 241/2940/241 4875/2942/4875 3323/2941/3323
f 3620/2932/3620 297/2936/297 4571/2938/4571
f 3323/2941/3323 2750/2943/2750 2749/265/2749
f 2749/265/2749 1614/2944/1614 4658/266/4658
f 4658/266/4658 3387/2930/3387 540/267/540
f 151/2924/151 3620/2932/3620 4571/2938/4571
f 3323/2941/3323 151/2924/151 4571/2938/4571
f 3323/2941/3323 2749/265/2749 151/2924/151
f 1083/268/1083 4046/34/4046 2336/269/2336
f 3506/716/3506 550/2945/550 3543/273/3543
f 550/2945/550 3160/2946/3160 3413/271/3413
f 3160/2946/3160 4489/2947/4489 3413/271/3413
f 89/272/89 2619/2948/2619 88/345/88
f 550/2945/550 3413/271/3413 3543/273/3543
f 89/272/89 88/345/88 1191/344/1191
f 1191/344/1191 2135/312/2135 89/272/89
f 2135/312/2135 3543/273/3543 89/272/89
f 3817/274/3817 5018/2949/5018 1292/275/1292
f 1575/279/1575 225/2950/225 1002/2951/1002
f 1002/2951/1002 2861/2501/2861 4508/277/4508
f 4508/277/4508 4576/2500/4576 3879/278/3879
f 1575/279/1575 1002/2951/1002 4508/277/4508
f 2382/286/2382 4487/760/4487 3101/287/3101
f 1133/289/1133 1132/2952/1132 289/290/289
f 1190/292/1190 3821/2953/3821 1258/293/1258
f 98/2954/98 2619/296/2619 4489/295/4489
f 2619/296/2619 89/2955/89 3413/297/3413
f 93/298/93 92/2956/92 2882/299/2882
f 334/303/334 2290/2957/2290 3857/2958/3857
f 3857/2958/3857 1237/301/1237 334/303/334
f 2239/304/2239 3542/2959/3542 3541/305/3541
f 2185/307/2185 3001/2960/3001 3388/308/3388
f 1076/1146/1076 1880/2961/1880 2965/971/2965
f 1880/2961/1880 3107/2962/3107 2965/971/2965
f 33/2963/33 1075/1147/1075 1076/1146/1076
f 1657/2964/1657 4132/2965/4132 33/2963/33
f 92/2956/92 94/2966/94 1657/2964/1657
f 1646/377/1646 2757/300/2757 2882/299/2882
f 2882/299/2882 92/2956/92 1657/2964/1657
f 1657/2964/1657 33/2963/33 1076/1146/1076
f 1076/1146/1076 2965/971/2965 3874/2967/3874
f 3875/2968/3875 3301/973/3301 2975/2969/2975
f 3301/973/3301 549/972/549 548/1330/548
f 1657/2964/1657 1076/1146/1076 3886/2970/3886
f 1076/1146/1076 3874/2967/3874 431/2971/431
f 3301/973/3301 548/1330/548 2975/2969/2975
f 2882/299/2882 1657/2964/1657 2736/2972/2736
f 1076/1146/1076 431/2971/431 3886/2970/3886
f 2882/299/2882 2736/2972/2736 1188/2973/1188
f 1646/377/1646 2882/299/2882 1188/2973/1188
f 1657/2964/1657 3886/2970/3886 2736/2972/2736
f 3874/2967/3874 3875/2968/3875 431/2971/431
f 3875/2968/3875 2975/2969/2975 2393/1312/2393
f 431/2971/431 3875/2968/3875 2393/1312/2393
f 4237/313/4237 4390/2974/4390 1966/2975/1966
f 4390/2974/4390 4/2976/4 1966/2975/1966
f 4237/313/4237 1966/2975/1966 2520/314/2520
f 1966/2975/1966 3947/2977/3947 2520/314/2520
f 2520/314/2520 3947/2977/3947 3551/2978/3551
f 431/2971/431 4237/313/4237 3886/2970/3886
f 398/2979/398 1184/2980/1184 1646/377/1646
f 2971/2981/2971 3973/2982/3973 398/2979/398
f 1188/2973/1188 388/2983/388 2971/2981/2971
f 2819/2984/2819 3766/2985/3766 1188/2973/1188
f 3886/2970/3886 4287/2986/4287 2736/2972/2736
f 2736/2972/2736 2819/2984/2819 1188/2973/1188
f 1188/2973/1188 2971/2981/2971 1646/377/1646
f 2971/2981/2971 398/2979/398 1646/377/1646
f 3947/2977/3947 1771/2454/1771 3316/869/3316
f 3551/2978/3551 3316/869/3316 3317/2987/3317
f 1771/2454/1771 693/870/693 3316/869/3316
f 3317/2987/3317 4276/2988/4276 3551/2978/3551
f 3947/2977/3947 3316/869/3316 3551/2978/3551
f 4208/2989/4208 1629/2990/1629 3886/2970/3886
f 3551/2978/3551 355/2991/355 2520/314/2520
f 4208/2989/4208 3886/2970/3886 4523/315/4523
f 4523/315/4523 3886/2970/3886 4237/313/4237
f 4523/315/4523 1216/2992/1216 4208/2989/4208
f 2520/314/2520 4474/2993/4474 4523/315/4523
f 3810/322/3810 1555/2994/1555 3304/323/3304
f 3304/323/3304 3183/2995/3183 4232/324/4232
f 4232/324/4232 4673/2996/4673 3810/322/3810
f 4673/2996/4673 3606/2997/3606 3810/322/3810
f 3133/329/3133 633/2998/633 4806/330/4806
f 2533/332/2533 2532/2999/2532 1192/333/1192
f 213/3000/213 3123/1355/3123 2655/336/2655
f 3123/1355/3123 1447/3001/1447 1354/337/1354
f 1354/337/1354 1355/3002/1355 1352/3003/1352
f 3123/1355/3123 1354/337/1354 2655/336/2655
f 1324/161/1324 1326/163/1326 1368/164/1368
f 1326/163/1326 213/3000/213 2655/336/2655
f 2655/336/2655 1368/164/1368 1326/163/1326
f 1352/3003/1352 1353/335/1353 1354/337/1354
f 246/3004/246 2151/3005/2151 2150/3006/2150
f 2150/3006/2150 4247/3007/4247 461/3008/461
f 461/3008/461 462/3009/462 463/3010/463
f 463/3010/463 4638/3011/4638 4375/3012/4375
f 4375/3012/4375 135/3013/135 2816/3014/2816
f 2816/3014/2816 1174/3015/1174 1891/340/1891
f 3174/3016/3174 3573/3017/3573 4292/3018/4292
f 4375/3012/4375 2816/3014/2816 1891/340/1891
f 463/3010/463 4375/3012/4375 2071/3019/2071
f 4375/3012/4375 1891/340/1891 2316/339/2316
f 2071/3019/2071 4375/3012/4375 2316/339/2316
f 2150/3006/2150 461/3008/461 246/3004/246
f 461/3008/461 463/3010/463 82/3020/82
f 246/3004/246 461/3008/461 82/3020/82
f 2868/3021/2868 4603/3022/4603 246/3004/246
f 4634/3023/4634 2867/3024/2867 4066/3025/4066
f 2867/3024/2867 2868/3021/2868 4066/3025/4066
f 82/3020/82 2549/3026/2549 4066/3025/4066
f 4066/3025/4066 2868/3021/2868 82/3020/82
f 2868/3021/2868 246/3004/246 82/3020/82
f 3531/3027/3531 4382/3028/4382 1382/3029/1382
f 4382/3028/4382 2906/3030/2906 1382/3029/1382
f 2906/3030/2906 82/3020/82 4737/3031/4737
f 82/3020/82 463/3010/463 2071/3019/2071
f 82/3020/82 2071/3019/2071 1514/3032/1514
f 841/3033/841 842/3034/842 1382/3029/1382
f 4690/3035/4690 4095/3036/4095 841/3033/841
f 896/3037/896 2980/3038/2980 4690/3035/4690
f 4272/3039/4272 4687/3040/4687 896/3037/896
f 3571/3041/3571 4776/3042/4776 4272/3039/4272
f 3224/94/3224 3997/3043/3997 3571/3041/3571
f 4875/3044/4875 241/95/241 242/2075/242
f 242/2075/242 3224/94/3224 896/3037/896
f 3224/94/3224 3571/3041/3571 4272/3039/4272
f 4272/3039/4272 896/3037/896 3224/94/3224
f 896/3037/896 4690/3035/4690 841/3033/841
f 841/3033/841 1382/3029/1382 896/3037/896
f 1382/3029/1382 2906/3030/2906 3555/3045/3555
f 242/2075/242 1382/3029/1382 3555/3045/3555
f 1382/3029/1382 242/2075/242 896/3037/896
f 3555/3045/3555 2906/3030/2906 497/3046/497
f 2750/3047/2750 3323/3048/3323 4875/3044/4875
f 4875/3044/4875 242/2075/242 2750/3047/2750
f 82/3020/82 1514/3032/1514 4737/3031/4737
f 497/3046/497 2906/3030/2906 4737/3031/4737
f 1891/340/1891 3174/3016/3174 702/338/702
f 1614/3049/1614 2749/3050/2749 2750/3047/2750
f 2750/3047/2750 242/2075/242 3555/3045/3555
f 1614/3049/1614 2750/3047/2750 1176/3051/1176
f 2663/3052/2663 4658/3053/4658 1614/3049/1614
f 4788/3054/4788 3387/3055/3387 2663/3052/2663
f 999/3056/999 540/3057/540 4644/3058/4644
f 3112/3059/3112 151/3060/151 4624/3061/4624
f 4403/3062/4403 4522/3063/4522 3112/3059/3112
f 3084/3064/3084 3482/3065/3482 4131/3066/4131
f 4131/3066/4131 4403/3062/4403 3112/3059/3112
f 4131/3066/4131 3112/3059/3112 4624/3061/4624
f 3085/3067/3085 3084/3064/3084 448/1488/448
f 3084/3064/3084 4131/3066/4131 448/1488/448
f 951/1490/951 3040/3068/3040 448/1488/448
f 3040/3068/3040 3085/3067/3085 448/1488/448
f 3539/912/3539 952/1489/952 448/1488/448
f 4131/3066/4131 4624/3061/4624 448/1488/448
f 4624/3061/4624 999/3056/999 448/1488/448
f 3539/912/3539 448/1488/448 999/3056/999
f 3539/912/3539 999/3056/999 4943/3069/4943
f 4806/3070/4806 2383/3071/2383 4604/3072/4604
f 2383/3071/2383 3092/3073/3092 4604/3072/4604
f 3092/3073/3092 3539/912/3539 4604/3072/4604
f 4943/3069/4943 999/3056/999 4644/3058/4644
f 91/3074/91 3133/3075/3133 1141/595/1141
f 3133/3075/3133 4604/3072/4604 700/3076/700
f 1141/595/1141 3133/3075/3133 1073/3077/1073
f 1140/3078/1140 1202/3079/1202 1141/595/1141
f 1202/3079/1202 91/3074/91 1141/595/1141
f 1073/3077/1073 1474/561/1474 1141/595/1141
f 3539/912/3539 4943/3069/4943 4604/3072/4604
f 1073/3077/1073 3133/3075/3133 700/3076/700
f 2364/1154/2364 1073/3077/1073 700/3076/700
f 3721/3080/3721 3446/1427/3446 700/3076/700
f 3446/1427/3446 2364/1154/2364 700/3076/700
f 4644/3058/4644 4788/3054/4788 2427/3081/2427
f 4943/3069/4943 4644/3058/4644 2427/3081/2427
f 2663/3052/2663 1614/3049/1614 622/3082/622
f 622/3082/622 1614/3049/1614 1389/3083/1389
f 4788/3054/4788 2663/3052/2663 621/3084/621
f 621/3084/621 2663/3052/2663 622/3082/622
f 4943/3069/4943 700/3076/700 4604/3072/4604
f 2427/3081/2427 4788/3054/4788 2482/3085/2482
f 3772/3086/3772 4121/3087/4121 2427/3081/2427
f 2482/3085/2482 4788/3054/4788 621/3084/621
f 3772/3086/3772 2427/3081/2427 2482/3085/2482
f 2604/3088/2604 4729/3089/4729 4968/1428/4968
f 621/3084/621 3993/3090/3993 2482/3085/2482
f 2604/3088/2604 4968/1428/4968 3772/3086/3772
f 2482/3085/2482 2604/3088/2604 3772/3086/3772
f 622/3082/622 620/3091/620 621/3084/621
f 1389/3083/1389 1614/3049/1614 162/3092/162
f 1389/3083/1389 607/3093/607 622/3082/622
f 668/3094/668 4025/3095/4025 1389/3083/1389
f 669/3096/669 667/996/667 668/3094/668
f 1250/3097/1250 4299/3098/4299 669/3096/669
f 1732/3099/1732 338/3100/338 1250/3097/1250
f 1031/3101/1031 1731/3102/1731 1732/3099/1732
f 3533/3103/3533 1032/3104/1032 1031/3101/1031
f 162/3092/162 161/3105/161 2448/3106/2448
f 2448/3106/2448 3533/3103/3533 1031/3101/1031
f 1031/3101/1031 1732/3099/1732 2448/3106/2448
f 1732/3099/1732 1250/3097/1250 162/3092/162
f 1732/3099/1732 162/3092/162 2448/3106/2448
f 1250/3097/1250 669/3096/669 162/3092/162
f 137/3107/137 3661/3108/3661 1176/3051/1176
f 1176/3051/1176 162/3092/162 1614/3049/1614
f 162/3092/162 669/3096/669 668/3094/668
f 162/3092/162 668/3094/668 1389/3083/1389
f 2712/3109/2712 3233/3110/3233 137/3107/137
f 2712/3109/2712 137/3107/137 1807/3111/1807
f 137/3107/137 1176/3051/1176 1807/3111/1807
f 2527/3112/2527 3116/3113/3116 2712/3109/2712
f 578/3114/578 577/3115/577 2527/3112/2527
f 910/3116/910 576/3117/576 578/3114/578
f 1912/3118/1912 1127/3119/1127 910/3116/910
f 1807/3111/1807 1808/3120/1808 1912/3118/1912
f 4325/3121/4325 2300/3122/2300 1807/3111/1807
f 118/3123/118 119/3124/119 4325/3121/4325
f 2881/3125/2881 3018/3126/3018 118/3123/118
f 3555/3045/3555 3741/3127/3741 2881/3125/2881
f 2006/3128/2006 337/3129/337 3555/3045/3555
f 497/3046/497 3163/3130/3163 2006/3128/2006
f 4737/3031/4737 2563/3131/2563 497/3046/497
f 1514/3032/1514 420/3132/420 4737/3031/4737
f 2071/3019/2071 4408/3133/4408 1514/3032/1514
f 1199/3134/1199 1200/3135/1200 2071/3019/2071
f 2316/339/2316 4192/3136/4192 1199/3134/1199
f 1816/3137/1816 205/3138/205 2316/339/2316
f 702/338/702 3692/3139/3692 1816/3137/1816
f 1463/3140/1463 3154/3141/3154 702/338/702
f 2860/3142/2860 2887/3143/2887 1463/3140/1463
f 1066/3144/1066 608/3145/608 2860/3142/2860
f 3082/3146/3082 1333/3147/1333 1066/3144/1066
f 3282/3148/3282 1881/3149/1881 68/3150/68
f 145/3151/145 3281/3152/3281 3282/3148/3282
f 1160/3153/1160 1161/3154/1161 144/3155/144
f 144/3155/144 145/3151/145 3282/3148/3282
f 144/3155/144 3282/3148/3282 915/3156/915
f 3282/3148/3282 68/3150/68 915/3156/915
f 2386/3157/2386 2449/3158/2449 2385/3159/2385
f 2449/3158/2449 1160/3153/1160 2385/3159/2385
f 1160/3153/1160 144/3155/144 915/3156/915
f 68/3150/68 3082/3146/3082 3178/3160/3178
f 915/3156/915 2283/3161/2283 2385/3159/2385
f 2338/3162/2338 4158/3163/4158 915/3156/915
f 3178/3160/3178 3587/3164/3587 2338/3162/2338
f 687/3165/687 3561/3166/3561 3733/3167/3733
f 2939/3168/2939 688/3169/688 687/3165/687
f 1602/3170/1602 2940/3171/2940 2939/3168/2939
f 1698/3172/1698 1603/3173/1603 1602/3170/1602
f 765/3174/765 1644/3175/1644 1698/3172/1698
f 1663/3176/1663 766/3177/766 765/3174/765
f 3644/3178/3644 3645/3179/3645 1663/3176/1663
f 3073/3180/3073 4160/3181/4160 2939/3168/2939
f 4160/3181/4160 3644/3178/3644 1663/3176/1663
f 4515/3182/4515 4681/3183/4681 3073/3180/3073
f 1136/3184/1136 1135/3185/1135 922/3186/922
f 922/3186/922 4515/3182/4515 4836/3187/4836
f 4515/3182/4515 3073/3180/3073 3637/3188/3637
f 4836/3187/4836 4515/3182/4515 3637/3188/3637
f 4160/3181/4160 1663/3176/1663 765/3174/765
f 765/3174/765 1698/3172/1698 4160/3181/4160
f 1698/3172/1698 1602/3170/1602 4160/3181/4160
f 4160/3181/4160 1602/3170/1602 2939/3168/2939
f 2570/3189/2570 2505/3190/2505 1136/3184/1136
f 3073/3180/3073 2939/3168/2939 687/3165/687
f 2570/3189/2570 1136/3184/1136 249/3191/249
f 1136/3184/1136 922/3186/922 3865/3192/3865
f 3865/3192/3865 249/3191/249 1136/3184/1136
f 4836/3187/4836 4398/3193/4398 3865/3192/3865
f 4290/3194/4290 4149/3195/4149 3637/3188/3637
f 4291/3196/4291 4290/3194/4290 3637/3188/3637
f 3073/3180/3073 687/3165/687 4292/3018/4292
f 3637/3188/3637 3073/3180/3073 4291/3196/4291
f 687/3165/687 3733/3167/3733 4292/3018/4292
f 4836/3187/4836 3865/3192/3865 922/3186/922
f 4291/3196/4291 3073/3180/3073 4292/3018/4292
f 3733/3167/3733 3178/3160/3178 1066/3144/1066
f 2338/3162/2338 915/3156/915 68/3150/68
f 915/3156/915 2385/3159/2385 1160/3153/1160
f 4292/3018/4292 3733/3167/3733 1066/3144/1066
f 3178/3160/3178 2338/3162/2338 68/3150/68
f 3174/3016/3174 4292/3018/4292 1066/3144/1066
f 3178/3160/3178 3082/3146/3082 1066/3144/1066
f 1066/3144/1066 2860/3142/2860 1463/3140/1463
f 702/338/702 1816/3137/1816 2316/339/2316
f 1066/3144/1066 1463/3140/1463 3174/3016/3174
f 1463/3140/1463 702/338/702 3174/3016/3174
f 2527/3112/2527 2712/3109/2712 1807/3111/1807
f 910/3116/910 578/3114/578 2527/3112/2527
f 1807/3111/1807 1912/3118/1912 2527/3112/2527
f 1912/3118/1912 910/3116/910 2527/3112/2527
f 118/3123/118 4325/3121/4325 3555/3045/3555
f 4325/3121/4325 1807/3111/1807 1176/3051/1176
f 3555/3045/3555 2881/3125/2881 118/3123/118
f 497/3046/497 2006/3128/2006 3555/3045/3555
f 2316/339/2316 1199/3134/1199 2071/3019/2071
f 4325/3121/4325 1176/3051/1176 3555/3045/3555
f 2750/3047/2750 3555/3045/3555 1176/3051/1176
f 1729/342/1729 4047/3197/4047 4372/3198/4372
f 4372/3198/4372 1036/3199/1036 13/3200/13
f 13/3200/13 14/3201/14 1573/343/1573
f 1573/343/1573 2420/3202/2420 750/3203/750
f 750/3203/750 725/554/725 724/3204/724
f 724/3204/724 726/3205/726 1422/3206/1422
f 1422/3206/1422 3639/3207/3639 3040/3208/3040
f 3639/3207/3639 4103/3209/4103 3085/3210/3085
f 3040/3208/3040 3639/3207/3639 3085/3210/3085
f 951/341/951 3403/3211/3403 1729/342/1729
f 3403/3211/3403 2851/3212/2851 1729/342/1729
f 1422/3206/1422 3040/3208/3040 951/341/951
f 750/3203/750 724/3204/724 951/341/951
f 724/3204/724 1422/3206/1422 951/341/951
f 13/3200/13 1573/343/1573 4372/3198/4372
f 1573/343/1573 750/3203/750 951/341/951
f 1729/342/1729 4372/3198/4372 1573/343/1573
f 1149/3213/1149 3777/3214/3777 3476/3215/3476
f 3476/3215/3476 4305/3216/4305 4539/3217/4539
f 4305/3216/4305 267/3218/267 4539/3217/4539
f 4539/3217/4539 1962/3219/1962 3625/283/3625
f 3476/3215/3476 4539/3217/4539 3625/283/3625
f 3476/3215/3476 3625/283/3625 3624/285/3624
f 1149/3213/1149 3476/3215/3476 1168/3220/1168
f 3476/3215/3476 3624/285/3624 2612/3221/2612
f 3476/3215/3476 2612/3221/2612 1168/3220/1168
f 12/3222/12 1911/3223/1911 681/351/681
f 1911/3223/1911 1150/3224/1150 681/351/681
f 1150/3224/1150 1149/3213/1149 4385/3225/4385
f 4261/3226/4261 3609/284/3609 3032/3227/3032
f 3032/3227/3032 1621/3228/1621 1623/3229/1623
f 1623/3229/1623 1622/3230/1622 1913/3231/1913
f 1913/3231/1913 4838/3232/4838 1623/3229/1623
f 4838/3232/4838 2440/3233/2440 1623/3229/1623
f 2440/3233/2440 4577/3234/4577 1489/3235/1489
f 1489/3235/1489 4326/3236/4326 4341/3237/4341
f 87/3238/87 86/3239/86 3505/3240/3505
f 2440/3233/2440 1489/3235/1489 4261/3226/4261
f 1489/3235/1489 4341/3237/4341 1168/3220/1168
f 4261/3226/4261 1489/3235/1489 2612/3221/2612
f 3032/3227/3032 1623/3229/1623 2440/3233/2440
f 3032/3227/3032 2440/3233/2440 4261/3226/4261
f 2612/3221/2612 1489/3235/1489 1168/3220/1168
f 1149/3213/1149 1168/3220/1168 3255/3241/3255
f 681/351/681 1150/3224/1150 4384/349/4384
f 4385/3225/4385 1149/3213/1149 3255/3241/3255
f 649/3242/649 885/3243/885 2367/3244/2367
f 3505/3240/3505 3000/3245/3000 1874/3246/1874
f 1874/3246/1874 2989/3247/2989 4394/3248/4394
f 4394/3248/4394 4211/3249/4211 3060/3250/3060
f 4627/3251/4627 994/3252/994 993/3253/993
f 4394/3248/4394 3060/3250/3060 3328/3254/3328
f 3060/3250/3060 4627/3251/4627 3948/3255/3948
f 3505/3240/3505 1874/3246/1874 4927/3256/4927
f 1874/3246/1874 4394/3248/4394 3328/3254/3328
f 87/3238/87 3505/3240/3505 4927/3256/4927
f 1874/3246/1874 3328/3254/3328 2782/3257/2782
f 4927/3256/4927 1874/3246/1874 2782/3257/2782
f 3060/3250/3060 3948/3255/3948 3328/3254/3328
f 3948/3255/3948 4627/3251/4627 4861/3258/4861
f 649/3242/649 2367/3244/2367 3797/350/3797
f 2367/3244/2367 681/351/681 3797/350/3797
f 4384/349/4384 4023/3259/4023 3797/350/3797
f 993/3253/993 4961/3260/4961 1271/3261/1271
f 3982/3262/3982 3010/3263/3010 3009/3264/3009
f 993/3253/993 1271/3261/1271 3982/3262/3982
f 4627/3251/4627 993/3253/993 4861/3258/4861
f 993/3253/993 3982/3262/3982 4861/3258/4861
f 3009/3264/3009 3793/3265/3793 3792/3266/3792
f 3982/3262/3982 3009/3264/3009 4861/3258/4861
f 3009/3264/3009 3792/3266/3792 4861/3258/4861
f 4861/3258/4861 4464/3267/4464 3948/3255/3948
f 3948/3255/3948 3290/3268/3290 3328/3254/3328
f 2782/3257/2782 2280/3269/2280 562/3270/562
f 562/3270/562 3461/3271/3461 1944/3272/1944
f 1944/3272/1944 313/3273/313 4266/3274/4266
f 4266/3274/4266 2446/3275/2446 2445/3276/2445
f 2445/3276/2445 2447/3277/2447 3055/3278/3055
f 3055/3278/3055 3920/3279/3920 3235/3280/3235
f 3235/3280/3235 731/3281/731 4360/3282/4360
f 731/3281/731 4798/3283/4798 4360/3282/4360
f 4266/3274/4266 2445/3276/2445 2901/3284/2901
f 2445/3276/2445 3055/3278/3055 2901/3284/2901
f 3055/3278/3055 3235/3280/3235 1552/3285/1552
f 3235/3280/3235 4360/3282/4360 2988/3286/2988
f 3235/3280/3235 2988/3286/2988 1552/3285/1552
f 4360/3282/4360 1388/3287/1388 2988/3286/2988
f 1944/3272/1944 4266/3274/4266 2901/3284/2901
f 2782/3257/2782 562/3270/562 2967/3288/2967
f 562/3270/562 1944/3272/1944 2967/3288/2967
f 1944/3272/1944 2901/3284/2901 2331/3289/2331
f 4050/3290/4050 1498/3291/1498 1500/3292/1500
f 1500/3292/1500 1499/3293/1499 4456/3294/4456
f 4456/3294/4456 2503/3295/2503 1078/3296/1078
f 1078/3296/1078 3717/3297/3717 321/3298/321
f 321/3298/321 2631/3299/2631 2998/3300/2998
f 2631/3299/2631 732/3301/732 2998/3300/2998
f 732/3301/732 854/3302/854 2998/3300/2998
f 4456/3294/4456 1078/3296/1078 1500/3292/1500
f 1078/3296/1078 321/3298/321 4050/3290/4050
f 4050/3290/4050 1500/3292/1500 1078/3296/1078
f 321/3298/321 2998/3300/2998 2389/3303/2389
f 2988/3286/2988 3161/3304/3161 3238/3305/3238
f 321/3298/321 2389/3303/2389 1388/3287/1388
f 2389/3303/2389 2988/3286/2988 1388/3287/1388
f 1388/3287/1388 4050/3290/4050 321/3298/321
f 2988/3286/2988 3238/3305/3238 1552/3285/1552
f 1552/3285/1552 3435/3306/3435 4813/3307/4813
f 4813/3307/4813 4870/3308/4870 2901/3284/2901
f 2331/3289/2331 3307/3309/3307 3306/3310/3306
f 3306/3310/3306 4775/3311/4775 2967/3288/2967
f 2331/3289/2331 3306/3310/3306 1944/3272/1944
f 1552/3285/1552 4813/3307/4813 3055/3278/3055
f 4813/3307/4813 2901/3284/2901 3055/3278/3055
f 3306/3310/3306 2967/3288/2967 1944/3272/1944
f 2967/3288/2967 3239/3312/3239 3970/3313/3970
f 3970/3313/3970 3767/3314/3767 2122/3315/2122
f 3767/3314/3767 2095/3316/2095 2122/3315/2122
f 2122/3315/2122 1715/3317/1715 1716/3318/1716
f 2782/3257/2782 2967/3288/2967 4927/3256/4927
f 2967/3288/2967 3970/3313/3970 4927/3256/4927
f 3970/3313/3970 2122/3315/2122 1716/3318/1716
f 3970/3313/3970 1716/3318/1716 4927/3256/4927
f 4927/3256/4927 1168/3220/1168 4341/3237/4341
f 87/3238/87 4927/3256/4927 4341/3237/4341
f 3255/3241/3255 4075/3319/4075 1774/3320/1774
f 3255/3241/3255 1774/3320/1774 4385/3225/4385
f 4385/3225/4385 4384/349/4384 1150/3224/1150
f 2293/29/2293 4767/3321/4767 643/3322/643
f 643/3322/643 3769/3323/3769 1984/3324/1984
f 1984/3324/1984 3688/3325/3688 4566/352/4566
f 3688/3325/3688 4306/3326/4306 4566/352/4566
f 4566/352/4566 4174/3327/4174 4173/353/4173
f 2293/29/2293 643/3322/643 644/30/644
f 643/3322/643 1984/3324/1984 644/30/644
f 4556/3328/4556 4069/1889/4069 4173/353/4173
f 4069/1889/4069 644/30/644 4173/353/4173
f 1984/3324/1984 4566/352/4566 644/30/644
f 3188/354/3188 525/3329/525 524/355/524
f 2953/3330/2953 739/3331/739 4718/357/4718
f 739/3331/739 738/3332/738 4718/357/4718
f 760/3333/760 1740/3334/1740 2952/359/2952
f 1740/3334/1740 2953/3330/2953 2952/359/2952
f 4516/3335/4516 2952/359/2952 4717/358/4717
f 4718/357/4718 2952/359/2952 2953/3330/2953
f 4717/358/4717 2524/3336/2524 4516/3335/4516
f 866/3337/866 1820/3338/1820 2683/3339/2683
f 1820/3338/1820 1819/3340/1819 2683/3339/2683
f 2683/3339/2683 1018/3341/1018 4589/3342/4589
f 1018/3341/1018 493/361/493 4589/3342/4589
f 4589/3342/4589 866/3337/866 2683/3339/2683
f 493/361/493 1664/3343/1664 924/3344/924
f 1664/3343/1664 2731/3345/2731 924/3344/924
f 4959/3346/4959 4591/3347/4591 4590/360/4590
f 4590/360/4590 4589/3342/4589 493/361/493
f 924/3344/924 3581/362/3581 493/361/493
f 3581/362/3581 4959/3346/4959 4590/360/4590
f 3427/363/3427 1634/2138/1634 1633/364/1633
f 4547/3348/4547 1481/1451/1481 1480/366/1480
f 1480/366/1480 3159/3349/3159 4436/3350/4436
f 3159/3349/3159 1124/3351/1124 4436/3350/4436
f 1124/3351/1124 3168/3352/3168 4436/3350/4436
f 4436/3350/4436 3128/3353/3128 3129/3354/3129
f 3129/3354/3129 4733/3355/4733 4275/3356/4275
f 4275/3356/4275 3409/3357/3409 4187/3358/4187
f 4187/3358/4187 4293/3359/4293 4615/3360/4615
f 4615/3360/4615 3285/3361/3285 4980/3362/4980
f 4454/367/4454 4922/3363/4922 3844/3364/3844
f 4615/3360/4615 4980/3362/4980 4454/367/4454
f 4275/3356/4275 4187/3358/4187 4454/367/4454
f 4187/3358/4187 4615/3360/4615 4454/367/4454
f 4436/3350/4436 3129/3354/3129 1480/366/1480
f 3129/3354/3129 4275/3356/4275 1480/366/1480
f 2366/365/2366 4547/3348/4547 1480/366/1480
f 1413/3365/1413 2365/3366/2365 2366/365/2366
f 3503/3367/3503 3998/3368/3998 1413/3365/1413
f 4454/367/4454 3844/3364/3844 2366/365/2366
f 4275/3356/4275 4454/367/4454 1480/366/1480
f 3844/3364/3844 3503/3367/3503 1413/3365/1413
f 1413/3365/1413 2366/365/2366 3844/3364/3844
f 3262/370/3262 3912/1323/3912 1744/3369/1744
f 3912/1323/3912 845/3370/845 1744/3369/1744
f 2614/3371/2614 2010/3372/2010 3918/890/3918
f 571/369/571 572/3373/572 2614/3371/2614
f 385/3374/385 2261/3375/2261 2260/368/2260
f 2090/3376/2090 4317/3377/4317 385/3374/385
f 4681/1232/4681 4515/3378/4515 2090/3376/2090
f 895/3379/895 1953/1088/1953 2090/3376/2090
f 1953/1088/1953 4681/1232/4681 2090/3376/2090
f 3262/370/3262 1744/3369/1744 1053/3380/1053
f 3262/370/3262 1053/3380/1053 895/3379/895
f 2614/3371/2614 3918/890/3918 3262/370/3262
f 571/369/571 2614/3371/2614 3262/370/3262
f 3262/370/3262 895/3379/895 2260/368/2260
f 895/3379/895 2090/3376/2090 385/3374/385
f 2260/368/2260 895/3379/895 385/3374/385
f 2285/371/2285 1189/3381/1189 1387/3382/1387
f 1189/3381/1189 3287/3383/3287 1387/3382/1387
f 1387/3382/1387 2114/3384/2114 4469/372/4469
f 4469/372/4469 735/3385/735 1059/373/1059
f 2285/371/2285 1387/3382/1387 4469/372/4469
f 2108/376/2108 2872/3386/2872 2873/374/2873
f 2873/374/2873 2625/157/2625 2624/375/2624
f 1185/378/1185 4425/3387/4425 4089/3388/4089
f 4089/3388/4089 3289/3389/3289 1964/3390/1964
f 3840/3391/3840 258/3392/258 2757/300/2757
f 4089/3388/4089 1964/3390/1964 3840/3391/3840
f 1646/377/1646 1184/2980/1184 1185/378/1185
f 1185/378/1185 4089/3388/4089 2757/300/2757
f 4089/3388/4089 3840/3391/3840 2757/300/2757
f 675/381/675 4766/3393/4766 4010/3394/4010
f 4766/3393/4766 4730/3395/4730 4010/3394/4010
f 4010/3394/4010 4422/3396/4422 4423/379/4423
f 4044/380/4044 5001/3397/5001 675/381/675
f 4010/3394/4010 4423/379/4423 675/381/675
f 4526/383/4526 2024/3398/2024 3623/3399/3623
f 2024/3398/2024 1591/3400/1591 3623/3399/3623
f 3200/3401/3200 4834/3402/4834 4374/3403/4374
f 4834/3402/4834 4002/3404/4002 4778/3405/4778
f 1591/3400/1591 3200/3401/3200 3623/3399/3623
f 3422/3406/3422 3421/3407/3421 1513/3408/1513
f 3421/3407/3421 4526/383/4526 1513/3408/1513
f 4189/382/4189 4294/3409/4294 1513/3408/1513
f 4834/3402/4834 4778/3405/4778 4374/3403/4374
f 1513/3408/1513 4526/383/4526 4189/382/4189
f 2608/3410/2608 2636/3411/2636 4189/382/4189
f 3200/3401/3200 4374/3403/4374 3623/3399/3623
f 3623/3399/3623 4807/3412/4807 4138/384/4138
f 4138/384/4138 2608/3410/2608 4189/382/4189
f 4526/383/4526 3623/3399/3623 4138/384/4138
f 685/385/685 3584/3413/3584 3585/386/3585
f 2848/3414/2848 146/3415/146 4304/390/4304
f 146/3415/146 4735/388/4735 4304/390/4304
f 883/391/883 3458/3416/3458 830/392/830
f 1735/397/1735 2026/3417/2026 356/398/356
f 2327/401/2327 2347/3418/2347 2348/3419/2348
f 2348/3419/2348 3657/3420/3657 2327/401/2327
f 3657/3420/3657 3656/402/3656 2327/401/2327
f 3656/402/3656 2019/3421/2019 4267/3422/4267
f 4267/3422/4267 2326/400/2326 3656/402/3656
f 112/3423/112 1775/3424/1775 54/3425/54
f 54/3425/54 4749/3426/4749 4898/3427/4898
f 4898/3427/4898 3412/3428/3412 4843/3429/4843
f 4843/3429/4843 4558/3430/4558 2116/3431/2116
f 4558/3430/4558 4559/3432/4559 2116/3431/2116
f 2116/3431/2116 1223/3433/1223 1224/3434/1224
f 4898/3427/4898 4843/3429/4843 2116/3431/2116
f 1224/3434/1224 817/3435/817 3727/3436/3727
f 4898/3427/4898 2116/3431/2116 1224/3434/1224
f 54/3425/54 4898/3427/4898 3727/3436/3727
f 4898/3427/4898 1224/3434/1224 3727/3436/3727
f 3727/3436/3727 3589/3437/3589 3588/3438/3588
f 4386/3439/4386 1596/3440/1596 112/3423/112
f 112/3423/112 54/3425/54 3588/3438/3588
f 54/3425/54 3727/3436/3727 3588/3438/3588
f 3588/3438/3588 1347/3441/1347 722/3442/722
f 582/3443/582 532/3444/532 4386/3439/4386
f 4386/3439/4386 112/3423/112 3588/3438/3588
f 722/3442/722 3957/3445/3957 3956/404/3956
f 4386/3439/4386 3588/3438/3588 2258/3446/2258
f 3588/3438/3588 722/3442/722 2258/3446/2258
f 584/3447/584 582/3443/582 4386/3439/4386
f 4477/3448/4477 3658/3449/3658 584/3447/584
f 1122/3450/1122 1186/3451/1186 4477/3448/4477
f 1033/3452/1033 1121/3453/1121 1122/3450/1122
f 2307/3454/2307 3103/3455/3103 1033/3452/1033
f 1445/3456/1445 2308/602/2308 2307/3454/2307
f 1834/3457/1834 4463/3458/4463 2042/3459/2042
f 2042/3459/2042 1445/3456/1445 2307/3454/2307
f 1033/3452/1033 1122/3450/1122 2042/3459/2042
f 1122/3450/1122 4477/3448/4477 2258/3446/2258
f 2042/3459/2042 1122/3450/1122 2258/3446/2258
f 2042/3459/2042 2307/3454/2307 1033/3452/1033
f 2258/3446/2258 1834/3457/1834 2042/3459/2042
f 3271/403/3271 4960/3460/4960 2258/3446/2258
f 4651/3461/4651 2381/3462/2381 3271/403/3271
f 752/3463/752 3453/3464/3453 4651/3461/4651
f 4549/3465/4549 2583/3466/2583 752/3463/752
f 4202/3467/4202 4201/3468/4201 4549/3465/4549
f 2363/3469/2363 3664/3470/3664 4203/3471/4203
f 4734/3472/4734 3642/3473/3642 2363/3469/2363
f 278/3474/278 2672/3475/2672 656/3476/656
f 656/3476/656 4734/3472/4734 2306/1184/2306
f 4734/3472/4734 2363/3469/2363 902/3477/902
f 4601/3478/4601 3240/3479/3240 278/3474/278
f 747/3480/747 748/3481/748 4601/3478/4601
f 2179/3482/2179 2694/3483/2694 747/3480/747
f 2959/3484/2959 2960/3485/2960 2179/3482/2179
f 1516/3486/1516 1517/3487/1517 2959/3484/2959
f 502/3488/502 501/3489/501 1516/3486/1516
f 813/3490/813 1756/637/1756 502/3488/502
f 814/3491/814 721/638/721 813/3490/813
f 2774/3492/2774 2776/3493/2776 814/3491/814
f 2770/3494/2770 2775/3495/2775 2774/3492/2774
f 2771/3496/2771 2772/1183/2772 2770/3494/2770
f 2306/1184/2306 2305/3497/2305 502/3488/502
f 2305/3497/2305 2771/3496/2771 502/3488/502
f 1344/3498/1344 683/3499/683 660/3500/660
f 683/3499/683 2306/1184/2306 4230/3501/4230
f 1417/3502/1417 683/3499/683 2703/3503/2703
f 2272/3504/2272 696/1548/696 1344/3498/1344
f 4475/1493/4475 2190/1495/2190 2272/3504/2272
f 660/3500/660 4739/1494/4739 4475/1493/4475
f 2226/3505/2226 4470/3506/4470 4643/3507/4643
f 4643/3507/4643 660/3500/660 683/3499/683
f 660/3500/660 4475/1493/4475 2272/3504/2272
f 1344/3498/1344 660/3500/660 2272/3504/2272
f 683/3499/683 1417/3502/1417 2226/3505/2226
f 656/3476/656 2959/3484/2959 2179/3482/2179
f 2771/3496/2771 2770/3494/2770 502/3488/502
f 2770/3494/2770 2774/3492/2774 813/3490/813
f 2774/3492/2774 814/3491/814 813/3490/813
f 813/3490/813 502/3488/502 2770/3494/2770
f 502/3488/502 1516/3486/1516 2306/1184/2306
f 1516/3486/1516 2959/3484/2959 2306/1184/2306
f 2959/3484/2959 656/3476/656 2306/1184/2306
f 2226/3505/2226 4643/3507/4643 683/3499/683
f 4860/3508/4860 4137/3509/4137 1417/3502/1417
f 1417/3502/1417 2703/3503/2703 4308/3510/4308
f 2179/3482/2179 747/3480/747 4601/3478/4601
f 4601/3478/4601 278/3474/278 656/3476/656
f 2179/3482/2179 4601/3478/4601 656/3476/656
f 4308/3510/4308 4860/3508/4860 1417/3502/1417
f 683/3499/683 4230/3501/4230 2703/3503/2703
f 4734/3472/4734 902/3477/902 2306/1184/2306
f 2306/1184/2306 902/3477/902 4230/3501/4230
f 2703/3503/2703 3899/3511/3899 4308/3510/4308
f 4230/3501/4230 3231/3512/3231 2703/3503/2703
f 3812/3513/3812 4538/3514/4538 902/3477/902
f 902/3477/902 2363/3469/2363 3812/3513/3812
f 2363/3469/2363 4203/3471/4203 3812/3513/3812
f 3812/3513/3812 4203/3471/4203 4202/3467/4202
f 4598/3515/4598 4599/3516/4599 3811/3517/3811
f 3811/3517/3811 3812/3513/3812 3308/3518/3308
f 3812/3513/3812 4202/3467/4202 3308/3518/3308
f 4202/3467/4202 4549/3465/4549 3854/3519/3854
f 3308/3518/3308 4202/3467/4202 422/3520/422
f 3971/3521/3971 4598/3515/4598 3811/3517/3811
f 3308/3518/3308 1692/3522/1692 3971/3521/3971
f 422/3520/422 680/3523/680 3308/3518/3308
f 421/3524/421 4094/3525/4094 422/3520/422
f 1982/3526/1982 1210/3527/1210 421/3524/421
f 3854/3519/3854 2687/3528/2687 1982/3526/1982
f 2758/3529/2758 2909/3530/2909 3854/3519/3854
f 4416/405/4416 4415/3531/4415 2758/3529/2758
f 3205/3532/3205 3204/3533/3204 4416/405/4416
f 3712/3534/3712 468/3535/468 3205/3532/3205
f 3956/404/3956 467/3536/467 3712/3534/3712
f 722/3442/722 3956/404/3956 3271/403/3271
f 4477/3448/4477 584/3447/584 4386/3439/4386
f 3271/403/3271 2258/3446/2258 722/3442/722
f 4386/3439/4386 2258/3446/2258 4477/3448/4477
f 752/3463/752 4651/3461/4651 4416/405/4416
f 4651/3461/4651 3271/403/3271 4416/405/4416
f 4549/3465/4549 752/3463/752 3854/3519/3854
f 4202/3467/4202 421/3524/421 422/3520/422
f 3308/3518/3308 3971/3521/3971 3811/3517/3811
f 3854/3519/3854 1982/3526/1982 4202/3467/4202
f 1982/3526/1982 421/3524/421 4202/3467/4202
f 4416/405/4416 2758/3529/2758 752/3463/752
f 2758/3529/2758 3854/3519/3854 752/3463/752
f 3712/3534/3712 3205/3532/3205 3956/404/3956
f 3205/3532/3205 4416/405/4416 3956/404/3956
f 3483/406/3483 3917/3537/3917 4249/407/4249
f 107/411/107 4354/3538/4354 1008/409/1008
f 4354/3538/4354 3155/888/3155 1008/409/1008
f 3155/888/3155 1009/3539/1009 1008/409/1008
f 2194/413/2194 3252/964/3252 3001/2960/3001
f 3252/964/3252 1828/3540/1828 3001/2960/3001
f 1828/3540/1828 3388/308/3388 3001/2960/3001
f 3001/2960/3001 2185/307/2185 2194/413/2194
f 2185/307/2185 3758/412/3758 2194/413/2194
f 4867/414/4867 4190/3541/4190 47/415/47
f 673/418/673 2768/1021/2768 1918/1020/1918
f 1918/1020/1918 3337/3542/3337 673/418/673
f 3337/3542/3337 3336/419/3336 673/418/673
f 3336/419/3336 3338/3543/3338 3318/3544/3318
f 3318/3544/3318 4478/417/4478 3336/419/3336
f 2650/420/2650 181/3545/181 225/421/225
f 1784/424/1784 4847/3546/4847 1719/3547/1719
f 1719/3547/1719 1707/3548/1707 4248/3549/4248
f 4248/3549/4248 3305/3550/3305 1719/3547/1719
f 3305/3550/3305 4099/425/4099 1784/424/1784
f 1719/3547/1719 3305/3550/3305 1784/424/1784
f 4099/425/4099 2077/3551/2077 4869/3552/4869
f 2077/3551/2077 851/3553/851 4869/3552/4869
f 851/3553/851 850/3554/850 4869/3552/4869
f 4869/3552/4869 4098/423/4098 4099/425/4099
f 4074/3555/4074 484/3556/484 4024/3557/4024
f 484/3556/484 486/3558/486 4024/3557/4024
f 2274/3559/2274 485/3560/485 3254/3561/3254
f 2274/3559/2274 3254/3561/3254 360/3562/360
f 3254/3561/3254 184/3563/184 360/3562/360
f 486/3558/486 2274/3559/2274 457/3564/457
f 2274/3559/2274 360/3562/360 457/3564/457
f 359/428/359 545/3565/545 1928/426/1928
f 360/3562/360 359/428/359 457/3564/457
f 2476/3566/2476 3462/3567/3462 2526/3568/2526
f 3462/3567/3462 4074/3555/4074 2808/3569/2808
f 2526/3568/2526 3462/3567/3462 2808/3569/2808
f 4024/3557/4024 486/3558/486 3456/3570/3456
f 1928/426/1928 2853/3571/2853 2852/3572/2852
f 1801/3573/1801 3414/3574/3414 4324/3575/4324
f 3414/3574/3414 1021/1058/1021 1022/644/1022
f 1021/1058/1021 2575/645/2575 1022/644/1022
f 1022/644/1022 3939/3576/3939 4324/3575/4324
f 4324/3575/4324 4400/3577/4400 4628/3578/4628
f 4628/3578/4628 2904/3579/2904 1801/3573/1801
f 2904/3579/2904 4221/3580/4221 2852/3572/2852
f 4221/3580/4221 2642/3581/2642 2641/427/2641
f 2641/427/2641 2390/3582/2390 2199/3583/2199
f 2199/3583/2199 3395/3584/3395 457/3564/457
f 457/3564/457 3795/3585/3795 3534/3586/3534
f 3534/3586/3534 4830/3587/4830 3456/3570/3456
f 3456/3570/3456 3455/3588/3455 4024/3557/4024
f 4024/3557/4024 606/3589/606 2339/3590/2339
f 2339/3590/2339 4957/3591/4957 2808/3569/2808
f 2808/3569/2808 3508/3592/3508 2526/3568/2526
f 2526/3568/2526 4973/3593/4973 2476/3566/2476
f 3414/3574/3414 1022/644/1022 4324/3575/4324
f 4324/3575/4324 4628/3578/4628 1801/3573/1801
f 2904/3579/2904 2852/3572/2852 1801/3573/1801
f 4221/3580/4221 2641/427/2641 1928/426/1928
f 2852/3572/2852 4221/3580/4221 1928/426/1928
f 2641/427/2641 2199/3583/2199 359/428/359
f 2199/3583/2199 457/3564/457 359/428/359
f 457/3564/457 3534/3586/3534 486/3558/486
f 3534/3586/3534 3456/3570/3456 486/3558/486
f 4024/3557/4024 2339/3590/2339 4074/3555/4074
f 2339/3590/2339 2808/3569/2808 4074/3555/4074
f 2922/429/2922 235/3594/235 2055/430/2055
f 4623/3595/4623 3705/3596/3705 2051/3597/2051
f 3705/3596/3705 755/3598/755 2444/3599/2444
f 2051/3597/2051 3705/3596/3705 2444/3599/2444
f 755/3598/755 124/3600/124 3438/3601/3438
f 124/3600/124 1133/3602/1133 1968/3603/1968
f 290/3604/290 289/3605/289 2661/3606/2661
f 124/3600/124 1968/3603/1968 860/3607/860
f 1133/3602/1133 290/3604/290 4850/3608/4850
f 1968/3603/1968 1133/3602/1133 4850/3608/4850
f 3745/3609/3745 4366/3610/4366 2444/3599/2444
f 290/3604/290 2661/3606/2661 4001/434/4001
f 2661/3606/2661 2483/432/2483 4001/434/4001
f 3745/3609/3745 2444/3599/2444 755/3598/755
f 3438/3601/3438 3194/3611/3194 3745/3609/3745
f 4741/3612/4741 3437/3613/3437 3438/3601/3438
f 861/3614/861 862/3615/862 860/3607/860
f 4741/3612/4741 3438/3601/3438 124/3600/124
f 3438/3601/3438 3745/3609/3745 755/3598/755
f 4224/3616/4224 861/3614/861 860/3607/860
f 4224/3616/4224 860/3607/860 1968/3603/1968
f 860/3607/860 4741/3612/4741 124/3600/124
f 1968/3603/1968 1967/3617/1967 4224/3616/4224
f 4001/434/4001 4850/3608/4850 290/3604/290
f 3580/3618/3580 784/3619/784 1047/3620/1047
f 3651/3621/3651 4028/3622/4028 3497/3623/3497
f 4028/3622/4028 3496/3624/3496 3497/3623/3497
f 3580/3618/3580 1047/3620/1047 3548/3625/3548
f 1047/3620/1047 3651/3621/3651 4049/3626/4049
f 3548/3625/3548 1047/3620/1047 3546/3627/3546
f 1559/3628/1559 783/3629/783 3580/3618/3580
f 3897/679/3897 2569/3630/2569 1559/3628/1559
f 780/3631/780 2857/680/2857 2594/3632/2594
f 2857/680/2857 3897/679/3897 1559/3628/1559
f 2594/3632/2594 2857/680/2857 1559/3628/1559
f 3548/3625/3548 2595/3633/2595 2594/3632/2594
f 1559/3628/1559 3580/3618/3580 3548/3625/3548
f 3546/3627/3546 3547/3634/3547 3548/3625/3548
f 3548/3625/3548 2594/3632/2594 1559/3628/1559
f 3546/3627/3546 1047/3620/1047 1832/3635/1832
f 1832/3635/1832 4342/1557/4342 3546/3627/3546
f 1832/3635/1832 1047/3620/1047 3382/3636/3382
f 3497/3623/3497 1497/3637/1497 4640/3638/4640
f 1497/3637/1497 46/3639/46 4640/3638/4640
f 3651/3621/3651 3497/3623/3497 4049/3626/4049
f 1047/3620/1047 4049/3626/4049 3382/3636/3382
f 353/3640/353 4113/1558/4113 1832/3635/1832
f 4640/3638/4640 4205/3641/4205 4204/3642/4204
f 4204/3642/4204 4298/3643/4298 4049/3626/4049
f 4049/3626/4049 2862/3644/2862 3382/3636/3382
f 4561/437/4561 4799/3645/4799 1236/435/1236
f 4799/3645/4799 1034/3646/1034 1265/3647/1265
f 4799/3645/4799 1265/3647/1265 1236/435/1236
f 1034/3646/1034 1052/3648/1052 1265/3647/1265
f 1052/3648/1052 1151/3649/1151 1265/3647/1265
f 1265/3647/1265 1264/3650/1264 1236/435/1236
f 1236/435/1236 2343/3651/2343 149/436/149
f 149/436/149 147/3652/147 148/3653/148
f 148/3653/148 2588/3654/2588 353/3640/353
f 353/3640/353 1832/3635/1832 3382/3636/3382
f 3497/3623/3497 4640/3638/4640 4204/3642/4204
f 3497/3623/3497 4204/3642/4204 4049/3626/4049
f 148/3653/148 353/3640/353 3382/3636/3382
f 149/436/149 148/3653/148 4561/437/4561
f 3382/3636/3382 4561/437/4561 148/3653/148
f 4697/3655/4697 4473/439/4473 302/438/302
f 4473/439/4473 3930/3656/3930 3049/440/3049
f 4269/442/4269 4271/3657/4271 4569/3658/4569
f 4569/3658/4569 4302/3659/4302 4269/442/4269
f 4302/3659/4302 1501/443/1501 4269/442/4269
f 3702/3660/3702 1243/3661/1243 4270/441/4270
f 1501/443/1501 3702/3660/3702 4270/441/4270
f 1512/444/1512 4328/3662/4328 2839/445/2839
f 3366/447/3366 1601/3663/1601 2915/448/2915
f 1475/450/1475 3344/3664/3344 4701/451/4701
f 4709/453/4709 264/3665/264 4708/454/4708
f 4351/3666/4351 1205/3667/1205 294/3668/294
f 294/3668/294 4758/3669/4758 4965/3670/4965
f 3627/3671/3627 4389/3672/4389 352/3673/352
f 4389/3672/4389 4637/3674/4637 352/3673/352
f 294/3668/294 4965/3670/4965 3627/3671/3627
f 4351/3666/4351 294/3668/294 3147/3675/3147
f 294/3668/294 3627/3671/3627 3147/3675/3147
f 352/3673/352 2791/3676/2791 2790/3677/2790
f 3627/3671/3627 352/3673/352 2790/3677/2790
f 1969/3678/1969 4351/3666/4351 3147/3675/3147
f 1289/3679/1289 1970/3680/1970 1969/3678/1969
f 2773/3681/2773 819/3682/819 3147/3675/3147
f 819/3682/819 4878/3683/4878 3147/3675/3147
f 4878/3683/4878 1289/3679/1289 1969/3678/1969
f 3627/3671/3627 2790/3677/2790 3147/3675/3147
f 2790/3677/2790 3294/3684/3294 2288/2524/2288
f 3147/3675/3147 2790/3677/2790 2288/2524/2288
f 4878/3683/4878 1969/3678/1969 3147/3675/3147
f 844/2525/844 2288/2524/2288 3294/3684/3294
f 3835/3685/3835 844/2525/844 3294/3684/3294
f 1421/458/1421 1420/2517/1420 3835/3685/3835
f 1750/3686/1750 2506/3687/2506 3466/3688/3466
f 2506/3687/2506 1421/458/1421 4909/457/4909
f 3466/3688/3466 2506/3687/2506 4803/3689/4803
f 3466/3688/3466 3467/3690/3467 1750/3686/1750
f 4803/3689/4803 3720/3691/3720 3466/3688/3466
f 4909/457/4909 3315/3692/3315 4803/3689/4803
f 3513/456/3513 1776/3693/1776 4909/457/4909
f 3835/3685/3835 3294/3684/3294 3513/456/3513
f 4909/457/4909 4803/3689/4803 2506/3687/2506
f 1421/458/1421 3835/3685/3835 3513/456/3513
f 3922/459/3922 4467/3694/4467 1263/460/1263
f 3815/3695/3815 3861/276/3861 211/3696/211
f 3861/276/3861 1805/3697/1805 211/3696/211
f 1805/3697/1805 4100/3698/4100 211/3696/211
f 211/3696/211 4035/3699/4035 3815/3695/3815
f 4035/3699/4035 2605/464/2605 3816/463/3816
f 3815/3695/3815 4035/3699/4035 3816/463/3816
f 2605/464/2605 834/3700/834 1908/3701/1908
f 1908/3701/1908 3364/462/3364 2605/464/2605
f 3563/465/3563 2476/3702/2476 4973/466/4973
f 418/18/418 1809/1668/1809 4307/3703/4307
f 1809/1668/1809 2218/3704/2218 4307/3703/4307
f 4767/468/4767 4822/3705/4822 1258/469/1258
f 1258/469/1258 418/18/418 3769/470/3769
f 418/18/418 4307/3703/4307 3688/3706/3688
f 3688/3706/3688 1984/3707/1984 3769/470/3769
f 418/18/418 3688/3706/3688 3769/470/3769
f 643/3708/643 4767/468/4767 3769/470/3769
f 2779/3709/2779 4057/3710/4057 85/3711/85
f 4057/3710/4057 83/3712/83 85/3711/85
f 85/3711/85 84/3713/84 4288/3714/4288
f 969/3715/969 245/3716/245 244/3717/244
f 4289/3718/4289 41/3719/41 244/3717/244
f 41/3719/41 969/3715/969 244/3717/244
f 85/3711/85 4288/3714/4288 2725/473/2725
f 2779/3709/2779 85/3711/85 2725/473/2725
f 4289/3718/4289 244/3717/244 876/471/876
f 3800/472/3800 2779/3709/2779 2725/473/2725
f 2725/473/2725 4289/3718/4289 876/471/876
f 1082/474/1082 4674/3720/4674 4675/475/4675
f 4174/3721/4174 4566/3722/4566 4306/1471/4306
f 4306/1471/4306 4307/1473/4307 2218/3723/2218
f 1809/3724/1809 3325/3725/3325 177/3726/177
f 4174/3721/4174 4306/1471/4306 2923/3727/2923
f 4306/1471/4306 2218/3723/2218 4906/3728/4906
f 2923/3727/2923 4306/1471/4306 4906/3728/4906
f 2218/3723/2218 1809/3724/1809 4510/552/4510
f 1809/3724/1809 177/3726/177 4510/552/4510
f 178/479/178 4887/3729/4887 3958/477/3958
f 4887/3729/4887 4620/3730/4620 3958/477/3958
f 4620/3730/4620 4489/2947/4489 3160/2946/3160
f 550/2945/550 3375/3731/3375 444/3732/444
f 4620/3730/4620 3160/2946/3160 4411/3733/4411
f 3958/477/3958 4620/3730/4620 2809/3734/2809
f 550/2945/550 444/3732/444 443/3735/443
f 550/2945/550 443/3735/443 1955/3736/1955
f 443/3735/443 2004/612/2004 1955/3736/1955
f 1051/3737/1051 1050/611/1050 1909/3738/1909
f 2004/612/2004 1051/3737/1051 1955/3736/1955
f 3160/2946/3160 550/2945/550 4514/3739/4514
f 1909/3738/1909 475/3740/475 2325/3741/2325
f 4556/3742/4556 4173/3743/4173 871/3744/871
f 4173/3743/4173 4174/3721/4174 2923/3727/2923
f 871/3744/871 4173/3743/4173 2923/3727/2923
f 881/318/881 4069/317/4069 4556/3742/4556
f 3583/3745/3583 4992/659/4992 1950/3746/1950
f 4992/659/4992 881/318/881 1348/3747/1348
f 1950/3746/1950 4992/659/4992 1348/3747/1348
f 1349/3748/1349 2976/3749/2976 1950/3746/1950
f 1349/3748/1349 1950/3746/1950 1348/3747/1348
f 3351/3750/3351 1348/3747/1348 881/318/881
f 2079/3751/2079 1914/3752/1914 3351/3750/3351
f 871/3744/871 2079/3751/2079 3351/3750/3351
f 3351/3750/3351 881/318/881 871/3744/871
f 881/318/881 4556/3742/4556 871/3744/871
f 744/3753/744 743/3754/743 872/3755/872
f 872/3755/872 871/3744/871 2923/3727/2923
f 2045/3756/2045 745/3757/745 744/3753/744
f 4842/3758/4842 2046/3759/2046 2727/3760/2727
f 2046/3759/2046 2045/3756/2045 2727/3760/2727
f 2726/3761/2726 101/3762/101 2727/3760/2727
f 2727/3760/2727 2045/3756/2045 744/3753/744
f 3932/3763/3932 3933/3764/3933 3106/3765/3106
f 3933/3764/3933 2726/3761/2726 3106/3765/3106
f 2726/3761/2726 2727/3760/2727 744/3753/744
f 2726/3761/2726 744/3753/744 4930/3766/4930
f 744/3753/744 872/3755/872 4930/3766/4930
f 4930/3766/4930 4497/3767/4497 2726/3761/2726
f 4497/3767/4497 3106/3765/3106 2726/3761/2726
f 2923/3727/2923 4784/3768/4784 872/3755/872
f 4784/3768/4784 4930/3766/4930 872/3755/872
f 4906/3728/4906 4694/3769/4694 2923/3727/2923
f 4742/3770/4742 4978/3771/4978 4906/3728/4906
f 469/3772/469 4110/3773/4110 4742/3770/4742
f 470/3774/470 3354/3775/3354 469/3772/469
f 967/3776/967 1571/3777/1571 470/3774/470
f 1241/3778/1241 1585/3779/1585 3706/579/3706
f 1585/3779/1585 967/3776/967 1806/3780/1806
f 3706/579/3706 1585/3779/1585 1806/3780/1806
f 3099/551/3099 3706/579/3706 1806/3780/1806
f 967/3776/967 470/3774/470 1806/3780/1806
f 470/3774/470 469/3772/469 4510/552/4510
f 469/3772/469 4742/3770/4742 2218/3723/2218
f 4510/552/4510 469/3772/469 2218/3723/2218
f 1806/3780/1806 470/3774/470 4510/552/4510
f 4742/3770/4742 4906/3728/4906 2218/3723/2218
f 2314/478/2314 1314/553/1314 176/3781/176
f 176/3781/176 4510/552/4510 177/3726/177
f 662/3782/662 2313/3783/2313 2314/478/2314
f 2314/478/2314 176/3781/176 178/479/178
f 176/3781/176 177/3726/177 178/479/178
f 3958/477/3958 662/3782/662 2314/478/2314
f 4411/3733/4411 2809/3734/2809 4620/3730/4620
f 4514/3739/4514 3866/3784/3866 3160/2946/3160
f 3866/3784/3866 4411/3733/4411 3160/2946/3160
f 1955/3736/1955 4181/3785/4181 4514/3739/4514
f 1670/3786/1670 2620/3787/2620 1955/3736/1955
f 2158/3788/2158 2157/3789/2157 3871/3790/3871
f 3569/3791/3569 2985/3792/2985 2158/3788/2158
f 1651/3793/1651 3904/3794/3904 3569/3791/3569
f 1427/3795/1427 4851/3796/4851 1651/3793/1651
f 4243/3797/4243 4725/3798/4725 1427/3795/1427
f 2613/3799/2613 4243/3797/4243 1427/3795/1427
f 1427/3795/1427 1651/3793/1651 2613/3799/2613
f 1651/3793/1651 3569/3791/3569 2158/3788/2158
f 2158/3788/2158 3871/3790/3871 2613/3799/2613
f 1651/3793/1651 2158/3788/2158 2613/3799/2613
f 3680/3800/3680 2613/3799/2613 3871/3790/3871
f 3526/3801/3526 3681/3802/3681 3680/3800/3680
f 1247/3803/1247 4027/3804/4027 3526/3801/3526
f 1572/3805/1572 3919/3806/3919 3716/3807/3716
f 3919/3806/3919 1247/3803/1247 3716/3807/3716
f 2713/3808/2713 2714/3809/2714 1572/3805/1572
f 3716/3807/3716 2930/3810/2930 2713/3808/2713
f 1386/3811/1386 3730/3812/3730 3716/3807/3716
f 2958/3813/2958 1626/3814/1626 1386/3811/1386
f 2778/3815/2778 2450/3816/2450 2958/3813/2958
f 2325/3741/2325 2324/3817/2324 2778/3815/2778
f 1051/3737/1051 1909/3738/1909 1670/3786/1670
f 1909/3738/1909 2325/3741/2325 3871/3790/3871
f 1670/3786/1670 1909/3738/1909 3871/3790/3871
f 2778/3815/2778 2958/3813/2958 3526/3801/3526
f 2958/3813/2958 1386/3811/1386 3526/3801/3526
f 3716/3807/3716 2713/3808/2713 1572/3805/1572
f 1386/3811/1386 3716/3807/3716 1247/3803/1247
f 1247/3803/1247 3526/3801/3526 1386/3811/1386
f 3526/3801/3526 3680/3800/3680 2778/3815/2778
f 3680/3800/3680 3871/3790/3871 2325/3741/2325
f 2778/3815/2778 3680/3800/3680 2325/3741/2325
f 1955/3736/1955 4514/3739/4514 550/2945/550
f 1670/3786/1670 1955/3736/1955 1051/3737/1051
f 4572/3818/4572 4573/3819/4573 674/482/674
f 4573/3819/4573 2171/3820/2171 674/482/674
f 2171/3820/2171 4766/3821/4766 674/482/674
f 4766/3821/4766 675/480/675 674/482/674
f 758/3822/758 759/3823/759 2662/3824/2662
f 803/3825/803 703/3826/703 804/3827/804
f 758/3822/758 2662/3824/2662 803/3825/803
f 4316/3828/4316 4373/3829/4373 630/3830/630
f 4347/3831/4347 4240/3832/4240 610/3833/610
f 4316/3828/4316 630/3830/630 941/3834/941
f 4107/3835/4107 4347/3831/4347 4106/3836/4106
f 4347/3831/4347 610/3833/610 4106/3836/4106
f 610/3833/610 4316/3828/4316 941/3834/941
f 941/3834/941 758/3822/758 3702/3660/3702
f 758/3822/758 803/3825/803 796/3837/796
f 796/3837/796 803/3825/803 804/3827/804
f 804/3827/804 2178/3838/2178 534/3839/534
f 796/3837/796 804/3827/804 4868/3840/4868
f 3444/485/3444 2131/3841/2131 2130/3842/2130
f 4106/3836/4106 610/3833/610 941/3834/941
f 2130/3842/2130 4106/3836/4106 941/3834/941
f 804/3827/804 534/3839/534 537/3843/537
f 804/3827/804 537/3843/537 4868/3840/4868
f 534/3839/534 535/2191/535 536/2189/536
f 534/3839/534 536/2189/536 537/3843/537
f 3444/485/3444 2130/3842/2130 1597/483/1597
f 2130/3842/2130 941/3834/941 1597/483/1597
f 1597/483/1597 941/3834/941 3614/3844/3614
f 3464/3845/3464 3445/3846/3445 4570/3847/4570
f 3445/3846/3445 3444/485/3444 4783/484/4783
f 4570/3847/4570 3445/3846/3445 4783/484/4783
f 4570/3847/4570 3612/3848/3612 3464/3845/3464
f 4783/484/4783 4427/3849/4427 4570/3847/4570
f 3676/3850/3676 3677/3851/3677 3675/3852/3675
f 3677/3851/3677 1597/483/1597 3675/3852/3675
f 4302/3659/4302 4371/3853/4371 3013/3854/3013
f 4371/3853/4371 3614/3844/3614 3013/3854/3013
f 3614/3844/3614 3675/3852/3675 1597/483/1597
f 3702/3660/3702 1501/443/1501 777/3855/777
f 777/3855/777 3013/3854/3013 3614/3844/3614
f 3702/3660/3702 777/3855/777 941/3834/941
f 777/3855/777 3614/3844/3614 941/3834/941
f 4271/3657/4271 1243/3661/1243 1804/3856/1804
f 1243/3661/1243 3702/3660/3702 3525/3857/3525
f 1804/3856/1804 1243/3661/1243 3525/3857/3525
f 3756/3858/3756 4569/3658/4569 1804/3856/1804
f 4569/3658/4569 4271/3657/4271 1804/3856/1804
f 2723/1227/2723 2724/3859/2724 3756/3858/3756
f 1804/3856/1804 1803/3860/1803 3756/3858/3756
f 1803/3860/1803 2723/1227/2723 3756/3858/3756
f 3750/3861/3750 1802/3862/1802 758/3822/758
f 1802/3862/1802 3525/3857/3525 758/3822/758
f 3525/3857/3525 3702/3660/3702 758/3822/758
f 796/3837/796 2916/3863/2916 3750/3861/3750
f 1148/3864/1148 2205/3865/2205 3763/3866/3763
f 2205/3865/2205 796/3837/796 3763/3866/3763
f 3763/3866/3763 1147/3867/1147 1148/3864/1148
f 3279/3868/3279 4369/3869/4369 4868/3840/4868
f 4868/3840/4868 3763/3866/3763 796/3837/796
f 796/3837/796 3750/3861/3750 758/3822/758
f 4868/3840/4868 537/3843/537 3450/3870/3450
f 3277/3871/3277 3278/3872/3278 3279/3868/3279
f 3279/3868/3279 4868/3840/4868 3450/3870/3450
f 1491/3873/1491 2610/3874/2610 1490/3875/1490
f 2610/3874/2610 3277/3871/3277 1490/3875/1490
f 2786/3876/2786 1390/3877/1390 1490/3875/1490
f 1490/3875/1490 3277/3871/3277 2443/3878/2443
f 3277/3871/3277 3279/3868/3279 2443/3878/2443
f 4176/3879/4176 2787/3880/2787 2786/3876/2786
f 2786/3876/2786 1490/3875/1490 2443/3878/2443
f 2443/3878/2443 3279/3868/3279 3450/3870/3450
f 2443/3878/2443 4176/3879/4176 2786/3876/2786
f 3450/3870/3450 3449/2190/3449 2443/3878/2443
f 4300/3881/4300 2225/1458/2225 3418/893/3418
f 3418/893/3418 2078/1138/2078 4300/3881/4300
f 2078/1138/2078 869/1137/869 1298/3882/1298
f 4300/3881/4300 2078/1138/2078 2981/3883/2981
f 869/1137/869 1544/3884/1544 343/3885/343
f 1298/3882/1298 1299/3886/1299 2981/3883/2981
f 869/1137/869 343/3885/343 1298/3882/1298
f 2981/3883/2981 2078/1138/2078 1298/3882/1298
f 2437/488/2437 4300/3881/4300 2981/3883/2981
f 2981/3883/2981 928/3887/928 2437/488/2437
f 928/3887/928 1287/486/1287 2437/488/2437
f 1287/486/1287 1288/3888/1288 496/3889/496
f 496/3889/496 495/771/495 3896/770/3896
f 496/3889/496 3896/770/3896 2224/487/2224
f 1287/486/1287 496/3889/496 2224/487/2224
f 809/491/809 808/3890/808 4330/3891/4330
f 4330/3891/4330 1004/3892/1004 809/491/809
f 1004/3892/1004 2677/489/2677 809/491/809
f 1745/1180/1745 4140/493/4140 4551/492/4551
f 4140/493/4140 2076/804/2076 4286/494/4286
f 4645/3893/4645 4352/2262/4352 4161/497/4161
f 4352/2262/4352 1451/2261/1451 1450/495/1450
f 4161/497/4161 4352/2262/4352 1450/495/1450
f 1451/2261/1451 1452/3894/1452 1450/495/1450
f 1450/495/1450 4254/2329/4254 2380/496/2380
f 454/3895/454 3118/3896/3118 3098/1466/3098
f 2813/1465/2813 2814/1464/2814 3337/3542/3337
f 2814/1464/2814 1783/850/1783 3337/3542/3337
f 454/3895/454 3098/1466/3098 2813/1465/2813
f 454/3895/454 2813/1465/2813 3337/3542/3337
f 1783/850/1783 3338/3543/3338 3337/3542/3337
f 3338/3543/3338 3336/419/3336 3337/3542/3337
f 3337/3542/3337 1918/1020/1918 454/3895/454
f 1918/1020/1918 1094/3897/1094 454/3895/454
f 1094/3897/1094 1093/3898/1093 1737/3899/1737
f 454/3895/454 1094/3897/1094 1737/3899/1737
f 1093/3898/1093 1049/1522/1049 3335/1524/3335
f 3335/1524/3335 1048/1523/1048 603/3900/603
f 1048/1523/1048 604/3901/604 603/3900/603
f 603/3900/603 2297/3902/2297 2298/3903/2298
f 1093/3898/1093 3335/1524/3335 1096/3904/1096
f 3335/1524/3335 603/3900/603 142/3905/142
f 603/3900/603 2298/3903/2298 2402/3906/2402
f 2298/3903/2298 708/3907/708 2402/3906/2402
f 2402/3906/2402 303/3908/303 304/3909/304
f 142/3905/142 603/3900/603 3115/3910/3115
f 1737/3899/1737 1093/3898/1093 1096/3904/1096
f 1737/3899/1737 1096/3904/1096 2206/3911/2206
f 603/3900/603 2402/3906/2402 304/3909/304
f 556/3912/556 557/3913/557 1707/2232/1707
f 603/3900/603 304/3909/304 2508/3914/2508
f 304/3909/304 556/3912/556 2508/3914/2508
f 556/3912/556 1707/2232/1707 1708/169/1708
f 1708/169/1708 4847/171/4847 4098/3915/4098
f 4847/171/4847 1784/3916/1784 4098/3915/4098
f 4098/3915/4098 4869/3917/4869 850/3918/850
f 603/3900/603 2508/3914/2508 2880/3919/2880
f 556/3912/556 1708/169/1708 4098/3915/4098
f 2508/3914/2508 556/3912/556 850/3918/850
f 3383/3920/3383 2896/3921/2896 3384/500/3384
f 3384/500/3384 1737/3899/1737 4860/498/4860
f 603/3900/603 2880/3919/2880 3115/3910/3115
f 4098/3915/4098 850/3918/850 556/3912/556
f 850/3918/850 851/3922/851 2508/3914/2508
f 2508/3914/2508 1524/3923/1524 1525/3924/1525
f 1525/3924/1525 1755/3925/1755 2880/3919/2880
f 2880/3919/2880 169/3926/169 3115/3910/3115
f 3115/3910/3115 139/3927/139 142/3905/142
f 141/3928/141 140/3929/140 3069/3930/3069
f 3069/3930/3069 2059/3931/2059 2433/3932/2433
f 2059/3931/2059 2432/3933/2432 2433/3932/2433
f 141/3928/141 3069/3930/3069 441/3934/441
f 3069/3930/3069 2433/3932/2433 442/3935/442
f 442/3935/442 439/3936/439 440/3937/440
f 3069/3930/3069 442/3935/442 441/3934/441
f 442/3935/442 440/3937/440 441/3934/441
f 837/3938/837 158/3939/158 159/3940/159
f 441/3934/441 837/3938/837 141/3928/141
f 159/3940/159 1251/3941/1251 751/3942/751
f 1251/3941/1251 2426/3943/2426 751/3942/751
f 837/3938/837 159/3940/159 2303/3944/2303
f 751/3942/751 1023/3945/1023 2303/3944/2303
f 159/3940/159 751/3942/751 2303/3944/2303
f 2303/3944/2303 172/3946/172 998/3947/998
f 998/3947/998 2132/3948/2132 1934/3949/1934
f 1934/3949/1934 3089/3950/3089 4144/3951/4144
f 4144/3951/4144 129/3952/129 2033/3953/2033
f 2033/3953/2033 2240/3954/2240 554/3955/554
f 554/3955/554 376/3956/376 3245/3957/3245
f 3245/3957/3245 3246/3958/3246 2182/3959/2182
f 3246/3958/3246 2208/3960/2208 2182/3959/2182
f 2182/3959/2182 1097/1042/1097 1096/3904/1096
f 2033/3953/2033 554/3955/554 3245/3957/3245
f 1934/3949/1934 4144/3951/4144 2033/3953/2033
f 2303/3944/2303 998/3947/998 1934/3949/1934
f 837/3938/837 2303/3944/2303 1934/3949/1934
f 1934/3949/1934 2033/3953/2033 837/3938/837
f 2033/3953/2033 3245/3957/3245 837/3938/837
f 3245/3957/3245 2182/3959/2182 141/3928/141
f 2182/3959/2182 1096/3904/1096 142/3905/142
f 1096/3904/1096 1764/3961/1764 3076/3962/3076
f 3076/3962/3076 2396/3963/2396 167/3964/167
f 167/3964/167 642/3965/642 2466/3966/2466
f 2466/3966/2466 2465/3967/2465 3502/3968/3502
f 2465/3967/2465 3558/3969/3558 3502/3968/3502
f 3502/3968/3502 3500/3970/3500 3501/3971/3501
f 3076/3962/3076 167/3964/167 3502/3968/3502
f 167/3964/167 2466/3966/2466 3502/3968/3502
f 2182/3959/2182 142/3905/142 141/3928/141
f 1096/3904/1096 3076/3962/3076 2206/3911/2206
f 142/3905/142 1096/3904/1096 3335/1524/3335
f 141/3928/141 837/3938/837 3245/3957/3245
f 3076/3962/3076 3502/3968/3502 105/3972/105
f 2206/3911/2206 3076/3962/3076 105/3972/105
f 3501/3971/3501 1939/3973/1939 3847/3974/3847
f 3502/3968/3502 3501/3971/3501 3847/3974/3847
f 3847/3974/3847 4345/3975/4345 2715/3976/2715
f 3502/3968/3502 3847/3974/3847 105/3972/105
f 2508/3914/2508 1525/3924/1525 2880/3919/2880
f 3847/3974/3847 2715/3976/2715 105/3972/105
f 2206/3911/2206 3535/1421/3535 1234/3977/1234
f 1937/3978/1937 2206/3911/2206 1234/3977/1234
f 1234/3977/1234 1936/3979/1936 1937/3978/1937
f 1737/3899/1737 2206/3911/2206 4499/3980/4499
f 2206/3911/2206 1937/3978/1937 4499/3980/4499
f 1937/3978/1937 1342/3981/1342 4499/3980/4499
f 4062/3982/4062 3188/3983/3188 3231/3984/3231
f 3188/3983/3188 3383/3920/3383 3231/3984/3231
f 1737/3899/1737 4499/3980/4499 629/3985/629
f 4860/498/4860 1737/3899/1737 4137/3986/4137
f 3383/3920/3383 3384/500/3384 3231/3984/3231
f 3899/499/3899 2703/3987/2703 3231/3984/3231
f 4499/3980/4499 2436/3988/2436 1615/3989/1615
f 2436/3988/2436 4886/3990/4886 1615/3989/1615
f 1615/3989/1615 1616/3991/1616 1617/3992/1617
f 1617/3992/1617 1714/3993/1714 2788/3994/2788
f 2788/3994/2788 4819/3995/4819 629/3985/629
f 629/3985/629 4643/3996/4643 4470/3997/4470
f 4470/3997/4470 2226/3998/2226 1417/3999/1417
f 4470/3997/4470 1417/3999/1417 4137/3986/4137
f 1617/3992/1617 2788/3994/2788 4499/3980/4499
f 2788/3994/2788 629/3985/629 4499/3980/4499
f 629/3985/629 4470/3997/4470 1737/3899/1737
f 4470/3997/4470 4137/3986/4137 1737/3899/1737
f 4860/498/4860 4308/4000/4308 3899/499/3899
f 1615/3989/1615 1617/3992/1617 4499/3980/4499
f 3899/499/3899 3231/3984/3231 3384/500/3384
f 3167/501/3167 698/328/698 1191/327/1191
f 2925/503/2925 2926/4001/2926 292/504/292
f 4630/508/4630 4629/778/4629 1424/506/1424
f 1424/506/1424 4067/777/4067 1180/1525/1180
f 1180/1525/1180 2932/1247/2932 1424/506/1424
f 2932/1247/2932 3340/507/3340 1424/506/1424
f 1762/4002/1762 1763/853/1763 4630/508/4630
f 3340/507/3340 1762/4002/1762 4630/508/4630
f 2835/509/2835 2833/4003/2833 2834/510/2834
f 4901/512/4901 1/4004/1 4899/513/4899
f 3728/515/3728 1376/4005/1376 1374/516/1374
f 193/518/193 4582/4006/4582 1628/519/1628
f 4497/521/4497 4496/4007/4496 3932/522/3932
f 4294/4008/4294 4700/4009/4700 2921/4010/2921
f 2921/4010/2921 4353/4011/4353 4645/4012/4645
f 4353/4011/4353 4352/4013/4352 4645/4012/4645
f 4645/4012/4645 4161/4014/4161 593/4015/593
f 1509/4016/1509 580/4017/580 906/4018/906
f 3941/526/3941 2553/4019/2553 908/4020/908
f 908/4020/908 1509/4016/1509 906/4018/906
f 4294/4008/4294 2921/4010/2921 593/4015/593
f 2921/4010/2921 4645/4012/4645 593/4015/593
f 3941/526/3941 908/4020/908 2468/4021/2468
f 908/4020/908 906/4018/906 907/4022/907
f 906/4018/906 4294/4008/4294 593/4015/593
f 907/4022/907 2468/4021/2468 908/4020/908
f 2468/4021/2468 4452/524/4452 3941/526/3941
f 906/4018/906 593/4015/593 907/4022/907
f 4596/529/4596 2698/4023/2698 3234/527/3234
f 2698/4023/2698 3621/4024/3621 3234/527/3234
f 3621/4024/3621 3622/4025/3622 3234/527/3234
f 1095/530/1095 1901/4026/1901 4492/531/4492
f 4844/533/4844 3347/4027/3347 3887/534/3887
f 1885/536/1885 1866/4028/1866 4457/537/4457
f 4070/539/4070 4309/1051/4309 3839/540/3839
f 4691/4029/4691 383/4030/383 4692/4031/4692
f 383/4030/383 3162/542/3162 4363/544/4363
f 4692/4031/4692 383/4030/383 4363/544/4363
f 2529/4032/2529 3492/4033/3492 3616/4034/3616
f 3616/4034/3616 2836/4035/2836 3132/4036/3132
f 3132/4036/3132 2806/4037/2806 1555/4038/1555
f 2806/4037/2806 3304/4039/3304 1555/4038/1555
f 1555/4038/1555 3810/4040/3810 1060/4041/1060
f 3616/4034/3616 3132/4036/3132 3946/4042/3946
f 3132/4036/3132 1555/4038/1555 1107/4043/1107
f 3946/4042/3946 3132/4036/3132 1107/4043/1107
f 1555/4038/1555 1060/4041/1060 1107/4043/1107
f 1107/4043/1107 737/4044/737 3946/4042/3946
f 3946/4042/3946 3945/4045/3945 1479/4046/1479
f 1479/4046/1479 815/4047/815 2529/4032/2529
f 815/4047/815 3276/546/3276 170/545/170
f 3276/546/3276 2711/4048/2711 2710/4049/2710
f 2710/4049/2710 3736/4050/3736 3276/546/3276
f 3736/4050/3736 1079/547/1079 3276/546/3276
f 1079/547/1079 171/4051/171 170/545/170
f 170/545/170 3522/4052/3522 2529/4032/2529
f 2529/4032/2529 3616/4034/3616 1479/4046/1479
f 3946/4042/3946 1479/4046/1479 3616/4034/3616
f 815/4047/815 170/545/170 2529/4032/2529
f 3529/548/3529 4761/4053/4761 4397/4054/4397
f 4397/4054/4397 3530/549/3530 3529/548/3529
f 3530/549/3530 1830/4055/1830 1797/550/1797
f 3929/4056/3929 1858/580/1858 3706/579/3706
f 3099/551/3099 1806/3780/1806 4510/552/4510
f 3929/4056/3929 3706/579/3706 3099/551/3099
f 2314/478/2314 2313/3783/2313 3929/4056/3929
f 4510/552/4510 176/3781/176 1314/553/1314
f 1314/553/1314 2314/478/2314 3929/4056/3929
f 3929/4056/3929 3099/551/3099 1314/553/1314
f 2200/4057/2200 2201/4058/2201 2202/4059/2202
f 3243/4060/3243 2164/2211/2164 2166/4061/2166
f 2164/2211/2164 2165/4062/2165 2166/4061/2166
f 5002/4063/5002 2200/4057/2200 2202/4059/2202
f 5002/4063/5002 2202/4059/2202 4139/4064/4139
f 2202/4059/2202 3243/4060/3243 2287/4065/2287
f 4139/4064/4139 2202/4059/2202 2287/4065/2287
f 3016/4066/3016 1531/4067/1531 4139/4064/4139
f 3243/4060/3243 2166/4061/2166 2287/4065/2287
f 2287/4065/2287 218/4068/218 4154/4069/4154
f 3172/556/3172 3478/4070/3478 3639/3207/3639
f 2287/4065/2287 4154/4069/4154 4139/4064/4139
f 4154/4069/4154 3172/556/3172 411/555/411
f 411/555/411 3016/4066/3016 4139/4064/4139
f 16/4071/16 15/4072/15 411/555/411
f 589/4073/589 446/4074/446 16/4071/16
f 750/3203/750 512/4075/512 589/4073/589
f 726/3205/726 724/3204/724 725/554/725
f 725/554/725 750/3203/750 16/4071/16
f 750/3203/750 589/4073/589 16/4071/16
f 16/4071/16 411/555/411 725/554/725
f 411/555/411 4139/4064/4139 4154/4069/4154
f 3172/556/3172 3639/3207/3639 726/3205/726
f 3639/3207/3639 1422/3206/1422 726/3205/726
f 726/3205/726 725/554/725 3172/556/3172
f 2979/560/2979 1473/4076/1473 1474/561/1474
f 4355/562/4355 1297/4077/1297 2979/560/2979
f 1297/4077/1297 1296/4078/1296 2979/560/2979
f 4177/563/4177 3986/4079/3986 4692/564/4692
f 796/4080/796 2205/4081/2205 2916/568/2916
f 2205/4081/2205 786/566/786 2916/568/2916
f 1047/4082/1047 784/1250/784 1696/4083/1696
f 784/1250/784 2617/4084/2617 430/4085/430
f 430/4085/430 2617/4084/2617 4623/4086/4623
f 4623/4086/4623 2051/4087/2051 430/4085/430
f 1696/4083/1696 784/1250/784 2460/4088/2460
f 2460/4088/2460 1695/4089/1695 1696/4083/1696
f 430/4085/430 3195/4090/3195 2355/4091/2355
f 784/1250/784 430/4085/430 2054/211/2054
f 2461/4092/2461 2459/4093/2459 2460/4088/2460
f 784/1250/784 2054/211/2054 2461/4092/2461
f 2460/4088/2460 784/1250/784 2461/4092/2461
f 430/4085/430 2355/4091/2355 3130/4094/3130
f 2474/4095/2474 3470/4096/3470 1736/4097/1736
f 430/4085/430 3130/4094/3130 2474/4095/2474
f 3228/4098/3228 1929/4099/1929 2461/4092/2461
f 4228/4100/4228 3227/4101/3227 3228/4098/3228
f 432/4102/432 4229/1031/4229 4228/4100/4228
f 2796/4103/2796 2797/4104/2797 4383/4105/4383
f 2797/4104/2797 432/4102/432 4383/4105/4383
f 2512/4106/2512 4449/4107/4449 4383/4105/4383
f 432/4102/432 4228/4100/4228 3228/4098/3228
f 3228/4098/3228 2461/4092/2461 2054/211/2054
f 2474/4095/2474 1736/4097/1736 2054/211/2054
f 1736/4097/1736 80/4108/80 2054/211/2054
f 430/4085/430 2474/4095/2474 2054/211/2054
f 4383/4105/4383 432/4102/432 2512/4106/2512
f 432/4102/432 3228/4098/3228 2512/4106/2512
f 3423/4109/3423 3424/4110/3424 2512/4106/2512
f 80/4108/80 79/2444/79 2054/211/2054
f 128/210/128 2096/2446/2096 2983/4111/2983
f 128/210/128 2983/4111/2983 1862/4112/1862
f 3228/4098/3228 2054/211/2054 3423/4109/3423
f 2054/211/2054 128/210/128 2528/4113/2528
f 2528/4113/2528 128/210/128 1862/4112/1862
f 3423/4109/3423 2512/4106/2512 3228/4098/3228
f 3202/4114/3202 4584/4115/4584 3423/4109/3423
f 3049/440/3049 2905/4116/2905 2085/4117/2085
f 3202/4114/3202 3423/4109/3423 2054/211/2054
f 302/438/302 3049/440/3049 1889/4118/1889
f 3049/440/3049 2085/4117/2085 1889/4118/1889
f 1889/4118/1889 233/4119/233 1887/4120/1887
f 2085/4117/2085 3202/4114/3202 2054/211/2054
f 2085/4117/2085 2054/211/2054 1209/4121/1209
f 2528/4113/2528 1723/4122/1723 3061/4123/3061
f 2054/211/2054 2528/4113/2528 3061/4123/3061
f 3061/4123/3061 344/4124/344 1209/4121/1209
f 2054/211/2054 3061/4123/3061 1209/4121/1209
f 4698/1243/4698 4697/3655/4697 302/438/302
f 233/4119/233 1889/4118/1889 1306/4125/1306
f 1209/4121/1209 553/4126/553 2028/4127/2028
f 2085/4117/2085 1209/4121/1209 1306/4125/1306
f 4835/1241/4835 4698/1243/4698 302/438/302
f 1262/461/1262 1263/460/1263 4835/1241/4835
f 3694/4128/3694 4242/4129/4242 3922/459/3922
f 1262/461/1262 4835/1241/4835 302/438/302
f 3694/4128/3694 3922/459/3922 1262/461/1262
f 1461/4130/1461 1460/886/1460 3694/4128/3694
f 229/104/229 2005/1398/2005 230/2084/230
f 2005/1398/2005 1461/4130/1461 230/2084/230
f 569/2085/569 3310/105/3310 230/2084/230
f 1461/4130/1461 3694/4128/3694 1262/461/1262
f 1262/461/1262 302/438/302 1461/4130/1461
f 2085/4117/2085 1306/4125/1306 1889/4118/1889
f 1306/4125/1306 1209/4121/1209 2028/4127/2028
f 2028/4127/2028 1305/4131/1305 1306/4125/1306
f 1461/4130/1461 302/438/302 1567/4132/1567
f 569/2085/569 230/2084/230 1461/4130/1461
f 1306/4125/1306 234/4133/234 233/4119/233
f 569/2085/569 1461/4130/1461 1567/4132/1567
f 1887/4120/1887 233/4119/233 3791/4134/3791
f 233/4119/233 3342/4135/3342 3791/4134/3791
f 2421/4136/2421 3695/727/3695 2115/4137/2115
f 3695/727/3695 1870/2081/1870 2115/4137/2115
f 1870/2081/1870 569/2085/569 8/4138/8
f 3791/4134/3791 1341/4139/1341 1887/4120/1887
f 302/438/302 1889/4118/1889 1567/4132/1567
f 1157/4140/1157 1336/4141/1336 2115/4137/2115
f 413/4142/413 1335/4143/1335 1471/4144/1471
f 1335/4143/1335 1274/4145/1274 1471/4144/1471
f 1157/4140/1157 2115/4137/2115 1870/2081/1870
f 1157/4140/1157 1870/2081/1870 8/4138/8
f 1274/4145/1274 1157/4140/1157 2596/569/2596
f 1887/4120/1887 1888/4146/1888 1889/4118/1889
f 569/2085/569 1567/4132/1567 1662/4147/1662
f 3293/4148/3293 1231/4149/1231 1470/4150/1470
f 1231/4149/1231 1471/4144/1471 1470/4150/1470
f 569/2085/569 1662/4147/1662 8/4138/8
f 1889/4118/1889 1910/4151/1910 2889/4152/2889
f 2889/4152/2889 2160/4153/2160 1954/4154/1954
f 1954/4154/1954 2488/4155/2488 1567/4132/1567
f 3788/4156/3788 1000/4157/1000 3044/4158/3044
f 2889/4152/2889 1954/4154/1954 1567/4132/1567
f 1889/4118/1889 2889/4152/2889 1567/4132/1567
f 1471/4144/1471 1274/4145/1274 3058/4159/3058
f 1470/4150/1470 1471/4144/1471 3058/4159/3058
f 1157/4140/1157 8/4138/8 2596/569/2596
f 1567/4132/1567 3788/4156/3788 781/4160/781
f 3230/4161/3230 2863/1420/2863 2864/4162/2864
f 2863/1420/2863 1973/4163/1973 4378/4164/4378
f 2864/4162/2864 2863/1420/2863 4378/4164/4378
f 978/4165/978 2167/4166/2167 3230/4161/3230
f 3117/4167/3117 978/4165/978 3230/4161/3230
f 3117/4167/3117 3230/4161/3230 3859/4168/3859
f 3457/4169/3457 829/4170/829 252/4171/252
f 252/4171/252 3117/4167/3117 2094/4172/2094
f 3230/4161/3230 2864/4162/2864 3859/4168/3859
f 883/4173/883 3457/4169/3457 252/4171/252
f 4129/4174/4129 552/4175/552 605/1584/605
f 552/4175/552 883/4173/883 4484/4176/4484
f 605/1584/605 552/4175/552 2013/4177/2013
f 605/1584/605 4130/1583/4130 4129/4174/4129
f 2012/4178/2012 3882/1582/3882 2013/4177/2013
f 3882/1582/3882 605/1584/605 2013/4177/2013
f 4484/4176/4484 2014/4179/2014 2013/4177/2013
f 552/4175/552 4484/4176/4484 2013/4177/2013
f 883/4173/883 252/4171/252 4484/4176/4484
f 1410/4180/1410 1242/4181/1242 4484/4176/4484
f 1065/4182/1065 3378/4183/3378 1410/4180/1410
f 395/4184/395 2043/4185/2043 1065/4182/1065
f 2609/4186/2609 394/4187/394 395/4184/395
f 1070/4188/1070 1091/4189/1091 2609/4186/2609
f 2542/4190/2542 2263/4191/2263 1070/4188/1070
f 2691/4192/2691 2946/4193/2946 2542/4190/2542
f 1693/4194/1693 541/4195/541 2691/4192/2691
f 3518/4196/3518 2458/4197/2458 1693/4194/1693
f 2237/4198/2237 1569/4199/1569 3518/4196/3518
f 2957/4200/2957 1979/4201/1979 2237/4198/2237
f 2286/4202/2286 2956/4203/2956 2957/4200/2957
f 2615/4204/2615 3807/4205/3807 2957/4200/2957
f 3807/4205/3807 2286/4202/2286 2957/4200/2957
f 672/4206/672 4015/4207/4015 2615/4204/2615
f 2029/4208/2029 2030/4209/2030 672/4206/672
f 4145/4210/4145 4126/4211/4126 2029/4208/2029
f 1087/4212/1087 2212/4213/2212 4145/4210/4145
f 975/4214/975 3593/4215/3593 2094/4172/2094
f 4301/4216/4301 1196/4217/1196 975/4214/975
f 560/4218/560 2009/4219/2009 1246/4220/1246
f 1246/4220/1246 4301/4216/4301 3117/4167/3117
f 4301/4216/4301 975/4214/975 3117/4167/3117
f 975/4214/975 2094/4172/2094 3117/4167/3117
f 3859/4168/3859 3300/4221/3300 560/4218/560
f 560/4218/560 1246/4220/1246 3117/4167/3117
f 3859/4168/3859 560/4218/560 3117/4167/3117
f 2864/4162/2864 4982/4222/4982 3859/4168/3859
f 1742/4223/1742 191/4224/191 4378/4164/4378
f 2029/4208/2029 672/4206/672 2542/4190/2542
f 672/4206/672 2615/4204/2615 2691/4192/2691
f 2957/4200/2957 2237/4198/2237 2615/4204/2615
f 2237/4198/2237 3518/4196/3518 2615/4204/2615
f 3518/4196/3518 1693/4194/1693 2615/4204/2615
f 1693/4194/1693 2691/4192/2691 2615/4204/2615
f 2691/4192/2691 2542/4190/2542 672/4206/672
f 2542/4190/2542 1070/4188/1070 4145/4210/4145
f 2609/4186/2609 395/4184/395 2094/4172/2094
f 395/4184/395 1065/4182/1065 1410/4180/1410
f 2094/4172/2094 395/4184/395 1410/4180/1410
f 2542/4190/2542 4145/4210/4145 2029/4208/2029
f 1070/4188/1070 2609/4186/2609 1087/4212/1087
f 4145/4210/4145 1070/4188/1070 1087/4212/1087
f 1410/4180/1410 4484/4176/4484 252/4171/252
f 1410/4180/1410 252/4171/252 2094/4172/2094
f 2094/4172/2094 1087/4212/1087 2609/4186/2609
f 3044/4158/3044 3043/4225/3043 1540/4226/1540
f 3043/4225/3043 2092/4227/2092 1540/4226/1540
f 2092/4227/2092 2169/4228/2169 4459/4229/4459
f 4459/4229/4459 1539/4230/1539 2092/4227/2092
f 1539/4230/1539 1540/4226/1540 2092/4227/2092
f 781/4160/781 1957/4231/1957 1662/4147/1662
f 4378/4164/4378 1973/4163/1973 1742/4223/1742
f 1973/4163/1973 3058/4159/3058 1653/571/1653
f 1742/4223/1742 1973/4163/1973 3613/4232/3613
f 4339/4233/4339 3404/4234/3404 1742/4223/1742
f 3613/4232/3613 1973/4163/1973 1653/571/1653
f 3788/4156/3788 3044/4158/3044 1540/4226/1540
f 3788/4156/3788 1540/4226/1540 781/4160/781
f 4339/4233/4339 1742/4223/1742 3613/4232/3613
f 517/4235/517 1974/4236/1974 4339/4233/4339
f 4117/4237/4117 378/4238/378 379/4239/379
f 3272/4240/3272 4117/4237/4117 379/4239/379
f 2058/4241/2058 4953/4242/4953 3273/4243/3273
f 2477/4244/2477 2058/4241/2058 125/4245/125
f 2058/4241/2058 3273/4243/3273 2062/72/2062
f 125/4245/125 2058/4241/2058 2062/72/2062
f 2163/4246/2163 1958/4247/1958 1640/4248/1640
f 1958/4247/1958 2477/4244/2477 4907/4249/4907
f 1640/4248/1640 1958/4247/1958 4907/4249/4907
f 2966/4250/2966 357/4251/357 2163/4246/2163
f 2041/4252/2041 474/4253/474 2966/4250/2966
f 1062/4254/1062 2040/4255/2040 2041/4252/2041
f 2586/4256/2586 2585/4257/2585 3087/4258/3087
f 3087/4258/3087 1062/4254/1062 2041/4252/2041
f 3087/4258/3087 2041/4252/2041 2966/4250/2966
f 671/4259/671 670/4260/670 2586/4256/2586
f 2586/4256/2586 3087/4258/3087 1640/4248/1640
f 3087/4258/3087 2966/4250/2966 2163/4246/2163
f 3087/4258/3087 2163/4246/2163 1640/4248/1640
f 274/4261/274 273/4262/273 671/4259/671
f 671/4259/671 2586/4256/2586 283/4263/283
f 283/4263/283 2586/4256/2586 372/4264/372
f 2586/4256/2586 1640/4248/1640 372/4264/372
f 221/4265/221 429/4266/429 274/4261/274
f 274/4261/274 671/4259/671 283/4263/283
f 219/4267/219 220/4268/220 221/4265/221
f 221/4265/221 274/4261/274 219/4267/219
f 274/4261/274 283/4263/283 219/4267/219
f 372/4264/372 284/4269/284 283/4263/283
f 3273/4243/3273 3272/4240/3272 3259/2013/3259
f 1641/4270/1641 372/4264/372 1640/4248/1640
f 4907/4249/4907 2477/4244/2477 125/4245/125
f 3272/4240/3272 379/4239/379 3913/2011/3913
f 379/4239/379 517/4235/517 3346/4271/3346
f 2062/72/2062 3273/4243/3273 3259/2013/3259
f 3058/4159/3058 1274/4145/1274 2596/569/2596
f 781/4160/781 1662/4147/1662 1567/4132/1567
f 4537/4272/4537 1558/4273/1558 4234/4274/4234
f 1558/4273/1558 1557/4275/1557 4234/4274/4234
f 1557/4275/1557 2451/4276/2451 2892/4277/2892
f 2451/4276/2451 756/4278/756 2892/4277/2892
f 2892/4277/2892 868/4279/868 4234/4274/4234
f 868/4279/868 1395/4280/1395 4234/4274/4234
f 1557/4275/1557 2892/4277/2892 4234/4274/4234
f 4234/4274/4234 7/4281/7 4537/4272/4537
f 7/4281/7 9/4282/9 4537/4272/4537
f 4537/4272/4537 9/4282/9 1662/4147/1662
f 9/4282/9 8/4138/8 1662/4147/1662
f 2596/569/2596 2824/4283/2824 1105/4284/1105
f 1005/4285/1005 4908/4286/4908 125/4245/125
f 4908/4286/4908 4907/4249/4907 125/4245/125
f 3259/2013/3259 3272/4240/3272 3913/2011/3913
f 1105/4284/1105 2830/4287/2830 3341/975/3341
f 2830/4287/2830 2829/4288/2829 3341/975/3341
f 2596/569/2596 1105/4284/1105 2268/570/2268
f 2268/570/2268 1105/4284/1105 1106/4289/1106
f 3913/2011/3913 2204/70/2204 3259/2013/3259
f 3346/4271/3346 3913/2011/3913 379/4239/379
f 3613/4232/3613 3346/4271/3346 517/4235/517
f 1106/4289/1106 1105/4284/1105 3341/975/3341
f 1106/4289/1106 600/974/600 2268/570/2268
f 2268/570/2268 2387/4290/2387 1653/571/1653
f 3613/4232/3613 517/4235/517 4339/4233/4339
f 1653/571/1653 3058/4159/3058 2596/569/2596
f 3405/573/3405 982/4291/982 343/3885/343
f 1544/3884/1544 2484/4292/2484 29/4293/29
f 3405/573/3405 343/3885/343 2101/574/2101
f 343/3885/343 1544/3884/1544 2101/574/2101
f 3891/4294/3891 3406/4295/3406 2265/572/2265
f 3406/4295/3406 3405/573/3405 2265/572/2265
f 1945/883/1945 2264/882/2264 2265/572/2265
f 1544/3884/1544 29/4293/29 2101/574/2101
f 400/1503/400 773/1502/773 3081/4296/3081
f 2101/574/2101 400/1503/400 1945/883/1945
f 400/1503/400 3081/4296/3081 1945/883/1945
f 1945/883/1945 2265/572/2265 2101/574/2101
f 4828/575/4828 4581/4297/4581 4885/4298/4885
f 4885/4298/4885 3653/4299/3653 1923/4300/1923
f 1923/4300/1923 1683/4301/1683 1738/576/1738
f 1738/576/1738 4040/4302/4040 3028/577/3028
f 4040/4302/4040 3428/4303/3428 3028/577/3028
f 3428/4303/3428 3027/4304/3027 3028/577/3028
f 3028/577/3028 4829/4305/4829 4828/575/4828
f 4828/575/4828 4885/4298/4885 1738/576/1738
f 4885/4298/4885 1923/4300/1923 1738/576/1738
f 662/3782/662 3958/477/3958 2809/3734/2809
f 2809/3734/2809 953/4306/953 662/3782/662
f 953/4306/953 848/4307/848 662/3782/662
f 2418/4308/2418 2415/4309/2415 2416/4310/2416
f 848/4307/848 2418/4308/2418 662/3782/662
f 2418/4308/2418 2416/4310/2416 2417/4311/2417
f 2417/4311/2417 4152/4312/4152 1858/580/1858
f 4152/4312/4152 4151/4313/4151 4370/578/4370
f 4370/578/4370 1241/3778/1241 3706/579/3706
f 4152/4312/4152 4370/578/4370 1858/580/1858
f 662/3782/662 2418/4308/2418 2417/4311/2417
f 1858/580/1858 3929/4056/3929 2313/3783/2313
f 2313/3783/2313 662/3782/662 1858/580/1858
f 662/3782/662 2417/4311/2417 1858/580/1858
f 4380/581/4380 3719/4314/3719 3718/582/3718
f 516/2702/516 4012/2221/4012 514/586/514
f 4012/2221/4012 2931/2220/2931 514/586/514
f 2931/2220/2931 647/584/647 514/586/514
f 3541/587/3541 3542/4315/3542 1853/4316/1853
f 1853/4316/1853 2002/4317/2002 3541/587/3541
f 2002/4317/2002 4864/4318/4864 4397/588/4397
f 3541/587/3541 2002/4317/2002 4397/588/4397
f 4864/4318/4864 3530/4319/3530 4397/588/4397
f 4397/588/4397 4761/4320/4761 2628/589/2628
f 2628/589/2628 2629/4321/2629 2630/4322/2630
f 2628/589/2628 2630/4322/2630 3541/587/3541
f 4880/590/4880 4597/4323/4597 3312/591/3312
f 1436/786/1436 2188/4324/2188 4405/4325/4405
f 5004/4326/5004 4504/4327/4504 4903/4328/4903
f 1436/786/1436 4405/4325/4405 5004/4326/5004
f 2592/1198/2592 1436/786/1436 5004/4326/5004
f 5004/4326/5004 4903/4328/4903 2592/1198/2592
f 4903/4328/4903 4334/4329/4334 2410/4330/2410
f 4334/4329/4334 4018/4331/4018 546/4332/546
f 4018/4331/4018 4554/4333/4554 546/4332/546
f 4554/4333/4554 4284/4334/4284 546/4332/546
f 2410/4330/2410 2592/1198/2592 4903/4328/4903
f 384/4335/384 547/4336/547 4284/4334/4284
f 547/4336/547 546/4332/546 4284/4334/4284
f 546/4332/546 2410/4330/2410 4334/4329/4334
f 1142/594/1142 2574/4337/2574 1140/3078/1140
f 2574/4337/2574 384/4335/384 1140/3078/1140
f 3066/4338/3066 1202/3079/1202 1140/3078/1140
f 384/4335/384 4284/4334/4284 3066/4338/3066
f 384/4335/384 3066/4338/3066 1140/3078/1140
f 1140/3078/1140 1141/595/1141 1142/594/1142
f 1141/595/1141 1474/561/1474 1293/593/1293
f 1473/4076/1473 2282/4339/2282 1474/561/1474
f 2282/4339/2282 1293/593/1293 1474/561/1474
f 3484/4340/3484 2997/4341/2997 3381/597/3381
f 3381/597/3381 955/4342/955 3863/598/3863
f 955/4342/955 2086/4343/2086 1055/4344/1055
f 3863/598/3863 955/4342/955 1055/4344/1055
f 2086/4343/2086 2469/4345/2469 1055/4344/1055
f 1055/4344/1055 736/4346/736 3863/598/3863
f 3863/598/3863 3407/4347/3407 697/596/697
f 697/596/697 1625/4348/1625 3484/4340/3484
f 1625/4348/1625 1212/4349/1212 3484/4340/3484
f 1212/4349/1212 1213/4350/1213 4632/4351/4632
f 1213/4350/1213 640/4352/640 4632/4351/4632
f 640/4352/640 641/4353/641 3802/4354/3802
f 641/4353/641 3828/4355/3828 3802/4354/3802
f 3828/4355/3828 4244/4356/4244 3802/4354/3802
f 3802/4354/3802 2798/4357/2798 640/4352/640
f 2798/4357/2798 4632/4351/4632 640/4352/640
f 4632/4351/4632 4633/4358/4633 1212/4349/1212
f 4633/4358/4633 3484/4340/3484 1212/4349/1212
f 3484/4340/3484 3381/597/3381 697/596/697
f 1219/599/1219 3583/4359/3583 1218/600/1218
f 3833/4360/3833 3540/4361/3540 3658/3449/3658
f 3540/4361/3540 582/3443/582 3658/3449/3658
f 582/3443/582 584/3447/584 3658/3449/3658
f 3658/3449/3658 4477/3448/4477 3833/4360/3833
f 4477/3448/4477 1186/3451/1186 3833/4360/3833
f 1186/3451/1186 1122/3450/1122 1121/3453/1121
f 1121/3453/1121 1033/3452/1033 3103/3455/3103
f 3103/3455/3103 2307/3454/2307 2308/602/2308
f 1445/3456/1445 2042/3459/2042 4463/3458/4463
f 1121/3453/1121 3103/3455/3103 2323/4362/2323
f 3103/3455/3103 2308/602/2308 2658/604/2658
f 2323/4362/2323 3103/3455/3103 2658/604/2658
f 1445/3456/1445 4463/3458/4463 3131/4363/3131
f 2308/602/2308 1445/3456/1445 1836/603/1836
f 1445/3456/1445 3131/4363/3131 1850/4364/1850
f 3131/4363/3131 109/4365/109 1850/4364/1850
f 1850/4364/1850 793/4366/793 2377/4367/2377
f 1836/603/1836 1837/4368/1837 2658/604/2658
f 1850/4364/1850 2377/4367/2377 1836/603/1836
f 1445/3456/1445 1850/4364/1850 1836/603/1836
f 1186/3451/1186 1121/3453/1121 1589/4369/1589
f 3833/4360/3833 1186/3451/1186 1589/4369/1589
f 1589/4369/1589 3832/4370/3832 3833/4360/3833
f 2323/4362/2323 261/4371/261 1121/3453/1121
f 261/4371/261 1589/4369/1589 1121/3453/1121
f 2658/604/2658 2739/4372/2739 2323/4362/2323
f 5004/4373/5004 4405/4374/4405 4504/4375/4504
f 4405/4374/4405 2147/4376/2147 4504/4375/4504
f 2147/4376/2147 2197/4377/2197 527/4378/527
f 2197/4377/2197 2133/4379/2133 527/4378/527
f 2133/4379/2133 3510/4380/3510 1439/4381/1439
f 3510/4380/3510 3509/4382/3509 1439/4381/1439
f 3509/4382/3509 3858/4383/3858 195/4384/195
f 375/4385/375 3401/4386/3401 1751/4387/1751
f 1751/4387/1751 1765/4388/1765 3771/4389/3771
f 3771/4389/3771 774/4390/774 2858/4391/2858
f 3185/4392/3185 1391/4393/1391 2718/4394/2718
f 1391/4393/1391 4327/4395/4327 2718/4394/2718
f 2718/4394/2718 120/4396/120 3965/4397/3965
f 120/4396/120 4796/4398/4796 3965/4397/3965
f 2858/4391/2858 3185/4392/3185 210/4399/210
f 3185/4392/3185 2718/4394/2718 3965/4397/3965
f 375/4385/375 1751/4387/1751 3419/4400/3419
f 1751/4387/1751 3771/4389/3771 3419/4400/3419
f 3185/4392/3185 3965/4397/3965 3994/4401/3994
f 3771/4389/3771 2858/4391/2858 650/4402/650
f 3419/4400/3419 3771/4389/3771 650/4402/650
f 3185/4392/3185 3994/4401/3994 210/4399/210
f 2858/4391/2858 210/4399/210 3655/4403/3655
f 3994/4401/3994 824/4404/824 826/4405/826
f 825/607/825 3006/4406/3006 2267/4407/2267
f 3994/4401/3994 826/4405/826 2761/4408/2761
f 527/4378/527 2133/4379/2133 1439/4381/1439
f 4335/1318/4335 4334/4409/4334 4903/4410/4903
f 4903/4410/4903 4504/4375/4504 527/4378/527
f 4504/4375/4504 2147/4376/2147 527/4378/527
f 4335/1318/4335 4903/4410/4903 527/4378/527
f 1760/4411/1760 1681/1319/1681 195/4384/195
f 1681/1319/1681 1439/4381/1439 3509/4382/3509
f 195/4384/195 1681/1319/1681 3509/4382/3509
f 2874/4412/2874 1760/4411/1760 375/4385/375
f 650/4402/650 4191/4413/4191 3419/4400/3419
f 1760/4411/1760 195/4384/195 375/4385/375
f 3419/4400/3419 2874/4412/2874 375/4385/375
f 3655/4403/3655 3556/4414/3556 650/4402/650
f 650/4402/650 2858/4391/2858 3655/4403/3655
f 210/4399/210 296/4415/296 3655/4403/3655
f 210/4399/210 3994/4401/3994 2572/4416/2572
f 826/4405/826 825/607/825 1013/4417/1013
f 2572/4416/2572 2573/4418/2573 210/4399/210
f 2572/4416/2572 3994/4401/3994 2761/4408/2761
f 2267/4407/2267 2266/4419/2266 4213/4420/4213
f 2761/4408/2761 826/4405/826 1815/4421/1815
f 825/607/825 2267/4407/2267 3431/605/3431
f 2267/4407/2267 4213/4420/4213 3431/605/3431
f 4762/4422/4762 4185/4423/4185 4184/4424/4184
f 4762/4422/4762 4184/4424/4184 1906/4425/1906
f 775/4426/775 2353/4427/2353 2352/4428/2352
f 4213/4420/4213 4762/4422/4762 1906/4425/1906
f 775/4426/775 2352/4428/2352 4550/4429/4550
f 1906/4425/1906 775/4426/775 4364/4430/4364
f 775/4426/775 4550/4429/4550 3054/4431/3054
f 4882/4432/4882 2936/4433/2936 4022/4434/4022
f 2936/4433/2936 4844/4435/4844 4022/4434/4022
f 775/4426/775 3054/4431/3054 4364/4430/4364
f 4550/4429/4550 4882/4432/4882 3054/4431/3054
f 4022/4434/4022 3887/4436/3887 1026/4437/1026
f 1026/4437/1026 1172/4438/1172 918/4439/918
f 1172/4438/1172 2883/4440/2883 918/4439/918
f 918/4439/918 4309/4441/4309 4070/4442/4070
f 4882/4432/4882 4022/4434/4022 1026/4437/1026
f 4882/4432/4882 1026/4437/1026 4070/4442/4070
f 3054/4431/3054 4070/4442/4070 3426/4443/3426
f 1026/4437/1026 918/4439/918 4070/4442/4070
f 3426/4443/3426 4966/4444/4966 3054/4431/3054
f 4882/4432/4882 4070/4442/4070 3054/4431/3054
f 4213/4420/4213 1906/4425/1906 1401/4445/1401
f 4364/4430/4364 3940/4446/3940 519/4447/519
f 1906/4425/1906 4364/4430/4364 4513/4448/4513
f 2760/4449/2760 2572/4416/2572 2761/4408/2761
f 1906/4425/1906 4513/4448/4513 1401/4445/1401
f 3274/4450/3274 4213/4420/4213 1401/4445/1401
f 4364/4430/4364 519/4447/519 2832/4451/2832
f 2832/4451/2832 4790/4452/4790 4513/4448/4513
f 4513/4448/4513 227/4453/227 226/4454/226
f 226/4454/226 3021/1498/3021 1401/4445/1401
f 1401/4445/1401 3275/4455/3275 3274/4450/3274
f 820/4456/820 3724/1283/3724 2351/4457/2351
f 226/4454/226 1401/4445/1401 4513/4448/4513
f 3274/4450/3274 820/4456/820 2351/4457/2351
f 2351/4457/2351 3048/1282/3048 585/4458/585
f 585/4458/585 3725/1507/3725 3083/4459/3083
f 3725/1507/3725 3222/1509/3222 3083/4459/3083
f 3222/1509/3222 3223/1508/3223 3083/4459/3083
f 3223/1508/3223 2962/4460/2962 3083/4459/3083
f 2962/4460/2962 4528/4461/4528 3083/4459/3083
f 3083/4459/3083 4904/4462/4904 2719/4463/2719
f 3083/4459/3083 2719/4463/2719 2227/4464/2227
f 3274/4450/3274 2351/4457/2351 447/4465/447
f 2351/4457/2351 585/4458/585 3962/4466/3962
f 3274/4450/3274 4273/4467/4273 4213/4420/4213
f 585/4458/585 3083/4459/3083 2227/4464/2227
f 585/4458/585 2227/4464/2227 4711/4468/4711
f 2227/4464/2227 2328/4469/2328 4711/4468/4711
f 2832/4451/2832 4513/4448/4513 4364/4430/4364
f 2328/4469/2328 4805/4470/4805 4711/4468/4711
f 4273/4467/4273 3274/4450/3274 447/4465/447
f 1815/4421/1815 826/4405/826 1013/4417/1013
f 3431/605/3431 4213/4420/4213 4273/4467/4273
f 585/4458/585 4711/4468/4711 18/4471/18
f 4711/4468/4711 4013/4472/4013 18/4471/18
f 585/4458/585 18/4471/18 3544/4473/3544
f 18/4471/18 104/4474/104 3544/4473/3544
f 104/4474/104 3762/4475/3762 3544/4473/3544
f 3544/4473/3544 4388/4476/4388 3962/4466/3962
f 3962/4466/3962 3972/4477/3972 1358/4478/1358
f 1358/4478/1358 257/4479/257 2859/4480/2859
f 2859/4480/2859 716/4481/716 4743/4482/4743
f 4743/4482/4743 3074/4483/3074 3708/4484/3708
f 3074/4483/3074 2589/4485/2589 3708/4484/3708
f 1358/4478/1358 2859/4480/2859 4743/4482/4743
f 3962/4466/3962 1358/4478/1358 2351/4457/2351
f 1358/4478/1358 4743/4482/4743 3363/4486/3363
f 4743/4482/4743 3708/4484/3708 3363/4486/3363
f 3363/4486/3363 2262/4487/2262 561/4488/561
f 561/4488/561 1317/4489/1317 508/4490/508
f 507/4491/507 2557/4492/2557 1035/4493/1035
f 561/4488/561 508/4490/508 507/4491/507
f 1358/4478/1358 3363/4486/3363 2351/4457/2351
f 3363/4486/3363 561/4488/561 507/4491/507
f 1035/4493/1035 2110/4494/2110 2109/4495/2109
f 3363/4486/3363 507/4491/507 2109/4495/2109
f 507/4491/507 1035/4493/1035 2109/4495/2109
f 3544/4473/3544 3962/4466/3962 585/4458/585
f 2762/4496/2762 2761/4408/2761 1815/4421/1815
f 1013/4417/1013 322/4497/322 1815/4421/1815
f 2109/4495/2109 710/4498/710 709/4499/709
f 3363/4486/3363 2109/4495/2109 709/4499/709
f 1013/4417/1013 825/607/825 3377/4500/3377
f 3377/4500/3377 1014/4501/1014 1013/4417/1013
f 3377/4500/3377 825/607/825 2753/606/2753
f 3363/4486/3363 709/4499/709 2351/4457/2351
f 709/4499/709 136/4502/136 447/4465/447
f 447/4465/447 1145/4503/1145 1144/4504/1144
f 1144/4504/1144 3045/4505/3045 4273/4467/4273
f 4273/4467/4273 3607/4506/3607 3431/605/3431
f 3431/605/3431 3169/4507/3169 2753/606/2753
f 2753/606/2753 365/4508/365 3377/4500/3377
f 709/4499/709 447/4465/447 2351/4457/2351
f 447/4465/447 1144/4504/1144 4273/4467/4273
f 1728/608/1728 1727/4509/1727 1453/609/1453
f 4244/4510/4244 3828/4511/3828 1572/3805/1572
f 3828/4511/3828 3093/4512/3093 1572/3805/1572
f 4895/4513/4895 381/4514/381 3919/3806/3919
f 381/4514/381 4183/4515/4183 3919/3806/3919
f 3093/4512/3093 4895/4513/4895 1572/3805/1572
f 2798/4516/2798 3802/4517/3802 4244/4510/4244
f 4633/4518/4633 4632/4519/4632 2798/4516/2798
f 2997/4520/2997 3484/4521/3484 4633/4518/4633
f 955/4522/955 3381/4523/3381 2997/4520/2997
f 2087/4524/2087 2086/4525/2086 955/4522/955
f 2689/4526/2689 2690/4527/2690 2087/4524/2087
f 3353/4528/3353 509/4529/509 4466/4530/4466
f 509/4529/509 2689/4526/2689 955/4522/955
f 4466/4530/4466 509/4529/509 955/4522/955
f 2689/4526/2689 2087/4524/2087 955/4522/955
f 955/4522/955 2997/4520/2997 4633/4518/4633
f 4633/4518/4633 2798/4516/2798 4516/4531/4516
f 2798/4516/2798 4244/4510/4244 4343/4532/4343
f 4183/4515/4183 2603/4533/2603 4243/3797/4243
f 4243/3797/4243 2613/3799/2613 3681/3802/3681
f 2613/3799/2613 3680/3800/3680 3681/3802/3681
f 3681/3802/3681 3526/3801/3526 4027/3804/4027
f 2798/4516/2798 4343/4532/4343 2952/4534/2952
f 955/4522/955 4633/4518/4633 4516/4531/4516
f 4244/4510/4244 1572/3805/1572 2714/3809/2714
f 4183/4515/4183 4243/3797/4243 3681/3802/3681
f 4027/3804/4027 1247/3803/1247 3919/3806/3919
f 4183/4515/4183 3681/3802/3681 4027/3804/4027
f 2016/4535/2016 4466/4530/4466 4516/4531/4516
f 4466/4530/4466 955/4522/955 4516/4531/4516
f 4717/4536/4717 113/4537/113 2524/4538/2524
f 113/4537/113 2016/4535/2016 2524/4538/2524
f 4183/4515/4183 4027/3804/4027 3919/3806/3919
f 2524/4538/2524 2016/4535/2016 4516/4531/4516
f 2952/4534/2952 4516/4531/4516 2798/4516/2798
f 4895/4513/4895 3919/3806/3919 1572/3805/1572
f 2714/3809/2714 2713/3808/2713 2930/3810/2930
f 4244/4510/4244 2714/3809/2714 4343/4532/4343
f 4596/4539/4596 4595/4540/4595 4343/4532/4343
f 2004/612/2004 443/3735/443 894/613/894
f 1050/611/1050 1051/3737/1051 2004/612/2004
f 475/3740/475 1909/3738/1909 1050/611/1050
f 2324/3817/2324 2325/3741/2325 475/3740/475
f 2450/3816/2450 2778/3815/2778 2324/3817/2324
f 1626/3814/1626 2958/3813/2958 2450/3816/2450
f 3730/3812/3730 1386/3811/1386 1626/3814/1626
f 2930/3810/2930 3716/3807/3716 3730/3812/3730
f 2714/3809/2714 2930/3810/2930 4343/4532/4343
f 894/613/894 4596/4539/4596 1050/611/1050
f 4596/4539/4596 4343/4532/4343 2324/3817/2324
f 2930/3810/2930 3730/3812/3730 4343/4532/4343
f 3730/3812/3730 1626/3814/1626 4343/4532/4343
f 1626/3814/1626 2450/3816/2450 4343/4532/4343
f 2450/3816/2450 2324/3817/2324 4343/4532/4343
f 2324/3817/2324 475/3740/475 4596/4539/4596
f 475/3740/475 1050/611/1050 4596/4539/4596
f 3601/614/3601 4631/4541/4631 3602/615/3602
f 4822/294/4822 2292/625/2292 1190/292/1190
f 2292/625/2292 698/617/698 1190/292/1190
f 4328/4542/4328 3516/4543/3516 3669/4544/3669
f 3669/4544/3669 1927/4545/1927 4328/4542/4328
f 1927/4545/1927 3836/621/3836 2839/620/2839
f 3836/621/3836 2878/4546/2878 2232/4547/2232
f 2232/4547/2232 4815/4548/4815 4609/4549/4609
f 4609/4549/4609 3632/4550/3632 3631/4551/3631
f 3631/4551/3631 3778/4552/3778 4716/619/4716
f 4716/619/4716 3507/4553/3507 4446/4554/4446
f 2839/620/2839 4328/4542/4328 1927/4545/1927
f 4716/619/4716 4446/4554/4446 2839/620/2839
f 4609/4549/4609 3631/4551/3631 3836/621/3836
f 3631/4551/3631 4716/619/4716 3836/621/3836
f 3836/621/3836 2232/4547/2232 4609/4549/4609
f 833/2586/833 1152/2582/1152 4678/2577/4678
f 4274/2576/4274 2223/2575/2223 1833/2574/1833
f 833/2586/833 4678/2577/4678 4274/2576/4274
f 2129/2589/2129 1604/2588/1604 1117/2587/1117
f 833/2586/833 4274/2576/4274 3663/4555/3663
f 4274/2576/4274 1833/2574/1833 3663/4555/3663
f 833/2586/833 3663/4555/3663 4238/4556/4238
f 1117/2587/1117 833/2586/833 2299/4557/2299
f 1833/2574/1833 55/2573/55 3903/2572/3903
f 3903/2572/3903 412/2571/412 530/2570/530
f 530/2570/530 4367/2569/4367 3983/2568/3983
f 1778/2567/1778 1779/2566/1779 2372/2565/2372
f 2372/2565/2372 2769/2564/2769 1214/2563/1214
f 1214/2563/1214 392/2562/392 391/2561/391
f 391/2561/391 393/2560/393 4059/2559/4059
f 4059/2559/4059 2811/2553/2811 1257/2555/1257
f 1257/2555/1257 239/4558/239 4059/2559/4059
f 239/4558/239 240/4559/240 4059/2559/4059
f 4077/4560/4077 1017/4561/1017 4396/4562/4396
f 4059/2559/4059 240/4559/240 391/2561/391
f 240/4559/240 4077/4560/4077 1214/2563/1214
f 1214/2563/1214 391/2561/391 240/4559/240
f 4396/4562/4396 4395/4563/4395 2509/4564/2509
f 1214/2563/1214 4077/4560/4077 2372/2565/2372
f 4077/4560/4077 4396/4562/4396 1778/2567/1778
f 2372/2565/2372 4077/4560/4077 1778/2567/1778
f 2509/4564/2509 4346/4565/4346 1600/4566/1600
f 4396/4562/4396 2509/4564/2509 1778/2567/1778
f 1600/4566/1600 942/4567/942 506/4568/506
f 1778/2567/1778 2509/4564/2509 1600/4566/1600
f 3983/2568/3983 1778/2567/1778 1316/4569/1316
f 1778/2567/1778 1600/4566/1600 2378/4570/2378
f 1316/4569/1316 1778/2567/1778 2378/4570/2378
f 506/4568/506 2607/4571/2607 2632/4572/2632
f 1600/4566/1600 506/4568/506 2378/4570/2378
f 1833/2574/1833 3903/2572/3903 3663/4555/3663
f 3903/2572/3903 530/2570/530 1978/4573/1978
f 530/2570/530 3983/2568/3983 1978/4573/1978
f 3101/4574/3101 3481/4575/3481 3102/4576/3102
f 2632/4572/2632 1849/4577/1849 3481/4575/3481
f 3481/4575/3481 3101/4574/3101 506/4568/506
f 506/4568/506 2632/4572/2632 3481/4575/3481
f 1117/2587/1117 2299/4557/2299 746/2603/746
f 1791/2595/1791 2128/2590/2128 2129/2589/2129
f 3102/4576/3102 3481/4575/3481 1546/4578/1546
f 126/2599/126 1791/2595/1791 2129/2589/2129
f 2129/2589/2129 1117/2587/1117 126/2599/126
f 1117/2587/1117 1831/2601/1831 126/2599/126
f 3481/4575/3481 754/4579/754 1546/4578/1546
f 1831/2601/1831 1117/2587/1117 746/2603/746
f 1831/2601/1831 127/2600/127 126/2599/126
f 3102/4576/3102 1546/4578/1546 3039/4580/3039
f 1546/4578/1546 4331/4581/4331 3039/4580/3039
f 746/2603/746 4482/2602/4482 1831/2601/1831
f 3039/4580/3039 2784/4582/2784 3037/4583/3037
f 506/4568/506 3101/4574/3101 2378/4570/2378
f 2732/622/2732 1440/2604/1440 746/2603/746
f 3663/4555/3663 3903/2572/3903 1978/4573/1978
f 3102/4576/3102 3039/4580/3039 749/4584/749
f 3039/4580/3039 3037/4583/3037 3038/4585/3038
f 3038/4585/3038 3640/4586/3640 749/4584/749
f 749/4584/749 2382/4587/2382 3102/4576/3102
f 3038/4585/3038 749/4584/749 3039/4580/3039
f 2140/2606/2140 2139/2605/2139 2732/622/2732
f 2732/622/2732 746/2603/746 2299/4557/2299
f 2299/4557/2299 833/2586/833 4238/4556/4238
f 11/624/11 2141/2607/2141 2140/2606/2140
f 2140/2606/2140 2732/622/2732 11/624/11
f 3983/2568/3983 1316/4569/1316 3757/4588/3757
f 1978/4573/1978 3983/2568/3983 3757/4588/3757
f 1699/2609/1699 1649/2608/1649 11/624/11
f 4487/4589/4487 1876/4590/1876 863/4591/863
f 3101/4574/3101 4487/4589/4487 863/4591/863
f 3292/4592/3292 694/2611/694 1699/2609/1699
f 1699/2609/1699 11/624/11 3988/623/3988
f 863/4591/863 4612/4593/4612 1028/4594/1028
f 3292/4592/3292 1699/2609/1699 3291/4595/3291
f 3280/4596/3280 1699/2609/1699 3988/623/3988
f 3329/4597/3329 3291/4595/3291 3280/4596/3280
f 3280/4596/3280 3291/4595/3291 1699/2609/1699
f 3988/623/3988 3020/4598/3020 3280/4596/3280
f 863/4591/863 1028/4594/1028 1029/4599/1029
f 1029/4599/1029 2241/4600/2241 2378/4570/2378
f 863/4591/863 1029/4599/1029 2378/4570/2378
f 3101/4574/3101 863/4591/863 2378/4570/2378
f 2912/4601/2912 3987/4602/3987 3988/623/3988
f 2378/4570/2378 1315/4603/1315 1316/4569/1316
f 3757/4588/3757 1283/4604/1283 4946/4605/4946
f 1283/4604/1283 893/4606/893 4946/4605/4946
f 2299/4557/2299 4332/4607/4332 2912/4601/2912
f 4238/4556/4238 2017/4608/2017 2299/4557/2299
f 3663/4555/3663 1108/4609/1108 4238/4556/4238
f 1978/4573/1978 3829/4610/3829 3663/4555/3663
f 4946/4605/4946 1818/4611/1818 1978/4573/1978
f 3757/4588/3757 4946/4605/4946 1978/4573/1978
f 2732/622/2732 2912/4601/2912 3988/623/3988
f 2299/4557/2299 2912/4601/2912 2732/622/2732
f 2292/625/2292 2293/1343/2293 1226/626/1226
f 1249/4612/1249 1120/4613/1120 4142/4614/4142
f 1120/4613/1120 529/4615/529 4142/4614/4142
f 529/4615/529 1598/4616/1598 4377/4617/4377
f 4377/4617/4377 1620/4618/1620 923/4619/923
f 923/4619/923 762/4620/762 1758/4621/1758
f 1758/4621/1758 1320/4622/1320 529/4615/529
f 1320/4622/1320 4142/4614/4142 529/4615/529
f 4142/4614/4142 3968/4623/3968 1527/4624/1527
f 3968/4623/3968 4990/4625/4990 1527/4624/1527
f 923/4619/923 1758/4621/1758 4377/4617/4377
f 529/4615/529 4377/4617/4377 1758/4621/1758
f 4142/4614/4142 1527/4624/1527 1249/4612/1249
f 1527/4624/1527 1542/4626/1542 1248/4627/1248
f 1249/4612/1249 1527/4624/1527 1248/4627/1248
f 1542/4626/1542 3295/4628/3295 1997/4629/1997
f 3295/4628/3295 3475/4630/3475 1997/4629/1997
f 1997/4629/1997 2238/4631/2238 4876/4632/4876
f 1542/4626/1542 1997/4629/1997 4876/4632/4876
f 4876/4632/4876 4007/4633/4007 1669/4634/1669
f 1669/4634/1669 4641/4635/4641 4659/4636/4659
f 4659/4636/4659 3787/4637/3787 3177/4638/3177
f 3177/4638/3177 4065/4639/4065 1671/4640/1671
f 1671/4640/1671 2690/4527/2690 2689/4526/2689
f 2689/4526/2689 472/4641/472 471/4642/471
f 472/4641/472 473/4643/473 471/4642/471
f 471/4642/471 797/4644/797 798/4645/798
f 1671/4640/1671 2689/4526/2689 798/4645/798
f 2689/4526/2689 471/4642/471 798/4645/798
f 1669/4634/1669 4659/4636/4659 4519/4646/4519
f 4659/4636/4659 3177/4638/3177 4519/4646/4519
f 3177/4638/3177 1671/4640/1671 612/4647/612
f 1671/4640/1671 798/4645/798 612/4647/612
f 612/4647/612 611/4648/611 3910/4649/3910
f 611/4648/611 2566/4650/2566 3910/4649/3910
f 1542/4626/1542 4876/4632/4876 1248/4627/1248
f 4876/4632/4876 1669/4634/1669 77/4651/77
f 3177/4638/3177 612/4647/612 4433/4652/4433
f 4519/4646/4519 3177/4638/3177 4433/4652/4433
f 3910/4649/3910 3113/4653/3113 4433/4652/4433
f 4433/4652/4433 664/4654/664 4519/4646/4519
f 3114/4655/3114 3595/4656/3595 3596/628/3596
f 3910/4649/3910 4433/4652/4433 612/4647/612
f 2102/4657/2102 78/4658/78 77/4651/77
f 77/4651/77 1248/4627/1248 4876/4632/4876
f 1669/4634/1669 4519/4646/4519 3114/4655/3114
f 1694/4659/1694 2102/4657/2102 1799/4660/1799
f 2102/4657/2102 77/4651/77 1799/4660/1799
f 77/4651/77 1669/4634/1669 1800/630/1800
f 1669/4634/1669 3114/4655/3114 3596/628/3596
f 3596/628/3596 3888/4661/3888 1930/629/1930
f 3888/4661/3888 753/4662/753 1930/629/1930
f 1669/4634/1669 3596/628/3596 1800/630/1800
f 1800/630/1800 1799/4660/1799 77/4651/77
f 1930/629/1930 1798/4663/1798 1800/630/1800
f 1835/631/1835 592/4664/592 3130/632/3130
f 4496/634/4496 4418/4665/4418 2747/635/2747
f 1517/3487/1517 1516/3486/1516 4951/4666/4951
f 1516/3486/1516 501/3489/501 4951/4666/4951
f 501/3489/501 502/3488/502 891/4667/891
f 502/3488/502 1756/637/1756 891/4667/891
f 1756/637/1756 813/3490/813 721/638/721
f 721/638/721 1995/4668/1995 1994/4669/1994
f 1994/4669/1994 1704/639/1704 721/638/721
f 1704/639/1704 891/4667/891 1756/637/1756
f 891/4667/891 30/4670/30 501/3489/501
f 30/4670/30 4951/4666/4951 501/3489/501
f 4951/4666/4951 3331/4671/3331 1517/3487/1517
f 3331/4671/3331 2119/4672/2119 1517/3487/1517
f 2119/4672/2119 2118/4673/2118 2960/3485/2960
f 2118/4673/2118 1609/4674/1609 2960/3485/2960
f 1609/4674/1609 2954/4675/2954 2694/3483/2694
f 2954/4675/2954 1207/4676/1207 2694/3483/2694
f 1207/4676/1207 1206/4677/1206 3071/4678/3071
f 3072/4679/3072 3208/4680/3208 747/3480/747
f 1207/4676/1207 3071/4678/3071 3072/4679/3072
f 1609/4674/1609 2694/3483/2694 2179/3482/2179
f 1207/4676/1207 3072/4679/3072 2694/3483/2694
f 3072/4679/3072 747/3480/747 2694/3483/2694
f 2179/3482/2179 2960/3485/2960 1609/4674/1609
f 2960/3485/2960 2959/3484/2959 2119/4672/2119
f 2959/3484/2959 1517/3487/1517 2119/4672/2119
f 3928/640/3928 3916/1877/3916 3927/641/3927
f 3938/643/3938 3939/3576/3939 1022/644/1022
f 4763/4681/4763 3618/1346/3618 4764/648/4764
f 3618/1346/3618 3332/4682/3332 4498/4683/4498
f 4764/648/4764 3618/1346/3618 987/4684/987
f 4498/4683/4498 987/4684/987 3618/1346/3618
f 987/4684/987 988/4685/988 4764/648/4764
f 988/4685/988 2675/646/2675 4764/648/4764
f 2478/4686/2478 4026/4687/4026 2695/651/2695
f 4026/4687/4026 2264/649/2264 2695/651/2695
f 3653/655/3653 4885/4688/4885 1926/4689/1926
f 1925/4690/1925 1037/4691/1037 3653/655/3653
f 1037/4691/1037 1924/256/1924 3653/655/3653
f 3653/655/3653 1926/4689/1926 1925/4690/1925
f 3939/656/3939 1519/4692/1519 4400/657/4400
f 3216/316/3216 881/318/881 4992/659/4992
f 4616/4693/4616 2111/4694/2111 2855/4695/2855
f 2111/4694/2111 2319/4696/2319 2855/4695/2855
f 2319/4696/2319 717/4697/717 2855/4695/2855
f 2855/4695/2855 1977/4698/1977 450/663/450
f 1977/4698/1977 63/661/63 450/663/450
f 2855/4695/2855 450/663/450 3846/4699/3846
f 63/661/63 564/4700/564 3495/4701/3495
f 564/4700/564 2785/4702/2785 3495/4701/3495
f 2785/4702/2785 3726/4703/3726 3914/109/3914
f 3495/4701/3495 3813/4704/3813 449/662/449
f 2785/4702/2785 3914/109/3914 3495/4701/3495
f 450/663/450 1307/4705/1307 3846/4699/3846
f 3846/4699/3846 4616/4693/4616 2855/4695/2855
f 63/661/63 3495/4701/3495 449/662/449
f 2019/4706/2019 2020/4707/2020 3008/666/3008
f 2020/4707/2020 4552/664/4552 3008/666/3008
f 1403/4708/1403 1404/4709/1404 1402/671/1402
f 1404/4709/1404 1405/2227/1405 1402/671/1402
f 1405/2227/1405 2744/670/2744 1402/671/1402
f 2779/674/2779 3800/4710/3800 4565/672/4565
f 3800/4710/3800 4264/4711/4264 4565/672/4565
f 4264/4711/4264 4190/4712/4190 4565/672/4565
f 4190/4712/4190 4867/4713/4867 4565/672/4565
f 4867/4713/4867 3564/4714/3564 4565/672/4565
f 4259/677/4259 4924/4715/4924 4136/675/4136
f 4136/675/4136 3035/4716/3035 138/676/138
f 1238/678/1238 1239/4717/1239 3897/679/3897
f 73/681/73 510/4718/510 1252/682/1252
f 2282/686/2282 1473/4719/1473 1898/4720/1898
f 1473/4719/1473 2979/4721/2979 1898/4720/1898
f 2979/4721/2979 1296/4722/1296 1898/4720/1898
f 1898/4720/1898 3824/684/3824 2282/686/2282
f 3824/684/3824 4393/4723/4393 409/685/409
f 4393/4723/4393 3790/4724/3790 409/685/409
f 409/685/409 1293/4725/1293 2282/686/2282
f 4493/687/4493 4528/4726/4528 2962/688/2962
f 4854/690/4854 2159/4727/2159 4852/691/4852
f 3097/694/3097 279/4728/279 58/4729/58
f 58/4729/58 59/959/59 2410/4330/2410
f 2410/4330/2410 546/4332/546 58/4729/58
f 546/4332/546 547/4336/547 58/4729/58
f 547/4336/547 384/4335/384 2574/4337/2574
f 1142/594/1142 1293/593/1293 3790/4730/3790
f 1293/593/1293 409/4731/409 3790/4730/3790
f 547/4336/547 2574/4337/2574 4393/695/4393
f 58/4729/58 547/4336/547 3097/694/3097
f 2574/4337/2574 1142/594/1142 3790/4730/3790
f 4393/695/4393 3824/4732/3824 4134/4733/4134
f 3824/4732/3824 3334/4734/3334 4134/4733/4134
f 2574/4337/2574 3790/4730/3790 4393/695/4393
f 3097/694/3097 547/4336/547 4393/695/4393
f 133/693/133 132/4735/132 3097/694/3097
f 4134/4733/4134 121/4736/121 133/693/133
f 4393/695/4393 4134/4733/4134 133/693/133
f 3885/696/3885 4169/4737/4169 4170/697/4170
f 4116/4738/4116 4361/4739/4361 4999/1506/4999
f 4999/1506/4999 3572/1505/3572 4116/4738/4116
f 3572/1505/3572 2103/699/2103 4016/4740/4016
f 2103/699/2103 3938/4741/3938 4105/4742/4105
f 3938/4741/3938 2575/4743/2575 4105/4742/4105
f 4105/4742/4105 1020/4744/1020 1357/4745/1357
f 3572/1505/3572 4016/4740/4016 4116/4738/4116
f 1526/4746/1526 4699/4747/4699 4016/4740/4016
f 2103/699/2103 4105/4742/4105 1357/4745/1357
f 1357/4745/1357 1356/4748/1356 3959/700/3959
f 3959/700/3959 2195/4749/2195 2419/4750/2419
f 2195/4749/2195 3758/4751/3758 2419/4750/2419
f 2419/4750/2419 4252/4752/4252 2345/701/2345
f 2103/699/2103 1357/4745/1357 3959/700/3959
f 1526/4746/1526 4016/4740/4016 2103/699/2103
f 2345/701/2345 4991/4753/4991 1526/4746/1526
f 3959/700/3959 2419/4750/2419 2345/701/2345
f 1526/4746/1526 2103/699/2103 2345/701/2345
f 173/4754/173 1487/4755/1487 1007/4756/1007
f 1487/4755/1487 1610/4757/1610 1611/702/1611
f 1611/702/1611 3430/4758/3430 1477/703/1477
f 1487/4755/1487 1611/702/1611 1007/4756/1007
f 3429/704/3429 1007/4756/1007 1611/702/1611
f 2452/705/2452 599/4759/599 598/706/598
f 599/4759/599 597/1027/597 598/706/598
f 598/706/598 3837/4760/3837 1582/707/1582
f 3837/4760/3837 1655/1296/1655 3654/1295/3654
f 1914/3752/1914 2079/3751/2079 2452/705/2452
f 1348/3747/1348 3351/3750/3351 1914/3752/1914
f 1582/707/1582 1981/4761/1981 2452/705/2452
f 1981/4761/1981 1348/3747/1348 1914/3752/1914
f 2452/705/2452 1981/4761/1981 1914/3752/1914
f 3654/1295/3654 2317/722/2317 1582/707/1582
f 3837/4760/3837 3654/1295/3654 1582/707/1582
f 518/4762/518 4413/4763/4413 4858/710/4858
f 4413/4763/4413 3359/4764/3359 4858/710/4858
f 3359/4764/3359 4246/708/4246 4858/710/4858
f 4723/4765/4723 2192/4766/2192 4714/4767/4714
f 4714/4767/4714 4401/940/4401 4723/4765/4723
f 4401/940/4401 3485/4768/3485 4723/4765/4723
f 3485/4768/3485 3630/939/3630 3015/4769/3015
f 3630/939/3630 4147/4770/4147 3015/4769/3015
f 3015/4769/3015 1734/4771/1734 1733/4772/1733
f 4622/4773/4622 4723/4765/4723 3485/4768/3485
f 3485/4768/3485 3015/4769/3015 1733/4772/1733
f 1733/4772/1733 1608/13/1608 4622/4773/4622
f 1608/13/1608 425/15/425 4818/4774/4818
f 425/15/425 4969/14/4969 1476/4775/1476
f 4701/712/4701 3344/4776/3344 3343/4777/3343
f 425/15/425 1476/4775/1476 424/711/424
f 1476/4775/1476 4701/712/4701 424/711/424
f 4622/4773/4622 3485/4768/3485 1733/4772/1733
f 4818/4774/4818 4622/4773/4622 1608/13/1608
f 4701/712/4701 3343/4777/3343 3979/4778/3979
f 3979/4778/3979 1408/4779/1408 1114/4780/1114
f 1114/4780/1114 590/4781/590 2546/4782/2546
f 590/4781/590 4605/4783/4605 2546/4782/2546
f 2546/4782/2546 2547/1585/2547 2548/2448/2548
f 4701/712/4701 3979/4778/3979 997/214/997
f 3979/4778/3979 1114/4780/1114 2548/2448/2548
f 997/214/997 3979/4778/3979 2548/2448/2548
f 424/711/424 4818/4774/4818 425/15/425
f 1114/4780/1114 2546/4782/2546 2548/2448/2548
f 2548/2448/2548 3804/215/3804 997/214/997
f 2472/4784/2472 2471/4785/2471 1848/1467/1848
f 1847/713/1847 4532/103/4532 1691/726/1691
f 2472/4784/2472 1848/1467/1848 1847/713/1847
f 3641/4786/3641 3121/4787/3121 2472/4784/2472
f 3798/4788/3798 1654/1581/1654 3641/4786/3641
f 4092/4789/4092 880/968/880 3798/4788/3798
f 1900/715/1900 3142/4790/3142 4092/4789/4092
f 4163/4791/4163 1373/4792/1373 1900/715/1900
f 1963/4793/1963 719/4794/719 4163/4791/4163
f 3695/727/3695 2421/4136/2421 3248/714/3248
f 2421/4136/2421 2174/4795/2174 3248/714/3248
f 2174/4795/2174 1963/4793/1963 4163/4791/4163
f 4163/4791/4163 1900/715/1900 3248/714/3248
f 1900/715/1900 4092/4789/4092 1847/713/1847
f 4163/4791/4163 3248/714/3248 2174/4795/2174
f 4092/4789/4092 3798/4788/3798 3641/4786/3641
f 3641/4786/3641 2472/4784/2472 4092/4789/4092
f 2472/4784/2472 1847/713/1847 4092/4789/4092
f 1847/713/1847 1691/726/1691 3248/714/3248
f 472/4641/472 2689/4526/2689 438/4796/438
f 2689/4526/2689 509/4529/509 2994/4797/2994
f 438/4796/438 2689/4526/2689 2994/4797/2994
f 509/4529/509 3353/4528/3353 134/4798/134
f 3353/4528/3353 113/4537/113 3877/4799/3877
f 134/4798/134 3353/4528/3353 3877/4799/3877
f 113/4537/113 4717/4536/4717 738/4800/738
f 4717/4536/4717 4718/4801/4718 738/4800/738
f 113/4537/113 738/4800/738 1613/4802/1613
f 738/4800/738 739/4803/739 3621/4804/3621
f 1613/4802/1613 738/4800/738 3710/4805/3710
f 739/4803/739 2953/4806/2953 1740/4807/1740
f 760/4808/760 2952/4534/2952 4343/4532/4343
f 1740/4807/1740 760/4808/760 4595/4540/4595
f 760/4808/760 4343/4532/4343 4595/4540/4595
f 4595/4540/4595 3234/4809/3234 3622/4810/3622
f 739/4803/739 1740/4807/1740 3621/4804/3621
f 1740/4807/1740 4595/4540/4595 3622/4810/3622
f 1740/4807/1740 3622/4810/3622 3621/4804/3621
f 3710/4805/3710 738/4800/738 2061/4811/2061
f 2698/4812/2698 4596/4539/4596 894/613/894
f 738/4800/738 3621/4804/3621 2061/4811/2061
f 3621/4804/3621 2698/4812/2698 894/613/894
f 438/4796/438 3319/4813/3319 472/4641/472
f 4164/4814/4164 48/4815/48 438/4796/438
f 2994/4797/2994 2928/4816/2928 4164/4814/4164
f 3742/4817/3742 1197/4818/1197 2994/4797/2994
f 2038/4819/2038 3434/4820/3434 3742/4817/3742
f 2039/4821/2039 2037/4822/2037 2038/4819/2038
f 134/4798/134 4060/4823/4060 2039/4821/2039
f 3877/4799/3877 1581/4824/1581 134/4798/134
f 2337/4825/2337 1061/4826/1061 3877/4799/3877
f 1613/4802/1613 3012/4827/3012 2337/4825/2337
f 3710/4805/3710 3217/4828/3217 1613/4802/1613
f 2061/4811/2061 4222/4829/4222 3710/4805/3710
f 627/4830/627 2060/4831/2060 2061/4811/2061
f 1311/4832/1311 626/4833/626 627/4830/627
f 2318/4834/2318 1310/4835/1310 2540/4836/2540
f 1310/4835/1310 1311/4832/1311 2540/4836/2540
f 1311/4832/1311 627/4830/627 3621/4804/3621
f 627/4830/627 2061/4811/2061 3621/4804/3621
f 1613/4802/1613 2337/4825/2337 113/4537/113
f 2337/4825/2337 3877/4799/3877 113/4537/113
f 2540/4836/2540 1311/4832/1311 894/613/894
f 894/613/894 1311/4832/1311 3621/4804/3621
f 1348/3747/1348 1981/4761/1981 1349/3748/1349
f 1981/4761/1981 2599/4837/2599 1349/3748/1349
f 2599/4837/2599 2540/4836/2540 894/613/894
f 134/4798/134 2039/4821/2039 509/4529/509
f 3583/3745/3583 1950/3746/1950 2976/3749/2976
f 1218/4838/1218 3583/3745/3583 2976/3749/2976
f 2134/311/2134 5006/1278/5006 5005/4839/5005
f 5005/4839/5005 1218/4838/1218 2976/3749/2976
f 5005/4839/5005 2976/3749/2976 1349/3748/1349
f 3543/273/3543 2135/312/2135 2134/311/2134
f 2134/311/2134 5005/4839/5005 444/3732/444
f 5005/4839/5005 1349/3748/1349 443/3735/443
f 2134/311/2134 444/3732/444 3375/3731/3375
f 2039/4821/2039 2038/4819/2038 509/4529/509
f 2038/4819/2038 3742/4817/3742 509/4529/509
f 3742/4817/3742 2994/4797/2994 509/4529/509
f 2994/4797/2994 4164/4814/4164 438/4796/438
f 894/613/894 443/3735/443 1349/3748/1349
f 443/3735/443 444/3732/444 5005/4839/5005
f 3375/3731/3375 550/2945/550 3506/716/3506
f 3375/3731/3375 3506/716/3506 2134/311/2134
f 1349/3748/1349 2599/4837/2599 894/613/894
f 3151/717/3151 3150/4840/3150 4921/718/4921
f 2599/4837/2599 1981/4761/1981 2598/4841/2598
f 1981/4761/1981 1582/707/1582 2598/4841/2598
f 2317/722/2317 3654/1295/3654 4976/4842/4976
f 4568/721/4568 4471/4843/4471 2598/4841/2598
f 3638/720/3638 4068/4844/4068 4568/721/4568
f 1666/4845/1666 676/4846/676 3638/720/3638
f 2317/722/2317 4976/4842/4976 3638/720/3638
f 4976/4842/4976 1666/4845/1666 3638/720/3638
f 2598/4841/2598 1582/707/1582 4568/721/4568
f 1582/707/1582 2317/722/2317 4568/721/4568
f 1064/724/1064 351/38/351 4420/4847/4420
f 351/38/351 4421/37/4421 4420/4847/4420
f 4420/4847/4420 4727/4848/4727 4896/4849/4896
f 2273/4850/2273 4039/1910/4039 1064/724/1064
f 3373/4851/3373 3391/4852/3391 2970/723/2970
f 2970/723/2970 2273/4850/2273 1064/724/1064
f 1064/724/1064 4420/4847/4420 2089/725/2089
f 4420/4847/4420 4896/4849/4896 2089/725/2089
f 4896/4849/4896 4994/4853/4994 4406/4854/4406
f 4406/4854/4406 1523/4855/1523 4896/4849/4896
f 1523/4855/1523 2089/725/2089 4896/4849/4896
f 2089/725/2089 1030/4856/1030 3373/4851/3373
f 3373/4851/3373 2970/723/2970 2089/725/2089
f 1691/726/1691 1690/2082/1690 3695/727/3695
f 356/4857/356 2026/4858/2026 4962/4859/4962
f 2026/4858/2026 4188/4860/4188 4962/4859/4962
f 1685/4861/1685 2027/4862/2027 2213/4863/2213
f 2213/4863/2213 1631/4864/1631 1648/1645/1648
f 1631/4864/1631 1796/12/1796 1648/1645/1648
f 1648/1645/1648 4746/1644/4746 4745/4865/4745
f 2213/4863/2213 1648/1645/1648 4745/4865/4745
f 4745/4865/4745 4748/1647/4748 4916/4866/4916
f 4916/4866/4916 111/4867/111 2176/4868/2176
f 111/4867/111 4434/4869/4434 2176/4868/2176
f 2176/4868/2176 396/4870/396 4923/4871/4923
f 2213/4863/2213 4745/4865/4745 4916/4866/4916
f 1685/4861/1685 2213/4863/2213 4923/4871/4923
f 2213/4863/2213 4916/4866/4916 2176/4868/2176
f 4923/4871/4923 2213/4863/2213 2176/4868/2176
f 4923/4871/4923 38/4872/38 37/4873/37
f 37/4873/37 40/4874/40 1101/4875/1101
f 4923/4871/4923 37/4873/37 1685/4861/1685
f 37/4873/37 1101/4875/1101 1685/4861/1685
f 1857/4876/1857 4468/4877/4468 2371/4878/2371
f 4468/4877/4468 356/4857/356 2371/4878/2371
f 2371/4878/2371 39/4879/39 1857/4876/1857
f 4962/4859/4962 1295/4880/1295 356/4857/356
f 1295/4880/1295 2371/4878/2371 356/4857/356
f 1074/732/1074 1685/4861/1685 1101/4875/1101
f 4963/733/4963 4962/4859/4962 4188/4860/4188
f 1074/732/1074 1101/4875/1101 4963/733/4963
f 4963/733/4963 4188/4860/4188 3868/731/3868
f 3834/734/3834 4797/4881/4797 3598/735/3598
f 2479/4882/2479 1752/4883/1752 4863/4884/4863
f 4863/4884/4863 4362/4885/4362 4915/4886/4915
f 4915/4886/4915 3182/4887/3182 3283/4888/3283
f 3283/4888/3283 3696/4889/3696 3386/4890/3386
f 3386/4890/3386 3907/4891/3907 3385/4892/3385
f 3907/4891/3907 4917/4893/4917 3451/4894/3451
f 3385/4892/3385 3907/4891/3907 3451/4894/3451
f 4917/4893/4917 4918/4895/4918 3451/4894/3451
f 3451/4894/3451 3452/4896/3452 3385/4892/3385
f 2551/4897/2551 2550/4898/2550 4303/4899/4303
f 2550/4898/2550 3002/4900/3002 4303/4899/4303
f 3386/4890/3386 3385/4892/3385 2551/4897/2551
f 4863/4884/4863 4915/4886/4915 3701/4901/3701
f 4915/4886/4915 3283/4888/3283 806/4902/806
f 3701/4901/3701 4915/4886/4915 806/4902/806
f 3283/4888/3283 3386/4890/3386 2551/4897/2551
f 4303/4899/4303 4666/4903/4666 3633/4904/3633
f 3283/4888/3283 2551/4897/2551 3633/4904/3633
f 2551/4897/2551 4303/4899/4303 3633/4904/3633
f 2479/4882/2479 4863/4884/4863 609/4905/609
f 2577/4906/2577 2576/4907/2576 2479/4882/2479
f 3966/4908/3966 3288/4909/3288 2716/4910/2716
f 3288/4909/3288 2577/4906/2577 2716/4910/2716
f 2577/4906/2577 2479/4882/2479 615/4911/615
f 4863/4884/4863 3701/4901/3701 1821/4912/1821
f 609/4905/609 4863/4884/4863 1821/4912/1821
f 3633/4904/3633 4036/4913/4036 806/4902/806
f 806/4902/806 3023/4914/3023 3701/4901/3701
f 3701/4901/3701 4165/4915/4165 1821/4912/1821
f 1821/4912/1821 1822/4916/1822 609/4905/609
f 609/4905/609 4931/4917/4931 615/4911/615
f 615/4911/615 614/4918/614 2805/4919/2805
f 281/4920/281 390/4921/390 282/4922/282
f 390/4921/390 4483/4923/4483 282/4922/282
f 609/4905/609 615/4911/615 2479/4882/2479
f 615/4911/615 2805/4919/2805 2716/4910/2716
f 4483/4923/4483 1873/4924/1873 282/4922/282
f 3991/737/3991 996/4925/996 995/4926/995
f 281/4920/281 282/4922/282 3991/737/3991
f 2805/4919/2805 281/4920/281 2717/739/2717
f 281/4920/281 3991/737/3991 2717/739/2717
f 3991/737/3991 995/4926/995 2840/738/2840
f 995/4926/995 3528/4927/3528 2840/738/2840
f 3528/4927/3528 2841/4928/2841 2840/738/2840
f 2840/738/2840 2673/4929/2673 2717/739/2717
f 2717/739/2717 2716/4910/2716 2805/4919/2805
f 2716/4910/2716 2577/4906/2577 615/4911/615
f 3283/4888/3283 3633/4904/3633 806/4902/806
f 873/4930/873 1896/4931/1896 3566/4932/3566
f 3566/4932/3566 17/4933/17 4013/4934/4013
f 17/4933/17 18/4935/18 4013/4934/4013
f 4013/4934/4013 4711/4936/4711 873/4930/873
f 4711/4936/4711 4805/4937/4805 805/742/805
f 2973/741/2973 874/4938/874 873/4930/873
f 873/4930/873 3566/4932/3566 4013/4934/4013
f 4711/4936/4711 805/742/805 873/4930/873
f 4805/4937/4805 4947/4939/4947 805/742/805
f 805/742/805 3521/4940/3521 2978/4941/2978
f 2973/741/2973 873/4930/873 805/742/805
f 1825/740/1825 2972/4942/2972 2973/741/2973
f 4479/4943/4479 2564/4944/2564 1825/740/1825
f 805/742/805 2978/4941/2978 1825/740/1825
f 2978/4941/2978 4479/4943/4479 1825/740/1825
f 3910/4945/3910 2566/4946/2566 3113/4947/3113
f 2566/4946/2566 2567/4948/2567 238/4949/238
f 238/4949/238 237/4950/237 464/4951/464
f 2566/4946/2566 238/4949/238 3113/4947/3113
f 664/745/664 4433/4952/4433 3113/4947/3113
f 464/4951/464 465/4953/465 2349/4954/2349
f 465/4953/465 711/4955/711 2349/4954/2349
f 3113/4947/3113 238/4949/238 1814/4956/1814
f 238/4949/238 464/4951/464 1814/4956/1814
f 3114/4957/3114 4519/4958/4519 3595/744/3595
f 4519/4958/4519 664/745/664 3595/744/3595
f 664/745/664 3113/4947/3113 1814/4956/1814
f 2349/4954/2349 3537/4959/3537 3538/4960/3538
f 2349/4954/2349 3538/4960/3538 1814/4956/1814
f 464/4951/464 2349/4954/2349 1814/4956/1814
f 3888/743/3888 3596/4961/3596 3595/744/3595
f 1814/4956/1814 3888/743/3888 664/745/664
f 3957/4962/3957 722/4963/722 1347/4964/1347
f 2161/4965/2161 3559/1474/3559 3560/748/3560
f 3560/748/3560 3737/1475/3737 1245/4966/1245
f 1245/4966/1245 1210/4967/1210 2687/4968/2687
f 1210/4967/1210 1982/4969/1982 2687/4968/2687
f 2687/4968/2687 3854/4970/3854 2909/4971/2909
f 1347/4964/1347 2161/4965/2161 3957/4962/3957
f 2161/4965/2161 3560/748/3560 3957/4962/3957
f 1245/4966/1245 2687/4968/2687 2909/4971/2909
f 467/4972/467 3956/4973/3956 3957/4962/3957
f 468/747/468 3712/4974/3712 467/4972/467
f 3204/746/3204 3205/4975/3205 468/747/468
f 4415/4976/4415 4416/4977/4416 3204/746/3204
f 2909/4971/2909 2758/4978/2758 4415/4976/4415
f 3560/748/3560 1245/4966/1245 3204/746/3204
f 1245/4966/1245 2909/4971/2909 4415/4976/4415
f 467/4972/467 3957/4962/3957 3560/748/3560
f 468/747/468 467/4972/467 3560/748/3560
f 1245/4966/1245 4415/4976/4415 3204/746/3204
f 4684/257/4684 4207/4979/4207 1946/750/1946
f 4207/4979/4207 3759/4980/3759 1946/750/1946
f 3759/4980/3759 3514/749/3514 1946/750/1946
f 3514/749/3514 3515/4981/3515 3873/258/3873
f 4517/4982/4517 1075/4983/1075 4695/752/4695
f 1075/4983/1075 33/4984/33 4132/4985/4132
f 4695/752/4695 1075/4983/1075 4132/4985/4132
f 4695/752/4695 4194/4986/4194 4680/4987/4680
f 4194/4986/4194 2815/4988/2815 4680/4987/4680
f 4680/4987/4680 4649/4989/4649 1301/753/1301
f 3673/751/3673 4517/4982/4517 4695/752/4695
f 4695/752/4695 4680/4987/4680 1301/753/1301
f 1301/753/1301 1437/4990/1437 4512/4991/4512
f 1437/4990/1437 4503/4992/4503 4512/4991/4512
f 4512/4991/4512 3673/751/3673 1301/753/1301
f 4121/756/4121 3772/4993/3772 3721/4994/3721
f 3772/4993/3772 4968/4995/4968 3721/4994/3721
f 3721/4994/3721 700/4996/700 4121/756/4121
f 700/4996/700 4943/754/4943 4121/756/4121
f 4605/4997/4605 590/4998/590 4128/4999/4128
f 590/4998/590 4502/5000/4502 2423/5001/2423
f 4128/4999/4128 590/4998/590 2423/5001/2423
f 4128/4999/4128 4129/5002/4129 4130/5003/4130
f 4712/757/4712 3882/5004/3882 3883/5005/3883
f 4128/4999/4128 4130/5003/4130 4605/4997/4605
f 4130/5003/4130 4712/757/4712 4605/4997/4605
f 2823/759/2823 2792/5006/2792 4605/4997/4605
f 4401/5007/4401 4714/5008/4714 2823/759/2823
f 3883/5005/3883 4696/5009/4696 1612/758/1612
f 1612/758/1612 4401/5007/4401 2823/759/2823
f 2823/759/2823 4605/4997/4605 4712/757/4712
f 4712/757/4712 3883/5005/3883 1612/758/1612
f 3420/762/3420 1192/5010/1192 4439/5011/4439
f 4439/5011/4439 4476/760/4476 3420/762/3420
f 1366/765/1366 165/2838/165 4112/5012/4112
f 165/2838/165 2907/5013/2907 4112/5012/4112
f 2907/5013/2907 3754/5014/3754 3753/5015/3753
f 3753/5015/3753 575/5016/575 2907/5013/2907
f 575/5016/575 4112/5012/4112 2907/5013/2907
f 4112/5012/4112 1364/763/1364 1366/765/1366
f 1803/766/1803 1804/5017/1804 3525/767/3525
f 496/3889/496 1951/5018/1951 495/771/495
f 1951/5018/1951 489/5019/489 495/771/495
f 489/5019/489 4949/5020/4949 495/771/495
f 4949/5020/4949 3895/769/3895 495/771/495
f 150/772/150 3823/5021/3823 943/773/943
f 2017/5022/2017 4238/5023/4238 1108/5024/1108
f 1108/5024/1108 3663/5025/3663 3829/5026/3829
f 3829/5026/3829 1978/5027/1978 1818/5028/1818
f 1818/5028/1818 4946/5029/4946 893/774/893
f 1283/775/1283 3757/5030/3757 1315/5031/1315
f 3757/5030/3757 1316/5032/1316 1315/5031/1315
f 3829/5026/3829 1818/5028/1818 893/774/893
f 1108/5024/1108 3829/5026/3829 893/774/893
f 4332/5033/4332 2299/5034/2299 2017/5022/2017
f 3987/5035/3987 2912/5036/2912 4332/5033/4332
f 3020/5037/3020 3988/5038/3988 3987/5035/3987
f 3329/5039/3329 3280/5040/3280 3020/5037/3020
f 3316/5041/3316 3291/5042/3291 3317/5043/3317
f 3291/5042/3291 3329/5039/3329 3317/5043/3317
f 4276/2843/4276 3317/5043/3317 3329/5039/3329
f 3905/5044/3905 2397/2826/2397 1108/5024/1108
f 2397/2826/2397 4276/2843/4276 3020/5037/3020
f 1108/5024/1108 2397/2826/2397 4332/5033/4332
f 1876/5045/1876 2304/5046/2304 863/5047/863
f 2304/5046/2304 3905/5044/3905 4612/5048/4612
f 4612/5048/4612 863/5047/863 2304/5046/2304
f 2241/5049/2241 1029/5050/1029 1028/776/1028
f 1028/776/1028 4612/5048/4612 3905/5044/3905
f 3020/5037/3020 3987/5035/3987 4332/5033/4332
f 4276/2843/4276 3329/5039/3329 3020/5037/3020
f 1028/776/1028 3905/5044/3905 1108/5024/1108
f 1315/5031/1315 2378/5051/2378 2241/5049/2241
f 2241/5049/2241 1028/776/1028 1283/775/1283
f 893/774/893 1028/776/1028 1108/5024/1108
f 3020/5037/3020 4332/5033/4332 2397/2826/2397
f 4332/5033/4332 2017/5022/2017 1108/5024/1108
f 1283/775/1283 1315/5031/1315 2241/5049/2241
f 4067/777/4067 1424/506/1424 4629/778/4629
f 3715/780/3715 3662/5052/3662 4546/781/4546
f 957/785/957 3139/1637/3139 542/5053/542
f 3139/1637/3139 1705/1643/1705 2441/1641/2441
f 2441/1641/2441 542/5053/542 3139/1637/3139
f 543/783/543 3232/5054/3232 3735/784/3735
f 542/5053/542 543/783/543 957/785/957
f 1436/786/1436 2592/1198/2592 1554/787/1554
f 2103/699/2103 3572/1505/3572 4127/5055/4127
f 3572/1505/3572 3870/1504/3870 4127/5055/4127
f 3870/1504/3870 4999/1506/4999 4671/5056/4671
f 4999/1506/4999 3869/5057/3869 4671/5056/4671
f 4671/5056/4671 2728/5058/2728 1902/5059/1902
f 3938/4741/3938 2103/699/2103 4488/5060/4488
f 1577/5061/1577 2103/699/2103 4127/5055/4127
f 1519/5062/1519 3939/5063/3939 3938/4741/3938
f 1592/5064/1592 4400/5065/4400 1519/5062/1519
f 1594/5066/1594 1595/5067/1595 1592/5064/1592
f 1721/5068/1721 2291/5069/2291 4311/5070/4311
f 2291/5069/2291 1593/5071/1593 4311/5070/4311
f 1593/5071/1593 1594/5066/1594 1592/5064/1592
f 1519/5062/1519 3938/4741/3938 4488/5060/4488
f 2103/699/2103 1577/5061/1577 4488/5060/4488
f 1593/5071/1593 1592/5064/1592 4311/5070/4311
f 1592/5064/1592 1519/5062/1519 4311/5070/4311
f 4488/5060/4488 4955/5072/4955 4311/5070/4311
f 4127/5055/4127 764/5073/764 1577/5061/1577
f 4488/5060/4488 4311/5070/4311 1519/5062/1519
f 3870/1504/3870 4671/5056/4671 1902/5059/1902
f 3536/5074/3536 1104/5075/1104 4127/5055/4127
f 1902/5059/1902 103/5076/103 4535/791/4535
f 4127/5055/4127 3870/1504/3870 3536/5074/3536
f 3870/1504/3870 1902/5059/1902 801/5077/801
f 3536/5074/3536 3870/1504/3870 2781/5078/2781
f 2781/5078/2781 4323/5079/4323 3536/5074/3536
f 2781/5078/2781 3870/1504/3870 613/5080/613
f 4535/791/4535 4534/5081/4534 1541/5082/1541
f 1902/5059/1902 4535/791/4535 2215/790/2215
f 613/5080/613 4521/5083/4521 2781/5078/2781
f 613/5080/613 3870/1504/3870 801/5077/801
f 1541/5082/1541 4021/5084/4021 1588/5085/1588
f 4535/791/4535 1541/5082/1541 1208/5086/1208
f 801/5077/801 802/5087/802 613/5080/613
f 801/5077/801 1902/5059/1902 3053/5088/3053
f 4535/791/4535 1208/5086/1208 4006/789/4006
f 1541/5082/1541 1588/5085/1588 4376/5089/4376
f 4376/5089/4376 4729/5090/4729 1208/5086/1208
f 4729/5090/4729 3674/5091/3674 1208/5086/1208
f 1208/5086/1208 1261/5092/1261 4006/789/4006
f 1541/5082/1541 4376/5089/4376 1208/5086/1208
f 3053/5088/3053 3052/5093/3052 801/5077/801
f 3053/5088/3053 1902/5059/1902 2215/790/2215
f 4006/789/4006 884/5094/884 2215/790/2215
f 2215/790/2215 3051/5095/3051 3053/5088/3053
f 3352/5096/3352 3825/5097/3825 2530/794/2530
f 3825/5097/3825 762/4620/762 935/5098/935
f 935/5098/935 3064/5099/3064 200/5100/200
f 3064/5099/3064 1235/5101/1235 200/5100/200
f 3825/5097/3825 935/5098/935 2530/794/2530
f 4646/793/4646 4648/5102/4648 2530/794/2530
f 1235/5101/1235 4448/5103/4448 3491/5104/3491
f 4448/5103/4448 3296/1240/3296 3491/5104/3491
f 2530/794/2530 935/5098/935 2276/792/2276
f 2276/792/2276 935/5098/935 200/5100/200
f 2950/5105/2950 2951/5106/2951 4646/793/4646
f 3491/5104/3491 594/280/594 1892/282/1892
f 1892/282/1892 1893/281/1893 1235/5101/1235
f 1893/281/1893 1668/5107/1668 1235/5101/1235
f 1668/5107/1668 199/5108/199 1235/5101/1235
f 199/5108/199 200/5100/200 1235/5101/1235
f 2276/792/2276 3610/5109/3610 3611/5110/3611
f 3491/5104/3491 1892/282/1892 1235/5101/1235
f 1538/5111/1538 1302/5112/1302 2950/5105/2950
f 3611/5110/3611 1538/5111/1538 2950/5105/2950
f 3611/5110/3611 2950/5105/2950 4646/793/4646
f 2276/792/2276 3611/5110/3611 4646/793/4646
f 1227/55/1227 1659/2131/1659 1228/796/1228
f 1659/2131/1659 24/5113/24 1228/796/1228
f 24/5113/24 1660/795/1660 1228/796/1228
f 4602/5114/4602 3890/5115/3890 3889/802/3889
f 3890/5115/3890 1952/5116/1952 3889/802/3889
f 1952/5116/1952 2678/800/2678 3889/802/3889
f 4533/803/4533 4042/1540/4042 2076/804/2076
f 4809/805/4809 3463/5117/3463 2374/806/2374
f 4365/810/4365 3165/5118/3165 2457/5119/2457
f 2457/5119/2457 4509/5120/4509 3411/5121/3411
f 3411/5121/3411 954/5122/954 3866/904/3866
f 3866/904/3866 4514/5123/4514 4181/5124/4181
f 4181/5124/4181 1955/5125/1955 2620/5126/2620
f 2620/5126/2620 1670/5127/1670 3871/5128/3871
f 2157/5129/2157 2158/5130/2158 2985/5131/2985
f 2620/5126/2620 3871/5128/3871 2157/5129/2157
f 3411/5121/3411 3866/904/3866 4181/5124/4181
f 4181/5124/4181 2620/5126/2620 2157/5129/2157
f 2985/5131/2985 3569/5132/3569 4841/5133/4841
f 3569/5132/3569 4359/5134/4359 4841/5133/4841
f 4181/5124/4181 2157/5129/2157 2985/5131/2985
f 2457/5119/2457 3411/5121/3411 4181/5124/4181
f 319/5135/319 2702/5136/2702 4365/810/4365
f 4365/810/4365 2457/5119/2457 4181/5124/4181
f 4181/5124/4181 2985/5131/2985 4945/808/4945
f 4841/5133/4841 2067/5137/2067 4945/808/4945
f 2985/5131/2985 4841/5133/4841 4945/808/4945
f 319/5135/319 4365/810/4365 1619/5138/1619
f 4365/810/4365 4181/5124/4181 4945/808/4945
f 1619/5138/1619 4365/810/4365 4655/809/4655
f 4032/5139/4032 4031/5140/4031 319/5135/319
f 4000/5141/4000 2759/5142/2759 2535/5143/2535
f 2759/5142/2759 4032/5139/4032 2535/5143/2535
f 1619/5138/1619 2890/5144/2890 2535/5143/2535
f 4032/5139/4032 319/5135/319 1619/5138/1619
f 4945/808/4945 1530/5145/1530 4655/809/4655
f 4655/809/4655 1777/5146/1777 1619/5138/1619
f 1777/5146/1777 3678/5147/3678 1619/5138/1619
f 1619/5138/1619 2535/5143/2535 4032/5139/4032
f 2079/3751/2079 871/3744/871 743/3754/743
f 871/3744/871 872/3755/872 743/3754/743
f 743/3754/743 744/3753/744 745/3757/745
f 599/4759/599 2452/705/2452 2079/3751/2079
f 1253/5148/1253 597/1027/597 599/4759/599
f 4996/5149/4996 1253/5148/1253 599/4759/599
f 599/4759/599 2079/3751/2079 4996/5149/4996
f 2079/3751/2079 743/3754/743 745/3757/745
f 745/3757/745 2045/3756/2045 2046/3759/2046
f 2079/3751/2079 745/3757/745 2046/3759/2046
f 5000/5150/5000 4996/5149/4996 2046/3759/2046
f 2046/3759/2046 4996/5149/4996 2079/3751/2079
f 4548/5151/4548 4979/5152/4979 5000/5150/5000
f 4738/5153/4738 4998/5154/4998 4548/5151/4548
f 4218/5155/4218 4217/5156/4217 583/5157/583
f 4738/5153/4738 4548/5151/4548 1789/5158/1789
f 4548/5151/4548 5000/5150/5000 1789/5158/1789
f 2046/3759/2046 4842/3758/4842 1789/5158/1789
f 5000/5150/5000 2046/3759/2046 1789/5158/1789
f 1789/5158/1789 2538/216/2538 4738/5153/4738
f 898/2449/898 899/841/899 779/5159/779
f 583/5157/583 4738/5153/4738 2538/216/2538
f 898/2449/898 779/5159/779 4581/5160/4581
f 779/5159/779 1285/900/1285 1926/4689/1926
f 583/5157/583 2538/216/2538 898/2449/898
f 4218/5155/4218 583/5157/583 898/2449/898
f 779/5159/779 1926/4689/1926 4581/5160/4581
f 1926/4689/1926 4885/4688/4885 4581/5160/4581
f 4581/5160/4581 4828/5161/4828 4829/5162/4829
f 4829/5162/4829 3028/5163/3028 3027/5164/3027
f 4581/5160/4581 4829/5162/4829 898/2449/898
f 4829/5162/4829 3027/5164/3027 4218/5155/4218
f 898/2449/898 4829/5162/4829 4218/5155/4218
f 4639/5165/4639 4218/5155/4218 3428/5166/3428
f 3428/5166/3428 4218/5155/4218 3027/5164/3027
f 5012/5167/5012 4689/5168/4689 4485/5169/4485
f 4689/5168/4689 4932/5170/4932 4040/5171/4040
f 4485/5169/4485 4689/5168/4689 4040/5171/4040
f 3931/5172/3931 4486/5173/4486 4485/5169/4485
f 4972/1492/4972 4787/5174/4787 4199/1340/4199
f 4787/5174/4787 3931/5172/3931 1924/256/1924
f 4199/1340/4199 1924/256/1924 3517/5175/3517
f 1676/5176/1676 1679/1341/1679 3602/1081/3602
f 1679/1341/1679 3517/5175/3517 2902/1344/2902
f 1677/5177/1677 1676/5176/1676 3602/1081/3602
f 1679/1341/1679 2902/1344/2902 3602/1081/3602
f 4199/1340/4199 4787/5174/4787 1924/256/1924
f 3931/5172/3931 4485/5169/4485 4040/5171/4040
f 4040/5171/4040 1738/5178/1738 1683/254/1683
f 4639/5165/4639 3428/5166/3428 4932/5170/4932
f 3428/5166/3428 4040/5171/4040 4932/5170/4932
f 4040/5171/4040 1683/254/1683 3931/5172/3931
f 1683/254/1683 1924/256/1924 3931/5172/3931
f 1037/4691/1037 1925/4690/1925 1286/899/1286
f 1037/4691/1037 1286/899/1286 2080/5179/2080
f 1924/256/1924 1037/4691/1037 3517/5175/3517
f 2080/5179/2080 2903/898/2903 2902/1344/2902
f 2903/898/2903 3603/1345/3603 2902/1344/2902
f 3517/5175/3517 1037/4691/1037 2080/5179/2080
f 3517/5175/3517 2080/5179/2080 2902/1344/2902
f 3602/1081/3602 1724/35/1724 1677/5177/1677
f 1724/35/1724 4046/34/4046 4675/5180/4675
f 4046/34/4046 1083/268/1083 4045/5181/4045
f 4675/5180/4675 4046/34/4046 4045/5181/4045
f 1724/35/1724 4675/5180/4675 4674/5182/4674
f 1724/35/1724 4674/5182/4674 1677/5177/1677
f 1082/5183/1082 1084/5184/1084 2938/2001/2938
f 1084/5184/1084 3360/5185/3360 2938/2001/2938
f 1677/5177/1677 4674/5182/4674 236/5186/236
f 4674/5182/4674 1082/5183/1082 26/813/26
f 236/5186/236 4674/5182/4674 1580/5187/1580
f 235/3594/235 2922/429/2922 236/5186/236
f 236/5186/236 1580/5187/1580 1680/5188/1680
f 3360/5185/3360 4984/270/4984 4983/5189/4983
f 1680/5188/1680 235/3594/235 236/5186/236
f 634/5190/634 2055/430/2055 235/3594/235
f 235/3594/235 1680/5188/1680 345/5191/345
f 235/3594/235 345/5191/345 634/5190/634
f 634/5190/634 345/5191/345 2733/5192/2733
f 4003/5193/4003 635/1491/635 2783/5194/2783
f 635/1491/635 634/5190/634 2733/5192/2733
f 2783/5194/2783 635/1491/635 2733/5192/2733
f 4178/5195/4178 3687/5196/3687 2783/5194/2783
f 4178/5195/4178 2783/5194/2783 2733/5192/2733
f 2733/5192/2733 345/5191/345 632/5197/632
f 818/5198/818 631/5199/631 4445/5200/4445
f 631/5199/631 632/5197/632 4445/5200/4445
f 632/5197/632 345/5191/345 4445/5200/4445
f 4445/5200/4445 345/5191/345 1586/5201/1586
f 974/5202/974 4445/5200/4445 1586/5201/1586
f 974/5202/974 1586/5201/1586 1443/5203/1443
f 4281/5204/4281 3722/5205/3722 3191/5206/3191
f 3196/5207/3196 4672/5208/4672 4281/5204/4281
f 676/4846/676 1666/4845/1666 3196/5207/3196
f 4068/4844/4068 3638/720/3638 676/4846/676
f 4471/4843/4471 4568/721/4568 4068/4844/4068
f 2599/4837/2599 2598/4841/2598 4471/4843/4471
f 2318/4834/2318 2540/4836/2540 4471/4843/4471
f 2540/4836/2540 2599/4837/2599 4471/4843/4471
f 626/4833/626 1311/4832/1311 1310/4835/1310
f 2318/4834/2318 4471/4843/4471 4068/4844/4068
f 676/4846/676 3196/5207/3196 4281/5204/4281
f 2318/4834/2318 4068/4844/4068 676/4846/676
f 1310/4835/1310 2318/4834/2318 3191/5206/3191
f 2318/4834/2318 676/4846/676 4281/5204/4281
f 3191/5206/3191 2318/4834/2318 4281/5204/4281
f 3191/5206/3191 974/5202/974 1310/4835/1310
f 626/4833/626 1310/4835/1310 974/5202/974
f 2060/4831/2060 627/4830/627 1842/5209/1842
f 627/4830/627 626/4833/626 1842/5209/1842
f 4222/4829/4222 2061/4811/2061 2060/4831/2060
f 1842/5209/1842 857/5210/857 2060/4831/2060
f 857/5210/857 4222/4829/4222 2060/4831/2060
f 1586/5201/1586 856/5211/856 1443/5203/1443
f 1443/5203/1443 1842/5209/1842 626/4833/626
f 626/4833/626 974/5202/974 1443/5203/1443
f 345/5191/345 3892/5212/3892 1586/5201/1586
f 3360/5185/3360 4983/5189/4983 2593/64/2593
f 1580/5187/1580 4674/5182/4674 26/813/26
f 2999/5213/2999 2336/269/2336 1899/1894/1899
f 4983/5189/4983 2999/5213/2999 3225/5214/3225
f 2999/5213/2999 1899/1894/1899 1179/1449/1179
f 3225/5214/3225 2999/5213/2999 1179/1449/1179
f 3225/5214/3225 4067/5215/4067 2593/64/2593
f 2593/64/2593 4097/1997/4097 2938/2001/2938
f 3225/5214/3225 2593/64/2593 4983/5189/4983
f 2593/64/2593 2938/2001/2938 3360/5185/3360
f 1680/5188/1680 2321/5216/2321 345/5191/345
f 1580/5187/1580 3498/5217/3498 1680/5188/1680
f 2938/2001/2938 1903/811/1903 1082/5183/1082
f 1082/5183/1082 1903/811/1903 26/813/26
f 1988/5218/1988 1580/5187/1580 26/813/26
f 840/812/840 3961/66/3961 579/2000/579
f 1327/5219/1327 1940/5220/1940 1941/5221/1941
f 1086/5222/1086 2138/5223/2138 1328/5224/1328
f 2138/5223/2138 1327/5219/1327 1328/5224/1328
f 2627/5225/2627 3665/5226/3665 1328/5224/1328
f 1328/5224/1328 1327/5219/1327 1169/5227/1169
f 1327/5219/1327 1941/5221/1941 1169/5227/1169
f 1169/5227/1169 2627/5225/2627 1328/5224/1328
f 2220/5228/2220 1308/5229/1308 1169/5227/1169
f 26/813/26 2219/5230/2219 1988/5218/1988
f 2219/5230/2219 2220/5228/2220 1988/5218/1988
f 1222/5231/1222 2035/5232/2035 840/812/840
f 2035/5232/2035 26/813/26 840/812/840
f 904/5233/904 1044/5234/1044 1222/5231/1222
f 3806/5235/3806 3805/5236/3805 905/5237/905
f 904/5233/904 1222/5231/1222 579/2000/579
f 3806/5235/3806 905/5237/905 1447/3001/1447
f 905/5237/905 904/5233/904 1447/3001/1447
f 3123/1355/3123 3786/5238/3786 3806/5235/3806
f 1355/3002/1355 1354/337/1354 1447/3001/1447
f 1447/3001/1447 3123/1355/3123 3806/5235/3806
f 1222/5231/1222 840/812/840 579/2000/579
f 1447/3001/1447 904/5233/904 579/2000/579
f 2220/5228/2220 1169/5227/1169 1941/5221/1941
f 1988/5218/1988 2220/5228/2220 1941/5221/1941
f 579/2000/579 4543/65/4543 1355/3002/1355
f 4543/65/4543 1352/3003/1352 1355/3002/1355
f 579/2000/579 1355/3002/1355 1447/3001/1447
f 2900/816/2900 1897/5239/1897 1726/5240/1726
f 1726/5240/1726 772/814/772 2900/816/2900
f 4707/817/4707 1575/5241/1575 3842/5242/3842
f 1575/5241/1575 1574/5243/1574 3842/5242/3842
f 3842/5242/3842 2664/5244/2664 3773/818/3773
f 2664/5244/2664 4702/5245/4702 3773/818/3773
f 2156/5246/2156 143/5247/143 4707/817/4707
f 4691/5248/4691 4179/5249/4179 3226/819/3226
f 3226/819/3226 2156/5246/2156 4707/817/4707
f 4707/817/4707 3842/5242/3842 3773/818/3773
f 3773/818/3773 4691/5248/4691 3226/819/3226
f 1701/5250/1701 3969/1239/3969 1059/373/1059
f 735/3385/735 4469/372/4469 2673/5251/2673
f 4469/372/4469 2114/3384/2114 2673/5251/2673
f 735/3385/735 2673/5251/2673 2841/5252/2841
f 1701/5250/1701 1059/373/1059 735/3385/735
f 981/1600/981 3856/1004/3856 3851/1003/3851
f 3851/1003/3851 1701/5250/1701 735/3385/735
f 2114/3384/2114 1387/3382/1387 3288/5253/3288
f 1387/3382/1387 3287/3383/3287 3288/5253/3288
f 3851/1003/3851 735/3385/735 3650/5254/3650
f 661/5255/661 981/1600/981 3851/1003/3851
f 3650/5254/3650 3105/5256/3105 661/5255/661
f 995/5257/995 4857/5258/4857 4856/5259/4856
f 3650/5254/3650 661/5255/661 3851/1003/3851
f 3528/5260/3528 995/5257/995 4856/5259/4856
f 4856/5259/4856 3650/5254/3650 3528/5260/3528
f 735/3385/735 2841/5252/2841 3528/5260/3528
f 3287/3383/3287 1189/3381/1189 2576/5261/2576
f 1189/3381/1189 1111/5262/1111 325/5263/325
f 325/5263/325 2431/5264/2431 1309/5265/1309
f 1189/3381/1189 325/5263/325 4362/5266/4362
f 2576/5261/2576 1189/3381/1189 1752/5267/1752
f 3650/5254/3650 735/3385/735 3528/5260/3528
f 2673/5251/2673 2840/5268/2840 2841/5252/2841
f 325/5263/325 1309/5265/1309 3182/5269/3182
f 2673/5251/2673 2114/3384/2114 3966/5270/3966
f 2716/5271/2716 2717/5272/2717 3966/5270/3966
f 2717/5272/2717 2673/5251/2673 3966/5270/3966
f 1309/5265/1309 2504/5273/2504 3907/5274/3907
f 2504/5273/2504 2375/820/2375 2710/822/2710
f 2114/3384/2114 3288/5253/3288 3966/5270/3966
f 1752/5267/1752 1189/3381/1189 4362/5266/4362
f 3288/5253/3288 3287/3383/3287 2576/5261/2576
f 2576/5261/2576 2577/5275/2577 3288/5253/3288
f 1752/5267/1752 2479/5276/2479 2576/5261/2576
f 2375/820/2375 816/5277/816 3522/5278/3522
f 816/5277/816 3183/5279/3183 2806/5280/2806
f 3492/5281/3492 816/5277/816 2836/5282/2836
f 3183/5279/3183 3304/5283/3304 2806/5280/2806
f 2806/5280/2806 3132/5284/3132 2836/5282/2836
f 2836/5282/2836 3616/5285/3616 3492/5281/3492
f 3492/5281/3492 2529/5286/2529 3522/5278/3522
f 3522/5278/3522 170/5287/170 171/5288/171
f 171/5288/171 1079/5289/1079 3736/821/3736
f 3522/5278/3522 171/5288/171 2375/820/2375
f 171/5288/171 3736/821/3736 2375/820/2375
f 2806/5280/2806 2836/5282/2836 816/5277/816
f 4362/5266/4362 325/5263/325 3182/5269/3182
f 4362/5266/4362 4863/5290/4863 1752/5267/1752
f 3182/5269/3182 4915/5291/4915 4362/5266/4362
f 3696/5292/3696 3283/5293/3283 3182/5269/3182
f 3907/5274/3907 3386/5294/3386 3696/5292/3696
f 2519/5295/2519 4917/5296/4917 3606/5297/3606
f 4917/5296/4917 3907/5274/3907 2711/5298/2711
f 3606/5297/3606 4917/5296/4917 1060/5299/1060
f 4673/5300/4673 4232/5301/4232 2519/5295/2519
f 1060/5299/1060 3810/5302/3810 3606/5297/3606
f 3606/5297/3606 4673/5300/4673 2519/5295/2519
f 3907/5274/3907 3696/5292/3696 1309/5265/1309
f 1060/5299/1060 4917/5296/4917 737/5303/737
f 737/5303/737 1107/5304/1107 1060/5299/1060
f 737/5303/737 4917/5296/4917 3945/5305/3945
f 3945/5305/3945 4917/5296/4917 815/5306/815
f 3696/5292/3696 3182/5269/3182 1309/5265/1309
f 815/5306/815 4917/5296/4917 2711/5298/2711
f 3945/5305/3945 3946/5307/3946 737/5303/737
f 815/5306/815 1479/5308/1479 3945/5305/3945
f 3907/5274/3907 2504/5273/2504 2711/5298/2711
f 2504/5273/2504 2710/822/2710 2711/5298/2711
f 816/5277/816 3492/5281/3492 3522/5278/3522
f 2711/5298/2711 3276/5309/3276 815/5306/815
f 686/5310/686 1859/5311/1859 1329/5312/1329
f 4043/5313/4043 4041/5314/4041 4042/5315/4042
f 4043/5313/4043 4042/5315/4042 4533/5316/4533
f 4785/5317/4785 686/5310/686 2395/5318/2395
f 686/5310/686 1329/5312/1329 2918/1078/2918
f 2395/5318/2395 686/5310/686 2918/1078/2918
f 1329/5312/1329 4043/5313/4043 4533/5316/4533
f 2685/5319/2685 4140/5320/4140 1329/5312/1329
f 4140/5320/4140 912/5321/912 423/5322/423
f 2918/1078/2918 4140/5320/4140 423/5322/423
f 1329/5312/1329 4533/5316/4533 2685/5319/2685
f 4140/5320/4140 2918/1078/2918 1329/5312/1329
f 912/5321/912 2579/5323/2579 2146/5324/2146
f 2579/5323/2579 2580/5325/2580 3149/5326/3149
f 2580/5325/2580 3393/5327/3393 3149/5326/3149
f 3393/5327/3393 3394/5328/3394 3109/5329/3109
f 3149/5326/3149 2146/5324/2146 2579/5323/2579
f 2146/5324/2146 4037/5330/4037 912/5321/912
f 3393/5327/3393 3109/5329/3109 3149/5326/3149
f 4037/5330/4037 4635/5331/4635 4883/5332/4883
f 4635/5331/4635 3549/5333/3549 4883/5332/4883
f 423/5322/423 1520/5334/1520 3371/1153/3371
f 423/5322/423 912/5321/912 4038/5335/4038
f 423/5322/423 3371/1153/3371 2918/1078/2918
f 4038/5335/4038 912/5321/912 3579/823/3579
f 3579/823/3579 912/5321/912 4883/5332/4883
f 4037/5330/4037 4883/5332/4883 912/5321/912
f 3579/823/3579 1747/5336/1747 4987/824/4987
f 1747/5336/1747 3380/5337/3380 4987/824/4987
f 3380/5337/3380 2098/5338/2098 2099/5339/2099
f 3380/5337/3380 2099/5339/2099 4987/824/4987
f 4988/825/4988 4038/5335/4038 3579/823/3579
f 653/826/653 654/5340/654 323/827/323
f 3650/829/3650 4856/697/4856 4857/830/4857
f 2353/5341/2353 775/5342/775 1906/5343/1906
f 2353/5341/2353 1906/5343/1906 4184/5344/4184
f 4882/5345/4882 4550/5346/4550 2352/5347/2352
f 2352/5347/2352 2353/5341/2353 2936/5348/2936
f 2353/5341/2353 4184/5344/4184 2936/5348/2936
f 4185/5349/4185 4762/5350/4762 4213/5351/4213
f 4185/5349/4185 4213/5351/4213 2266/5352/2266
f 2266/5352/2266 2267/5353/2267 3006/5354/3006
f 3006/5354/3006 825/5355/825 824/5356/824
f 825/5355/825 826/5357/826 824/5356/824
f 824/5356/824 3994/5358/3994 4796/5359/4796
f 3994/5358/3994 3965/5360/3965 4796/5359/4796
f 4185/5349/4185 2266/5352/2266 3006/5354/3006
f 4184/5344/4184 4185/5349/4185 4327/5361/4327
f 4185/5349/4185 3006/5354/3006 120/5362/120
f 120/5362/120 2718/5363/2718 4327/5361/4327
f 824/5356/824 4796/5359/4796 3006/5354/3006
f 4796/5359/4796 120/5362/120 3006/5354/3006
f 4185/5349/4185 120/5362/120 4327/5361/4327
f 2936/5348/2936 4882/5345/4882 2352/5347/2352
f 2936/5348/2936 4184/5344/4184 3858/5364/3858
f 4184/5344/4184 4327/5361/4327 3858/5364/3858
f 4844/533/4844 2936/5348/2936 3510/5365/3510
f 1391/5366/1391 3185/5367/3185 774/5368/774
f 3185/5367/3185 2858/5369/2858 774/5368/774
f 2936/5348/2936 3858/5364/3858 3510/5365/3510
f 4327/5361/4327 1391/5366/1391 3858/5364/3858
f 3347/4027/3347 4844/533/4844 3510/5365/3510
f 774/5368/774 3771/5370/3771 1765/5371/1765
f 1765/5371/1765 1751/5372/1751 3401/5373/3401
f 3401/5373/3401 375/5374/375 3858/5364/3858
f 375/5374/375 195/5375/195 3858/5364/3858
f 3858/5364/3858 3509/5376/3509 3510/5365/3510
f 774/5368/774 1765/5371/1765 1391/5366/1391
f 1765/5371/1765 3401/5373/3401 1391/5366/1391
f 3858/5364/3858 1391/5366/1391 3401/5373/3401
f 3348/5377/3348 3347/4027/3347 3510/5365/3510
f 3510/5365/3510 2133/5378/2133 3348/5377/3348
f 2133/5378/2133 2197/5379/2197 3348/5377/3348
f 2197/5379/2197 2147/133/2147 419/2182/419
f 1026/5380/1026 3887/534/3887 1067/5381/1067
f 1067/5381/1067 3348/5377/3348 1172/834/1172
f 3348/5377/3348 2197/5379/2197 419/2182/419
f 419/2182/419 401/5382/401 402/832/402
f 402/832/402 1428/5383/1428 1173/833/1173
f 419/2182/419 402/832/402 1172/834/1172
f 1172/834/1172 1026/5380/1026 1067/5381/1067
f 3348/5377/3348 419/2182/419 1172/834/1172
f 1173/833/1173 2170/5384/2170 2883/1052/2883
f 1173/833/1173 2883/1052/2883 1172/834/1172
f 4364/835/4364 3054/5385/3054 4966/836/4966
f 3996/838/3996 2008/5386/2008 3399/839/3399
f 779/5159/779 899/841/899 2245/843/2245
f 899/841/899 2537/218/2537 173/842/173
f 2537/218/2537 1487/5387/1487 173/842/173
f 173/842/173 1007/5388/1007 2245/843/2245
f 1007/5388/1007 776/5389/776 2245/843/2245
f 2245/843/2245 778/5390/778 779/5159/779
f 2850/5391/2850 2845/5392/2845 2849/5393/2849
f 2845/5392/2845 3738/5394/3738 3960/846/3960
f 3960/846/3960 3738/5394/3738 4665/5395/4665
f 4665/5395/4665 4664/5396/4664 4948/844/4948
f 2849/5393/2849 2845/5392/2845 2637/5397/2637
f 4481/5398/4481 4480/5399/4480 4750/5400/4750
f 4480/5399/4480 2849/5393/2849 4750/5400/4750
f 4948/844/4948 3935/5401/3935 3030/845/3030
f 2845/5392/2845 3960/846/3960 2637/5397/2637
f 4665/5395/4665 4948/844/4948 3960/846/3960
f 2637/5397/2637 3108/5402/3108 2849/5393/2849
f 3108/5402/3108 4750/5400/4750 2849/5393/2849
f 229/847/229 5013/5403/5013 4336/848/4336
f 1210/4967/1210 1245/4966/1245 4094/5404/4094
f 1245/4966/1245 3737/1475/3737 544/5405/544
f 4094/5404/4094 1245/4966/1245 1692/5406/1692
f 3737/1475/3737 3559/1474/3559 2161/4965/2161
f 2161/4965/2161 1347/4964/1347 3118/3896/3118
f 1347/4964/1347 3588/5407/3588 3589/5408/3589
f 3589/5408/3589 3727/5409/3727 817/5410/817
f 1347/4964/1347 3589/5408/3589 817/5410/817
f 421/5411/421 1210/4967/1210 4094/5404/4094
f 1347/4964/1347 817/5410/817 1783/850/1783
f 3118/3896/3118 1347/4964/1347 3098/1466/3098
f 1692/5406/1692 1245/4966/1245 544/5405/544
f 422/5412/422 4094/5404/4094 680/5413/680
f 680/5413/680 4094/5404/4094 1692/5406/1692
f 1692/5406/1692 3308/5414/3308 680/5413/680
f 4598/5415/4598 3971/5416/3971 1692/5406/1692
f 3812/5417/3812 3811/5418/3811 4599/5419/4599
f 4598/5415/4598 1692/5406/1692 312/5420/312
f 4538/5421/4538 3812/5417/3812 4599/5419/4599
f 4599/5419/4599 4598/5415/4598 4538/5421/4538
f 1692/5406/1692 544/5405/544 312/5420/312
f 4538/5421/4538 4598/5415/4598 312/5420/312
f 4230/5422/4230 902/5423/902 4062/3982/4062
f 902/5423/902 4538/5421/4538 4062/3982/4062
f 4062/3982/4062 3231/3984/3231 4230/5422/4230
f 525/5424/525 3188/3983/3188 4062/3982/4062
f 312/5420/312 2933/5425/2933 2977/5426/2977
f 2977/5426/2977 525/5424/525 4062/3982/4062
f 4062/3982/4062 4538/5421/4538 312/5420/312
f 312/5420/312 2977/5426/2977 4062/3982/4062
f 2091/1292/2091 544/5405/544 3737/1475/3737
f 2896/3921/2896 2091/1292/2091 1737/3899/1737
f 2091/1292/2091 3737/1475/3737 1737/3899/1737
f 1737/3899/1737 3384/500/3384 2896/3921/2896
f 3118/3896/3118 454/3895/454 2161/4965/2161
f 454/3895/454 1737/3899/1737 2161/4965/2161
f 2814/1464/2814 3098/1466/3098 1347/4964/1347
f 3318/3544/3318 3338/3543/3338 4458/538/4458
f 3338/3543/3338 1783/850/1783 1885/536/1885
f 4458/538/4458 3338/3543/3338 1885/536/1885
f 1783/850/1783 2814/1464/2814 1347/4964/1347
f 1737/3899/1737 3737/1475/3737 2161/4965/2161
f 3463/5117/3463 1866/4028/1866 1885/536/1885
f 817/5410/817 1224/5427/1224 1223/5428/1223
f 3463/5117/3463 1885/536/1885 2374/806/2374
f 1885/536/1885 1783/850/1783 2374/806/2374
f 1223/5428/1223 2116/5429/2116 4559/851/4559
f 1783/850/1783 817/5410/817 1223/5428/1223
f 1922/5430/1922 714/807/714 2374/806/2374
f 1223/5428/1223 4559/851/4559 1783/850/1783
f 4559/851/4559 1922/5430/1922 2374/806/2374
f 4543/852/4543 4630/508/4630 1763/853/1763
f 2399/857/2399 2269/5431/2269 2591/2860/2591
f 2591/2860/2591 2379/855/2379 2399/857/2399
f 4195/858/4195 1672/5432/1672 2665/859/2665
f 1672/5432/1672 3025/5433/3025 2665/859/2665
f 2665/859/2665 3507/5434/3507 3778/5435/3778
f 3507/5434/3507 4716/5436/4716 3778/5435/3778
f 1151/3649/1151 1052/3648/1052 4195/858/4195
f 3631/5437/3631 3632/860/3632 3778/5435/3778
f 3632/860/3632 1151/3649/1151 4195/858/4195
f 3778/5435/3778 3632/860/3632 2665/859/2665
f 1739/861/1739 2152/5438/2152 2073/862/2073
f 4438/864/4438 4703/5439/4703 4520/865/4520
f 3249/5440/3249 4564/1171/4564 4381/1173/4381
f 4381/1173/4381 730/1325/730 3249/5440/3249
f 730/1325/730 2700/5441/2700 3326/5442/3326
f 2700/5441/2700 648/1324/648 2822/5443/2822
f 648/1324/648 455/5444/455 2822/5443/2822
f 1890/868/1890 3523/5445/3523 2052/5446/2052
f 730/1325/730 3326/5442/3326 3249/5440/3249
f 3326/5442/3326 2700/5441/2700 2822/5443/2822
f 1063/5447/1063 3250/5448/3250 3326/5442/3326
f 3250/5448/3250 3249/5440/3249 3326/5442/3326
f 2052/5446/2052 2053/5449/2053 2622/5450/2622
f 2622/5450/2622 3553/5451/3553 2986/5452/2986
f 2986/5452/2986 2987/5453/2987 1165/5454/1165
f 1165/5454/1165 1164/5455/1164 1868/5456/1868
f 1868/5456/1868 1867/5457/1867 1956/5458/1956
f 1868/5456/1868 1956/5458/1956 2748/5459/2748
f 2986/5452/2986 1165/5454/1165 3905/5044/3905
f 1165/5454/1165 1868/5456/1868 3905/5044/3905
f 2622/5450/2622 2986/5452/2986 3905/5044/3905
f 1868/5456/1868 2748/5459/2748 3905/5044/3905
f 2052/5446/2052 2622/5450/2622 3905/5044/3905
f 196/5460/196 197/5461/197 2403/2833/2403
f 2748/5459/2748 196/5460/196 2706/2827/2706
f 3905/5044/3905 2748/5459/2748 2397/2826/2397
f 196/5460/196 2403/2833/2403 1535/2831/1535
f 2748/5459/2748 2706/2827/2706 2397/2826/2397
f 2403/2833/2403 1536/2832/1536 1535/2831/1535
f 1535/2831/1535 1215/2829/1215 2706/2827/2706
f 2304/5046/2304 1876/5045/1876 2382/5462/2382
f 1876/5045/1876 4487/5463/4487 2382/5462/2382
f 1535/2831/1535 2706/2827/2706 196/5460/196
f 2304/5046/2304 2382/5462/2382 749/5464/749
f 2304/5046/2304 749/5464/749 623/5465/623
f 749/5464/749 3640/5466/3640 623/5465/623
f 2052/5446/2052 3905/5044/3905 2304/5046/2304
f 1890/868/1890 2052/5446/2052 623/5465/623
f 2052/5446/2052 2304/5046/2304 623/5465/623
f 3640/5466/3640 4282/5467/4282 623/5465/623
f 623/5465/623 4080/5468/4080 1875/5469/1875
f 455/5444/455 1890/868/1890 3926/5470/3926
f 3926/5470/3926 3176/5471/3176 455/5444/455
f 3176/5471/3176 2822/5443/2822 455/5444/455
f 1890/868/1890 623/5465/623 1875/5469/1875
f 3926/5470/3926 1890/868/1890 3244/867/3244
f 1875/5469/1875 3917/3537/3917 3483/406/3483
f 3244/867/3244 1549/5472/1549 3926/5470/3926
f 370/408/370 1469/5473/1469 3244/867/3244
f 1875/5469/1875 3483/406/3483 1890/868/1890
f 3483/406/3483 370/408/370 1890/868/1890
f 559/2457/559 694/5474/694 1770/2455/1770
f 694/5474/694 3292/871/3292 693/870/693
f 1770/2455/1770 694/5474/694 693/870/693
f 3292/871/3292 3291/5475/3291 3316/869/3316
f 4747/872/4747 4748/5476/4748 4745/873/4745
f 3670/875/3670 2522/5477/2522 1927/876/1927
f 3095/880/3095 4473/5478/4473 4697/878/4697
f 4697/878/4697 4698/5479/4698 2697/879/2697
f 769/5480/769 3694/4128/3694 3207/885/3207
f 3694/4128/3694 1460/886/1460 3207/885/3207
f 1460/886/1460 4520/5481/4520 4703/5482/4703
f 4703/5482/4703 4438/1579/4438 4708/5483/4708
f 264/884/264 4709/5484/4709 3207/885/3207
f 4703/5482/4703 4708/5483/4708 264/884/264
f 4703/5482/4703 264/884/264 1460/886/1460
f 263/887/263 4312/5485/4312 3155/888/3155
f 2884/5486/2884 3358/5487/3358 2722/5488/2722
f 2722/5488/2722 1599/931/1599 966/930/966
f 720/5489/720 1430/5490/1430 1429/5491/1429
f 2722/5488/2722 966/930/966 720/5489/720
f 2884/5486/2884 2722/5488/2722 720/5489/720
f 1429/5491/1429 95/5492/95 2333/5493/2333
f 2884/5486/2884 720/5489/720 1689/5494/1689
f 720/5489/720 1429/5491/1429 1689/5494/1689
f 3516/5495/3516 2652/5496/2652 3357/5497/3357
f 3357/5497/3357 2884/5486/2884 3524/5498/3524
f 2333/5493/2333 2334/5499/2334 1689/5494/1689
f 2884/5486/2884 1689/5494/1689 973/5500/973
f 1429/5491/1429 2333/5493/2333 1689/5494/1689
f 3669/877/3669 3516/5495/3516 3670/875/3670
f 3516/5495/3516 3357/5497/3357 3670/875/3670
f 1689/5494/1689 3999/5501/3999 2984/5502/2984
f 2984/5502/2984 770/5503/770 771/5504/771
f 771/5504/771 1466/5505/1466 1467/5506/1467
f 1467/5506/1467 2701/5507/2701 2360/5508/2360
f 2360/5508/2360 2361/5509/2361 2362/5510/2362
f 2362/5510/2362 4122/5511/4122 1838/5512/1838
f 1838/5512/1838 1839/5513/1839 2106/5514/2106
f 2106/5514/2106 2635/5515/2635 2789/5516/2789
f 2789/5516/2789 4085/5517/4085 2797/5518/2797
f 2797/5518/2797 2796/5519/2796 2789/5516/2789
f 2796/5519/2796 1570/5520/1570 2106/5514/2106
f 1570/5520/1570 198/1519/198 973/5500/973
f 973/5500/973 2740/5521/2740 3930/5522/3930
f 3930/5522/3930 4473/5478/4473 3095/880/3095
f 3095/880/3095 2697/879/2697 1824/1005/1824
f 2697/879/2697 2696/5523/2696 1824/1005/1824
f 973/5500/973 3930/5522/3930 3095/880/3095
f 2796/5519/2796 2106/5514/2106 2789/5516/2789
f 1570/5520/1570 973/5500/973 2360/5508/2360
f 2106/5514/2106 1570/5520/1570 2362/5510/2362
f 2362/5510/2362 1838/5512/1838 2106/5514/2106
f 771/5504/771 1467/5506/1467 2360/5508/2360
f 2360/5508/2360 2362/5510/2362 1570/5520/1570
f 973/5500/973 3095/880/3095 3262/370/3262
f 3095/880/3095 1824/1005/1824 3262/370/3262
f 122/5524/122 123/5525/123 4912/5526/4912
f 1824/1005/1824 122/5524/122 3262/370/3262
f 3524/5498/3524 2884/5486/2884 3262/370/3262
f 2984/5502/2984 771/5504/771 2360/5508/2360
f 2884/5486/2884 973/5500/973 3262/370/3262
f 1689/5494/1689 2984/5502/2984 2360/5508/2360
f 2522/5477/2522 3670/875/3670 3524/5498/3524
f 3670/875/3670 3357/5497/3357 3524/5498/3524
f 3524/5498/3524 2521/5527/2521 2522/5477/2522
f 3487/5528/3487 114/5529/114 115/5530/115
f 1689/5494/1689 2360/5508/2360 973/5500/973
f 3524/5498/3524 3262/370/3262 115/5530/115
f 658/5531/658 3314/5532/3314 3487/5528/3487
f 3487/5528/3487 115/5530/115 3262/370/3262
f 4912/5526/4912 3034/5533/3034 4575/5534/4575
f 658/5531/658 3487/5528/3487 591/5535/591
f 122/5524/122 4912/5526/4912 628/5536/628
f 4912/5526/4912 4575/5534/4575 628/5536/628
f 4575/5534/4575 4588/5537/4588 628/5536/628
f 628/5536/628 880/5538/880 122/5524/122
f 880/5538/880 4092/5539/4092 3142/5540/3142
f 3142/5540/3142 1900/5541/1900 1373/5542/1373
f 880/5538/880 3142/5540/3142 122/5524/122
f 4872/5543/4872 657/1513/657 658/5531/658
f 3487/5528/3487 3262/370/3262 591/5535/591
f 3262/370/3262 122/5524/122 719/5544/719
f 3142/5540/3142 1373/5542/1373 122/5524/122
f 1373/5542/1373 4163/5545/4163 719/5544/719
f 1373/5542/1373 719/5544/719 122/5524/122
f 4872/5543/4872 658/5531/658 260/2125/260
f 260/2125/260 658/5531/658 591/5535/591
f 260/2125/260 4873/118/4873 4872/5543/4872
f 591/5535/591 1129/119/1129 260/2125/260
f 1459/2118/1459 3193/944/3193 591/5535/591
f 3629/2110/3629 3628/2109/3628 1459/2118/1459
f 1290/115/1290 1291/2112/1291 3629/2110/3629
f 2100/2114/2100 1682/2113/1682 1983/2123/1983
f 483/5546/483 2100/2114/2100 222/5547/222
f 2100/2114/2100 1983/2123/1983 222/5547/222
f 2511/5548/2511 2756/5549/2756 222/5547/222
f 2511/5548/2511 222/5547/222 1983/2123/1983
f 792/5550/792 807/5551/807 2511/5548/2511
f 790/5552/790 791/5553/791 792/5550/792
f 2184/5554/2184 2183/5555/2183 2514/5556/2514
f 2183/5555/2183 790/5552/790 2514/5556/2514
f 790/5552/790 792/5550/792 2514/5556/2514
f 792/5550/792 2511/5548/2511 2510/5557/2510
f 2514/5556/2514 792/5550/792 2510/5557/2510
f 2511/5548/2511 1983/2123/1983 2510/5557/2510
f 1983/2123/1983 1290/115/1290 1378/2078/1378
f 3629/2110/3629 1459/2118/1459 3262/370/3262
f 1459/2118/1459 591/5535/591 3262/370/3262
f 1290/115/1290 3629/2110/3629 3262/370/3262
f 2510/5557/2510 1983/2123/1983 2705/5558/2705
f 719/5544/719 1963/5559/1963 3262/370/3262
f 1378/2078/1378 1290/115/1290 3262/370/3262
f 2705/5558/2705 2704/5560/2704 2510/5557/2510
f 3137/5561/3137 3136/5562/3136 2705/5558/2705
f 65/5563/65 3138/5564/3138 3137/5561/3137
f 1545/5565/1545 380/5566/380 65/5563/65
f 2633/5567/2633 362/5568/362 1545/5565/1545
f 4093/5569/4093 2634/5570/2634 2633/5567/2633
f 828/5571/828 3577/5572/3577 4093/5569/4093
f 4048/5573/4048 2752/5574/2752 828/5571/828
f 2911/5575/2911 3646/5576/3646 4048/5573/4048
f 1933/5577/1933 2910/5578/2910 2911/5575/2911
f 2990/5579/2990 1181/5580/1181 1933/5577/1933
f 963/5581/963 962/5582/962 2990/5579/2990
f 3298/5583/3298 961/5584/961 963/5581/963
f 298/5585/298 3297/1206/3297 3298/5583/3298
f 3667/5586/3667 2828/5587/2828 298/5585/298
f 4710/5588/4710 3666/1207/3666 3667/5586/3667
f 3267/5589/3267 3748/5590/3748 4710/5588/4710
f 3268/5591/3268 2097/5592/2097 3267/5589/3267
f 3504/5593/3504 410/1499/410 3268/5591/3268
f 2411/5594/2411 2534/1500/2534 3504/5593/3504
f 1378/2078/1378 1454/99/1454 2990/5579/2990
f 1454/99/1454 2412/2077/2412 298/5585/298
f 2990/5579/2990 1454/99/1454 963/5581/963
f 2412/2077/2412 2411/5594/2411 3504/5593/3504
f 3504/5593/3504 3268/5591/3268 3267/5589/3267
f 3267/5589/3267 4710/5588/4710 3504/5593/3504
f 4710/5588/4710 3667/5586/3667 298/5585/298
f 298/5585/298 3298/5583/3298 963/5581/963
f 4710/5588/4710 298/5585/298 2412/2077/2412
f 3504/5593/3504 4710/5588/4710 2412/2077/2412
f 298/5585/298 963/5581/963 1454/99/1454
f 2990/5579/2990 1933/5577/1933 2911/5575/2911
f 2990/5579/2990 2911/5575/2911 4048/5573/4048
f 4048/5573/4048 828/5571/828 2990/5579/2990
f 828/5571/828 4093/5569/4093 1378/2078/1378
f 2990/5579/2990 828/5571/828 1378/2078/1378
f 4093/5569/4093 2633/5567/2633 1378/2078/1378
f 2633/5567/2633 1545/5565/1545 1378/2078/1378
f 65/5563/65 3137/5561/3137 2705/5558/2705
f 1545/5565/1545 65/5563/65 1378/2078/1378
f 65/5563/65 2705/5558/2705 1983/2123/1983
f 4101/98/4101 1377/97/1377 1379/2079/1379
f 1378/2078/1378 65/5563/65 1983/2123/1983
f 1379/2079/1379 1378/2078/1378 3262/370/3262
f 3649/5595/3649 4219/5596/4219 1423/5597/1423
f 1963/5559/1963 3649/5595/3649 3262/370/3262
f 1423/5597/1423 4731/5598/4731 2686/5599/2686
f 3649/5595/3649 1423/5597/1423 3707/5600/3707
f 3262/370/3262 3649/5595/3649 2047/5601/2047
f 4101/98/4101 1379/2079/1379 3262/370/3262
f 2686/5599/2686 4268/5602/4268 4859/5603/4859
f 316/2076/316 4101/98/4101 984/5604/984
f 984/5604/984 4101/98/4101 1304/5605/1304
f 984/5604/984 983/5606/983 316/2076/316
f 72/5607/72 71/5608/71 984/5604/984
f 2935/5609/2935 1518/5610/1518 72/5607/72
f 1304/5605/1304 369/5611/369 2935/5609/2935
f 2257/5612/2257 1303/5613/1303 1304/5605/1304
f 2578/5614/2578 3480/5615/3480 2257/5612/2257
f 1932/5616/1932 3740/5617/3740 2578/5614/2578
f 2558/5618/2558 1931/5619/1931 1932/5616/1932
f 617/5620/617 182/5621/182 2558/5618/2558
f 2275/5622/2275 1636/5623/1636 618/5624/618
f 618/5624/618 617/5620/617 2558/5618/2558
f 2558/5618/2558 1932/5616/1932 618/5624/618
f 1932/5616/1932 2578/5614/2578 3474/5625/3474
f 618/5624/618 1932/5616/1932 2275/5622/2275
f 2578/5614/2578 2257/5612/2257 1304/5605/1304
f 2935/5609/2935 72/5607/72 984/5604/984
f 2578/5614/2578 1304/5605/1304 4101/98/4101
f 1304/5605/1304 2935/5609/2935 984/5604/984
f 2275/5622/2275 1932/5616/1932 3474/5625/3474
f 3474/5625/3474 2481/5626/2481 2275/5622/2275
f 2686/5599/2686 4859/5603/4859 1441/5627/1441
f 3474/5625/3474 2578/5614/2578 2525/5628/2525
f 2525/5628/2525 909/5629/909 3474/5625/3474
f 2525/5628/2525 2578/5614/2578 4101/98/4101
f 1423/5597/1423 2686/5599/2686 3707/5600/3707
f 2686/5599/2686 1441/5627/1441 3707/5600/3707
f 1441/5627/1441 1442/5630/1442 3707/5600/3707
f 3707/5600/3707 2048/5631/2048 2047/5601/2047
f 1116/5632/1116 1115/5633/1115 204/5634/204
f 204/5634/204 19/5635/19 887/5636/887
f 887/5636/887 4409/5637/4409 2894/5638/2894
f 2894/5638/2894 2895/5639/2895 1494/5640/1494
f 1494/5640/1494 1492/1144/1492 1493/5641/1493
f 1493/5641/1493 2920/1143/2920 1938/5642/1938
f 1938/5642/1938 3578/5643/3578 1431/5644/1431
f 1431/5644/1431 1432/5645/1432 1433/5646/1433
f 1433/5646/1433 1465/5647/1465 2093/5648/2093
f 2093/5648/2093 3146/5649/3146 1407/5650/1407
f 1407/5650/1407 1408/1363/1408 1409/5651/1409
f 1409/5651/1409 3343/1362/3343 3344/3664/3344
f 3344/3664/3344 1475/450/1475 1409/5651/1409
f 1475/450/1475 269/5652/269 268/5653/268
f 268/5653/268 1965/2840/1965 1364/763/1364
f 1965/2840/1965 1365/764/1365 1364/763/1364
f 1475/450/1475 268/5653/268 1409/5651/1409
f 2093/5648/2093 1407/5650/1407 1364/763/1364
f 1407/5650/1407 1409/5651/1409 1364/763/1364
f 1364/763/1364 4112/5012/4112 575/5016/575
f 1409/5651/1409 268/5653/268 1364/763/1364
f 1431/5644/1431 1433/5646/1433 575/5016/575
f 1433/5646/1433 2093/5648/2093 575/5016/575
f 2093/5648/2093 1364/763/1364 575/5016/575
f 1938/5642/1938 1431/5644/1431 575/5016/575
f 1494/5640/1494 1493/5641/1493 1938/5642/1938
f 887/5636/887 2894/5638/2894 1494/5640/1494
f 1116/5632/1116 204/5634/204 3753/5015/3753
f 204/5634/204 887/5636/887 3753/5015/3753
f 887/5636/887 1494/5640/1494 3753/5015/3753
f 1494/5640/1494 1938/5642/1938 3753/5015/3753
f 1938/5642/1938 575/5016/575 3753/5015/3753
f 3754/5014/3754 2907/5013/2907 165/2838/165
f 3754/5014/3754 165/2838/165 164/2837/164
f 2047/5601/2047 1116/5632/1116 1867/5457/1867
f 1116/5632/1116 3753/5015/3753 1867/5457/1867
f 1867/5457/1867 3753/5015/3753 1956/5458/1956
f 3753/5015/3753 3754/5014/3754 1956/5458/1956
f 3707/5600/3707 2047/5601/2047 3649/5595/3649
f 1990/5654/1990 3156/1304/3156 3157/891/3157
f 3157/891/3157 2525/5628/2525 4101/98/4101
f 3157/891/3157 4101/98/4101 3262/370/3262
f 164/2837/164 166/2835/166 4356/2834/4356
f 4356/2834/4356 500/250/500 2403/2833/2403
f 197/5461/197 196/5460/196 1956/5458/1956
f 196/5460/196 2748/5459/2748 1956/5458/1956
f 4356/2834/4356 2403/2833/2403 197/5461/197
f 3754/5014/3754 164/2837/164 197/5461/197
f 164/2837/164 4356/2834/4356 197/5461/197
f 1956/5458/1956 3754/5014/3754 197/5461/197
f 1895/5655/1895 2707/1305/2707 1990/5654/1990
f 3934/5656/3934 1003/5657/1003 1895/5655/1895
f 4056/5658/4056 4430/5659/4430 3934/5656/3934
f 2409/5660/2409 2682/5661/2682 4056/5658/4056
f 2684/5662/2684 2001/5663/2001 2409/5660/2409
f 1768/5664/1768 1767/5665/1767 2684/5662/2684
f 332/5666/332 1766/5667/1766 1768/5664/1768
f 704/5668/704 331/5669/331 332/5666/332
f 705/5670/705 706/5671/706 704/5668/704
f 890/5672/890 889/5673/889 705/5670/705
f 3065/5674/3065 888/5675/888 890/5672/890
f 2248/5676/2248 2247/5677/2247 2865/5678/2865
f 2247/5677/2247 3065/5674/3065 2865/5678/2865
f 163/1401/163 3004/5679/3004 567/1402/567
f 3004/5679/3004 2865/5678/2865 567/1402/567
f 2865/5678/2865 3065/5674/3065 890/5672/890
f 2166/5680/2166 2165/1400/2165 3594/1289/3594
f 2165/1400/2165 567/1402/567 3594/1289/3594
f 567/1402/567 2865/5678/2865 890/5672/890
f 567/1402/567 890/5672/890 705/5670/705
f 3594/1289/3594 567/1402/567 704/5668/704
f 567/1402/567 705/5670/705 704/5668/704
f 704/5668/704 332/5666/332 1768/5664/1768
f 2175/2006/2175 4154/2005/4154 218/1290/218
f 218/1290/218 3594/1289/3594 2175/2006/2175
f 3594/1289/3594 704/5668/704 1768/5664/1768
f 2684/5662/2684 3594/1289/3594 1768/5664/1768
f 2684/5662/2684 2409/5660/2409 3594/1289/3594
f 3594/1289/3594 2409/5660/2409 2175/2006/2175
f 2539/2007/2539 695/2004/695 2175/2006/2175
f 301/2008/301 300/67/300 2539/2007/2539
f 1217/5681/1217 247/68/247 301/2008/301
f 2284/5682/2284 1217/5681/1217 301/2008/301
f 2539/2007/2539 2175/2006/2175 1025/5683/1025
f 2284/5682/2284 301/2008/301 2539/2007/2539
f 3749/5684/3749 2934/5685/2934 1025/5683/1025
f 1025/5683/1025 2284/5682/2284 2539/2007/2539
f 2175/2006/2175 2409/5660/2409 4056/5658/4056
f 4056/5658/4056 3934/5656/3934 1895/5655/1895
f 2175/2006/2175 4056/5658/4056 1025/5683/1025
f 3749/5684/3749 1025/5683/1025 4056/5658/4056
f 2180/5686/2180 2435/5687/2435 3749/5684/3749
f 1230/5688/1230 3251/5689/3251 1229/5690/1229
f 3251/5689/3251 2180/5686/2180 1229/5690/1229
f 763/5691/763 1128/5692/1128 1229/5690/1229
f 1229/5690/1229 2180/5686/2180 763/5691/763
f 2180/5686/2180 3749/5684/3749 763/5691/763
f 2462/5693/2462 1686/5694/1686 763/5691/763
f 3749/5684/3749 4056/5658/4056 1895/5655/1895
f 1895/5655/1895 1990/5654/1990 3157/891/3157
f 1867/5457/1867 1868/5456/1868 1164/5455/1164
f 2047/5601/2047 1867/5457/1867 3262/370/3262
f 3749/5684/3749 1895/5655/1895 2462/5693/2462
f 1895/5655/1895 3157/891/3157 3918/890/3918
f 2738/5695/2738 1895/5655/1895 3918/890/3918
f 2462/5693/2462 763/5691/763 3749/5684/3749
f 1971/5696/1971 2737/5697/2737 2738/5695/2738
f 2738/5695/2738 2462/5693/2462 1895/5655/1895
f 1867/5457/1867 1164/5455/1164 3262/370/3262
f 1164/5455/1164 1165/5454/1165 2987/5453/2987
f 2987/5453/2987 2986/5452/2986 3553/5451/3553
f 3553/5451/3553 2622/5450/2622 2053/5449/2053
f 2053/5449/2053 2052/5446/2052 3523/5445/3523
f 1890/868/1890 455/5444/455 1001/5698/1001
f 455/5444/455 648/1324/648 1001/5698/1001
f 1001/5698/1001 3912/1323/3912 1164/5455/1164
f 3912/1323/3912 3262/370/3262 1164/5455/1164
f 3553/5451/3553 2053/5449/2053 1164/5455/1164
f 2053/5449/2053 3523/5445/3523 1164/5455/1164
f 3553/5451/3553 1164/5455/1164 2987/5453/2987
f 3523/5445/3523 1890/868/1890 1001/5698/1001
f 3523/5445/3523 1001/5698/1001 1164/5455/1164
f 3918/890/3918 1971/5696/1971 2738/5695/2738
f 1058/5699/1058 4751/5700/4751 916/897/916
f 4751/5700/4751 3152/5701/3152 3153/5702/3153
f 916/897/916 4751/5700/4751 917/895/917
f 3153/5702/3153 917/895/917 4751/5700/4751
f 917/895/917 2947/5703/2947 3927/5704/3927
f 3927/5704/3927 3916/5705/3916 3915/896/3915
f 3915/896/3915 4971/5706/4971 1884/5707/1884
f 3915/896/3915 1884/5707/1884 916/897/916
f 917/895/917 3927/5704/3927 3915/896/3915
f 1285/900/1285 779/5159/779 778/5390/778
f 778/5390/778 2903/898/2903 1285/900/1285
f 2903/898/2903 2080/5179/2080 1286/899/1286
f 1286/899/1286 1925/4690/1925 1285/900/1285
f 1925/4690/1925 1926/4689/1926 1285/900/1285
f 568/5708/568 4315/5709/4315 437/903/437
f 4315/5709/4315 4200/901/4200 437/903/437
f 954/5122/954 953/905/953 3866/904/3866
f 953/905/953 2809/5710/2809 4411/906/4411
f 3954/5711/3954 3074/5712/3074 2708/5713/2708
f 3074/5712/3074 4743/5714/4743 716/5715/716
f 716/5715/716 2859/5716/2859 257/5717/257
f 3074/5712/3074 716/5715/716 2708/5713/2708
f 2249/5718/2249 4905/5719/4905 2708/5713/2708
f 257/5717/257 1358/5720/1358 3972/5721/3972
f 2708/5713/2708 716/5715/716 257/5717/257
f 2277/909/2277 3479/5722/3479 2516/5723/2516
f 3479/5722/3479 2249/5718/2249 2516/5723/2516
f 2249/5718/2249 2708/5713/2708 257/5717/257
f 257/5717/257 3972/5721/3972 2516/5723/2516
f 2516/5723/2516 1935/5724/1935 2277/909/2277
f 1935/5724/1935 2278/907/2278 2277/909/2277
f 2278/907/2278 2643/5725/2643 823/908/823
f 2249/5718/2249 257/5717/257 2516/5723/2516
f 2216/910/2216 88/5726/88 4887/911/4887
f 4887/911/4887 178/5727/178 3325/17/3325
f 178/5727/178 177/5728/177 3325/17/3325
f 3403/914/3403 951/1490/951 952/1489/952
f 952/1489/952 3539/912/3539 3403/914/3403
f 2022/917/2022 4700/2253/4700 4294/2290/4294
f 4294/2290/4294 4189/915/4189 2022/917/2022
f 2057/5729/2057 2056/5730/2056 4055/5731/4055
f 2056/5730/2056 4426/5732/4426 4055/5731/4055
f 4426/5732/4426 2207/5733/2207 1827/5734/1827
f 2207/5733/2207 4052/5735/4052 1827/5734/1827
f 4052/5735/4052 4670/5736/4670 1533/918/1533
f 4279/5737/4279 1532/5738/1532 4321/5739/4321
f 1532/5738/1532 1312/5740/1312 4321/5739/4321
f 4052/5735/4052 1533/918/1533 1057/5741/1057
f 1827/5734/1827 4052/5735/4052 1057/5741/1057
f 4713/5742/4713 4837/5743/4837 2057/5729/2057
f 4055/5731/4055 1584/5744/1584 2057/5729/2057
f 1584/5744/1584 4713/5742/4713 2057/5729/2057
f 1827/5734/1827 1826/5745/1826 4426/5732/4426
f 1826/5745/1826 4055/5731/4055 4426/5732/4426
f 1056/920/1056 1057/5741/1057 1533/918/1533
f 3852/5746/3852 2162/5747/2162 1056/920/1056
f 2494/110/2494 4321/5739/4321 1312/5740/1312
f 4321/5739/4321 4280/919/4280 4279/5737/4279
f 4280/919/4280 3852/5746/3852 1056/920/1056
f 1312/5740/1312 4688/5748/4688 2494/110/2494
f 1533/918/1533 4279/5737/4279 4280/919/4280
f 1381/921/1381 3247/5749/3247 2270/922/2270
f 3301/924/3301 3875/5750/3875 3874/925/3874
f 3056/927/3056 4404/1759/4404 3454/928/3454
f 4799/5751/4799 4561/5752/4561 3382/5753/3382
f 2862/5754/2862 4049/5755/4049 4298/5756/4298
f 4799/5751/4799 3382/5753/3382 2862/5754/2862
f 4195/5757/4195 1052/5758/1052 1034/932/1034
f 1034/932/1034 4799/5751/4799 966/930/966
f 4799/5751/4799 2862/5754/2862 95/5492/95
f 4799/5751/4799 95/5492/95 1430/5490/1430
f 4298/5756/4298 4204/5759/4204 4205/5760/4205
f 2862/5754/2862 4298/5756/4298 3999/5501/3999
f 966/930/966 4799/5751/4799 1430/5490/1430
f 1672/5761/1672 4195/5757/4195 1034/932/1034
f 3507/5762/3507 2665/5763/2665 3025/5764/3025
f 3025/5764/3025 1672/5761/1672 1599/931/1599
f 1672/5761/1672 1034/932/1034 1599/931/1599
f 4298/5756/4298 4205/5760/4205 770/5503/770
f 4205/5760/4205 4640/5765/4640 46/5766/46
f 46/5766/46 4085/5517/4085 2635/5515/2635
f 4085/5517/4085 2789/5516/2789 2635/5515/2635
f 2635/5515/2635 2106/5514/2106 1839/5513/1839
f 4205/5760/4205 46/5766/46 1466/5505/1466
f 95/5492/95 2862/5754/2862 2334/5499/2334
f 4446/5767/4446 3507/5762/3507 3025/5764/3025
f 3025/5764/3025 1599/931/1599 1512/5768/1512
f 46/5766/46 2635/5515/2635 1839/5513/1839
f 1839/5513/1839 1838/5512/1838 4122/5511/4122
f 4122/5511/4122 2362/5510/2362 2361/5509/2361
f 2361/5509/2361 2360/5508/2360 2701/5507/2701
f 2701/5507/2701 1467/5506/1467 1466/5505/1466
f 1466/5505/1466 771/5504/771 770/5503/770
f 770/5503/770 2984/5502/2984 3999/5501/3999
f 3999/5501/3999 1689/5494/1689 2334/5499/2334
f 2334/5499/2334 2333/5493/2333 95/5492/95
f 95/5492/95 1429/5491/1429 1430/5490/1430
f 1430/5490/1430 720/5489/720 966/930/966
f 1599/931/1599 2722/5488/2722 3358/5487/3358
f 3358/5487/3358 2884/5486/2884 3357/5497/3357
f 2652/5496/2652 3516/5495/3516 4328/5769/4328
f 3358/5487/3358 3357/5497/3357 2652/5496/2652
f 1599/931/1599 3358/5487/3358 2652/5496/2652
f 2652/5496/2652 4328/5769/4328 1512/5768/1512
f 1512/5768/1512 4446/5767/4446 3025/5764/3025
f 46/5766/46 1839/5513/1839 2701/5507/2701
f 1839/5513/1839 4122/5511/4122 2701/5507/2701
f 4122/5511/4122 2361/5509/2361 2701/5507/2701
f 2701/5507/2701 1466/5505/1466 46/5766/46
f 1466/5505/1466 770/5503/770 4205/5760/4205
f 3999/5501/3999 2334/5499/2334 2862/5754/2862
f 770/5503/770 3999/5501/3999 4298/5756/4298
f 1599/931/1599 2652/5496/2652 1512/5768/1512
f 1016/5770/1016 32/5771/32 3552/5772/3552
f 3552/5772/3552 57/2344/57 3199/2343/3199
f 3199/2343/3199 1270/195/1270 3671/5773/3671
f 1270/195/1270 4262/5774/4262 3671/5773/3671
f 3671/5773/3671 2513/5775/2513 2464/5776/2464
f 1016/5770/1016 3552/5772/3552 1618/5777/1618
f 3552/5772/3552 3199/2343/3199 1618/5777/1618
f 3199/2343/3199 3671/5773/3671 2464/5776/2464
f 2464/5776/2464 1996/933/1996 2917/935/2917
f 1996/933/1996 382/5778/382 2007/934/2007
f 382/5778/382 4479/4943/4479 3521/4940/3521
f 4479/4943/4479 2978/4941/2978 3521/4940/3521
f 3521/4940/3521 2007/934/2007 382/5778/382
f 2007/934/2007 1943/5779/1943 2917/935/2917
f 1943/5779/1943 4114/5780/4114 2917/935/2917
f 2917/935/2917 1618/5777/1618 2464/5776/2464
f 1618/5777/1618 3199/2343/3199 2464/5776/2464
f 3985/5781/3985 1226/1891/1226 3984/5782/3984
f 1226/1891/1226 1225/28/1225 1219/937/1219
f 1225/28/1225 3216/1890/3216 4995/936/4995
f 4995/936/4995 4992/5783/4992 3583/5784/3583
f 1219/937/1219 3984/5782/3984 1226/1891/1226
f 4995/936/4995 3583/5784/3583 1219/937/1219
f 4696/5785/4696 3883/5786/3883 27/5787/27
f 1780/938/1780 1781/5788/1781 3630/939/3630
f 4696/5785/4696 27/5787/27 1780/938/1780
f 4401/940/4401 1612/5789/1612 4696/5785/4696
f 3630/939/3630 3485/4768/3485 4401/940/4401
f 4696/5785/4696 1780/938/1780 4401/940/4401
f 4005/5790/4005 4004/5791/4004 4884/943/4884
f 4884/943/4884 4505/5792/4505 4722/5793/4722
f 4613/5794/4613 4802/5795/4802 3830/5796/3830
f 4884/943/4884 4722/5793/4722 4613/5794/4613
f 914/5797/914 3818/5798/3818 4005/5790/4005
f 4005/5790/4005 4884/943/4884 1300/942/1300
f 4884/943/4884 4613/5794/4613 4340/1528/4340
f 4613/5794/4613 3830/5796/3830 4340/1528/4340
f 4340/1528/4340 1999/5799/1999 377/5800/377
f 377/5800/377 1267/5801/1267 1370/5802/1370
f 1370/5802/1370 1266/5803/1266 3590/5804/3590
f 3590/5804/3590 4586/5805/4586 4587/5806/4587
f 4587/5806/4587 1183/5807/1183 3845/5808/3845
f 3845/5808/3845 699/5809/699 4432/5810/4432
f 4432/5810/4432 3809/5811/3809 4082/941/4082
f 4082/941/4082 4877/5812/4877 1300/942/1300
f 1300/942/1300 3219/5813/3219 913/5814/913
f 913/5814/913 914/5797/914 4005/5790/4005
f 4884/943/4884 4340/1528/4340 377/5800/377
f 4005/5790/4005 1300/942/1300 913/5814/913
f 377/5800/377 1370/5802/1370 4884/943/4884
f 3590/5804/3590 4587/5806/4587 4082/941/4082
f 4587/5806/4587 3845/5808/3845 4432/5810/4432
f 4082/941/4082 4587/5806/4587 4432/5810/4432
f 1370/5802/1370 3590/5804/3590 4082/941/4082
f 4884/943/4884 1370/5802/1370 4082/941/4082
f 1129/119/1129 591/5535/591 3193/944/3193
f 4965/5815/4965 4758/5816/4758 1012/5817/1012
f 4758/5816/4758 570/5818/570 1012/5817/1012
f 1012/5817/1012 1011/5819/1011 2034/5820/2034
f 4389/5821/4389 3627/5822/3627 2154/5823/2154
f 3627/5822/3627 4965/5815/4965 2154/5823/2154
f 4965/5815/4965 1012/5817/1012 2034/5820/2034
f 2034/5820/2034 1786/5824/1786 1785/5825/1785
f 1785/5825/1785 551/5826/551 2302/5827/2302
f 2302/5827/2302 2803/5828/2803 2475/5829/2475
f 2475/5829/2475 2476/3566/2476 3563/5830/3563
f 3563/5830/3563 3682/5831/3682 3685/5832/3685
f 3685/5832/3685 3684/5833/3684 3648/5834/3648
f 3684/5833/3684 3679/5835/3679 3648/5834/3648
f 3648/5834/3648 1750/5836/1750 3467/946/3467
f 2475/5829/2475 3563/5830/3563 3685/5832/3685
f 2034/5820/2034 1785/5825/1785 4965/5815/4965
f 1785/5825/1785 2302/5827/2302 4965/5815/4965
f 2302/5827/2302 2475/5829/2475 3685/5832/3685
f 2302/5827/2302 3685/5832/3685 4965/5815/4965
f 3685/5832/3685 3648/5834/3648 2154/5823/2154
f 3415/948/3415 2154/5823/2154 3648/5834/3648
f 2154/5823/2154 4965/5815/4965 3685/5832/3685
f 2790/5837/2790 2791/5838/2791 3315/5839/3315
f 2791/5838/2791 3415/948/3415 3315/5839/3315
f 3513/5840/3513 3294/5841/3294 1776/5842/1776
f 3294/5841/3294 2790/5837/2790 1776/5842/1776
f 3315/5839/3315 4909/5843/4909 1776/5842/1776
f 1776/5842/1776 2790/5837/2790 3315/5839/3315
f 3720/947/3720 4803/5844/4803 3315/5839/3315
f 3467/946/3467 3466/5845/3466 3720/947/3720
f 3415/948/3415 3648/5834/3648 3467/946/3467
f 3720/947/3720 3315/5839/3315 3415/948/3415
f 4079/949/4079 3884/5846/3884 4472/950/4472
f 1967/5847/1967 1968/5848/1968 4850/5849/4850
f 4850/5849/4850 4001/5850/4001 2919/5851/2919
f 2483/5852/2483 1134/5853/1134 34/5854/34
f 1134/5853/1134 2434/5855/2434 34/5854/34
f 2919/5851/2919 2483/5852/2483 3470/4096/3470
f 2434/5855/2434 4942/5856/4942 1318/5857/1318
f 1318/5857/1318 3269/5858/3269 1904/5859/1904
f 1904/5859/1904 1905/5860/1905 157/5861/157
f 157/5861/157 4593/5862/4593 317/5863/317
f 4593/5862/4593 2502/5864/2502 317/5863/317
f 2502/5864/2502 3339/5865/3339 2066/5866/2066
f 2066/5866/2066 318/5867/318 2502/5864/2502
f 318/5867/318 317/5863/317 2502/5864/2502
f 317/5863/317 1961/5868/1961 157/5861/157
f 1961/5868/1961 1720/5869/1720 157/5861/157
f 1720/5869/1720 3390/5870/3390 701/5871/701
f 701/5871/701 723/5872/723 34/5854/34
f 34/5854/34 1736/4097/1736 3470/4096/3470
f 3470/4096/3470 2474/4095/2474 2919/5851/2919
f 2474/4095/2474 3130/4094/3130 592/5873/592
f 2474/4095/2474 592/5873/592 4850/5849/4850
f 701/5871/701 34/5854/34 2434/5855/2434
f 34/5854/34 3470/4096/3470 2483/5852/2483
f 701/5871/701 2434/5855/2434 1318/5857/1318
f 1720/5869/1720 701/5871/701 1318/5857/1318
f 157/5861/157 1720/5869/1720 1904/5859/1904
f 1318/5857/1318 1904/5859/1904 1720/5869/1720
f 2474/4095/2474 4850/5849/4850 2919/5851/2919
f 592/5873/592 1835/954/1835 861/953/861
f 4850/5849/4850 592/5873/592 1967/5847/1967
f 1835/954/1835 2355/4091/2355 3195/4090/3195
f 3195/4090/3195 430/4085/430 4366/5874/4366
f 430/4085/430 2051/4087/2051 4366/5874/4366
f 2051/4087/2051 2444/5875/2444 4366/5874/4366
f 4366/5874/4366 3745/5876/3745 3195/4090/3195
f 3745/5876/3745 3194/5877/3194 3195/4090/3195
f 3194/5877/3194 3438/5878/3438 3437/5879/3437
f 3437/5879/3437 4741/5880/4741 862/952/862
f 4741/5880/4741 860/5881/860 862/952/862
f 3194/5877/3194 3437/5879/3437 3195/4090/3195
f 1835/954/1835 3195/4090/3195 3437/5879/3437
f 592/5873/592 861/953/861 1967/5847/1967
f 3437/5879/3437 862/952/862 1835/954/1835
f 861/953/861 4224/5882/4224 1967/5847/1967
f 2969/957/2969 2025/5883/2025 4956/955/4956
f 2025/5883/2025 965/5884/965 4956/955/4956
f 965/5884/965 4652/5885/4652 4956/955/4956
f 2428/5886/2428 1211/1199/1211 259/960/259
f 1211/1199/1211 3697/958/3697 259/960/259
f 59/959/59 58/4729/58 259/960/259
f 58/4729/58 279/4728/279 259/960/259
f 2437/961/2437 2224/5887/2224 2225/962/2225
f 3462/3567/3462 2476/3566/2476 2803/5828/2803
f 2476/3566/2476 2475/5829/2475 2803/5828/2803
f 2803/5828/2803 2302/5827/2302 551/5826/551
f 484/3556/484 4074/3555/4074 3462/3567/3462
f 2274/3559/2274 486/3558/486 485/3560/485
f 486/3558/486 484/3556/484 485/3560/485
f 484/3556/484 3462/3567/3462 254/5888/254
f 3462/3567/3462 2803/5828/2803 551/5826/551
f 551/5826/551 1785/5825/1785 1786/5824/1786
f 3462/3567/3462 551/5826/551 1786/5824/1786
f 1011/5819/1011 3462/3567/3462 1786/5824/1786
f 485/3560/485 484/3556/484 1254/5889/1254
f 3462/3567/3462 1011/5819/1011 570/5818/570
f 1786/5824/1786 2034/5820/2034 1011/5819/1011
f 3462/3567/3462 570/5818/570 254/5888/254
f 3254/3561/3254 485/3560/485 1254/5889/1254
f 1011/5819/1011 1012/5817/1012 570/5818/570
f 359/428/359 360/3562/360 184/3563/184
f 484/3556/484 254/5888/254 1254/5889/1254
f 545/3565/545 359/428/359 184/3563/184
f 545/3565/545 184/3563/184 3254/3561/3254
f 2853/3571/2853 1928/426/1928 545/3565/545
f 1801/3573/1801 2852/3572/2852 2853/3571/2853
f 1020/983/1020 1021/1058/1021 280/965/280
f 1021/1058/1021 3414/3574/3414 3252/964/3252
f 280/965/280 1021/1058/1021 3252/964/3252
f 3414/3574/3414 1801/3573/1801 2853/3571/2853
f 2853/3571/2853 545/3565/545 3254/3561/3254
f 254/5888/254 1194/5890/1194 1254/5889/1254
f 1194/5890/1194 1255/5891/1255 1254/5889/1254
f 1254/5889/1254 490/5892/490 1446/5893/1446
f 1446/5893/1446 2602/5894/2602 1828/3540/1828
f 3252/964/3252 2194/413/2194 2196/146/2196
f 2194/413/2194 2195/144/2195 2196/146/2196
f 1446/5893/1446 1828/3540/1828 3252/964/3252
f 1254/5889/1254 1446/5893/1446 3254/3561/3254
f 1446/5893/1446 3252/964/3252 3414/3574/3414
f 3254/3561/3254 1446/5893/1446 3414/3574/3414
f 2196/146/2196 1356/145/1356 280/965/280
f 3414/3574/3414 2853/3571/2853 3254/3561/3254
f 4265/5895/4265 3042/5896/3042 3576/5897/3576
f 3042/5896/3042 1660/5898/1660 3576/5897/3576
f 1660/5898/1660 1753/5899/1753 1852/5900/1852
f 1852/5900/1852 4447/5901/4447 2838/5902/2838
f 4447/5901/4447 2680/5903/2680 2838/5902/2838
f 2680/5903/2680 2944/5904/2944 4706/5905/4706
f 2838/5902/2838 1769/5906/1769 2221/5907/2221
f 1769/5906/1769 4166/5908/4166 2221/5907/2221
f 2680/5903/2680 4706/5905/4706 2838/5902/2838
f 1660/5898/1660 1852/5900/1852 3576/5897/3576
f 4926/5909/4926 875/5910/875 1852/5900/1852
f 875/5910/875 3576/5897/3576 1852/5900/1852
f 2838/5902/2838 2221/5907/2221 1852/5900/1852
f 2221/5907/2221 4926/5909/4926 1852/5900/1852
f 5015/5911/5015 5014/5912/5014 3427/5913/3427
f 3427/5913/3427 4265/5895/4265 5015/5911/5015
f 5011/1440/5011 5016/5914/5016 3425/1438/3425
f 5016/5914/5016 5015/5911/5015 3425/1438/3425
f 4265/5895/4265 3576/5897/3576 630/5915/630
f 5015/5911/5015 4265/5895/4265 4373/5916/4373
f 3576/5897/3576 2955/5917/2955 630/5915/630
f 2148/2179/2148 2075/2178/2075 2487/5918/2487
f 2487/5918/2487 3425/1438/3425 2148/2179/2148
f 3425/1438/3425 5015/5911/5015 4240/5919/4240
f 2148/2179/2148 3425/1438/3425 4107/5920/4107
f 4265/5895/4265 630/5915/630 4373/5916/4373
f 4373/5916/4373 4316/5921/4316 4240/5919/4240
f 4316/5921/4316 610/5922/610 4240/5919/4240
f 4107/5920/4107 3425/1438/3425 4347/5923/4347
f 498/2204/498 499/143/499 2148/2179/2148
f 498/2204/498 2148/2179/2148 2131/5924/2131
f 4240/5919/4240 4347/5923/4347 3425/1438/3425
f 4107/5920/4107 4106/5925/4106 2130/5926/2130
f 2131/5924/2131 3444/5927/3444 3445/5928/3445
f 4107/5920/4107 2130/5926/2130 2131/5924/2131
f 4373/5916/4373 4240/5919/4240 5015/5911/5015
f 2148/2179/2148 4107/5920/4107 2131/5924/2131
f 2131/5924/2131 3445/5928/3445 498/2204/498
f 3464/5929/3464 4754/1195/4754 566/2205/566
f 4754/1195/4754 288/967/288 566/2205/566
f 498/2204/498 3445/5928/3445 3464/5929/3464
f 566/2205/566 498/2204/498 3464/5929/3464
f 288/967/288 878/5930/878 3925/667/3925
f 878/5930/878 3/5931/3 3925/667/3925
f 4014/2207/4014 3691/2206/3691 565/966/565
f 565/966/565 566/2205/566 288/967/288
f 3/5931/3 3924/668/3924 3925/667/3925
f 3925/667/3925 1010/669/1010 288/967/288
f 1010/669/1010 4014/2207/4014 565/966/565
f 3799/5932/3799 3798/4788/3798 217/970/217
f 3798/4788/3798 880/968/880 217/970/217
f 880/968/880 628/5933/628 4588/969/4588
f 4588/969/4588 4575/5934/4575 4460/5935/4460
f 4588/969/4588 4460/5935/4460 217/970/217
f 2965/971/2965 3107/2962/3107 549/972/549
f 4832/5936/4832 4833/5937/4833 81/5938/81
f 3346/4271/3346 3613/4232/3613 4756/976/4756
f 3613/4232/3613 1653/571/1653 2387/4290/2387
f 2387/4290/2387 2268/570/2268 600/974/600
f 3613/4232/3613 2387/4290/2387 4756/976/4756
f 4832/5936/4832 81/5938/81 3346/4271/3346
f 4756/976/4756 4832/5936/4832 3346/4271/3346
f 2387/4290/2387 600/974/600 4756/976/4756
f 600/974/600 1106/4289/1106 3341/975/3341
f 3341/975/3341 3814/5939/3814 435/5940/435
f 3341/975/3341 435/5940/435 4757/5941/4757
f 3341/975/3341 4757/5941/4757 4756/976/4756
f 925/1567/925 926/1566/926 3963/5942/3963
f 3964/5943/3964 2899/5944/2899 2084/5945/2084
f 925/1567/925 3963/5942/3963 1907/5946/1907
f 3963/5942/3963 3964/5943/3964 1907/5946/1907
f 4175/5947/4175 827/5948/827 4090/5949/4090
f 827/5948/827 4661/1565/4661 4090/5949/4090
f 4090/5949/4090 4257/5950/4257 4175/5947/4175
f 201/5951/201 3686/5952/3686 4090/5949/4090
f 2000/5953/2000 4501/5954/4501 201/5951/201
f 1383/5955/1383 299/5956/299 2000/5953/2000
f 4782/5957/4782 2893/5958/2893 4283/5959/4283
f 1383/5955/1383 2000/5953/2000 4661/1565/4661
f 2000/5953/2000 201/5951/201 4661/1565/4661
f 855/5960/855 4782/5957/4782 4283/5959/4283
f 201/5951/201 4090/5949/4090 4661/1565/4661
f 855/5960/855 4283/5959/4283 1383/5955/1383
f 1877/5961/1877 1712/5962/1712 3709/5963/3709
f 1712/5962/1712 2145/5964/2145 3709/5963/3709
f 855/5960/855 1383/5955/1383 4816/5965/4816
f 1383/5955/1383 4661/1565/4661 4816/5965/4816
f 2885/2063/2885 3709/5963/3709 2817/2064/2817
f 3709/5963/3709 2145/5964/2145 2817/2064/2817
f 855/5960/855 645/5966/645 2145/5964/2145
f 645/5966/645 855/5960/855 3690/5967/3690
f 2145/5964/2145 645/5966/645 2817/2064/2817
f 2817/2064/2817 645/5966/645 4552/5968/4552
f 3808/2056/3808 1110/76/1110 2817/2064/2817
f 73/2057/73 74/77/74 510/5969/510
f 74/77/74 3808/2056/3808 510/5969/510
f 3808/2056/3808 2817/2064/2817 4552/5968/4552
f 4552/5968/4552 645/5966/645 646/5970/646
f 4661/1565/4661 925/1567/925 2746/979/2746
f 3690/5967/3690 855/5960/855 202/5971/202
f 1252/5972/1252 510/5969/510 3808/2056/3808
f 5003/5973/5003 1684/2058/1684 1252/5972/1252
f 1095/530/1095 3181/5974/3181 4817/5975/4817
f 4817/5975/4817 5003/5973/5003 1252/5972/1252
f 4817/5975/4817 1252/5972/1252 1095/530/1095
f 1252/5972/1252 3808/2056/3808 1095/530/1095
f 1095/530/1095 3808/2056/3808 1901/4026/1901
f 4656/5976/4656 4657/5977/4657 4660/5978/4660
f 4660/5978/4660 1901/4026/1901 4167/5979/4167
f 1901/4026/1901 3808/2056/3808 4167/5979/4167
f 4167/5979/4167 4656/5976/4656 4660/5978/4660
f 3270/5980/3270 4245/5981/4245 4111/5982/4111
f 4111/5982/4111 4167/5979/4167 3808/2056/3808
f 4111/5982/4111 3808/2056/3808 4552/5968/4552
f 3575/5983/3575 270/5984/270 3574/5985/3574
f 270/5984/270 3270/5980/3270 3574/5985/3574
f 3270/5980/3270 4111/5982/4111 1182/5986/1182
f 3270/5980/3270 1182/5986/1182 3574/5985/3574
f 3574/5985/3574 1182/5986/1182 504/5987/504
f 1182/5986/1182 4111/5982/4111 1702/5988/1702
f 505/5989/505 503/5990/503 504/5987/504
f 1182/5986/1182 505/5989/505 504/5987/504
f 3989/5991/3989 1182/5986/1182 1702/5988/1702
f 4111/5982/4111 4552/5968/4552 1702/5988/1702
f 2159/5992/2159 3765/5993/3765 4789/5994/4789
f 1426/5995/1426 2159/5992/2159 4789/5994/4789
f 4146/5996/4146 3554/5997/3554 4789/5994/4789
f 3554/5997/3554 1426/5995/1426 4789/5994/4789
f 1702/5988/1702 2670/5998/2670 3989/5991/3989
f 2670/5998/2670 4146/5996/4146 3989/5991/3989
f 492/5999/492 1346/6000/1346 1718/6001/1718
f 3744/6002/3744 492/5999/492 1718/6001/1718
f 3657/6003/3657 2348/1676/2348 3744/6002/3744
f 2019/1669/2019 3656/6004/3656 3657/6003/3657
f 2020/6005/2020 2019/1669/2019 3657/6003/3657
f 3657/6003/3657 3744/6002/3744 2020/6005/2020
f 3744/6002/3744 1718/6001/1718 1702/5988/1702
f 3744/6002/3744 1702/5988/1702 2020/6005/2020
f 4552/5968/4552 2020/6005/2020 1702/5988/1702
f 4146/5996/4146 4789/5994/4789 3989/5991/3989
f 782/21/782 3008/1670/3008 1797/6006/1797
f 3008/1670/3008 3007/6007/3007 1797/6006/1797
f 3007/6007/3007 4552/5968/4552 646/5970/646
f 202/5971/202 855/5960/855 4816/5965/4816
f 2084/5945/2084 4676/6008/4676 2088/6009/2088
f 3964/5943/3964 2084/5945/2084 4054/6010/4054
f 2084/5945/2084 2088/6009/2088 4054/6010/4054
f 2088/6009/2088 3944/6011/3944 3943/6012/3943
f 3943/6012/3943 1006/6013/1006 3698/6014/3698
f 1006/6013/1006 287/6015/287 3698/6014/3698
f 2088/6009/2088 3943/6012/3943 3699/6016/3699
f 3943/6012/3943 3698/6014/3698 3699/6016/3699
f 3699/6016/3699 4258/6017/4258 2074/6018/2074
f 2088/6009/2088 3699/6016/3699 2242/6019/2242
f 4054/6010/4054 2088/6009/2088 2242/6019/2242
f 3699/6016/3699 2074/6018/2074 2073/1395/2073
f 3699/6016/3699 2073/1395/2073 2153/6020/2153
f 2073/1395/2073 2152/6021/2152 2153/6020/2153
f 1739/6022/1739 4133/1397/4133 3221/6023/3221
f 1739/6022/1739 3221/6023/3221 4981/6024/4981
f 3221/6023/3221 3220/6025/3220 4981/6024/4981
f 4981/6024/4981 2113/6026/2113 4797/6027/4797
f 2152/6021/2152 1739/6022/1739 1843/6028/1843
f 1739/6022/1739 4981/6024/4981 1710/6029/1710
f 4981/6024/4981 4797/6027/4797 1710/6029/1710
f 4797/6027/4797 1711/6030/1711 1710/6029/1710
f 1710/6029/1710 1844/6031/1844 1843/6028/1843
f 1739/6022/1739 1710/6029/1710 1843/6028/1843
f 3699/6016/3699 2153/6020/2153 2242/6019/2242
f 2152/6021/2152 1843/6028/1843 2153/6020/2153
f 2153/6020/2153 2388/6032/2388 2242/6019/2242
f 2388/6032/2388 2243/6033/2243 2242/6019/2242
f 1193/1672/1193 397/1671/397 4439/6034/4439
f 397/1671/397 782/21/782 4439/6034/4439
f 1192/333/1192 1193/1672/1193 4439/6034/4439
f 4476/6035/4476 4439/6034/4439 964/6036/964
f 4439/6034/4439 782/21/782 964/6036/964
f 2533/332/2533 3420/334/3420 2866/6037/2866
f 2949/1673/2949 2532/2999/2532 2531/6038/2531
f 2532/2999/2532 2533/332/2533 2531/6038/2531
f 2531/6038/2531 491/1674/491 2949/1673/2949
f 4263/6039/4263 3094/6040/3094 2531/6038/2531
f 3364/462/3364 1908/3701/1908 2866/6037/2866
f 1908/3701/1908 4263/6039/4263 2533/332/2533
f 2533/332/2533 4263/6039/4263 2531/6038/2531
f 3817/274/3817 3816/463/3816 3364/462/3364
f 5018/2949/5018 3817/274/3817 573/6041/573
f 3817/274/3817 3364/462/3364 4476/6035/4476
f 2866/6037/2866 1908/3701/1908 2533/332/2533
f 3364/462/3364 2866/6037/2866 4476/6035/4476
f 3817/274/3817 4476/6035/4476 573/6041/573
f 3861/276/3861 1292/275/1292 293/6042/293
f 1805/3697/1805 3861/276/3861 293/6042/293
f 1855/6043/1855 2584/6044/2584 3237/6045/3237
f 3237/6045/3237 1805/3697/1805 639/6046/639
f 1805/3697/1805 293/6042/293 1411/6047/1411
f 639/6046/639 1805/3697/1805 1411/6047/1411
f 293/6042/293 5018/2949/5018 1419/6048/1419
f 4507/6049/4507 1855/6043/1855 3237/6045/3237
f 153/6050/153 1886/6051/1886 1350/6052/1350
f 1886/6051/1886 4530/6053/4530 1350/6052/1350
f 4507/6049/4507 3237/6045/3237 1334/6054/1334
f 4530/6053/4530 4507/6049/4507 4223/6055/4223
f 3237/6045/3237 639/6046/639 1334/6054/1334
f 4223/6055/4223 4507/6049/4507 1334/6054/1334
f 4913/6056/4913 155/6057/155 154/6058/154
f 155/6057/155 153/6050/153 154/6058/154
f 4212/6059/4212 4150/6060/4150 2590/6061/2590
f 4150/6060/4150 4913/6056/4913 2590/6061/2590
f 4594/6062/4594 2068/6063/2068 4212/6059/4212
f 976/1979/976 2330/6064/2330 1177/6065/1177
f 2330/6064/2330 4594/6062/4594 1177/6065/1177
f 1177/6065/1177 341/6066/341 976/1979/976
f 2590/6061/2590 1085/6067/1085 4212/6059/4212
f 1085/6067/1085 1177/6065/1177 4594/6062/4594
f 154/6058/154 3033/6068/3033 4913/6056/4913
f 3033/6068/3033 2590/6061/2590 4913/6056/4913
f 1350/6052/1350 3747/6069/3747 153/6050/153
f 3747/6069/3747 154/6058/154 153/6050/153
f 4223/6055/4223 1351/6070/1351 4530/6053/4530
f 1351/6070/1351 1350/6052/1350 4530/6053/4530
f 1411/6047/1411 558/6071/558 639/6046/639
f 1419/6048/1419 2891/6072/2891 1411/6047/1411
f 573/6041/573 186/6073/186 1419/6048/1419
f 67/6074/67 574/6075/574 573/6041/573
f 2025/6076/2025 2297/3902/2297 964/6036/964
f 2297/3902/2297 67/6074/67 964/6036/964
f 964/6036/964 965/6077/965 2025/6076/2025
f 4864/6078/4864 2491/6079/2491 1830/6080/1830
f 2491/6079/2491 2490/6081/2490 1830/6080/1830
f 3530/6082/3530 4864/6078/4864 1830/6080/1830
f 2490/6081/2490 964/6036/964 782/21/782
f 964/6036/964 67/6074/67 4476/6035/4476
f 4476/6035/4476 67/6074/67 573/6041/573
f 573/6041/573 1419/6048/1419 5018/2949/5018
f 1419/6048/1419 1411/6047/1411 293/6042/293
f 4761/6083/4761 3529/6084/3529 2629/6085/2629
f 3529/6084/3529 1797/6006/1797 3007/6007/3007
f 2629/6085/2629 3529/6084/3529 3007/6007/3007
f 1797/6006/1797 1830/6080/1830 2490/6081/2490
f 1797/6006/1797 2490/6081/2490 782/21/782
f 2628/6086/2628 4761/6083/4761 2629/6085/2629
f 646/5970/646 2630/6087/2630 2629/6085/2629
f 4594/6062/4594 4212/6059/4212 1085/6067/1085
f 646/5970/646 2629/6085/2629 3007/6007/3007
f 3690/5967/3690 3689/6088/3689 645/5966/645
f 2242/6019/2242 4053/6089/4053 4054/6010/4054
f 4054/6010/4054 3135/6090/3135 2210/6091/2210
f 1746/6092/1746 6/6093/6 3493/6094/3493
f 6/6093/6 4239/6095/4239 3493/6094/3493
f 3493/6094/3493 275/6096/275 2674/6097/2674
f 2674/6097/2674 3921/6098/3921 1907/5946/1907
f 3532/6099/3532 526/6100/526 4686/6101/4686
f 3532/6099/3532 4686/6101/4686 2856/6102/2856
f 2856/6102/2856 4888/6103/4888 4431/6104/4431
f 4431/6104/4431 4120/6105/4120 4119/6106/4119
f 4119/6106/4119 2842/6107/2842 2214/6108/2214
f 2842/6107/2842 2844/6109/2844 2214/6108/2214
f 3532/6099/3532 2856/6102/2856 4431/6104/4431
f 4119/6106/4119 2214/6108/2214 2746/979/2746
f 3532/6099/3532 4431/6104/4431 1907/5946/1907
f 4431/6104/4431 4119/6106/4119 1907/5946/1907
f 1907/5946/1907 4119/6106/4119 925/1567/925
f 4119/6106/4119 2746/979/2746 925/1567/925
f 1746/6092/1746 3493/6094/3493 2674/6097/2674
f 1746/6092/1746 2674/6097/2674 3964/5943/3964
f 2674/6097/2674 1907/5946/1907 3964/5943/3964
f 2210/6091/2210 1746/6092/1746 3964/5943/3964
f 4054/6010/4054 2210/6091/2210 3964/5943/3964
f 194/6110/194 2843/6111/2843 934/6112/934
f 194/6110/194 934/6112/934 4808/977/4808
f 2746/979/2746 194/6110/194 4808/977/4808
f 4808/977/4808 4618/6113/4618 3881/978/3881
f 3881/978/3881 682/6114/682 4816/5965/4816
f 4816/5965/4816 4525/6115/4525 202/5971/202
f 4580/6116/4580 2927/6117/2927 389/6118/389
f 3881/978/3881 4816/5965/4816 4661/1565/4661
f 3881/978/3881 4661/1565/4661 2746/979/2746
f 202/5971/202 4580/6116/4580 3690/5967/3690
f 4580/6116/4580 389/6118/389 3690/5967/3690
f 4159/2758/4159 3180/2756/3180 4156/6119/4156
f 4156/6119/4156 4157/6120/4157 2063/6121/2063
f 2063/6121/2063 2964/6122/2964 117/6123/117
f 117/6123/117 116/6124/116 767/6125/767
f 2908/6126/2908 3026/2752/3026 228/2746/228
f 2063/6121/2063 117/6123/117 4159/2758/4159
f 117/6123/117 767/6125/767 4159/2758/4159
f 767/6125/767 2908/6126/2908 4159/2758/4159
f 2908/6126/2908 228/2746/228 3585/6127/3585
f 3585/6127/3585 3584/2751/3584 1989/2749/1989
f 2908/6126/2908 3585/6127/3585 4159/2758/4159
f 4156/6119/4156 2063/6121/2063 4159/2758/4159
f 152/6128/152 1639/2759/1639 4159/2758/4159
f 3585/6127/3585 1989/2749/1989 155/6129/155
f 4159/2758/4159 3585/6127/3585 155/6129/155
f 1989/2749/1989 1112/2750/1112 1855/6130/1855
f 1112/2750/1112 3265/6131/3265 2584/6132/2584
f 320/6133/320 152/6128/152 4368/6134/4368
f 152/6128/152 4159/2758/4159 4017/6135/4017
f 4368/6134/4368 152/6128/152 4017/6135/4017
f 4368/6134/4368 2755/6136/2755 320/6133/320
f 927/6137/927 3047/6138/3047 4017/6135/4017
f 1112/2750/1112 2584/6132/2584 1855/6130/1855
f 4159/2758/4159 155/6129/155 4017/6135/4017
f 155/6129/155 1989/2749/1989 1886/6139/1886
f 2136/6140/2136 2137/6141/2137 927/6137/927
f 927/6137/927 4017/6135/4017 4150/6142/4150
f 2136/6140/2136 927/6137/927 2329/6143/2329
f 4017/6135/4017 155/6129/155 4150/6142/4150
f 2329/6143/2329 927/6137/927 2068/6144/2068
f 404/6145/404 69/6146/69 2136/6140/2136
f 2729/6147/2729 2730/6148/2730 404/6145/404
f 3995/6149/3995 1131/6150/1131 1130/6151/1130
f 2729/6147/2729 404/6145/404 4058/6152/4058
f 404/6145/404 2136/6140/2136 2329/6143/2329
f 2015/6153/2015 3995/6149/3995 1130/6151/1130
f 404/6145/404 2329/6143/2329 4058/6152/4058
f 2015/6153/2015 1130/6151/1130 408/6154/408
f 1130/6151/1130 2729/6147/2729 408/6154/408
f 2406/6155/2406 2404/6156/2404 2405/6157/2405
f 2404/6156/2404 2015/6153/2015 2405/6157/2405
f 408/6154/408 4143/6158/4143 2405/6157/2405
f 408/6154/408 2405/6157/2405 2015/6153/2015
f 4058/6152/4058 2766/6159/2766 408/6154/408
f 2329/6143/2329 1109/6160/1109 4058/6152/4058
f 2068/6144/2068 4594/6161/4594 2330/6162/2330
f 2068/6144/2068 2330/6162/2330 2329/6143/2329
f 4150/6142/4150 4212/6163/4212 2068/6144/2068
f 155/6129/155 4913/6164/4913 4150/6142/4150
f 1886/6139/1886 153/6165/153 155/6129/155
f 4507/6166/4507 4530/6167/4530 1855/6130/1855
f 4530/6167/4530 1886/6139/1886 1855/6130/1855
f 4150/6142/4150 2068/6144/2068 927/6137/927
f 1855/6130/1855 1886/6139/1886 1989/2749/1989
f 1805/6168/1805 3237/6169/3237 3265/6131/3265
f 3237/6169/3237 2584/6132/2584 3265/6131/3265
f 4058/6152/4058 408/6154/408 2729/6147/2729
f 1805/6168/1805 3265/6131/3265 4100/6170/4100
f 4035/980/4035 211/6171/211 4542/6172/4542
f 211/6171/211 4100/6170/4100 4542/6172/4542
f 834/6173/834 2605/6174/2605 3151/982/3151
f 2605/6174/2605 4035/980/4035 3151/982/3151
f 4100/6170/4100 3265/6131/3265 4542/6172/4542
f 4541/981/4541 2587/2742/2587 4608/2748/4608
f 4608/2748/4608 3150/2745/3150 4541/981/4541
f 3150/2745/3150 3151/982/3151 4541/981/4541
f 4542/6172/4542 4541/981/4541 4035/980/4035
f 1020/983/1020 280/965/280 1356/145/1356
f 2968/6175/2968 1630/6176/1630 1700/6177/1700
f 1700/6177/1700 3936/6178/3936 2500/986/2500
f 3936/6178/3936 131/987/131 2500/986/2500
f 131/987/131 895/6179/895 130/985/130
f 895/6179/895 1053/6180/1053 130/985/130
f 1053/6180/1053 1054/1470/1054 130/985/130
f 130/985/130 2501/6181/2501 2500/986/2500
f 1024/6182/1024 2810/6183/2810 1175/6184/1175
f 1175/6184/1175 715/6185/715 3761/6186/3761
f 3761/6186/3761 3760/6187/3760 3845/6188/3845
f 1183/6189/1183 4587/6190/4587 4586/6191/4586
f 3761/6186/3761 3845/6188/3845 1183/6189/1183
f 1175/6184/1175 3761/6186/3761 1183/6189/1183
f 1183/6189/1183 4586/6191/4586 1175/6184/1175
f 4586/6191/4586 3511/6192/3511 1175/6184/1175
f 3511/6192/3511 3512/6193/3512 1259/6194/1259
f 1259/6194/1259 1260/6195/1260 1998/6196/1998
f 1998/6196/1998 2408/6197/2408 2407/6198/2407
f 2407/6198/2407 921/6199/921 920/6200/920
f 3088/6201/3088 3100/1896/3100 4414/1902/4414
f 3100/1896/3100 3617/1895/3617 4414/1902/4414
f 4096/1901/4096 3488/6202/3488 1754/6203/1754
f 3488/6202/3488 2765/1092/2765 1754/6203/1754
f 3088/6201/3088 4414/1902/4414 371/6204/371
f 4414/1902/4414 4096/1901/4096 1754/6203/1754
f 4414/1902/4414 1754/6203/1754 371/6204/371
f 920/6200/920 3088/6201/3088 3561/3166/3561
f 371/6204/371 1472/1094/1472 2449/3158/2449
f 3088/6201/3088 371/6204/371 2283/3161/2283
f 3088/6201/3088 2283/3161/2283 4158/3163/4158
f 371/6204/371 2449/3158/2449 2386/3157/2386
f 2386/3157/2386 2385/3159/2385 2283/3161/2283
f 371/6204/371 2386/3157/2386 2283/3161/2283
f 2407/6198/2407 920/6200/920 688/3169/688
f 2283/3161/2283 915/3156/915 4158/3163/4158
f 3088/6201/3088 4158/3163/4158 3561/3166/3561
f 3511/6192/3511 1259/6194/1259 1998/6196/1998
f 1998/6196/1998 2407/6198/2407 1644/3175/1644
f 4158/3163/4158 2338/3162/2338 3587/3164/3587
f 920/6200/920 3561/3166/3561 688/3169/688
f 4158/3163/4158 3587/3164/3587 3561/3166/3561
f 1175/6184/1175 3511/6192/3511 1024/6182/1024
f 3511/6192/3511 1998/6196/1998 1024/6182/1024
f 3587/3164/3587 3178/3160/3178 3733/3167/3733
f 3561/3166/3561 3587/3164/3587 3733/3167/3733
f 3561/3166/3561 687/3165/687 688/3169/688
f 688/3169/688 2939/3168/2939 2940/3171/2940
f 2940/3171/2940 1602/3170/1602 1603/3173/1603
f 1603/3173/1603 1698/3172/1698 1644/3175/1644
f 1644/3175/1644 765/3174/765 766/3177/766
f 766/3177/766 1663/3176/1663 3645/3179/3645
f 3645/3179/3645 3644/3178/3644 2968/6175/2968
f 3645/3179/3645 2968/6175/2968 766/3177/766
f 2968/6175/2968 1700/6177/1700 1998/6196/1998
f 1644/3175/1644 2968/6175/2968 1998/6196/1998
f 1644/3175/1644 766/3177/766 2968/6175/2968
f 2940/3171/2940 1603/3173/1603 1644/3175/1644
f 688/3169/688 2940/3171/2940 2407/6198/2407
f 2407/6198/2407 2940/3171/2940 1644/3175/1644
f 2500/986/2500 1024/6182/1024 1700/6177/1700
f 1024/6182/1024 1998/6196/1998 1700/6177/1700
f 4575/990/4575 3034/2219/3034 768/988/768
f 3034/2219/3034 4242/153/4242 768/988/768
f 4242/153/4242 3694/6205/3694 768/988/768
f 3694/6205/3694 769/6206/769 768/988/768
f 4993/991/4993 4084/1457/4084 3896/770/3896
f 4263/6207/4263 1908/6208/1908 834/6173/834
f 4921/2744/4921 785/2743/785 3019/6209/3019
f 785/2743/785 4852/2741/4852 1426/6210/1426
f 4263/6207/4263 834/6173/834 4921/2744/4921
f 491/6211/491 2531/6212/2531 3094/6213/3094
f 3094/6213/3094 4263/6207/4263 2671/6214/2671
f 4263/6207/4263 4921/2744/4921 3019/6209/3019
f 2671/6214/2671 4263/6207/4263 3019/6209/3019
f 785/2743/785 1426/6210/1426 1089/6215/1089
f 4852/2741/4852 2159/2740/2159 1426/6210/1426
f 1426/6210/1426 3554/1299/3554 2669/1298/2669
f 2348/994/2348 491/6211/491 492/992/492
f 491/6211/491 3094/6213/3094 492/992/492
f 1426/6210/1426 2669/1298/2669 1089/6215/1089
f 785/2743/785 1089/6215/1089 3019/6209/3019
f 2671/6214/2671 2670/6216/2670 1346/6217/1346
f 2670/6216/2670 1702/6218/1702 1346/6217/1346
f 1702/6218/1702 1718/6219/1718 1346/6217/1346
f 3094/6213/3094 2671/6214/2671 1346/6217/1346
f 492/992/492 3094/6213/3094 1346/6217/1346
f 1763/853/1763 75/1050/75 1353/995/1353
f 3533/3103/3533 2448/3106/2448 161/3105/161
f 161/3105/161 162/3092/162 1176/3051/1176
f 3661/3108/3661 137/3107/137 3233/3110/3233
f 161/3105/161 1176/3051/1176 3661/3108/3661
f 3533/3103/3533 161/3105/161 2291/6220/2291
f 161/3105/161 3661/3108/3661 2291/6220/2291
f 3233/3110/3233 2712/3109/2712 3116/3113/3116
f 3661/3108/3661 3233/3110/3233 2291/6220/2291
f 1731/3102/1731 1031/3101/1031 1032/3104/1032
f 3233/3110/3233 3116/3113/3116 2291/6220/2291
f 3116/3113/3116 2527/3112/2527 577/3115/577
f 577/3115/577 578/3114/578 576/3117/576
f 576/3117/576 910/3116/910 4221/6221/4221
f 2904/6222/2904 4628/6223/4628 1595/6224/1595
f 4628/6223/4628 4400/6225/4400 1595/6224/1595
f 576/3117/576 4221/6221/4221 2904/6222/2904
f 3116/3113/3116 577/3115/577 2904/6222/2904
f 577/3115/577 576/3117/576 2904/6222/2904
f 4400/6225/4400 1592/6226/1592 1595/6224/1595
f 1594/6227/1594 1593/6228/1593 2291/6220/2291
f 2904/6222/2904 1595/6224/1595 1594/6227/1594
f 3116/3113/3116 2904/6222/2904 1594/6227/1594
f 3116/3113/3116 1594/6227/1594 2291/6220/2291
f 1032/3104/1032 3533/3103/3533 1721/6229/1721
f 3533/3103/3533 2291/6220/2291 1721/6229/1721
f 1721/6229/1721 4311/6230/4311 4955/6231/4955
f 338/3100/338 1732/3099/1732 1731/3102/1731
f 1731/3102/1731 1032/3104/1032 4323/6232/4323
f 1032/3104/1032 1721/6229/1721 1104/6233/1104
f 4323/6232/4323 1032/3104/1032 1104/6233/1104
f 4955/6231/4955 4488/6234/4488 1577/6235/1577
f 1721/6229/1721 4955/6231/4955 764/6236/764
f 4299/3098/4299 1250/3097/1250 338/3100/338
f 338/3100/338 1731/3102/1731 4521/6237/4521
f 4521/6237/4521 1731/3102/1731 4323/6232/4323
f 4955/6231/4955 1577/6235/1577 764/6236/764
f 764/6236/764 4127/6238/4127 1104/6233/1104
f 1104/6233/1104 3536/6239/3536 4323/6232/4323
f 4323/6232/4323 2781/6240/2781 4521/6237/4521
f 4521/6237/4521 613/6241/613 802/6242/802
f 802/6242/802 801/6243/801 3052/997/3052
f 3052/997/3052 3053/6244/3053 3051/998/3051
f 3051/998/3051 2215/6245/2215 884/6246/884
f 884/6246/884 4006/6247/4006 1261/6248/1261
f 1261/6248/1261 1208/6249/1208 3993/3090/3993
f 1208/6249/1208 3674/6250/3674 3993/3090/3993
f 3674/6250/3674 4729/3089/4729 2604/3088/2604
f 2604/3088/2604 2482/3085/2482 3674/6250/3674
f 2482/3085/2482 3993/3090/3993 3674/6250/3674
f 3993/3090/3993 621/3084/621 620/3091/620
f 620/3091/620 622/3082/622 607/3093/607
f 607/3093/607 1389/3083/1389 4025/3095/4025
f 4025/3095/4025 668/3094/668 667/996/667
f 667/996/667 669/3096/669 4299/3098/4299
f 4299/3098/4299 338/3100/338 802/6242/802
f 802/6242/802 338/3100/338 4521/6237/4521
f 764/6236/764 1104/6233/1104 1721/6229/1721
f 667/996/667 4299/3098/4299 3052/997/3052
f 3052/997/3052 4299/3098/4299 802/6242/802
f 607/3093/607 4025/3095/4025 884/6246/884
f 4025/3095/4025 667/996/667 3051/998/3051
f 3993/3090/3993 620/3091/620 1261/6248/1261
f 620/3091/620 607/3093/607 884/6246/884
f 1261/6248/1261 620/3091/620 884/6246/884
f 3051/998/3051 884/6246/884 4025/3095/4025
f 2644/999/2644 2693/6251/2693 216/1000/216
f 216/1000/216 106/6252/106 107/411/107
f 107/411/107 588/6253/588 216/1000/216
f 588/6253/588 3520/1001/3520 216/1000/216
f 3520/1001/3520 1464/6254/1464 1687/6255/1687
f 1687/6255/1687 4827/6256/4827 271/6257/271
f 4827/6256/4827 3333/6258/3333 271/6257/271
f 3333/6258/3333 1448/6259/1448 1995/4668/1995
f 1448/6259/1448 1994/4669/1994 1995/4668/1995
f 1995/4668/1995 272/6260/272 3333/6258/3333
f 271/6257/271 1590/6261/1590 1687/6255/1687
f 1590/6261/1590 2644/999/2644 1687/6255/1687
f 272/6260/272 271/6257/271 3333/6258/3333
f 3520/1001/3520 1687/6255/1687 2644/999/2644
f 2618/1002/2618 1701/5250/1701 3851/1003/3851
f 3922/6262/3922 4242/6263/4242 4467/6264/4467
f 4242/6263/4242 123/5525/123 4467/6264/4467
f 123/5525/123 122/5524/122 4467/6264/4467
f 122/5524/122 1824/1005/1824 1263/1007/1263
f 4467/6264/4467 122/5524/122 1263/1007/1263
f 1824/1005/1824 2696/5523/2696 4835/1006/4835
f 2401/1008/2401 986/6265/986 405/1009/405
f 10/1013/10 2877/6266/2877 1560/1011/1560
f 1560/1011/1560 3562/6267/3562 1551/1012/1551
f 1551/1012/1551 3550/6268/3550 10/1013/10
f 4944/6269/4944 3582/6270/3582 1529/6271/1529
f 3582/6270/3582 2721/6272/2721 2254/6273/2254
f 2721/6272/2721 4118/6274/4118 5007/6275/5007
f 5007/6275/5007 3774/6276/3774 2721/6272/2721
f 3774/6276/3774 4206/6277/4206 2721/6272/2721
f 2254/6273/2254 4894/6278/4894 1529/6271/1529
f 4206/6277/4206 2254/6273/2254 2721/6272/2721
f 3582/6270/3582 2254/6273/2254 1529/6271/1529
f 1486/6279/1486 2/6280/2 4721/6281/4721
f 4811/1016/4811 1486/6279/1486 4721/6281/4721
f 4721/6281/4721 4944/6269/4944 1529/6271/1529
f 1529/6271/1529 1178/6282/1178 4721/6281/4721
f 2456/1014/2456 3794/6283/3794 2618/1015/2618
f 3794/6283/3794 1701/6284/1701 2618/1015/2618
f 1178/6282/1178 2456/1014/2456 4811/1016/4811
f 4811/1016/4811 4721/6281/4721 1178/6282/1178
f 3856/6285/3856 981/6286/981 2618/1015/2618
f 981/6286/981 4811/1016/4811 2618/1015/2618
f 1401/6287/1401 3021/6288/3021 3275/1019/3275
f 3021/6288/3021 2640/6289/2640 3275/1019/3275
f 2640/6289/2640 2639/6290/2639 1102/6291/1102
f 2639/6290/2639 1103/6292/1103 1102/6291/1102
f 1102/6291/1102 820/1017/820 3275/1019/3275
f 2640/6289/2640 1102/6291/1102 3275/1019/3275
f 652/6293/652 2643/5725/2643 2359/1022/2359
f 2643/5725/2643 2278/907/2278 488/1485/488
f 2359/1022/2359 2643/5725/2643 488/1485/488
f 2278/907/2278 3660/1486/3660 488/1485/488
f 488/1485/488 1094/3897/1094 2359/1022/2359
f 1094/3897/1094 1918/1020/1918 2359/1022/2359
f 236/1023/236 2922/6294/2922 1676/1024/1676
f 3838/1026/3838 3837/4760/3837 598/706/598
f 2756/5549/2756 2511/5548/2511 807/5551/807
f 807/5551/807 792/5550/792 791/5553/791
f 791/5553/791 790/5552/790 2183/5555/2183
f 2184/5554/2184 2514/5556/2514 2704/5560/2704
f 2514/5556/2514 2510/5557/2510 2704/5560/2704
f 2704/5560/2704 2705/5558/2705 3136/5562/3136
f 3136/5562/3136 3137/5561/3137 3138/5564/3138
f 3138/5564/3138 65/5563/65 380/5566/380
f 380/5566/380 1545/5565/1545 362/5568/362
f 362/5568/362 2633/5567/2633 2634/5570/2634
f 2634/5570/2634 4093/5569/4093 3577/5572/3577
f 3577/5572/3577 828/5571/828 2752/5574/2752
f 2752/5574/2752 4048/5573/4048 3646/5576/3646
f 2400/1208/2400 3127/6295/3127 1743/6296/1743
f 3127/6295/3127 2951/6297/2951 1743/6296/1743
f 2752/5574/2752 3646/5576/3646 2400/1208/2400
f 362/5568/362 2634/5570/2634 4440/6298/4440
f 2634/5570/2634 3577/5572/3577 4440/6298/4440
f 3577/5572/3577 2752/5574/2752 4491/6299/4491
f 2752/5574/2752 2400/1208/2400 3198/6300/3198
f 4210/6301/4210 3198/6300/3198 2011/6302/2011
f 1743/6296/1743 1045/6303/1045 1642/6304/1642
f 1642/6304/1642 1643/6305/1643 1046/6306/1046
f 190/6307/190 189/6308/189 1146/6309/1146
f 1642/6304/1642 1046/6306/1046 190/6307/190
f 2400/1208/2400 1743/6296/1743 1642/6304/1642
f 3198/6300/3198 4210/6301/4210 2752/5574/2752
f 3136/5562/3136 3138/5564/3138 2184/5554/2184
f 3138/5564/3138 380/5566/380 533/1030/533
f 380/5566/380 362/5568/362 4440/6298/4440
f 2752/5574/2752 4210/6301/4210 4491/6299/4491
f 2400/1208/2400 1642/6304/1642 190/6307/190
f 190/6307/190 1146/6309/1146 3198/6300/3198
f 2011/6302/2011 2121/6310/2121 2120/6311/2120
f 2400/1208/2400 190/6307/190 3198/6300/3198
f 2011/6302/2011 2120/6311/2120 4210/6301/4210
f 2184/5554/2184 2704/5560/2704 3136/5562/3136
f 2183/5555/2183 2184/5554/2184 193/6312/193
f 3577/5572/3577 4491/6299/4491 4823/6313/4823
f 4210/6301/4210 3894/6314/3894 4491/6299/4491
f 3577/5572/3577 4823/6313/4823 4440/6298/4440
f 2184/5554/2184 3138/5564/3138 193/6312/193
f 4491/6299/4491 3893/6315/3893 4823/6313/4823
f 2756/5549/2756 807/5551/807 2401/6316/2401
f 807/5551/807 791/5553/791 2401/6316/2401
f 791/5553/791 2183/5555/2183 2401/6316/2401
f 380/5566/380 4440/6298/4440 1367/6317/1367
f 4823/6313/4823 4839/6318/4839 4440/6298/4440
f 380/5566/380 1367/6317/1367 533/1030/533
f 483/5546/483 222/5547/222 2756/5549/2756
f 4440/6298/4440 4441/6319/4441 1367/6317/1367
f 3138/5564/3138 533/1030/533 3320/1029/3320
f 4820/2115/4820 2100/2114/2100 483/5546/483
f 483/5546/483 2756/5549/2756 2401/6316/2401
f 3138/5564/3138 3320/1029/3320 193/6312/193
f 1367/6317/1367 3187/6320/3187 533/1030/533
f 2401/6316/2401 4820/2115/4820 483/5546/483
f 3266/6321/3266 986/6322/986 2401/6316/2401
f 4320/6323/4320 1510/6324/1510 3266/6321/3266
f 2369/6325/2369 4029/6326/4029 4320/6323/4320
f 2370/6327/2370 3398/6328/3398 2369/6325/2369
f 192/6329/192 3906/6330/3906 2370/6327/2370
f 3320/1029/3320 4582/6331/4582 193/6312/193
f 193/6312/193 192/6329/192 2370/6327/2370
f 2370/6327/2370 2369/6325/2369 3266/6321/3266
f 2369/6325/2369 4320/6323/4320 3266/6321/3266
f 193/6312/193 2370/6327/2370 3266/6321/3266
f 193/6312/193 3266/6321/3266 2183/5555/2183
f 3266/6321/3266 2401/6316/2401 2183/5555/2183
f 853/1028/853 3499/6332/3499 3320/1029/3320
f 533/1030/533 2982/6333/2982 853/1028/853
f 4028/6334/4028 3651/6335/3651 2459/4093/2459
f 3651/6335/3651 1047/4082/1047 1695/4089/1695
f 1047/4082/1047 1696/4083/1696 1695/4089/1695
f 1695/4089/1695 2460/4088/2460 2459/4093/2459
f 2459/4093/2459 2461/4092/2461 1929/4099/1929
f 1929/4099/1929 3228/4098/3228 3227/4101/3227
f 3227/4101/3227 4228/4100/4228 1497/1033/1497
f 4228/4100/4228 4229/1031/4229 1497/1033/1497
f 4229/1031/4229 432/4102/432 4085/6336/4085
f 432/4102/432 2797/4104/2797 4085/6336/4085
f 4085/6336/4085 46/1032/46 4229/1031/4229
f 1497/1033/1497 3497/6337/3497 3496/6338/3496
f 1929/4099/1929 3227/4101/3227 3496/6338/3496
f 1695/4089/1695 2459/4093/2459 3651/6335/3651
f 2459/4093/2459 1929/4099/1929 4028/6334/4028
f 1497/1033/1497 3496/6338/3496 3227/4101/3227
f 3496/6338/3496 4028/6334/4028 1929/4099/1929
f 4123/1036/4123 4124/6339/4124 3184/1034/3184
f 3184/1034/3184 3005/149/3005 1985/1035/1985
f 3005/149/3005 936/6340/936 1985/1035/1985
f 1985/1035/1985 3867/1360/3867 4123/1036/4123
f 1745/1039/1745 4551/142/4551 1511/1037/1511
f 1511/1037/1511 3908/2208/3908 3909/1038/3909
f 3635/6341/3635 3636/6342/3636 4109/6343/4109
f 3636/6342/3636 3597/6344/3597 4109/6343/4109
f 682/6114/682 3953/6345/3953 83/3712/83
f 3953/6345/3953 3494/6346/3494 83/3712/83
f 682/6114/682 4866/6347/4866 1392/6348/1392
f 4866/6347/4866 682/6114/682 83/3712/83
f 3494/6346/3494 3635/6341/3635 83/3712/83
f 682/6114/682 1392/6348/1392 4816/5965/4816
f 2820/6349/2820 4816/5965/4816 1251/3941/1251
f 4076/6350/4076 4653/6351/4653 2821/6352/2821
f 4816/5965/4816 1392/6348/1392 1251/3941/1251
f 2821/6352/2821 2820/6349/2820 5009/6353/5009
f 3635/6341/3635 4109/6343/4109 969/3715/969
f 389/6118/389 2927/6117/2927 4417/6354/4417
f 2927/6117/2927 4076/6350/4076 4417/6354/4417
f 3460/6355/3460 4417/6354/4417 4076/6350/4076
f 3460/6355/3460 4076/6350/4076 2821/6352/2821
f 4705/6356/4705 4277/6357/4277 5009/6353/5009
f 5009/6353/5009 3460/6355/3460 2821/6352/2821
f 4305/3216/4305 3476/3215/3476 3203/6358/3203
f 3476/3215/3476 3777/3214/3777 3203/6358/3203
f 3203/6358/3203 4862/6359/4862 4574/6360/4574
f 2342/6361/2342 3068/6362/3068 4704/6363/4704
f 3236/6364/3236 1846/6365/1846 3305/6366/3305
f 1846/6365/1846 2342/6361/2342 3305/6366/3305
f 4864/6078/4864 2002/6367/2002 3236/6364/3236
f 964/6036/964 2490/6081/2490 965/6077/965
f 2490/6081/2490 2491/6079/2491 4652/6368/4652
f 965/6077/965 2490/6081/2490 4652/6368/4652
f 2491/6079/2491 4864/6078/4864 4248/6369/4248
f 4864/6078/4864 3236/6364/3236 4248/6369/4248
f 3565/6370/3565 4956/6371/4956 4652/6368/4652
f 3236/6364/3236 3305/6366/3305 4248/6369/4248
f 2342/6361/2342 4704/6363/4704 2077/6372/2077
f 3305/6366/3305 2342/6361/2342 4099/6373/4099
f 3565/6370/3565 4652/6368/4652 2491/6079/2491
f 2969/6374/2969 3565/6370/3565 557/3913/557
f 3565/6370/3565 2491/6079/2491 557/3913/557
f 2298/3903/2298 2297/3902/2297 708/3907/708
f 2297/3902/2297 2025/6076/2025 708/3907/708
f 303/3908/303 2402/3906/2402 708/3907/708
f 708/3907/708 2025/6076/2025 303/3908/303
f 2025/6076/2025 2969/6374/2969 304/3909/304
f 303/3908/303 2025/6076/2025 304/3909/304
f 556/3912/556 304/3909/304 2969/6374/2969
f 4109/6343/4109 4305/3216/4305 969/3715/969
f 4305/3216/4305 3203/6358/3203 4574/6360/4574
f 4574/6360/4574 245/3716/245 969/3715/969
f 4305/3216/4305 4574/6360/4574 969/3715/969
f 4248/6369/4248 1707/2232/1707 557/3913/557
f 557/3913/557 556/3912/556 2969/6374/2969
f 969/3715/969 41/3719/41 84/3713/84
f 41/3719/41 4288/3714/4288 84/3713/84
f 84/3713/84 85/3711/85 83/3712/83
f 4248/6369/4248 557/3913/557 2491/6079/2491
f 2077/6372/2077 4099/6373/4099 2342/6361/2342
f 2508/3914/2508 851/3922/851 1524/3923/1524
f 851/3922/851 2077/6372/2077 4705/6356/4705
f 1524/3923/1524 851/3922/851 4705/6356/4705
f 1755/3925/1755 1525/3924/1525 1524/3923/1524
f 169/3926/169 2880/3919/2880 1755/3925/1755
f 1755/3925/1755 1524/3923/1524 5009/6353/5009
f 2077/6372/2077 4704/6363/4704 4705/6356/4705
f 139/3927/139 3115/3910/3115 169/3926/169
f 1524/3923/1524 4705/6356/4705 5009/6353/5009
f 139/3927/139 169/3926/169 2059/3931/2059
f 169/3926/169 1755/3925/1755 2059/3931/2059
f 141/3928/141 142/3905/142 140/3929/140
f 142/3905/142 139/3927/139 140/3929/140
f 2059/3931/2059 3069/3930/3069 140/3929/140
f 140/3929/140 139/3927/139 2059/3931/2059
f 1755/3925/1755 5009/6353/5009 2820/6349/2820
f 969/3715/969 84/3713/84 83/3712/83
f 83/3712/83 4057/3710/4057 3564/6375/3564
f 4057/3710/4057 4565/6376/4565 3564/6375/3564
f 969/3715/969 83/3712/83 3635/6341/3635
f 2059/3931/2059 1755/3925/1755 1251/3941/1251
f 1251/3941/1251 1755/3925/1755 2820/6349/2820
f 442/3935/442 2433/3932/2433 439/3936/439
f 2433/3932/2433 2432/3933/2432 439/3936/439
f 2432/3933/2432 2059/3931/2059 1251/3941/1251
f 3564/6375/3564 4867/414/4867 4866/6347/4866
f 83/3712/83 3564/6375/3564 4866/6347/4866
f 439/3936/439 2432/3933/2432 1251/3941/1251
f 4866/6347/4866 4865/6377/4865 1392/6348/1392
f 4975/6378/4975 4974/416/4974 47/415/47
f 440/3937/440 439/3936/439 158/3939/158
f 837/3938/837 441/3934/441 440/3937/440
f 1251/3941/1251 159/3940/159 158/3939/158
f 158/3939/158 837/3938/837 440/3937/440
f 1392/6348/1392 4975/6378/4975 2426/3943/2426
f 1251/3941/1251 1392/6348/1392 2426/3943/2426
f 47/415/47 4190/3541/4190 4264/6379/4264
f 4975/6378/4975 47/415/47 1023/3945/1023
f 2426/3943/2426 4975/6378/4975 1023/3945/1023
f 439/3936/439 1251/3941/1251 158/3939/158
f 47/415/47 4264/6379/4264 1023/3945/1023
f 4264/6379/4264 3800/472/3800 2132/3948/2132
f 3800/472/3800 876/471/876 885/3243/885
f 876/471/876 877/6380/877 2780/6381/2780
f 877/6380/877 4209/6382/4209 2780/6381/2780
f 2780/6381/2780 886/6383/886 885/3243/885
f 3800/472/3800 885/3243/885 129/3952/129
f 885/3243/885 876/471/876 2780/6381/2780
f 1023/3945/1023 751/3942/751 2426/3943/2426
f 172/3946/172 2303/3944/2303 1023/3945/1023
f 2132/3948/2132 998/3947/998 172/3946/172
f 3089/3950/3089 1934/3949/1934 2132/3948/2132
f 129/3952/129 4144/3951/4144 3089/3950/3089
f 2240/3954/2240 2033/3953/2033 129/3952/129
f 376/3956/376 554/3955/554 2240/3954/2240
f 3246/3958/3246 3245/3957/3245 376/3956/376
f 1097/1042/1097 2182/3959/2182 2208/3960/2208
f 1764/3961/1764 1096/3904/1096 451/6384/451
f 1096/3904/1096 1097/1042/1097 4555/1041/4555
f 2396/3963/2396 3076/3962/3076 1764/3961/1764
f 642/3965/642 167/3964/167 2396/3963/2396
f 2465/3967/2465 2466/3966/2466 1233/6385/1233
f 2466/3966/2466 642/3965/642 1233/6385/1233
f 1697/6386/1697 3711/6387/3711 642/3965/642
f 3711/6387/3711 1233/6385/1233 642/3965/642
f 3715/6388/3715 4781/6389/4781 2485/6390/2485
f 4781/6389/4781 1697/6386/1697 2181/6391/2181
f 2485/6390/2485 4781/6389/4781 2181/6391/2181
f 1068/6392/1068 1385/6393/1385 3715/6388/3715
f 2486/6394/2486 4929/6395/4929 1068/6392/1068
f 3213/6396/3213 3843/6397/3843 2485/6390/2485
f 2485/6390/2485 2486/6394/2486 1068/6392/1068
f 1068/6392/1068 3715/6388/3715 2485/6390/2485
f 1697/6386/1697 642/3965/642 2396/3963/2396
f 376/3956/376 2240/3954/2240 649/3242/649
f 2240/3954/2240 129/3952/129 649/3242/649
f 129/3952/129 3089/3950/3089 3800/472/3800
f 3089/3950/3089 2132/3948/2132 3800/472/3800
f 2132/3948/2132 172/3946/172 4264/6379/4264
f 172/3946/172 1023/3945/1023 4264/6379/4264
f 885/3243/885 649/3242/649 129/3952/129
f 649/3242/649 4845/6398/4845 376/3956/376
f 4846/6399/4846 4023/3259/4023 3299/6400/3299
f 4023/3259/4023 4384/349/4384 3299/6400/3299
f 376/3956/376 4845/6398/4845 3246/3958/3246
f 4845/6398/4845 4846/6399/4846 4610/6401/4610
f 3246/3958/3246 4845/6398/4845 1528/6402/1528
f 4384/349/4384 1495/6403/1495 3299/6400/3299
f 3299/6400/3299 1343/6404/1343 4610/6401/4610
f 4610/6401/4610 4162/6405/4162 1528/6402/1528
f 1528/6402/1528 4642/6406/4642 4626/6407/4626
f 4626/6407/4626 4825/6408/4825 3218/6409/3218
f 2124/6410/2124 2123/6411/2123 2929/6412/2929
f 1528/6402/1528 4626/6407/4626 3246/3958/3246
f 4626/6407/4626 3218/6409/3218 3246/3958/3246
f 2124/6410/2124 2929/6412/2929 2914/6413/2914
f 3218/6409/3218 2124/6410/2124 3261/6414/3261
f 2124/6410/2124 2914/6413/2914 3261/6414/3261
f 2914/6413/2914 4871/6415/4871 3261/6414/3261
f 3261/6414/3261 4606/6416/4606 2581/6417/2581
f 2581/6417/2581 2582/6418/2582 3402/6419/3402
f 4115/6420/4115 4728/6421/4728 2467/6422/2467
f 3261/6414/3261 2581/6417/2581 3402/6419/3402
f 3218/6409/3218 3261/6414/3261 3246/3958/3246
f 3261/6414/3261 3402/6419/3402 3246/3958/3246
f 2467/6422/2467 733/6423/733 732/3301/732
f 4033/6424/4033 433/6425/433 1313/6426/1313
f 2467/6422/2467 732/3301/732 4033/6424/4033
f 4115/6420/4115 2467/6422/2467 1313/6426/1313
f 2467/6422/2467 4033/6424/4033 1313/6426/1313
f 4115/6420/4115 1313/6426/1313 2208/3960/2208
f 1313/6426/1313 1154/6427/1154 2208/3960/2208
f 1154/6427/1154 2344/6428/2344 4553/6429/4553
f 2344/6428/2344 3257/6430/3257 4553/6429/4553
f 3257/6430/3257 3258/6431/3258 638/6432/638
f 638/6432/638 3473/6433/3473 3257/6430/3257
f 3473/6433/3473 4553/6429/4553 3257/6430/3257
f 4073/6434/4073 90/6435/90 1097/1042/1097
f 90/6435/90 831/1040/831 1097/1042/1097
f 1154/6427/1154 4553/6429/4553 4073/6434/4073
f 831/1040/831 1942/6436/1942 4555/1041/4555
f 1154/6427/1154 4073/6434/4073 2208/3960/2208
f 2208/3960/2208 4073/6434/4073 1097/1042/1097
f 3402/6419/3402 4115/6420/4115 2208/3960/2208
f 451/6384/451 452/6437/452 4902/6438/4902
f 478/6439/478 476/6440/476 477/6441/477
f 477/6441/477 4685/6442/4685 4562/6443/4562
f 4685/6442/4685 2499/6444/2499 4562/6443/4562
f 4562/6443/4562 2523/6445/2523 2659/6446/2659
f 477/6441/477 4562/6443/4562 3472/6447/3472
f 4562/6443/4562 2659/6446/2659 4419/6448/4419
f 3472/6447/3472 4562/6443/4562 4419/6448/4419
f 2659/6446/2659 3313/6449/3313 4419/6448/4419
f 4419/6448/4419 3122/6450/3122 3472/6447/3472
f 478/6439/478 477/6441/477 2623/6451/2623
f 477/6441/477 3472/6447/3472 2623/6451/2623
f 4902/6438/4902 478/6439/478 2623/6451/2623
f 4810/6452/4810 879/6453/879 3119/6454/3119
f 4810/6452/4810 3119/6454/3119 2554/6455/2554
f 2554/6455/2554 897/6456/897 4255/6457/4255
f 3179/6458/3179 727/6459/727 943/6460/943
f 2554/6455/2554 4255/6457/4255 3179/6458/3179
f 2623/6451/2623 4810/6452/4810 2554/6455/2554
f 4902/6438/4902 2623/6451/2623 3823/6461/3823
f 2623/6451/2623 2554/6455/2554 943/6460/943
f 3823/6461/3823 2623/6451/2623 943/6460/943
f 2554/6455/2554 3179/6458/3179 943/6460/943
f 4902/6438/4902 3823/6461/3823 1764/3961/1764
f 3823/6461/3823 150/6462/150 1764/3961/1764
f 451/6384/451 4902/6438/4902 1764/3961/1764
f 2181/6391/2181 3213/6396/3213 2485/6390/2485
f 4846/6399/4846 3299/6400/3299 4610/6401/4610
f 150/6462/150 2181/6391/2181 2396/3963/2396
f 2181/6391/2181 1697/6386/1697 2396/3963/2396
f 150/6462/150 2396/3963/2396 1764/3961/1764
f 4845/6398/4845 4610/6401/4610 1528/6402/1528
f 2208/3960/2208 3246/3958/3246 3402/6419/3402
f 4555/1041/4555 451/6384/451 1096/3904/1096
f 4078/1043/4078 4079/6463/4079 2425/1044/2425
f 3684/1046/3684 3685/6464/3685 3682/1047/3682
f 1763/853/1763 1762/4002/1762 75/1050/75
f 1762/4002/1762 3340/507/3340 75/1050/75
f 3340/507/3340 4506/1248/4506 76/1049/76
f 76/1049/76 1369/6465/1369 1368/6466/1368
f 76/1049/76 1368/6466/1368 75/1050/75
f 4309/1051/4309 918/6467/918 2883/1052/2883
f 3453/1056/3453 1123/2093/1123 2381/1054/2381
f 1123/2093/1123 1834/2091/1834 4960/6468/4960
f 1834/2091/1834 2258/6469/2258 4960/6468/4960
f 4960/6468/4960 3271/6470/3271 1123/2093/1123
f 3271/6470/3271 2381/1054/2381 1123/2093/1123
f 4105/1057/4105 2575/645/2575 1021/1058/1021
f 3901/1060/3901 3900/6471/3900 1922/5430/1922
f 1922/5430/1922 4559/851/4559 3901/1060/3901
f 4998/6472/4998 4738/6473/4738 4217/6474/4217
f 4738/6473/4738 583/6475/583 4217/6474/4217
f 4217/6474/4217 4218/6476/4218 4639/6477/4639
f 4979/6478/4979 4548/6479/4548 4998/6472/4998
f 4996/6480/4996 5000/6481/5000 4979/6478/4979
f 3838/6482/3838 597/6483/597 1253/6484/1253
f 1253/6484/1253 4996/6480/4996 4979/6478/4979
f 4979/6478/4979 4998/6472/4998 4639/6477/4639
f 4998/6472/4998 4217/6474/4217 4639/6477/4639
f 4639/6477/4639 4932/6485/4932 4689/6486/4689
f 3838/6482/3838 1253/6484/1253 4639/6477/4639
f 1253/6484/1253 4979/6478/4979 4639/6477/4639
f 1655/6487/1655 3837/6488/3837 3838/6482/3838
f 1137/6489/1137 4081/6490/4081 3789/6491/3789
f 4081/6490/4081 1655/6487/1655 3789/6491/3789
f 1655/6487/1655 3838/6482/3838 3789/6491/3789
f 3789/6491/3789 3838/6482/3838 4639/6477/4639
f 4639/6477/4639 4689/6486/4689 971/6492/971
f 5012/6493/5012 4485/6494/4485 4486/6495/4486
f 4486/6495/4486 3931/6496/3931 4787/1216/4787
f 4003/1215/4003 2783/6497/2783 3687/6498/3687
f 4486/6495/4486 4787/1216/4787 4003/1215/4003
f 5012/6493/5012 4486/6495/4486 3687/6498/3687
f 4486/6495/4486 4003/1215/4003 3687/6498/3687
f 4689/6486/4689 5012/6493/5012 970/6499/970
f 5012/6493/5012 3687/6498/3687 4178/6500/4178
f 4178/6500/4178 2733/6501/2733 631/6502/631
f 2733/6501/2733 632/6503/632 631/6502/631
f 5012/6493/5012 4178/6500/4178 3722/1063/3722
f 970/6499/970 5012/6493/5012 4672/6504/4672
f 970/6499/970 1665/6505/1665 971/6492/971
f 971/6492/971 3789/6491/3789 4639/6477/4639
f 971/6492/971 4689/6486/4689 970/6499/970
f 818/1061/818 4445/6506/4445 974/6507/974
f 4178/6500/4178 631/6502/631 3722/1063/3722
f 631/6502/631 818/1061/818 3722/1063/3722
f 4672/6504/4672 3196/6508/3196 970/6499/970
f 4672/6504/4672 5012/6493/5012 3722/1063/3722
f 818/1061/818 974/6507/974 3191/1062/3191
f 3722/1063/3722 4281/6509/4281 4672/6504/4672
f 288/1064/288 4754/6510/4754 3862/1065/3862
f 4754/6510/4754 4753/6511/4753 3862/1065/3862
f 3862/1065/3862 4793/6512/4793 1244/1066/1244
f 3635/6513/3635 3494/6514/3494 3636/6515/3636
f 3494/6514/3494 757/6516/757 3636/6515/3636
f 757/6516/757 2804/6517/2804 3636/6515/3636
f 2804/6517/2804 64/6518/64 3636/6515/3636
f 64/6518/64 3967/6519/3967 1913/1067/1913
f 3967/6519/3967 1453/6520/1453 1913/1067/1913
f 1727/6521/1727 1728/6522/1728 2616/6523/2616
f 1727/6521/1727 2616/6523/2616 2354/6524/2354
f 64/6518/64 1913/1067/1913 3597/1069/3597
f 1453/6520/1453 1727/6521/1727 1913/1067/1913
f 4305/6525/4305 4109/6526/4109 267/6527/267
f 4109/6526/4109 3597/1069/3597 267/6527/267
f 3597/1069/3597 3636/6515/3636 64/6518/64
f 1727/6521/1727 2354/6524/2354 4838/6528/4838
f 1913/1067/1913 1727/6521/1727 4838/6528/4838
f 2734/1866/2734 3153/1869/3153 3152/6529/3152
f 4751/1885/4751 3060/1884/3060 4211/6530/4211
f 2354/6524/2354 2734/1866/2734 3152/6529/3152
f 3152/6529/3152 4751/1885/4751 4211/6530/4211
f 4211/6530/4211 4394/6531/4394 2989/6532/2989
f 2989/6532/2989 1874/6533/1874 3000/6534/3000
f 3000/6534/3000 3505/6535/3505 86/6536/86
f 86/6536/86 87/6537/87 4326/6538/4326
f 87/6537/87 4341/6539/4341 4326/6538/4326
f 4326/6538/4326 1489/6540/1489 4577/6541/4577
f 3000/6534/3000 86/6536/86 4326/6538/4326
f 4577/6541/4577 2440/6542/2440 4838/6528/4838
f 3000/6534/3000 4326/6538/4326 2354/6524/2354
f 4326/6538/4326 4577/6541/4577 2354/6524/2354
f 3152/6529/3152 4211/6530/4211 2989/6532/2989
f 2989/6532/2989 3000/6534/3000 2354/6524/2354
f 4577/6541/4577 4838/6528/4838 2354/6524/2354
f 2354/6524/2354 3152/6529/3152 2989/6532/2989
f 1962/1068/1962 4539/6543/4539 267/6527/267
f 3609/6544/3609 3625/6545/3625 1621/6546/1621
f 3625/6545/3625 1962/1068/1962 1622/6547/1622
f 1621/6546/1621 3032/6548/3032 3609/6544/3609
f 1622/6547/1622 1623/6549/1623 1621/6546/1621
f 1622/6547/1622 1621/6546/1621 3625/6545/3625
f 1913/1067/1913 1622/6547/1622 1962/1068/1962
f 1962/1068/1962 267/6527/267 3597/1069/3597
f 4313/1073/4313 3803/6550/3803 4108/1074/4108
f 2023/223/2023 2356/6551/2356 4313/1073/4313
f 2356/6551/2356 4314/6552/4314 4313/1073/4313
f 1437/6553/1437 1301/6554/1301 4649/6555/4649
f 4649/6555/4649 4680/6556/4680 2815/6557/2815
f 2815/6557/2815 4194/6558/4194 185/6559/185
f 185/6559/185 5022/6560/5022 980/6561/980
f 980/6561/980 979/6562/979 2391/6563/2391
f 2649/6564/2649 4241/6565/4241 2937/6566/2937
f 980/6561/980 2391/6563/2391 2649/6564/2649
f 2815/6557/2815 185/6559/185 1042/6567/1042
f 185/6559/185 980/6561/980 1040/6568/1040
f 1042/6567/1042 185/6559/185 1040/6568/1040
f 1437/6553/1437 4649/6555/4649 1042/6567/1042
f 4649/6555/4649 2815/6557/2815 1042/6567/1042
f 548/1330/548 4512/1329/4512 2235/6569/2235
f 4512/1329/4512 4503/6570/4503 2235/6569/2235
f 980/6561/980 2649/6564/2649 1040/6568/1040
f 3608/6571/3608 2235/6569/2235 4451/6572/4451
f 2235/6569/2235 4503/6570/4503 4451/6572/4451
f 2649/6564/2649 2937/6566/2937 734/6573/734
f 4450/6574/4450 3608/6571/3608 4451/6572/4451
f 2649/6564/2649 734/6573/734 1372/6575/1372
f 4503/6570/4503 1437/6553/1437 789/6576/789
f 4451/6572/4451 4503/6570/4503 789/6576/789
f 789/6576/789 788/6577/788 4451/6572/4451
f 734/6573/734 4155/6578/4155 1608/13/1608
f 734/6573/734 1608/13/1608 1372/6575/1372
f 2649/6564/2649 1372/6575/1372 1040/6568/1040
f 1608/13/1608 1733/4772/1733 1372/6575/1372
f 1372/6575/1372 1371/6579/1371 1040/6568/1040
f 1040/6568/1040 1041/6580/1041 1042/6567/1042
f 3700/1075/3700 1278/6581/1278 1277/1076/1277
f 789/6576/789 1437/6553/1437 3700/1075/3700
f 3990/6582/3990 4849/6583/4849 789/6576/789
f 866/3337/866 865/6584/865 3990/6582/3990
f 1534/6585/1534 1820/3338/1820 453/6586/453
f 1820/3338/1820 866/3337/866 3990/6582/3990
f 453/6586/453 1820/3338/1820 3990/6582/3990
f 347/1077/347 346/6587/346 453/6586/453
f 3990/6582/3990 789/6576/789 347/1077/347
f 453/6586/453 3990/6582/3990 347/1077/347
f 1437/6553/1437 1042/6567/1042 3700/1075/3700
f 291/6588/291 3324/6589/3324 1277/1076/1277
f 3324/6589/3324 347/1077/347 1277/1076/1277
f 789/6576/789 3700/1075/3700 347/1077/347
f 2424/1080/2424 2395/5318/2395 2918/1078/2918
f 2918/1078/2918 3371/1153/3371 3372/1079/3372
f 3372/1079/3372 4578/1152/4578 2424/1080/2424
f 3602/1081/3602 4631/6590/4631 1725/1082/1725
f 113/1083/113 3353/6591/3353 4466/1084/4466
f 1953/1088/1953 895/3379/895 3936/6592/3936
f 895/3379/895 131/6593/131 3936/6592/3936
f 3936/6592/3936 1700/6594/1700 1630/1086/1630
f 3644/1087/3644 4160/1231/4160 1953/1088/1953
f 1630/1086/1630 2968/6595/2968 3644/1087/3644
f 1953/1088/1953 3936/6592/3936 1630/1086/1630
f 57/1089/57 3552/6596/3552 56/6597/56
f 3764/1090/3764 2021/6598/2021 1829/6599/1829
f 57/1089/57 56/6597/56 3764/1090/3764
f 3876/6600/3876 1268/6601/1268 1457/1091/1457
f 1268/6601/1268 57/1089/57 1457/1091/1457
f 3764/1090/3764 1829/6599/1829 1457/1091/1457
f 3488/6202/3488 1811/6602/1811 528/1093/528
f 528/1093/528 892/6603/892 1332/6604/1332
f 207/6605/207 1673/6606/1673 2800/6607/2800
f 528/1093/528 1332/6604/1332 1472/1094/1472
f 1332/6604/1332 207/6605/207 2449/3158/2449
f 1472/1094/1472 1332/6604/1332 2449/3158/2449
f 2765/1092/2765 3488/6202/3488 528/1093/528
f 371/6204/371 1754/6203/1754 1472/1094/1472
f 1754/6203/1754 2765/1092/2765 1472/1094/1472
f 2800/6607/2800 2449/3158/2449 207/6605/207
f 4910/1095/4910 2879/6608/2879 3755/1096/3755
f 4542/1098/4542 3265/6609/3265 1112/1099/1112
f 2802/6610/2802 1415/6611/1415 4821/6612/4821
f 4614/1101/4614 4768/6613/4768 1326/1102/1326
f 4768/6613/4768 213/6614/213 1326/1102/1326
f 2802/6610/2802 4821/6612/4821 1325/1103/1325
f 4821/6612/4821 4614/1101/4614 1325/1103/1325
f 1281/6615/1281 2801/6616/2801 2802/6610/2802
f 1325/1103/1325 1324/6617/1324 1281/6615/1281
f 1325/1103/1325 1281/6615/1281 2802/6610/2802
f 2127/1104/2127 1282/6618/1282 1369/1105/1369
f 3673/1108/3673 3107/6619/3107 1880/1109/1880
f 4284/1111/4284 4554/1320/4554 3067/1112/3067
f 305/1116/305 4236/6620/4236 4815/1114/4815
f 4236/6620/4236 4609/6621/4609 4815/1114/4815
f 1243/1117/1243 4271/6622/4271 4269/1118/4269
f 3339/1120/3339 2502/6623/2502 4593/6624/4593
f 4593/6624/4593 157/6625/157 1905/6626/1905
f 1905/6626/1905 1904/6627/1904 3269/6628/3269
f 3269/6628/3269 1318/6629/1318 4942/6630/4942
f 4942/6630/4942 2434/6631/2434 1134/6632/1134
f 1134/6632/1134 2483/432/2483 2661/3606/2661
f 2661/3606/2661 289/3605/289 4664/6633/4664
f 289/3605/289 1132/6634/1132 3935/6635/3935
f 4664/6633/4664 289/3605/289 3935/6635/3935
f 1132/6634/1132 1133/3602/1133 3030/6636/3030
f 1133/3602/1133 124/3600/124 3030/6636/3030
f 755/3598/755 3705/3596/3705 2676/6637/2676
f 3705/3596/3705 3704/6638/3704 3545/6639/3545
f 2676/6637/2676 3705/3596/3705 3545/6639/3545
f 3704/6638/3704 3615/6640/3615 3545/6639/3545
f 3615/6640/3615 1039/1559/1039 3545/6639/3545
f 2676/6637/2676 1851/2193/1851 3108/2200/3108
f 2637/6641/2637 3960/6642/3960 3030/6636/3030
f 2676/6637/2676 3108/2200/3108 2637/6641/2637
f 2676/6637/2676 2637/6641/2637 124/3600/124
f 2637/6641/2637 3030/6636/3030 124/3600/124
f 3935/6635/3935 4948/6643/4948 4664/6633/4664
f 4664/6633/4664 4665/6644/4665 3738/6645/3738
f 3738/6645/3738 2845/140/2845 183/6646/183
f 124/3600/124 755/3598/755 2676/6637/2676
f 1134/6632/1134 2661/3606/2661 3738/6645/3738
f 3269/6628/3269 4942/6630/4942 183/6646/183
f 4942/6630/4942 1134/6632/1134 183/6646/183
f 1132/6634/1132 3030/6636/3030 3935/6635/3935
f 2661/3606/2661 4664/6633/4664 3738/6645/3738
f 4593/6624/4593 1905/6626/1905 847/139/847
f 1905/6626/1905 3269/6628/3269 2250/2203/2250
f 847/139/847 1905/6626/1905 2250/2203/2250
f 1124/6647/1124 2066/6648/2066 3339/1120/3339
f 3339/1120/3339 4593/6624/4593 847/139/847
f 1134/6632/1134 3738/6645/3738 183/6646/183
f 1124/6647/1124 3339/1120/3339 3168/6649/3168
f 3168/6649/3168 3339/1120/3339 3128/6650/3128
f 3128/6650/3128 4436/6651/4436 3168/6649/3168
f 3128/6650/3128 3339/1120/3339 2568/1121/2568
f 3269/6628/3269 183/6646/183 2250/2203/2250
f 4733/6652/4733 3129/6653/3129 3128/6650/3128
f 3718/2202/3718 3719/2194/3719 2568/1121/2568
f 3719/2194/3719 2515/6654/2515 2568/1121/2568
f 2515/6654/2515 4733/6652/4733 2568/1121/2568
f 4733/6652/4733 3128/6650/3128 2568/1121/2568
f 3439/6655/3439 2833/6656/2833 2835/1122/2835
f 2835/1122/2835 1276/6657/1276 1275/1123/1275
f 1275/1123/1275 3311/6658/3311 4934/6659/4934
f 2107/1124/2107 2244/6660/2244 3439/6655/3439
f 1275/1123/1275 4934/6659/4934 2107/1124/2107
f 3439/6655/3439 2835/1122/2835 2107/1124/2107
f 4607/6661/4607 4295/6662/4295 4296/6663/4296
f 4296/6663/4296 2021/1990/2021 4607/6661/4607
f 2021/1990/2021 31/49/31 4607/6661/4607
f 31/49/31 32/51/32 1016/6664/1016
f 1016/6664/1016 1618/6665/1618 2917/6666/2917
f 1016/6664/1016 2917/6666/2917 4114/6667/4114
f 31/49/31 1016/6664/1016 24/5113/24
f 1016/6664/1016 4114/6667/4114 1753/6668/1753
f 24/5113/24 1016/6664/1016 1753/6668/1753
f 1943/6669/1943 2007/6670/2007 4447/6671/4447
f 2007/6670/2007 3521/6672/3521 4447/6671/4447
f 4114/6667/4114 1943/6669/1943 1753/6668/1753
f 4250/6673/4250 4607/6661/4607 49/2128/49
f 4607/6661/4607 31/49/31 1656/2129/1656
f 49/2128/49 4607/6661/4607 1656/2129/1656
f 882/6674/882 4250/6673/4250 49/2128/49
f 4447/6671/4447 3521/6672/3521 2944/6675/2944
f 3521/6672/3521 805/6676/805 4947/6677/4947
f 4947/6677/4947 4805/6678/4805 3713/1285/3713
f 2228/1287/2228 2719/6679/2719 4904/6680/4904
f 3521/6672/3521 4947/6677/4947 489/5019/489
f 4947/6677/4947 3713/1285/3713 4950/6681/4950
f 489/5019/489 4947/6677/4947 4950/6681/4950
f 3713/1285/3713 2228/1287/2228 4904/6680/4904
f 4904/6680/4904 3083/6682/3083 4528/4726/4528
f 4528/4726/4528 4493/687/4493 4322/6683/4322
f 4950/6681/4950 4949/5020/4949 489/5019/489
f 4528/4726/4528 4322/6683/4322 4904/6680/4904
f 4322/6683/4322 4950/6681/4950 4904/6680/4904
f 3713/1285/3713 4904/6680/4904 4950/6681/4950
f 4338/6684/4338 882/6674/882 1522/2133/1522
f 208/6685/208 3626/6686/3626 4621/6687/4621
f 3626/6686/3626 4338/6684/4338 4621/6687/4621
f 882/6674/882 49/2128/49 1522/2133/1522
f 4621/6687/4621 4338/6684/4338 1522/2133/1522
f 2571/6688/2571 1772/6689/1772 4143/6158/4143
f 1772/6689/1772 4977/6690/4977 2406/6155/2406
f 4143/6158/4143 1772/6689/1772 2406/6155/2406
f 4977/6690/4977 4621/6687/4621 2404/6156/2404
f 1656/2129/1656 31/49/31 1659/2131/1659
f 108/6691/108 2545/6692/2545 2766/6159/2766
f 2545/6692/2545 2571/6688/2571 2766/6159/2766
f 2330/6162/2330 976/6693/976 1109/6160/1109
f 976/6693/976 108/6691/108 1109/6160/1109
f 1109/6160/1109 2329/6143/2329 2330/6162/2330
f 2766/6159/2766 4058/6152/4058 108/6691/108
f 4058/6152/4058 1109/6160/1109 108/6691/108
f 4143/6158/4143 408/6154/408 2571/6688/2571
f 408/6154/408 2766/6159/2766 2571/6688/2571
f 2406/6155/2406 2405/6157/2405 4143/6158/4143
f 3995/6149/3995 2015/6153/2015 2404/6156/2404
f 2729/6147/2729 1130/6151/1130 2730/6148/2730
f 1130/6151/1130 1131/6150/1131 2730/6148/2730
f 69/6146/69 404/6145/404 2730/6148/2730
f 2730/6148/2730 1131/6150/1131 69/6146/69
f 1131/6150/1131 3995/6149/3995 539/2132/539
f 69/6146/69 1131/6150/1131 1167/2144/1167
f 2137/6141/2137 2136/6140/2136 69/6146/69
f 1167/2144/1167 1131/6150/1131 539/2132/539
f 2137/6141/2137 69/6146/69 1126/2147/1126
f 3047/6138/3047 927/6137/927 2137/6141/2137
f 4368/6134/4368 4017/6135/4017 2755/6136/2755
f 4017/6135/4017 3047/6138/3047 2755/6136/2755
f 2755/6136/2755 3047/6138/3047 2137/6141/2137
f 1639/2759/1639 152/6128/152 320/6133/320
f 320/6133/320 2755/6136/2755 2137/6141/2137
f 320/6133/320 2137/6141/2137 1126/2147/1126
f 69/6146/69 1167/2144/1167 1126/2147/1126
f 1543/2151/1543 1639/2759/1639 1126/2147/1126
f 1639/2759/1639 320/6133/320 1126/2147/1126
f 1126/2147/1126 494/2146/494 1543/2151/1543
f 1167/2144/1167 1166/2143/1166 1126/2147/1126
f 539/2132/539 538/2134/538 1167/2144/1167
f 1635/2127/1635 1521/2135/1521 1522/2133/1522
f 49/2128/49 1635/2127/1635 1522/2133/1522
f 1659/2131/1659 3801/2130/3801 1656/2129/1656
f 1522/2133/1522 539/2132/539 3995/6149/3995
f 4621/6687/4621 3995/6149/3995 2404/6156/2404
f 24/5113/24 1659/2131/1659 31/49/31
f 1753/6668/1753 1660/795/1660 24/5113/24
f 4447/6671/4447 1852/6694/1852 1943/6669/1943
f 1852/6694/1852 1753/6668/1753 1943/6669/1943
f 2944/6675/2944 2680/6695/2680 4447/6671/4447
f 1769/6696/1769 2838/6697/2838 4706/6698/4706
f 3576/6699/3576 875/1307/875 2955/6700/2955
f 875/1307/875 4166/6701/4166 2773/3681/2773
f 2955/6700/2955 875/1307/875 175/2522/175
f 941/3834/941 630/3830/630 480/2519/480
f 630/3830/630 2955/6700/2955 479/2521/479
f 480/2519/480 630/3830/630 479/2521/479
f 175/2522/175 875/1307/875 2794/2523/2794
f 4166/6701/4166 1769/6696/1769 2773/3681/2773
f 759/3823/759 758/3822/758 941/3834/941
f 479/2521/479 2955/6700/2955 175/2522/175
f 1769/6696/1769 4706/6698/4706 2773/3681/2773
f 2944/6675/2944 3521/6672/3521 489/5019/489
f 1522/2133/1522 3995/6149/3995 4621/6687/4621
f 2404/6156/2404 2406/6155/2406 4977/6690/4977
f 1951/5018/1951 496/3889/496 1288/3888/1288
f 1288/3888/1288 1287/486/1287 928/3887/928
f 928/3887/928 2981/3883/2981 1299/3886/1299
f 1299/3886/1299 1298/3882/1298 982/4291/982
f 1298/3882/1298 343/3885/343 982/4291/982
f 982/4291/982 3405/573/3405 3406/4295/3406
f 1951/5018/1951 1288/3888/1288 928/3887/928
f 928/3887/928 1299/3886/1299 982/4291/982
f 928/3887/928 982/4291/982 3406/4295/3406
f 1951/5018/1951 928/3887/928 2773/3681/2773
f 928/3887/928 3406/4295/3406 2773/3681/2773
f 3891/4294/3891 2265/572/2265 2264/882/2264
f 3406/4295/3406 3891/4294/3891 4026/6702/4026
f 3891/4294/3891 2264/882/2264 4026/6702/4026
f 2478/6703/2478 2695/6704/2695 991/6705/991
f 2695/6704/2695 4779/881/4779 991/6705/991
f 3406/4295/3406 4026/6702/4026 2773/3681/2773
f 4026/6702/4026 2478/6703/2478 819/3682/819
f 2773/3681/2773 4026/6702/4026 819/3682/819
f 4779/881/4779 1945/883/1945 3081/4296/3081
f 3081/4296/3081 773/1502/773 3080/6706/3080
f 773/1502/773 772/814/772 1508/6707/1508
f 3080/6706/3080 773/1502/773 1508/6707/1508
f 4779/881/4779 3081/4296/3081 989/6708/989
f 991/6705/991 4779/881/4779 989/6708/989
f 1897/5239/1897 2900/816/2900 400/1503/400
f 400/1503/400 2101/574/2101 1897/5239/1897
f 2101/574/2101 29/4293/29 1897/5239/1897
f 2484/4292/2484 1544/3884/1544 3562/6267/3562
f 1544/3884/1544 869/1137/869 3562/6267/3562
f 869/1137/869 1551/1012/1551 3562/6267/3562
f 1897/5239/1897 29/4293/29 28/6709/28
f 29/4293/29 2484/4292/2484 2877/6266/2877
f 28/6709/28 29/4293/29 2877/6266/2877
f 1726/5240/1726 1897/5239/1897 2193/6710/2193
f 3562/6267/3562 1560/1011/1560 2484/4292/2484
f 1560/1011/1560 2877/6266/2877 2484/4292/2484
f 1897/5239/1897 28/6709/28 2193/6710/2193
f 2193/6710/2193 2322/6711/2322 2315/395/2315
f 2193/6710/2193 2315/395/2315 1163/394/1163
f 2289/396/2289 2422/6712/2422 3857/2958/3857
f 1726/5240/1726 2193/6710/2193 1163/394/1163
f 2289/396/2289 3857/2958/3857 2290/2957/2290
f 1726/5240/1726 1163/394/1163 4800/6713/4800
f 1163/394/1163 2289/396/2289 4897/6714/4897
f 4800/6713/4800 1163/394/1163 4897/6714/4897
f 772/814/772 1726/5240/1726 4800/6713/4800
f 2289/396/2289 2290/2957/2290 4897/6714/4897
f 2290/2957/2290 334/303/334 2186/6715/2186
f 334/303/334 2185/6716/2185 2186/6715/2186
f 2186/6715/2186 3388/6717/3388 4897/6714/4897
f 4897/6714/4897 4795/6718/4795 4800/6713/4800
f 4800/6713/4800 1508/6707/1508 772/814/772
f 3080/6706/3080 5008/6719/5008 3081/4296/3081
f 5008/6719/5008 989/6708/989 3081/4296/3081
f 989/6708/989 990/6720/990 991/6705/991
f 991/6705/991 819/3682/819 2478/6703/2478
f 2773/3681/2773 3147/3675/3147 2288/2524/2288
f 2288/2524/2288 958/235/958 2794/2523/2794
f 2794/2523/2794 1980/234/1980 175/2522/175
f 175/2522/175 3768/2520/3768 479/2521/479
f 2773/3681/2773 2288/2524/2288 2794/2523/2794
f 2773/3681/2773 2794/2523/2794 875/1307/875
f 2186/6715/2186 4897/6714/4897 2290/2957/2290
f 1482/2518/1482 1421/458/1421 2506/3687/2506
f 2506/3687/2506 1750/3686/1750 3679/6721/3679
f 1750/3686/1750 3648/6722/3648 3679/6721/3679
f 3679/6721/3679 3684/1046/3684 3683/1048/3683
f 2506/3687/2506 3679/6721/3679 3683/1048/3683
f 3682/1047/3682 3563/465/3563 2745/467/2745
f 3683/1048/3683 3682/1047/3682 2745/467/2745
f 4973/466/4973 2526/6723/2526 3508/6724/3508
f 2506/3687/2506 3683/1048/3683 205/3138/205
f 3683/1048/3683 2745/467/2745 1200/3135/1200
f 2745/467/2745 4973/466/4973 1200/3135/1200
f 4973/466/4973 3508/6724/3508 2563/3131/2563
f 3163/3130/3163 3508/6724/3508 337/3129/337
f 3508/6724/3508 2808/6725/2808 4957/6726/4957
f 4957/6726/4957 2339/6727/2339 606/6728/606
f 606/6728/606 4024/6729/4024 3455/6730/3455
f 3455/6730/3455 3456/6731/3456 4830/6732/4830
f 4830/6732/4830 3534/6733/3534 3795/6734/3795
f 3795/6734/3795 457/6735/457 3395/6736/3395
f 3395/6736/3395 2199/6737/2199 2390/6738/2390
f 2390/6738/2390 2641/6739/2641 2642/6740/2642
f 2642/6740/2642 4221/6221/4221 1127/3119/1127
f 4221/6221/4221 910/3116/910 1127/3119/1127
f 1127/3119/1127 1912/3118/1912 1808/3120/1808
f 3795/6734/3795 3395/6736/3395 2300/3122/2300
f 3395/6736/3395 2390/6738/2390 2300/3122/2300
f 2642/6740/2642 1127/3119/1127 1808/3120/1808
f 2390/6738/2390 2642/6740/2642 1808/3120/1808
f 606/6728/606 3455/6730/3455 4830/6732/4830
f 2390/6738/2390 1808/3120/1808 2300/3122/2300
f 606/6728/606 4830/6732/4830 3018/3126/3018
f 4830/6732/4830 3795/6734/3795 3018/3126/3018
f 3508/6724/3508 4957/6726/4957 606/6728/606
f 3508/6724/3508 3163/3130/3163 2563/3131/2563
f 3508/6724/3508 606/6728/606 337/3129/337
f 1808/3120/1808 1807/3111/1807 2300/3122/2300
f 3018/3126/3018 3795/6734/3795 119/3124/119
f 2300/3122/2300 4325/3121/4325 119/3124/119
f 3795/6734/3795 2300/3122/2300 119/3124/119
f 337/3129/337 606/6728/606 3018/3126/3018
f 119/3124/119 118/3123/118 3018/3126/3018
f 3018/3126/3018 2881/3125/2881 3741/3127/3741
f 3741/3127/3741 3555/3045/3555 337/3129/337
f 337/3129/337 2006/3128/2006 3163/3130/3163
f 3163/3130/3163 497/3046/497 2563/3131/2563
f 2563/3131/2563 4737/3031/4737 420/3132/420
f 420/3132/420 1514/3032/1514 4408/3133/4408
f 4408/3133/4408 2071/3019/2071 1200/3135/1200
f 1200/3135/1200 1199/3134/1199 4192/3136/4192
f 4192/3136/4192 2316/339/2316 205/3138/205
f 205/3138/205 1816/3137/1816 3692/3139/3692
f 3692/3139/3692 702/338/702 3154/3141/3154
f 3154/3141/3154 1463/3140/1463 2887/3143/2887
f 2887/3143/2887 2860/3142/2860 608/3145/608
f 608/3145/608 1066/3144/1066 1333/3147/1333
f 1333/3147/1333 3082/3146/3082 68/3150/68
f 1881/3149/1881 3282/3148/3282 3281/3152/3281
f 1333/3147/1333 68/3150/68 1881/3149/1881
f 2887/3143/2887 608/3145/608 1333/3147/1333
f 205/3138/205 3692/3139/3692 2506/3687/2506
f 3692/3139/3692 3154/3141/3154 1482/2518/1482
f 2887/3143/2887 1333/3147/1333 3281/3152/3281
f 1333/3147/1333 1881/3149/1881 3281/3152/3281
f 3154/3141/3154 2887/3143/2887 759/3823/759
f 2887/3143/2887 3281/3152/3281 759/3823/759
f 1200/3135/1200 4192/3136/4192 205/3138/205
f 3692/3139/3692 1482/2518/1482 2506/3687/2506
f 1482/2518/1482 3154/3141/3154 759/3823/759
f 145/3151/145 144/3155/144 1161/3154/1161
f 3281/3152/3281 145/3151/145 759/3823/759
f 420/3132/420 4408/3133/4408 4973/466/4973
f 4408/3133/4408 1200/3135/1200 4973/466/4973
f 1200/3135/1200 205/3138/205 3683/1048/3683
f 2563/3131/2563 420/3132/420 4973/466/4973
f 3018/3126/3018 3741/3127/3741 337/3129/337
f 1161/3154/1161 1160/3153/1160 2449/3158/2449
f 145/3151/145 1161/3154/1161 2800/6607/2800
f 1161/3154/1161 2449/3158/2449 2800/6607/2800
f 480/2519/480 1482/2518/1482 941/3834/941
f 759/3823/759 145/3151/145 2662/3824/2662
f 145/3151/145 2800/6607/2800 2662/3824/2662
f 941/3834/941 1482/2518/1482 759/3823/759
f 1673/6606/1673 207/6605/207 1332/6604/1332
f 892/6603/892 528/1093/528 1811/6602/1811
f 1673/6606/1673 1332/6604/1332 892/6603/892
f 2800/6607/2800 1673/6606/1673 2125/2773/2125
f 1673/6606/1673 892/6603/892 4732/6741/4732
f 1811/6602/1811 3488/6202/3488 3759/4980/3759
f 3488/6202/3488 4096/1901/4096 340/1904/340
f 1673/6606/1673 4732/6741/4732 2126/6742/2126
f 892/6603/892 1811/6602/1811 2681/6743/2681
f 4732/6741/4732 892/6603/892 2681/6743/2681
f 4096/1901/4096 339/1905/339 340/1904/340
f 901/1903/901 919/1909/919 349/1911/349
f 919/1909/919 350/39/350 349/1911/349
f 3488/6202/3488 340/1904/340 901/1903/901
f 3488/6202/3488 901/1903/901 564/4700/564
f 3759/4980/3759 3488/6202/3488 1977/4698/1977
f 1951/5018/1951 2773/3681/2773 4706/6698/4706
f 489/5019/489 1951/5018/1951 4706/6698/4706
f 901/1903/901 349/1911/349 3726/4703/3726
f 1977/4698/1977 3488/6202/3488 564/4700/564
f 349/1911/349 4039/1910/4039 3726/4703/3726
f 4039/1910/4039 2273/4850/2273 3726/4703/3726
f 2273/4850/2273 2970/723/2970 3391/4852/3391
f 3391/4852/3391 3373/4851/3373 243/6744/243
f 3373/4851/3373 1741/6745/1741 243/6744/243
f 2273/4850/2273 3391/4852/3391 243/6744/243
f 2273/4850/2273 243/6744/243 4180/6746/4180
f 3726/4703/3726 2273/4850/2273 2493/2087/2493
f 4180/6746/4180 1155/6747/1155 60/6748/60
f 2273/4850/2273 4180/6746/4180 2493/2087/2493
f 4706/6698/4706 2944/6675/2944 489/5019/489
f 4180/6746/4180 60/6748/60 4350/6749/4350
f 2493/2087/2493 4180/6746/4180 4321/5739/4321
f 60/6748/60 1156/6750/1156 4350/6749/4350
f 1156/6750/1156 2335/6751/2335 4350/6749/4350
f 4180/6746/4180 4350/6749/4350 4321/5739/4321
f 1418/6752/1418 1027/6753/1027 1917/6754/1917
f 4350/6749/4350 1418/6752/1418 4321/5739/4321
f 1418/6752/1418 1917/6754/1917 2072/6755/2072
f 703/3826/703 803/3825/803 2662/3824/2662
f 1418/6752/1418 2072/6755/2072 3852/5746/3852
f 4321/5739/4321 1418/6752/1418 3852/5746/3852
f 703/3826/703 2662/3824/2662 2800/6607/2800
f 2178/3838/2178 804/3827/804 703/3826/703
f 535/2191/535 534/3839/534 2178/3838/2178
f 2795/2192/2795 3356/2186/3356 535/2191/535
f 3367/137/3367 3369/136/3369 2795/2192/2795
f 2795/2192/2795 535/2191/535 2178/3838/2178
f 2178/3838/2178 703/3826/703 2800/6607/2800
f 2795/2192/2795 2178/3838/2178 2800/6607/2800
f 3367/137/3367 2795/2192/2795 2800/6607/2800
f 3368/138/3368 3367/137/3367 2800/6607/2800
f 1674/2185/1674 1675/2184/1675 20/2183/20
f 3368/138/3368 2800/6607/2800 2125/2773/2125
f 2125/2773/2125 1673/6606/1673 2126/6742/2126
f 20/2183/20 3368/138/3368 1330/2771/1330
f 1717/6756/1717 1203/6757/1203 2692/6758/2692
f 2692/6758/2692 1916/6759/1916 1279/6760/1279
f 1916/6759/1916 324/6761/324 1279/6760/1279
f 324/6761/324 858/6762/858 859/6763/859
f 1279/6760/1279 1280/6764/1280 3284/6765/3284
f 324/6761/324 859/6763/859 1279/6760/1279
f 2692/6758/2692 1279/6760/1279 3284/6765/3284
f 1717/6756/1717 2692/6758/2692 1057/5741/1057
f 2692/6758/2692 3284/6765/3284 1057/5741/1057
f 2222/6766/2222 3175/6767/3175 2480/6768/2480
f 3284/6765/3284 2222/6766/2222 1057/5741/1057
f 1674/2185/1674 20/2183/20 168/2769/168
f 3368/138/3368 2125/2773/2125 1330/2771/1330
f 1987/2188/1987 1986/2187/1986 1674/2185/1674
f 2443/3878/2443 3449/2190/3449 1987/2188/1987
f 4176/3879/4176 2443/3878/2443 1987/2188/1987
f 2222/6766/2222 2480/6768/2480 1826/5745/1826
f 1717/6756/1717 1057/5741/1057 2162/5747/2162
f 2480/6768/2480 1201/1412/1201 1976/6769/1976
f 1976/6769/1976 1975/6770/1975 2259/6771/2259
f 2259/6771/2259 434/6772/434 4331/4581/4331
f 4331/4581/4331 1546/4578/1546 754/4579/754
f 754/4579/754 3481/4575/3481 1849/4577/1849
f 1849/4577/1849 2632/4572/2632 2607/4571/2607
f 2607/4571/2607 506/4568/506 942/4567/942
f 942/4567/942 1600/4566/1600 4346/4565/4346
f 4346/4565/4346 2509/4564/2509 4395/4563/4395
f 4395/4563/4395 4396/4562/4396 1017/4561/1017
f 1017/4561/1017 4077/4560/4077 239/4558/239
f 4077/4560/4077 240/4559/240 239/4558/239
f 239/4558/239 1257/2555/1257 1256/2554/1256
f 4346/4565/4346 4395/4563/4395 1017/4561/1017
f 2607/4571/2607 942/4567/942 4346/4565/4346
f 4331/4581/4331 754/4579/754 2259/6771/2259
f 754/4579/754 1849/4577/1849 2259/6771/2259
f 1849/4577/1849 2607/4571/2607 1976/6769/1976
f 2607/4571/2607 4346/4565/4346 1976/6769/1976
f 4346/4565/4346 1017/4561/1017 239/4558/239
f 1256/2554/1256 531/2552/531 2869/2549/2869
f 531/2552/531 2870/2550/2870 2869/2549/2869
f 4346/4565/4346 239/4558/239 1256/2554/1256
f 4346/4565/4346 1256/2554/1256 1976/6769/1976
f 2869/2549/2869 794/2548/794 795/2547/795
f 795/2547/795 2536/2546/2536 2438/2545/2438
f 2438/2545/2438 2439/2544/2439 992/2543/992
f 992/2543/992 1650/2542/1650 2320/2541/2320
f 2320/2541/2320 4611/2540/4611 1773/2539/1773
f 1773/2539/1773 1515/2538/1515 4186/2537/4186
f 4186/2537/4186 3448/2536/3448 414/2535/414
f 414/2535/414 1845/2534/1845 3211/2558/3211
f 3211/2558/3211 1273/2557/1273 1069/2581/1069
f 1069/2581/1069 2429/2580/2429 1879/2593/1879
f 1879/2593/1879 1878/2592/1878 1187/224/1187
f 1187/224/1187 2023/223/2023 1879/2593/1879
f 2023/223/2023 4108/1074/4108 1069/2581/1069
f 1879/2593/1879 2023/223/2023 1069/2581/1069
f 3070/6773/3070 4989/6774/4989 3253/6775/3253
f 3070/6773/3070 3253/6775/3253 992/2543/992
f 3253/6775/3253 3996/838/3996 992/2543/992
f 4108/1074/4108 3070/6773/3070 992/2543/992
f 4186/2537/4186 4108/1074/4108 1773/2539/1773
f 3211/2558/3211 1069/2581/1069 4108/1074/4108
f 4186/2537/4186 414/2535/414 3211/2558/3211
f 2320/2541/2320 1773/2539/1773 992/2543/992
f 795/2547/795 2438/2545/2438 992/2543/992
f 1773/2539/1773 4108/1074/4108 992/2543/992
f 4186/2537/4186 3211/2558/3211 4108/1074/4108
f 3996/838/3996 2149/840/2149 992/2543/992
f 2149/840/2149 3399/839/3399 3400/6776/3400
f 1256/2554/1256 2869/2549/2869 795/2547/795
f 795/2547/795 992/2543/992 2149/840/2149
f 2149/840/2149 3400/6776/3400 4713/5742/4713
f 1584/5744/1584 4055/5731/4055 1826/5745/1826
f 2149/840/2149 4713/5742/4713 1584/5744/1584
f 1256/2554/1256 795/2547/795 1976/6769/1976
f 795/2547/795 2149/840/2149 1584/5744/1584
f 2259/6771/2259 1849/4577/1849 1976/6769/1976
f 2480/6768/2480 1976/6769/1976 1584/5744/1584
f 795/2547/795 1584/5744/1584 1976/6769/1976
f 1826/5745/1826 1827/5734/1827 1057/5741/1057
f 1584/5744/1584 1826/5745/1826 2480/6768/2480
f 1057/5741/1057 2222/6766/2222 1826/5745/1826
f 4176/3879/4176 1987/2188/1987 1674/2185/1674
f 1390/3877/1390 2786/3876/2786 2787/3880/2787
f 2787/3880/2787 4176/3879/4176 972/2768/972
f 4176/3879/4176 1674/2185/1674 972/2768/972
f 1491/3873/1491 1490/3875/1490 1390/3877/1390
f 4278/6777/4278 2610/3874/2610 22/2161/22
f 2610/3874/2610 1491/3873/1491 2611/2162/2611
f 4278/6777/4278 22/2161/22 4889/6778/4889
f 22/2161/22 2610/3874/2610 2611/2162/2611
f 3/6779/3 4889/6778/4889 911/6780/911
f 1010/6781/1010 3924/6782/3924 3/6779/3
f 3908/6783/3908 4014/6784/4014 3909/1181/3909
f 4014/6784/4014 1010/6781/1010 3909/1181/3909
f 2580/6785/2580 911/6780/911 4889/6778/4889
f 911/6780/911 3909/1181/3909 1010/6781/1010
f 3/6779/3 911/6780/911 1010/6781/1010
f 22/2161/22 3393/2164/3393 4889/6778/4889
f 3393/2164/3393 2580/6785/2580 4889/6778/4889
f 3853/2160/3853 946/2159/946 2611/2162/2611
f 43/2157/43 2656/2154/2656 3853/2160/3853
f 4251/2767/4251 581/2765/581 43/2157/43
f 168/2769/168 21/2766/21 972/2768/972
f 4251/2767/4251 43/2157/43 3853/2160/3853
f 972/2768/972 4251/2767/4251 3853/2160/3853
f 972/2768/972 3853/2160/3853 2787/3880/2787
f 3853/2160/3853 2611/2162/2611 1390/3877/1390
f 1330/2771/1330 3447/2770/3447 168/2769/168
f 168/2769/168 972/2768/972 1674/2185/1674
f 3853/2160/3853 1390/3877/1390 2787/3880/2787
f 1195/2779/1195 1856/2772/1856 4780/6786/4780
f 1856/2772/1856 2125/2773/2125 4780/6786/4780
f 1503/2781/1503 1502/2780/1502 1195/2779/1195
f 1406/2782/1406 23/2774/23 1503/2781/1503
f 366/2784/366 368/2783/368 1406/2782/1406
f 231/2785/231 367/2764/367 232/2786/232
f 367/2764/367 366/2784/366 232/2786/232
f 1406/2782/1406 1503/2781/1503 2948/6787/2948
f 1503/2781/1503 1195/2779/1195 2638/6788/2638
f 232/2786/232 366/2784/366 3822/6789/3822
f 366/2784/366 1406/2782/1406 3822/6789/3822
f 2442/2787/2442 232/2786/232 3604/1244/3604
f 3604/1244/3604 232/2786/232 3822/6789/3822
f 1503/2781/1503 2638/6788/2638 2948/6787/2948
f 3145/2760/3145 4227/2761/4227 930/2788/930
f 931/2793/931 932/2762/932 930/2788/930
f 932/2762/932 3145/2760/3145 930/2788/930
f 1841/2708/1841 1323/2755/1323 1840/2757/1840
f 1323/2755/1323 1322/2794/1322 1840/2757/1840
f 1322/2794/1322 931/2793/931 2626/156/2626
f 931/2793/931 930/2788/930 2626/156/2626
f 2492/2704/2492 1840/2757/1840 651/2225/651
f 1840/2757/1840 1322/2794/1322 651/2225/651
f 1118/2222/1118 1119/2700/1119 1449/2803/1449
f 1449/2803/1449 2492/2704/2492 4524/2224/4524
f 4524/2224/4524 2492/2704/2492 651/2225/651
f 1667/2223/1667 1118/2222/1118 1449/2803/1449
f 4524/2224/4524 1667/2223/1667 1449/2803/1449
f 2611/2162/2611 1491/3873/1491 1390/3877/1390
f 1330/2771/1330 168/2769/168 20/2183/20
f 2072/6755/2072 1717/6756/1717 2162/5747/2162
f 1057/5741/1057 1056/920/1056 2162/5747/2162
f 3852/5746/3852 4280/919/4280 4321/5739/4321
f 2072/6755/2072 2162/5747/2162 3852/5746/3852
f 4321/5739/4321 2494/110/2494 2493/2087/2493
f 2493/2087/2493 3914/109/3914 3726/4703/3726
f 564/4700/564 901/1903/901 3726/4703/3726
f 2626/156/2626 1458/2226/1458 1322/2794/1322
f 1458/2226/1458 651/2225/651 1322/2794/1322
f 3726/4703/3726 2785/4702/2785 564/4700/564
f 564/4700/564 63/661/63 1977/4698/1977
f 1977/4698/1977 2855/4695/2855 3514/749/3514
f 2855/4695/2855 717/4697/717 3514/749/3514
f 717/4697/717 718/6790/718 3514/749/3514
f 3759/4980/3759 4207/4979/4207 4792/6791/4792
f 3514/749/3514 3759/4980/3759 1977/4698/1977
f 3759/4980/3759 4792/6791/4792 1811/6602/1811
f 4792/6791/4792 3570/6792/3570 1811/6602/1811
f 3570/6792/3570 3955/6793/3955 1811/6602/1811
f 3955/6793/3955 2681/6743/2681 1811/6602/1811
f 4732/6741/4732 2414/6794/2414 2413/6795/2413
f 2413/6795/2413 968/6796/968 3465/6797/3465
f 968/6796/968 4771/6798/4771 3465/6797/3465
f 4732/6741/4732 2413/6795/2413 3465/6797/3465
f 4732/6741/4732 3465/6797/3465 2126/6742/2126
f 2108/376/2108 2624/375/2624 2442/2787/2442
f 2624/375/2624 2626/156/2626 2442/2787/2442
f 2626/156/2626 930/2788/930 2442/2787/2442
f 2108/376/2108 2442/2787/2442 2565/6799/2565
f 1402/671/1402 2873/374/2873 1403/4708/1403
f 2873/374/2873 2872/3386/2872 1403/4708/1403
f 2872/3386/2872 2108/376/2108 2565/6799/2565
f 2442/2787/2442 3604/1244/3604 2565/6799/2565
f 1583/1127/1583 1405/2227/1405 2961/6800/2961
f 1405/2227/1405 1404/4709/1404 4814/6801/4814
f 2961/6800/2961 1405/2227/1405 4814/6801/4814
f 1404/4709/1404 1403/4708/1403 2741/6802/2741
f 1403/4708/1403 2872/3386/2872 3643/6803/3643
f 2741/6802/2741 1403/4708/1403 3643/6803/3643
f 2125/2773/2125 2126/6742/2126 4780/6786/4780
f 4780/6786/4780 2234/6804/2234 2638/6788/2638
f 2638/6788/2638 2018/6805/2018 2948/6787/2948
f 2948/6787/2948 4435/6806/4435 3822/6789/3822
f 3822/6789/3822 3459/1245/3459 3604/1244/3604
f 2565/6799/2565 3643/6803/3643 2872/3386/2872
f 2742/6807/2742 4941/6808/4941 4814/6801/4814
f 2741/6802/2741 2742/6807/2742 1404/4709/1404
f 2742/6807/2742 4814/6801/4814 1404/4709/1404
f 4814/6801/4814 1652/6809/1652 2961/6800/2961
f 417/6810/417 416/6811/416 4254/6812/4254
f 417/6810/417 4254/6812/4254 1452/6813/1452
f 4254/6812/4254 1450/6814/1450 1452/6813/1452
f 417/6810/417 1452/6813/1452 1583/1127/1583
f 1452/6813/1452 1451/1125/1451 1583/1127/1583
f 2961/6800/2961 417/6810/417 1583/1127/1583
f 4216/1126/4216 348/6815/348 3003/6816/3003
f 348/6815/348 4215/6817/4215 3003/6816/3003
f 3003/6816/3003 466/246/466 1583/1127/1583
f 466/246/466 3436/245/3436 937/2825/937
f 3436/245/3436 1240/2686/1240 937/2825/937
f 937/2825/937 677/2687/677 679/2818/679
f 679/2818/679 678/2693/678 1583/1127/1583
f 1195/2779/1195 4780/6786/4780 2638/6788/2638
f 1406/2782/1406 2948/6787/2948 3822/6789/3822
f 937/2825/937 679/2818/679 466/246/466
f 679/2818/679 1583/1127/1583 466/246/466
f 4216/1126/4216 3003/6816/3003 1583/1127/1583
f 2670/6818/2670 2671/6819/2671 2669/1130/2669
f 2671/6819/2671 3019/1128/3019 2669/1130/2669
f 2424/1131/2424 4786/6820/4786 4785/1132/4785
f 3141/1134/3141 1705/6821/1705 3139/1135/3139
f 2078/1138/2078 3418/893/3418 2117/6822/2117
f 3418/893/3418 2621/892/2621 3170/6823/3170
f 2117/6822/2117 3418/893/3418 3170/6823/3170
f 2117/6822/2117 3550/6268/3550 2078/1138/2078
f 3550/6268/3550 1551/1012/1551 2078/1138/2078
f 4525/1139/4525 4816/6824/4816 4653/1140/4653
f 4816/6824/4816 2820/6825/2820 4653/1140/4653
f 2820/6825/2820 2821/6826/2821 4653/1140/4653
f 4653/1140/4653 4076/6827/4076 2927/1141/2927
f 2927/1141/2927 4580/6828/4580 4525/1139/4525
f 4580/6828/4580 202/6829/202 4525/1139/4525
f 2048/5631/2048 3707/5600/3707 1442/5630/1442
f 1442/5630/1442 4952/6830/4952 3143/6831/3143
f 3143/6831/3143 2963/6832/2963 3029/6833/3029
f 2963/6832/2963 1759/6834/1759 3029/6833/3029
f 2048/5631/2048 1442/5630/1442 3143/6831/3143
f 1116/5632/1116 2047/5601/2047 2048/5631/2048
f 19/5635/19 204/5634/204 1115/5633/1115
f 1115/5633/1115 1116/5632/1116 2048/5631/2048
f 2048/5631/2048 3143/6831/3143 2941/6835/2941
f 3143/6831/3143 3029/6833/3029 2941/6835/2941
f 2941/6835/2941 3672/6836/3672 4102/6837/4102
f 19/5635/19 1115/5633/1115 2941/6835/2941
f 1115/5633/1115 2048/5631/2048 2941/6835/2941
f 4409/5637/4409 887/5636/887 19/5635/19
f 2895/5639/2895 2894/5638/2894 4409/5637/4409
f 1492/1144/1492 1494/5640/1494 2895/5639/2895
f 2920/1143/2920 1493/5641/1493 1492/1144/1492
f 3578/5643/3578 1938/5642/1938 2920/1143/2920
f 1432/5645/1432 1431/5644/1431 3578/5643/3578
f 1465/5647/1465 1433/5646/1433 1432/5645/1432
f 3146/5649/3146 2093/5648/2093 1465/5647/1465
f 1408/1363/1408 1407/5650/1407 3146/5649/3146
f 1114/6838/1114 1408/1363/1408 3146/5649/3146
f 1465/5647/1465 1432/5645/1432 1114/6838/1114
f 1432/5645/1432 3578/5643/3578 1114/6838/1114
f 1114/6838/1114 3146/5649/3146 1465/5647/1465
f 2279/6839/2279 1080/6840/1080 1081/6841/1081
f 1081/6841/1081 1114/6838/1114 3578/5643/3578
f 3578/5643/3578 2920/1143/2920 1081/6841/1081
f 1713/1142/1713 2279/6839/2279 1081/6841/1081
f 4102/6837/4102 1232/6842/1232 1713/1142/1713
f 2941/6835/2941 4102/6837/4102 19/5635/19
f 4409/5637/4409 19/5635/19 4102/6837/4102
f 2895/5639/2895 4409/5637/4409 4102/6837/4102
f 4102/6837/4102 1713/1142/1713 1492/1144/1492
f 1713/1142/1713 1081/6841/1081 2920/1143/2920
f 1492/1144/1492 2895/5639/2895 4102/6837/4102
f 4517/1145/4517 1880/2961/1880 1076/1146/1076
f 4770/6843/4770 2621/892/2621 3416/1149/3416
f 2621/892/2621 3417/894/3417 3416/1149/3416
f 3417/894/3417 3418/893/3418 3416/1149/3416
f 4878/6844/4878 819/6845/819 1289/6846/1289
f 819/6845/819 991/6847/991 990/6848/990
f 990/6848/990 989/6849/989 5008/6850/5008
f 819/6845/819 990/6848/990 1289/6846/1289
f 5008/6850/5008 3080/6851/3080 490/5892/490
f 3080/6851/3080 1508/6852/1508 490/5892/490
f 1289/6846/1289 990/6848/990 5008/6850/5008
f 4351/6853/4351 1969/6854/1969 1205/6855/1205
f 1969/6854/1969 1970/6856/1970 1205/6855/1205
f 1970/6856/1970 1289/6846/1289 1255/5891/1255
f 1289/6846/1289 5008/6850/5008 490/5892/490
f 1508/6852/1508 4800/6857/4800 2602/5894/2602
f 4800/6857/4800 4795/1150/4795 2602/5894/2602
f 1289/6846/1289 490/5892/490 1254/5889/1254
f 4758/5816/4758 294/6858/294 1194/5890/1194
f 294/6858/294 1205/6855/1205 1194/5890/1194
f 254/5888/254 570/5818/570 1194/5890/1194
f 570/5818/570 4758/5816/4758 1194/5890/1194
f 1205/6855/1205 1970/6856/1970 1255/5891/1255
f 1194/5890/1194 1205/6855/1205 1255/5891/1255
f 1254/5889/1254 1255/5891/1255 1289/6846/1289
f 2602/5894/2602 1446/5893/1446 1508/6852/1508
f 1446/5893/1446 490/5892/490 1508/6852/1508
f 3388/308/3388 1828/3540/1828 4795/1150/4795
f 1828/3540/1828 2602/5894/2602 4795/1150/4795
f 2364/1154/2364 3446/1427/3446 1587/1155/1587
f 1587/1155/1587 4021/6859/4021 4355/562/4355
f 4355/562/4355 1474/561/1474 2364/1154/2364
f 1474/561/1474 1073/3077/1073 2364/1154/2364
f 1661/2420/1661 3144/2419/3144 821/1045/821
f 3144/2419/3144 822/2422/822 821/1045/821
f 822/2422/822 110/2421/110 3432/2424/3432
f 3432/2424/3432 690/6860/690 822/2422/822
f 690/6860/690 691/6861/691 4078/1043/4078
f 690/6860/690 4078/1043/4078 822/2422/822
f 821/1045/821 822/2422/822 4078/1043/4078
f 1340/2418/1340 160/2417/160 1661/2420/1661
f 51/2416/51 102/2415/102 1340/2418/1340
f 52/2410/52 50/2411/50 51/2416/51
f 2897/6862/2897 2653/2323/2653 52/2410/52
f 1071/6863/1071 2660/6864/2660 2898/6865/2898
f 2898/6865/2898 2897/6862/2897 52/2410/52
f 52/2410/52 51/2416/51 2898/6865/2898
f 51/2416/51 1340/2418/1340 4472/6866/4472
f 2898/6865/2898 51/2416/51 4472/6866/4472
f 1340/2418/1340 1661/2420/1661 4472/6866/4472
f 821/1045/821 2425/1044/2425 1661/2420/1661
f 2425/1044/2425 4472/6866/4472 1661/2420/1661
f 3884/6867/3884 4079/6463/4079 4773/6868/4773
f 4079/6463/4079 4774/6869/4774 4773/6868/4773
f 4773/6868/4773 4940/6870/4940 3884/6867/3884
f 4940/6870/4940 1170/6871/1170 3884/6867/3884
f 1171/6872/1171 3214/6873/3214 3110/6874/3110
f 1170/6871/1170 1171/6872/1171 4472/6866/4472
f 3884/6867/3884 1170/6871/1170 4472/6866/4472
f 3110/6874/3110 3111/6875/3111 3568/6876/3568
f 3111/6875/3111 2495/6877/2495 3568/6876/3568
f 1171/6872/1171 3110/6874/3110 3567/6878/3567
f 2495/6877/2495 2496/6879/2496 3568/6876/3568
f 3567/6878/3567 3389/6880/3389 4890/6881/4890
f 3110/6874/3110 3568/6876/3568 3567/6878/3567
f 4472/6866/4472 1171/6872/1171 1072/6882/1072
f 1171/6872/1171 3567/6878/3567 4890/6881/4890
f 1171/6872/1171 4890/6881/4890 1072/6882/1072
f 4890/6881/4890 4172/6883/4172 4662/6884/4662
f 1072/6882/1072 4890/6881/4890 4567/6885/4567
f 1072/6882/1072 460/6886/460 1071/6863/1071
f 1071/6863/1071 2898/6865/2898 4472/6866/4472
f 4172/6883/4172 4585/6887/4585 1947/1156/1947
f 1947/1156/1947 1948/6888/1948 1949/1157/1949
f 1948/6888/1948 3392/6889/3392 1949/1157/1949
f 3392/6889/3392 4168/6890/4168 1949/1157/1949
f 1949/1157/1949 2651/6891/2651 251/1158/251
f 251/1158/251 4153/6892/4153 4662/6884/4662
f 4662/6884/4662 950/6893/950 4567/6885/4567
f 4567/6885/4567 4104/6894/4104 1072/6882/1072
f 1072/6882/1072 1071/6863/1071 4472/6866/4472
f 4172/6883/4172 1947/1156/1947 251/1158/251
f 251/1158/251 4662/6884/4662 4172/6883/4172
f 4662/6884/4662 4567/6885/4567 4890/6881/4890
f 1665/1161/1665 970/6895/970 3196/6896/3196
f 1666/1159/1666 4976/6897/4976 1137/1160/1137
f 4976/6897/4976 4081/6898/4081 1137/1160/1137
f 1665/1161/1665 3196/6896/3196 1666/1159/1666
f 3789/6899/3789 971/6900/971 1665/1161/1665
f 1137/1160/1137 3789/6899/3789 1665/1161/1665
f 203/1162/203 3036/2867/3036 4557/1163/4557
f 2246/1166/2246 4536/6901/4536 3312/1167/3312
f 3312/1167/3312 1435/6902/1435 2926/1165/2926
f 1435/6902/1435 3017/6903/3017 292/6904/292
f 2926/1165/2926 1435/6902/1435 292/6904/292
f 729/2451/729 3096/2450/3096 4/2976/4
f 3096/2450/3096 1771/2454/1771 3947/2977/3947
f 3947/2977/3947 1966/2975/1966 4/2976/4
f 3096/2450/3096 3947/2977/3947 4/2976/4
f 4170/2460/4170 4169/2452/4169 3355/2453/3355
f 2187/2462/2187 4170/2460/4170 3355/2453/3355
f 3355/2453/3355 729/2451/729 4592/199/4592
f 729/2451/729 4/2976/4 4390/2974/4390
f 4390/2974/4390 4237/313/4237 431/2971/431
f 729/2451/729 4390/2974/4390 2394/1314/2394
f 206/2467/206 947/2461/947 2187/2462/2187
f 2187/2462/2187 3355/2453/3355 3581/362/3581
f 729/2451/729 2394/1314/2394 3486/2376/3486
f 4390/2974/4390 431/2971/431 2393/1312/2393
f 4390/2974/4390 2393/1312/2393 2394/1314/2394
f 729/2451/729 3486/2376/3486 4592/199/4592
f 944/1313/944 2975/2969/2975 3608/6571/3608
f 2975/2969/2975 548/1330/548 3608/6571/3608
f 2394/1314/2394 944/1313/944 4450/6574/4450
f 3486/2376/3486 2394/1314/2394 4450/6574/4450
f 1556/1164/1556 4256/2469/4256 206/2467/206
f 206/2467/206 2187/2462/2187 3581/362/3581
f 548/1330/548 2235/6569/2235 3608/6571/3608
f 203/1162/203 1556/1164/1556 206/2467/206
f 3355/2453/3355 4592/199/4592 146/3415/146
f 944/1313/944 3608/6571/3608 4450/6574/4450
f 2379/855/2379 203/1162/203 2731/3345/2731
f 203/1162/203 206/2467/206 2731/3345/2731
f 2269/5431/2269 2399/857/2399 2398/856/2398
f 2398/856/2398 2379/855/2379 2731/3345/2731
f 4592/199/4592 4736/201/4736 4735/388/4735
f 3355/2453/3355 146/3415/146 3581/362/3581
f 4592/199/4592 4735/388/4735 146/3415/146
f 146/3415/146 2848/3414/2848 2847/6905/2847
f 2847/6905/2847 4959/3346/4959 146/3415/146
f 4959/3346/4959 3581/362/3581 146/3415/146
f 3581/362/3581 924/3344/924 2731/3345/2731
f 1664/3343/1664 493/361/493 1018/3341/1018
f 1018/3341/1018 2683/3339/2683 1819/3340/1819
f 1819/3340/1819 1820/3338/1820 1534/6585/1534
f 1534/6585/1534 453/6586/453 346/6587/346
f 346/6587/346 347/1077/347 3324/6589/3324
f 291/6588/291 1277/1076/1277 1278/6581/1278
f 1534/6585/1534 346/6587/346 3324/6589/3324
f 1819/3340/1819 1534/6585/1534 1018/3341/1018
f 1534/6585/1534 3324/6589/3324 1018/3341/1018
f 1664/3343/1664 1018/3341/1018 1091/4189/1091
f 1018/3341/1018 3324/6589/3324 3378/4183/3378
f 1278/6581/1278 3700/1075/3700 1042/6567/1042
f 1041/6580/1041 1040/6568/1040 1371/6579/1371
f 1278/6581/1278 1042/6567/1042 1041/6580/1041
f 291/6588/291 1278/6581/1278 1041/6580/1041
f 1371/6579/1371 1372/6575/1372 1734/4771/1734
f 1372/6575/1372 1733/4772/1733 1734/4771/1734
f 291/6588/291 1041/6580/1041 1371/6579/1371
f 3324/6589/3324 291/6588/291 2012/4178/2012
f 291/6588/291 1371/6579/1371 4147/4770/4147
f 1734/4771/1734 3015/4769/3015 4147/4770/4147
f 1371/6579/1371 1734/4771/1734 4147/4770/4147
f 291/6588/291 4147/4770/4147 3630/939/3630
f 291/6588/291 3630/939/3630 2012/4178/2012
f 3630/939/3630 1781/5788/1781 2012/4178/2012
f 1781/5788/1781 1780/938/1780 27/5787/27
f 27/5787/27 3883/5786/3883 3882/1582/3882
f 2012/4178/2012 2013/4177/2013 2014/4179/2014
f 27/5787/27 3882/1582/3882 2012/4178/2012
f 1781/5788/1781 27/5787/27 2012/4178/2012
f 1018/3341/1018 3378/4183/3378 2043/4185/2043
f 3324/6589/3324 2012/4178/2012 2014/4179/2014
f 3324/6589/3324 2014/4179/2014 1242/4181/1242
f 3378/4183/3378 3324/6589/3324 1242/4181/1242
f 2014/4179/2014 4484/4176/4484 1242/4181/1242
f 1242/4181/1242 1410/4180/1410 3378/4183/3378
f 3378/4183/3378 1065/4182/1065 2043/4185/2043
f 2043/4185/2043 395/4184/395 394/4187/394
f 394/4187/394 2609/4186/2609 1091/4189/1091
f 1091/4189/1091 1070/4188/1070 2263/4191/2263
f 2263/4191/2263 2542/4190/2542 2946/4193/2946
f 2946/4193/2946 2691/4192/2691 541/4195/541
f 541/4195/541 1693/4194/1693 2458/4197/2458
f 2458/4197/2458 3518/4196/3518 1569/4199/1569
f 1569/4199/1569 2237/4198/2237 1979/4201/1979
f 1979/4201/1979 2957/4200/2957 2956/4203/2956
f 2956/4203/2956 2286/4202/2286 358/1456/358
f 358/1456/358 1958/4247/1958 357/4251/357
f 1958/4247/1958 2163/4246/2163 357/4251/357
f 357/4251/357 2966/4250/2966 474/4253/474
f 1979/4201/1979 2956/4203/2956 358/1456/358
f 2458/4197/2458 1569/4199/1569 3041/6906/3041
f 1569/4199/1569 1979/4201/1979 1397/6907/1397
f 2754/6908/2754 1979/4201/1979 474/4253/474
f 2263/4191/2263 2946/4193/2946 1664/3343/1664
f 2946/4193/2946 541/4195/541 1664/3343/1664
f 1979/4201/1979 2754/6908/2754 1561/6909/1561
f 1979/4201/1979 358/1456/358 474/4253/474
f 541/4195/541 2458/4197/2458 1664/3343/1664
f 394/4187/394 1091/4189/1091 2043/4185/2043
f 1091/4189/1091 2263/4191/2263 1664/3343/1664
f 2043/4185/2043 1091/4189/1091 1018/3341/1018
f 358/1456/358 357/4251/357 474/4253/474
f 1979/4201/1979 1561/6909/1561 3489/6910/3489
f 1664/3343/1664 2458/4197/2458 3619/6911/3619
f 474/4253/474 2041/4252/2041 2040/4255/2040
f 2754/6908/2754 3361/6912/3361 1561/6909/1561
f 474/4253/474 2040/4255/2040 2754/6908/2754
f 2731/3345/2731 1664/3343/1664 2398/856/2398
f 1979/4201/1979 3489/6910/3489 1397/6907/1397
f 1569/4199/1569 1397/6907/1397 3041/6906/3041
f 1561/6909/1561 3362/6913/3362 3489/6910/3489
f 206/2467/206 3581/362/3581 2731/3345/2731
f 5/2862/5 2591/2860/2591 2269/5431/2269
f 2269/5431/2269 2398/856/2398 1606/321/1606
f 2458/4197/2458 3041/6906/3041 3619/6911/3619
f 3489/6910/3489 1398/6914/1398 1397/6907/1397
f 1397/6907/1397 1396/6915/1396 3041/6906/3041
f 934/2863/934 5/2862/5 2269/5431/2269
f 1664/3343/1664 3619/6911/3619 2398/856/2398
f 3041/6906/3041 3286/6916/3286 3619/6911/3619
f 4618/6917/4618 4808/6918/4808 934/2863/934
f 2398/856/2398 3619/6911/3619 4225/319/4225
f 1606/321/1606 2398/856/2398 4225/319/4225
f 1606/321/1606 4442/320/4442 4444/6919/4444
f 4443/6920/4443 361/1175/361 3898/6921/3898
f 3898/6921/3898 3634/1174/3634 3349/6922/3349
f 3349/6922/3349 601/6923/601 481/6924/481
f 481/6924/481 602/6925/602 1505/6926/1505
f 1505/6926/1505 1504/6927/1504 2065/6928/2065
f 2065/6928/2065 2064/6929/2064 2081/6930/2081
f 2081/6930/2081 1062/4254/1062 2585/4257/2585
f 1062/4254/1062 3087/4258/3087 2585/4257/2585
f 2585/4257/2585 2586/4256/2586 670/4260/670
f 2065/6928/2065 2081/6930/2081 670/4260/670
f 2081/6930/2081 2585/4257/2585 670/4260/670
f 670/4260/670 671/4259/671 273/4262/273
f 3349/6922/3349 481/6924/481 273/4262/273
f 481/6924/481 1505/6926/1505 273/4262/273
f 1505/6926/1505 2065/6928/2065 670/4260/670
f 273/4262/273 274/4261/274 429/4266/429
f 1505/6926/1505 670/4260/670 273/4262/273
f 4443/6920/4443 3898/6921/3898 3349/6922/3349
f 429/4266/429 221/4265/221 220/4268/220
f 3349/6922/3349 273/4262/273 2804/6517/2804
f 273/4262/273 429/4266/429 2804/6517/2804
f 3349/6922/3349 2804/6517/2804 4443/6920/4443
f 429/4266/429 220/4268/220 2804/6517/2804
f 4444/6919/4444 4443/6920/4443 757/6516/757
f 219/4267/219 283/4263/283 284/4269/284
f 372/4264/372 1641/4270/1641 1138/6931/1138
f 1641/4270/1641 4908/4286/4908 1138/6931/1138
f 1005/4285/1005 125/4245/125 2062/72/2062
f 4908/4286/4908 1005/4285/1005 616/1560/616
f 1005/4285/1005 2062/72/2062 616/1560/616
f 616/1560/616 1810/1562/1810 2888/2340/2888
f 1605/2339/1605 1139/6932/1139 1138/6931/1138
f 616/1560/616 2888/2340/2888 1605/2339/1605
f 4908/4286/4908 616/1560/616 1138/6931/1138
f 284/4269/284 372/4264/372 2555/6933/2555
f 2555/6933/2555 372/4264/372 1138/6931/1138
f 616/1560/616 1605/2339/1605 1138/6931/1138
f 2555/6933/2555 3263/6934/3263 3264/6935/3264
f 219/4267/219 284/4269/284 2735/1867/2735
f 284/4269/284 2555/6933/2555 1444/1865/1444
f 4618/6917/4618 934/2863/934 757/6516/757
f 934/2863/934 2269/5431/2269 4444/6919/4444
f 757/6516/757 934/2863/934 4444/6919/4444
f 682/6936/682 3881/6937/3881 4618/6917/4618
f 3494/6514/3494 3953/6938/3953 757/6516/757
f 3953/6938/3953 682/6936/682 757/6516/757
f 682/6936/682 4618/6917/4618 757/6516/757
f 2269/5431/2269 1606/321/1606 4444/6919/4444
f 4443/6920/4443 2804/6517/2804 757/6516/757
f 3967/6519/3967 64/6518/64 1728/6522/1728
f 64/6518/64 2804/6517/2804 1728/6522/1728
f 2734/1866/2734 2354/6524/2354 2616/6523/2616
f 2616/6523/2616 1728/6522/1728 2804/6517/2804
f 2804/6517/2804 220/4268/220 2616/6523/2616
f 220/4268/220 219/4267/219 2616/6523/2616
f 2735/1867/2735 2734/1866/2734 219/4267/219
f 2734/1866/2734 2616/6523/2616 219/4267/219
f 1444/1865/1444 812/1864/812 2735/1867/2735
f 327/1863/327 3302/1862/3302 1444/1865/1444
f 328/1861/328 326/1860/326 327/1863/327
f 4536/6939/4536 2246/1857/2246 328/1861/328
f 4879/1851/4879 3312/1852/3312 4536/6939/4536
f 1548/1849/1548 1547/1848/1547 4536/6939/4536
f 1547/1848/1547 4879/1851/4879 4536/6939/4536
f 99/1847/99 2517/1846/2517 1548/1849/1548
f 2597/1845/2597 2211/1729/2211 99/1847/99
f 1414/1844/1414 1782/1719/1782 2597/1845/2597
f 2657/1843/2657 3731/1730/3731 1414/1844/1414
f 707/1842/707 2233/1709/2233 2657/1843/2657
f 1143/1841/1143 2831/1713/2831 707/1842/707
f 1722/1840/1722 4636/1839/4636 1143/1841/1143
f 1722/1840/1722 1143/1841/1143 344/4124/344
f 1143/1841/1143 707/1842/707 344/4124/344
f 344/4124/344 707/1842/707 553/4126/553
f 2657/1843/2657 1414/1844/1414 2597/1845/2597
f 707/1842/707 2657/1843/2657 1305/4131/1305
f 2657/1843/2657 2597/1845/2597 234/4133/234
f 234/4133/234 2597/1845/2597 3342/4135/3342
f 2597/1845/2597 99/1847/99 3342/4135/3342
f 1548/1849/1548 4536/6939/4536 328/1861/328
f 1548/1849/1548 328/1861/328 2555/6933/2555
f 328/1861/328 327/1863/327 2555/6933/2555
f 1444/1865/1444 2735/1867/2735 284/4269/284
f 327/1863/327 1444/1865/1444 2555/6933/2555
f 2555/6933/2555 3264/6935/3264 2488/4155/2488
f 1548/1849/1548 2160/4153/2160 99/1847/99
f 1548/1849/1548 2555/6933/2555 2160/4153/2160
f 99/1847/99 2160/4153/2160 1910/4151/1910
f 988/4685/988 987/4684/987 2169/4228/2169
f 987/4684/987 4498/4683/4498 4459/4229/4459
f 3264/6935/3264 988/4685/988 2169/4228/2169
f 2555/6933/2555 2488/4155/2488 2160/4153/2160
f 987/4684/987 4459/4229/4459 2169/4228/2169
f 4498/4683/4498 3332/4682/3332 4459/4229/4459
f 1331/6940/1331 311/6941/311 310/6942/310
f 3332/4682/3332 1331/6940/1331 1539/4230/1539
f 4459/4229/4459 3332/4682/3332 1539/4230/1539
f 99/1847/99 1910/4151/1910 1341/4139/1341
f 553/4126/553 707/1842/707 1305/4131/1305
f 1861/1836/1861 1722/1840/1722 1723/4122/1723
f 2544/1833/2544 761/1838/761 1860/1837/1860
f 2995/1706/2995 2996/1705/2996 4848/6943/4848
f 2996/1705/2996 2544/1833/2544 4848/6943/4848
f 1394/6944/1394 2974/6945/2974 4848/6943/4848
f 4848/6943/4848 2544/1833/2544 1860/1837/1860
f 1394/6944/1394 4848/6943/4848 2983/4111/2983
f 4848/6943/4848 1860/1837/1860 1862/4112/1862
f 4848/6943/4848 1862/4112/1862 2983/4111/2983
f 1860/1837/1860 1861/1836/1861 1862/4112/1862
f 309/6946/309 308/6947/308 4011/1348/4011
f 309/6946/309 4011/1348/4011 741/6948/741
f 310/6942/310 309/6946/309 741/6948/741
f 742/6949/742 97/6950/97 96/6951/96
f 96/6951/96 1863/1347/1863 3752/6952/3752
f 3752/6952/3752 3751/6953/3751 3855/6954/3855
f 3855/6954/3855 2993/2336/2993 81/5938/81
f 2993/2336/2993 2296/2337/2296 81/5938/81
f 2296/2337/2296 209/2012/209 3913/2011/3913
f 3913/2011/3913 3346/4271/3346 2296/2337/2296
f 3346/4271/3346 81/5938/81 2296/2337/2296
f 81/5938/81 4833/5937/4833 3855/6954/3855
f 4833/5937/4833 3814/5939/3814 3752/6952/3752
f 3855/6954/3855 4833/5937/4833 3752/6952/3752
f 3814/5939/3814 3341/975/3341 2829/4288/2829
f 2830/4287/2830 1105/4284/1105 2824/4283/2824
f 3814/5939/3814 2829/4288/2829 742/6949/742
f 2829/4288/2829 2830/4287/2830 868/4279/868
f 742/6949/742 2829/4288/2829 868/4279/868
f 2830/4287/2830 2824/4283/2824 1395/4280/1395
f 3814/5939/3814 742/6949/742 96/6951/96
f 96/6951/96 3752/6952/3752 3814/5939/3814
f 2596/569/2596 8/4138/8 7/4281/7
f 8/4138/8 9/4282/9 7/4281/7
f 7/4281/7 4234/4274/4234 2824/4283/2824
f 4234/4274/4234 1395/4280/1395 2824/4283/2824
f 868/4279/868 2830/4287/2830 1395/4280/1395
f 2824/4283/2824 2596/569/2596 7/4281/7
f 741/6948/741 742/6949/742 756/4278/756
f 868/4279/868 2892/4277/2892 756/4278/756
f 2451/4276/2451 1557/4275/1557 1558/4273/1558
f 1558/4273/1558 4537/4272/4537 1957/4231/1957
f 4537/4272/4537 1662/4147/1662 1957/4231/1957
f 1957/4231/1957 781/4160/781 1558/4273/1558
f 781/4160/781 1540/4226/1540 1558/4273/1558
f 1558/4273/1558 1540/4226/1540 2451/4276/2451
f 1540/4226/1540 1539/4230/1539 1331/6940/1331
f 2451/4276/2451 1540/4226/1540 1331/6940/1331
f 2169/4228/2169 2092/4227/2092 3043/4225/3043
f 3043/4225/3043 3044/4158/3044 1000/4157/1000
f 1000/4157/1000 3788/4156/3788 1567/4132/1567
f 2488/4155/2488 1954/4154/1954 2160/4153/2160
f 1000/4157/1000 1567/4132/1567 2488/4155/2488
f 3043/4225/3043 1000/4157/1000 2488/4155/2488
f 2160/4153/2160 2889/4152/2889 1910/4151/1910
f 2169/4228/2169 3043/4225/3043 2488/4155/2488
f 1910/4151/1910 1889/4118/1889 1888/4146/1888
f 1888/4146/1888 1887/4120/1887 1341/4139/1341
f 1341/4139/1341 3791/4134/3791 3342/4135/3342
f 3342/4135/3342 233/4119/233 234/4133/234
f 234/4133/234 1306/4125/1306 1305/4131/1305
f 1305/4131/1305 2028/4127/2028 553/4126/553
f 553/4126/553 1209/4121/1209 344/4124/344
f 344/4124/344 3061/4123/3061 1722/1840/1722
f 3061/4123/3061 1723/4122/1723 1722/1840/1722
f 1723/4122/1723 2528/4113/2528 1861/1836/1861
f 2528/4113/2528 1862/4112/1862 1861/1836/1861
f 2983/4111/2983 2096/2446/2096 586/2445/586
f 234/4133/234 1305/4131/1305 2657/1843/2657
f 1888/4146/1888 1341/4139/1341 1910/4151/1910
f 1341/4139/1341 3342/4135/3342 99/1847/99
f 2169/4228/2169 2488/4155/2488 3264/6935/3264
f 742/6949/742 868/4279/868 756/4278/756
f 310/6942/310 741/6948/741 2451/4276/2451
f 741/6948/741 756/4278/756 2451/4276/2451
f 1331/6940/1331 310/6942/310 2451/4276/2451
f 586/2445/586 587/212/587 79/2444/79
f 79/2444/79 80/4108/80 723/5872/723
f 80/4108/80 1736/4097/1736 723/5872/723
f 1736/4097/1736 34/5854/34 723/5872/723
f 723/5872/723 701/5871/701 3390/5870/3390
f 3390/5870/3390 1720/5869/1720 1961/5868/1961
f 1961/5868/1961 317/5863/317 318/5867/318
f 2066/5866/2066 1124/6955/1124 3159/6956/3159
f 318/5867/318 2066/5866/2066 3171/6957/3171
f 2066/5866/2066 3159/6956/3159 3158/6958/3158
f 3158/6958/3158 66/6959/66 4682/6960/4682
f 2066/5866/2066 3158/6958/3158 4682/6960/4682
f 723/5872/723 3390/5870/3390 586/2445/586
f 3390/5870/3390 1961/5868/1961 2983/4111/2983
f 586/2445/586 3390/5870/3390 2983/4111/2983
f 2066/5866/2066 4682/6960/4682 4579/6961/4579
f 3171/6957/3171 2066/5866/2066 4579/6961/4579
f 79/2444/79 723/5872/723 586/2445/586
f 1961/5868/1961 318/5867/318 2983/4111/2983
f 4682/6960/4682 1100/6962/1100 4399/6963/4399
f 4399/6963/4399 4919/6964/4919 713/6965/713
f 713/6965/713 712/6966/712 2340/2014/2340
f 253/75/253 843/2033/843 1647/2032/1647
f 1647/2032/1647 1159/2031/1159 1158/6967/1158
f 253/75/253 1647/2032/1647 1158/6967/1158
f 2340/2014/2340 253/75/253 1158/6967/1158
f 2340/2014/2340 1158/6967/1158 4579/6961/4579
f 4682/6960/4682 4399/6963/4399 4579/6961/4579
f 4399/6963/4399 713/6965/713 4579/6961/4579
f 713/6965/713 2340/2014/2340 4579/6961/4579
f 3171/6957/3171 3440/2034/3440 276/1170/276
f 3440/2034/3440 277/1168/277 276/1170/276
f 318/5867/318 3171/6957/3171 276/1170/276
f 277/1168/277 2036/2038/2036 1425/2036/1425
f 318/5867/318 276/1170/276 1394/6944/1394
f 1394/6944/1394 2983/4111/2983 318/5867/318
f 277/1168/277 1425/2036/1425 1393/1169/1393
f 4564/1171/4564 5017/6968/5017 4563/1172/4563
f 3362/6913/3362 1561/6909/1561 3361/6912/3361
f 3361/6912/3361 2754/6908/2754 2040/4255/2040
f 2040/4255/2040 1062/4254/1062 3361/6912/3361
f 1062/4254/1062 2081/6930/2081 2064/6929/2064
f 2064/6929/2064 2065/6928/2065 1504/6927/1504
f 1062/4254/1062 2064/6929/2064 3362/6913/3362
f 3361/6912/3361 1062/4254/1062 3362/6913/3362
f 1504/6927/1504 1505/6926/1505 602/6925/602
f 2064/6929/2064 1504/6927/1504 1398/6914/1398
f 3362/6913/3362 2064/6929/2064 1398/6914/1398
f 1398/6914/1398 3489/6910/3489 3362/6913/3362
f 602/6925/602 481/6924/481 601/6923/601
f 1504/6927/1504 602/6925/602 1396/6915/1396
f 1398/6914/1398 1504/6927/1504 1396/6915/1396
f 1396/6915/1396 1397/6907/1397 1398/6914/1398
f 601/6923/601 3349/6922/3349 4141/1176/4141
f 3349/6922/3349 3634/1174/3634 4141/1176/4141
f 602/6925/602 601/6923/601 3286/6916/3286
f 1396/6915/1396 602/6925/602 3286/6916/3286
f 3286/6916/3286 3041/6906/3041 1396/6915/1396
f 3634/1174/3634 3898/6921/3898 361/1175/361
f 3286/6916/3286 601/6923/601 4141/1176/4141
f 4225/319/4225 3619/6911/3619 4141/1176/4141
f 3619/6911/3619 3286/6916/3286 4141/1176/4141
f 911/6780/911 912/6969/912 3909/1181/3909
f 912/6969/912 4140/493/4140 3909/1181/3909
f 2306/1184/2306 1817/6970/1817 224/1437/224
f 224/1437/224 223/1436/223 2198/1182/2198
f 2198/1182/2198 2776/3493/2776 2775/3495/2775
f 2776/3493/2776 2774/3492/2774 2775/3495/2775
f 2775/3495/2775 2770/3494/2770 2772/1183/2772
f 2306/1184/2306 224/1437/224 2198/1182/2198
f 2771/3496/2771 2305/3497/2305 2772/1183/2772
f 2305/3497/2305 2306/1184/2306 2772/1183/2772
f 2198/1182/2198 2775/3495/2775 2772/1183/2772
f 2612/1185/2612 3624/6971/3624 3609/1186/3609
f 1456/1188/1456 1455/6972/1455 663/6973/663
f 2543/1189/2543 2544/6974/2544 4679/1190/4679
f 2544/6974/2544 2996/6975/2996 4679/1190/4679
f 1456/1188/1456 663/6973/663 2543/1189/2543
f 4357/6976/4357 4358/6977/4358 1456/1188/1456
f 2996/6975/2996 1915/6978/1915 4679/1190/4679
f 4679/1190/4679 4357/6976/4357 1456/1188/1456
f 4296/1191/4296 4647/6979/4647 1829/1192/1829
f 3675/6980/3675 3614/6981/3614 3676/6982/3676
f 3614/6981/3614 4371/6983/4371 3676/6982/3676
f 4371/6983/4371 4302/6984/4302 4569/6985/4569
f 4569/6985/4569 3756/6986/3756 2724/6987/2724
f 2724/6987/2724 4724/6988/4724 4569/6985/4569
f 4724/6988/4724 4494/6989/4494 4569/6985/4569
f 4371/6983/4371 4569/6985/4569 4494/6989/4494
f 4371/6983/4371 4494/6989/4494 1244/6990/1244
f 4494/6989/4494 4495/6991/4495 1244/6990/1244
f 3677/6992/3677 3676/6982/3676 4793/6993/4793
f 3676/6982/3676 4371/6983/4371 4793/6993/4793
f 4783/6994/4783 1597/6995/1597 4427/6996/4427
f 1597/6995/1597 3677/6992/3677 4427/6996/4427
f 3612/1196/3612 4570/6997/4570 4427/6996/4427
f 4253/6998/4253 2913/6999/2913 4715/7000/4715
f 2913/6999/2913 4500/7001/4500 4715/7000/4715
f 4715/7000/4715 1148/7002/1148 4278/7003/4278
f 1148/7002/1148 1147/7004/1147 4278/7003/4278
f 1147/7004/1147 3763/7005/3763 4369/7006/4369
f 3763/7005/3763 4868/7007/4868 4369/7006/4369
f 4369/7006/4369 3279/7008/3279 3278/7009/3278
f 1147/7004/1147 4369/7006/4369 4278/7003/4278
f 3278/7009/3278 3277/7010/3277 2610/7011/2610
f 4369/7006/4369 3278/7009/3278 4278/7003/4278
f 4253/6998/4253 4715/7000/4715 3/5931/3
f 3278/7009/3278 2610/7011/2610 4278/7003/4278
f 4278/7003/4278 4889/7012/4889 4715/7000/4715
f 4889/7012/4889 3/5931/3 4715/7000/4715
f 878/5930/878 288/967/288 4495/6991/4495
f 288/967/288 1244/6990/1244 4495/6991/4495
f 3/5931/3 878/5930/878 4253/6998/4253
f 4495/6991/4495 4253/6998/4253 878/5930/878
f 4793/6993/4793 3862/7013/3862 3677/6992/3677
f 3862/7013/3862 4753/1194/4753 3677/6992/3677
f 1244/6990/1244 4793/6993/4793 4371/6983/4371
f 3612/1196/3612 4427/6996/4427 4753/1194/4753
f 4427/6996/4427 3677/6992/3677 4753/1194/4753
f 4754/1195/4754 3464/5929/3464 3612/1196/3612
f 1420/1197/1420 1921/7014/1921 844/512/844
f 2322/6711/2322 2193/6710/2193 28/6709/28
f 28/6709/28 2877/6266/2877 2322/6711/2322
f 2877/6266/2877 10/1013/10 2322/6711/2322
f 3550/6268/3550 2117/6822/2117 3170/6823/3170
f 10/1013/10 3550/6268/3550 2646/7015/2646
f 3550/6268/3550 3170/6823/3170 3978/7016/3978
f 3978/7016/3978 3976/7017/3976 3977/7018/3977
f 3550/6268/3550 3978/7016/3978 2646/7015/2646
f 2315/395/2315 2322/6711/2322 655/7019/655
f 2322/6711/2322 10/1013/10 1103/7020/1103
f 655/7019/655 2322/6711/2322 1276/6657/1276
f 2422/6712/2422 2289/396/2289 2315/395/2315
f 1237/301/1237 3857/2958/3857 3439/6655/3439
f 3857/2958/3857 2422/6712/2422 3439/6655/3439
f 3758/7021/3758 333/302/333 1237/301/1237
f 4252/7022/4252 2419/7023/2419 3758/7021/3758
f 4991/7024/4991 2345/7025/2345 4252/7022/4252
f 4699/1556/4699 1526/7026/1526 3831/2231/3831
f 1526/7026/1526 4991/7024/4991 3831/2231/3831
f 4252/7022/4252 3758/7021/3758 1237/301/1237
f 3831/2231/3831 4991/7024/4991 1237/301/1237
f 4991/7024/4991 4252/7022/4252 1237/301/1237
f 2230/166/2230 3831/2231/3831 3439/6655/3439
f 2422/6712/2422 2315/395/2315 2834/7027/2834
f 3978/7016/3978 3977/7018/3977 1688/7028/1688
f 2646/7015/2646 3978/7016/3978 1688/7028/1688
f 3977/7018/3977 4967/7029/4967 4297/7030/4297
f 4967/7029/4967 3063/7031/3063 4297/7030/4297
f 4297/7030/4297 4619/689/4619 2962/688/2962
f 3977/7018/3977 4297/7030/4297 1688/7028/1688
f 4297/7030/4297 2962/688/2962 4410/7032/4410
f 1688/7028/1688 2645/7033/2645 2646/7015/2646
f 4297/7030/4297 4410/7032/4410 1688/7028/1688
f 3831/2231/3831 1237/301/1237 3439/6655/3439
f 2315/395/2315 655/7019/655 2834/7027/2834
f 10/1013/10 2646/7015/2646 4196/7034/4196
f 4196/7034/4196 403/7035/403 1376/7036/1376
f 10/1013/10 4196/7034/4196 1103/7020/1103
f 4196/7034/4196 1376/7036/1376 1103/7020/1103
f 1376/7036/1376 3728/7037/3728 1103/7020/1103
f 3728/7037/3728 1102/7038/1102 1103/7020/1103
f 1103/7020/1103 2639/7039/2639 2322/6711/2322
f 2639/7039/2639 227/7040/227 2322/6711/2322
f 4116/7041/4116 3124/168/3124 4361/7042/4361
f 3124/168/3124 2229/167/2229 4361/7042/4361
f 3869/7043/3869 4999/7044/4999 4361/7042/4361
f 4361/7042/4361 2229/167/2229 3869/7043/3869
f 2229/167/2229 2230/166/2230 3869/7043/3869
f 2728/7045/2728 4671/7046/4671 3869/7043/3869
f 227/7040/227 4513/7047/4513 4790/7048/4790
f 4790/7048/4790 2832/7049/2832 519/7050/519
f 227/7040/227 4790/7048/4790 2322/6711/2322
f 2728/7045/2728 3869/7043/3869 2230/166/2230
f 103/7051/103 1902/7052/1902 2728/7045/2728
f 4534/7053/4534 4535/7054/4535 1297/4077/1297
f 4535/7054/4535 103/7051/103 1297/4077/1297
f 4021/6859/4021 1541/7055/1541 4355/562/4355
f 1541/7055/1541 4534/7053/4534 4355/562/4355
f 103/7051/103 2728/7045/2728 3334/4734/3334
f 2728/7045/2728 2230/166/2230 121/4736/121
f 4355/562/4355 4534/7053/4534 1297/4077/1297
f 1297/4077/1297 103/7051/103 1296/4078/1296
f 2728/7045/2728 121/4736/121 3334/4734/3334
f 1296/4078/1296 103/7051/103 3334/4734/3334
f 3824/4732/3824 1898/7056/1898 1296/4078/1296
f 2322/6711/2322 4790/7048/4790 1864/7057/1864
f 519/7050/519 3940/7058/3940 387/7059/387
f 121/4736/121 2230/166/2230 2428/5886/2428
f 3334/4734/3334 3824/4732/3824 1296/4078/1296
f 121/4736/121 4134/4733/4134 3334/4734/3334
f 132/4735/132 133/693/133 121/4736/121
f 279/4728/279 3097/694/3097 132/4735/132
f 2428/5886/2428 259/960/259 279/4728/279
f 2428/5886/2428 279/4728/279 132/4735/132
f 2428/5886/2428 132/4735/132 121/4736/121
f 1211/1199/1211 2428/5886/2428 1554/787/1554
f 4790/7048/4790 519/7050/519 1865/7060/1865
f 519/7050/519 387/7059/387 1865/7060/1865
f 2428/5886/2428 2230/166/2230 1554/787/1554
f 1554/787/1554 2230/166/2230 3439/6655/3439
f 2410/4330/2410 59/959/59 3697/958/3697
f 3697/958/3697 1211/1199/1211 2592/1198/2592
f 4790/7048/4790 1865/7060/1865 1864/7057/1864
f 1864/7057/1864 4235/7061/4235 4064/7062/4064
f 4064/7062/4064 653/7063/653 4529/7064/4529
f 4064/7062/4064 4529/7064/4529 4063/7065/4063
f 1864/7057/1864 4064/7062/4064 4063/7065/4063
f 3311/6658/3311 1275/1123/1275 1276/6657/1276
f 1864/7057/1864 4063/7065/4063 2322/6711/2322
f 4063/7065/4063 3311/6658/3311 1276/6657/1276
f 1276/6657/1276 2835/1122/2835 655/7019/655
f 2834/7027/2834 2833/6656/2833 2422/6712/2422
f 2833/6656/2833 3439/6655/3439 2422/6712/2422
f 3439/6655/3439 2244/6660/2244 3729/7066/3729
f 3729/7066/3729 1496/7067/1496 2991/7068/2991
f 2991/7068/2991 4391/7069/4391 2886/7070/2886
f 4391/7069/4391 4231/7071/4231 2886/7070/2886
f 2886/7070/2886 401/7072/401 3086/7073/3086
f 401/7072/401 419/7074/419 3086/7073/3086
f 3439/6655/3439 3729/7066/3729 1553/788/1553
f 3729/7066/3729 2991/7068/2991 2886/7070/2886
f 3729/7066/3729 2886/7070/2886 1553/788/1553
f 3086/7073/3086 2188/4324/2188 1553/788/1553
f 2188/4324/2188 1436/786/1436 1553/788/1553
f 2886/7070/2886 3086/7073/3086 1553/788/1553
f 3439/6655/3439 1553/788/1553 1554/787/1554
f 2592/1198/2592 2410/4330/2410 3697/958/3697
f 4063/7065/4063 1276/6657/1276 2322/6711/2322
f 4774/7075/4774 4079/7076/4079 691/7077/691
f 4079/7076/4079 4078/7078/4078 691/7077/691
f 691/7077/691 690/2635/690 2270/2637/2270
f 4940/7079/4940 4773/7080/4773 4774/7075/4774
f 2668/2775/2668 1170/2789/1170 2083/7081/2083
f 1170/2789/1170 4940/7079/4940 2083/7081/2083
f 2082/7082/2082 3075/7083/3075 2083/7081/2083
f 4940/7079/4940 4774/7075/4774 691/7077/691
f 691/7077/691 2270/2637/2270 4940/7079/4940
f 2270/2637/2270 3247/7084/3247 4940/7079/4940
f 2082/7082/2082 2083/7081/2083 3247/7084/3247
f 2083/7081/2083 4940/7079/4940 3247/7084/3247
f 2666/2638/2666 2667/7085/2667 3201/1202/3201
f 3201/1202/3201 2082/7082/2082 1381/1200/1381
f 1381/1200/1381 2082/7082/2082 3247/7084/3247
f 61/2551/61 2666/2638/2666 3201/1202/3201
f 1380/1201/1380 61/2551/61 3201/1202/3201
f 2309/7086/2309 2888/7087/2888 1810/1203/1810
f 5010/1204/5010 2203/7088/2203 209/1205/209
f 2309/7086/2309 1810/1203/1810 209/1205/209
f 3666/1207/3666 4710/5588/4710 2846/7089/2846
f 4710/5588/4710 1550/7090/1550 2846/7089/2846
f 2846/7089/2846 1794/7091/1794 1793/7092/1793
f 2828/5587/2828 3667/5586/3667 3666/1207/3666
f 3297/1206/3297 298/5585/298 2828/5587/2828
f 961/5584/961 3298/5583/3298 3297/1206/3297
f 962/5582/962 963/5581/963 961/5584/961
f 1181/5580/1181 2990/5579/2990 962/5582/962
f 2910/5578/2910 1933/5577/1933 1181/5580/1181
f 3646/5576/3646 2911/5575/2911 2910/5578/2910
f 1792/7093/1792 3127/6295/3127 1793/7092/1793
f 3127/6295/3127 2400/1208/2400 3666/1207/3666
f 3666/1207/3666 2846/7089/2846 1793/7092/1793
f 2400/1208/2400 3646/5576/3646 2910/5578/2910
f 1181/5580/1181 962/5582/962 961/5584/961
f 2400/1208/2400 2910/5578/2910 1181/5580/1181
f 3666/1207/3666 1793/7092/1793 3127/6295/3127
f 3297/1206/3297 2828/5587/2828 3666/1207/3666
f 1181/5580/1181 961/5584/961 2400/1208/2400
f 961/5584/961 3297/1206/3297 2400/1208/2400
f 3780/7094/3780 354/7095/354 3781/1211/3781
f 354/7095/354 3495/7096/3495 3914/1209/3914
f 3781/1211/3781 354/7095/354 3914/1209/3914
f 1676/1024/1676 2922/6294/2922 1678/1212/1678
f 2922/6294/2922 4769/7097/4769 1678/1212/1678
f 4769/7097/4769 2055/7098/2055 4972/7099/4972
f 4972/7099/4972 4199/7100/4199 4769/7097/4769
f 4199/7100/4199 1678/1212/1678 4769/7097/4769
f 4972/1214/4972 635/7101/635 4003/1215/4003
f 4520/1217/4520 1460/7102/1460 4336/1218/4336
f 3062/1221/3062 3134/7103/3134 3046/7104/3046
f 3046/7104/3046 1564/7105/1564 1565/7106/1565
f 1565/7106/1565 4072/7107/4072 4071/7108/4071
f 4071/7108/4071 4020/7109/4020 3350/1222/3350
f 3350/1222/3350 3370/7110/3370 2252/1220/2252
f 3370/7110/3370 445/7111/445 2177/7112/2177
f 445/7111/445 948/7113/948 3345/7114/3345
f 948/7113/948 949/7115/949 3345/7114/3345
f 3345/7114/3345 2350/7116/2350 2177/7112/2177
f 4071/7108/4071 3350/1222/3350 3046/7104/3046
f 3370/7110/3370 2177/7112/2177 2252/1220/2252
f 3046/7104/3046 1565/7106/1565 4071/7108/4071
f 2252/1220/2252 2251/7117/2251 3062/1221/3062
f 3062/1221/3062 3046/7104/3046 3350/1222/3350
f 445/7111/445 3345/7114/3345 2177/7112/2177
f 2177/7112/2177 2253/7118/2253 2252/1220/2252
f 4887/911/4887 88/5726/88 98/7119/98
f 88/5726/88 2619/7120/2619 98/7119/98
f 98/7119/98 4489/1223/4489 4887/911/4887
f 786/7121/786 2205/3865/2205 4500/7122/4500
f 2205/3865/2205 1148/3864/1148 4500/7122/4500
f 1148/3864/1148 4715/7123/4715 4500/7122/4500
f 2913/1225/2913 4253/7124/4253 4724/1226/4724
f 4253/7124/4253 4495/7125/4495 4724/1226/4724
f 786/7121/786 4500/7122/4500 2723/1227/2723
f 4500/7122/4500 2913/1225/2913 2723/1227/2723
f 3750/3861/3750 2916/3863/2916 787/7126/787
f 787/7126/787 786/7121/786 1803/3860/1803
f 4495/7125/4495 4494/7127/4494 4724/1226/4724
f 4724/1226/4724 2724/3859/2724 2723/1227/2723
f 2723/1227/2723 1803/3860/1803 786/7121/786
f 1803/3860/1803 1802/3862/1802 3750/3861/3750
f 787/7126/787 1803/3860/1803 3750/3861/3750
f 424/7128/424 4285/7129/4285 4818/1229/4818
f 4285/7129/4285 2209/1230/2209 4818/1229/4818
f 2209/1230/2209 2793/7130/2793 4714/7131/4714
f 2192/7132/2192 4723/7133/4723 4622/1228/4622
f 2209/1230/2209 4714/7131/4714 2192/7132/2192
f 2192/7132/2192 4622/1228/4622 2209/1230/2209
f 4160/1231/4160 3073/7134/3073 4681/1232/4681
f 4867/1233/4867 4974/7135/4974 4865/1234/4865
f 4908/1236/4908 1641/7136/1641 1640/1237/1640
f 4821/7137/4821 1415/1617/1415 1416/1619/1416
f 1416/1619/1416 1363/6/1363 1362/1620/1362
f 1362/1620/1362 427/5/427 1959/7138/1959
f 1438/7139/1438 2301/7140/2301 4125/7141/4125
f 2301/7140/2301 2376/7142/2376 4125/7141/4125
f 1362/1620/1362 1959/7138/1959 1438/7139/1438
f 4614/7143/4614 4821/7137/4821 1416/1619/1416
f 1416/1619/1416 1362/1620/1362 1438/7139/1438
f 4125/7141/4125 1345/7144/1345 903/7145/903
f 903/7145/903 314/7146/314 315/7147/315
f 315/7147/315 2504/5273/2504 2431/5264/2431
f 2504/5273/2504 1309/5265/1309 2431/5264/2431
f 2431/5264/2431 325/5263/325 1111/5262/1111
f 1438/7139/1438 4125/7141/4125 1416/1619/1416
f 4125/7141/4125 903/7145/903 1416/1619/1416
f 315/7147/315 2431/5264/2431 4448/5103/4448
f 2431/5264/2431 1111/5262/1111 4448/5103/4448
f 315/7147/315 1360/7148/1360 3173/1354/3173
f 903/7145/903 315/7147/315 3173/1354/3173
f 1416/1619/1416 903/7145/903 3173/1354/3173
f 4768/7149/4768 4614/7143/4614 1416/1619/1416
f 1111/5262/1111 1189/3381/1189 2285/371/2285
f 1360/7148/1360 315/7147/315 4448/5103/4448
f 3173/1354/3173 1360/7148/1360 2497/7150/2497
f 212/1353/212 4768/7149/4768 1416/1619/1416
f 3786/5238/3786 3123/1355/3123 3173/1354/3173
f 3173/1354/3173 212/1353/212 1416/1619/1416
f 1111/5262/1111 2285/371/2285 3296/1240/3296
f 2285/371/2285 1059/373/1059 3969/1239/3969
f 3969/1239/3969 1701/5250/1701 3794/1433/3794
f 3794/1433/3794 1178/1432/1178 3969/1239/3969
f 1178/1432/1178 1529/7151/1529 3969/1239/3969
f 1529/7151/1529 4894/559/4894 594/280/594
f 4894/559/4894 4206/558/4206 594/280/594
f 4206/558/4206 3774/7152/3774 594/280/594
f 2285/371/2285 3969/1239/3969 3296/1240/3296
f 3969/1239/3969 1529/7151/1529 594/280/594
f 5007/7153/5007 4118/1587/4118 4412/7154/4412
f 3774/7152/3774 5007/7153/5007 1643/7155/1643
f 3774/7152/3774 1668/5107/1668 1893/281/1893
f 3786/5238/3786 3173/1354/3173 1563/7156/1563
f 3805/5236/3805 3806/5235/3806 3786/5238/3786
f 1043/7157/1043 905/5237/905 3805/5236/3805
f 1563/7156/1563 1562/7158/1562 2688/7159/2688
f 2688/7159/2688 1043/7157/1043 3805/5236/3805
f 3805/5236/3805 3786/5238/3786 2688/7159/2688
f 3173/1354/3173 2497/7150/2497 1563/7156/1563
f 2688/7159/2688 3786/5238/3786 1563/7156/1563
f 1338/7160/1338 3091/1391/3091 1563/7156/1563
f 1338/7160/1338 1563/7156/1563 2562/7161/2562
f 2562/7161/2562 1337/7162/1337 1338/7160/1338
f 684/7163/684 3374/7164/3374 870/7165/870
f 3374/7164/3374 2562/7161/2562 870/7165/870
f 2497/7150/2497 2498/7166/2498 870/7165/870
f 4412/7154/4412 2647/7167/2647 1046/7168/1046
f 1643/7155/1643 1642/7169/1642 1045/7170/1045
f 4412/7154/4412 1046/7168/1046 1643/7155/1643
f 5007/7153/5007 4412/7154/4412 1643/7155/1643
f 1045/7170/1045 1743/7171/1743 1302/5112/1302
f 1743/7171/1743 2951/5106/2951 1302/5112/1302
f 1643/7155/1643 1045/7170/1045 1538/5111/1538
f 870/7165/870 2562/7161/2562 2497/7150/2497
f 2497/7150/2497 2562/7161/2562 1563/7156/1563
f 1668/5107/1668 3774/7152/3774 1643/7155/1643
f 1643/7155/1643 1538/5111/1538 199/5108/199
f 2951/5106/2951 2950/5105/2950 1302/5112/1302
f 1538/5111/1538 3611/5110/3611 3610/5109/3610
f 1045/7170/1045 1302/5112/1302 1538/5111/1538
f 2799/7172/2799 2556/7173/2556 1360/7148/1360
f 4448/5103/4448 1111/5262/1111 3296/1240/3296
f 594/280/594 3774/7152/3774 1893/281/1893
f 3610/5109/3610 2276/792/2276 199/5108/199
f 2276/792/2276 200/5100/200 199/5108/199
f 1538/5111/1538 3610/5109/3610 199/5108/199
f 78/4658/78 2102/4657/2102 1321/7174/1321
f 1248/4627/1248 77/4651/77 1120/4613/1120
f 77/4651/77 78/4658/78 1120/4613/1120
f 1120/4613/1120 1249/4612/1249 1248/4627/1248
f 1598/4616/1598 529/4615/529 1120/4613/1120
f 1620/4618/1620 4377/4617/4377 1598/4616/1598
f 935/5098/935 762/4620/762 923/4619/923
f 1620/4618/1620 1598/4616/1598 78/4658/78
f 1598/4616/1598 1120/4613/1120 78/4658/78
f 3064/5099/3064 935/5098/935 923/4619/923
f 3064/5099/3064 923/4619/923 1620/4618/1620
f 4448/5103/4448 1235/5101/1235 3064/5099/3064
f 594/280/594 3491/5104/3491 3296/1240/3296
f 4448/5103/4448 3064/5099/3064 2799/7172/2799
f 3064/5099/3064 1620/4618/1620 1321/7174/1321
f 3064/5099/3064 1321/7174/1321 2799/7172/2799
f 1321/7174/1321 1620/4618/1620 78/4658/78
f 4448/5103/4448 2799/7172/2799 1360/7148/1360
f 199/5108/199 1668/5107/1668 1643/7155/1643
f 4835/1241/4835 2696/7175/2696 2697/1242/2697
f 3643/6803/3643 2565/6799/2565 1015/7176/1015
f 2565/6799/2565 3604/1244/3604 1015/7176/1015
f 3459/1245/3459 3822/6789/3822 4435/6806/4435
f 4061/1246/4061 4348/7177/4348 1015/7176/1015
f 4435/6806/4435 4911/7178/4911 3459/1245/3459
f 4911/7178/4911 4061/1246/4061 3459/1245/3459
f 1015/7176/1015 3604/1244/3604 4061/1246/4061
f 2932/1247/2932 3376/7179/3376 4506/1248/4506
f 783/7180/783 1559/7181/1559 2569/7182/2569
f 2569/7182/2569 3897/7183/3897 1239/1251/1239
f 1239/1251/1239 1238/7184/1238 3615/1249/3615
f 3615/1249/3615 3704/7185/3704 2617/4084/2617
f 3704/7185/3704 3705/7186/3705 2617/4084/2617
f 3705/7186/3705 4623/4086/4623 2617/4084/2617
f 2617/4084/2617 784/1250/784 3615/1249/3615
f 784/1250/784 3580/7187/3580 783/7180/783
f 783/7180/783 2569/7182/2569 784/1250/784
f 2569/7182/2569 1239/1251/1239 784/1250/784
f 1218/600/1218 5005/7188/5005 5006/1252/5006
f 4193/1255/4193 3303/7189/3303 4986/1253/4986
f 3303/7189/3303 2191/7190/2191 4986/1253/4986
f 2191/7190/2191 2606/7191/2606 4986/1253/4986
f 4975/1256/4975 1392/7192/1392 4865/1257/4865
f 4241/1259/4241 2649/7193/2649 2391/1260/2391
f 5017/1262/5017 4564/7194/4564 436/902/436
f 4084/7195/4084 4993/1374/4993 4083/1265/4083
f 4993/1374/4993 4322/1373/4322 4493/1263/4493
f 4083/1265/4083 4993/1374/4993 4493/1263/4493
f 258/7196/258 3840/7197/3840 1964/2841/1964
f 1964/2841/1964 1965/2840/1965 268/5653/268
f 269/5652/269 1475/450/1475 4969/7198/4969
f 1475/450/1475 1476/452/1476 4969/7198/4969
f 1964/2841/1964 268/5653/268 258/7196/258
f 268/5653/268 269/5652/269 258/7196/258
f 93/1267/93 2757/7199/2757 258/7196/258
f 4970/7200/4970 1608/7201/1608 4155/7202/4155
f 269/5652/269 4969/7198/4969 4970/7200/4970
f 93/1267/93 258/7196/258 4241/7203/4241
f 258/7196/258 269/5652/269 4155/7202/4155
f 93/1267/93 4241/7203/4241 2648/1268/2648
f 94/1266/94 92/7204/92 93/1267/93
f 4132/7205/4132 1657/7206/1657 94/1266/94
f 4194/7207/4194 4695/7208/4695 4132/7205/4132
f 5022/7209/5022 185/7210/185 4194/7207/4194
f 979/7211/979 980/7212/980 5022/7209/5022
f 2648/1268/2648 2391/7213/2391 979/7211/979
f 734/7214/734 2937/7215/2937 4155/7202/4155
f 2937/7215/2937 4241/7203/4241 4155/7202/4155
f 2648/1268/2648 979/7211/979 94/1266/94
f 979/7211/979 5022/7209/5022 94/1266/94
f 4155/7202/4155 4241/7203/4241 258/7196/258
f 269/5652/269 4970/7200/4970 4155/7202/4155
f 5022/7209/5022 4194/7207/4194 4132/7205/4132
f 94/1266/94 5022/7209/5022 4132/7205/4132
f 4198/1271/4198 4197/7216/4197 3024/1269/3024
f 3024/1269/3024 4763/7217/4763 4764/1270/4764
f 1501/1272/1501 4302/7218/4302 3013/1273/3013
f 3743/7219/3743 2286/7220/2286 3807/7221/3807
f 3807/7221/3807 2615/7222/2615 4015/7223/4015
f 4015/7223/4015 672/7224/672 2030/7225/2030
f 2030/7225/2030 2029/7226/2029 4126/7227/4126
f 4126/7227/4126 4145/7228/4145 2212/7229/2212
f 2212/7229/2212 1087/7230/1087 2094/7231/2094
f 3593/7232/3593 975/7233/975 1196/7234/1196
f 2212/7229/2212 2094/7231/2094 3593/7232/3593
f 2030/7225/2030 4126/7227/4126 1196/7234/1196
f 4126/7227/4126 2212/7229/2212 1196/7234/1196
f 4015/7223/4015 2030/7225/2030 1974/7235/1974
f 2212/7229/2212 3593/7232/3593 1196/7234/1196
f 1196/7234/1196 4301/7236/4301 1246/7237/1246
f 2009/7238/2009 560/7239/560 3300/1277/3300
f 1196/7234/1196 1246/7237/1246 2009/7238/2009
f 2030/7225/2030 1196/7234/1196 1974/7235/1974
f 3807/7221/3807 4015/7223/4015 1974/7235/1974
f 3404/1276/3404 1196/7234/1196 2009/7238/2009
f 1196/7234/1196 3404/1276/3404 1974/7235/1974
f 4772/7240/4772 4319/7241/4319 3743/7219/3743
f 3743/7219/3743 3807/7221/3807 378/7242/378
f 3404/1276/3404 2009/7238/2009 3300/1277/3300
f 3300/1277/3300 3859/7243/3859 4982/7244/4982
f 378/7242/378 3807/7221/3807 517/7245/517
f 2058/7246/2058 4527/7247/4527 4953/7248/4953
f 4527/7247/4527 4772/7240/4772 4953/7248/4953
f 4772/7240/4772 3743/7219/3743 4117/7249/4117
f 4982/7244/4982 2864/7250/2864 191/1275/191
f 2864/7250/2864 4378/7251/4378 191/1275/191
f 3743/7219/3743 378/7242/378 4117/7249/4117
f 3300/1277/3300 4982/7244/4982 191/1275/191
f 3272/7252/3272 3273/7253/3273 4953/7248/4953
f 4117/7249/4117 3272/7252/3272 4953/7248/4953
f 4953/7248/4953 4772/7240/4772 4117/7249/4117
f 191/1275/191 1742/7254/1742 3404/1276/3404
f 3404/1276/3404 4339/7255/4339 1974/7235/1974
f 1974/7235/1974 517/7245/517 3807/7221/3807
f 517/7245/517 379/7256/379 378/7242/378
f 3985/627/3985 3984/7257/3984 5006/1278/5006
f 5006/1278/5006 2134/311/2134 2168/310/2168
f 2168/310/2168 698/617/698 2292/625/2292
f 2292/625/2292 3985/627/3985 2168/310/2168
f 186/6073/186 573/6041/573 574/6075/574
f 574/6075/574 67/6074/67 2297/3902/2297
f 2297/3902/2297 603/3900/603 604/3901/604
f 604/3901/604 1048/1523/1048 1049/1522/1049
f 1049/1522/1049 1093/3898/1093 1094/3897/1094
f 1094/3897/1094 488/1485/488 3659/1487/3659
f 3659/1487/3659 3660/1486/3660 2278/907/2278
f 1935/5724/1935 2516/5723/2516 3972/5721/3972
f 3659/1487/3659 2278/907/2278 1996/933/1996
f 2278/907/2278 1935/5724/1935 1996/933/1996
f 1049/1522/1049 1094/3897/1094 1384/1281/1384
f 1094/3897/1094 3659/1487/3659 1384/1281/1384
f 2297/3902/2297 604/3901/604 574/6075/574
f 604/3901/604 1049/1522/1049 1351/6070/1351
f 2891/6072/2891 604/3901/604 558/6071/558
f 186/6073/186 574/6075/574 604/3901/604
f 2891/6072/2891 1419/6048/1419 186/6073/186
f 558/6071/558 1411/6047/1411 2891/6072/2891
f 1334/6054/1334 639/6046/639 558/6071/558
f 1351/6070/1351 4223/6055/4223 1334/6054/1334
f 3747/6069/3747 1350/6052/1350 1351/6070/1351
f 3033/6068/3033 154/6058/154 3747/6069/3747
f 1085/6067/1085 2590/6061/2590 3033/6068/3033
f 341/6066/341 1177/6065/1177 1085/6067/1085
f 2031/1070/2031 976/1979/976 341/6066/341
f 1894/47/1894 3365/1071/3365 3796/7258/3796
f 3365/1071/3365 2031/1070/2031 3796/7258/3796
f 3796/7258/3796 3260/1444/3260 1894/47/1894
f 4296/1191/4296 4295/1989/4295 4647/6979/4647
f 4295/1989/4295 1384/1281/1384 1113/1388/1113
f 4647/6979/4647 4295/1989/4295 1113/1388/1113
f 1384/1281/1384 3796/7258/3796 2031/1070/2031
f 2031/1070/2031 341/6066/341 1384/1281/1384
f 341/6066/341 1085/6067/1085 1384/1281/1384
f 1085/6067/1085 3033/6068/3033 1384/1281/1384
f 3033/6068/3033 3747/6069/3747 1384/1281/1384
f 3747/6069/3747 1351/6070/1351 1049/1522/1049
f 1351/6070/1351 1334/6054/1334 604/3901/604
f 1334/6054/1334 558/6071/558 604/3901/604
f 2891/6072/2891 186/6073/186 604/3901/604
f 1935/5724/1935 3972/5721/3972 832/7259/832
f 832/7259/832 3605/1407/3605 1478/7260/1478
f 1935/5724/1935 832/7259/832 1478/7260/1478
f 1829/1192/1829 4647/6979/4647 1113/1388/1113
f 1935/5724/1935 1478/7260/1478 1996/933/1996
f 3762/7261/3762 104/7262/104 17/4933/17
f 104/7262/104 18/4935/18 17/4933/17
f 1478/7260/1478 3762/7261/3762 1896/4931/1896
f 1384/1281/1384 3747/6069/3747 1049/1522/1049
f 2358/2345/2358 3876/1387/3876 1113/1388/1113
f 977/1280/977 1269/194/1269 2358/2345/2358
f 4262/5774/4262 1270/195/1270 1632/1279/1632
f 2513/5775/2513 3671/5773/3671 4262/5774/4262
f 1996/933/1996 2464/5776/2464 2513/5775/2513
f 4479/4943/4479 382/5778/382 1996/933/1996
f 2972/4942/2972 1825/740/1825 2564/4944/2564
f 2564/4944/2564 4479/4943/4479 1996/933/1996
f 1996/933/1996 2513/5775/2513 1632/1279/1632
f 2513/5775/2513 4262/5774/4262 1632/1279/1632
f 2972/4942/2972 2564/4944/2564 1996/933/1996
f 874/4938/874 2973/741/2973 2972/4942/2972
f 1896/4931/1896 873/4930/873 874/4938/874
f 17/4933/17 3566/4932/3566 1896/4931/1896
f 2358/2345/2358 1113/1388/1113 1384/1281/1384
f 977/1280/977 2358/2345/2358 1384/1281/1384
f 1384/1281/1384 3659/1487/3659 1632/1279/1632
f 1478/7260/1478 1896/4931/1896 1996/933/1996
f 3659/1487/3659 1996/933/1996 1632/1279/1632
f 3762/7261/3762 17/4933/17 1896/4931/1896
f 1896/4931/1896 874/4938/874 2972/4942/2972
f 2972/4942/2972 1996/933/1996 1896/4931/1896
f 1374/7263/1374 1376/7264/1376 403/7265/403
f 403/7265/403 4196/7266/4196 2645/7267/2645
f 4196/7266/4196 2646/7268/2646 2645/7267/2645
f 2645/7267/2645 1688/7269/1688 4410/1284/4410
f 403/7265/403 2645/7267/2645 4410/1284/4410
f 4410/1284/4410 2962/4460/2962 3048/1282/3048
f 2962/4460/2962 3223/1508/3223 3048/1282/3048
f 3725/1507/3725 585/4458/585 3048/1282/3048
f 3223/1508/3223 3725/1507/3725 3048/1282/3048
f 1374/7263/1374 403/7265/403 3724/1283/3724
f 403/7265/403 4410/1284/4410 3724/1283/3724
f 1102/7270/1102 3728/7271/3728 1375/7272/1375
f 820/4456/820 1102/7270/1102 1375/7272/1375
f 3048/1282/3048 2351/4457/2351 3724/1283/3724
f 3724/1283/3724 820/4456/820 1374/7263/1374
f 820/4456/820 1375/7272/1375 1374/7263/1374
f 3713/1285/3713 4805/6678/4805 2328/1286/2328
f 2287/1288/2287 2166/5680/2166 3594/1289/3594
f 524/1291/524 525/5424/525 523/7273/523
f 525/5424/525 2977/5426/2977 523/7273/523
f 2977/5426/2977 2933/5425/2933 523/7273/523
f 2091/1292/2091 2896/3921/2896 2430/1293/2430
f 2896/3921/2896 3383/3920/3383 2430/1293/2430
f 3383/3920/3383 3188/3983/3188 2430/1293/2430
f 524/1291/524 523/7273/523 2091/1292/2091
f 4081/1294/4081 4976/4842/4976 3654/1295/3654
f 4146/1297/4146 2670/6216/2670 2669/1298/2669
f 3410/1301/3410 3980/7274/3980 3981/1368/3981
f 3981/1368/3981 595/7275/595 3410/1301/3410
f 595/7275/595 596/1302/596 3410/1301/3410
f 596/1302/596 374/7276/374 4320/7277/4320
f 374/7276/374 373/7278/373 1510/7279/1510
f 4320/7277/4320 374/7276/374 1510/7279/1510
f 373/7278/373 985/7280/985 986/6265/986
f 986/6265/986 3266/7281/3266 373/7278/373
f 3266/7281/3266 1510/7279/1510 373/7278/373
f 4320/7277/4320 4029/1300/4029 596/1302/596
f 4029/1300/4029 3397/7282/3397 3410/1301/3410
f 1931/5619/1931 2558/5618/2558 182/5621/182
f 617/5620/617 618/5624/618 1636/5623/1636
f 1636/5623/1636 2275/5622/2275 2481/5626/2481
f 2481/5626/2481 3474/5625/3474 909/5629/909
f 909/5629/909 2525/5628/2525 3828/4355/3828
f 2525/5628/2525 3157/891/3157 3828/4355/3828
f 3156/1304/3156 1990/5654/1990 2707/1305/2707
f 3157/891/3157 3156/1304/3156 3828/4355/3828
f 1636/5623/1636 2481/5626/2481 641/4353/641
f 2481/5626/2481 909/5629/909 641/4353/641
f 2707/1305/2707 1895/5655/1895 381/7283/381
f 1895/5655/1895 1003/5657/1003 2603/7284/2603
f 381/7283/381 1895/5655/1895 2603/7284/2603
f 1003/5657/1003 3934/5656/3934 4430/5659/4430
f 4430/5659/4430 4056/5658/4056 2682/5661/2682
f 2682/5661/2682 2409/5660/2409 2001/5663/2001
f 2001/5663/2001 2684/5662/2684 1767/5665/1767
f 1767/5665/1767 1768/5664/1768 1766/5667/1766
f 1766/5667/1766 332/5666/332 331/5669/331
f 331/5669/331 704/5668/704 706/5671/706
f 706/5671/706 705/5670/705 889/5673/889
f 889/5673/889 890/5672/890 888/5675/888
f 888/5675/888 3065/5674/3065 2247/5677/2247
f 2248/5676/2248 2865/5678/2865 3004/5679/3004
f 2248/5676/2248 3004/5679/3004 3005/7285/3005
f 3005/7285/3005 3184/7286/3184 2248/5676/2248
f 3184/7286/3184 4000/7287/4000 2247/5677/2247
f 2248/5676/2248 3184/7286/3184 2247/5677/2247
f 4000/7287/4000 2535/7288/2535 2247/5677/2247
f 2535/7288/2535 2890/7289/2890 2247/5677/2247
f 2890/7289/2890 1619/7290/1619 888/5675/888
f 1619/7290/1619 3678/7291/3678 888/5675/888
f 1777/7292/1777 4655/7293/4655 1530/7294/1530
f 3678/7291/3678 1777/7292/1777 706/5671/706
f 888/5675/888 3678/7291/3678 889/5673/889
f 1777/7292/1777 1530/7294/1530 706/5671/706
f 706/5671/706 889/5673/889 3678/7291/3678
f 888/5675/888 2247/5677/2247 2890/7289/2890
f 1530/7294/1530 4945/7295/4945 331/5669/331
f 4945/7295/4945 2067/7296/2067 331/5669/331
f 331/5669/331 706/5671/706 1530/7294/1530
f 2001/5663/2001 1767/5665/1767 4359/7297/4359
f 1767/5665/1767 1766/5667/1766 2067/7296/2067
f 4359/7297/4359 1767/5665/1767 2067/7296/2067
f 2682/5661/2682 2001/5663/2001 4359/7297/4359
f 1766/5667/1766 331/5669/331 2067/7296/2067
f 2067/7296/2067 4841/7298/4841 4359/7297/4359
f 4430/5659/4430 2682/5661/2682 3904/7299/3904
f 3740/5617/3740 1932/5616/1932 1931/5619/1931
f 3480/5615/3480 2578/5614/2578 3475/7300/3475
f 2578/5614/2578 3740/5617/3740 3475/7300/3475
f 1303/5613/1303 2257/5612/2257 3480/5615/3480
f 369/5611/369 1304/5605/1304 1303/5613/1303
f 1518/5610/1518 2935/5609/2935 369/5611/369
f 71/5608/71 72/5607/72 1518/5610/1518
f 983/5606/983 984/5604/984 71/5608/71
f 1758/7301/1758 762/7302/762 1320/7303/1320
f 762/7302/762 3825/1501/3825 1320/7303/1320
f 3825/1501/3825 983/5606/983 71/5608/71
f 3825/1501/3825 71/5608/71 1518/5610/1518
f 3968/7304/3968 4142/7305/4142 1320/7303/1320
f 1542/7306/1542 1527/7307/1527 4990/7308/4990
f 3968/7304/3968 1320/7303/1320 369/5611/369
f 1320/7303/1320 3825/1501/3825 369/5611/369
f 3295/7309/3295 1542/7306/1542 4990/7308/4990
f 4990/7308/4990 3968/7304/3968 3480/5615/3480
f 3480/5615/3480 3968/7304/3968 1303/5613/1303
f 3825/1501/3825 1518/5610/1518 369/5611/369
f 369/5611/369 1303/5613/1303 3968/7304/3968
f 3740/5617/3740 1931/5619/1931 4007/7310/4007
f 3475/7300/3475 3740/5617/3740 2238/7311/2238
f 1931/5619/1931 182/5621/182 4641/7312/4641
f 3295/7309/3295 4990/7308/4990 3480/5615/3480
f 2238/7311/2238 1997/7313/1997 3475/7300/3475
f 3475/7300/3475 3295/7309/3295 3480/5615/3480
f 2238/7311/2238 3740/5617/3740 4007/7310/4007
f 4007/7310/4007 4876/7314/4876 2238/7311/2238
f 4007/7310/4007 1931/5619/1931 1669/7315/1669
f 4641/7312/4641 1669/7315/1669 1931/5619/1931
f 3787/7316/3787 4659/7317/4659 4641/7312/4641
f 4065/7318/4065 3177/7319/3177 3787/7316/3787
f 2690/7320/2690 1671/7321/1671 4065/7318/4065
f 2086/4343/2086 2087/7322/2087 2690/7320/2690
f 736/4346/736 1055/4344/1055 2469/4345/2469
f 2469/4345/2469 2086/4343/2086 2690/7320/2690
f 2690/7320/2690 4065/7318/4065 2469/4345/2469
f 4065/7318/4065 3787/7316/3787 182/5621/182
f 2469/4345/2469 4065/7318/4065 736/4346/736
f 3787/7316/3787 4641/7312/4641 182/5621/182
f 4065/7318/4065 182/5621/182 736/4346/736
f 182/5621/182 617/5620/617 3407/4347/3407
f 3407/4347/3407 3863/598/3863 736/4346/736
f 1625/4348/1625 697/596/697 3407/4347/3407
f 1213/4350/1213 1212/4349/1212 617/5620/617
f 1212/4349/1212 1625/4348/1625 617/5620/617
f 641/4353/641 640/4352/640 1213/4350/1213
f 641/4353/641 1213/4350/1213 1636/5623/1636
f 1636/5623/1636 1213/4350/1213 617/5620/617
f 3407/4347/3407 736/4346/736 182/5621/182
f 1625/4348/1625 3407/4347/3407 617/5620/617
f 1003/5657/1003 4430/5659/4430 4725/7323/4725
f 2682/5661/2682 4359/7297/4359 3904/7299/3904
f 4359/7297/4359 3569/7324/3569 3904/7299/3904
f 3904/7299/3904 1651/7325/1651 4851/7326/4851
f 4851/7326/4851 1427/7327/1427 4725/7323/4725
f 4725/7323/4725 4243/7328/4243 2603/7284/2603
f 2603/7284/2603 4183/7329/4183 381/7283/381
f 381/7283/381 4895/7330/4895 2707/1305/2707
f 4895/7330/4895 3093/1303/3093 2707/1305/2707
f 3828/4355/3828 641/4353/641 909/5629/909
f 4725/7323/4725 4430/5659/4430 4851/7326/4851
f 3904/7299/3904 4851/7326/4851 4430/5659/4430
f 4725/7323/4725 2603/7284/2603 1003/5657/1003
f 3093/1303/3093 3828/4355/3828 3156/1304/3156
f 2221/1306/2221 4166/6701/4166 875/1307/875
f 912/1309/912 911/7331/911 2580/1310/2580
f 2393/1312/2393 2975/2969/2975 944/1313/944
f 3732/1317/3732 4964/7332/4964 1991/7333/1991
f 4964/7332/4964 2256/7334/2256 1991/7333/1991
f 2256/7334/2256 2255/7335/2255 1991/7333/1991
f 1991/7333/1991 1992/7336/1992 3732/1317/3732
f 1992/7336/1992 3189/1315/3189 3732/1317/3732
f 1883/7337/1883 4465/7338/4465 2837/7339/2837
f 2837/7339/2837 1645/7340/1645 2812/7341/2812
f 2812/7341/2812 619/7342/619 3826/7343/3826
f 3826/7343/3826 2295/7344/2295 2294/7345/2294
f 2294/7345/2294 511/7346/511 513/7347/513
f 513/7347/513 512/4075/512 750/3203/750
f 2420/3202/2420 1573/343/1573 14/3201/14
f 513/7347/513 750/3203/750 2420/3202/2420
f 3826/7343/3826 2294/7345/2294 2420/3202/2420
f 2294/7345/2294 513/7347/513 2420/3202/2420
f 2837/7339/2837 2812/7341/2812 14/3201/14
f 2812/7341/2812 3826/7343/3826 2420/3202/2420
f 70/2494/70 4392/2493/4392 1883/7337/1883
f 2812/7341/2812 2420/3202/2420 14/3201/14
f 70/2494/70 1883/7337/1883 2837/7339/2837
f 3022/7348/3022 4044/2495/4044 70/2494/70
f 3209/7349/3209 1869/7350/1869 3022/7348/3022
f 2271/1511/2271 3210/1510/3210 4030/7351/4030
f 3210/1510/3210 3209/7349/3209 4030/7351/4030
f 1748/7352/1748 1882/7353/1882 4030/7351/4030
f 3209/7349/3209 3022/7348/3022 70/2494/70
f 3209/7349/3209 70/2494/70 1748/7352/1748
f 70/2494/70 2837/7339/2837 14/3201/14
f 1748/7352/1748 70/2494/70 1036/3199/1036
f 1748/7352/1748 4030/7351/4030 3209/7349/3209
f 1221/7354/1221 1412/7355/1412 3923/7356/3923
f 1036/3199/1036 70/2494/70 14/3201/14
f 1220/7357/1220 1221/7354/1221 3923/7356/3923
f 3923/7356/3923 1748/7352/1748 2368/7358/2368
f 2384/33/2384 1748/7352/1748 1036/3199/1036
f 14/3201/14 13/3200/13 1036/3199/1036
f 1036/3199/1036 4372/3198/4372 4047/3197/4047
f 4047/3197/4047 1729/342/1729 2851/3212/2851
f 2851/3212/2851 3403/3211/3403 2699/31/2699
f 2384/33/2384 2383/1893/2383 4806/330/4806
f 2851/3212/2851 2699/31/2699 2384/33/2384
f 4047/3197/4047 2851/3212/2851 2384/33/2384
f 2384/33/2384 4806/330/4806 633/2998/633
f 633/2998/633 3133/329/3133 91/7359/91
f 91/7359/91 1202/7360/1202 3067/1112/3067
f 1202/7360/1202 3066/1113/3066 3067/1112/3067
f 2384/33/2384 633/2998/633 3067/1112/3067
f 633/2998/633 91/7359/91 3067/1112/3067
f 1036/3199/1036 4047/3197/4047 2384/33/2384
f 1220/7357/1220 3923/7356/3923 2368/7358/2368
f 1748/7352/1748 2384/33/2384 3067/1112/3067
f 2368/7358/2368 1871/7361/1871 1220/7357/1220
f 1761/7362/1761 1468/7363/1468 2368/7358/2368
f 1681/1319/1681 1760/4411/1760 1761/7362/1761
f 527/4378/527 1439/4381/1439 1681/1319/1681
f 4018/7364/4018 4334/4409/4334 4335/1318/4335
f 4335/1318/4335 527/4378/527 1681/1319/1681
f 1681/1319/1681 1761/7362/1761 2368/7358/2368
f 2368/7358/2368 1748/7352/1748 1681/1319/1681
f 4554/1320/4554 4018/7364/4018 4335/1318/4335
f 3067/1112/3067 4554/1320/4554 1681/1319/1681
f 1681/1319/1681 1748/7352/1748 3067/1112/3067
f 4939/1321/4939 4379/7365/4379 4937/509/4937
f 4563/1172/4563 2189/7366/2189 4381/1173/4381
f 2189/7366/2189 3912/1323/3912 4381/1173/4381
f 3912/1323/3912 1001/5698/1001 648/1324/648
f 648/1324/648 2700/5441/2700 730/1325/730
f 730/1325/730 4381/1173/4381 3912/1323/3912
f 4637/1328/4637 4389/7367/4389 2154/7368/2154
f 2154/7368/2154 3415/7369/3415 4637/1328/4637
f 3415/7369/3415 2791/1326/2791 4637/1328/4637
f 3107/2962/3107 3673/7370/3673 549/972/549
f 3673/7370/3673 4512/1329/4512 549/972/549
f 523/7371/523 2933/1332/2933 2091/1331/2091
f 2933/1332/2933 312/7372/312 544/1333/544
f 3951/1334/3951 3952/7373/3952 3949/1335/3949
f 3974/7374/3974 4997/7375/4997 156/7376/156
f 3974/7374/3974 156/7376/156 1730/7377/1730
f 4461/7378/4461 4462/7379/4462 4402/1338/4402
f 4462/7379/4462 4424/1339/4424 4402/1338/4402
f 4424/1339/4424 3974/7374/3974 778/7380/778
f 3974/7374/3974 1730/7377/1730 2903/7381/2903
f 778/7380/778 3974/7374/3974 2903/7381/2903
f 1272/7382/1272 3734/7383/3734 1725/7384/1725
f 3734/7383/3734 3120/7385/3120 1077/7386/1077
f 3120/7385/3120 3703/7387/3703 3206/7388/3206
f 3206/7388/3206 4755/7389/4755 1092/7390/1092
f 1092/7390/1092 4720/7391/4720 3120/7385/3120
f 4720/7391/4720 1077/7386/1077 3120/7385/3120
f 1077/7386/1077 1725/7384/1725 3734/7383/3734
f 1725/7384/1725 4631/4541/4631 1272/7382/1272
f 3601/614/3601 3603/616/3603 2903/7381/2903
f 3601/614/3601 2903/7381/2903 1730/7377/1730
f 4631/4541/4631 3601/614/3601 1730/7377/1730
f 778/7380/778 2245/7392/2245 776/1337/776
f 776/1337/776 1007/4756/1007 4402/1338/4402
f 1007/4756/1007 3429/704/3429 3770/7393/3770
f 3770/7393/3770 3429/704/3429 3937/7394/3937
f 3429/704/3429 3090/7395/3090 3937/7394/3937
f 3937/7394/3937 4087/7396/4087 4088/7397/4088
f 3937/7394/3937 4088/7397/4088 3770/7393/3770
f 778/7380/778 776/1337/776 4424/1339/4424
f 3120/7385/3120 3206/7388/3206 1092/7390/1092
f 1272/7382/1272 4631/4541/4631 1730/7377/1730
f 1007/4756/1007 3770/7393/3770 4402/1338/4402
f 4199/1340/4199 3517/5175/3517 1679/1341/1679
f 4822/294/4822 4767/7398/4767 2293/1343/2293
f 3739/185/3739 2993/2336/2993 4197/7399/4197
f 2993/2336/2993 3855/6954/3855 3751/6953/3751
f 3751/6953/3751 3752/6952/3752 1863/1347/1863
f 2993/2336/2993 3751/6953/3751 3024/7400/3024
f 4197/7399/4197 2993/2336/2993 3024/7400/3024
f 1605/2339/1605 2310/186/2310 2777/2338/2777
f 3751/6953/3751 1863/1347/1863 3618/1346/3618
f 1139/6932/1139 1605/2339/1605 2777/2338/2777
f 1863/1347/1863 96/6951/96 97/6950/97
f 1139/6932/1139 2777/2338/2777 3263/6934/3263
f 2777/2338/2777 3739/185/3739 3263/6934/3263
f 2555/6933/2555 1138/6931/1138 1139/6932/1139
f 988/4685/988 3264/6935/3264 2675/646/2675
f 3264/6935/3264 3263/6934/3263 2675/646/2675
f 3263/6934/3263 2555/6933/2555 1139/6932/1139
f 3024/7400/3024 3751/6953/3751 4763/4681/4763
f 97/6950/97 742/6949/742 4011/1348/4011
f 742/6949/742 741/6948/741 4011/1348/4011
f 3739/185/3739 4197/7399/4197 4198/647/4198
f 1863/1347/1863 97/6950/97 4011/1348/4011
f 4198/647/4198 2675/646/2675 3263/6934/3263
f 3618/1346/3618 4763/4681/4763 3751/6953/3751
f 4198/647/4198 3263/6934/3263 3739/185/3739
f 308/6947/308 309/6946/309 311/6941/311
f 309/6946/309 310/6942/310 311/6941/311
f 311/6941/311 1331/6940/1331 3332/4682/3332
f 311/6941/311 3332/4682/3332 308/6947/308
f 3332/4682/3332 3618/1346/3618 308/6947/308
f 4011/1348/4011 308/6947/308 3618/1346/3618
f 415/1274/415 4329/7401/4329 3723/454/3723
f 3600/7402/3600 4978/7403/4978 4110/7404/4110
f 4978/7403/4978 4742/7405/4742 4110/7404/4110
f 4110/7404/4110 469/7406/469 3354/7407/3354
f 2923/7408/2923 4694/7409/4694 4784/7410/4784
f 4694/7409/4694 3599/7411/3599 4784/7410/4784
f 3600/7402/3600 4110/7404/4110 3354/7407/3354
f 4497/7412/4497 4930/7413/4930 4784/7410/4784
f 4418/7414/4418 4496/7415/4496 3992/7416/3992
f 4496/7415/4496 4497/7412/4497 3992/7416/3992
f 3933/7417/3933 3932/7418/3932 2747/7419/2747
f 4497/7412/4497 4784/7410/4784 4892/7420/4892
f 4497/7412/4497 4892/7420/4892 3992/7416/3992
f 4784/7410/4784 3599/7411/3599 458/7421/458
f 101/7422/101 2726/7423/2726 867/7424/867
f 2726/7423/2726 3933/7417/3933 867/7424/867
f 4842/7425/4842 2727/7426/2727 101/7422/101
f 2538/7427/2538 1789/7428/1789 1488/7429/1488
f 1789/7428/1789 4842/7425/4842 867/7424/867
f 1488/7429/1488 1789/7428/1789 3430/7430/3430
f 1487/7431/1487 2537/7432/2537 1610/7433/1610
f 2537/7432/2537 1488/7429/1488 1610/7433/1610
f 3430/7430/3430 1789/7428/1789 867/7424/867
f 4842/7425/4842 101/7422/101 867/7424/867
f 3430/7430/3430 1611/7434/1611 1610/7433/1610
f 867/7424/867 1477/7435/1477 3430/7430/3430
f 4916/7436/4916 4748/7437/4748 111/7438/111
f 4748/7437/4748 867/7424/867 3933/7417/3933
f 111/7438/111 4748/7437/4748 3933/7417/3933
f 3430/7430/3430 1610/7433/1610 1488/7429/1488
f 3354/7407/3354 470/7439/470 1571/7440/1571
f 1571/7440/1571 967/7441/967 1585/7442/1585
f 1585/7442/1585 1241/7443/1241 2171/7444/2171
f 1241/7443/1241 4370/7445/4370 4151/7446/4151
f 4151/7446/4151 4152/7447/4152 2876/1441/2876
f 1241/7443/1241 4151/7446/4151 456/7448/456
f 3600/7402/3600 3354/7407/3354 1571/7440/1571
f 1241/7443/1241 456/7448/456 2171/7444/2171
f 4151/7446/4151 2876/1441/2876 2600/7449/2600
f 456/7448/456 4151/7446/4151 2600/7449/2600
f 3600/7402/3600 1571/7440/1571 4840/7450/4840
f 1571/7440/1571 1585/7442/1585 4840/7450/4840
f 3599/7411/3599 3600/7402/3600 4840/7450/4840
f 2876/1441/2876 3408/7451/3408 2600/7449/2600
f 2171/7444/2171 4573/7452/4573 1585/7442/1585
f 4573/7452/4573 4765/7453/4765 4840/7450/4840
f 4784/7410/4784 458/7421/458 3668/7454/3668
f 4840/7450/4840 1585/7442/1585 4573/7452/4573
f 3599/7411/3599 4840/7450/4840 458/7421/458
f 4840/7450/4840 459/7455/459 458/7421/458
f 458/7421/458 1920/7456/1920 3668/7454/3668
f 3668/7454/3668 4545/7457/4545 4544/7458/4544
f 4544/7458/4544 1638/7459/1638 4892/7420/4892
f 4892/7420/4892 3477/7460/3477 3992/7416/3992
f 3992/7416/3992 4233/7461/4233 1919/7462/1919
f 1919/7462/1919 1857/7463/1857 396/7464/396
f 1857/7463/1857 39/1352/39 38/1351/38
f 396/7464/396 1857/7463/1857 38/1351/38
f 39/1352/39 2371/7465/2371 1295/7466/1295
f 1295/7466/1295 4962/7467/4962 4963/7468/4963
f 4963/7468/4963 1101/7469/1101 1295/7466/1295
f 1101/7469/1101 40/1350/40 1295/7466/1295
f 40/1350/40 37/7470/37 38/1351/38
f 38/1351/38 4923/7471/4923 396/7464/396
f 396/7464/396 2176/7472/2176 4434/7473/4434
f 4434/7473/4434 111/7438/111 2747/7419/2747
f 2747/7419/2747 111/7438/111 3933/7417/3933
f 4892/7420/4892 4784/7410/4784 4544/7458/4544
f 3668/7454/3668 4544/7458/4544 4784/7410/4784
f 3992/7416/3992 1919/7462/1919 4418/7414/4418
f 2747/7419/2747 4418/7414/4418 4434/7473/4434
f 4418/7414/4418 1919/7462/1919 396/7464/396
f 39/1352/39 1295/7466/1295 40/1350/40
f 396/7464/396 4434/7473/4434 4418/7414/4418
f 3123/1355/3123 213/3000/213 212/1353/212
f 213/3000/213 4768/7149/4768 212/1353/212
f 827/5948/827 4175/5947/4175 1399/7474/1399
f 4175/5947/4175 4540/7475/4540 4428/7476/4428
f 1399/7474/1399 4175/5947/4175 4428/7476/4428
f 926/1566/926 4661/1565/4661 827/5948/827
f 4812/1358/4812 3963/5942/3963 926/1566/926
f 1812/7477/1812 4214/7478/4214 1813/1357/1813
f 4214/7478/4214 4812/1358/4812 1813/1357/1813
f 4812/1358/4812 926/1566/926 1790/1356/1790
f 926/1566/926 827/5948/827 4831/7479/4831
f 1790/1356/1790 926/1566/926 4831/7479/4831
f 827/5948/827 1399/7474/1399 4831/7479/4831
f 1399/7474/1399 1400/7480/1400 4831/7479/4831
f 4429/7481/4429 1294/7482/1294 4531/7483/4531
f 1400/7480/1400 4429/7481/4429 4531/7483/4531
f 4831/7479/4831 2155/7484/2155 1790/1356/1790
f 1400/7480/1400 4531/7483/4531 4831/7479/4831
f 849/7485/849 4123/1036/4123 2854/1359/2854
f 4123/1036/4123 3867/1360/3867 2854/1359/2854
f 3867/1360/3867 1985/1035/1985 936/6340/936
f 936/6340/936 3005/149/3005 1960/148/1960
f 1960/148/1960 2164/2211/2164 2201/4058/2201
f 2164/2211/2164 3243/4060/3243 2201/4058/2201
f 3243/4060/3243 2202/4059/2202 2201/4058/2201
f 2200/4057/2200 811/7486/811 250/1361/250
f 2201/4058/2201 2200/4057/2200 1960/148/1960
f 2200/4057/2200 250/1361/250 1960/148/1960
f 250/1361/250 1485/7487/1485 666/7488/666
f 666/7488/666 1484/7489/1484 3186/7490/3186
f 3186/7490/3186 2144/1371/2144 2143/7491/2143
f 2143/7491/2143 2142/1370/2142 2854/1359/2854
f 3867/1360/3867 936/6340/936 250/1361/250
f 936/6340/936 1960/148/1960 250/1361/250
f 250/1361/250 666/7488/666 2854/1359/2854
f 666/7488/666 3186/7490/3186 2854/1359/2854
f 3186/7490/3186 2143/7491/2143 2854/1359/2854
f 3343/1362/3343 1409/5651/1409 1408/1363/1408
f 689/1366/689 4667/1577/4667 179/1367/179
f 179/1367/179 3215/1578/3215 2870/2550/2870
f 2870/2550/2870 531/2552/531 179/1367/179
f 531/2552/531 2281/1365/2281 179/1367/179
f 263/887/263 3586/7492/3586 3981/1368/3981
f 2142/1370/2142 2143/7491/2143 2144/1371/2144
f 2144/1371/2144 3186/7490/3186 1484/7489/1484
f 1484/7489/1484 666/7488/666 1485/7487/1485
f 1485/7487/1485 250/1361/250 3016/4066/3016
f 250/1361/250 811/7486/811 3016/4066/3016
f 811/7486/811 2200/4057/2200 5002/4063/5002
f 5002/4063/5002 1531/4067/1531 811/7486/811
f 1531/4067/1531 3016/4066/3016 811/7486/811
f 3016/4066/3016 411/555/411 15/4072/15
f 15/4072/15 16/4071/16 446/4074/446
f 446/4074/446 589/4073/589 512/4075/512
f 512/4075/512 513/7347/513 511/7346/511
f 511/7346/511 2294/7345/2294 2295/7344/2295
f 2295/7344/2295 3826/7343/3826 619/7342/619
f 619/7342/619 2812/7341/2812 1645/7340/1645
f 1645/7340/1645 2837/7339/2837 3693/7493/3693
f 2837/7339/2837 4465/7338/4465 3693/7493/3693
f 4465/7338/4465 1883/7337/1883 4392/2493/4392
f 4465/7338/4465 4392/2493/4392 364/2491/364
f 4465/7338/4465 364/2491/364 3693/7493/3693
f 3693/7493/3693 3942/2490/3942 2144/1371/2144
f 3942/2490/3942 456/230/456 2600/7494/2600
f 619/7342/619 1645/7340/1645 1484/7489/1484
f 1645/7340/1645 3693/7493/3693 1484/7489/1484
f 3942/2490/3942 2600/7494/2600 2144/1371/2144
f 2144/1371/2144 2600/7494/2600 3408/1372/3408
f 3408/1372/3408 2876/7495/2876 2416/4310/2416
f 2295/7344/2295 619/7342/619 1485/7487/1485
f 1484/7489/1484 3693/7493/3693 2144/1371/2144
f 512/4075/512 511/7346/511 446/4074/446
f 511/7346/511 2295/7344/2295 446/4074/446
f 3016/4066/3016 15/4072/15 1485/7487/1485
f 15/4072/15 446/4074/446 2295/7344/2295
f 1485/7487/1485 15/4072/15 2295/7344/2295
f 3408/1372/3408 2416/4310/2416 2142/1370/2142
f 2416/4310/2416 2415/4309/2415 2142/1370/2142
f 2415/4309/2415 2418/4308/2418 848/4307/848
f 848/4307/848 953/4306/953 3165/7496/3165
f 953/4306/953 954/7497/954 4509/7498/4509
f 3165/7496/3165 953/4306/953 4509/7498/4509
f 954/7497/954 3411/7499/3411 4509/7498/4509
f 4509/7498/4509 2457/7500/2457 3165/7496/3165
f 3165/7496/3165 4365/7501/4365 2702/7502/2702
f 2702/7502/2702 319/7503/319 4031/7504/4031
f 4031/7504/4031 4032/7505/4032 2759/7506/2759
f 2759/7506/2759 4000/7507/4000 4124/6339/4124
f 4000/7507/4000 3184/1034/3184 4124/6339/4124
f 4124/6339/4124 4123/1036/4123 2759/7506/2759
f 4123/1036/4123 849/7485/849 2759/7506/2759
f 4031/7504/4031 2759/7506/2759 849/7485/849
f 849/7485/849 2854/1359/2854 2142/1370/2142
f 2702/7502/2702 4031/7504/4031 849/7485/849
f 2702/7502/2702 849/7485/849 848/4307/848
f 849/7485/849 2142/1370/2142 2415/4309/2415
f 2702/7502/2702 848/4307/848 3165/7496/3165
f 848/4307/848 849/7485/849 2415/4309/2415
f 1484/7489/1484 1485/7487/1485 619/7342/619
f 3895/1375/3895 4949/7508/4949 4950/7509/4950
f 4950/7509/4950 4322/1373/4322 3895/1375/3895
f 3817/1376/3817 3861/7510/3861 3815/1377/3815
f 1607/1379/1607 3911/7511/3911 845/1380/845
f 4289/1382/4289 2725/7512/2725 4288/1383/4288
f 4045/476/4045 1083/1386/1083 1082/474/1082
f 1083/1386/1083 4984/7513/4984 1084/1385/1084
f 4984/7513/4984 3360/7514/3360 1084/1385/1084
f 3876/1387/3876 1457/7515/1457 1829/1192/1829
f 1197/4818/1197 3742/4817/3742 3434/4820/3434
f 3434/4820/3434 2038/4819/2038 2037/4822/2037
f 2037/4822/2037 2039/4821/2039 4060/4823/4060
f 4060/4823/4060 134/4798/134 1581/4824/1581
f 1581/4824/1581 3877/4799/3877 1061/4826/1061
f 1061/4826/1061 2337/4825/2337 3012/4827/3012
f 3012/4827/3012 1613/4802/1613 3217/4828/3217
f 3217/4828/3217 3710/4805/3710 4222/4829/4222
f 857/5210/857 1842/5209/1842 1443/5203/1443
f 3217/4828/3217 4222/4829/4222 857/5210/857
f 1061/4826/1061 3012/4827/3012 3665/5226/3665
f 3012/4827/3012 3217/4828/3217 3665/5226/3665
f 4060/4823/4060 1581/4824/1581 2037/4822/2037
f 1581/4824/1581 1061/4826/1061 3665/5226/3665
f 1581/4824/1581 3665/5226/3665 2627/5225/2627
f 3217/4828/3217 857/5210/857 856/5211/856
f 857/5210/857 1443/5203/1443 856/5211/856
f 856/5211/856 1586/5201/1586 3892/5212/3892
f 3892/5212/3892 345/5191/345 2321/5216/2321
f 2321/5216/2321 1680/5188/1680 1940/5220/1940
f 1680/5188/1680 3498/5217/3498 1940/5220/1940
f 3498/5217/3498 1580/5187/1580 1988/5218/1988
f 1988/5218/1988 1941/5221/1941 3498/5217/3498
f 1941/5221/1941 1940/5220/1940 3498/5217/3498
f 1940/5220/1940 1327/5219/1327 2138/5223/2138
f 1086/5222/1086 1328/5224/1328 3665/5226/3665
f 2627/5225/2627 1169/5227/1169 1308/5229/1308
f 1308/5229/1308 2220/5228/2220 2219/5230/2219
f 2219/5230/2219 26/813/26 2035/5232/2035
f 2035/5232/2035 1222/5231/1222 1044/5234/1044
f 1044/5234/1044 904/5233/904 905/5237/905
f 1043/7157/1043 2688/7159/2688 1562/7158/1562
f 1044/5234/1044 905/5237/905 1043/7157/1043
f 2219/5230/2219 2035/5232/2035 1562/7158/1562
f 2035/5232/2035 1044/5234/1044 1562/7158/1562
f 2627/5225/2627 1308/5229/1308 3091/1391/3091
f 1308/5229/1308 2219/5230/2219 3091/1391/3091
f 3091/1391/3091 2219/5230/2219 1562/7158/1562
f 1044/5234/1044 1043/7157/1043 1562/7158/1562
f 1562/7158/1562 1563/7156/1563 3091/1391/3091
f 3091/1391/3091 1338/7160/1338 1337/7162/1337
f 1337/7162/1337 2562/7161/2562 3374/7164/3374
f 684/7163/684 870/7165/870 2498/7166/2498
f 2498/7166/2498 2497/7150/2497 1360/7148/1360
f 2556/7173/2556 2799/7172/2799 2102/4657/2102
f 2799/7172/2799 1321/7174/1321 2102/4657/2102
f 2498/7166/2498 1360/7148/1360 2556/7173/2556
f 684/7163/684 2498/7166/2498 2556/7173/2556
f 1694/4659/1694 1799/4660/1799 1798/4663/1798
f 1799/4660/1799 1800/630/1800 1798/4663/1798
f 2556/7173/2556 2102/4657/2102 1694/4659/1694
f 3374/7164/3374 684/7163/684 2556/7173/2556
f 1337/7162/1337 3374/7164/3374 711/7516/711
f 3374/7164/3374 2556/7173/2556 711/7516/711
f 711/7516/711 2556/7173/2556 3537/7517/3537
f 2556/7173/2556 1694/4659/1694 3537/7517/3537
f 1798/4663/1798 1930/629/1930 753/4662/753
f 1694/4659/1694 1798/4663/1798 3538/7518/3538
f 3537/7517/3537 1694/4659/1694 3538/7518/3538
f 3091/1391/3091 1337/7162/1337 465/1389/465
f 753/4662/753 3888/4661/3888 3538/7518/3538
f 3888/4661/3888 1814/7519/1814 3538/7518/3538
f 1798/4663/1798 753/4662/753 3538/7518/3538
f 2627/5225/2627 3091/1391/3091 1197/4818/1197
f 3537/7517/3537 2349/7520/2349 711/7516/711
f 3892/5212/3892 2321/5216/2321 2138/5223/2138
f 2138/5223/2138 2321/5216/2321 1940/5220/1940
f 3217/4828/3217 856/5211/856 1086/5222/1086
f 3665/5226/3665 3217/4828/3217 1086/5222/1086
f 856/5211/856 3892/5212/3892 1086/5222/1086
f 3892/5212/3892 2138/5223/2138 1086/5222/1086
f 1581/4824/1581 2627/5225/2627 2037/4822/2037
f 3434/4820/3434 2037/4822/2037 2627/5225/2627
f 1197/4818/1197 3434/4820/3434 2627/5225/2627
f 2928/4816/2928 2994/4797/2994 1197/4818/1197
f 48/4815/48 4164/4814/4164 2928/4816/2928
f 3319/4813/3319 438/4796/438 48/4815/48
f 473/4643/473 472/4641/472 3319/4813/3319
f 797/4644/797 471/4642/471 473/4643/473
f 612/4647/612 798/4645/798 797/4644/797
f 2567/7521/2567 2566/4650/2566 611/4648/611
f 611/4648/611 612/4647/612 797/4644/797
f 797/4644/797 473/4643/473 611/4648/611
f 473/4643/473 3319/4813/3319 611/4648/611
f 611/4648/611 3319/4813/3319 48/4815/48
f 48/4815/48 2928/4816/2928 1197/4818/1197
f 611/4648/611 48/4815/48 237/1390/237
f 2567/7521/2567 611/4648/611 237/1390/237
f 237/1390/237 238/7522/238 2567/7521/2567
f 465/1389/465 464/7523/464 237/1390/237
f 48/4815/48 1197/4818/1197 3091/1391/3091
f 237/1390/237 48/4815/48 3091/1391/3091
f 1337/7162/1337 711/7516/711 465/1389/465
f 846/1392/846 1744/873/1744 845/1393/845
f 2073/1395/2073 2074/6018/2074 4740/1396/4740
f 1460/886/1460 1461/4130/1461 2005/1398/2005
f 2165/1400/2165 2164/7524/2164 163/1401/163
f 2655/336/2655 1353/335/1353 75/1403/75
f 4726/1404/4726 3441/7525/3441 3321/7526/3321
f 3441/7525/3441 4455/7527/4455 3321/7526/3321
f 4455/7527/4455 2924/7528/2924 3321/7526/3321
f 3321/7526/3321 4650/7529/4650 4726/1404/4726
f 4650/7529/4650 3322/1405/3322 4726/1404/4726
f 3322/1405/3322 3527/7530/3527 2319/4696/2319
f 3527/7530/3527 718/6790/718 2319/4696/2319
f 718/6790/718 717/4697/717 2319/4696/2319
f 2319/4696/2319 2111/4694/2111 2112/1406/2112
f 2111/4694/2111 3229/7531/3229 2112/1406/2112
f 3322/1405/3322 2319/4696/2319 2112/1406/2112
f 832/7259/832 3972/5721/3972 3605/1407/3605
f 3972/5721/3972 3962/1408/3962 3605/1407/3605
f 4388/1409/4388 3544/7532/3544 3762/7261/3762
f 3762/7261/3762 1478/7260/1478 4388/1409/4388
f 1478/7260/1478 3605/1407/3605 4388/1409/4388
f 2999/1410/2999 4983/7533/4983 4984/1106/4984
f 1418/6752/1418 4350/6749/4350 2335/6751/2335
f 1156/6750/1156 60/6748/60 1155/6747/1155
f 1027/6753/1027 1418/6752/1418 2335/6751/2335
f 1027/6753/1027 2335/6751/2335 3647/1462/3647
f 2335/6751/2335 1156/6750/1156 1788/1463/1788
f 1717/6756/1717 2072/6755/2072 1203/6757/1203
f 2072/6755/2072 1917/6754/1917 1203/6757/1203
f 1917/6754/1917 1027/6753/1027 1916/6759/1916
f 2335/6751/2335 1788/1463/1788 3647/1462/3647
f 1155/6747/1155 4180/6746/4180 1741/6745/1741
f 4180/6746/4180 243/6744/243 1741/6745/1741
f 1741/6745/1741 3373/4851/3373 1030/4856/1030
f 1030/4856/1030 2089/725/2089 1523/4855/1523
f 1523/4855/1523 4625/1550/4625 1787/1461/1787
f 3647/1462/3647 568/5708/568 1027/6753/1027
f 1523/4855/1523 1787/1461/1787 1788/1463/1788
f 1741/6745/1741 1030/4856/1030 1156/6750/1156
f 1030/4856/1030 1523/4855/1523 1788/1463/1788
f 1156/6750/1156 1030/4856/1030 1788/1463/1788
f 1156/6750/1156 1155/6747/1155 1741/6745/1741
f 2692/6758/2692 1203/6757/1203 1916/6759/1916
f 1203/6757/1203 1917/6754/1917 1916/6759/1916
f 1916/6759/1916 1063/7534/1063 858/6762/858
f 858/6762/858 324/6761/324 1916/6759/1916
f 1280/6764/1280 1279/6760/1279 859/6763/859
f 1916/6759/1916 1027/6753/1027 1063/7534/1063
f 1027/6753/1027 568/5708/568 3250/7535/3250
f 859/6763/859 858/6762/858 1549/7536/1549
f 1027/6753/1027 3250/7535/3250 1063/7534/1063
f 437/903/437 436/902/436 3250/7535/3250
f 436/902/436 4564/7194/4564 3249/7537/3249
f 3250/7535/3250 436/902/436 3249/7537/3249
f 568/5708/568 437/903/437 3250/7535/3250
f 2222/6766/2222 3284/6765/3284 3175/6767/3175
f 3284/6765/3284 1280/6764/1280 3175/6767/3175
f 1280/6764/1280 859/6763/859 3175/6767/3175
f 1201/1412/1201 2480/6768/2480 3175/6767/3175
f 1063/7534/1063 3326/7538/3326 2822/7539/2822
f 1063/7534/1063 2822/7539/2822 3176/7540/3176
f 858/6762/858 1063/7534/1063 3176/7540/3176
f 1201/1412/1201 3175/6767/3175 859/6763/859
f 1975/6770/1975 1976/6769/1976 1201/1412/1201
f 434/6772/434 2259/6771/2259 1975/6770/1975
f 3039/4580/3039 4331/4581/4331 2784/4582/2784
f 4331/4581/4331 434/6772/434 2784/4582/2784
f 434/6772/434 1975/6770/1975 1201/1412/1201
f 1201/1412/1201 859/6763/859 4249/1413/4249
f 858/6762/858 3176/7540/3176 1549/7536/1549
f 3176/7540/3176 3926/7541/3926 1549/7536/1549
f 2784/4582/2784 434/6772/434 4080/7542/4080
f 434/6772/434 1201/1412/1201 3917/1414/3917
f 4080/7542/4080 434/6772/434 3917/1414/3917
f 3640/4586/3640 3038/4585/3038 4282/7543/4282
f 3038/4585/3038 3037/4583/3037 4282/7543/4282
f 3037/4583/3037 2784/4582/2784 4080/7542/4080
f 859/6763/859 1549/7536/1549 1469/7544/1469
f 1549/7536/1549 3244/7545/3244 1469/7544/1469
f 1469/7544/1469 370/7546/370 4249/1413/4249
f 3917/1414/3917 1875/7547/1875 4080/7542/4080
f 4080/7542/4080 623/7548/623 4282/7543/4282
f 859/6763/859 1469/7544/1469 4249/1413/4249
f 4282/7543/4282 3037/4583/3037 4080/7542/4080
f 1090/1417/1090 4256/7549/4256 4135/1415/4135
f 4256/7549/4256 1556/7550/1556 4135/1415/4135
f 1556/7550/1556 4557/2641/4557 4135/1415/4135
f 4135/1415/4135 4136/2640/4136 4924/1416/4924
f 413/4142/413 1471/4144/1471 1231/4149/1231
f 3293/4148/3293 1470/4150/1470 3058/4159/3058
f 3293/4148/3293 3058/4159/3058 1973/4163/1973
f 2863/1420/2863 3230/4161/3230 2167/4166/2167
f 3293/4148/3293 1973/4163/1973 1231/4149/1231
f 1973/4163/1973 2863/1420/2863 1231/4149/1231
f 2863/1420/2863 2167/4166/2167 3672/7551/3672
f 2167/4166/2167 978/4165/978 2279/7552/2279
f 978/4165/978 3117/4167/3117 829/4170/829
f 3117/4167/3117 252/4171/252 829/4170/829
f 829/4170/829 3457/4169/3457 830/7553/830
f 413/4142/413 1231/4149/1231 2863/1420/2863
f 978/4165/978 829/4170/829 830/7553/830
f 1335/4143/1335 413/4142/413 2174/4795/2174
f 413/4142/413 2863/1420/2863 2174/4795/2174
f 978/4165/978 830/7553/830 1080/7554/1080
f 830/7553/830 3458/7555/3458 1080/7554/1080
f 3458/7555/3458 883/4173/883 2423/7556/2423
f 883/4173/883 552/4175/552 2423/7556/2423
f 552/4175/552 4129/4174/4129 2423/7556/2423
f 4129/4174/4129 4128/7557/4128 2423/7556/2423
f 4502/7558/4502 590/4781/590 1080/7554/1080
f 590/4781/590 1114/4780/1114 1080/7554/1080
f 3458/7555/3458 2423/7556/2423 4502/7558/4502
f 3458/7555/3458 4502/7558/4502 1080/7554/1080
f 1114/4780/1114 1081/7559/1081 1080/7554/1080
f 2167/4166/2167 2279/7552/2279 3672/7551/3672
f 1157/4140/1157 1274/4145/1274 1336/4141/1336
f 1274/4145/1274 1335/4143/1335 1336/4141/1336
f 978/4165/978 1080/7554/1080 2279/7552/2279
f 1336/4141/1336 1335/4143/1335 2174/4795/2174
f 2421/4136/2421 2115/4137/2115 1336/4141/1336
f 3649/7560/3649 1963/4793/1963 4219/7561/4219
f 1963/4793/1963 2174/4795/2174 4219/7561/4219
f 2174/4795/2174 2421/4136/2421 1336/4141/1336
f 2279/7552/2279 1713/7562/1713 1232/7563/1232
f 4731/1419/4731 1423/7564/1423 4219/7561/4219
f 4268/1418/4268 2686/7565/2686 4731/1419/4731
f 1442/7566/1442 1441/7567/1441 4859/7568/4859
f 4952/7569/4952 1442/7566/1442 4859/7568/4859
f 2963/7570/2963 3143/7571/3143 4952/7569/4952
f 2941/7572/2941 3029/7573/3029 3672/7551/3672
f 3029/7573/3029 1759/7574/1759 3672/7551/3672
f 1232/7563/1232 4102/7575/4102 3672/7551/3672
f 2279/7552/2279 1232/7563/1232 3672/7551/3672
f 4219/7561/4219 2174/4795/2174 4731/1419/4731
f 2174/4795/2174 2863/1420/2863 4731/1419/4731
f 3672/7551/3672 1759/7574/1759 2863/1420/2863
f 1759/7574/1759 2963/7570/2963 2863/1420/2863
f 4952/7569/4952 4859/7568/4859 4268/1418/4268
f 2963/7570/2963 4952/7569/4952 2863/1420/2863
f 4952/7569/4952 4268/1418/4268 2863/1420/2863
f 53/7576/53 4719/7577/4719 4958/1422/4958
f 4958/1422/4958 3827/7578/3827 3242/1423/3242
f 3242/1423/3242 3557/7579/3557 3327/7580/3327
f 3327/7580/3327 2070/7581/2070 1342/3981/1342
f 2070/7581/2070 4824/7582/4824 1342/3981/1342
f 4824/7582/4824 3469/7583/3469 2436/3988/2436
f 2436/3988/2436 4499/3980/4499 4824/7582/4824
f 4499/3980/4499 1342/3981/1342 4824/7582/4824
f 1342/3981/1342 1937/3978/1937 1936/3979/1936
f 1936/3979/1936 1234/3977/1234 3535/1421/3535
f 3535/1421/3535 2206/3911/2206 105/3972/105
f 105/3972/105 2715/3976/2715 53/7576/53
f 2715/3976/2715 4091/7584/4091 53/7576/53
f 1342/3981/1342 1936/3979/1936 3327/7580/3327
f 1936/3979/1936 3535/1421/3535 3327/7580/3327
f 3535/1421/3535 105/3972/105 4958/1422/4958
f 105/3972/105 53/7576/53 4958/1422/4958
f 3242/1423/3242 3327/7580/3327 3535/1421/3535
f 135/7585/135 4375/7586/4375 4638/7587/4638
f 4638/7587/4638 463/7588/463 462/7589/462
f 462/7589/462 461/7590/461 4247/7591/4247
f 4247/7591/4247 2150/7592/2150 2151/7593/2151
f 2151/7593/2151 246/7594/246 4603/7595/4603
f 4603/7595/4603 2868/7596/2868 2867/7597/2867
f 4634/7598/4634 4066/7599/4066 2549/7600/2549
f 2151/7593/2151 4603/7595/4603 2010/3372/2010
f 4603/7595/4603 2867/7597/2867 1971/5696/1971
f 4638/7587/4638 462/7589/462 572/3373/572
f 462/7589/462 4247/7591/4247 572/3373/572
f 1174/7601/1174 2816/7602/2816 135/7585/135
f 135/7585/135 4638/7587/4638 572/3373/572
f 4247/7591/4247 2151/7593/2151 2010/3372/2010
f 572/3373/572 4247/7591/4247 2010/3372/2010
f 3174/7603/3174 1891/7604/1891 3573/7605/3573
f 1891/7604/1891 1174/7601/1174 3573/7605/3573
f 4603/7595/4603 1971/5696/1971 2010/3372/2010
f 135/7585/135 572/3373/572 249/7606/249
f 4292/7607/4292 3573/7605/3573 4290/7608/4290
f 3573/7605/3573 1174/7601/1174 4290/7608/4290
f 4290/7608/4290 4291/7609/4291 4292/7607/4292
f 4836/7610/4836 3637/7611/3637 4149/7612/4149
f 4398/7613/4398 4836/7610/4836 4149/7612/4149
f 4149/7612/4149 4290/7608/4290 1174/7601/1174
f 4149/7612/4149 1174/7601/1174 4398/7613/4398
f 1174/7601/1174 135/7585/135 4398/7613/4398
f 249/7606/249 3865/7614/3865 4398/7613/4398
f 4398/7613/4398 135/7585/135 249/7606/249
f 2867/7597/2867 4634/7598/4634 2737/5697/2737
f 1971/5696/1971 2867/7597/2867 2737/5697/2737
f 2549/7600/2549 82/7615/82 4382/7616/4382
f 82/7615/82 2906/7617/2906 4382/7616/4382
f 2549/7600/2549 4382/7616/4382 3531/7618/3531
f 3531/7618/3531 1382/7619/1382 842/7620/842
f 842/7620/842 841/7621/841 4095/7622/4095
f 4095/7622/4095 4690/7623/4690 2980/7624/2980
f 2980/7624/2980 896/7625/896 4687/7626/4687
f 4687/7626/4687 4272/7627/4272 4776/7628/4776
f 4776/7628/4776 3571/7629/3571 3997/7630/3997
f 3997/7630/3997 297/7631/297 330/7632/330
f 330/7632/330 3620/7633/3620 329/7634/329
f 329/7634/329 4928/7635/4928 692/7636/692
f 692/7636/692 4522/7637/4522 4403/7638/4403
f 4403/7638/4403 4131/7639/4131 2934/5685/2934
f 4131/7639/4131 3482/7640/3482 2934/5685/2934
f 3084/7641/3084 3085/7642/3085 4103/69/4103
f 3482/7640/3482 3084/7641/3084 1217/5681/1217
f 3084/7641/3084 4103/69/4103 248/2009/248
f 248/2009/248 247/68/247 1217/5681/1217
f 3084/7641/3084 248/2009/248 1217/5681/1217
f 1217/5681/1217 2284/5682/2284 3482/7640/3482
f 2284/5682/2284 1025/5683/1025 2934/5685/2934
f 2934/5685/2934 3749/5684/3749 2435/5687/2435
f 2284/5682/2284 2934/5685/2934 3482/7640/3482
f 2435/5687/2435 2180/5686/2180 3251/5689/3251
f 2934/5685/2934 2435/5687/2435 4403/7638/4403
f 4403/7638/4403 2435/5687/2435 3251/5689/3251
f 330/7632/330 329/7634/329 4776/7628/4776
f 329/7634/329 692/7636/692 1230/5688/1230
f 4776/7628/4776 329/7634/329 4687/7626/4687
f 692/7636/692 4403/7638/4403 3251/5689/3251
f 1230/5688/1230 1229/5690/1229 1128/5692/1128
f 692/7636/692 3251/5689/3251 1230/5688/1230
f 3997/7630/3997 330/7632/330 4776/7628/4776
f 329/7634/329 1230/5688/1230 4687/7626/4687
f 4095/7622/4095 2980/7624/2980 1230/5688/1230
f 2980/7624/2980 4687/7626/4687 1230/5688/1230
f 1128/5692/1128 763/5691/763 1686/5694/1686
f 1230/5688/1230 1128/5692/1128 4095/7622/4095
f 842/7620/842 4095/7622/4095 1686/5694/1686
f 2549/7600/2549 3531/7618/3531 2738/5695/2738
f 3531/7618/3531 842/7620/842 1686/5694/1686
f 4634/7598/4634 2549/7600/2549 2737/5697/2737
f 3531/7618/3531 1686/5694/1686 2462/5693/2462
f 2549/7600/2549 2738/5695/2738 2737/5697/2737
f 4095/7622/4095 1128/5692/1128 1686/5694/1686
f 2462/5693/2462 2738/5695/2738 3531/7618/3531
f 1971/5696/1971 3918/890/3918 2010/3372/2010
f 1135/7643/1135 1136/7644/1136 2505/1424/2505
f 4515/3378/4515 922/7645/922 4317/3377/4317
f 922/7645/922 1135/7643/1135 2261/3375/2261
f 4317/3377/4317 922/7645/922 2261/3375/2261
f 4317/3377/4317 2090/3376/2090 4515/3378/4515
f 2261/3375/2261 385/3374/385 4317/3377/4317
f 572/3373/572 571/369/571 2570/1425/2570
f 571/369/571 2260/368/2260 2570/1425/2570
f 2010/3372/2010 2614/3371/2614 572/3373/572
f 1135/7643/1135 2505/1424/2505 2261/3375/2261
f 2570/1425/2570 249/7606/249 572/3373/572
f 2260/368/2260 2261/3375/2261 2505/1424/2505
f 4729/3089/4729 4376/7646/4376 1588/1426/1588
f 1588/1426/1588 4021/6859/4021 1587/1155/1587
f 3446/1427/3446 3721/3080/3721 4968/1428/4968
f 1588/1426/1588 1587/1155/1587 3446/1427/3446
f 4968/1428/4968 4729/3089/4729 1588/1426/1588
f 3951/1430/3951 3950/2312/3950 968/2310/968
f 968/2310/968 2413/7647/2413 3951/1430/3951
f 2413/7647/2413 2414/1431/2414 3951/1430/3951
f 2414/1431/2414 4732/7648/4732 3952/1429/3952
f 4732/7648/4732 2681/7649/2681 3952/1429/3952
f 2681/7649/2681 3955/2305/3955 3952/1429/3952
f 3955/2305/3955 3949/2304/3949 3952/1429/3952
f 3425/1438/3425 2487/5918/2487 3819/1439/3819
f 2876/1441/2876 4152/7447/4152 2417/1442/2417
f 1384/1281/1384 4295/1989/4295 1088/48/1088
f 3260/1444/3260 3796/7258/3796 1384/1281/1384
f 3442/207/3442 3229/1447/3229 740/1446/740
f 3229/1447/3229 2111/7650/2111 188/1445/188
f 2111/7650/2111 4616/7651/4616 5021/7652/5021
f 4616/7651/4616 3846/7653/3846 5021/7652/5021
f 3846/7653/3846 4826/7654/4826 5021/7652/5021
f 5021/7652/5021 4777/7655/4777 188/1445/188
f 740/1446/740 3197/7656/3197 3442/207/3442
f 3197/7656/3197 3468/7657/3468 3442/207/3442
f 5021/7652/5021 188/1445/188 2111/7650/2111
f 3468/7657/3468 1187/652/1187 4407/654/4407
f 3442/207/3442 3468/7657/3468 4407/654/4407
f 66/7658/66 3158/7659/3158 3159/3349/3159
f 3159/3349/3159 1480/366/1480 66/7658/66
f 1480/366/1480 1481/1451/1481 66/7658/66
f 1481/1451/1481 4547/3348/4547 2453/7660/2453
f 4547/3348/4547 2507/7661/2507 2453/7660/2453
f 2453/7660/2453 2454/7662/2454 2455/1452/2455
f 1100/7663/1100 4682/7664/4682 66/7658/66
f 4919/1453/4919 4399/7665/4399 1100/7663/1100
f 712/7666/712 713/7667/713 4919/1453/4919
f 3591/7668/3591 2340/7669/2340 3592/7670/3592
f 2340/7669/2340 712/7666/712 3592/7670/3592
f 286/7671/286 2601/7672/2601 3592/7670/3592
f 4919/1453/4919 1100/7663/1100 1481/1451/1481
f 1100/7663/1100 66/7658/66 1481/1451/1481
f 3592/7670/3592 712/7666/712 4919/1453/4919
f 2455/1452/2455 285/7673/285 286/7671/286
f 286/7671/286 3592/7670/3592 4919/1453/4919
f 1481/1451/1481 2453/7660/2453 2455/1452/2455
f 2455/1452/2455 286/7671/286 4919/1453/4919
f 2286/4202/2286 3743/7674/3743 4319/1454/4319
f 4319/1454/4319 4772/7675/4772 4527/1455/4527
f 4527/1455/4527 2058/4241/2058 2477/4244/2477
f 2477/4244/2477 1958/4247/1958 4527/1455/4527
f 1958/4247/1958 358/1456/358 4527/1455/4527
f 358/1456/358 2286/4202/2286 4319/1454/4319
f 2224/487/2224 3896/770/3896 4084/1457/4084
f 3652/1053/3652 2883/1052/2883 2170/5384/2170
f 2170/5384/2170 1173/833/1173 1428/5383/1428
f 1428/5383/1428 402/832/402 401/5382/401
f 401/5382/401 2886/7676/2886 1428/5383/1428
f 2886/7676/2886 4231/7677/4231 1428/5383/1428
f 4391/7678/4391 2991/7679/2991 1496/1459/1496
f 1428/5383/1428 4231/7677/4231 2170/5384/2170
f 4231/7677/4231 4391/7678/4391 2170/5384/2170
f 3652/1053/3652 2170/5384/2170 4391/7678/4391
f 3839/540/3839 4309/1051/4309 3652/1053/3652
f 4966/836/4966 3426/541/3426 3839/540/3839
f 387/7680/387 3940/837/3940 4966/836/4966
f 1864/7681/1864 1865/7682/1865 387/7680/387
f 653/729/653 4064/7683/4064 654/7684/654
f 4064/7683/4064 4235/7685/4235 654/7684/654
f 4235/7685/4235 1864/7681/1864 387/7680/387
f 387/7680/387 4966/836/4966 3839/540/3839
f 387/7680/387 3839/540/3839 654/7684/654
f 3839/540/3839 3652/1053/3652 323/7686/323
f 654/7684/654 3839/540/3839 323/7686/323
f 4235/7685/4235 387/7680/387 654/7684/654
f 3652/1053/3652 4391/7678/4391 323/7686/323
f 4391/7678/4391 1496/1459/1496 2992/730/2992
f 1496/1459/1496 3729/7687/3729 2244/7688/2244
f 2244/7688/2244 2107/7689/2107 4934/7690/4934
f 4934/7690/4934 3311/7691/3311 4063/7692/4063
f 4934/7690/4934 4063/7692/4063 4529/728/4529
f 1496/1459/1496 2244/7688/2244 4529/728/4529
f 2244/7688/2244 4934/7690/4934 4529/728/4529
f 2992/730/2992 323/7686/323 4391/7678/4391
f 2185/307/2185 334/7693/334 333/1460/333
f 1787/1461/1787 2341/7694/2341 3647/1462/3647
f 1848/1467/1848 5013/2083/5013 4532/103/4532
f 4669/7695/4669 699/7696/699 4349/7697/4349
f 699/7696/699 3845/6188/3845 3760/6187/3760
f 3760/6187/3760 3761/6186/3761 715/6185/715
f 699/7696/699 3760/6187/3760 4349/7697/4349
f 3902/7698/3902 2489/7699/2489 4349/7697/4349
f 715/6185/715 1175/6184/1175 2810/6183/2810
f 4349/7697/4349 3760/6187/3760 3902/7698/3902
f 3760/6187/3760 715/6185/715 3902/7698/3902
f 4220/1469/4220 852/7700/852 3902/7698/3902
f 2810/6183/2810 1024/6182/1024 2500/986/2500
f 3902/7698/3902 715/6185/715 2810/6183/2810
f 3911/7701/3911 555/7702/555 846/1468/846
f 555/7702/555 4220/1469/4220 846/1468/846
f 4220/1469/4220 3902/7698/3902 2501/6181/2501
f 3902/7698/3902 2810/6183/2810 2501/6181/2501
f 2810/6183/2810 2500/986/2500 2501/6181/2501
f 2501/6181/2501 130/985/130 1054/1470/1054
f 1054/1470/1054 1053/6180/1053 1744/7703/1744
f 1054/1470/1054 1744/7703/1744 846/1468/846
f 2501/6181/2501 1054/1470/1054 4220/1469/4220
f 4478/7704/4478 3318/7705/3318 4457/7706/4457
f 3318/7705/3318 4458/7707/4458 4457/7706/4457
f 4457/7706/4457 1866/7708/1866 4809/7709/4809
f 1866/7708/1866 3463/7710/3463 4809/7709/4809
f 2768/7711/2768 673/7712/673 4478/7704/4478
f 652/7713/652 2359/7714/2359 2768/7711/2768
f 823/7715/823 2643/7716/2643 652/7713/652
f 3479/7717/3479 2277/7718/2277 823/7715/823
f 4905/7719/4905 2249/7720/2249 3479/7717/3479
f 3954/7721/3954 2708/7722/2708 4905/7719/4905
f 2589/4485/2589 3074/4483/3074 3954/7721/3954
f 3363/4486/3363 3708/4484/3708 2262/4487/2262
f 3708/4484/3708 2589/4485/2589 2262/4487/2262
f 1317/4489/1317 561/4488/561 2262/4487/2262
f 3954/7721/3954 4905/7719/4905 3479/7717/3479
f 2262/4487/2262 2589/4485/2589 3954/7721/3954
f 1317/4489/1317 2262/4487/2262 3479/7717/3479
f 2262/4487/2262 3954/7721/3954 3479/7717/3479
f 3479/7717/3479 823/7715/823 960/7723/960
f 1317/4489/1317 3479/7717/3479 508/4490/508
f 652/7713/652 2768/7711/2768 4478/7704/4478
f 960/7723/960 2519/5295/2519 959/7724/959
f 823/7715/823 652/7713/652 2519/5295/2519
f 652/7713/652 4478/7704/4478 2519/5295/2519
f 4478/7704/4478 4457/7706/4457 2519/5295/2519
f 4457/7706/4457 4809/7709/4809 2519/5295/2519
f 2519/5295/2519 960/7723/960 823/7715/823
f 2557/4492/2557 507/4491/507 508/4490/508
f 2110/4494/2110 1035/4493/1035 2557/4492/2557
f 2557/4492/2557 508/4490/508 960/7723/960
f 508/4490/508 3479/7717/3479 960/7723/960
f 714/7725/714 1922/7726/1922 3900/7727/3900
f 4809/7709/4809 714/7725/714 3900/7727/3900
f 2519/5295/2519 4809/7709/4809 3900/7727/3900
f 710/4498/710 2109/4495/2109 2110/4494/2110
f 2110/4494/2110 2557/4492/2557 136/4502/136
f 3900/7727/3900 3901/7728/3901 4558/7729/4558
f 136/4502/136 709/4499/709 710/4498/710
f 710/4498/710 2110/4494/2110 136/4502/136
f 3900/7727/3900 4558/7729/4558 1775/7730/1775
f 4558/7729/4558 4843/7731/4843 3412/7732/3412
f 3412/7732/3412 4898/7733/4898 4749/7734/4749
f 4558/7729/4558 3412/7732/3412 1775/7730/1775
f 1775/7730/1775 3412/7732/3412 4749/7734/4749
f 1145/4503/1145 447/4465/447 136/4502/136
f 3045/4505/3045 1144/4504/1144 1145/4503/1145
f 3607/4506/3607 4273/4467/4273 3045/4505/3045
f 3169/4507/3169 3431/605/3431 3607/4506/3607
f 365/4508/365 2753/606/2753 3169/4507/3169
f 1014/4501/1014 3377/4500/3377 365/4508/365
f 322/4497/322 1013/4417/1013 1014/4501/1014
f 2762/4496/2762 1815/4421/1815 322/4497/322
f 2760/4449/2760 2761/4408/2761 2762/4496/2762
f 2573/4418/2573 2572/4416/2572 2760/4449/2760
f 296/4415/296 210/4399/210 2573/4418/2573
f 3556/4414/3556 3655/4403/3655 296/4415/296
f 4191/4413/4191 650/4402/650 3556/4414/3556
f 2874/4412/2874 3419/4400/3419 4191/4413/4191
f 1761/7362/1761 1760/4411/1760 1468/7363/1468
f 1760/4411/1760 2874/4412/2874 1468/7363/1468
f 1871/7361/1871 2368/7358/2368 1468/7363/1468
f 2874/4412/2874 4191/4413/4191 2875/7735/2875
f 4191/4413/4191 3556/4414/3556 3868/731/3868
f 2875/7735/2875 4191/4413/4191 3868/731/3868
f 3556/4414/3556 296/4415/296 3868/731/3868
f 296/4415/296 2573/4418/2573 3868/731/3868
f 2760/4449/2760 2762/4496/2762 1074/732/1074
f 2762/4496/2762 322/4497/322 1074/732/1074
f 322/4497/322 1014/4501/1014 1074/732/1074
f 2573/4418/2573 2760/4449/2760 1074/732/1074
f 1871/7361/1871 1468/7363/1468 2874/4412/2874
f 2875/7735/2875 1872/7736/1872 1871/7361/1871
f 1074/732/1074 3868/731/3868 2573/4418/2573
f 2027/4862/2027 1685/4861/1685 1074/732/1074
f 1631/4864/1631 2213/4863/2213 2027/4862/2027
f 2441/1641/2441 1796/12/1796 1631/4864/1631
f 3232/5054/3232 543/783/543 542/5053/542
f 542/5053/542 2441/1641/2441 1631/4864/1631
f 1631/4864/1631 2027/4862/2027 3169/4507/3169
f 2027/4862/2027 1074/732/1074 3169/4507/3169
f 1631/4864/1631 3169/4507/3169 3607/4506/3607
f 2875/7735/2875 1871/7361/1871 2874/4412/2874
f 542/5053/542 1631/4864/1631 1145/4503/1145
f 1145/4503/1145 1631/4864/1631 3607/4506/3607
f 3232/5054/3232 542/5053/542 3126/7737/3126
f 36/1622/36 3735/784/3735 35/1623/35
f 3735/784/3735 3232/5054/3232 35/1623/35
f 1483/1626/1483 3490/1625/3490 35/1623/35
f 35/1623/35 3232/5054/3232 3126/7737/3126
f 542/5053/542 1145/4503/1145 2557/4492/2557
f 3126/7737/3126 542/5053/542 2557/4492/2557
f 3126/7737/3126 1749/1628/1749 1483/1626/1483
f 1483/1626/1483 35/1623/35 3126/7737/3126
f 1074/732/1074 1014/4501/1014 365/4508/365
f 3607/4506/3607 3045/4505/3045 1145/4503/1145
f 1074/732/1074 365/4508/365 3169/4507/3169
f 2871/7738/2871 3125/7739/3125 3126/7737/3126
f 960/7723/960 295/7740/295 2871/7738/2871
f 2044/7741/2044 342/7742/342 959/7724/959
f 960/7723/960 2871/7738/2871 2557/4492/2557
f 2871/7738/2871 3126/7737/3126 2557/4492/2557
f 1145/4503/1145 136/4502/136 2557/4492/2557
f 2519/5295/2519 3900/7727/3900 532/7743/532
f 4749/7734/4749 54/7744/54 1775/7730/1775
f 2236/7745/2236 2003/7746/2003 2044/7741/2044
f 2236/7745/2236 2044/7741/2044 2519/5295/2519
f 2044/7741/2044 959/7724/959 2519/5295/2519
f 1566/7747/1566 487/7748/487 2236/7745/2236
f 900/7749/900 1624/7750/1624 1566/7747/1566
f 1993/7751/1993 1359/7752/1359 900/7749/900
f 2818/7753/2818 1709/7754/1709 1993/7751/1993
f 2518/7755/2518 2945/7756/2945 3443/7757/3443
f 1959/7138/1959 3864/7758/3864 2518/7755/2518
f 2301/7140/2301 1438/7139/1438 1959/7138/1959
f 1345/7144/1345 4125/7141/4125 2376/7142/2376
f 2301/7140/2301 1959/7138/1959 2518/7755/2518
f 2376/7142/2376 2301/7140/2301 2375/820/2375
f 2301/7140/2301 2518/7755/2518 3443/7757/3443
f 2301/7140/2301 3443/7757/3443 816/5277/816
f 2375/820/2375 2301/7140/2301 816/5277/816
f 314/7146/314 903/7145/903 1345/7144/1345
f 3443/7757/3443 2818/7753/2818 816/5277/816
f 314/7146/314 1345/7144/1345 2375/820/2375
f 1345/7144/1345 2376/7142/2376 2375/820/2375
f 2504/5273/2504 315/7147/315 314/7146/314
f 2375/820/2375 2504/5273/2504 314/7146/314
f 1993/7751/1993 900/7749/900 3183/5279/3183
f 900/7749/900 1566/7747/1566 3183/5279/3183
f 4232/5301/4232 3183/5279/3183 2236/7745/2236
f 3183/5279/3183 816/5277/816 1993/7751/1993
f 816/5277/816 2818/7753/2818 1993/7751/1993
f 2519/5295/2519 4232/5301/4232 2236/7745/2236
f 4918/1478/4918 4917/5296/4917 261/1476/261
f 4917/5296/4917 2519/5295/2519 532/7743/532
f 3540/7759/3540 4917/5296/4917 532/7743/532
f 3452/7760/3452 3451/7761/3451 4918/1478/4918
f 2551/7762/2551 3385/7763/3385 2550/7764/2550
f 3385/7763/3385 3452/7760/3452 2550/7764/2550
f 2550/7764/2550 3452/7760/3452 4918/1478/4918
f 4666/7765/4666 4303/7766/4303 3002/7767/3002
f 3002/7767/3002 2550/7764/2550 4918/1478/4918
f 3183/5279/3183 1566/7747/1566 2236/7745/2236
f 3002/7767/3002 4918/1478/4918 2377/7768/2377
f 4917/5296/4917 3540/7759/3540 261/1476/261
f 1837/7769/1837 4918/1478/4918 2739/1477/2739
f 4036/7770/4036 3633/7771/3633 4666/7765/4666
f 4036/7770/4036 4666/7765/4666 3002/7767/3002
f 3023/7772/3023 806/7773/806 4036/7770/4036
f 4165/7774/4165 3701/7775/3701 3023/7772/3023
f 1822/7776/1822 1821/7777/1821 4165/7774/4165
f 4931/7778/4931 609/7779/609 1822/7776/1822
f 614/7780/614 615/7781/615 4931/7778/4931
f 281/7782/281 2805/7783/2805 390/7784/390
f 2805/7783/2805 614/7780/614 390/7784/390
f 4931/7778/4931 1822/7776/1822 4165/7774/4165
f 390/7784/390 614/7780/614 4931/7778/4931
f 4483/7785/4483 390/7784/390 4931/7778/4931
f 4931/7778/4931 4165/7774/4165 2118/7786/2118
f 4165/7774/4165 3023/7772/3023 2118/7786/2118
f 3023/7772/3023 4036/7770/4036 2118/7786/2118
f 4483/7785/4483 4931/7778/4931 3331/7787/3331
f 3331/7787/3331 4931/7778/4931 2118/7786/2118
f 3991/7788/3991 282/7789/282 1873/7790/1873
f 4857/5258/4857 995/5257/995 996/7791/996
f 996/7791/996 3991/7788/3991 1873/7790/1873
f 996/7791/996 1873/7790/1873 4483/7785/4483
f 3105/5256/3105 4857/5258/4857 661/5255/661
f 4857/5258/4857 996/7791/996 661/5255/661
f 4051/2/4051 981/1600/981 4663/1605/4663
f 981/1600/981 661/5255/661 4663/1605/4663
f 661/5255/661 996/7791/996 4483/7785/4483
f 3471/1944/3471 4791/3/4791 4663/1605/4663
f 1704/1946/1704 1703/1945/1703 3471/1944/3471
f 30/7792/30 891/7793/891 1704/1946/1704
f 3331/7787/3331 4951/7794/4951 30/7792/30
f 2118/7786/2118 2119/7795/2119 3331/7787/3331
f 2954/7796/2954 1609/7797/1609 2118/7786/2118
f 1206/7798/1206 1207/7799/1207 2954/7796/2954
f 3131/7800/3131 3071/7801/3071 109/7802/109
f 3071/7801/3071 1206/7798/1206 109/7802/109
f 793/7803/793 1850/7804/1850 109/7802/109
f 2954/7796/2954 2118/7786/2118 4036/7770/4036
f 109/7802/109 1206/7798/1206 793/7803/793
f 1206/7798/1206 2954/7796/2954 793/7803/793
f 3331/7787/3331 30/7792/30 661/5255/661
f 2954/7796/2954 4036/7770/4036 2377/7768/2377
f 30/7792/30 1704/1946/1704 3471/1944/3471
f 3471/1944/3471 4663/1605/4663 30/7792/30
f 4663/1605/4663 661/5255/661 30/7792/30
f 661/5255/661 4483/7785/4483 3331/7787/3331
f 4036/7770/4036 3002/7767/3002 2377/7768/2377
f 793/7803/793 2954/7796/2954 2377/7768/2377
f 1837/7769/1837 1836/7805/1836 2377/7768/2377
f 4918/1478/4918 1837/7769/1837 2377/7768/2377
f 2739/1477/2739 2658/7806/2658 1837/7769/1837
f 261/1476/261 2323/7807/2323 2739/1477/2739
f 3832/7808/3832 1589/7809/1589 261/1476/261
f 3540/7759/3540 3833/7810/3833 3832/7808/3832
f 532/7743/532 582/7811/582 3540/7759/3540
f 1596/7812/1596 4386/7813/4386 532/7743/532
f 1775/7730/1775 112/7814/112 1596/7812/1596
f 3900/7727/3900 1775/7730/1775 1596/7812/1596
f 3900/7727/3900 1596/7812/1596 532/7743/532
f 3540/7759/3540 3832/7808/3832 261/1476/261
f 3236/7815/3236 2002/4317/2002 1846/1483/1846
f 2002/4317/2002 1853/4316/1853 1846/1483/1846
f 1853/4316/1853 3542/4315/3542 389/7816/389
f 3542/4315/3542 2239/7817/2239 389/7816/389
f 2239/7817/2239 2630/4322/2630 3689/7818/3689
f 2630/4322/2630 646/7819/646 3689/7818/3689
f 646/7819/646 645/7820/645 3689/7818/3689
f 3689/7818/3689 3690/7821/3690 2239/7817/2239
f 3690/7821/3690 389/7816/389 2239/7817/2239
f 4417/1484/4417 3460/7822/3460 4277/1482/4277
f 3460/7822/3460 5009/7823/5009 4277/1482/4277
f 389/7816/389 4417/1484/4417 1853/4316/1853
f 2342/7824/2342 1846/1483/1846 3068/7825/3068
f 1846/1483/1846 1853/4316/1853 4417/1484/4417
f 3068/7825/3068 1846/1483/1846 4277/1482/4277
f 4705/7826/4705 4704/7827/4704 4277/1482/4277
f 4704/7827/4704 3068/7825/3068 4277/1482/4277
f 2055/430/2055 634/5190/634 635/1491/635
f 3021/1498/3021 226/4454/226 227/4453/227
f 227/4453/227 2639/1496/2639 3021/1498/3021
f 983/5606/983 3825/1501/3825 2534/1500/2534
f 3825/1501/3825 3352/7828/3352 3748/5590/3748
f 410/1499/410 3825/1501/3825 2097/5592/2097
f 3352/7828/3352 2530/7829/2530 4648/7830/4648
f 4648/7830/4648 4646/7831/4646 1792/7093/1792
f 4646/7831/4646 2951/6297/2951 1792/7093/1792
f 2951/6297/2951 3127/6295/3127 1792/7093/1792
f 1792/7093/1792 1793/7092/1793 1794/7091/1794
f 1794/7091/1794 2846/7089/2846 1550/7090/1550
f 1550/7090/1550 4710/5588/4710 3748/5590/3748
f 3748/5590/3748 3267/5589/3267 2097/5592/2097
f 2097/5592/2097 3268/5591/3268 410/1499/410
f 410/1499/410 3504/5593/3504 2534/1500/2534
f 2534/1500/2534 2411/5594/2411 983/5606/983
f 2411/5594/2411 2412/2077/2412 983/5606/983
f 2412/2077/2412 316/2076/316 983/5606/983
f 3352/7828/3352 4648/7830/4648 1550/7090/1550
f 1794/7091/1794 4648/7830/4648 1792/7093/1792
f 1794/7091/1794 1550/7090/1550 4648/7830/4648
f 1550/7090/1550 3748/5590/3748 3352/7828/3352
f 3748/5590/3748 2097/5592/2097 3825/1501/3825
f 399/815/399 772/814/772 773/1502/773
f 1872/7736/1872 2875/7735/2875 3868/731/3868
f 3868/731/3868 4188/4860/4188 1735/7832/1735
f 4188/4860/4188 2026/4858/2026 1735/7832/1735
f 1220/7357/1220 1871/7361/1871 1872/7736/1872
f 1872/7736/1872 3868/731/3868 1221/7354/1221
f 3868/731/3868 1735/7832/1735 3477/7833/3477
f 4468/4877/4468 1857/4876/1857 4233/7834/4233
f 1857/4876/1857 1919/7835/1919 4233/7834/4233
f 3868/731/3868 3477/7833/3477 1638/7836/1638
f 1735/7832/1735 4468/4877/4468 3477/7833/3477
f 1221/7354/1221 1220/7357/1220 1872/7736/1872
f 1748/7352/1748 3923/7356/3923 1412/7355/1412
f 1412/7355/1412 1221/7354/1221 4545/7837/4545
f 4233/7834/4233 3992/7838/3992 3477/7833/3477
f 4468/4877/4468 4233/7834/4233 3477/7833/3477
f 1882/7353/1882 1748/7352/1748 1412/7355/1412
f 3868/731/3868 1638/7836/1638 1221/7354/1221
f 3477/7833/3477 4892/7839/4892 1638/7836/1638
f 4030/7351/4030 1882/7353/1882 2271/1511/2271
f 1882/7353/1882 1412/7355/1412 1920/7840/1920
f 2271/1511/2271 1882/7353/1882 1920/7840/1920
f 1221/7354/1221 1638/7836/1638 4545/7837/4545
f 1638/7836/1638 4544/7841/4544 4545/7837/4545
f 4545/7837/4545 3668/7842/3668 1920/7840/1920
f 1920/7840/1920 458/7843/458 2271/1511/2271
f 458/7843/458 459/1512/459 2271/1511/2271
f 459/1512/459 4840/7844/4840 3210/1510/3210
f 4840/7844/4840 4765/7845/4765 3210/1510/3210
f 4765/7845/4765 4573/7846/4573 1869/7350/1869
f 4573/7846/4573 4572/7847/4572 1869/7350/1869
f 4572/7847/4572 674/7848/674 5001/7849/5001
f 5001/7849/5001 4044/2495/4044 4572/7847/4572
f 4044/2495/4044 3022/7348/3022 4572/7847/4572
f 1869/7350/1869 3209/7349/3209 4765/7845/4765
f 3209/7349/3209 3210/1510/3210 4765/7845/4765
f 3022/7348/3022 1869/7350/1869 4572/7847/4572
f 1412/7355/1412 4545/7837/4545 1920/7840/1920
f 2943/7850/2943 2942/7851/2942 945/7852/945
f 1568/7853/1568 1927/876/1927 114/5529/114
f 1927/876/1927 2522/5477/2522 2521/5527/2521
f 2943/7850/2943 945/7852/945 1568/7853/1568
f 2943/7850/2943 1568/7853/1568 3487/5528/3487
f 1927/876/1927 2521/5527/2521 114/5529/114
f 2521/5527/2521 3524/5498/3524 114/5529/114
f 3524/5498/3524 115/5530/115 114/5529/114
f 114/5529/114 3487/5528/3487 1568/7853/1568
f 3487/5528/3487 3314/5532/3314 2943/7850/2943
f 3314/5532/3314 658/5531/658 2050/1515/2050
f 658/5531/658 657/1513/657 2050/1515/2050
f 657/1513/657 4872/5543/4872 938/7854/938
f 657/1513/657 938/7854/938 659/1514/659
f 2050/1515/2050 2943/7850/2943 3314/5532/3314
f 2225/1458/2225 4084/1457/4084 4083/1148/4083
f 2905/7855/2905 3049/7856/3049 3930/5522/3930
f 2740/5521/2740 973/5500/973 4584/7857/4584
f 973/5500/973 198/1519/198 4584/7857/4584
f 2905/7855/2905 3930/5522/3930 2740/5521/2740
f 3202/7858/3202 2085/7859/2085 2740/5521/2740
f 2085/7859/2085 2905/7855/2905 2740/5521/2740
f 3424/1521/3424 3423/7860/3423 198/1519/198
f 3423/7860/3423 4584/7857/4584 198/1519/198
f 4584/7857/4584 3202/7858/3202 2740/5521/2740
f 198/1519/198 1570/5520/1570 4449/1520/4449
f 1570/5520/1570 2796/5519/2796 4449/1520/4449
f 2796/5519/2796 4383/7861/4383 4449/1520/4449
f 4449/1520/4449 2512/7862/2512 3424/1521/3424
f 1179/1527/1179 3379/7863/3379 1180/1525/1180
f 3379/7863/3379 3376/7179/3376 1180/1525/1180
f 3376/7179/3376 2932/1247/2932 1180/1525/1180
f 1180/1525/1180 4067/777/4067 3225/1526/3225
f 4340/1528/4340 3830/5796/3830 3100/7864/3100
f 3100/7864/3100 3088/7865/3088 921/7866/921
f 3088/7865/3088 920/7867/920 921/7866/921
f 921/7866/921 2407/7868/2407 2408/1529/2408
f 1999/5799/1999 4340/1528/4340 1260/1530/1260
f 4340/1528/4340 3100/7864/3100 921/7866/921
f 2408/1529/2408 4340/1528/4340 921/7866/921
f 1267/5801/1267 377/5800/377 3512/7869/3512
f 377/5800/377 1999/5799/1999 3512/7869/3512
f 1266/5803/1266 1370/5802/1370 1267/5801/1267
f 4586/5805/4586 3590/5804/3590 1266/5803/1266
f 3512/7869/3512 3511/7870/3511 1267/5801/1267
f 3511/7870/3511 4586/5805/4586 1266/5803/1266
f 1267/5801/1267 3511/7870/3511 1266/5803/1266
f 1260/1530/1260 1259/7871/1259 1999/5799/1999
f 1259/7871/1259 3512/7869/3512 1999/5799/1999
f 2408/1529/2408 1998/7872/1998 1260/1530/1260
f 3213/6396/3213 2181/6391/2181 3330/7873/3330
f 2181/6391/2181 150/6462/150 3104/7874/3104
f 3330/7873/3330 2181/6391/2181 3104/7874/3104
f 1284/1533/1284 943/6460/943 728/1531/728
f 943/6460/943 727/6459/727 728/1531/728
f 3056/7875/3056 3057/7876/3057 3330/7873/3330
f 3104/7874/3104 4404/7877/4404 3056/7875/3056
f 728/1531/728 4874/7878/4874 4617/1532/4617
f 3104/7874/3104 3056/7875/3056 3330/7873/3330
f 3104/7874/3104 150/6462/150 1284/1533/1284
f 4617/1532/4617 3104/7874/3104 1284/1533/1284
f 727/6459/727 2561/7879/2561 728/1531/728
f 3171/7880/3171 4579/7881/4579 3440/1546/3440
f 4579/7881/4579 1158/1544/1158 3440/1546/3440
f 3558/7882/3558 2465/7883/2465 3711/7884/3711
f 2465/7883/2465 1233/7885/1233 3711/7884/3711
f 3711/7884/3711 1697/7886/1697 4781/7887/4781
f 3500/7888/3500 3502/7889/3502 3558/7882/3558
f 1939/7890/1939 3501/7891/3501 3500/7888/3500
f 4345/7892/4345 3847/7893/3847 1939/7890/1939
f 4091/7894/4091 2715/7895/2715 4345/7892/4345
f 4719/7896/4719 53/7897/53 4091/7894/4091
f 3827/7898/3827 4958/7899/4958 4719/7896/4719
f 3557/7900/3557 3242/7901/3242 3827/7898/3827
f 2070/7902/2070 3327/7903/3327 3557/7900/3557
f 3469/7904/3469 4824/7905/4824 2070/7902/2070
f 4886/7906/4886 2436/7907/2436 3469/7904/3469
f 1616/7908/1616 1615/7909/1615 4886/7906/4886
f 1714/7910/1714 1617/7911/1617 1616/7908/1616
f 4819/7912/4819 2788/7913/2788 1714/7910/1714
f 4643/3507/4643 629/7914/629 660/3500/660
f 629/7914/629 4819/7912/4819 660/3500/660
f 2190/1495/2190 4739/1494/4739 4091/7894/4091
f 4739/1494/4739 660/3500/660 1714/7910/1714
f 1714/7910/1714 1616/7908/1616 4739/1494/4739
f 1616/7908/1616 4886/7906/4886 4739/1494/4739
f 660/3500/660 4819/7912/4819 1714/7910/1714
f 696/1548/696 2272/3504/2272 2190/1495/2190
f 2070/7902/2070 4739/1494/4739 4886/7906/4886
f 4886/7906/4886 3469/7904/3469 2070/7902/2070
f 2070/7902/2070 3557/7900/3557 4739/1494/4739
f 3557/7900/3557 3827/7898/3827 4739/1494/4739
f 4739/1494/4739 3827/7898/3827 4091/7894/4091
f 696/1548/696 2190/1495/2190 1939/7890/1939
f 624/7915/624 1344/3498/1344 696/1548/696
f 1565/7106/1565 625/7916/625 624/7915/624
f 4511/7917/4511 482/7918/482 4072/7107/4072
f 4072/7107/4072 1565/7106/1565 624/7915/624
f 4072/7107/4072 624/7915/624 696/1548/696
f 4511/7917/4511 4072/7107/4072 696/1548/696
f 3827/7898/3827 4719/7896/4719 4091/7894/4091
f 4091/7894/4091 4345/7892/4345 1939/7890/1939
f 1939/7890/1939 3500/7888/3500 3558/7882/3558
f 3558/7882/3558 3711/7884/3711 696/1548/696
f 3711/7884/3711 4781/7887/4781 696/1548/696
f 4781/7887/4781 3715/7919/3715 3714/1549/3714
f 3714/1549/3714 4546/7920/4546 2365/7921/2365
f 4546/7920/4546 4547/7922/4547 2365/7921/2365
f 4547/7922/4547 2366/7923/2366 2365/7921/2365
f 2365/7921/2365 1413/7924/1413 3998/1547/3998
f 3503/7925/3503 3844/7926/3844 4922/7927/4922
f 4922/7927/4922 4454/7928/4454 4980/7929/4980
f 3285/7930/3285 4615/7931/4615 4293/7932/4293
f 4293/7932/4293 4187/7933/4187 3409/7934/3409
f 3409/7934/3409 4275/7935/4275 4733/6652/4733
f 2515/6654/2515 3719/2194/3719 100/7936/100
f 3719/2194/3719 1851/2193/1851 100/7936/100
f 3409/7934/3409 4733/6652/4733 2515/6654/2515
f 3285/7930/3285 4293/7932/4293 2515/6654/2515
f 4293/7932/4293 3409/7934/3409 2515/6654/2515
f 1851/2193/1851 2676/6637/2676 636/7937/636
f 100/7936/100 1851/2193/1851 3370/7110/3370
f 2676/6637/2676 3545/6639/3545 835/7938/835
f 3545/6639/3545 2807/7939/2807 835/7938/835
f 835/7938/835 836/7940/836 2172/7941/2172
f 4980/7929/4980 3285/7930/3285 2515/6654/2515
f 2676/6637/2676 835/7938/835 2172/7941/2172
f 4980/7929/4980 2515/6654/2515 1972/7942/1972
f 4922/7927/4922 4980/7929/4980 1972/7942/1972
f 2515/6654/2515 100/7936/100 4337/7943/4337
f 2676/6637/2676 2172/7941/2172 2720/7944/2720
f 2172/7941/2172 2173/7945/2173 2720/7944/2720
f 2720/7944/2720 215/7946/215 187/7947/187
f 2515/6654/2515 4337/7943/4337 1972/7942/1972
f 2676/6637/2676 2720/7944/2720 187/7947/187
f 187/7947/187 214/7948/214 838/7949/838
f 2676/6637/2676 187/7947/187 838/7949/838
f 2676/6637/2676 838/7949/838 3309/7950/3309
f 838/7949/838 839/7951/839 3309/7950/3309
f 3309/7950/3309 637/7952/637 636/7937/636
f 636/7937/636 2069/7953/2069 2827/7954/2827
f 2827/7954/2827 521/7955/521 520/7956/520
f 520/7956/520 25/7957/25 939/7958/939
f 939/7958/939 940/7959/940 948/7113/948
f 445/7111/445 3370/7110/3370 2827/7954/2827
f 2827/7954/2827 3370/7110/3370 1851/2193/1851
f 939/7958/939 948/7113/948 445/7111/445
f 2827/7954/2827 520/7956/520 445/7111/445
f 520/7956/520 939/7958/939 445/7111/445
f 3309/7950/3309 636/7937/636 2676/6637/2676
f 636/7937/636 2827/7954/2827 1851/2193/1851
f 100/7936/100 563/7960/563 4337/7943/4337
f 4337/7943/4337 4935/7961/4935 1972/7942/1972
f 3503/7925/3503 4922/7927/4922 696/1548/696
f 1972/7942/1972 4511/7917/4511 4922/7927/4922
f 4511/7917/4511 696/1548/696 4922/7927/4922
f 2190/1495/2190 4091/7894/4091 1939/7890/1939
f 1939/7890/1939 3558/7882/3558 696/1548/696
f 4781/7887/4781 3714/1549/3714 696/1548/696
f 3998/1547/3998 3503/7925/3503 696/1548/696
f 3714/1549/3714 2365/7921/2365 3998/1547/3998
f 2127/1610/2127 76/7962/76 4506/7963/4506
f 4506/7963/4506 3376/7964/3376 3078/1631/3078
f 3376/7964/3376 3379/1448/3379 2763/1450/2763
f 3078/1631/3078 3376/7964/3376 2764/1633/2764
f 2763/1450/2763 2764/1633/2764 3376/7964/3376
f 2764/1633/2764 3079/1632/3079 3078/1631/3078
f 3078/1631/3078 3077/1630/3077 665/1553/665
f 665/1553/665 3014/1629/3014 2709/1554/2709
f 1749/1628/1749 3126/7737/3126 4193/1614/4193
f 3126/7737/3126 3125/7739/3125 4193/1614/4193
f 2709/1554/2709 1749/1628/1749 4086/1606/4086
f 3125/7739/3125 2871/7738/2871 295/7740/295
f 295/7740/295 960/7723/960 342/7742/342
f 960/7723/960 959/7724/959 342/7742/342
f 342/7742/342 2044/7741/2044 2003/7746/2003
f 1749/1628/1749 4193/1614/4193 4086/1606/4086
f 3125/7739/3125 295/7740/295 1038/1615/1038
f 3125/7739/3125 1038/1615/1038 4193/1614/4193
f 295/7740/295 342/7742/342 2003/7746/2003
f 2003/7746/2003 2236/7745/2236 487/7748/487
f 295/7740/295 2003/7746/2003 1038/1615/1038
f 487/7748/487 1566/7747/1566 1624/7750/1624
f 1624/7750/1624 900/7749/900 1359/7752/1359
f 1359/7752/1359 1993/7751/1993 1709/7754/1709
f 1709/7754/1709 2818/7753/2818 2945/7756/2945
f 2818/7753/2818 3443/7757/3443 2945/7756/2945
f 2945/7756/2945 2518/7755/2518 3864/7758/3864
f 1624/7750/1624 1359/7752/1359 1038/1615/1038
f 1359/7752/1359 1709/7754/1709 3864/7758/3864
f 487/7748/487 1624/7750/1624 1038/1615/1038
f 1359/7752/1359 3864/7758/3864 1038/1615/1038
f 1709/7754/1709 2945/7756/2945 3864/7758/3864
f 3864/7758/3864 1959/7138/1959 427/5/427
f 427/5/427 428/4/428 3864/7758/3864
f 428/4/428 1038/1615/1038 3864/7758/3864
f 1462/1552/1462 2127/1610/2127 4506/7963/4506
f 4086/1606/4086 1462/1552/1462 2709/1554/2709
f 1462/1552/1462 4506/7963/4506 665/1553/665
f 4506/7963/4506 3078/1631/3078 665/1553/665
f 2003/7746/2003 487/7748/487 1038/1615/1038
f 3124/168/3124 4116/7041/4116 4016/1555/4016
f 956/7965/956 2232/7966/2232 2878/7967/2878
f 2878/7967/2878 3836/7968/3836 1927/7969/1927
f 1927/7969/1927 1568/7970/1568 945/7971/945
f 2942/7972/2942 2943/7973/2943 659/7974/659
f 2943/7973/2943 2050/7975/2050 659/7974/659
f 2878/7967/2878 1927/7969/1927 945/7971/945
f 2878/7967/2878 945/7971/945 956/7965/956
f 945/7971/945 2942/7972/2942 2231/1115/2231
f 956/7965/956 945/7971/945 2231/1115/2231
f 2942/7972/2942 659/7974/659 305/1116/305
f 2231/1115/2231 2942/7972/2942 305/1116/305
f 938/7976/938 4872/7977/4872 4873/7978/4873
f 659/7974/659 938/7976/938 305/1116/305
f 938/7976/938 4873/7978/4873 4891/7979/4891
f 4891/7979/4891 1129/7980/1129 3192/7981/3192
f 3192/7981/3192 3193/7982/3193 3164/7983/3164
f 3192/7981/3192 3164/7983/3164 3755/1096/3755
f 938/7976/938 4891/7979/4891 683/3499/683
f 4891/7979/4891 3192/7981/3192 683/3499/683
f 305/1116/305 938/7976/938 683/3499/683
f 637/7952/637 836/7940/836 2069/7953/2069
f 3192/7981/3192 3755/1096/3755 2879/6608/2879
f 2879/6608/2879 4910/1095/4910 406/7984/406
f 4668/2065/4668 1637/81/1637 2879/6608/2879
f 1637/81/1637 3776/80/3776 1817/6970/1817
f 2879/6608/2879 1637/81/1637 1817/6970/1817
f 2879/6608/2879 406/7984/406 4668/2065/4668
f 836/7940/836 637/7952/637 2173/7945/2173
f 3192/7981/3192 2879/6608/2879 1817/6970/1817
f 3192/7981/3192 1817/6970/1817 683/3499/683
f 3632/860/3632 4609/6621/4609 4236/6620/4236
f 1151/3649/1151 3632/860/3632 4236/6620/4236
f 1264/3650/1264 1265/3647/1265 1151/3649/1151
f 2343/3651/2343 1236/435/1236 1264/3650/1264
f 147/3652/147 149/436/149 2343/3651/2343
f 2588/3654/2588 148/3653/148 147/3652/147
f 4113/1558/4113 353/3640/353 2588/3654/2588
f 4342/1557/4342 1832/3635/1832 4113/1558/4113
f 3547/3634/3547 3546/3627/3546 4342/1557/4342
f 2595/3633/2595 3548/3625/3548 3547/3634/3547
f 780/3631/780 2594/3632/2594 2595/3633/2595
f 1238/678/1238 2857/680/2857 780/3631/780
f 1039/1559/1039 3615/6640/3615 1238/678/1238
f 2807/7939/2807 3545/6639/3545 1039/1559/1039
f 836/7940/836 835/7938/835 2807/7939/2807
f 2173/7945/2173 2172/7941/2172 836/7940/836
f 215/7946/215 2720/7944/2720 2173/7945/2173
f 214/7948/214 187/7947/187 215/7946/215
f 839/7951/839 838/7949/838 214/7948/214
f 637/7952/637 3309/7950/3309 839/7951/839
f 2069/7953/2069 636/7937/636 637/7952/637
f 521/7955/521 2827/7954/2827 2069/7953/2069
f 25/7957/25 520/7956/520 521/7955/521
f 940/7959/940 939/7958/939 25/7957/25
f 949/7115/949 948/7113/948 940/7959/940
f 2350/7116/2350 3345/7114/3345 949/7115/949
f 2253/7118/2253 2177/7112/2177 2350/7116/2350
f 2251/7117/2251 2252/1220/2252 2253/7118/2253
f 3134/7103/3134 3062/1221/3062 2251/7117/2251
f 1564/7105/1564 3046/7104/3046 3134/7103/3134
f 625/7916/625 1565/7106/1565 1564/7105/1564
f 1344/3498/1344 624/7915/624 625/7916/625
f 1817/6970/1817 2306/1184/2306 683/3499/683
f 683/3499/683 1344/3498/1344 625/7916/625
f 625/7916/625 1564/7105/1564 2251/7117/2251
f 1564/7105/1564 3134/7103/3134 2251/7117/2251
f 683/3499/683 625/7916/625 2253/7118/2253
f 224/1437/224 1817/6970/1817 106/6252/106
f 625/7916/625 2251/7117/2251 2253/7118/2253
f 2253/7118/2253 2350/7116/2350 949/7115/949
f 2253/7118/2253 949/7115/949 940/7959/940
f 683/3499/683 2253/7118/2253 25/7957/25
f 2198/1182/2198 223/1436/223 3031/1435/3031
f 2253/7118/2253 940/7959/940 25/7957/25
f 2776/3493/2776 2198/1182/2198 272/6260/272
f 2198/1182/2198 3031/1435/3031 272/6260/272
f 814/3491/814 2776/3493/2776 721/638/721
f 721/638/721 2776/3493/2776 272/6260/272
f 305/1116/305 683/3499/683 25/7957/25
f 25/7957/25 521/7955/521 305/1116/305
f 521/7955/521 2069/7953/2069 305/1116/305
f 1995/4668/1995 721/638/721 272/6260/272
f 3031/1435/3031 224/1437/224 1590/6261/1590
f 272/6260/272 3031/1435/3031 271/6257/271
f 1590/6261/1590 271/6257/271 3031/1435/3031
f 637/7952/637 839/7951/839 2173/7945/2173
f 214/7948/214 215/7946/215 2173/7945/2173
f 305/1116/305 2069/7953/2069 836/7940/836
f 839/7951/839 214/7948/214 2173/7945/2173
f 2693/6251/2693 2644/999/2644 1590/6261/1590
f 106/6252/106 216/1000/216 2693/6251/2693
f 4354/3538/4354 107/411/107 106/6252/106
f 262/889/262 3155/888/3155 4354/3538/4354
f 3586/7492/3586 263/887/263 262/889/262
f 595/7275/595 3981/1368/3981 3586/7492/3586
f 374/7276/374 596/1302/596 595/7275/595
f 985/7280/985 373/7278/373 374/7276/374
f 405/1009/405 986/6265/986 985/7280/985
f 4490/7985/4490 4820/1010/4820 405/1009/405
f 3776/80/3776 4490/7985/4490 405/1009/405
f 1817/6970/1817 3776/80/3776 405/1009/405
f 405/1009/405 985/7280/985 374/7276/374
f 374/7276/374 595/7275/595 3586/7492/3586
f 405/1009/405 374/7276/374 4354/3538/4354
f 1817/6970/1817 405/1009/405 4354/3538/4354
f 1151/3649/1151 4236/6620/4236 1264/3650/1264
f 4236/6620/4236 305/1116/305 836/7940/836
f 1264/3650/1264 4236/6620/4236 2807/7939/2807
f 147/3652/147 2343/3651/2343 2588/3654/2588
f 2343/3651/2343 1264/3650/1264 2588/3654/2588
f 1264/3650/1264 2807/7939/2807 2588/3654/2588
f 374/7276/374 3586/7492/3586 4354/3538/4354
f 3586/7492/3586 262/889/262 4354/3538/4354
f 4354/3538/4354 106/6252/106 1817/6970/1817
f 106/6252/106 2693/6251/2693 224/1437/224
f 224/1437/224 2693/6251/2693 1590/6261/1590
f 836/7940/836 2807/7939/2807 4236/6620/4236
f 2807/7939/2807 1039/1559/1039 4113/1558/4113
f 1039/1559/1039 1238/678/1238 2595/3633/2595
f 1238/678/1238 780/3631/780 2595/3633/2595
f 2595/3633/2595 3547/3634/3547 4342/1557/4342
f 1039/1559/1039 2595/3633/2595 4342/1557/4342
f 2807/7939/2807 4113/1558/4113 2588/3654/2588
f 914/7986/914 913/7987/913 3219/7988/3219
f 3219/7988/3219 1300/7989/1300 4877/7990/4877
f 4877/7990/4877 4082/7991/4082 3809/7992/3809
f 3809/7992/3809 4432/7993/4432 4669/7994/4669
f 4432/7993/4432 699/7995/699 4669/7994/4669
f 4669/7994/4669 4349/7996/4349 2489/7997/2489
f 914/7986/914 3219/7988/3219 5020/1563/5020
f 3219/7988/3219 4877/7990/4877 2341/7998/2341
f 5020/1563/5020 3219/7988/3219 2341/7998/2341
f 4877/7990/4877 3809/7992/3809 2489/7997/2489
f 3809/7992/3809 4669/7994/4669 2489/7997/2489
f 2489/7997/2489 3902/7999/3902 852/8000/852
f 4877/7990/4877 2489/7997/2489 852/8000/852
f 852/8000/852 4220/8001/4220 555/8002/555
f 4877/7990/4877 852/8000/852 2341/7998/2341
f 4004/8003/4004 4005/8004/4005 3818/8005/3818
f 852/8000/852 555/8002/555 4315/8006/4315
f 4421/8007/4421 4004/8003/4004 4420/8008/4420
f 4004/8003/4004 3818/8005/3818 4727/8009/4727
f 3818/8005/3818 914/7986/914 4994/1564/4994
f 555/8002/555 3911/8010/3911 1607/8011/1607
f 1607/8011/1607 3912/8012/3912 2189/8013/2189
f 2189/8013/2189 4563/8014/4563 5017/8015/5017
f 5017/8015/5017 4200/8016/4200 2189/8013/2189
f 4200/8016/4200 4315/8006/4315 2189/8013/2189
f 4315/8006/4315 568/8017/568 2341/7998/2341
f 568/8017/568 3647/8018/3647 2341/7998/2341
f 2341/7998/2341 1787/8019/1787 5020/1563/5020
f 555/8002/555 1607/8011/1607 2189/8013/2189
f 4004/8003/4004 4727/8009/4727 4420/8008/4420
f 914/7986/914 5020/1563/5020 4994/1564/4994
f 555/8002/555 2189/8013/2189 4315/8006/4315
f 4315/8006/4315 2341/7998/2341 852/8000/852
f 5020/1563/5020 4625/1177/4625 4406/1179/4406
f 4994/1564/4994 4896/8020/4896 3818/8005/3818
f 4896/8020/4896 4727/8009/4727 3818/8005/3818
f 865/1572/865 866/8021/866 4591/8022/4591
f 866/8021/866 4589/8023/4589 4591/8022/4591
f 4589/8023/4589 4590/8024/4590 4591/8022/4591
f 4591/8022/4591 4959/8025/4959 2847/8026/2847
f 2847/8026/2847 2848/8027/2848 4591/8022/4591
f 2848/8027/2848 4304/8028/4304 865/1572/865
f 4591/8022/4591 2848/8027/2848 865/1572/865
f 2473/1573/2473 4735/8029/4735 4736/8030/4736
f 2473/1573/2473 4736/8030/4736 4849/1571/4849
f 4736/8030/4736 2679/8031/2679 4849/1571/4849
f 4304/8028/4304 2473/1573/2473 865/1572/865
f 4849/1571/4849 3990/8032/3990 865/1572/865
f 788/8033/788 789/8034/789 2679/8031/2679
f 789/8034/789 4849/1571/4849 2679/8031/2679
f 4450/8035/4450 4451/8036/4451 788/8033/788
f 2679/8031/2679 3486/8037/3486 788/8033/788
f 3486/8037/3486 4450/8035/4450 788/8033/788
f 3813/8038/3813 3495/7096/3495 4314/8039/4314
f 3495/7096/3495 354/7095/354 4989/8040/4989
f 354/7095/354 3780/7094/3780 4837/8041/4837
f 3780/7094/3780 3779/8042/3779 2056/8043/2056
f 3396/8044/3396 3781/1211/3781 1854/1210/1854
f 3779/8042/3779 3396/8044/3396 4688/8045/4688
f 3396/8044/3396 1854/1210/1854 4688/8045/4688
f 1854/1210/1854 2494/8046/2494 4688/8045/4688
f 4688/8045/4688 1312/8047/1312 4670/8048/4670
f 1312/8047/1312 1532/8049/1532 4670/8048/4670
f 1532/8049/1532 4279/8050/4279 1533/8051/1533
f 4670/8048/4670 4052/8052/4052 2207/8053/2207
f 1532/8049/1532 1533/8051/1533 4670/8048/4670
f 2207/8053/2207 4426/8054/4426 2056/8043/2056
f 4688/8045/4688 4670/8048/4670 2207/8053/2207
f 3779/8042/3779 4688/8045/4688 2207/8053/2207
f 2056/8043/2056 2057/8055/2057 4837/8041/4837
f 3779/8042/3779 2207/8053/2207 2056/8043/2056
f 3780/7094/3780 2056/8043/2056 4837/8041/4837
f 4837/8041/4837 4713/8056/4713 3400/8057/3400
f 450/8058/450 449/8059/449 3813/8038/3813
f 3495/7096/3495 4989/8040/4989 3803/8060/3803
f 354/7095/354 4837/8041/4837 3399/8061/3399
f 2008/8062/2008 354/7095/354 3399/8061/3399
f 4837/8041/4837 3400/8057/3400 3399/8061/3399
f 2008/8062/2008 3996/8063/3996 3253/8064/3253
f 1307/8065/1307 450/8058/450 3813/8038/3813
f 354/7095/354 2008/8062/2008 4989/8040/4989
f 2008/8062/2008 3253/8064/3253 4989/8040/4989
f 4989/8040/4989 3070/8066/3070 3803/8060/3803
f 3070/8066/3070 4108/8067/4108 3803/8060/3803
f 3803/8060/3803 4313/8068/4313 4314/8039/4314
f 3846/8069/3846 1307/8065/1307 4826/8070/4826
f 1307/8065/1307 3813/8038/3813 4314/8039/4314
f 4826/8070/4826 1307/8065/1307 3197/8071/3197
f 4777/8072/4777 5021/8073/5021 4826/8070/4826
f 3197/8071/3197 1307/8065/1307 4314/8039/4314
f 3495/7096/3495 3803/8060/3803 4314/8039/4314
f 4777/8072/4777 4826/8070/4826 3197/8071/3197
f 740/8074/740 188/8075/188 4777/8072/4777
f 2357/1576/2357 3468/8076/3468 3197/8071/3197
f 3197/8071/3197 740/8074/740 4777/8072/4777
f 4314/8039/4314 2356/1574/2356 2357/1576/2357
f 3197/8071/3197 4314/8039/4314 2357/1576/2357
f 2470/8077/2470 4336/1399/4336 2471/4785/2471
f 4336/1399/4336 5013/2083/5013 2471/4785/2471
f 5013/2083/5013 1848/1467/1848 2471/4785/2471
f 2471/4785/2471 2472/4784/2472 2470/8077/2470
f 2472/4784/2472 3121/4787/3121 2470/8077/2470
f 3121/4787/3121 3641/4786/3641 4437/1580/4437
f 3641/4786/3641 1654/1581/1654 4437/1580/4437
f 1654/1581/1654 3798/4788/3798 3799/5932/3799
f 3799/5932/3799 217/970/217 2392/8078/2392
f 217/970/217 4460/5935/4460 4709/5484/4709
f 2392/8078/2392 217/970/217 4709/5484/4709
f 4460/5935/4460 768/8079/768 769/5480/769
f 769/5480/769 3207/885/3207 4709/5484/4709
f 2392/8078/2392 4708/5483/4708 4438/1579/4438
f 769/5480/769 4709/5484/4709 4460/5935/4460
f 1654/1581/1654 3799/5932/3799 2392/8078/2392
f 4437/1580/4437 4520/5481/4520 3121/4787/3121
f 4520/5481/4520 2470/8077/2470 3121/4787/3121
f 2392/8078/2392 4438/1579/4438 1654/1581/1654
f 3882/1582/3882 4712/8080/4712 4130/1583/4130
f 2823/8081/2823 4714/4767/4714 2792/1586/2792
f 4714/4767/4714 2793/238/2793 2792/1586/2792
f 2547/1585/2547 2546/4782/2546 4605/4783/4605
f 2547/1585/2547 4605/4783/4605 2792/1586/2792
