# Blender 5.1.0
# www.blender.org
mtllib mossy_green_rock27_LOW_RES.mtl
o mossy_green_rock27_LOW_RES
v 4.118758 0.297016 3.776047
v 4.120646 0.299828 3.777498
v 3.722034 0.395310 4.069974
v 4.125313 0.297932 3.773335
v 4.121929 0.295098 3.777689
v 4.124584 0.296558 3.777515
v 3.988062 0.078713 3.762987
v 4.125834 0.298036 3.777679
v 3.988911 0.498855 4.270344
v 3.992866 0.497059 4.270879
v 4.242711 0.030768 4.203699
v 4.061272 0.654374 4.017371
v 4.325186 0.374915 3.964917
v 3.972972 0.452471 4.275142
v 3.977277 0.450429 4.274707
v 3.964521 0.014497 3.883552
v 3.964856 0.013457 3.888799
v 4.048910 0.221270 3.748474
v 4.053132 0.223623 3.747087
v 4.128761 0.300193 3.780494
v 4.124869 0.298171 3.782743
v 3.955050 0.110199 3.837343
v 4.259666 0.220940 3.723765
v 4.255077 0.222252 3.723393
v 4.256880 0.225968 3.721714
v 4.284549 0.021289 3.814908
v 4.121747 0.259445 3.788049
v 4.184875 0.457925 3.811308
v 4.419276 0.310574 4.052003
v 3.727207 0.354880 3.992189
v 3.724088 0.356372 3.995590
v 3.728748 0.359363 3.991852
v 4.295073 0.401538 3.858585
v 4.179392 0.478941 3.840973
v 4.248531 0.048707 4.116570
v 4.058159 0.638107 4.239290
v 4.060842 0.642106 4.238335
v 3.838808 0.507183 4.104395
v 4.121460 0.280637 3.778858
v 4.257029 0.147474 3.758231
v 3.681069 0.316518 3.961347
v 3.685048 0.316177 3.960414
v 4.132469 0.305400 3.788401
v 4.237664 0.525471 4.127455
v 4.240597 0.521770 4.126803
v 4.002462 0.022206 4.137681
v 4.134409 0.308267 3.761697
v 4.132118 0.314959 3.761711
v 4.136458 0.312835 3.759830
v 4.162788 0.408725 3.786523
v 4.166444 0.406203 3.790023
v 4.254321 0.195287 3.737135
v 4.255576 0.199080 3.734234
v 4.259970 0.197792 3.734050
v 3.687518 0.333490 4.178136
v 4.232421 0.391724 3.795500
v 4.127774 0.297382 3.785182
v 4.127923 0.297911 3.789942
v 3.695210 0.297305 4.176722
v 4.132306 0.325272 3.765168
v 4.297077 0.407212 3.870813
v 4.296546 0.405187 3.866613
v 4.438736 0.271618 4.038511
v 4.100667 0.285974 3.760079
v 4.106240 0.312679 3.756175
v 3.839044 0.153530 4.226135
v 4.152916 0.290820 3.775472
v 3.709956 0.006133 3.794255
v 3.966720 0.561050 3.835009
v 3.514432 0.084823 4.069520
v 4.108165 0.173085 3.808171
v 4.140888 0.311452 3.761609
v 4.138569 0.317618 3.760827
v 4.142880 0.316036 3.759979
v 4.289108 0.409242 3.889045
v 4.286586 0.410781 3.889958
v 4.148072 0.305104 3.766595
v 4.114217 0.263664 3.784158
v 4.116390 0.268096 3.784792
v 4.120743 0.266102 3.784847
v 4.117648 0.262313 3.787484
v 4.134916 0.318139 3.773899
v 3.502154 0.053547 4.033658
v 3.718441 0.250432 4.167551
v 4.098325 0.275744 3.761276
v 4.132194 0.319804 3.777046
v 4.129314 0.327164 3.777764
v 3.604210 0.214756 4.093947
v 3.604813 0.211375 4.096823
v 3.608115 0.216828 4.095872
v 4.023199 0.597899 4.248353
v 3.872664 0.112609 4.231959
v 3.868756 0.115148 4.232776
v 3.865941 0.111087 4.231929
v 4.132288 0.326618 3.780496
v 4.133605 0.324179 3.775270
v 4.326419 0.373361 3.960794
v 4.326822 0.377052 3.955572
v 4.326479 0.378233 3.958841
v 4.134494 0.329826 3.765249
v 3.998870 0.014804 3.919046
v 3.992540 0.017411 3.919005
v 3.995188 0.014154 3.916317
v 4.428462 0.298279 4.051076
v 3.671802 0.288661 3.858922
v 3.796642 0.429024 3.941209
v 4.167249 0.525074 3.849576
v 4.420300 0.068679 3.859097
v 4.328266 0.404079 3.957479
v 4.251680 0.434877 4.175078
v 3.619060 0.048364 4.270797
v 4.139264 0.337374 3.780797
v 3.737345 0.346094 3.969353
v 4.241292 0.435294 3.847216
v 4.132070 0.333058 3.778519
v 4.133890 0.330427 3.781006
v 3.992817 0.016563 3.926322
v 3.989863 0.015231 3.929554
v 3.539864 0.111925 3.799643
v 4.163571 0.376386 3.777735
v 4.262991 0.434433 3.855147
v 4.141736 0.339537 3.780556
v 3.972017 0.548058 3.771539
v 4.223114 0.099740 4.116654
v 3.939115 0.549497 3.836349
v 4.324560 0.392264 3.955328
v 4.010887 0.654269 4.211995
v 3.706148 0.237037 4.156917
v 3.704140 0.234313 4.156084
v 3.817693 0.430889 3.953295
v 4.144439 0.343970 3.778414
v 3.531005 0.089969 4.068582
v 4.391453 0.094170 3.810064
v 4.160400 0.500022 3.832702
v 4.161993 0.500591 3.837159
v 4.470041 0.186891 3.852620
v 4.471952 0.190070 3.855223
v 4.473543 0.186868 3.858554
v 3.769091 0.454005 4.152101
v 4.127812 0.179254 3.852880
v 4.340848 0.296513 3.797443
v 4.020365 0.024381 4.237961
v 4.024958 0.022833 4.237595
v 3.656264 0.164166 4.141996
v 3.656373 0.160396 4.145075
v 3.596142 0.287095 4.041491
v 4.275196 0.347891 3.793789
v 4.156071 0.254044 3.795651
v 4.153970 0.250900 3.797720
v 4.152102 0.256240 3.794708
v 3.637345 0.286031 4.116086
v 3.768542 0.357013 3.798616
v 4.291952 0.405038 3.857731
v 4.387812 0.186530 3.762559
v 4.386260 0.183955 3.760700
v 3.668238 0.291357 4.136209
v 3.902704 0.197231 4.252638
v 3.906749 0.194671 4.252276
v 4.288486 0.414149 3.874683
v 4.299863 0.198617 4.186776
v 3.574884 0.138103 3.778875
v 4.035566 0.496463 3.736972
v 4.055851 0.014392 4.061324
v 4.058768 0.012596 4.064779
v 3.770901 0.219852 4.184959
v 4.325463 0.341600 3.825226
v 4.328136 0.339525 3.827589
v 4.418470 0.069127 3.854718
v 4.225152 0.405955 3.800123
v 3.931096 0.022174 4.169050
v 3.502029 0.069409 4.129343
v 3.505485 0.070474 4.132845
v 4.284575 0.087934 4.135313
v 4.280522 0.088290 4.137436
v 4.171638 0.292995 3.756369
v 4.172950 0.296377 3.753077
v 4.079021 0.238164 3.757454
v 4.203714 0.465248 3.822838
v 4.207432 0.462707 3.823885
v 4.154324 0.211415 3.814949
v 4.150934 0.214772 3.814571
v 4.154569 0.217608 3.812671
v 3.949069 0.119269 3.831600
v 3.950584 0.116104 3.836174
v 3.947227 0.118032 3.835985
v 4.439359 0.213514 4.117063
v 4.442336 0.212968 4.113774
v 4.288664 0.097978 4.150740
v 4.287554 0.413722 3.870625
v 3.806226 0.344981 3.766742
v 4.149928 0.363004 3.785560
v 4.149630 0.368962 3.783251
v 4.153831 0.365158 3.782565
v 4.274674 0.506428 4.022132
v 3.886287 0.406766 3.745653
v 3.888829 0.403586 3.743144
v 3.581390 0.230336 4.052665
v 4.264202 0.406803 3.817665
v 4.220262 0.101491 4.120039
v 4.464280 0.183601 3.844615
v 4.465722 0.180159 3.848372
v 3.956661 0.059955 3.850176
v 3.952176 0.060602 3.848849
v 3.815951 0.499297 4.048136
v 4.117439 0.194749 3.814073
v 4.151226 0.368830 3.785273
v 4.152822 0.368698 3.787294
v 4.090278 0.012230 4.090627
v 4.153422 0.020455 4.247923
v 4.158616 0.022728 4.250291
v 4.176619 0.568420 4.217030
v 4.271807 0.353228 3.795515
v 3.772779 0.416310 3.944781
v 4.461247 0.126832 3.840721
v 4.155800 0.368537 3.784160
v 4.151603 0.373650 3.783973
v 4.155802 0.372246 3.785415
v 4.233944 0.020789 3.838260
v 4.019859 0.594635 4.248832
v 4.019308 0.599744 4.245261
v 3.908962 0.519610 3.857955
v 4.051288 0.662684 3.989350
v 3.696430 0.267457 4.158401
v 3.696479 0.272024 4.157528
v 3.907833 0.146770 4.240697
v 3.907008 0.153412 4.242500
v 3.904021 0.149407 4.241745
v 4.166456 0.061428 3.723795
v 4.203268 0.521219 3.882861
v 4.204937 0.522432 3.887220
v 4.242679 0.057110 4.265003
v 3.739748 0.366874 3.970314
v 3.745220 0.369129 3.966503
v 4.244407 0.446289 4.178781
v 3.555879 0.087847 4.157130
v 3.553197 0.085872 4.160554
v 4.122541 0.179249 3.847557
v 4.125778 0.183226 3.848424
v 3.875476 0.530529 4.191048
v 3.677330 0.048092 4.259629
v 4.124601 0.549412 3.847890
v 4.252889 0.067176 4.118708
v 4.350521 0.302389 3.821341
v 4.353507 0.300023 3.824252
v 3.877472 0.523387 4.198508
v 4.249552 0.457965 4.170483
v 3.892956 0.511915 3.870516
v 3.889032 0.510116 3.871918
v 3.895412 0.032916 3.856904
v 4.326627 0.370778 3.967693
v 3.595925 0.095938 4.249002
v 3.726535 0.285175 3.832802
v 3.791219 0.431017 4.177847
v 4.177328 0.543333 3.870600
v 4.440301 0.266894 4.038740
v 3.702689 0.305531 3.958976
v 3.638010 0.141113 4.125244
v 3.671068 0.297755 4.128216
v 3.814698 0.460828 3.862478
v 4.123384 0.289715 3.776403
v 3.931610 0.533905 3.850386
v 3.936925 0.535379 3.850736
v 3.672932 0.256555 4.150177
v 3.860805 0.530414 4.018445
v 4.231130 0.179164 4.123744
v 3.612630 0.216767 4.101609
v 3.610083 0.215126 4.105687
v 4.067173 0.208208 3.759557
v 4.090390 0.252166 3.762156
v 3.685441 0.100722 4.229470
v 4.085005 0.619881 4.243935
v 4.432455 0.155909 3.796480
v 3.839700 0.455026 3.907256
v 3.537934 0.138010 3.832344
v 3.535723 0.138088 3.836290
v 3.538262 0.142219 3.837375
v 3.709926 0.053714 4.252959
v 4.140028 0.387763 3.756816
v 4.142041 0.391331 3.758034
v 4.144314 0.391929 3.760596
v 4.376522 0.333153 4.073135
v 4.372131 0.334055 4.077473
v 4.375957 0.330399 4.076419
v 4.005008 0.582290 3.817435
v 4.251575 0.221433 4.149337
v 3.628180 0.126565 4.224969
v 3.731374 0.373970 3.995667
v 3.684163 0.183280 4.165509
v 3.690877 0.183215 4.168972
v 4.270511 0.497360 3.989444
v 4.070116 0.204692 3.761550
v 3.521520 0.044138 3.806296
v 3.883353 0.111797 4.230900
v 3.886159 0.115983 4.231629
v 3.563280 0.228066 4.025706
v 3.567428 0.230682 4.026928
v 3.567909 0.232186 4.022411
v 4.453496 0.186370 4.111975
v 3.967435 0.093869 4.220119
v 4.051759 0.114620 4.213273
v 4.106596 0.539705 3.808701
v 4.102779 0.542004 3.810874
v 3.726438 0.199630 4.169332
v 4.331230 0.341015 4.066164
v 4.330378 0.339495 4.070626
v 3.997773 0.540812 3.754570
v 4.002264 0.541287 3.756583
v 3.822054 0.411171 4.209886
v 3.822642 0.416748 4.205196
v 4.319328 0.417825 3.937082
v 4.256617 0.189230 3.738098
v 3.787131 0.438510 4.011907
v 4.013147 0.007394 3.927506
v 3.569649 0.181073 4.055179
v 3.571751 0.176848 4.056426
v 3.574521 0.178941 4.059726
v 4.326137 0.379414 3.962111
v 4.158134 0.382099 3.784485
v 4.161848 0.381257 3.781268
v 4.229781 0.142260 4.126358
v 4.024700 0.612398 4.239573
v 3.505581 0.105146 3.941671
v 3.507458 0.109134 3.943287
v 3.646085 0.144658 4.138059
v 4.322390 0.421826 3.979665
v 4.322089 0.422046 3.984499
v 3.993977 0.122210 3.782790
v 4.152352 0.204230 3.817944
v 4.151146 0.197915 3.820504
v 4.148654 0.201949 3.819516
v 3.607464 0.239156 3.883322
v 3.608907 0.235855 3.880232
v 3.616814 0.237963 3.875029
v 3.945546 0.115255 3.831852
v 4.003802 0.025117 3.927395
v 4.006554 0.025185 3.930828
v 4.003054 0.026644 3.933869
v 4.000872 0.024889 3.930468
v 4.242413 0.091741 4.258163
v 4.238387 0.095567 4.257946
v 3.807065 0.464696 4.075957
v 3.577916 0.260380 3.977652
v 4.017574 0.093721 4.212171
v 4.375665 0.006105 3.888103
v 3.648185 0.282347 4.131174
v 3.649034 0.278158 4.133448
v 4.427000 0.308898 4.038029
v 4.002369 0.514696 3.727336
v 4.006772 0.516377 3.728987
v 3.906481 0.144714 3.781408
v 3.910921 0.143641 3.782389
v 3.753231 0.281039 3.783261
v 3.750288 0.282126 3.785832
v 4.319741 0.357151 3.836174
v 4.018498 0.007408 4.003102
v 4.015112 0.010484 4.004098
v 3.854531 0.490706 3.883322
v 4.245472 0.028045 4.095504
v 3.929079 0.090761 3.820982
v 4.385988 0.008280 3.976391
v 4.398138 0.035537 3.875465
v 3.692138 0.322443 4.048648
v 3.970389 0.520999 3.733644
v 3.938909 0.125420 3.825902
v 3.934994 0.124446 3.826423
v 3.899478 0.158703 4.244604
v 3.902363 0.162670 4.245558
v 3.898569 0.165289 4.246580
v 3.706371 0.027034 3.780445
v 3.669860 0.166972 4.171330
v 3.667289 0.163458 4.173794
v 4.272937 0.130984 4.165149
v 4.293948 0.174796 4.194543
v 4.115733 0.566855 3.855290
v 3.732887 0.292098 3.817999
v 3.827208 0.432957 3.932420
v 3.506017 0.078709 4.094618
v 3.692365 0.322883 3.994724
v 4.033807 0.666416 4.057741
v 3.642711 0.195696 4.125997
v 4.211384 0.365142 3.779155
v 4.147630 0.503609 3.811828
v 3.577759 0.103717 4.123754
v 3.579589 0.103731 4.131283
v 3.581098 0.104966 4.126580
v 4.343943 0.332892 4.095412
v 4.038752 0.206081 3.760021
v 4.041840 0.202960 3.762265
v 4.121424 0.192921 3.823275
v 4.121769 0.191768 3.827760
v 4.219189 0.012471 3.830236
v 4.215352 0.010720 3.831496
v 3.735323 0.402732 4.005153
v 4.316095 0.420249 3.928450
v 4.103042 0.296229 3.759025
v 4.458073 0.254597 3.981506
v 3.708091 0.044365 3.771433
v 3.503760 0.058405 3.996544
v 3.502945 0.054073 3.995406
v 3.601538 0.117296 4.102106
v 3.575710 0.099818 4.145842
v 4.106629 0.137261 4.206515
v 3.995740 0.516502 3.728385
v 3.997935 0.512803 3.726305
v 4.142836 0.386190 3.759865
v 4.262551 0.116306 3.767154
v 4.261695 0.112000 3.769724
v 3.915302 0.142307 3.782564
v 3.967722 0.101579 3.842290
v 4.329305 0.373420 3.925664
v 3.761551 0.391006 3.953458
v 4.016812 0.044998 4.249060
v 4.079598 0.179589 3.777920
v 4.075242 0.177879 3.778806
v 3.971345 0.134565 3.766751
v 4.291587 0.094354 4.146295
v 3.771619 0.015180 3.831810
v 3.977378 0.041044 3.775750
v 4.255913 0.524330 4.079429
v 4.252789 0.528011 4.079994
v 3.555425 0.117258 3.788809
v 4.274888 0.390897 4.160556
v 3.621697 0.295029 4.005875
v 3.980289 0.465270 4.274009
v 4.046768 0.664318 3.989772
v 4.145115 0.189931 3.823974
v 4.142428 0.184172 3.825648
v 3.541689 0.104260 4.038115
v 3.788867 0.200207 4.197619
v 3.978576 0.070717 3.847198
v 4.138738 0.177707 3.826024
v 4.142725 0.179805 3.828259
v 4.055016 0.660409 4.037399
v 4.053628 0.658214 4.032975
v 4.049140 0.659677 4.033398
v 4.049984 0.660352 4.038182
v 3.659420 0.287608 4.134537
v 3.551070 0.080086 4.176836
v 3.550849 0.075672 4.178192
v 3.792919 0.095303 4.232727
v 3.789652 0.098650 4.233285
v 4.163401 0.161682 3.822217
v 3.729529 0.383732 4.009064
v 3.730388 0.388030 4.009613
v 3.708795 0.079197 3.756786
v 3.704582 0.079431 3.755081
v 3.700577 0.084029 4.236527
v 3.871054 0.545993 3.911352
v 3.874040 0.549205 3.910659
v 4.147026 0.195748 3.821842
v 4.153877 0.307392 3.763626
v 4.152587 0.304079 3.767376
v 4.149688 0.309279 3.764040
v 4.168462 0.029654 4.143602
v 4.233550 0.225972 3.739907
v 4.230105 0.229059 3.741342
v 4.235012 0.229317 3.736804
v 3.586447 0.145633 3.770952
v 3.588704 0.143525 3.769486
v 4.128589 0.175629 3.827099
v 4.130204 0.306437 3.791955
v 4.349423 0.347649 4.046724
v 4.353973 0.345947 4.047347
v 3.995643 0.017832 3.930384
v 3.676136 0.058134 3.767202
v 4.298945 0.305999 4.128317
v 4.329695 0.343296 3.836295
v 4.115410 0.174504 3.817494
v 4.214542 0.368800 3.780291
v 3.857150 0.536213 3.937335
v 4.253804 0.437264 4.172148
v 4.335685 0.317580 3.809751
v 4.293319 0.315911 4.134170
v 4.294229 0.312613 4.130744
v 4.297071 0.319107 4.132487
v 4.227612 0.408383 3.803272
v 4.166164 0.435371 3.798632
v 3.532071 0.013784 4.160377
v 4.358600 0.241373 3.766881
v 3.809262 0.467818 4.070843
v 3.809308 0.468607 4.075373
v 4.436739 0.238063 4.090218
v 4.438073 0.233794 4.091730
v 4.228850 0.160262 4.119805
v 4.230372 0.164963 4.119507
v 4.127969 0.178173 3.836631
v 4.241150 0.361140 3.782882
v 4.240737 0.366671 3.785451
v 4.244245 0.363880 3.785897
v 4.215250 0.147132 4.144063
v 4.301446 0.222983 4.172814
v 4.295983 0.223272 4.169252
v 3.673083 0.094204 4.233526
v 3.746268 0.121694 3.771467
v 4.486589 0.152008 3.928036
v 4.484493 0.147845 3.928485
v 4.058465 0.012664 3.769403
v 3.922923 0.113641 4.224116
v 3.501915 0.060386 3.987270
v 3.909161 0.216102 4.255204
v 4.191564 0.539224 4.206463
v 4.190098 0.536899 4.210161
v 4.237778 0.028859 3.826045
v 4.364289 0.346036 3.884788
v 4.365247 0.348062 3.889279
v 4.344152 0.369042 3.984671
v 4.342693 0.374558 3.984633
v 4.114683 0.273319 3.780909
v 3.800027 0.016987 3.837905
v 3.899575 0.525539 3.863587
v 3.966666 0.017406 3.844702
v 3.838052 0.460817 3.893318
v 3.729097 0.392412 4.009171
v 3.731536 0.398056 4.010081
v 4.282180 0.091481 4.147222
v 4.284737 0.093384 4.144203
v 4.286759 0.095860 4.147572
v 4.123139 0.182720 3.844107
v 4.392165 0.324654 4.066303
v 3.786555 0.387755 4.208456
v 4.255385 0.157759 3.754832
v 4.221800 0.095542 3.767357
v 4.224469 0.096355 3.771343
v 3.767724 0.209944 4.186138
v 3.771484 0.206659 4.186965
v 3.774267 0.209751 4.186821
v 4.304928 0.059485 4.109985
v 4.306288 0.063196 4.112301
v 3.951420 0.481281 3.731091
v 3.638555 0.251326 4.132840
v 3.634001 0.253038 4.127946
v 4.005428 0.395886 3.734238
v 4.325475 0.333997 3.819081
v 4.175771 0.119411 3.762075
v 4.344348 0.359931 3.999056
v 3.562634 0.226255 4.030355
v 3.921788 0.105383 4.219761
v 3.920558 0.111529 4.221271
v 4.396018 0.035979 3.871161
v 3.828869 0.108071 4.233284
v 3.807260 0.466553 4.093915
v 3.972030 0.579111 3.821209
v 3.558823 0.083572 4.187768
v 4.162243 0.028904 4.135418
v 4.159272 0.028999 4.130930
v 3.561307 0.213418 4.053119
v 3.947085 0.142281 3.769884
v 3.999963 0.570220 3.838309
v 3.995795 0.568779 3.833539
v 3.512846 0.074367 4.137420
v 4.207265 0.071109 3.727181
v 3.693434 0.322621 3.989287
v 4.261557 0.082658 3.781859
v 4.171963 0.440253 3.807190
v 4.434855 0.163733 3.802190
v 4.471036 0.153564 3.877436
v 3.700387 0.279325 4.170135
v 4.241541 0.144460 4.128811
v 4.373681 0.205539 3.754779
v 4.267907 0.024970 4.240663
v 4.266703 0.020125 4.242875
v 3.563258 0.220979 3.897978
v 4.298874 0.468143 3.992949
v 3.849622 0.406413 4.230334
v 4.149439 0.184047 3.825815
v 4.145418 0.181223 3.827772
v 4.265060 0.328497 3.780244
v 4.252080 0.031904 4.187714
v 4.250520 0.030591 4.191926
v 4.252312 0.033803 4.193799
v 4.252954 0.035811 4.188951
v 4.046911 0.663098 3.956061
v 4.041370 0.664360 3.951956
v 4.042233 0.664454 3.956943
v 3.954322 0.549220 3.842622
v 3.957500 0.552999 3.842043
v 4.089767 0.549465 3.842815
v 4.217950 0.113006 3.798236
v 4.221194 0.116953 3.798417
v 3.531722 0.085133 4.113858
v 3.917829 0.557518 3.861805
v 4.340765 0.345125 4.035091
v 3.846691 0.474527 3.880982
v 3.962159 0.596954 3.865221
v 4.119466 0.177491 3.836885
v 4.119891 0.176201 3.841517
v 4.121943 0.172594 3.840550
v 3.611427 0.291822 4.014109
v 3.579352 0.264899 3.992288
v 3.714693 0.024059 3.786066
v 4.320446 0.397965 3.944644
v 4.104763 0.170167 3.794407
v 4.186157 0.462126 3.814524
v 4.189305 0.456112 3.810173
v 4.404553 0.322134 4.056256
v 4.404119 0.319550 4.059713
v 4.014790 0.574250 3.813192
v 4.010530 0.575457 3.811400
v 3.545751 0.078240 4.169581
v 3.543013 0.077143 4.166128
v 3.974813 0.072353 3.845452
v 3.737226 0.401928 4.000402
v 3.813423 0.425129 4.196944
v 3.739928 0.218716 4.164043
v 3.503609 0.076812 4.103864
v 4.246067 0.188165 4.142434
v 4.241838 0.186870 4.136980
v 4.245455 0.184460 4.139221
v 4.290145 0.101568 4.177131
v 3.501293 0.049137 4.033995
v 3.895913 0.017608 3.869047
v 4.326344 0.340768 4.084664
v 3.526782 0.068035 4.151454
v 3.527428 0.004293 3.854994
v 3.527361 0.004185 3.850296
v 3.583400 0.273776 4.002131
v 3.925111 0.140238 3.778723
v 4.165117 0.534840 3.852850
v 4.168230 0.536646 3.855877
v 4.138460 0.530799 3.816420
v 3.763914 0.442161 3.969647
v 3.710850 0.027475 3.781673
v 4.002947 0.534354 3.747874
v 4.113062 0.542010 3.816443
v 4.117024 0.539973 3.814657
v 3.765512 0.356855 3.801884
v 4.253986 0.022091 4.137680
v 4.252800 0.023562 4.133207
v 3.851582 0.066768 3.805145
v 3.593385 0.119678 4.087116
v 3.874692 0.022803 4.186727
v 3.756079 0.128297 3.776823
v 4.072080 0.224727 3.756972
v 3.990266 0.635287 3.891381
v 4.453853 0.195963 4.091215
v 4.027852 0.563291 3.804019
v 4.242979 0.527503 4.108685
v 4.246004 0.523842 4.108103
v 4.133346 0.180282 3.826861
v 4.335767 0.313355 3.807096
v 4.339425 0.312342 3.809276
v 4.340246 0.308906 3.805840
v 3.743106 0.232156 4.176614
v 3.739513 0.235067 4.175373
v 3.586218 0.111927 4.083451
v 3.583856 0.110175 4.087313
v 4.095745 0.278356 3.758118
v 3.737787 0.299325 3.808102
v 4.170198 0.149961 3.815620
v 3.531199 0.090040 4.004528
v 3.530160 0.092627 4.000733
v 4.245490 0.233356 4.144805
v 3.894123 0.111100 4.229720
v 3.896954 0.115394 4.230433
v 3.967949 0.545619 3.772675
v 3.987132 0.512754 3.726440
v 3.980526 0.514366 3.727749
v 3.984832 0.516380 3.728782
v 4.013786 0.084159 3.745255
v 4.253724 0.056938 4.170559
v 4.151178 0.300071 3.770066
v 4.155573 0.298530 3.769808
v 3.553212 0.211205 4.047648
v 4.117331 0.225417 3.804090
v 4.121120 0.227764 3.805285
v 4.223147 0.417748 3.806578
v 4.219326 0.420850 3.806938
v 3.547714 0.111080 3.793096
v 3.544693 0.113892 3.795230
v 3.549658 0.115560 3.791619
v 3.701437 0.283371 3.868356
v 3.701375 0.285858 3.872516
v 3.970645 0.034892 3.867789
v 4.367726 0.336678 4.076897
v 3.604460 0.112612 4.242318
v 3.621877 0.167892 3.748851
v 3.695716 0.241788 4.161193
v 4.247787 0.085202 3.778061
v 3.968918 0.012422 3.898131
v 3.966263 0.014711 3.900733
v 3.940475 0.105547 3.814031
v 4.128512 0.587298 3.886014
v 4.109312 0.335590 3.749812
v 4.054046 0.624021 4.243754
v 4.324900 0.383283 3.934905
v 4.117599 0.282403 3.779906
v 3.927872 0.016800 3.879248
v 4.161352 0.143926 4.179555
v 3.880798 0.090413 3.798932
v 3.876846 0.090065 3.797026
v 3.936752 0.142372 3.773757
v 4.242432 0.143363 4.133227
v 3.774343 0.391098 4.200645
v 3.777768 0.394760 4.199923
v 3.943304 0.120900 3.807192
v 4.465539 0.244648 3.964332
v 4.465707 0.244117 3.969989
v 4.433678 0.290442 4.047544
v 4.238646 0.378313 3.791360
v 4.090474 0.551586 3.846951
v 4.244279 0.019508 4.071686
v 4.241954 0.019770 4.078147
v 4.184032 0.560806 4.199544
v 3.963849 0.078604 4.205538
v 4.055492 0.659259 4.041914
v 3.982817 0.586153 3.813993
v 4.280671 0.402857 3.830705
v 3.829465 0.436407 3.923861
v 3.836295 0.513030 3.999460
v 4.046266 0.662589 4.043135
v 4.051315 0.660313 4.047163
v 4.051043 0.661457 4.042587
v 3.820987 0.502221 4.034551
v 4.284036 0.401570 3.836185
v 4.005888 0.123278 3.784313
v 4.002146 0.126863 3.783740
v 4.300225 0.213242 4.177865
v 3.765697 0.324749 3.776207
v 3.769176 0.322326 3.774546
v 4.274241 0.422382 3.864847
v 4.136349 0.323877 3.762777
v 4.138680 0.327972 3.763811
v 3.760273 0.460839 4.141010
v 3.907129 0.114620 4.227335
v 3.904727 0.110471 4.227665
v 3.669349 0.292508 3.865092
v 3.670633 0.290919 3.860950
v 3.693213 0.312410 3.966063
v 4.448942 0.169161 3.822114
v 3.893578 0.518522 3.867835
v 4.429279 0.270204 4.068975
v 4.426133 0.270296 4.072497
v 3.795854 0.342416 3.769422
v 3.906274 0.128939 4.235534
v 3.787732 0.434188 4.176269
v 3.788567 0.439736 4.172871
v 3.784611 0.437571 4.174434
v 4.172320 0.082824 3.710912
v 3.799895 0.390650 4.213473
v 4.285315 0.288051 4.138556
v 3.733860 0.388246 4.000600
v 4.302587 0.250191 4.158158
v 3.926603 0.043298 3.856653
v 3.918027 0.121114 3.791301
v 3.923012 0.123310 3.791975
v 4.119981 0.541241 3.818551
v 4.120512 0.010269 3.762199
v 4.119951 0.014486 3.758769
v 4.124679 0.014762 3.757991
v 4.125111 0.010660 3.761034
v 4.227013 0.437741 3.832948
v 3.606438 0.281707 4.080105
v 3.610516 0.283695 4.080557
v 3.509795 0.003956 4.013280
v 3.506830 0.007030 4.013383
v 3.987643 0.023822 4.151096
v 3.983606 0.026044 4.152784
v 3.981506 0.023082 4.149608
v 3.594589 0.029187 4.245434
v 3.503469 0.073121 4.127209
v 3.506009 0.075207 4.125534
v 4.246349 0.027757 4.128102
v 3.501139 0.075207 4.073108
v 4.244540 0.141469 4.137127
v 4.301645 0.464049 3.992304
v 4.231789 0.169704 4.119298
v 4.037365 0.668395 4.028912
v 4.024381 0.654402 3.928280
v 4.216637 0.070605 3.730255
v 3.905595 0.135988 4.237943
v 3.908637 0.140085 4.238854
v 3.904769 0.142745 4.239805
v 4.270865 0.405406 4.161488
v 3.505606 0.008479 4.139793
v 3.502975 0.008087 4.136172
v 4.258677 0.132697 3.763644
v 4.250406 0.031667 4.124925
v 3.529283 0.095955 4.052579
v 3.532693 0.097483 4.055359
v 3.740071 0.434428 4.139374
v 3.741482 0.433314 4.143748
v 3.702132 0.231590 4.155250
v 3.699440 0.236864 4.154344
v 3.964368 0.558564 3.840154
v 3.960814 0.110164 3.827978
v 3.963412 0.108758 3.833439
v 3.747058 0.262750 3.783447
v 3.742011 0.265652 3.785528
v 3.748452 0.262762 3.787991
v 4.348019 0.010499 3.861864
v 3.838526 0.513553 3.990080
v 3.679729 0.314906 4.098231
v 4.157223 0.232940 3.805459
v 3.515751 0.092896 3.841411
v 3.516779 0.097537 3.841851
v 4.378846 0.189639 3.757637
v 4.381877 0.192952 3.758111
v 4.435219 0.091874 3.846061
v 4.436623 0.091639 3.850656
v 3.691110 0.318868 3.978396
v 3.825676 0.442425 3.953674
v 3.827521 0.446991 3.954051
v 4.189022 0.462564 3.813927
v 3.713919 0.224345 4.158978
v 3.683728 0.212944 4.160592
v 4.009542 0.021648 4.130099
v 4.011395 0.022425 4.134055
v 4.004641 0.020691 4.131321
v 3.788630 0.197762 4.193575
v 4.272225 0.019176 4.067804
v 4.272830 0.021065 4.070997
v 4.256810 0.111159 3.776030
v 4.288155 0.022897 3.812464
v 4.282073 0.024913 3.813268
v 4.285617 0.026541 3.810733
v 4.301105 0.210759 4.179773
v 4.305715 0.211990 4.179082
v 3.862173 0.489897 3.876716
v 4.262003 0.091804 3.775701
v 4.332729 0.330474 4.104547
v 4.335698 0.327862 4.105967
v 3.977983 0.518104 3.730424
v 3.928166 0.132901 3.793207
v 3.776194 0.117904 3.788889
v 3.780826 0.116882 3.789852
v 4.314738 0.401455 3.932371
v 4.312236 0.405392 3.934060
v 4.320587 0.426091 3.974702
v 3.525927 0.001130 3.809472
v 4.427718 0.141109 3.792154
v 3.505560 0.011773 4.032595
v 3.509084 0.008475 4.032436
v 3.505563 0.011651 4.037364
v 3.804090 0.187832 4.199888
v 3.743662 0.161974 4.202275
v 3.945973 0.584453 3.866116
v 3.923599 0.074165 3.832139
v 3.946537 0.104934 3.816981
v 4.225817 0.076437 3.740925
v 4.493087 0.214059 3.915309
v 3.834193 0.509183 3.998598
v 3.932818 0.092363 4.210739
v 3.935766 0.095347 4.212253
v 3.686528 0.265811 3.779198
v 4.481596 0.147151 3.909382
v 4.237833 0.189373 4.134997
v 4.236735 0.192096 4.140058
v 4.231618 0.191133 4.138779
v 3.668830 0.150177 4.200870
v 4.277153 0.270738 3.767087
v 4.280983 0.269075 3.769074
v 4.204180 0.462120 3.816411
v 3.760075 0.247456 3.783747
v 4.251436 0.093377 4.224566
v 4.444314 0.282537 4.014688
v 3.974430 0.037932 3.804677
v 3.975232 0.041038 3.805262
v 4.047705 0.077597 4.285296
v 3.940352 0.370360 4.273225
v 3.944650 0.368120 4.273723
v 4.125249 0.306147 3.783176
v 4.125763 0.302806 3.782328
v 4.122923 0.301022 3.779213
v 3.724212 0.386703 4.017592
v 3.725940 0.391137 4.018498
v 3.722517 0.322567 3.976815
v 3.722868 0.323105 3.981369
v 3.554128 0.104726 4.045530
v 3.555454 0.108016 4.048543
v 4.021352 0.051453 4.254704
v 3.684672 0.075332 4.241632
v 3.682531 0.079176 4.239869
v 3.746853 0.165177 4.201115
v 4.287225 0.036916 3.802264
v 4.283799 0.035239 3.804711
v 4.249512 0.044087 4.116601
v 4.249328 0.047447 4.112615
v 4.255213 0.021733 4.253552
v 4.253946 0.026085 4.255692
v 4.168873 0.475815 3.828136
v 4.169432 0.476638 3.830782
v 4.152298 0.521627 3.843726
v 3.566970 0.240449 3.942763
v 3.566817 0.240347 3.947553
v 3.569340 0.244389 3.947867
v 4.247681 0.419847 3.820359
v 3.732627 0.270599 3.807613
v 3.681726 0.224517 4.172337
v 3.685251 0.226083 4.168806
v 4.076646 0.546520 3.805618
v 4.080233 0.544461 3.803214
v 3.741575 0.118067 3.768664
v 3.742635 0.123004 3.769033
v 3.975461 0.086316 3.837983
v 3.980649 0.085679 3.840703
v 3.977485 0.081048 3.841564
v 3.503139 0.064621 3.988274
v 3.542045 0.109802 3.796183
v 3.760097 0.067197 4.241401
v 4.150781 0.531321 3.852294
v 4.431923 0.254168 4.082987
v 4.429298 0.254368 4.086762
v 3.588604 0.281874 4.016734
v 3.585479 0.279025 4.016896
v 3.641545 0.287819 4.117705
v 3.640881 0.284644 4.120881
v 3.645895 0.289555 4.118630
v 3.979257 0.068468 3.845702
v 4.249565 0.022425 4.072631
v 4.095564 0.181284 3.801158
v 4.094488 0.184885 3.798728
v 4.188509 0.549354 4.205610
v 3.815566 0.477601 4.088908
v 3.818707 0.481214 4.093785
v 3.817877 0.481663 4.088910
v 4.279002 0.186585 4.179590
v 4.236353 0.168167 4.121027
v 4.100553 0.298958 3.756079
v 4.014540 0.082624 4.212682
v 3.965396 0.512232 3.731929
v 3.968059 0.515915 3.730697
v 3.577899 0.209067 4.071831
v 3.581350 0.211021 4.074808
v 3.577960 0.213278 4.069588
v 4.260640 0.019541 4.242380
v 4.186207 0.385124 3.782564
v 3.971081 0.061440 3.851365
v 3.966667 0.062259 3.850022
v 3.861498 0.542547 3.926243
v 3.862405 0.541656 3.921538
v 3.559919 0.217214 3.898354
v 3.559994 0.222112 3.900540
v 4.427323 0.278038 4.063664
v 3.783606 0.432430 3.914535
v 4.391098 0.024375 3.882739
v 3.945407 0.339797 4.270586
v 4.246601 0.442564 4.177694
v 4.241302 0.152092 4.126429
v 4.197040 0.528462 3.883258
v 4.195505 0.527265 3.878845
v 3.815622 0.424958 3.943936
v 3.819166 0.428466 3.949127
v 4.313313 0.398373 3.881154
v 4.312593 0.396958 3.876525
v 3.765491 0.415322 3.951928
v 3.932042 0.307842 4.267125
v 3.928036 0.309959 4.267002
v 3.803066 0.348896 3.768411
v 3.606133 0.283176 4.075370
v 3.685647 0.004492 3.796484
v 3.690559 0.005114 3.797117
v 4.157112 0.288989 3.774773
v 3.746172 0.189154 4.180092
v 3.552064 0.004184 4.111935
v 4.135612 0.328731 3.776487
v 3.627452 0.160648 4.114292
v 4.134368 0.311003 3.779882
v 4.157073 0.078430 3.713282
v 3.882464 0.136291 4.232706
v 4.145609 0.502371 3.807466
v 4.072065 0.624229 3.917283
v 3.959970 0.499115 3.731249
v 4.250420 0.019980 4.133474
v 3.866152 0.492496 3.876513
v 3.778657 0.431698 3.947335
v 3.564592 0.236335 3.942394
v 3.558322 0.208111 3.894150
v 4.037937 0.200777 3.764165
v 4.156741 0.368933 3.779333
v 4.159226 0.368884 3.775034
v 4.244294 0.072588 4.107831
v 4.247382 0.074885 4.113457
v 4.224456 0.425794 3.812560
v 4.228827 0.423984 3.817432
v 4.226892 0.421772 3.813885
v 4.206904 0.462445 3.820245
v 4.136354 0.141720 3.759503
v 4.068129 0.655071 4.030586
v 4.226216 0.448461 3.845761
v 4.222199 0.447463 3.840652
v 3.582673 0.206521 4.075552
v 4.462701 0.155557 3.856655
v 3.699370 0.322065 3.983854
v 3.698522 0.323897 3.988152
v 3.704410 0.325284 3.988709
v 4.431781 0.290129 4.051859
v 3.732072 0.287312 3.818681
v 3.706269 0.354569 4.007928
v 4.010820 0.022192 3.939264
v 4.060398 0.548643 3.800093
v 4.063916 0.549468 3.803324
v 3.687504 0.179694 4.169289
v 3.759960 0.340064 3.793158
v 4.491114 0.161458 3.947298
v 4.491633 0.156130 3.947148
v 4.123756 0.200721 3.817287
v 4.128150 0.201689 3.816490
v 4.129111 0.197411 3.818160
v 4.124225 0.197886 3.820590
v 4.068123 0.642933 3.944661
v 3.676823 0.121697 4.219737
v 4.252006 0.201441 3.736107
v 4.248421 0.204135 3.737947
v 3.764187 0.413082 4.182618
v 3.884868 0.514890 3.870145
v 3.887747 0.518502 3.869157
v 3.658078 0.147534 4.192032
v 3.660681 0.147742 4.195724
v 3.664017 0.150042 4.193089
v 4.293076 0.216827 3.733440
v 4.058264 0.123343 4.212631
v 4.260690 0.174060 3.744262
v 3.678295 0.306082 4.134430
v 4.225567 0.072052 3.741953
v 3.892269 0.021535 3.865096
v 3.887577 0.021638 3.863826
v 3.750353 0.162497 4.203218
v 3.753520 0.165916 4.202036
v 4.238183 0.550002 4.006094
v 4.059573 0.658454 4.036610
v 4.058665 0.658419 4.032106
v 3.983438 0.016126 3.916892
v 3.921399 0.527905 3.859319
v 3.916440 0.526663 3.860753
v 4.114892 0.179433 3.817883
v 4.365173 0.210759 3.750302
v 3.758635 0.071752 4.242060
v 4.005747 0.014854 3.926613
v 3.686321 0.213264 4.156958
v 4.133749 0.312825 3.773164
v 4.134584 0.316890 3.771088
v 3.540002 0.076051 4.162949
v 4.264235 0.525228 4.040687
v 4.264810 0.524536 4.045307
v 3.831216 0.395430 4.228638
v 3.837539 0.397530 4.230618
v 3.834173 0.399235 4.227607
v 4.236698 0.090679 4.159325
v 3.766382 0.437588 3.955847
v 3.765855 0.439813 3.961287
v 3.943685 0.555579 3.830040
v 3.891256 0.140523 4.237152
v 3.916925 0.132699 3.785631
v 4.162072 0.500319 3.841797
v 4.157912 0.493291 3.821301
v 3.507946 0.001993 4.003621
v 3.619128 0.280098 4.101706
v 3.619752 0.276529 4.104909
v 4.321321 0.416896 3.946165
v 4.323151 0.412285 3.945336
v 3.826011 0.505760 4.021060
v 4.238754 0.186078 4.130745
v 4.241570 0.183054 4.133705
v 4.050194 0.226615 3.744555
v 4.266320 0.129878 3.761693
v 3.985989 0.056865 3.766665
v 3.999502 0.122433 3.783427
v 3.972147 0.098069 3.844572
v 3.975367 0.094285 3.843040
v 4.066543 0.156096 3.791204
v 4.252712 0.020759 4.067375
v 3.719357 0.073815 3.766972
v 3.920311 0.260196 4.260993
v 3.916222 0.262610 4.261142
v 3.773096 0.216019 4.187014
v 3.772381 0.217346 4.191102
v 3.769414 0.220772 4.189516
v 4.312534 0.327051 4.112427
v 4.316497 0.332706 4.111423
v 4.494245 0.211162 3.914743
v 3.586283 0.228252 4.062153
v 3.773855 0.022697 3.821146
v 4.035245 0.663159 3.948745
v 3.984587 0.066878 3.768094
v 4.021561 0.555916 4.266259
v 4.053118 0.152633 3.790781
v 4.012492 0.389460 3.734836
v 4.453475 0.130900 4.088937
v 3.804090 0.459863 4.067032
v 4.467439 0.190222 3.850321
v 4.488168 0.151989 3.937715
v 3.642926 0.135442 4.216687
v 4.026577 0.019104 4.119901
v 4.030083 0.017960 4.121816
v 4.025593 0.022318 4.123725
v 3.625031 0.239853 4.114901
v 3.622728 0.243658 4.112727
v 3.621728 0.236142 4.112981
v 3.750693 0.417687 3.963602
v 3.781518 0.457532 4.113201
v 3.786157 0.457547 4.112802
v 4.291865 0.430672 3.893496
v 4.338436 0.331222 3.836150
v 4.338580 0.333964 3.840285
v 4.496229 0.198049 3.910990
v 3.809748 0.099819 4.232460
v 3.806341 0.102921 4.233495
v 3.803042 0.099282 4.233040
v 3.967073 0.012082 3.858874
v 3.798812 0.015754 3.842341
v 4.300767 0.235802 4.165436
v 3.698516 0.272869 4.161759
v 3.701241 0.345927 4.180246
v 4.171772 0.477422 3.833946
v 4.353347 0.347082 4.008230
v 4.123296 0.142145 4.198903
v 3.822277 0.107385 4.233405
v 3.963585 0.066784 3.845990
v 3.967939 0.065969 3.847260
v 3.962302 0.062992 3.848694
v 4.295928 0.165081 4.191558
v 4.291521 0.167088 4.190158
v 4.299360 0.176763 4.195978
v 3.849672 0.375782 3.754636
v 3.628318 0.145398 4.116698
v 3.633896 0.297721 3.988119
v 3.723006 0.081499 4.237872
v 3.564748 0.236400 3.932914
v 4.008394 0.605779 3.866399
v 4.009696 0.610495 3.870871
v 4.346661 0.283982 3.789999
v 4.391897 0.011620 4.013458
v 3.680189 0.223773 4.165777
v 3.684528 0.228274 4.166687
v 4.149298 0.564578 3.858953
v 4.147190 0.569079 3.863560
v 4.253947 0.053518 4.099322
v 4.110802 0.137193 4.204605
v 4.111749 0.133222 4.206758
v 3.544250 0.096786 4.022315
v 3.545625 0.099407 4.028007
v 3.765239 0.448345 4.012415
v 4.254403 0.060452 4.108688
v 3.715228 0.247733 4.165602
v 4.307309 0.408313 3.926404
v 4.221792 0.029206 4.194760
v 4.218880 0.031949 4.196779
v 4.125405 0.210108 3.812939
v 3.975710 0.613977 3.871582
v 4.238193 0.148978 4.124381
v 3.706664 0.246007 4.155316
v 3.547643 0.177913 3.874205
v 3.549439 0.178435 3.869874
v 3.988929 0.023585 4.155128
v 3.502079 0.093616 3.932975
v 4.060530 0.625984 4.244873
v 4.316463 0.382986 4.073932
v 3.933859 0.091696 3.822039
v 4.496029 0.189427 3.933639
v 4.496714 0.185105 3.932097
v 3.985912 0.081148 4.212926
v 3.988650 0.084620 4.214658
v 3.852693 0.372269 3.753467
v 3.552607 0.119882 3.791382
v 3.547748 0.117692 3.795247
v 4.382963 0.005473 3.977143
v 4.015877 0.127311 3.785158
v 3.936270 0.541385 3.852895
v 3.869349 0.549029 3.920411
v 4.245615 0.040355 3.812656
v 4.298730 0.202268 4.183628
v 4.194156 0.080628 3.721922
v 4.475523 0.139677 3.880184
v 3.916157 0.039932 3.856706
v 3.504523 0.003948 4.134538
v 3.510916 0.003821 4.132404
v 3.512732 0.004193 4.135337
v 3.507204 0.004234 4.138679
v 3.587001 0.277139 4.002199
v 4.353486 0.294103 3.816342
v 4.356686 0.291431 3.819069
v 4.304971 0.237646 4.165030
v 4.282362 0.279307 3.776360
v 3.572121 0.098535 4.142593
v 3.594626 0.262025 4.072912
v 3.597343 0.263834 4.078629
v 3.596302 0.266383 4.074799
v 4.314133 0.359814 4.102504
v 4.057018 0.655483 4.022879
v 4.057725 0.656360 4.027750
v 4.061774 0.654616 4.022298
v 3.706381 0.046203 4.253400
v 4.033511 0.664516 4.081440
v 4.099953 0.540838 3.807124
v 3.966952 0.535885 3.758914
v 3.622513 0.294758 4.001173
v 3.626938 0.296679 4.001780
v 4.457217 0.205040 4.061925
v 4.333574 0.396179 3.979062
v 4.076194 0.651940 4.020215
v 4.071486 0.653427 4.020848
v 4.072340 0.654103 4.025361
v 4.314508 0.439294 3.984854
v 4.314165 0.439061 3.989687
v 3.965518 0.428965 4.277097
v 3.969963 0.427130 4.276947
v 3.523741 0.006412 3.854748
v 3.602678 0.120860 4.099114
v 4.283571 0.416019 3.871288
v 3.736372 0.295130 3.808184
v 4.307900 0.033078 4.084884
v 3.979536 0.050375 3.775264
v 4.166609 0.065206 3.720840
v 3.629782 0.222705 4.116703
v 3.627217 0.225889 4.114585
v 3.582377 0.110560 4.080669
v 4.226133 0.514720 4.178795
v 4.298115 0.315278 4.118965
v 3.681969 0.213100 4.163794
v 3.514547 0.004565 4.138271
v 3.817265 0.451380 4.014280
v 3.628252 0.250585 4.118013
v 3.697955 0.309024 3.962694
v 4.042422 0.571505 3.840010
v 4.042402 0.566163 3.837710
v 4.053089 0.113503 4.217246
v 4.289787 0.112654 4.171097
v 4.286927 0.114920 4.172849
v 3.811802 0.481919 4.069004
v 3.799428 0.368472 3.796590
v 4.479043 0.206220 3.978490
v 3.628489 0.287864 4.096926
v 3.615567 0.280531 4.096026
v 3.616118 0.277556 4.099986
v 4.343114 0.372716 3.981259
v 4.339311 0.366903 3.983290
v 3.717722 0.104233 3.754496
v 4.067244 0.080328 4.285628
v 4.229040 0.401888 3.799627
v 4.303237 0.033530 4.086041
v 3.685570 0.209227 4.163977
v 4.248234 0.096730 4.134745
v 4.249930 0.093809 4.137923
v 3.617959 0.251421 4.108784
v 4.251611 0.034429 4.082380
v 3.500671 0.083913 3.946491
v 4.337033 0.388249 3.982339
v 4.337867 0.386590 3.977800
v 4.305866 0.224556 4.172162
v 4.028610 0.664696 4.043937
v 4.033460 0.666121 4.048438
v 4.032821 0.667230 4.043864
v 4.031006 0.201660 3.763929
v 4.034831 0.203878 3.761973
v 4.034129 0.198518 3.766042
v 4.315809 0.355319 4.101703
v 3.521412 0.098853 3.812563
v 3.521206 0.093930 3.807143
v 4.193832 0.076926 3.721432
v 3.943148 0.121414 3.803241
v 4.191092 0.016267 3.748420
v 4.196414 0.012050 3.751096
v 4.491524 0.203631 3.932481
v 3.824691 0.436942 3.948836
v 3.826722 0.441725 3.948619
v 3.679141 0.301363 4.133234
v 3.501378 0.076531 4.093994
v 4.016446 0.662315 4.210904
v 4.023073 0.664845 4.213401
v 4.247310 0.334040 3.775747
v 4.250090 0.337719 3.776436
v 3.635556 0.207383 4.120842
v 4.273668 0.292553 3.771423
v 4.277391 0.291734 3.772871
v 3.770993 0.204172 4.183057
v 3.965637 0.032888 3.876415
v 4.276618 0.428093 3.863415
v 3.826024 0.104485 4.232625
v 3.716866 0.365349 4.005565
v 3.827396 0.492295 4.098911
v 3.827858 0.491849 4.103724
v 4.449870 0.266919 3.997533
v 4.167676 0.530689 3.852953
v 4.164164 0.528641 3.850745
v 3.777586 0.428648 3.941655
v 4.237350 0.051436 4.197934
v 3.780858 0.457232 4.094476
v 3.776334 0.457909 4.094629
v 4.106575 0.325677 3.751622
v 4.109129 0.323075 3.754654
v 3.928397 0.589670 4.201021
v 4.249930 0.051990 4.184959
v 3.647579 0.221055 4.135877
v 3.531187 0.121356 3.821676
v 3.529375 0.121294 3.826166
v 4.258346 0.022334 4.070408
v 4.262870 0.020976 4.069754
v 4.363359 0.338874 4.073415
v 4.358744 0.340042 4.072880
v 4.362712 0.337949 4.076318
v 4.017465 0.558320 4.265556
v 3.794897 0.432529 3.984505
v 3.665868 0.125696 3.751775
v 3.663697 0.121393 3.751639
v 3.962590 0.405761 4.277824
v 4.248900 0.530368 4.085160
v 4.285802 0.161647 4.183043
v 4.288962 0.159298 4.185806
v 3.522637 0.003968 3.936074
v 4.252551 0.084913 4.148739
v 4.252162 0.087820 4.144870
v 4.253318 0.081237 4.145576
v 3.781016 0.422790 4.181647
v 3.784434 0.419750 4.183750
v 3.932603 0.128852 3.802502
v 3.969359 0.106523 3.831558
v 4.047896 0.663933 3.999039
v 3.759330 0.441671 3.978160
v 3.775737 0.424792 3.942541
v 3.772661 0.427009 3.945546
v 4.019999 0.489381 3.727616
v 4.023683 0.492397 3.728537
v 4.133328 0.152887 3.771682
v 4.129811 0.151304 3.769392
v 3.848743 0.111029 4.232756
v 3.907399 0.426240 3.742135
v 3.694581 0.287365 4.172181
v 4.288231 0.400846 3.844191
v 3.608913 0.032740 4.263187
v 4.322055 0.416760 3.950537
v 3.877112 0.079591 3.806914
v 4.022952 0.006564 4.001078
v 4.019482 0.665398 4.026083
v 3.976175 0.467177 4.272974
v 4.218809 0.175782 4.146837
v 4.220096 0.180285 4.146889
v 4.315731 0.313407 4.121577
v 4.316018 0.319111 4.118601
v 3.510550 0.075216 4.132943
v 3.606249 0.157240 3.757511
v 4.303592 0.335888 4.138327
v 4.306318 0.339094 4.135327
v 3.777968 0.447751 4.047744
v 3.782747 0.446833 4.048376
v 3.639137 0.288708 4.111381
v 4.167108 0.082154 3.710087
v 3.786993 0.435342 3.916110
v 3.791271 0.437086 3.917433
v 4.240905 0.069657 4.102778
v 4.355241 0.342411 4.067100
v 4.453465 0.184165 4.118646
v 4.452149 0.188257 4.116176
v 4.494769 0.202566 3.922524
v 3.703347 0.269576 4.165687
v 3.910447 0.036266 3.858107
v 3.909394 0.032422 3.860847
v 4.183596 0.287633 3.749203
v 3.725733 0.280579 3.833570
v 3.945352 0.111140 3.817914
v 3.500000 0.065631 4.067713
v 3.954394 0.478801 3.728644
v 4.157657 0.226732 3.807889
v 4.154227 0.229807 3.807856
v 3.597768 0.281542 4.065351
v 3.595589 0.277392 4.064331
v 3.536465 0.141984 3.841614
v 3.625782 0.254379 4.115892
v 3.722515 0.117810 3.756726
v 3.726116 0.116258 3.758830
v 4.014701 0.667294 4.002249
v 4.019321 0.668642 4.001456
v 3.677023 0.062624 3.764966
v 3.962513 0.109959 3.823908
v 4.260754 0.430554 3.853514
v 4.257496 0.433850 3.852621
v 4.259348 0.437072 3.855353
v 3.924430 0.109427 4.219348
v 4.148435 0.528473 3.849627
v 3.794490 0.064310 4.218975
v 3.553541 0.111297 4.031288
v 3.988354 0.019445 4.142033
v 3.989924 0.022481 4.145083
v 3.985713 0.022581 4.147326
v 4.286451 0.031518 3.806216
v 4.289935 0.033432 3.804395
v 4.252328 0.120249 3.778636
v 4.460004 0.213185 4.040355
v 3.852556 0.108378 4.231817
v 3.855401 0.112291 4.232719
v 3.545474 0.089303 4.122594
v 3.552223 0.092328 4.121514
v 3.626693 0.004719 3.795983
v 3.626679 0.003268 3.800411
v 3.512845 0.118245 3.956615
v 3.570313 0.209521 4.064682
v 4.133735 0.579780 3.875857
v 4.085802 0.627316 3.933475
v 3.577121 0.102054 4.135105
v 3.574626 0.100327 4.138878
v 3.580911 0.103461 4.138459
v 3.845428 0.468832 3.893407
v 4.000835 0.085718 3.750205
v 3.976721 0.059344 4.183027
v 3.919457 0.585249 4.197751
v 3.918220 0.587145 4.193671
v 4.395297 0.016378 4.026465
v 3.502706 0.058595 4.043145
v 4.344550 0.320261 3.833536
v 4.456014 0.205480 4.066310
v 4.454658 0.209945 4.065285
v 3.734232 0.291321 3.813326
v 3.719708 0.157702 4.202122
v 4.187715 0.504845 3.844001
v 4.165015 0.491345 3.836229
v 3.794588 0.425709 3.950633
v 4.285781 0.404931 3.844060
v 3.578669 0.226946 4.050830
v 4.254625 0.208822 3.730312
v 4.051857 0.652990 4.232324
v 3.588227 0.282057 4.031748
v 3.592170 0.285044 4.026709
v 4.216609 0.014454 3.815269
v 3.806370 0.039372 4.209238
v 3.804582 0.034712 4.208835
v 4.251772 0.537824 4.025696
v 4.248669 0.541114 4.026924
v 3.797231 0.051755 4.214863
v 3.799501 0.055911 4.215140
v 3.775600 0.228000 3.785779
v 3.771124 0.229150 3.787454
v 3.684415 0.318840 3.987721
v 4.208049 0.519505 4.193917
v 4.205227 0.516270 4.196911
v 3.752299 0.018472 3.812289
v 4.249023 0.093075 4.234689
v 3.534219 0.028000 4.161361
v 3.603175 0.187294 4.089005
v 4.087862 0.254731 3.759041
v 3.799698 0.102541 4.233450
v 4.234323 0.179454 4.121907
v 4.235048 0.184073 4.125671
v 4.231244 0.182623 4.126371
v 4.334550 0.092509 4.123572
v 4.338636 0.092330 4.121240
v 3.871781 0.516173 4.198613
v 4.206100 0.103046 3.765706
v 3.818234 0.503596 4.048139
v 4.296413 0.093990 4.144173
v 4.289031 0.092030 4.142843
v 3.662050 0.308366 3.985360
v 3.824567 0.157547 4.221922
v 4.309328 0.431789 3.928555
v 4.314329 0.425878 3.925169
v 4.249875 0.439584 3.851499
v 4.231971 0.489255 3.880811
v 4.227113 0.491481 3.876547
v 4.317970 0.364132 4.088981
v 3.718035 0.063739 3.770139
v 3.713527 0.058555 3.768939
v 3.770527 0.413801 4.184455
v 3.613780 0.047725 4.272289
v 3.914363 0.544555 3.858441
v 3.854536 0.528263 3.960688
v 3.798319 0.462771 4.084842
v 3.802807 0.464741 4.089371
v 4.037709 0.023441 4.239966
v 3.976034 0.044143 3.805846
v 3.609527 0.119789 4.115053
v 3.775348 0.185640 4.185928
v 4.340370 0.369670 4.001767
v 3.674677 0.307107 3.917347
v 4.336348 0.346148 4.039137
v 3.984086 0.012634 3.908920
v 3.986592 0.010748 3.904935
v 3.891809 0.542516 4.198818
v 3.751711 0.259774 3.787424
v 3.780685 0.093641 3.796633
v 4.079380 0.635314 4.237992
v 4.173446 0.023224 4.251402
v 3.755481 0.378174 3.956128
v 3.598114 0.027507 4.243311
v 3.555094 0.198238 3.886477
v 3.552731 0.197444 3.890002
v 3.554621 0.201960 3.891310
v 4.269442 0.441052 3.871462
v 3.912417 0.122415 4.229535
v 4.116277 0.353276 3.748998
v 3.814589 0.477867 4.083967
v 3.513967 0.098321 3.963259
v 3.947586 0.601003 3.889175
v 3.947765 0.602164 3.893656
v 4.349550 0.286027 3.795933
v 3.574112 0.252187 3.958008
v 4.228198 0.155493 4.120986
v 4.224898 0.156422 4.124311
v 3.576515 0.174744 4.061079
v 3.579501 0.176797 4.064310
v 4.285929 0.072720 4.195305
v 3.828996 0.054788 3.809213
v 3.829972 0.051068 3.811318
v 4.082966 0.623963 3.924889
v 4.257768 0.179408 3.742021
v 4.092813 0.166280 3.792145
v 4.248886 0.031870 4.129685
v 3.619186 0.171448 3.750294
v 4.140467 0.541694 3.830008
v 3.669555 0.231923 4.163629
v 3.674949 0.228825 4.165734
v 3.676385 0.232207 4.165946
v 3.673435 0.234984 4.163085
v 4.145711 0.513555 3.816275
v 3.650134 0.140947 3.750576
v 4.118714 0.250889 3.792463
v 3.526165 0.001785 3.806172
v 3.787331 0.069074 4.223174
v 3.791938 0.060015 4.218910
v 3.676287 0.081120 4.239471
v 3.729240 0.288919 3.827787
v 4.157895 0.393087 3.776515
v 4.114330 0.283968 3.776559
v 3.774043 0.415148 3.940668
v 4.209810 0.144164 4.152169
v 3.858551 0.495526 3.882847
v 4.346814 0.350052 3.996845
v 4.077253 0.174460 3.781302
v 4.230091 0.516514 4.164231
v 3.945632 0.467273 3.729833
v 3.804274 0.462431 4.117013
v 3.921773 0.126882 3.789348
v 3.691844 0.326000 4.053792
v 3.776019 0.212468 4.188733
v 3.762546 0.389727 3.949301
v 3.792219 0.442743 4.167441
v 4.015516 0.601402 4.242304
v 4.016204 0.596365 4.245944
v 4.143480 0.533260 3.851993
v 4.145781 0.533726 3.848922
v 4.296081 0.178173 4.195765
v 4.305006 0.195120 4.188284
v 3.936136 0.106436 4.224888
v 3.781988 0.441000 4.172454
v 4.026830 0.665886 4.207281
v 4.024627 0.665715 4.211624
v 3.843882 0.517980 3.981975
v 3.848483 0.521599 3.978463
v 3.974127 0.017187 3.783320
v 4.262927 0.269954 4.141604
v 4.266409 0.267115 4.141552
v 4.152768 0.391681 3.767600
v 4.150633 0.387135 3.766774
v 4.323598 0.407276 3.945191
v 3.894898 0.514894 3.858773
v 3.912552 0.147030 3.778512
v 3.908183 0.148759 3.779088
v 3.500174 0.074051 3.958199
v 3.752629 0.267643 3.788029
v 4.007855 0.602466 3.862755
v 3.772794 0.016409 3.827455
v 4.186902 0.081851 4.121190
v 4.080428 0.552348 3.843417
v 4.081894 0.556107 3.845909
v 3.588094 0.109587 4.114625
v 4.248727 0.099654 4.221640
v 4.151153 0.312532 3.760161
v 4.190417 0.281398 3.746122
v 3.864895 0.079220 3.799969
v 3.860617 0.079687 3.799216
v 4.173537 0.449899 3.810548
v 3.543360 0.099294 4.018955
v 3.647418 0.137181 3.750719
v 3.756679 0.388707 3.957394
v 4.290206 0.088416 4.138460
v 4.286514 0.090210 4.139147
v 4.238914 0.422815 3.820266
v 4.239547 0.424966 3.824816
v 3.982152 0.058026 3.768930
v 4.018470 0.652819 3.925186
v 4.023109 0.652576 3.924002
v 4.141584 0.539448 3.828997
v 4.143418 0.538652 3.834464
v 3.940832 0.587324 3.874725
v 4.136583 0.146212 3.764143
v 3.913192 0.230687 4.256925
v 3.908997 0.233183 4.257332
v 4.142800 0.543602 3.844713
v 4.138518 0.546869 3.843718
v 4.137621 0.545626 3.847850
v 4.141378 0.540932 3.849811
v 4.165227 0.460174 3.808348
v 4.263456 0.154424 3.752389
v 3.579133 0.235535 4.044970
v 4.223006 0.010644 3.854230
v 4.225586 0.012781 3.852283
v 4.270094 0.071640 3.785934
v 4.124475 0.563191 3.853884
v 3.987570 0.098263 3.862689
v 3.989075 0.096421 3.858002
v 3.870425 0.396082 3.751680
v 3.616311 0.125879 4.111439
v 3.615491 0.122879 4.114281
v 4.242220 0.368486 3.788232
v 4.275228 0.379265 3.810753
v 4.275568 0.382169 3.812785
v 4.340017 0.370903 3.882312
v 4.120907 0.237424 3.800679
v 4.160045 0.395674 3.781581
v 4.285743 0.280345 3.782471
v 3.925130 0.295436 4.265703
v 4.024158 0.577091 4.262712
v 4.021409 0.573134 4.263606
v 4.025342 0.570981 4.266282
v 4.000404 0.115473 3.778685
v 3.976575 0.511727 3.727252
v 4.275706 0.351699 3.797204
v 4.464508 0.153833 4.099782
v 4.463903 0.155264 4.102869
v 4.120301 0.291378 3.778541
v 4.319493 0.349972 3.829489
v 3.733714 0.243402 4.175529
v 3.735803 0.246750 4.178956
v 4.460153 0.251972 3.972235
v 4.457745 0.255665 3.977009
v 4.460658 0.251499 3.976466
v 4.327180 0.375112 3.946174
v 4.228255 0.146591 4.124260
v 4.279299 0.016098 3.822288
v 4.453205 0.262613 3.983701
v 4.453178 0.262647 3.988240
v 4.300756 0.326181 4.133548
v 4.297072 0.323326 4.135231
v 3.501726 0.077863 3.959913
v 4.002429 0.015019 3.922474
v 4.126412 0.176245 3.857096
v 3.997564 0.528797 3.740776
v 4.001493 0.530230 3.742536
v 4.243763 0.545229 4.018668
v 3.588448 0.221993 4.069340
v 4.238433 0.055672 4.265514
v 4.413949 0.046710 4.057059
v 4.140136 0.546287 3.848377
v 3.950535 0.079328 4.201783
v 4.005466 0.579845 3.813951
v 4.039986 0.662591 3.947534
v 4.229226 0.389817 3.793030
v 4.207575 0.464845 3.837194
v 4.169946 0.095611 3.719716
v 3.988426 0.632417 3.881709
v 3.984446 0.630171 3.883802
v 3.842143 0.475182 3.874125
v 4.301744 0.406688 3.908302
v 4.038378 0.664998 4.057770
v 3.759930 0.336397 3.788434
v 3.957956 0.105834 3.834049
v 3.645060 0.224808 4.134065
v 4.309639 0.383384 3.853882
v 4.313676 0.381459 3.855689
v 3.935305 0.139259 3.776063
v 3.803917 0.430616 4.187322
v 3.991509 0.590307 3.818174
v 3.991812 0.587650 3.813623
v 3.986593 0.591119 3.818287
v 3.666155 0.334966 4.157039
v 4.150135 0.208471 3.816954
v 3.968848 0.557525 3.788907
v 4.462030 0.157959 4.106383
v 4.462510 0.161805 4.104671
v 4.234678 0.552855 4.007315
v 4.238860 0.549474 4.010833
v 3.664006 0.153557 4.187157
v 3.774814 0.132846 3.785569
v 4.019088 0.022512 4.125426
v 3.812899 0.103339 4.233230
v 4.236472 0.093273 4.270586
v 4.232319 0.094290 4.275997
v 4.236149 0.092053 4.275236
v 3.725289 0.045004 4.249507
v 3.724884 0.042451 4.246280
v 3.612762 0.213044 4.107463
v 3.988114 0.093613 3.846491
v 3.919799 0.136180 3.790504
v 3.913653 0.138168 3.784673
v 3.919459 0.140826 3.782894
v 3.988431 0.099443 3.846382
v 4.353228 0.058298 3.817982
v 4.181945 0.113296 3.758297
v 4.344562 0.322872 3.837018
v 4.150517 0.584618 4.231024
v 3.827728 0.436640 3.937202
v 4.038630 0.568704 3.831617
v 4.043036 0.566894 3.833183
v 3.972609 0.620229 3.884909
v 4.400283 0.324989 4.028600
v 4.405239 0.323070 4.028214
v 4.063293 0.629862 4.243672
v 4.323454 0.396780 3.953454
v 4.326981 0.394613 3.958676
v 4.258032 0.317247 3.774856
v 3.671640 0.295849 4.132631
v 3.672479 0.293657 4.136878
v 3.715252 0.032901 3.782043
v 3.719325 0.033826 3.784449
v 4.496191 0.169701 3.952657
v 3.611426 0.193649 4.099373
v 4.219117 0.143228 4.129698
v 4.223734 0.141989 4.126817
v 3.962695 0.107671 3.835357
v 3.511964 0.119497 3.952979
v 3.720039 0.327334 3.988623
v 4.278089 0.023549 4.232307
v 3.549777 0.185945 3.880994
v 3.551760 0.186547 3.876832
v 4.321676 0.378856 4.060080
v 4.234206 0.553651 4.002384
v 3.665128 0.334044 4.147898
v 4.292220 0.018552 4.069278
v 4.153757 0.010588 3.760015
v 3.904050 0.173326 4.248143
v 3.936143 0.128500 3.816661
v 3.926167 0.134320 3.792914
v 3.802059 0.040609 4.210993
v 3.803731 0.044776 4.211193
v 3.689209 0.242820 4.159169
v 3.714107 0.088125 3.757479
v 4.193927 0.107999 3.762019
v 3.896685 0.158290 3.778517
v 3.822933 0.355125 3.762278
v 3.979529 0.507676 3.726619
v 3.704309 0.077390 4.239837
v 3.518661 0.136268 3.967156
v 3.775578 0.213733 4.192377
v 3.616249 0.240589 3.878700
v 4.334399 0.343147 4.052658
v 4.321454 0.398736 3.948243
v 4.322728 0.394718 3.949178
v 3.714348 0.399817 4.148546
v 4.057571 0.575432 3.847688
v 4.008983 0.024436 3.935010
v 3.948962 0.117205 3.814158
v 3.949954 0.117188 3.809825
v 3.614699 0.195761 4.102024
v 4.463053 0.135339 3.842656
v 4.461568 0.139816 3.843865
v 4.189293 0.534539 3.879145
v 4.159389 0.397411 3.777680
v 4.424636 0.066662 4.062234
v 4.432741 0.285545 4.052085
v 4.429856 0.285240 4.055786
v 4.315425 0.358129 3.834914
v 3.977458 0.101713 3.847203
v 3.952424 0.112873 3.837883
v 3.955367 0.113448 3.839016
v 3.956627 0.114405 3.834914
v 4.252458 0.057612 4.104300
v 3.680390 0.303811 4.143410
v 4.228127 0.026103 3.832940
v 4.226794 0.022804 3.835984
v 4.114907 0.365361 3.743431
v 4.236910 0.053459 3.805992
v 4.293168 0.020509 4.073489
v 3.803513 0.455272 3.873893
v 3.941292 0.342023 4.271120
v 3.702632 0.241839 4.160972
v 3.944249 0.120222 3.831904
v 3.941151 0.121739 3.831775
v 3.933672 0.127674 3.821160
v 3.932603 0.129501 3.817168
v 4.117118 0.177753 3.827426
v 4.118596 0.177679 3.832077
v 3.919677 0.132182 3.789166
v 3.919484 0.130020 3.787333
v 3.629742 0.155429 3.749664
v 3.632822 0.158984 3.749535
v 4.315122 0.405012 3.937884
v 3.926189 0.108906 3.804754
v 3.754043 0.319836 3.781024
v 4.464235 0.139426 3.848416
v 3.777242 0.141947 3.784399
v 4.091352 0.620583 4.243196
v 3.929280 0.535177 3.856355
v 4.188276 0.196617 3.801224
v 4.191607 0.193150 3.800346
v 4.189364 0.190724 3.803862
v 3.703515 0.384051 4.153287
v 4.215300 0.028738 4.187494
v 4.044790 0.013130 4.120400
v 4.044794 0.014977 4.124585
v 4.243680 0.028272 4.101416
v 3.638091 0.210109 4.123797
v 4.042017 0.020034 4.236149
v 4.037460 0.020472 4.236520
v 3.981475 0.100966 3.849455
v 3.978942 0.098405 3.853045
v 3.971911 0.102242 3.844400
v 3.969476 0.097986 3.839967
v 3.965715 0.099141 3.835781
v 3.964712 0.101839 3.838324
v 4.258852 0.155489 3.752375
v 4.261895 0.019529 4.065533
v 4.319170 0.421341 3.947040
v 4.294837 0.303131 4.129354
v 4.291226 0.306242 4.129280
v 4.288016 0.302347 4.131743
v 3.727678 0.284295 3.828201
v 4.488212 0.156349 3.937749
v 4.135224 0.314668 3.777065
v 3.843829 0.399498 4.232533
v 3.893841 0.508559 3.867430
v 4.306355 0.040395 4.092680
v 4.084393 0.619023 3.915609
v 3.665774 0.105316 4.228874
v 4.093104 0.621970 4.238599
v 4.248592 0.039948 4.259957
v 4.238673 0.181797 4.127529
v 4.018415 0.020679 4.229912
v 4.019242 0.021189 4.234412
v 3.569866 0.213015 4.061827
v 4.121062 0.218134 3.809556
v 3.646072 0.252540 4.139998
v 3.650265 0.255223 4.141963
v 4.232183 0.100417 4.118232
v 4.233008 0.097456 4.114831
v 4.237547 0.096768 4.115343
v 4.163214 0.032422 4.141634
v 4.012101 0.018819 3.936886
v 4.255086 0.107287 3.778522
v 3.763416 0.015366 3.824766
v 4.341329 0.375987 3.988454
v 4.053070 0.657600 4.028235
v 3.722256 0.235973 4.160244
v 4.154214 0.161408 3.818091
v 4.153651 0.165342 3.823719
v 4.156768 0.162231 3.822047
v 4.116747 0.530648 3.802553
v 4.293583 0.268836 4.149425
v 3.549617 0.003912 4.105053
v 3.942410 0.363773 4.273361
v 3.764933 0.453509 4.153563
v 4.295425 0.304950 4.126952
v 3.978362 0.095252 3.849905
v 3.981482 0.091828 3.849753
v 3.686564 0.266092 3.782573
v 4.250517 0.116401 3.780845
v 4.166814 0.153239 3.816898
v 3.589116 0.213379 4.080563
v 4.497584 0.202106 3.912689
v 4.115663 0.198441 3.811654
v 4.114058 0.202194 3.809083
v 4.250782 0.197776 3.739037
v 4.225948 0.399630 3.797069
v 4.368681 0.330618 3.991617
v 3.942299 0.118914 3.831257
v 3.945972 0.121455 3.832639
v 3.890963 0.522083 3.868095
v 3.552896 0.200884 3.895338
v 4.496434 0.173988 3.954099
v 4.494517 0.178218 3.955531
v 3.927694 0.127518 3.802441
v 3.927594 0.131837 3.800897
v 3.929142 0.124824 3.803082
v 3.929757 0.124355 3.800651
v 4.282462 0.115920 4.174855
v 4.287823 0.118365 4.169697
v 3.654699 0.255637 4.145072
v 3.849679 0.477502 3.882061
v 3.720616 0.386178 4.031631
v 4.399652 0.313779 3.893656
v 4.296558 0.408246 3.905674
v 4.318666 0.377495 4.072794
v 3.589546 0.257971 4.061457
v 3.604080 0.099773 4.250552
v 3.598321 0.102109 4.251622
v 3.599566 0.098046 4.252873
v 3.713977 0.399793 4.143909
v 3.969291 0.531555 3.750454
v 4.254148 0.167919 3.751089
v 4.009369 0.008973 3.929699
v 4.297228 0.347338 4.147392
v 4.279049 0.281278 4.140135
v 4.282091 0.284796 4.139597
v 4.275642 0.283732 4.138391
v 3.556951 0.127641 4.055535
v 3.693421 0.180473 4.172252
v 4.121939 0.377733 3.744707
v 4.448263 0.271554 3.997279
v 4.448781 0.270883 3.992858
v 4.445998 0.275148 3.996330
v 3.851567 0.480952 3.882387
v 3.850952 0.479773 3.877683
v 3.975225 0.582741 3.820198
v 3.667737 0.327284 4.143016
v 3.668780 0.326819 4.148141
v 4.124583 0.174464 3.829289
v 3.868564 0.398643 3.755394
v 3.670001 0.238913 4.156048
v 3.668428 0.243176 4.155603
v 3.666902 0.237878 4.156516
v 3.930637 0.122849 3.803227
v 3.688659 0.242726 4.163561
v 3.685323 0.239172 4.164598
v 3.692973 0.079064 4.239256
v 3.912626 0.133317 3.784576
v 3.917223 0.136237 3.786609
v 3.976355 0.066860 4.196364
v 4.163927 0.557523 3.866191
v 3.816449 0.100405 4.232039
v 4.219707 0.521279 4.180855
v 4.161743 0.110226 3.731537
v 3.936609 0.016185 3.882913
v 3.813112 0.490659 4.058494
v 3.813201 0.491115 4.063311
v 4.087720 0.623286 4.241782
v 4.249351 0.097348 4.226102
v 4.293595 0.309929 4.126714
v 4.250937 0.072942 4.116617
v 4.246580 0.070722 4.111685
v 3.969253 0.555135 3.784607
v 3.973669 0.557712 3.783514
v 4.008739 0.014025 3.947891
v 4.013513 0.014726 3.947073
v 4.071870 0.208840 3.764452
v 4.069846 0.211920 3.761336
v 3.760350 0.448647 4.022061
v 3.752016 0.063848 4.246357
v 3.752956 0.059509 4.246082
v 3.551369 0.104634 4.032026
v 3.554452 0.107138 4.034544
v 3.759582 0.209252 4.174358
v 4.221116 0.435893 3.814170
v 4.299584 0.467656 3.997727
v 4.092052 0.181861 3.796578
v 3.807452 0.158033 4.218568
v 3.804859 0.154082 4.219985
v 3.615105 0.230858 4.106601
v 3.617373 0.233102 4.113000
v 3.616940 0.234956 4.108265
v 3.831101 0.411664 4.215606
v 3.748219 0.086796 4.235905
v 3.751119 0.083350 4.237811
v 3.536840 0.094871 4.011855
v 3.580474 0.221808 3.890233
v 4.113029 0.076773 3.723390
v 3.784026 0.186092 4.187319
v 4.199741 0.269184 3.745217
v 3.966632 0.046745 3.863108
v 3.760134 0.316500 3.776419
v 3.700391 0.247976 4.151778
v 4.257560 0.165544 3.748783
v 4.261953 0.164277 3.748447
v 4.235791 0.376238 3.788388
v 4.013394 0.009853 3.981401
v 4.010668 0.008715 3.986526
v 4.054617 0.657155 4.230347
v 3.745621 0.219070 4.166876
v 3.742363 0.222135 4.165901
v 4.226740 0.029747 4.105175
v 3.715241 0.241353 4.163943
v 4.233100 0.009731 3.856726
v 3.658290 0.262914 4.143135
v 4.158347 0.372880 3.780359
v 3.925302 0.128600 3.795698
v 3.922398 0.130654 3.793128
v 3.923748 0.131747 3.798723
v 3.926316 0.128916 3.799256
v 4.247668 0.217836 4.146169
v 3.713600 0.106425 3.752389
v 3.893148 0.513771 3.849709
v 3.719053 0.381843 4.030993
v 4.259970 0.321475 3.775724
v 4.350072 0.060247 3.814959
v 4.083890 0.574346 3.853798
v 3.915112 0.036098 3.859465
v 3.747634 0.306665 3.783394
v 3.549871 0.000014 3.801771
v 3.519922 0.132538 3.972292
v 4.296420 0.016223 3.820028
v 3.964441 0.016108 3.879075
v 3.832561 0.166446 4.217634
v 3.699699 0.267216 4.162778
v 3.951632 0.103487 3.820684
v 3.760462 0.464615 4.124050
v 4.331238 0.313340 4.113950
v 4.392473 0.321119 3.894125
v 3.522296 0.009620 3.807549
v 4.007849 0.011137 3.963543
v 3.919588 0.277353 4.263047
v 3.719532 0.315717 3.969154
v 3.719788 0.317372 3.973644
v 3.859589 0.539470 3.938116
v 3.611275 0.280461 4.090176
v 4.125740 0.391892 3.742857
v 3.778450 0.207630 4.188800
v 3.990043 0.051694 4.192162
v 4.267365 0.092151 3.774664
v 3.706537 0.238604 4.160860
v 4.111336 0.345131 3.747802
v 4.114213 0.343241 3.751102
v 3.760416 0.403622 4.186159
v 3.763060 0.401244 4.189350
v 4.308963 0.302011 4.128175
v 3.970602 0.019726 3.790041
v 3.675596 0.007748 3.793137
v 3.586318 0.107695 4.125122
v 4.261886 0.130755 3.761381
v 4.253694 0.019934 4.250144
v 3.649561 0.302531 3.975110
v 4.212391 0.157177 4.151410
v 4.215324 0.156549 4.147555
v 3.678000 0.312202 3.936530
v 3.682308 0.312389 3.936488
v 3.884835 0.554496 3.898376
v 3.884517 0.556649 3.903279
v 4.280879 0.181651 4.181314
v 4.283990 0.186571 4.183194
v 4.282155 0.189731 4.180024
v 3.721607 0.377427 4.021397
v 4.248632 0.354744 3.783319
v 4.110420 0.351181 3.745921
v 4.172012 0.028282 4.140518
v 3.685931 0.132708 4.213777
v 3.549872 0.084831 4.157351
v 3.936245 0.103708 3.813560
v 3.744375 0.271743 3.797378
v 4.119033 0.211906 3.810497
v 4.117435 0.215523 3.807745
v 4.171656 0.035738 4.119708
v 3.551421 0.215437 4.038415
v 3.553197 0.217846 4.034644
v 3.664885 0.156952 4.182447
v 4.066370 0.012332 4.057602
v 3.756671 0.328207 3.786175
v 3.761884 0.331699 3.783542
v 3.759250 0.327860 3.782357
v 3.776033 0.094286 3.795338
v 3.932415 0.046863 3.855323
v 3.719241 0.193879 4.171108
v 3.716365 0.196917 4.168606
v 3.503741 0.003109 4.129416
v 3.501875 0.007522 4.129733
v 3.555411 0.209337 3.897166
v 4.067238 0.627551 4.244817
v 4.158613 0.020148 4.246275
v 4.218512 0.075393 3.734360
v 4.222759 0.071690 3.737569
v 4.327100 0.390772 3.961560
v 4.327357 0.386596 3.964188
v 4.058164 0.578916 3.851064
v 3.658537 0.288299 3.864988
v 3.658952 0.285305 3.863309
v 3.914729 0.576959 3.884839
v 3.910516 0.574448 3.885282
v 3.607941 0.277373 4.088964
v 3.937524 0.100385 3.816692
v 4.498230 0.219011 3.897237
v 4.341523 0.325678 3.834784
v 4.341594 0.328401 3.838469
v 4.304570 0.324411 4.117821
v 3.966118 0.136429 3.766081
v 4.159084 0.295695 3.768005
v 4.440042 0.286654 4.028940
v 3.678001 0.109277 3.751798
v 4.227996 0.093446 3.769437
v 4.186797 0.011767 3.752447
v 4.191550 0.011808 3.751474
v 4.086997 0.012126 4.082742
v 4.088662 0.012231 4.086593
v 3.673938 0.318773 4.146292
v 3.672824 0.318899 4.141709
v 3.839415 0.477372 4.195869
v 4.156288 0.564504 3.861139
v 3.767056 0.231499 3.785170
v 4.330334 0.325714 3.814226
v 4.334090 0.324736 3.816230
v 4.231694 0.194858 4.142926
v 4.019734 0.014061 3.775264
v 4.020253 0.010303 3.777857
v 3.654584 0.304238 3.970729
v 4.362509 0.224137 3.757289
v 3.700717 0.274040 4.165815
v 4.162755 0.140974 4.182546
v 4.255002 0.329216 3.775928
v 3.599464 0.277183 4.074055
v 4.239330 0.155430 4.123721
v 4.240691 0.159187 4.125846
v 4.432332 0.300322 4.042775
v 4.235795 0.041946 4.098582
v 4.157386 0.304582 3.762436
v 4.007148 0.021220 4.227936
v 4.003022 0.022822 4.229602
v 3.986280 0.065967 3.763927
v 3.986803 0.070608 3.763066
v 4.226078 0.030758 4.101354
v 4.302019 0.339140 4.142567
v 4.331900 0.392895 3.962776
v 4.334233 0.392505 3.969005
v 4.458331 0.139176 4.090562
v 3.823332 0.431056 3.930961
v 3.826065 0.431772 3.936730
v 4.016493 0.011366 3.971637
v 4.012131 0.011298 3.972223
v 3.961139 0.570193 3.823539
v 3.828520 0.155008 4.223815
v 4.178171 0.449500 3.809119
v 3.543939 0.158358 3.850620
v 4.223252 0.146889 4.125460
v 4.127271 0.170449 3.848727
v 4.129222 0.173255 3.855150
v 3.823112 0.506267 4.035010
v 3.762354 0.073486 4.239988
v 3.986862 0.099987 3.851353
v 3.568484 0.097185 4.139414
v 4.184378 0.559373 4.203968
v 3.742684 0.191660 4.177860
v 3.749822 0.192381 4.178987
v 3.746329 0.194946 4.176776
v 4.232776 0.042356 4.208324
v 4.236798 0.040673 4.209288
v 3.686603 0.105963 3.751784
v 3.970050 0.512471 3.728044
v 3.681453 0.358243 4.153512
v 4.019506 0.578523 3.837881
v 3.840453 0.401225 4.229597
v 3.592319 0.284239 4.046274
v 4.308790 0.404690 3.925157
v 4.310967 0.408064 3.929598
v 3.797035 0.454115 4.139591
v 4.496049 0.163626 3.960747
v 4.496562 0.167641 3.961738
v 4.360094 0.279392 3.810602
v 3.811345 0.481271 4.064267
v 3.806725 0.386865 4.220408
v 3.926416 0.587118 3.888447
v 4.225490 0.032447 4.203897
v 3.795780 0.387284 4.213394
v 4.016713 0.569643 3.806564
v 3.921538 0.525313 3.856189
v 4.400411 0.018719 4.025156
v 4.047376 0.564838 3.834737
v 4.046562 0.566477 3.838548
v 3.990124 0.600678 3.851229
v 4.023395 0.628817 4.228070
v 3.849692 0.523499 3.969028
v 3.865027 0.492163 3.871451
v 4.452391 0.184630 4.129890
v 4.266503 0.420707 3.857513
v 4.260653 0.421131 3.852322
v 4.312712 0.321045 4.115565
v 4.308260 0.325902 4.114867
v 3.640504 0.135208 4.212619
v 3.619952 0.284608 4.092850
v 4.068341 0.152104 3.790260
v 3.908902 0.118494 3.788816
v 4.233055 0.071004 4.179900
v 4.020361 0.667782 4.201324
v 4.024216 0.667078 4.201975
v 4.294375 0.220878 3.733315
v 3.974314 0.052188 3.857484
v 4.268808 0.016239 3.824994
v 4.241589 0.449816 4.180255
v 3.699996 0.334163 4.016465
v 3.905490 0.183976 4.250394
v 3.597629 0.283296 4.060591
v 3.601640 0.285147 4.060771
v 4.153315 0.017611 4.117989
v 4.119740 0.527173 3.800982
v 4.282147 0.049840 3.794976
v 4.285414 0.046648 3.796917
v 4.086454 0.523154 3.778415
v 3.853646 0.439446 4.218004
v 3.609289 0.187156 4.097760
v 3.612597 0.188930 4.100493
v 4.245767 0.352232 3.780224
v 4.032430 0.668180 4.039117
v 4.174002 0.484799 3.840501
v 4.177405 0.487431 3.842549
v 4.285226 0.222863 4.162621
v 4.440698 0.167867 3.810835
v 3.508597 0.106991 3.947436
v 4.305074 0.021515 3.818970
v 3.550157 0.103782 4.043375
v 4.245008 0.466041 4.173058
v 4.066898 0.547012 3.800849
v 3.671013 0.243485 4.150773
v 3.767882 0.040017 4.230924
v 3.719664 0.363909 4.001926
v 3.820097 0.358655 3.763387
v 3.818623 0.360866 3.767220
v 4.157487 0.394478 3.772410
v 4.155316 0.389744 3.771077
v 4.228187 0.187114 4.139291
v 4.229523 0.191355 4.143167
v 3.928753 0.100748 4.215645
v 3.975236 0.098148 3.848543
v 4.087012 0.010606 3.766314
v 3.768757 0.413458 3.948959
v 4.225303 0.103962 4.121979
v 3.810420 0.397674 3.814949
v 3.878168 0.498903 3.871145
v 3.877463 0.501089 3.875475
v 3.881379 0.505133 3.874055
v 4.252007 0.043215 4.251913
v 3.669670 0.312494 3.995398
v 4.302764 0.019355 4.071884
v 4.259959 0.140892 3.757944
v 4.264098 0.139848 3.757758
v 4.217917 0.433138 3.811795
v 4.126132 0.566654 3.856996
v 4.249230 0.041639 4.195927
v 3.785837 0.442236 4.170100
v 4.437969 0.224993 4.107434
v 4.332507 0.340934 3.838252
v 4.205420 0.260060 3.745965
v 4.188069 0.547488 4.209832
v 4.079673 0.197750 3.776800
v 3.863487 0.075154 3.803339
v 3.631762 0.184342 3.754967
v 4.143969 0.517965 3.816357
v 4.348990 0.298107 3.811982
v 4.170451 0.387753 3.782294
v 4.269350 0.408319 3.821706
v 4.269549 0.410788 3.824324
v 3.743156 0.303146 3.793712
v 3.944938 0.108211 3.814183
v 4.481319 0.193191 3.869009
v 4.238313 0.161813 4.122700
v 4.312455 0.364349 4.103273
v 3.541121 0.150317 3.843897
v 4.315736 0.424471 3.929725
v 4.465719 0.131006 3.848833
v 4.457910 0.163898 3.841194
v 4.056833 0.627805 4.242493
v 4.133800 0.536223 3.817408
v 3.630228 0.215681 4.116550
v 3.628101 0.212288 4.114190
v 4.462716 0.151229 3.855850
v 4.054253 0.229850 3.744822
v 4.289339 0.109495 4.168306
v 4.126900 0.172152 3.859724
v 4.096216 0.014725 3.762298
v 3.759750 0.386594 3.954399
v 4.277181 0.381808 4.159242
v 4.363762 0.251602 3.784809
v 4.389277 0.024565 3.878320
v 4.063429 0.010588 3.770378
v 4.446404 0.172126 3.819252
v 4.266165 0.017861 3.821889
v 4.263717 0.021409 3.820249
v 3.965362 0.529209 3.750816
v 3.993537 0.014995 3.933307
v 3.729676 0.347571 3.983515
v 3.727956 0.349107 3.988424
v 3.575248 0.256189 3.977488
v 4.197656 0.514566 4.203417
v 4.318555 0.430652 3.974769
v 3.722018 0.064268 3.772835
v 3.717503 0.059202 3.771644
v 3.585530 0.272384 3.992559
v 4.203281 0.075971 3.724838
v 4.207653 0.075576 3.727124
v 4.293569 0.411248 3.878951
v 4.298203 0.409547 3.878573
v 3.536714 0.075055 4.159860
v 4.038562 0.577572 3.842395
v 4.347658 0.304792 3.818338
v 4.384975 0.087459 3.812035
v 4.096580 0.010466 3.765735
v 4.072929 0.172648 3.782073
v 4.075021 0.169252 3.784490
v 3.982865 0.025755 4.164538
v 4.038036 0.566990 3.834186
v 3.702186 0.384744 4.148955
v 3.556238 0.165611 4.042015
v 4.218225 0.010643 3.845648
v 3.705644 0.051179 4.253992
v 3.708760 0.057360 4.251006
v 3.910645 0.107308 3.798635
v 4.354867 0.265521 3.782659
v 4.147210 0.079649 3.714663
v 4.148221 0.083839 3.715555
v 4.036969 0.518281 3.746512
v 4.034592 0.521813 3.748251
v 4.252189 0.526806 4.084624
v 4.325679 0.407117 3.949018
v 4.327612 0.402579 3.953214
v 4.324281 0.401944 3.950281
v 3.534134 0.104118 3.800260
v 3.912169 0.128571 3.786252
v 3.604045 0.276318 4.083568
v 3.606932 0.279913 4.084747
v 3.946259 0.554721 3.833684
v 3.583455 0.224700 4.060226
v 3.736016 0.368775 3.973417
v 4.322159 0.312216 4.119393
v 4.185655 0.280935 3.750939
v 3.637745 0.179537 4.121406
v 3.636006 0.183525 4.119532
v 3.990711 0.069657 3.760635
v 4.319659 0.035230 3.817410
v 4.267430 0.022416 4.184248
v 4.264596 0.018963 4.184433
v 4.221218 0.136909 4.132121
v 4.219165 0.140956 4.136466
v 4.023547 0.667596 4.025542
v 4.132020 0.184838 3.824283
v 4.223269 0.178882 4.144150
v 4.319831 0.421239 3.950869
v 3.552209 0.099210 4.060244
v 3.657152 0.145838 4.198527
v 4.253904 0.051859 4.179242
v 4.451819 0.180642 4.131615
v 3.986255 0.061343 3.765240
v 4.425442 0.148787 3.785268
v 4.426645 0.152982 3.787969
v 4.428424 0.154025 3.791049
v 4.258876 0.207282 3.729649
v 4.241751 0.043846 3.813747
v 3.824958 0.409567 4.213323
v 4.127230 0.180867 3.843093
v 4.142413 0.563986 3.857041
v 3.940308 0.124610 3.798294
v 3.939055 0.123973 3.802660
v 4.252065 0.082818 3.785453
v 4.253932 0.086730 3.783050
v 4.040662 0.667025 4.014004
v 4.285657 0.079142 4.188047
v 3.701100 0.326962 3.997062
v 4.069711 0.521208 3.768090
v 4.121463 0.592908 3.891972
v 4.119986 0.591436 3.887750
v 4.417301 0.313755 4.028914
v 4.178673 0.287050 3.753753
v 4.175188 0.290066 3.755082
v 4.027225 0.199331 3.765816
v 3.670327 0.188499 4.156072
v 3.673207 0.191416 4.158408
v 4.061069 0.010034 4.048634
v 4.093274 0.261918 3.761259
v 4.136148 0.177157 3.821944
v 4.132329 0.176498 3.824652
v 3.781120 0.435004 4.175710
v 3.985793 0.045293 4.177161
v 4.049415 0.074420 4.287617
v 3.761684 0.183938 4.185501
v 4.270187 0.398276 3.817344
v 4.274193 0.395895 3.818776
v 4.240079 0.091767 4.265097
v 4.236874 0.094190 4.265976
v 3.569046 0.244300 3.952671
v 3.950577 0.137215 3.772115
v 3.945840 0.138675 3.772222
v 3.951442 0.140124 3.768836
v 3.671549 0.322951 4.147259
v 4.256194 0.028319 4.251915
v 4.298229 0.248940 4.159420
v 3.996059 0.009188 3.907068
v 4.161898 0.276360 3.778012
v 3.601192 0.191461 4.087885
v 4.098092 0.288672 3.757046
v 3.805653 0.375712 3.798421
v 3.679485 0.310579 4.097405
v 4.085392 0.169746 3.786216
v 4.089169 0.172343 3.786759
v 4.253747 0.023392 4.070968
v 4.242153 0.546251 4.009622
v 3.601583 0.288565 4.022552
v 3.597128 0.286642 4.022132
v 4.328912 0.370959 3.947707
v 4.124771 0.321506 3.774025
v 4.129370 0.321243 3.779600
v 4.125568 0.319006 3.777282
v 4.129623 0.011304 3.759314
v 4.350924 0.176770 4.179927
v 4.392470 0.327605 4.062906
v 4.228800 0.011255 3.854192
v 4.294697 0.021685 3.812802
v 4.301505 0.023183 3.815867
v 4.364367 0.331997 4.084234
v 4.275747 0.062255 3.789154
v 4.272425 0.060308 3.792594
v 4.454624 0.155441 3.838317
v 4.430326 0.258516 4.081536
v 4.127166 0.171912 3.844592
v 4.301691 0.040974 4.093729
v 3.756274 0.250380 3.783841
v 3.688097 0.320339 4.047464
v 3.691737 0.321401 4.053150
v 3.685219 0.335908 4.175317
v 3.825659 0.453248 3.975038
v 3.560262 0.208982 4.054953
v 3.872904 0.079326 3.804842
v 4.252526 0.096394 4.220684
v 3.514560 0.003910 3.935489
v 4.160299 0.554189 3.858288
v 4.486491 0.156519 3.933204
v 4.435189 0.265604 4.057320
v 3.736910 0.249447 4.183373
v 4.222051 0.105383 4.134530
v 3.800018 0.456823 4.062353
v 3.846154 0.470892 3.857940
v 4.230523 0.013555 3.850484
v 4.233397 0.010717 3.850887
v 3.895561 0.111868 3.789232
v 3.900386 0.112280 3.789467
v 3.670378 0.170281 4.166327
v 4.259237 0.532354 4.047201
v 3.905050 0.218587 4.255473
v 4.329453 0.346068 3.839565
v 4.036506 0.561856 3.808144
v 4.139653 0.146442 3.767771
v 4.424370 0.137962 3.793014
v 4.222768 0.437609 3.818323
v 4.168162 0.295892 3.757815
v 4.166031 0.301640 3.755538
v 4.159592 0.259973 3.790020
v 3.616304 0.039273 4.274618
v 3.620397 0.044316 4.272612
v 3.506582 0.012114 4.027960
v 3.679506 0.296114 3.864943
v 4.173210 0.422023 3.799299
v 3.800569 0.458390 4.130716
v 3.842088 0.109894 4.232884
v 4.249969 0.026497 4.075399
v 4.461579 0.163875 4.109276
v 4.459099 0.160617 4.110221
v 3.975448 0.566272 3.835941
v 3.972013 0.563247 3.836931
v 3.970952 0.566162 3.839844
v 4.306784 0.393241 3.862285
v 4.479943 0.196394 3.865817
v 4.043158 0.472594 3.730544
v 4.331599 0.347201 4.057708
v 4.003353 0.074711 4.209766
v 4.115878 0.238309 3.796583
v 4.352319 0.333532 4.089433
v 4.355931 0.330600 4.090556
v 4.408615 0.054278 3.862292
v 4.410509 0.053849 3.866680
v 4.240139 0.060675 3.799846
v 4.121472 0.394567 3.740216
v 4.116659 0.398176 3.738138
v 3.678268 0.226835 4.169725
v 4.120653 0.174034 3.830788
v 3.793401 0.027993 3.820318
v 3.793102 0.032351 3.818234
v 3.798058 0.029328 3.821424
v 4.347441 0.330050 4.096753
v 3.965606 0.105784 3.839190
v 3.967802 0.106413 3.835486
v 4.337179 0.013447 3.847179
v 4.333539 0.012361 3.850110
v 3.897105 0.510521 3.866083
v 3.895634 0.514132 3.868850
v 4.461189 0.213309 4.035700
v 4.120949 0.168577 3.786824
v 4.008906 0.021934 4.232241
v 4.356917 0.285288 3.811579
v 3.508063 0.095794 3.894017
v 4.139971 0.560785 3.854433
v 3.872742 0.544450 3.906906
v 3.759182 0.439013 3.963308
v 3.759197 0.440117 3.968305
v 3.750249 0.371361 3.962580
v 3.751000 0.369902 3.958486
v 3.923859 0.528577 3.853940
v 3.924780 0.529096 3.857048
v 3.941160 0.140467 3.772457
v 4.245286 0.095268 4.244020
v 3.694442 0.186435 4.168994
v 3.696970 0.183673 4.172154
v 3.698228 0.189360 4.168842
v 4.140565 0.574537 3.869711
v 4.275310 0.302066 3.773595
v 4.274806 0.297272 3.772274
v 4.271205 0.302726 3.773376
v 3.803779 0.184738 4.196315
v 4.154713 0.383607 3.780487
v 4.152806 0.277330 3.782787
v 3.574368 0.239151 4.024530
v 4.014985 0.606797 4.238522
v 4.018057 0.610488 4.237648
v 3.979551 0.024672 4.187485
v 3.986828 0.108418 3.822733
v 4.102239 0.132179 4.208519
v 4.362384 0.239908 3.768841
v 4.365318 0.237393 3.771678
v 3.772085 0.437729 4.171392
v 4.458297 0.204735 4.058057
v 4.459752 0.200243 4.058592
v 3.934599 0.113552 3.804769
v 3.783324 0.036914 4.219491
v 4.059463 0.561420 3.840732
v 3.802090 0.367333 3.792946
v 3.500860 0.054514 4.043353
v 4.248350 0.020664 4.124123
v 3.733382 0.398259 4.004598
v 3.744884 0.260077 3.782352
v 3.700099 0.342095 4.005086
v 3.700428 0.337790 4.006120
v 4.319921 0.425614 3.965018
v 4.322431 0.420389 3.965024
v 4.275224 0.278355 3.769025
v 4.277006 0.282749 3.769980
v 4.279913 0.281512 3.772841
v 4.279552 0.277477 3.770313
v 4.247262 0.435807 3.850143
v 3.987707 0.570310 3.835717
v 3.991565 0.571454 3.836434
v 3.991931 0.570705 3.832455
v 3.989568 0.571789 3.831643
v 4.471237 0.158419 3.877919
v 3.610155 0.211280 4.101732
v 3.613023 0.121287 4.118153
v 4.157874 0.509019 3.837940
v 3.877348 0.529229 4.195279
v 3.800376 0.177268 4.195312
v 3.821399 0.045208 3.813663
v 3.557276 0.212647 4.050490
v 3.958507 0.015140 3.893052
v 3.963067 0.017095 3.890234
v 4.220992 0.035019 4.100436
v 4.221249 0.030529 4.101742
v 4.278415 0.273371 3.768163
v 4.234356 0.043801 3.817600
v 3.617976 0.226671 4.112614
v 3.613986 0.229303 4.111876
v 3.556301 0.140467 4.048719
v 3.645202 0.218204 4.132944
v 3.964934 0.074335 4.200419
v 3.702369 0.253238 4.152539
v 3.943464 0.541677 3.846050
v 3.942459 0.539625 3.850698
v 3.943544 0.543157 3.849879
v 3.940401 0.540683 3.852614
v 4.149809 0.191625 3.823164
v 4.280459 0.033596 3.807520
v 3.927112 0.530166 3.853351
v 3.924067 0.533718 3.857497
v 4.285508 0.282489 4.141977
v 3.730039 0.161564 4.200852
v 4.220425 0.415141 3.803823
v 4.095300 0.169428 3.794321
v 4.307780 0.335171 4.132226
v 3.980919 0.574266 3.829042
v 3.982924 0.571533 3.832266
v 4.016952 0.009150 3.995101
v 4.016238 0.010629 3.990971
v 4.469041 0.210730 4.010948
v 4.467388 0.215203 4.011271
v 3.940035 0.459503 3.730858
v 3.526164 0.112510 3.820188
v 3.527977 0.112480 3.815932
v 3.852184 0.524636 3.959596
v 3.718660 0.020680 3.790478
v 3.718844 0.025033 3.788388
v 3.858971 0.400017 4.239253
v 3.862039 0.403822 4.238232
v 3.855823 0.402329 4.236419
v 4.167655 0.393288 3.783876
v 4.162801 0.393292 3.784432
v 4.168128 0.441995 3.806166
v 3.660686 0.284264 4.137692
v 3.912474 0.043950 3.852630
v 4.231460 0.108257 4.135126
v 4.230088 0.107063 4.139328
v 4.055752 0.148775 3.790825
v 4.210681 0.522629 4.190996
v 3.697466 0.282669 3.862992
v 3.958700 0.408287 4.278289
v 4.453846 0.199322 4.085648
v 4.165495 0.389415 3.782788
v 4.291836 0.024651 3.810185
v 4.227525 0.520320 4.165229
v 4.034803 0.558629 3.800973
v 4.032321 0.562510 3.805827
v 4.118979 0.379591 3.741361
v 4.279563 0.028351 3.811621
v 4.203359 0.028206 4.171999
v 4.125781 0.192162 3.827286
v 4.316040 0.337163 4.112790
v 4.118769 0.241545 3.798633
v 4.256578 0.533461 4.033660
v 4.253652 0.537039 4.034912
v 3.979611 0.567517 3.834297
v 3.979173 0.570138 3.837233
v 3.983588 0.571204 3.836010
v 4.181384 0.516917 3.855576
v 4.261012 0.188155 3.738435
v 4.066969 0.524848 3.769905
v 4.215319 0.449728 3.816661
v 3.945476 0.587131 3.869945
v 4.253109 0.051957 4.245471
v 3.715947 0.381454 4.045096
v 3.853061 0.071780 3.802154
v 3.857541 0.071140 3.804082
v 4.456053 0.165222 3.836951
v 4.193564 0.508467 3.857851
v 3.644943 0.231508 4.135141
v 3.881938 0.502168 3.870405
v 4.124158 0.547247 3.844192
v 3.874917 0.094918 3.793323
v 3.878860 0.093862 3.794462
v 3.765306 0.227350 3.783256
v 4.192983 0.453855 3.810284
v 3.703507 0.343049 4.183353
v 3.980021 0.638266 4.202017
v 4.232454 0.523098 4.146206
v 3.875466 0.116758 4.232634
v 4.018625 0.605049 4.241468
v 4.142195 0.575832 3.874002
v 4.450913 0.195150 4.107307
v 4.337404 0.347970 4.034692
v 4.494867 0.186467 3.942869
v 4.493024 0.190756 3.944054
v 3.790076 0.073128 4.223187
v 3.636651 0.156790 4.122921
v 3.544609 0.080666 4.163831
v 3.910197 0.529350 3.844834
v 3.911073 0.527452 3.840618
v 3.817236 0.427286 3.836828
v 3.682916 0.223410 4.169579
v 3.893630 0.507267 3.870309
v 3.891635 0.509704 3.868496
v 3.889258 0.506382 3.867698
v 3.649786 0.042400 4.266982
v 3.953817 0.015296 3.890289
v 3.645278 0.198462 4.129032
v 4.285435 0.270303 3.773222
v 4.192830 0.019668 4.248062
v 3.999002 0.556646 3.775905
v 4.056154 0.651307 3.946131
v 3.660120 0.228925 4.148702
v 4.126920 0.183557 3.831995
v 3.741003 0.268652 3.796562
v 3.962630 0.496874 3.728013
v 4.276675 0.017969 3.819100
v 4.459820 0.183663 3.839357
v 4.091779 0.010551 3.766135
v 3.516135 0.004154 3.930783
v 4.241840 0.078695 4.106396
v 4.237329 0.079547 4.105630
v 4.135427 0.581599 3.879999
v 3.753646 0.416340 3.960845
v 4.279322 0.498897 4.015652
v 4.291367 0.479932 4.000174
v 4.333485 0.389582 3.965935
v 3.982023 0.093043 3.853782
v 3.501139 0.070417 4.067758
v 3.890496 0.505058 3.870579
v 4.486493 0.161001 3.933458
v 3.956027 0.113563 3.816589
v 3.954362 0.113994 3.820748
v 3.731348 0.023394 3.797310
v 3.723407 0.381710 4.022212
v 4.289765 0.483590 4.006027
v 4.472330 0.218410 3.988114
v 4.177313 0.213286 3.800961
v 4.158053 0.041659 4.124129
v 4.157308 0.047904 4.125626
v 4.155556 0.043364 4.127109
v 3.678054 0.112009 4.224483
v 3.673966 0.109722 4.225925
v 3.676489 0.106014 4.227568
v 3.680560 0.108291 4.226186
v 3.506642 0.007600 4.041629
v 3.505502 0.011635 4.042136
v 3.752250 0.073576 4.242705
v 4.281224 0.405210 3.835037
v 3.986941 0.023575 4.169285
v 4.275412 0.504879 4.031218
v 3.684660 0.245866 4.162773
v 3.760898 0.161349 4.206498
v 4.310916 0.321915 4.113905
v 4.316062 0.393691 3.876995
v 4.114352 0.563502 3.852532
v 4.047534 0.019720 4.234669
v 3.847783 0.519416 3.967939
v 3.565404 0.158579 4.053000
v 4.480064 0.143274 3.909364
v 3.896448 0.036765 3.854187
v 3.901122 0.036607 3.855483
v 4.258450 0.024093 4.250753
v 3.830891 0.162674 4.216585
v 3.836075 0.165862 4.221840
v 3.736408 0.347687 3.973591
v 4.028427 0.666305 4.095328
v 4.256379 0.423542 3.851628
v 3.569988 0.231167 3.897411
v 4.130424 0.316166 3.786755
v 3.696759 0.198484 4.163491
v 4.104998 0.020879 4.243397
v 3.725218 0.238435 4.163422
v 3.718484 0.238588 4.162345
v 4.359555 0.341012 4.067844
v 4.342017 0.368829 3.997002
v 4.303799 0.342202 4.138841
v 4.304924 0.344689 4.135372
v 4.301598 0.345911 4.141318
v 3.865956 0.023598 4.190924
v 4.461827 0.252749 3.893634
v 4.458488 0.256199 3.895112
v 4.233600 0.490500 3.885221
v 3.506080 0.051257 4.135849
v 4.239990 0.028960 4.200416
v 3.696813 0.284694 3.867209
v 3.763601 0.421756 3.954053
v 3.766866 0.419858 3.951022
v 4.339441 0.362776 3.986207
v 4.041750 0.664388 4.043364
v 4.042507 0.664447 4.048112
v 4.442133 0.285856 4.014140
v 3.562205 0.232226 3.932528
v 4.126937 0.305546 3.788146
v 4.227997 0.440828 3.842368
v 4.484735 0.213921 3.943746
v 4.486435 0.209556 3.943083
v 3.740169 0.164851 4.200284
v 3.672355 0.079405 4.240773
v 3.669973 0.083154 4.239292
v 3.671532 0.329819 4.163613
v 4.234322 0.045905 4.205351
v 4.123760 0.161095 3.779404
v 3.830049 0.439136 3.919629
v 3.833235 0.441434 3.921850
v 4.096189 0.542821 3.809453
v 3.784469 0.428295 3.946102
v 3.830476 0.448468 3.847016
v 4.494868 0.171893 3.962486
v 4.013037 0.009886 3.976817
v 4.008818 0.008278 3.977601
v 4.289512 0.266538 4.150555
v 4.077440 0.624235 3.921102
v 4.078773 0.625983 3.925440
v 3.987996 0.013004 3.911418
v 4.235167 0.519358 4.145414
v 3.747051 0.080700 4.239100
v 3.702608 0.307928 3.963372
v 4.081921 0.201140 3.778922
v 4.018047 0.667006 4.205723
v 4.152194 0.118836 3.738011
v 4.155637 0.120264 3.740820
v 3.593562 0.115087 4.089342
v 3.590021 0.117924 4.084004
v 4.147798 0.497951 3.807608
v 4.138281 0.543353 3.849928
v 4.141682 0.547323 3.851546
v 4.169882 0.464755 3.818057
v 3.710350 0.084424 4.236033
v 3.669377 0.294588 3.869654
v 4.251193 0.055869 4.247299
v 4.155942 0.285323 3.777882
v 4.228790 0.141842 4.139154
v 4.128118 0.541861 3.824204
v 3.542006 0.158106 3.854914
v 3.785596 0.203523 4.195969
v 3.785193 0.200931 4.191992
v 3.513784 0.008082 3.920970
v 4.221027 0.141018 4.144404
v 3.742898 0.438318 4.139465
v 4.233774 0.076007 4.275835
v 3.769281 0.225282 3.785011
v 3.773445 0.223930 3.783663
v 4.227018 0.429345 3.820591
v 4.225774 0.427553 3.816469
v 3.969604 0.054119 3.857533
v 4.186395 0.509447 3.849493
v 4.048337 0.235544 3.740180
v 3.687810 0.044905 4.258752
v 3.841759 0.481732 4.195118
v 3.966538 0.527551 3.746230
v 3.946223 0.350638 4.271958
v 3.942053 0.352867 4.272189
v 3.508014 0.100847 3.949841
v 3.509232 0.100733 3.894746
v 4.138847 0.014294 3.756374
v 4.368863 0.178765 4.172267
v 4.261220 0.423404 3.856668
v 4.257624 0.426686 3.854768
v 4.303457 0.055585 4.107524
v 3.974762 0.026810 4.157218
v 4.016201 0.047666 4.245877
v 3.819937 0.435214 3.842555
v 4.168547 0.422536 3.799734
v 4.012233 0.012403 3.962816
v 3.757090 0.045642 4.242194
v 3.753136 0.045279 4.245245
v 3.755235 0.042640 4.239736
v 4.216331 0.451399 3.820700
v 3.855257 0.530211 3.951193
v 3.858090 0.533679 3.952032
v 4.345113 0.361463 3.990909
v 4.344944 0.357635 3.993740
v 4.340342 0.358604 3.988476
v 3.844003 0.519926 4.027597
v 3.844339 0.519946 4.024393
v 4.153563 0.235721 3.805211
v 4.152623 0.241547 3.802420
v 4.156445 0.239053 3.803113
v 4.151084 0.220717 3.812191
v 3.511234 0.082840 4.067168
v 4.326230 0.334765 4.088264
v 3.932942 0.121869 3.813517
v 3.704867 0.334017 4.002216
v 3.969155 0.559393 3.839276
v 4.437952 0.160733 3.804772
v 4.345228 0.355481 4.000484
v 4.160043 0.509304 3.846965
v 4.202435 0.079787 3.727306
v 4.436591 0.235515 4.096101
v 3.530570 0.027263 4.158212
v 3.744013 0.021506 3.805953
v 3.775725 0.158684 4.211483
v 3.513198 0.006028 4.032171
v 3.508136 0.007735 4.027884
v 3.612117 0.291497 4.009420
v 4.170371 0.234738 3.794656
v 4.172349 0.237589 3.791265
v 3.727450 0.332698 3.983415
v 4.123950 0.169090 3.790303
v 4.122569 0.170795 3.849574
v 4.120684 0.175019 3.846237
v 4.035167 0.016435 4.123578
v 4.132113 0.540197 3.822610
v 3.649338 0.038731 4.262678
v 4.360480 0.334950 4.083337
v 3.836539 0.369110 3.758760
v 4.232906 0.053220 4.197600
v 4.195555 0.471579 3.831181
v 3.689958 0.320549 3.983048
v 4.331941 0.383893 4.014355
v 4.345335 0.351388 3.991258
v 4.466304 0.135121 3.847837
v 4.080607 0.636580 4.233832
v 3.564692 0.206096 4.058257
v 3.567474 0.207710 4.061677
v 3.563770 0.210606 4.058150
v 3.600203 0.265828 4.083730
v 3.602542 0.269808 4.085685
v 4.248014 0.029176 4.195228
v 4.300186 0.310032 4.123974
v 4.008333 0.598961 4.240226
v 3.802659 0.464575 4.084833
v 4.033709 0.666228 4.062441
v 4.029385 0.664215 4.062160
v 4.142894 0.131566 3.749854
v 3.501616 0.050808 4.132122
v 4.025939 0.666871 4.034992
v 4.166602 0.254024 3.787257
v 4.164753 0.250961 3.790554
v 3.794876 0.355701 3.786633
v 3.929169 0.087016 3.824017
v 4.278264 0.042649 3.802090
v 3.643683 0.301216 3.984298
v 4.157309 0.498486 3.824927
v 3.668078 0.312669 4.004582
v 4.048126 0.578216 3.846897
v 3.581371 0.172602 4.065849
v 4.345302 0.353655 3.995739
v 3.706088 0.194548 4.167373
v 3.672985 0.228389 4.153723
v 3.674993 0.224344 4.155042
v 4.067640 0.655949 4.026044
v 3.772047 0.039084 4.227762
v 3.679296 0.298289 3.869046
v 4.105172 0.019106 4.241171
v 4.048998 0.111317 4.217010
v 3.772388 0.088725 4.233871
v 3.991616 0.013525 3.913807
v 4.182915 0.448215 3.808590
v 3.812181 0.453800 4.039349
v 3.867268 0.087657 3.796028
v 3.680514 0.327881 4.174989
v 4.252320 0.325466 3.775184
v 3.871769 0.075603 3.807764
v 3.729794 0.374793 4.000040
v 3.681021 0.312181 4.088456
v 3.862069 0.113675 4.232724
v 4.462991 0.204304 4.040768
v 3.999220 0.533258 3.745733
v 3.710431 0.088330 3.754588
v 4.251356 0.090852 4.141265
v 4.248986 0.090415 4.147456
v 3.645071 0.300617 3.974720
v 3.571163 0.236970 3.901256
v 3.572096 0.235805 3.897372
v 3.992455 0.096964 3.766009
v 3.991864 0.092885 3.762515
v 3.823677 0.448851 3.975271
v 3.650581 0.252262 3.862928
v 3.649323 0.255521 3.865888
v 3.946684 0.544343 3.845025
v 4.117948 0.392047 3.737437
v 4.218875 0.138835 4.130970
v 4.184886 0.537117 3.874787
v 4.187936 0.533416 3.874694
v 3.757100 0.132935 3.776854
v 4.096567 0.171631 3.798445
v 3.923617 0.274935 4.263028
v 3.599721 0.229781 3.881242
v 4.363538 0.257996 3.791733
v 3.697199 0.338206 4.015762
v 4.020432 0.625154 4.229068
v 4.295394 0.297466 4.133862
v 4.266307 0.208330 4.157378
v 4.007886 0.643581 3.905145
v 4.003335 0.643782 3.906347
v 4.155384 0.127291 3.752405
v 3.620990 0.287062 4.087147
v 3.558651 0.215286 4.047217
v 3.564832 0.095826 4.136345
v 3.604175 0.035319 4.258495
v 3.606294 0.031424 4.259377
v 3.501383 0.087841 3.948751
v 4.351679 0.011791 3.859233
v 4.037477 0.596221 4.255794
v 3.522624 0.089716 4.064274
v 4.234551 0.020773 4.251897
v 4.230219 0.022394 4.252617
v 4.228159 0.019392 4.249162
v 4.234076 0.019261 4.248465
v 3.834644 0.443536 3.917424
v 4.202118 0.030958 3.740008
v 3.785069 0.430266 3.928896
v 4.074677 0.080801 3.730096
v 4.075719 0.085197 3.731539
v 4.018538 0.219156 3.751831
v 4.047129 0.104681 4.230228
v 4.022829 0.015908 4.115585
v 3.537715 0.092294 4.015570
v 4.240746 0.025546 3.825267
v 4.239531 0.031505 3.822311
v 4.012317 0.032189 4.242790
v 4.169402 0.469469 3.826607
v 4.364556 0.177796 4.173990
v 3.962706 0.593869 3.861536
v 4.334826 0.374807 4.015221
v 3.640559 0.041166 4.268889
v 4.074400 0.221753 3.759982
v 4.248272 0.067286 3.796682
v 4.244042 0.068171 3.794827
v 3.995687 0.571169 3.837235
v 4.151578 0.521621 3.838941
v 3.712152 0.045220 3.773933
v 3.986610 0.586010 3.837768
v 3.987052 0.581005 3.835462
v 4.150547 0.581767 4.234693
v 4.227372 0.165806 4.123421
v 4.374383 0.005368 3.899135
v 4.323416 0.348448 3.831503
v 4.323112 0.351516 3.835057
v 4.265691 0.411463 3.820467
v 3.707363 0.328324 3.993985
v 3.750475 0.258642 3.784796
v 4.067646 0.214959 3.758340
v 3.799432 0.045969 4.212939
v 3.801140 0.049874 4.213096
v 3.725436 0.377061 4.007739
v 3.907962 0.205414 4.253863
v 3.903845 0.207910 4.254338
v 3.545279 0.169799 3.867436
v 4.204255 0.467855 3.836544
v 4.028914 0.139380 3.789763
v 4.031958 0.136508 3.788409
v 3.665087 0.214705 4.151811
v 4.224059 0.036504 4.204506
v 3.886542 0.017832 3.866547
v 3.962880 0.558932 3.836205
v 3.961265 0.556168 3.841790
v 4.366958 0.006619 3.882024
v 3.681053 0.316937 3.977331
v 3.657075 0.145325 4.207857
v 3.655483 0.144638 4.204795
v 4.430530 0.262192 4.076023
v 4.229244 0.443515 3.846915
v 4.012939 0.017965 3.942286
v 3.798929 0.032488 4.210484
v 3.800419 0.036275 4.210835
v 4.228512 0.101297 3.785519
v 4.227911 0.104520 3.791909
v 4.288857 0.279756 4.143648
v 4.020642 0.569546 3.809618
v 3.899446 0.117173 3.788143
v 3.571686 0.248320 3.952944
v 3.664759 0.253197 4.154816
v 4.235871 0.050071 3.809751
v 4.234720 0.046657 3.813201
v 4.162251 0.036227 4.142800
v 4.103605 0.525376 3.789518
v 4.138381 0.549445 3.850690
v 4.006757 0.071695 4.210069
v 4.047706 0.663360 3.960949
v 3.698523 0.328729 4.030898
v 3.696073 0.302669 4.180016
v 3.820627 0.048782 3.811533
v 4.457402 0.201007 4.067232
v 3.560176 0.228397 3.922983
v 3.562735 0.232207 3.923256
v 3.911467 0.040144 3.855410
v 4.057521 0.652874 3.950353
v 3.513697 0.003701 3.954949
v 4.490821 0.186958 3.957944
v 4.489737 0.192606 3.954245
v 3.996960 0.022140 3.926049
v 4.002241 0.019658 3.924862
v 4.001958 0.021858 3.940020
v 4.039587 0.469367 3.729725
v 3.678884 0.318874 4.159209
v 4.137352 0.343182 3.779866
v 4.189724 0.543307 4.208199
v 4.190528 0.545358 4.204142
v 4.332551 0.348083 4.053154
v 3.919098 0.074064 3.830829
v 4.304667 0.401603 3.871176
v 4.302104 0.406646 3.875920
v 4.305747 0.403507 3.876080
v 3.973477 0.567080 3.832256
v 3.588693 0.259999 4.057723
v 4.280632 0.026833 4.227736
v 4.157720 0.082967 3.712549
v 3.682158 0.357820 4.158103
v 3.912793 0.548034 3.861597
v 3.916101 0.551061 3.860161
v 4.035241 0.013380 4.120626
v 3.791868 0.438668 4.012668
v 4.116923 0.173775 3.795480
v 4.471408 0.136084 3.867190
v 4.472815 0.140470 3.866420
v 3.512494 0.070507 4.138821
v 4.230666 0.556445 4.003742
v 4.022521 0.667174 4.206415
v 3.546761 0.166320 3.857534
v 3.980774 0.049022 3.770962
v 4.063000 0.014773 4.053794
v 4.090507 0.264488 3.758258
v 4.023837 0.667602 4.133493
v 4.028455 0.666923 4.133745
v 4.043968 0.623766 4.240061
v 3.616520 0.293395 4.009985
v 3.617289 0.293106 4.005293
v 4.252816 0.076897 4.232335
v 4.277587 0.415726 3.863543
v 3.983982 0.083029 3.840037
v 3.665563 0.241824 4.154354
v 4.145875 0.537890 3.852368
v 3.680198 0.113437 3.752373
v 4.423106 0.311033 4.047741
v 4.159037 0.579563 4.229764
v 4.157877 0.575907 4.231165
v 3.601328 0.208609 4.092748
v 4.222675 0.109066 4.130330
v 4.083778 0.526561 3.780020
v 4.005527 0.018105 3.945532
v 3.852324 0.479143 3.862659
v 4.332832 0.397722 3.983632
v 3.971467 0.094968 3.837339
v 3.972467 0.091352 3.835199
v 3.968141 0.092002 3.833082
v 4.355635 0.176656 4.177945
v 3.995932 0.649339 4.205581
v 4.022141 0.566496 3.805366
v 4.431842 0.276756 4.057181
v 4.428101 0.281357 4.059795
v 4.429769 0.277596 4.061124
v 3.816130 0.387004 4.225648
v 4.157651 0.551628 3.855404
v 3.800150 0.460324 4.116823
v 3.556117 0.221930 4.026351
v 3.553964 0.219402 4.023512
v 4.477379 0.210851 3.978549
v 3.704394 0.086100 4.235302
v 4.332146 0.039011 3.821143
v 4.299331 0.018543 3.817165
v 3.811208 0.155582 4.220732
v 4.126884 0.585549 3.881840
v 4.162560 0.556315 3.861771
v 3.700497 0.253235 4.156657
v 4.238906 0.106113 4.141886
v 4.254856 0.073021 4.230298
v 3.961978 0.106585 3.837275
v 3.735457 0.295954 3.813000
v 3.934108 0.054531 3.849694
v 4.240481 0.432993 3.842968
v 4.397103 0.015440 4.021460
v 4.249134 0.171140 4.140614
v 4.014513 0.008071 3.943197
v 4.010432 0.018237 3.943450
v 3.991626 0.099526 3.771527
v 3.992173 0.103337 3.774888
v 3.992728 0.100414 3.770185
v 3.788349 0.023687 3.822484
v 3.761169 0.131618 3.779304
v 3.762155 0.136266 3.779360
v 3.546852 0.170390 3.863010
v 4.281721 0.272093 3.771294
v 4.286878 0.283322 3.786230
v 3.573519 0.252319 3.962801
v 3.576677 0.256033 3.963059
v 4.323026 0.033520 3.820330
v 4.271865 0.384583 3.811611
v 3.574916 0.207174 4.068498
v 4.131822 0.387812 3.749691
v 3.698072 0.278345 4.166120
v 3.837031 0.452016 3.904927
v 4.012518 0.651133 3.922163
v 4.210531 0.061543 3.730658
v 4.210885 0.010804 3.811912
v 3.835461 0.108921 4.233048
v 3.668771 0.117039 4.222714
v 4.475632 0.144180 3.880396
v 4.497353 0.205452 3.905174
v 3.810346 0.469543 4.084546
v 4.235126 0.485693 3.880708
v 4.233551 0.484414 3.876289
v 4.217896 0.445728 3.816865
v 4.214232 0.442837 3.813674
v 4.041868 0.666839 4.028749
v 3.516837 0.004303 3.921067
v 3.768277 0.428037 4.175038
v 4.187063 0.475277 3.835800
v 4.231283 0.102685 3.789062
v 3.674179 0.298270 3.873793
v 3.674236 0.296552 3.869264
v 4.141020 0.537131 3.824621
v 3.707349 0.070455 3.759533
v 3.708034 0.074774 3.758141
v 3.711813 0.074716 3.760938
v 4.145883 0.142787 4.190172
v 4.145087 0.146802 4.188259
v 4.141145 0.142541 4.191484
v 3.731708 0.271366 3.812123
v 4.322972 0.327538 4.107991
v 3.666014 0.330363 4.148265
v 3.591652 0.285402 4.031613
v 3.591325 0.285402 4.036546
v 4.340735 0.344681 4.039853
v 4.038478 0.231847 3.742889
v 4.318596 0.330427 4.105990
v 4.252293 0.037934 4.195583
v 4.250677 0.036239 4.199662
v 4.300085 0.407253 3.903898
v 3.617428 0.269260 3.883134
v 4.385098 0.092862 3.808024
v 4.381856 0.089480 3.809001
v 4.086821 0.543194 3.804484
v 3.567216 0.097574 4.132593
v 3.597583 0.231698 3.885240
v 3.690552 0.007021 3.793260
v 3.827877 0.397122 4.225523
v 4.222114 0.012275 3.843198
v 4.115322 0.551172 3.847934
v 3.730108 0.363937 3.991533
v 3.728326 0.364869 3.995955
v 3.707965 0.093358 3.750959
v 4.127059 0.158763 3.776552
v 4.133310 0.156138 3.777622
v 4.453765 0.180007 3.830925
v 4.199496 0.109057 3.769691
v 4.169168 0.473669 3.823766
v 4.275467 0.051721 3.797108
v 4.122683 0.169764 3.853958
v 3.606567 0.159027 4.098502
v 3.609581 0.160275 4.100962
v 4.004759 0.653474 3.933268
v 4.316780 0.369295 3.845713
v 4.082590 0.571040 3.850438
v 4.198160 0.474847 3.840648
v 4.319654 0.412878 3.936782
v 4.208756 0.466503 3.840964
v 4.268377 0.403072 4.164714
v 3.733249 0.349746 3.976654
v 4.238482 0.089914 4.269410
v 4.118226 0.272453 3.783367
v 3.900746 0.108541 3.792561
v 3.533334 0.093869 4.006383
v 4.038218 0.110402 4.211802
v 3.818263 0.019446 3.843208
v 3.686125 0.318958 3.977661
v 3.919549 0.114013 3.797465
v 3.677389 0.313858 3.951515
v 3.681769 0.314784 3.946192
v 3.983966 0.627731 3.879447
v 4.447664 0.270069 3.989356
v 3.793356 0.441277 4.176685
v 4.021648 0.608659 4.240503
v 3.676468 0.238372 4.161294
v 4.327468 0.341907 4.080164
v 4.328094 0.335924 4.083944
v 4.360962 0.247627 3.774728
v 4.358067 0.249728 3.771837
v 4.062591 0.019556 4.237816
v 4.005569 0.647427 3.915001
v 4.006639 0.649289 3.919242
v 4.011364 0.649281 3.917944
v 4.010234 0.647375 3.913707
v 4.356178 0.343197 4.062310
v 3.763099 0.444718 3.977750
v 4.350536 0.278740 3.789115
v 4.350031 0.282487 3.792378
v 4.253703 0.079765 4.228580
v 4.403811 0.321644 4.023909
v 4.409590 0.320362 4.028291
v 4.070194 0.547994 3.804357
v 3.540214 0.087716 4.119135
v 3.812802 0.016384 3.845297
v 4.139320 0.535786 3.820084
v 4.286411 0.082210 4.191471
v 4.292199 0.091159 4.141931
v 3.941854 0.057812 3.848899
v 3.674039 0.125263 4.218113
v 3.950941 0.056808 3.851564
v 3.592628 0.221910 4.074489
v 3.592050 0.225602 4.070997
v 3.542844 0.088509 4.120864
v 3.679889 0.316838 3.987136
v 3.795612 0.438049 4.185671
v 4.250197 0.068952 4.114834
v 3.682272 0.313356 4.079152
v 3.683965 0.317317 4.080215
v 3.596545 0.221680 4.079250
v 3.681340 0.323837 4.174051
v 3.592833 0.266543 4.065268
v 4.232948 0.087800 4.282629
v 3.888785 0.137070 4.234742
v 3.994530 0.204776 3.758736
v 3.577084 0.218304 3.890352
v 3.682984 0.136136 4.212092
v 4.191113 0.501551 3.843477
v 3.761980 0.428165 3.956456
v 3.560915 0.101853 4.071865
v 3.961906 0.097940 3.828820
v 3.959483 0.094058 3.829296
v 4.415330 0.144985 3.784487
v 4.179998 0.068180 4.119497
v 3.828187 0.413331 4.212239
v 3.833584 0.415892 4.215332
v 3.594554 0.224889 4.076074
v 3.989237 0.634112 3.886488
v 3.993093 0.634248 3.886414
v 3.931157 0.126731 3.817332
v 4.465113 0.152402 4.096696
v 4.462382 0.147438 4.096548
v 3.681363 0.098501 4.230792
v 3.639163 0.299334 3.983843
v 4.159873 0.032075 4.137906
v 4.291881 0.294476 4.135850
v 4.295639 0.291325 4.136791
v 3.534363 0.091221 4.010076
v 4.351038 0.266518 3.780315
v 4.242909 0.054667 4.100298
v 3.544649 0.166134 3.861770
v 3.500010 0.070504 4.072855
v 3.679317 0.180767 4.163760
v 3.991329 0.587333 3.837594
v 4.127108 0.299995 3.776361
v 3.951870 0.551011 3.839416
v 3.501547 0.064475 4.057631
v 4.351660 0.344617 4.061639
v 4.243951 0.216915 3.735330
v 4.277184 0.419079 3.868977
v 4.279776 0.416919 3.867962
v 3.836961 0.413972 4.218180
v 4.158014 0.032319 4.125574
v 4.159036 0.036058 4.124226
v 4.153357 0.033633 4.126244
v 3.763222 0.041189 4.234600
v 3.561024 0.091735 4.150198
v 3.937554 0.589350 3.954235
v 3.943176 0.469598 3.733276
v 3.769014 0.036455 4.224818
v 3.888864 0.544744 4.195765
v 3.837286 0.479450 4.193396
v 3.683619 0.318856 3.992730
v 3.688035 0.320837 3.993639
v 3.897698 0.529017 3.865909
v 3.666376 0.339132 4.157749
v 3.941806 0.117667 3.827270
v 3.939731 0.120110 3.827432
v 4.240857 0.145429 4.126343
v 3.980317 0.039728 3.773608
v 3.724971 0.371936 4.003168
v 3.727754 0.370457 3.999798
v 3.725354 0.366291 3.999348
v 3.998313 0.646723 4.208445
v 4.169996 0.467372 3.822214
v 4.173718 0.466991 3.827873
v 4.173227 0.464387 3.823934
v 3.780258 0.428126 3.927802
v 3.913604 0.531836 3.844412
v 3.648495 0.047892 4.264451
v 4.041227 0.070200 4.282638
v 4.043948 0.073813 4.284785
v 4.243814 0.033959 4.088551
v 3.678456 0.043595 4.261712
v 4.269985 0.417033 3.856339
v 3.828480 0.509357 4.021553
v 4.051428 0.106979 4.230515
v 4.021825 0.092807 4.211292
v 4.312701 0.371179 3.844306
v 4.464673 0.244015 3.959280
v 3.927594 0.047136 3.853887
v 3.558867 0.224066 4.028486
v 3.794256 0.459104 4.075789
v 4.291259 0.116254 4.166557
v 3.937272 0.455642 3.731771
v 3.940438 0.452997 3.729847
v 4.105403 0.177187 3.809131
v 4.109154 0.180024 3.811622
v 4.493253 0.199404 3.931499
v 3.607004 0.067699 4.263416
v 3.761039 0.462695 4.113973
v 4.458950 0.170973 3.840065
v 4.008601 0.663120 3.964188
v 4.290604 0.177270 4.192259
v 4.312034 0.182282 4.192228
v 4.133985 0.541737 3.826581
v 3.690022 0.268515 3.782088
v 3.523072 0.004776 3.808910
v 3.823084 0.434478 3.839271
v 3.730229 0.358276 3.987110
v 4.268504 0.517617 4.034153
v 4.279091 0.415652 4.142010
v 4.064710 0.011296 4.050709
v 3.577483 0.260501 3.982479
v 3.580454 0.264408 3.982637
v 3.699233 0.267695 3.781815
v 4.235299 0.141938 4.131714
v 4.075800 0.554226 3.843914
v 3.654096 0.304384 3.975445
v 4.337369 0.173710 4.183399
v 4.029703 0.013693 4.116726
v 4.030388 0.014406 4.112476
v 3.915435 0.118732 4.226315
v 3.715831 0.308766 3.962351
v 4.081495 0.235230 3.760285
v 4.040062 0.107082 4.213291
v 4.478018 0.193083 3.863043
v 4.475443 0.196519 3.860775
v 3.617235 0.272206 3.886792
v 4.091408 0.613788 3.910107
v 3.705488 0.329191 3.998129
v 3.702513 0.326409 3.992706
v 3.859241 0.109672 4.231870
v 4.311085 0.393040 3.867600
v 4.307563 0.396258 3.866679
v 4.305112 0.025842 4.078640
v 3.946687 0.361585 4.272840
v 4.230346 0.045581 4.202698
v 4.114597 0.547462 3.845682
v 4.450747 0.266354 3.993048
v 4.452609 0.260634 3.997188
v 3.694634 0.268412 3.781923
v 3.694352 0.264790 3.780144
v 4.315706 0.374617 4.086335
v 3.695693 0.324979 4.029835
v 4.450922 0.188384 4.127452
v 3.884261 0.097999 3.793707
v 3.880257 0.098145 3.792297
v 3.548465 0.102319 4.029999
v 3.660283 0.235695 4.149286
v 3.900088 0.175850 4.249271
v 3.575018 0.111611 4.072797
v 4.017743 0.086365 4.213481
v 4.246720 0.542525 4.017956
v 3.728098 0.331118 3.979024
v 3.812237 0.039626 3.816320
v 3.812269 0.406306 3.821294
v 3.815305 0.405592 3.817581
v 4.022885 0.007280 4.014527
v 3.884546 0.508650 3.856401
v 4.280743 0.384518 4.154949
v 4.251739 0.083734 4.230592
v 4.247335 0.130015 3.781130
v 4.187042 0.284326 3.747859
v 4.342709 0.355041 3.989983
v 4.286027 0.183430 4.186267
v 4.291897 0.183939 4.189891
v 3.967639 0.076151 4.203991
v 3.679916 0.229567 4.163227
v 4.122563 0.204435 3.815219
v 3.813540 0.415012 3.828163
v 3.816898 0.414286 3.824507
v 4.267082 0.115443 3.766997
v 3.779418 0.131713 3.786321
v 3.779121 0.088455 4.231974
v 3.775931 0.091923 4.233111
v 4.122466 0.284679 3.776596
v 4.330218 0.375721 3.973907
v 3.702495 0.244043 4.152379
v 3.526254 0.084268 3.996974
v 4.176661 0.227678 3.793051
v 4.181747 0.558955 4.217230
v 3.902024 0.410353 3.739043
v 4.318424 0.358219 4.092601
v 4.256461 0.175511 3.744934
v 4.384439 0.007949 3.962199
v 4.418866 0.315275 4.033378
v 4.415098 0.318780 4.032920
v 4.224040 0.013845 3.847432
v 3.787862 0.442258 4.168591
v 3.982756 0.075927 3.838840
v 4.111943 0.333302 3.752937
v 3.909990 0.019431 4.170896
v 3.912022 0.022488 4.174341
v 4.280333 0.021329 4.228448
v 4.012646 0.130122 3.786460
v 4.067566 0.077406 4.289036
v 3.972400 0.032401 3.813742
v 3.800079 0.427198 3.946914
v 3.804629 0.426552 3.947921
v 4.023938 0.020638 4.233656
v 4.333731 0.385516 3.969068
v 4.187505 0.114113 3.765854
v 4.103226 0.302638 3.757052
v 3.613367 0.207243 4.101988
v 4.113338 0.355113 3.745756
v 3.764874 0.016944 3.820532
v 3.684464 0.319762 4.174465
v 4.301271 0.427462 3.904714
v 4.298545 0.431058 3.906343
v 4.422234 0.066936 4.065760
v 4.343334 0.356039 4.005502
v 4.330515 0.378705 4.026716
v 4.000494 0.081282 3.750510
v 4.046757 0.090893 4.255502
v 4.051003 0.092927 4.256153
v 3.500264 0.060234 4.057805
v 3.966735 0.518113 3.734670
v 3.736932 0.161741 4.201485
v 3.731124 0.019161 3.799563
v 3.820772 0.426670 3.832991
v 3.763526 0.450698 4.021872
v 4.456631 0.139255 4.094940
v 3.901454 0.186506 4.251163
v 3.907654 0.128650 3.785727
v 3.509798 0.004422 3.954494
v 4.184802 0.031105 4.161786
v 4.448531 0.182351 4.134586
v 3.841901 0.513893 3.981005
v 3.852765 0.398396 4.237444
v 3.525217 0.147925 3.983143
v 4.417694 0.131512 3.794847
v 4.420615 0.129341 3.797928
v 3.926385 0.588217 3.892849
v 4.189080 0.477574 3.841086
v 3.599101 0.225089 4.080779
v 3.781169 0.336914 3.776235
v 3.783431 0.334970 3.771943
v 4.378298 0.006815 3.897141
v 4.329820 0.208951 3.743040
v 3.841809 0.157168 4.225001
v 4.340850 0.305163 3.802624
v 3.612363 0.125851 4.108197
v 3.811528 0.015345 3.849946
v 3.639966 0.038324 4.264887
v 3.773567 0.410995 4.186789
v 4.220166 0.011370 3.839031
v 3.930146 0.130394 3.802599
v 3.778323 0.162270 4.210086
v 4.311603 0.350672 4.115833
v 4.309883 0.333834 4.126570
v 3.633227 0.246380 3.871128
v 4.254320 0.092172 4.218873
v 3.974990 0.579231 3.811158
v 4.244077 0.060814 3.802678
v 3.714051 0.063077 3.767465
v 4.282922 0.407286 4.139195
v 3.941370 0.584841 3.870836
v 4.362888 0.181933 4.172790
v 3.683636 0.325078 4.177387
v 3.738704 0.298919 3.803170
v 3.676368 0.322689 4.160489
v 3.959464 0.018445 3.889244
v 4.310143 0.354747 4.116514
v 4.017043 0.627000 4.226324
v 3.751616 0.315547 3.780677
v 3.624512 0.169186 4.110767
v 3.831429 0.023780 4.197410
v 3.832930 0.026894 4.200939
v 3.823834 0.489091 4.094073
v 3.824700 0.488425 4.098821
v 4.240191 0.106679 4.137687
v 4.234483 0.107915 4.141447
v 3.945379 0.605184 4.202492
v 3.948834 0.608451 4.202669
v 4.246743 0.091517 4.243768
v 3.937351 0.538610 3.853682
v 3.933201 0.537271 3.854874
v 3.913463 0.119693 3.790132
v 4.331038 0.378931 4.024477
v 4.329612 0.383508 4.023707
v 3.841536 0.459842 3.898868
v 4.254555 0.429576 3.852897
v 3.669312 0.288569 4.139999
v 3.666531 0.310407 3.985715
v 4.145308 0.310375 3.763098
v 4.147181 0.314579 3.760550
v 4.012989 0.664907 3.963064
v 4.232473 0.455643 3.849592
v 3.727962 0.120314 3.760048
v 3.688676 0.284424 3.859433
v 4.493698 0.209863 3.882925
v 3.803076 0.180934 4.193620
v 4.271779 0.401959 3.820322
v 3.894294 0.525656 3.867093
v 4.177009 0.566623 4.221488
v 3.939431 0.054134 3.851258
v 3.975934 0.573530 3.802760
v 3.972009 0.571275 3.803678
v 4.340110 0.016734 3.845439
v 4.291718 0.299646 4.131807
v 3.686479 0.049588 4.256859
v 4.190767 0.472580 3.831329
v 4.191982 0.474856 3.835492
v 3.964165 0.012589 3.868976
v 3.968449 0.011711 3.869182
v 4.337994 0.383862 3.972897
v 3.558415 0.201876 3.888255
v 4.193305 0.030149 4.111091
v 4.021941 0.668530 4.176797
v 3.665161 0.221582 4.152736
v 3.924115 0.119901 3.795035
v 4.200551 0.470530 3.836166
v 4.276096 0.219215 4.158451
v 3.529650 0.036318 4.156714
v 4.166998 0.476531 3.822210
v 3.669071 0.199850 4.154744
v 3.939632 0.114012 3.808840
v 3.936684 0.116740 3.806304
v 3.615280 0.119411 4.228114
v 4.366643 0.222429 3.758983
v 4.280144 0.418630 3.872248
v 4.030372 0.625260 4.233479
v 4.033248 0.629044 4.232376
v 4.153440 0.267859 3.788199
v 3.668856 0.092233 4.235008
v 4.073226 0.626027 3.921659
v 4.278940 0.388756 4.155998
v 3.775503 0.441516 4.171332
v 4.085868 0.011495 4.043541
v 3.685491 0.251341 4.161465
v 4.486105 0.201588 3.955871
v 3.825386 0.414966 4.208728
v 3.973876 0.012500 3.785415
v 3.974355 0.011086 3.789796
v 3.969191 0.011534 3.790342
v 3.502194 0.098316 3.934316
v 4.226681 0.232171 3.742730
v 3.536505 0.009690 4.164135
v 3.535626 0.014446 4.163668
v 4.330085 0.329865 3.816912
v 3.982701 0.066080 4.198236
v 3.980116 0.064361 4.194946
v 3.872816 0.019818 4.183453
v 4.218764 0.518868 4.184963
v 3.930578 0.111215 3.804901
v 4.289406 0.482308 4.010894
v 4.106645 0.609782 4.246625
v 3.665245 0.004389 3.796492
v 3.670002 0.004065 3.795873
v 4.300631 0.329870 4.136528
v 3.733027 0.199830 4.170793
v 3.751104 0.125072 3.774173
v 3.752167 0.129664 3.774261
v 3.626836 0.284180 4.105189
v 3.592707 0.211255 4.085812
v 4.353758 0.272755 3.789075
v 3.989025 0.051803 4.186913
v 3.988430 0.055634 4.187255
v 3.986130 0.055843 4.182860
v 3.799500 0.458198 4.066847
v 3.774602 0.431646 3.944491
v 4.251178 0.216410 4.149281
v 4.329116 0.369347 3.974542
v 4.196079 0.086619 4.115094
v 4.252605 0.030880 4.257032
v 3.573846 0.211430 4.067383
v 4.139829 0.143111 3.762069
v 3.792445 0.356916 3.790149
v 3.942461 0.608004 4.199152
v 3.946092 0.611234 4.199216
v 4.497580 0.220242 3.893069
v 3.670871 0.233865 4.155885
v 3.672664 0.236459 4.159289
v 3.888808 0.102571 3.792234
v 3.798421 0.461918 4.080326
v 4.274339 0.021472 3.817474
v 4.128049 0.184832 3.825850
v 4.126241 0.187886 3.829818
v 3.537583 0.078983 4.158130
v 4.491494 0.210681 3.924308
v 4.233998 0.078001 4.173329
v 3.827877 0.449803 3.851058
v 4.246650 0.025039 4.077934
v 4.246459 0.020430 4.075925
v 4.247298 0.035077 4.085032
v 4.243428 0.029797 4.086461
v 4.340156 0.356258 3.983804
v 4.231984 0.428418 3.825095
v 3.981092 0.637026 4.204473
v 3.929402 0.293162 4.265102
v 4.169879 0.299651 3.754351
v 4.100769 0.528504 3.791213
v 3.798132 0.435639 4.189272
v 3.796786 0.434952 4.182587
v 3.607106 0.169682 4.097733
v 3.758642 0.252858 3.787533
v 3.762686 0.250897 3.785562
v 4.177877 0.221526 3.795552
v 4.175901 0.218966 3.798911
v 3.671756 0.202944 4.157523
v 3.929133 0.019248 4.165762
v 4.066770 0.641331 3.940438
v 4.371471 0.202229 3.752133
v 3.764627 0.187297 4.183914
v 4.300313 0.048168 4.101659
v 4.304990 0.047704 4.100528
v 4.231591 0.232361 3.738234
v 4.228163 0.235434 3.739597
v 3.630124 0.246861 4.120724
v 4.114252 0.191399 3.812544
v 4.293611 0.016799 3.816684
v 4.234247 0.187129 4.129544
v 4.230051 0.184840 4.130254
v 3.980264 0.058646 4.179968
v 4.025220 0.213047 3.755638
v 4.248956 0.093575 4.144163
v 4.252735 0.036936 4.254225
v 4.250900 0.041406 4.255699
v 3.839336 0.365649 3.757338
v 3.833018 0.365718 3.759424
v 4.456005 0.209403 4.060505
v 3.718517 0.389376 4.069554
v 4.474006 0.213865 3.987927
v 4.251863 0.187766 3.743010
v 4.026895 0.580977 4.261405
v 3.994057 0.636629 3.890187
v 3.710816 0.226924 4.158327
v 3.713139 0.230155 4.160224
v 3.781865 0.204410 4.190322
v 3.665223 0.310525 3.994754
v 3.555549 0.110604 4.037853
v 3.771880 0.331614 3.778347
v 4.246465 0.031568 4.200764
v 4.328580 0.317082 4.114181
v 4.188543 0.079917 4.117660
v 4.167781 0.149427 3.811658
v 3.908754 0.047967 3.848629
v 4.338083 0.323925 4.105815
v 4.269782 0.086591 3.777095
v 4.271031 0.080480 3.779738
v 4.267318 0.083138 3.778748
v 4.280059 0.498329 4.020147
v 3.899102 0.413796 3.740822
v 4.014093 0.582646 4.253785
v 4.016913 0.586303 4.252924
v 4.013791 0.588147 4.250048
v 3.567002 0.178898 4.051823
v 3.692933 0.196446 4.165725
v 3.598853 0.108196 4.248174
v 3.602324 0.103965 4.249424
v 4.246860 0.093036 4.239388
v 4.115294 0.247893 3.791784
v 3.524228 0.150667 3.979424
v 4.247542 0.468517 4.169833
v 3.542198 0.100054 4.031972
v 3.599221 0.268272 4.080285
v 3.912807 0.247781 4.259347
v 4.123817 0.539147 3.816882
v 4.160021 0.158850 3.820656
v 4.026348 0.016034 4.113591
v 4.251327 0.036214 4.122764
v 3.675827 0.228953 4.150354
v 4.117353 0.235106 3.799865
v 3.706460 0.082518 4.237079
v 4.114458 0.258107 3.786553
v 3.713031 0.054079 3.770516
v 3.516185 0.102338 3.964937
v 4.435344 0.239795 4.094324
v 3.896206 0.107446 3.791160
v 4.175915 0.542107 3.866217
v 4.146753 0.561619 3.856125
v 4.495927 0.177726 3.940006
v 4.496662 0.182179 3.941482
v 4.102921 0.606339 3.903937
v 3.591693 0.284828 4.041408
v 4.294362 0.426241 3.891830
v 3.571279 0.248280 3.957749
v 3.969211 0.038512 3.870161
v 4.289813 0.016139 3.819815
v 3.814731 0.500353 4.057836
v 3.635005 0.187760 3.756004
v 4.221881 0.174219 4.142510
v 3.839228 0.106133 4.232044
v 3.832615 0.105248 4.232285
v 4.269086 0.516883 4.038755
v 3.926877 0.143764 3.776187
v 4.388356 0.096195 3.807012
v 4.391594 0.099545 3.806052
v 3.748469 0.058901 4.248119
v 3.579975 0.105227 4.119678
v 4.445775 0.267822 4.015794
v 4.300601 0.313169 4.117049
v 4.302722 0.312360 4.120896
v 3.687073 0.256629 4.158035
v 3.845891 0.107187 4.231855
v 4.452447 0.203748 4.084530
v 3.743819 0.240907 4.178798
v 3.720996 0.276909 3.837874
v 3.720275 0.392343 4.069764
v 4.229803 0.453497 3.846179
v 4.260849 0.145297 3.755557
v 4.331856 0.372288 3.976980
v 4.034811 0.106708 4.211398
v 4.047630 0.574726 3.843422
v 4.317463 0.369989 4.085409
v 4.235009 0.084624 4.166386
v 4.108638 0.599193 3.894176
v 4.110121 0.600782 3.898359
v 4.406731 0.306419 3.894529
v 4.326591 0.373030 3.971894
v 4.129160 0.590865 4.243588
v 4.253381 0.049058 4.183503
v 3.837164 0.408338 4.222170
v 3.736712 0.270901 3.809293
v 3.911468 0.059202 3.840468
v 4.017677 0.666669 4.176648
v 4.159900 0.376994 3.781106
v 4.159304 0.269479 3.784662
v 4.157611 0.265961 3.788061
v 4.279179 0.058908 3.790228
v 4.282622 0.055922 3.792225
v 4.278887 0.053400 3.793873
v 3.557257 0.141856 4.051862
v 3.807670 0.456947 3.875360
v 4.088848 0.617237 4.245114
v 3.684578 0.101795 3.751916
v 4.139243 0.010674 3.759223
v 3.708795 0.191532 4.170057
v 3.761020 0.448699 4.012212
v 4.136779 0.533543 3.816489
v 3.792630 0.442210 4.172124
v 3.970938 0.087114 3.836240
v 3.670535 0.163267 4.177171
v 3.770041 0.407903 4.187863
v 3.767055 0.410646 4.185450
v 4.237861 0.034441 4.212354
v 4.235187 0.038168 4.212573
v 3.761595 0.344446 3.794576
v 3.740450 0.303110 3.803298
v 4.005252 0.025231 3.937835
v 3.559180 0.198059 3.882595
v 3.968244 0.095525 3.833749
v 4.192690 0.088595 4.118228
v 4.299884 0.343019 4.145182
v 4.417969 0.051241 4.051279
v 4.417282 0.050620 4.055492
v 4.457868 0.173906 3.836823
v 3.577321 0.135112 3.776446
v 3.749277 0.268102 3.791145
v 3.745447 0.265349 3.789665
v 4.303237 0.181383 4.195370
v 4.422354 0.150611 3.781892
v 3.838045 0.056560 3.809312
v 3.621916 0.224798 4.111494
v 4.432765 0.269651 4.060563
v 4.433185 0.271511 4.057578
v 4.431356 0.269668 4.064874
v 3.763931 0.210143 4.179932
v 3.764541 0.213090 4.183984
v 4.214127 0.140071 4.150485
v 4.118968 0.174058 3.826313
v 4.113838 0.349134 3.748430
v 4.251751 0.092761 3.781443
v 4.045122 0.665249 4.013774
v 4.192903 0.022234 4.251493
v 3.769407 0.402042 4.191402
v 3.766512 0.404681 4.188797
v 4.042622 0.558742 3.806815
v 3.950857 0.561194 3.827388
v 4.418271 0.054634 4.059736
v 3.756688 0.318804 3.777717
v 3.753918 0.314837 3.777548
v 3.719161 0.319672 3.978112
v 4.431053 0.281045 4.056401
v 3.709002 0.053261 3.767757
v 4.145569 0.384593 3.762994
v 4.153470 0.378402 3.783536
v 4.251530 0.049616 4.249621
v 4.091448 0.014903 3.762965
v 3.915883 0.108892 3.799813
v 3.533274 0.037078 4.159848
v 3.544874 0.103532 4.033823
v 3.938401 0.127142 3.826769
v 4.293488 0.412384 3.874578
v 4.051396 0.658259 4.223959
v 4.049899 0.658515 4.228637
v 4.169530 0.450578 3.810698
v 3.800030 0.448809 3.892174
v 3.800982 0.450408 3.887779
v 3.794772 0.446313 3.890087
v 3.840252 0.372372 3.758563
v 4.287912 0.189992 4.183634
v 4.318496 0.014011 3.838688
v 4.247534 0.099807 4.137970
v 3.552492 0.086745 4.153936
v 3.778837 0.210179 4.193345
v 4.031682 0.206957 3.759802
v 3.504180 0.001193 4.109972
v 4.325013 0.308531 4.119305
v 4.278662 0.127016 4.170905
v 4.101470 0.604843 3.899678
v 4.113903 0.394718 3.736724
v 3.802778 0.376817 3.801935
v 4.017972 0.041952 4.252017
v 4.021583 0.039860 4.251633
v 4.233378 0.429966 3.829473
v 4.202415 0.513314 4.200634
v 3.539213 0.150076 3.848193
v 3.979932 0.622460 3.877300
v 3.562268 0.225985 3.900322
v 4.137810 0.540112 3.825052
v 4.201855 0.472202 3.840778
v 4.124864 0.014070 4.120438
v 4.120959 0.208057 3.812722
v 4.171848 0.032712 4.121137
v 4.169009 0.481945 3.834385
v 4.395412 0.013810 4.012108
v 4.020339 0.199856 3.765497
v 3.648948 0.289022 4.124048
v 4.300814 0.194852 4.189739
v 3.961030 0.076658 4.202031
v 4.462667 0.208864 4.035984
v 3.592052 0.112831 4.099877
v 3.594759 0.114296 4.095990
v 4.234526 0.081300 4.169890
v 4.253807 0.042195 4.185884
v 4.459504 0.143213 4.095918
v 4.282281 0.275589 3.773746
v 4.238036 0.196291 4.143431
v 3.924166 0.135740 3.792621
v 4.267818 0.439983 3.867334
v 4.328841 0.040770 3.818210
v 3.702201 0.191876 4.167994
v 3.917018 0.245307 4.258918
v 4.240398 0.066035 4.267042
v 3.802523 0.037778 3.816047
v 3.802886 0.033963 3.818689
v 4.347077 0.288195 3.793334
v 3.847580 0.378721 3.758126
v 4.217797 0.142149 4.141139
v 4.215142 0.142813 4.144808
v 4.147923 0.389176 3.763394
v 3.667359 0.111152 4.225787
v 3.657535 0.205773 4.142959
v 3.739402 0.194299 4.175490
v 4.157670 0.248252 3.797799
v 4.118043 0.363596 3.746652
v 3.821792 0.153863 4.223150
v 4.313913 0.387494 3.864565
v 4.310625 0.390650 3.863145
v 3.744589 0.243611 4.185656
v 4.139185 0.347022 3.780091
v 4.357148 0.282035 3.808002
v 4.394687 0.097501 3.809093
v 4.457208 0.255130 3.891580
v 3.723412 0.346340 3.992739
v 3.602050 0.288273 4.017795
v 4.175333 0.458458 3.815142
v 4.176760 0.461647 3.818541
v 4.124108 0.165770 3.784172
v 3.740247 0.081594 4.238422
v 3.789893 0.334702 3.770576
v 4.002182 0.641930 3.902029
v 3.675514 0.004191 3.795994
v 3.581065 0.096439 4.227071
v 3.762547 0.340581 3.789627
v 3.765017 0.344475 3.791264
v 4.068868 0.637293 4.240285
v 3.871366 0.086586 3.796892
v 3.869965 0.082939 3.799643
v 4.008380 0.030503 4.238612
v 4.380225 0.005345 3.953268
v 4.383633 0.007727 3.952700
v 3.565127 0.189593 4.052925
v 4.265959 0.089028 3.775224
v 4.263769 0.085770 3.778420
v 4.243724 0.022034 4.081487
v 3.996442 0.115279 3.781906
v 4.181891 0.563416 4.205263
v 4.270311 0.429856 3.856106
v 4.333193 0.327820 3.819721
v 4.486805 0.202708 3.951381
v 4.230553 0.059707 4.188776
v 3.790880 0.453521 4.062201
v 3.526173 0.076745 4.149676
v 3.799473 0.345483 3.768550
v 3.819194 0.412811 4.206390
v 4.261403 0.102758 3.773794
v 4.427896 0.262396 4.079684
v 4.249492 0.036035 4.122015
v 3.659388 0.252932 4.149451
v 3.896940 0.021361 3.866369
v 3.902608 0.024974 3.864995
v 3.901565 0.021182 3.867707
v 4.411037 0.321988 4.032598
v 4.127296 0.162599 3.781929
v 4.335550 0.364936 3.982149
v 4.127341 0.301944 3.789867
v 4.280469 0.120941 4.171617
v 4.288138 0.180310 4.189415
v 3.813318 0.396918 3.811292
v 3.975308 0.029909 4.160469
v 3.751344 0.305420 3.779399
v 3.547748 0.004059 4.114213
v 4.146055 0.133335 3.752160
v 3.688951 0.320771 3.988425
v 3.798055 0.032817 3.818103
v 3.614604 0.118054 4.234798
v 4.083139 0.545086 3.806891
v 4.020008 0.582330 3.840342
v 4.312300 0.316917 4.120812
v 3.964682 0.090288 4.218730
v 4.241128 0.025386 4.086709
v 3.978918 0.068566 4.199702
v 3.744353 0.307445 3.793885
v 4.047786 0.021053 4.239106
v 4.073469 0.634465 3.934958
v 4.116138 0.017593 4.125523
v 3.723119 0.330608 3.988328
v 4.312575 0.178371 4.193665
v 4.456558 0.176890 3.833331
v 4.164621 0.298781 3.759337
v 3.973831 0.621837 3.889333
v 4.164337 0.121362 3.752411
v 3.695328 0.074783 4.241365
v 3.557014 0.208750 4.051620
v 3.611489 0.219717 4.097762
v 4.245502 0.102695 4.135307
v 4.243845 0.103976 4.138609
v 3.935574 0.547178 3.837728
v 4.432280 0.240563 4.097116
v 4.200517 0.523789 4.200225
v 4.202889 0.526692 4.196917
v 3.680387 0.291437 3.858334
v 4.242549 0.213491 3.738369
v 3.816248 0.424319 4.200919
v 4.190310 0.184984 3.806526
v 4.192442 0.187485 3.802980
v 3.672104 0.173704 4.163862
v 4.045478 0.662218 4.038464
v 4.430709 0.273618 4.063001
v 3.519173 0.088521 4.061661
v 3.684839 0.284206 3.855763
v 4.279614 0.065207 3.787546
v 4.214440 0.061452 3.733443
v 4.273451 0.430114 3.859836
v 3.775304 0.331061 3.774540
v 3.778057 0.327244 3.772859
v 3.630251 0.152024 4.117735
v 4.448777 0.267808 4.002198
v 4.221728 0.444397 3.826597
v 3.932971 0.129785 3.792686
v 3.688538 0.209377 4.158831
v 3.563690 0.129267 3.785477
v 3.566245 0.126380 3.782837
v 3.786635 0.428093 3.942300
v 4.327278 0.377226 4.041100
v 4.325657 0.381679 4.041345
v 4.485051 0.207155 3.952118
v 4.309813 0.337371 4.128505
v 3.814128 0.158808 4.218852
v 3.657426 0.199023 4.141665
v 3.659923 0.201872 4.144710
v 4.206862 0.263393 3.742580
v 4.237286 0.069654 4.179801
v 4.277879 0.295908 3.775434
v 4.113908 0.172426 3.792363
v 3.760868 0.078437 4.239680
v 4.149028 0.570336 3.867780
v 4.213990 0.011877 3.811082
v 3.708628 0.332783 3.999154
v 3.803039 0.464566 4.093928
v 3.669886 0.107485 4.227375
v 3.608647 0.115411 4.233161
v 3.611280 0.116094 4.237079
v 3.995551 0.094036 3.760315
v 3.612841 0.200270 4.100419
v 4.044834 0.556172 3.803201
v 3.531884 0.105917 3.803916
v 4.412010 0.315623 4.024246
v 4.119834 0.019271 4.240234
v 4.119732 0.020686 4.244471
v 4.115779 0.208943 3.808331
v 3.981059 0.042308 4.170102
v 4.318368 0.430762 3.984468
v 3.772103 0.182335 4.187408
v 3.687735 0.237004 4.162655
v 3.539883 0.105620 3.797345
v 3.748348 0.366972 3.963434
v 3.849664 0.482339 3.869329
v 3.997972 0.118856 3.782667
v 4.347210 0.312671 3.828538
v 4.350486 0.309721 3.830829
v 3.902582 0.131915 4.236241
v 3.900432 0.129750 4.232014
v 4.341763 0.092144 4.119504
v 4.222338 0.139372 4.136860
v 4.226693 0.139720 4.135128
v 4.225193 0.137111 4.129877
v 3.705212 0.009910 3.790639
v 3.628717 0.257506 4.118492
v 3.626844 0.261762 4.116438
v 3.928963 0.114246 3.801640
v 3.931666 0.103176 4.217850
v 4.283627 0.094556 4.150286
v 4.285103 0.097394 4.153141
v 3.916932 0.105335 3.803322
v 4.380442 0.005316 3.963001
v 3.600306 0.033017 4.253485
v 4.028977 0.653953 3.927106
v 4.319703 0.359578 4.088122
v 3.970951 0.044349 3.862940
v 4.244422 0.044929 4.099800
v 4.245652 0.048011 4.103118
v 4.252875 0.426235 3.850231
v 4.243876 0.036570 4.095703
v 4.243798 0.031453 4.097343
v 3.791801 0.442498 3.893605
v 3.794654 0.445602 3.895124
v 4.117349 0.205259 3.810918
v 4.322280 0.337451 4.098552
v 3.606480 0.290174 4.018291
v 4.229543 0.104023 4.143134
v 4.233613 0.105296 4.145506
v 3.510176 0.104815 3.951405
v 4.063082 0.022096 4.241558
v 4.243349 0.099126 4.126224
v 4.171078 0.457654 3.818488
v 4.336970 0.359524 3.982164
v 4.201169 0.272761 3.741648
v 4.090806 0.169408 3.789866
v 4.092957 0.172621 3.792365
v 3.651036 0.004241 3.796105
v 3.986144 0.016568 3.913383
v 3.591072 0.147472 3.767519
v 4.241693 0.050000 4.099658
v 4.438446 0.291538 4.028561
v 4.274627 0.019529 4.236623
v 3.790609 0.156175 4.216126
v 3.667629 0.247993 4.155571
v 3.747318 0.126372 3.771675
v 3.671636 0.314620 4.010085
v 3.792930 0.451959 4.139198
v 4.170188 0.118639 3.754404
v 3.994255 0.557858 3.777078
v 4.302045 0.308619 4.126374
v 4.130892 0.594320 4.241405
v 4.274106 0.432734 3.865289
v 4.153452 0.031424 4.130274
v 4.175402 0.065688 4.122531
v 3.883163 0.518052 3.873473
v 3.786913 0.338117 3.772194
v 4.073558 0.545750 3.801933
v 4.211568 0.104397 3.773541
v 3.644173 0.265920 4.133229
v 3.821645 0.395001 4.223391
v 3.824935 0.393248 4.226602
v 4.495985 0.180842 3.946214
v 3.612028 0.068851 4.262177
v 4.232274 0.090092 4.284207
v 4.285781 0.305016 4.135282
v 4.004345 0.010586 3.921418
v 3.884872 0.139765 4.235064
v 4.162860 0.266533 3.783185
v 3.697505 0.283203 4.170979
v 4.016729 0.012414 3.976614
v 4.015990 0.012270 3.981144
v 3.834112 0.409996 4.218910
v 3.844280 0.472522 3.861896
v 3.993594 0.010119 3.910987
v 4.320999 0.383954 4.055786
v 4.320087 0.383141 4.060360
v 4.017144 0.203109 3.763751
v 4.453450 0.206737 4.075359
v 4.339224 0.374091 4.000512
v 4.113291 0.080947 3.721816
v 3.751413 0.265601 3.788789
v 4.442178 0.286520 4.019072
v 4.246439 0.082949 3.767690
v 3.662589 0.231952 4.151311
v 3.743646 0.017390 3.808345
v 4.046827 0.627548 4.238750
v 3.536852 0.108170 3.799855
v 4.173367 0.523130 3.852163
v 4.175381 0.524196 3.856416
v 3.555724 0.100677 4.062879
v 4.238823 0.030066 4.206909
v 4.234692 0.030570 4.209730
v 4.004725 0.024297 4.233318
v 4.354306 0.010614 3.862772
v 3.830839 0.442008 3.915560
v 3.985364 0.025927 4.157044
v 4.093376 0.541976 3.805774
v 4.179220 0.215637 3.797865
v 4.101649 0.174571 3.806921
v 4.158641 0.108179 3.729051
v 4.166754 0.036950 4.145528
v 3.695272 0.282624 4.166767
v 4.251568 0.035660 4.258005
v 4.262450 0.020441 4.245807
v 3.650104 0.302273 3.970413
v 3.904097 0.048099 3.847322
v 4.155747 0.513201 3.838146
v 3.624128 0.158296 4.111614
v 3.562472 0.187417 4.049414
v 4.287405 0.018815 4.070292
v 3.679142 0.308908 3.917042
v 4.164366 0.152445 3.813104
v 4.247479 0.177845 4.139658
v 4.245957 0.173609 4.137768
v 3.702770 0.334216 4.007095
v 4.248703 0.027172 4.124373
v 3.924940 0.112312 3.801394
v 3.927132 0.117371 3.798351
v 3.763944 0.164939 4.205060
v 4.106513 0.172588 3.797704
v 3.926271 0.592530 4.197814
v 4.253631 0.231402 4.149314
v 4.250246 0.231905 4.145596
v 4.278580 0.048085 3.797975
v 4.021967 0.043573 4.255077
v 4.500000 0.217416 3.893080
v 4.499259 0.215278 3.895598
v 3.737402 0.378318 3.972234
v 4.491829 0.196459 3.940558
v 4.493661 0.192161 3.939499
v 4.273033 0.312166 3.775793
v 4.280838 0.082488 4.128047
v 4.019522 0.659737 4.214227
v 4.174630 0.224926 3.796481
v 4.232352 0.091396 4.158827
v 3.823306 0.174672 4.209387
v 4.237439 0.074166 4.270717
v 3.562949 0.103676 4.067908
v 3.559265 0.106170 4.062926
v 4.026277 0.566014 3.807767
v 4.293026 0.156905 4.188325
v 4.161750 0.069859 3.718321
v 3.971647 0.611915 3.873064
v 3.971485 0.608677 3.869349
v 3.916148 0.531407 3.848794
v 3.726189 0.164866 4.198743
v 4.316741 0.375766 4.081842
v 4.314898 0.380479 4.082794
v 4.037758 0.565148 3.837187
v 4.075298 0.651119 4.015594
v 4.079812 0.649463 4.014965
v 4.340861 0.373142 3.886380
v 3.951760 0.547085 3.844295
v 4.021312 0.210775 3.757661
v 4.020820 0.205485 3.761781
v 4.017528 0.208543 3.759796
v 3.919768 0.433293 3.736386
v 3.917598 0.435896 3.739905
v 4.230553 0.094372 3.773484
v 3.846791 0.065448 3.804511
v 4.200165 0.463581 3.814081
v 4.197918 0.460607 3.812220
v 3.709141 0.234880 4.163083
v 3.914356 0.051608 3.847179
v 3.915259 0.055361 3.844435
v 3.919933 0.055218 3.845722
v 3.919041 0.051443 3.848477
v 3.720100 0.332728 3.991638
v 4.292295 0.479374 4.005055
v 4.212529 0.143548 4.148530
v 3.607701 0.180613 4.096683
v 3.610891 0.182441 4.099496
v 4.205589 0.096864 4.117832
v 4.370852 0.008074 3.879972
v 3.783698 0.428260 3.937933
v 4.268510 0.077627 3.782423
v 4.242869 0.028240 3.821596
v 3.885974 0.509779 3.860646
v 3.849202 0.487653 4.197054
v 4.012462 0.009976 3.995727
v 4.158787 0.499286 3.828563
v 4.230208 0.557232 3.998042
v 4.230395 0.024449 3.838944
v 4.232332 0.026781 3.835184
v 3.983263 0.038026 4.174465
v 3.983991 0.039693 4.170330
v 3.980102 0.040894 4.169120
v 3.612052 0.277832 4.094437
v 4.024600 0.207746 3.759714
v 3.994999 0.118070 3.787233
v 4.450615 0.131866 4.092440
v 4.021293 0.011066 4.015875
v 3.638376 0.299637 3.988688
v 4.223005 0.448496 3.844849
v 3.636469 0.145496 4.123565
v 3.679274 0.236687 4.164658
v 4.404082 0.022363 4.048277
v 3.633434 0.236512 4.122168
v 4.252464 0.046428 4.187763
v 3.669764 0.228561 4.158802
v 4.166681 0.069165 3.717780
v 3.699546 0.195017 4.165449
v 3.695660 0.192592 4.166482
v 3.859326 0.074994 3.801046
v 3.844674 0.519967 4.021188
v 4.224831 0.108570 4.125765
v 4.240791 0.098401 4.120557
v 3.588996 0.209481 4.082554
v 4.230506 0.080493 4.167939
v 3.978515 0.584322 3.814548
v 3.979114 0.581206 3.810392
v 3.794627 0.447957 4.158238
v 4.017244 0.650977 3.920943
v 3.681654 0.315649 3.951111
v 4.193854 0.465773 3.817542
v 4.451103 0.186483 4.134980
v 3.693727 0.296917 4.174827
v 3.893482 0.516282 3.853946
v 3.567182 0.108806 4.067678
v 3.722292 0.324374 3.985175
v 4.235139 0.193279 4.139668
v 3.928484 0.111785 4.226948
v 3.930483 0.113766 4.230427
v 3.909680 0.051766 3.845902
v 3.967628 0.606512 3.870777
v 3.974622 0.577848 3.824473
v 3.978196 0.581351 3.823777
v 4.194979 0.504005 3.852800
v 4.010861 0.619811 4.228053
v 4.100686 0.305391 3.754149
v 4.323715 0.388908 3.882268
v 3.933016 0.098924 3.816019
v 4.463404 0.130613 3.839991
v 4.125430 0.174095 3.835072
v 4.309777 0.025427 4.077348
v 4.439779 0.223550 4.103688
v 3.808233 0.389002 3.809026
v 4.183319 0.535792 3.870468
v 3.644943 0.191772 4.127714
v 4.134008 0.391679 3.750458
v 4.282500 0.413354 4.136621
v 4.284320 0.409118 4.135229
v 4.344705 0.351342 4.006438
v 4.239392 0.050474 3.811730
v 4.242893 0.047572 3.810633
v 4.260004 0.018856 3.822943
v 4.262133 0.016883 3.825158
v 4.193981 0.467718 3.822299
v 3.604696 0.160005 3.760159
v 3.813383 0.456672 4.038778
v 3.914541 0.124212 4.234608
v 3.917325 0.128302 4.235313
v 4.284223 0.119800 4.172172
v 4.089624 0.543781 3.808198
v 3.646792 0.148203 4.134474
v 4.329321 0.333263 3.820358
v 4.168036 0.457212 3.811043
v 3.560382 0.129014 4.057416
v 4.253939 0.060783 4.239290
v 4.251808 0.064771 4.241475
v 4.087241 0.166641 3.789265
v 3.982294 0.028289 4.159751
v 4.360645 0.260534 3.789073
v 4.351070 0.270829 3.782974
v 4.001723 0.015453 3.946173
v 4.250539 0.019755 4.138356
v 4.037982 0.573798 3.839374
v 4.285641 0.276834 3.779459
v 4.024250 0.664065 4.090384
v 4.248487 0.082603 3.783371
v 4.249008 0.088043 3.782433
v 4.227525 0.100839 4.117838
v 4.228068 0.430900 3.824932
v 4.333368 0.342699 4.057160
v 4.195246 0.457428 3.811117
v 4.269393 0.435396 3.862578
v 4.258152 0.060401 4.105115
v 4.249678 0.207711 3.734990
v 3.831312 0.368336 3.762935
v 4.347023 0.296939 3.805767
v 4.331209 0.213473 3.743399
v 4.308625 0.021492 4.074541
v 3.971936 0.023000 3.785089
v 3.973537 0.021993 3.781598
v 3.967111 0.012570 3.844367
v 3.604657 0.090649 4.254722
v 4.299335 0.401424 3.867419
v 4.298744 0.399638 3.864663
v 4.254857 0.018122 3.825089
v 4.133569 0.313580 3.783730
v 4.043365 0.665596 3.999290
v 4.185615 0.076135 4.118387
v 3.864133 0.020547 4.187655
v 3.627776 0.296404 3.997054
v 4.245797 0.126078 3.783457
v 3.712091 0.306543 3.963872
v 3.976116 0.090756 3.838260
v 3.973417 0.094626 3.840190
v 4.273759 0.362023 3.800268
v 4.496867 0.208798 3.909065
v 4.048738 0.556038 3.806137
v 3.720603 0.085076 4.235898
v 4.263394 0.120676 3.764833
v 3.903207 0.511807 3.865788
v 3.932825 0.545522 3.838885
v 4.240914 0.035610 4.209447
v 3.726459 0.344707 3.989178
v 4.434791 0.296049 4.038068
v 4.433950 0.295643 4.042849
v 3.642667 0.242436 4.134868
v 3.992840 0.082147 3.754506
v 3.648549 0.286297 4.128128
v 3.653867 0.288601 4.129673
v 4.116234 0.187593 3.815206
v 3.714777 0.376935 4.044760
v 4.224691 0.141676 4.141343
v 4.189747 0.085312 4.119291
v 4.140855 0.531686 3.820603
v 3.693115 0.301836 4.175659
v 3.840179 0.412083 4.221162
v 4.313882 0.027806 3.819658
v 4.310489 0.029464 3.816693
v 3.802244 0.423368 4.184479
v 4.151804 0.039515 4.126971
v 3.516124 0.070753 4.141755
v 4.346202 0.300603 3.809042
v 4.343593 0.302954 3.805934
v 4.008001 0.655832 3.936727
v 4.161541 0.062199 3.724128
v 3.870582 0.503035 3.876483
v 3.600140 0.212896 4.091753
v 3.982017 0.043722 4.171083
v 3.767366 0.416641 4.182267
v 3.727582 0.266473 3.783754
v 4.289914 0.186931 4.186726
v 3.831542 0.158324 4.222058
v 4.159556 0.282717 3.776264
v 4.158413 0.279230 3.779573
v 4.241582 0.095223 4.117042
v 4.225494 0.490128 3.872129
v 3.967819 0.525700 3.741894
v 4.276536 0.359836 3.803152
v 3.709953 0.009951 3.790992
v 4.278089 0.018571 4.233220
v 3.966149 0.020055 3.880733
v 3.961202 0.021984 3.885974
v 3.962599 0.026012 3.882698
v 4.200845 0.517315 4.201776
v 4.012362 0.011886 3.967542
v 4.008943 0.008330 3.972616
v 4.008444 0.009465 3.967873
v 3.783248 0.023382 3.821847
v 3.783083 0.019913 3.824175
v 4.413447 0.317072 4.028646
v 4.169003 0.426009 3.803404
v 4.431577 0.299902 4.047560
v 4.029040 0.665532 4.081111
v 3.803185 0.429608 3.952007
v 4.462214 0.180318 3.841932
v 3.905523 0.428641 3.745839
v 3.980502 0.090813 3.845701
v 3.984475 0.087656 3.844697
v 3.875214 0.547351 3.906101
v 3.708634 0.353655 4.003833
v 3.892104 0.102962 3.793304
v 3.891368 0.106688 3.790151
v 4.275649 0.056991 3.793172
v 4.347600 0.317603 3.835804
v 3.803553 0.455587 3.861096
v 3.562722 0.216435 4.049682
v 4.252453 0.060738 4.173385
v 4.190377 0.199162 3.797771
v 3.885511 0.102180 3.791164
v 3.888149 0.098637 3.795231
v 3.749063 0.311179 3.780280
v 3.553459 0.098976 4.066835
v 3.670794 0.248214 4.151785
v 4.349954 0.294339 3.809015
v 3.820778 0.426422 3.944663
v 3.860511 0.492774 3.879742
v 4.225196 0.104026 3.787648
v 3.602061 0.280941 4.075087
v 3.801908 0.451994 3.883415
v 3.550797 0.004002 4.108510
v 3.610844 0.282271 4.085411
v 4.429281 0.159568 3.793771
v 4.416872 0.052395 4.057787
v 4.271081 0.436490 3.866671
v 4.089807 0.612128 3.905895
v 3.915704 0.574277 3.880376
v 4.452427 0.197175 4.095956
v 4.252838 0.063659 4.169356
v 4.336421 0.388285 3.971039
v 3.797869 0.450107 3.882393
v 4.288382 0.021814 4.073887
v 4.167291 0.492298 3.840588
v 4.010383 0.024747 4.235878
v 4.350802 0.274856 3.785914
v 4.247869 0.417294 3.815406
v 4.239590 0.085136 3.764595
v 4.238003 0.088888 3.770147
v 4.235505 0.087869 3.766029
v 4.270782 0.126751 4.164536
v 4.278646 0.216446 4.161644
v 3.936559 0.110751 3.807965
v 3.974479 0.060294 3.851809
v 4.338617 0.315650 3.812727
v 4.179976 0.290513 3.750504
v 4.176471 0.293386 3.751922
v 3.852200 0.485541 3.883698
v 4.214418 0.247838 3.744982
v 3.582703 0.219664 3.886446
v 3.979279 0.060835 4.185919
v 3.715577 0.315810 3.974144
v 3.716086 0.312883 3.970482
v 3.916106 0.059137 3.841767
v 4.363212 0.011804 3.868375
v 4.157048 0.275627 3.782746
v 4.346355 0.351153 4.001686
v 4.130135 0.155983 3.773906
v 4.268118 0.020613 4.188837
v 4.296762 0.425975 3.896000
v 4.294180 0.430718 3.897707
v 3.729511 0.196725 4.171730
v 4.452621 0.200283 4.089850
v 3.663063 0.308336 3.976051
v 4.249284 0.066250 4.171331
v 4.107041 0.132575 4.207567
v 4.158145 0.513578 3.846604
v 3.910598 0.055505 3.843199
v 4.322652 0.333170 4.097790
v 4.126337 0.316083 3.780364
v 3.750314 0.067659 4.245721
v 4.231157 0.038490 4.210468
v 4.231133 0.033951 4.211036
v 4.199754 0.029585 4.174887
v 4.441091 0.222032 4.099891
v 3.645251 0.261660 4.135006
v 3.631655 0.147628 4.119360
v 4.203045 0.098069 4.121751
v 4.008452 0.656548 4.209266
v 4.344798 0.363483 3.994566
v 4.133930 0.319643 3.761993
v 4.011505 0.028317 4.239319
v 4.010205 0.035209 4.240330
v 3.601727 0.094292 4.253885
v 3.597050 0.091817 4.250884
v 4.249408 0.444951 4.174420
v 4.247043 0.448812 4.175673
v 3.555851 0.104490 4.059981
v 4.196515 0.472860 3.835914
v 3.659122 0.146619 4.202136
v 3.971222 0.537985 3.758776
v 3.799088 0.427188 3.951677
v 4.493124 0.206616 3.923495
v 3.681677 0.297498 4.142366
v 4.245073 0.088655 3.777672
v 3.882517 0.094217 3.796358
v 3.748033 0.071218 4.244144
v 4.244457 0.068359 4.105531
v 3.837501 0.459571 3.853026
v 4.249642 0.095660 4.230627
v 4.044106 0.109727 4.212324
v 3.523411 0.098718 3.807694
v 4.011788 0.603018 4.239357
v 4.289031 0.217599 4.167974
v 4.337030 0.177876 4.184995
v 4.054904 0.553595 3.805822
v 3.701099 0.346550 4.006536
v 3.712130 0.230767 4.165211
v 4.227402 0.016502 3.850793
v 3.673286 0.179757 4.160098
v 4.276176 0.018368 4.229474
v 3.764597 0.464508 4.123982
v 4.263620 0.210446 4.154648
v 4.239340 0.166088 4.124336
v 4.105055 0.171754 3.804816
v 3.998945 0.565798 3.837618
v 4.141868 0.517006 3.812204
v 3.791291 0.437104 4.175422
v 4.254158 0.181613 3.744004
v 4.405529 0.304794 3.890096
v 3.809322 0.390856 4.219151
v 3.669424 0.253817 4.151817
v 3.762112 0.438386 3.959281
v 3.688691 0.277935 4.146197
v 4.263558 0.022883 4.245806
v 4.238182 0.023523 4.089067
v 4.238019 0.020840 4.084654
v 3.703445 0.342316 4.002845
v 3.992332 0.085419 3.755333
v 4.281650 0.044370 3.798978
v 3.792779 0.160103 4.214463
v 4.024057 0.202432 3.763825
v 3.941695 0.517178 3.777996
v 3.982358 0.099492 3.861701
v 4.231082 0.140753 4.133665
v 4.234036 0.140863 4.130091
v 3.838531 0.374787 3.762533
v 3.675895 0.298069 4.132834
v 3.751404 0.014470 3.815041
v 3.932066 0.531177 3.853508
v 3.678864 0.310608 3.926740
v 3.790070 0.391228 4.207428
v 3.641038 0.253159 4.136917
v 3.823329 0.421762 4.207277
v 4.229134 0.432501 3.829325
v 4.230366 0.434388 3.833604
v 4.234519 0.431638 3.833903
v 4.258276 0.020230 4.248585
v 3.616947 0.006199 3.795401
v 4.161533 0.051528 4.124463
v 3.675474 0.115690 4.222825
v 3.671416 0.113397 4.224307
v 4.275837 0.310460 3.778986
v 4.191604 0.507263 3.853406
v 3.852480 0.410173 4.229592
v 4.217828 0.010735 3.835600
v 3.980051 0.625507 3.881296
v 4.009045 0.608137 3.868635
v 4.038639 0.559023 3.804068
v 3.818971 0.456079 4.013816
v 4.152375 0.489216 3.808610
v 3.970889 0.018372 3.785625
v 3.953426 0.081358 4.205296
v 3.835045 0.461180 3.856921
v 3.682456 0.041351 4.256597
v 3.683215 0.044165 4.260449
v 4.237892 0.096570 3.785855
v 4.316460 0.401047 3.936806
v 3.988689 0.052561 4.181933
v 4.234843 0.072045 4.273798
v 3.632240 0.298277 3.997685
v 3.796520 0.456220 4.130402
v 4.255327 0.185398 3.741031
v 3.673754 0.225818 4.160158
v 3.589774 0.149831 3.770658
v 4.230030 0.138543 4.129495
v 4.245424 0.097142 4.236558
v 4.183705 0.078317 4.121862
v 3.966538 0.011960 3.882273
v 4.288906 0.285544 4.140515
v 3.687281 0.281750 3.851964
v 4.347814 0.293371 3.802384
v 4.344719 0.295274 3.798501
v 4.303849 0.022179 4.075615
v 4.328630 0.383175 4.027882
v 3.981829 0.024884 4.169058
v 3.964503 0.014519 3.858671
v 4.124303 0.138081 4.200659
v 4.022436 0.668389 4.157479
v 4.036017 0.065523 4.276035
v 4.494999 0.213399 3.910240
v 4.436279 0.291236 4.038214
v 4.156591 0.301762 3.766195
v 4.235354 0.090356 4.279612
v 3.627708 0.243524 4.117719
v 3.554214 0.101831 4.056336
v 4.324711 0.018302 3.833609
v 4.167173 0.121744 3.756288
v 4.221825 0.075981 3.737281
v 3.554363 0.003468 3.798113
v 3.740113 0.376925 3.969690
v 3.803760 0.436235 3.984938
v 3.798050 0.347605 3.772176
v 3.697868 0.326309 4.015765
v 4.354329 0.180681 4.176646
v 3.647417 0.227716 4.136984
v 3.642218 0.248092 3.864124
v 4.245878 0.091177 3.781878
v 3.655145 0.285736 4.133470
v 3.804914 0.427497 4.184278
v 4.244247 0.029032 4.197917
v 4.349952 0.180282 4.178524
v 3.965500 0.506804 3.728773
v 3.677558 0.310791 4.082715
v 3.641376 0.250879 3.868610
v 4.173396 0.020387 4.248471
v 4.494169 0.185086 3.947495
v 4.027819 0.204703 3.761782
v 3.842656 0.465029 3.891184
v 3.647713 0.267761 4.135651
v 3.763999 0.463944 4.114138
v 3.975882 0.620328 3.879024
v 4.060398 0.119516 4.212361
v 4.126464 0.180499 3.853813
v 4.182300 0.560666 4.213630
v 4.306332 0.315396 4.119734
v 4.322709 0.386920 3.877776
v 3.780027 0.426504 3.937570
v 3.979534 0.027160 4.155077
v 4.129815 0.309987 3.760857
v 4.261796 0.205724 4.155140
v 3.794034 0.460243 4.080314
v 4.444212 0.272262 4.015528
v 3.790695 0.445459 4.158082
v 3.837363 0.060093 3.806835
v 4.293895 0.180986 4.192924
v 4.297576 0.184208 4.193680
v 3.645342 0.276105 4.131639
v 4.247838 0.144744 4.136992
v 3.995457 0.018521 3.922273
v 4.166088 0.093718 3.717599
v 3.789846 0.457475 4.075794
v 4.274534 0.077973 3.781352
v 3.807086 0.466662 4.089322
v 4.030067 0.013913 4.120540
v 3.873152 0.090422 3.794621
v 3.712205 0.303692 3.959664
v 4.229828 0.104828 4.124731
v 4.228671 0.107798 4.128407
v 3.758513 0.332366 3.786686
v 3.682072 0.312578 4.083822
v 4.158265 0.127636 3.756228
v 3.865975 0.083204 3.797447
v 3.765218 0.426341 3.953252
v 3.990684 0.055461 4.192019
v 4.248364 0.089867 4.238485
v 4.248373 0.096199 4.235588
v 3.734971 0.088592 4.234485
v 3.764754 0.418686 4.178843
v 3.982278 0.589109 3.818844
v 4.253264 0.045539 4.248240
v 3.983011 0.047277 4.174444
v 3.796338 0.448484 3.886134
v 3.814395 0.426422 3.948721
v 3.966689 0.599413 3.863779
v 3.774587 0.435302 4.174604
v 3.625607 0.215766 4.112096
v 4.215913 0.251049 3.741852
v 4.191000 0.460777 3.811349
v 4.193452 0.464786 3.812961
v 4.328302 0.343153 4.075832
v 4.124920 0.195091 3.823978
v 3.960319 0.110908 3.836050
v 3.767344 0.207228 4.181760
v 4.304216 0.332501 4.134584
v 4.303278 0.203895 4.184246
v 4.055088 0.563073 3.840712
v 3.636269 0.255820 4.132970
v 3.693968 0.258233 4.157288
v 3.696156 0.262359 4.161585
v 3.712614 0.080873 4.237897
v 4.244040 0.095920 4.122867
v 4.074859 0.636162 3.939302
v 3.595516 0.114205 4.102896
v 4.283080 0.030066 3.809036
v 4.287024 0.017596 3.816614
v 4.241495 0.190027 4.141262
v 4.453425 0.193236 4.098039
v 3.733932 0.273312 3.812627
v 3.931265 0.124284 3.812727
v 4.491655 0.213452 3.881415
v 3.591452 0.110915 4.117551
v 3.952402 0.551117 3.846527
v 3.957638 0.553608 3.843893
v 4.359953 0.008919 3.869962
v 3.842304 0.462518 3.894938
v 4.240668 0.088830 4.263001
v 3.516331 0.066338 4.142563
v 4.287062 0.412616 4.127232
v 4.285222 0.416896 4.128473
v 3.770931 0.425863 4.178390
v 3.704007 0.240996 4.154768
v 3.702485 0.243716 4.157356
v 3.690625 0.259406 4.158890
v 4.304668 0.321826 4.114843
v 4.307394 0.319507 4.115520
v 3.618121 0.119825 4.232780
v 4.009774 0.578272 3.815592
v 4.309837 0.015807 3.827097
v 3.981459 0.079222 3.842103
v 4.454899 0.202229 4.076183
v 4.312254 0.019140 3.824999
v 4.167439 0.481011 3.830668
v 3.679028 0.299935 3.873524
v 4.216173 0.515684 4.187888
v 3.781681 0.182092 4.189163
v 3.957843 0.063762 3.847411
v 4.152847 0.015038 4.114232
v 3.556791 0.155966 4.046861
v 3.647419 0.234434 4.138024
v 3.924557 0.086129 3.822964
v 4.151397 0.035113 4.132116
v 4.150334 0.036461 4.128185
v 4.171192 0.244130 3.788638
v 4.103668 0.315488 3.753125
v 3.788344 0.027670 3.820070
v 3.716811 0.160648 4.200406
v 3.970246 0.013858 3.786777
v 3.937079 0.122845 3.827890
v 3.967775 0.509638 3.728408
v 4.443627 0.164687 3.813707
v 4.235501 0.096023 3.781601
v 3.705280 0.005706 3.793686
v 4.275909 0.385072 3.814816
v 3.694673 0.242380 4.158237
v 3.691574 0.239556 4.162102
v 3.846669 0.403029 4.231516
v 4.308216 0.398367 3.871449
v 3.596716 0.286889 4.026945
v 4.145171 0.538975 3.844811
v 4.143893 0.537274 3.849282
v 4.141265 0.542700 3.834768
v 3.680993 0.230710 4.168103
v 3.681693 0.237743 4.160927
v 3.682593 0.233479 4.162210
v 4.194254 0.463793 3.810115
v 4.296904 0.310921 4.121224
v 3.697375 0.266966 4.152933
v 4.197244 0.466129 3.811367
v 4.244073 0.038358 4.090674
v 4.244796 0.040579 4.098247
v 3.893314 0.025302 3.862370
v 4.169228 0.241162 3.792057
v 3.552571 0.104465 4.038844
v 3.951764 0.107326 3.824744
v 3.704154 0.345493 4.003055
v 3.922094 0.134305 3.795504
v 4.253884 0.038887 4.250469
v 3.966522 0.024091 3.882991
v 3.672517 0.314554 4.005429
v 3.645730 0.257594 4.136971
v 3.703379 0.250038 4.155786
v 4.418904 0.147796 3.783003
v 3.673944 0.084892 4.237927
v 3.549644 0.003820 3.798922
v 3.845690 0.381253 3.762102
v 4.244339 0.180342 4.136803
v 3.823753 0.171423 4.205812
v 4.493179 0.176389 3.963021
v 3.681627 0.178341 4.166534
v 3.684090 0.176472 4.169962
v 4.184442 0.508188 3.844773
v 4.183222 0.518027 3.860075
v 3.807373 0.431173 3.951575
v 3.678473 0.077326 4.241100
v 4.329504 0.383491 3.968215
v 3.811162 0.388233 3.805132
v 3.557521 0.090548 4.147056
v 3.607024 0.289903 4.013573
v 4.234544 0.060280 4.190927
v 3.948765 0.108035 3.819124
v 4.260756 0.026798 4.247167
v 3.910201 0.111032 3.795285
v 4.246327 0.096329 4.128677
v 3.997659 0.642037 3.903180
v 3.742977 0.197569 4.174457
v 4.311895 0.429043 3.926850
v 3.550198 0.213015 4.042381
v 3.554586 0.214197 4.044744
v 3.555896 0.216949 4.041147
v 4.325599 0.381844 3.925261
v 3.709917 0.233470 4.158773
v 4.324137 0.375233 4.055499
v 4.329093 0.344304 4.071322
v 4.345412 0.304095 3.812213
v 3.583322 0.105822 4.128516
v 3.586601 0.107082 4.131392
v 3.525016 0.005090 3.805251
v 4.221248 0.443173 3.822006
v 3.914227 0.116011 3.793270
v 4.388200 0.090851 3.811075
v 3.695280 0.265602 4.148904
v 3.964827 0.018538 3.885317
v 3.811650 0.043327 3.813605
v 4.063618 0.645697 4.236504
v 3.645139 0.245122 4.138151
v 3.902683 0.515284 3.867246
v 3.906091 0.519369 3.865450
v 3.906717 0.516301 3.862225
v 3.902160 0.512979 3.864264
v 4.276682 0.386512 4.159729
v 3.733293 0.164755 4.199529
v 4.051172 0.553587 3.802817
v 3.578310 0.101634 4.142154
v 4.283644 0.075532 4.197872
v 3.602441 0.116937 4.108990
v 3.599893 0.115387 4.112876
v 3.603391 0.116774 4.115919
v 3.605978 0.118331 4.112006
v 4.321934 0.015009 3.835511
v 3.765826 0.398668 4.192229
v 4.304094 0.316363 4.116761
v 4.376091 0.005324 3.904939
v 4.028580 0.665906 4.090586
v 3.670535 0.007733 3.793187
v 4.187594 0.028310 4.159454
v 3.526463 0.097472 3.803985
v 3.697741 0.311367 3.966940
v 3.639729 0.147822 4.126225
v 3.873418 0.497306 3.870640
v 3.651122 0.008248 3.793202
v 4.488198 0.190394 3.963469
v 4.489983 0.185833 3.962725
v 3.874437 0.496534 3.874232
v 4.082804 0.617378 3.911370
v 3.661723 0.249426 4.151340
v 3.597295 0.105014 4.249929
v 4.242140 0.086218 3.768825
v 3.914491 0.554436 3.863385
v 3.931026 0.129433 3.806238
v 3.927121 0.130651 3.806238
v 3.926262 0.129378 3.810335
v 3.932388 0.130647 3.811522
v 3.930302 0.126630 3.812544
v 3.929046 0.130530 3.812905
v 3.930231 0.131448 3.809810
v 4.129550 0.299148 3.785172
v 4.125176 0.301100 3.785488
v 4.135720 0.334130 3.781664
v 4.137525 0.332242 3.777046
v 3.610559 0.171298 4.100306
v 4.220543 0.147859 4.129372
v 4.128120 0.178620 3.830927
v 4.112646 0.175142 3.813901
v 4.137428 0.181804 3.825787
v 4.141415 0.344539 3.782683
v 4.169295 0.440515 3.809583
v 3.751267 0.043173 4.242061
v 3.929010 0.529760 3.856088
v 4.192869 0.467300 3.808022
v 4.285614 0.276545 4.145100
v 4.285082 0.284722 3.784473
v 3.927613 0.127045 3.807281
v 4.130596 0.301848 3.789145
v 4.249025 0.029289 4.189482
v 3.993940 0.078121 3.755543
v 3.929983 0.130867 3.796748
v 3.927985 0.132723 3.795905
v 4.148468 0.541618 3.852537
v 3.959999 0.111448 3.832324
v 3.958108 0.107517 3.836329
v 3.958261 0.109200 3.838608
v 4.288606 0.106737 4.177745
v 3.968982 0.104548 3.841502
v 4.291440 0.411330 3.870501
v 4.361937 0.253267 3.783112
v 3.933261 0.128243 3.799768
v 3.927553 0.129077 3.804335
v 3.927835 0.125959 3.800546
v 3.917614 0.139302 3.787035
v 3.949236 0.114684 3.834321
v 4.271858 0.074475 3.782916
v 4.274600 0.071496 3.783920
v 3.986828 0.100320 3.857354
v 4.019278 0.006650 3.990224
v 3.945869 0.122025 3.827248
v 3.942616 0.123806 3.825968
v 3.937677 0.126926 3.821438
v 3.935791 0.121891 3.822028
v 3.933893 0.124477 3.822412
v 3.939978 0.125636 3.821417
v 3.987026 0.093582 3.863335
v 3.983704 0.095851 3.862625
v 4.177719 0.070694 4.124052
v 3.927183 0.126069 3.795966
v 3.928358 0.123814 3.796323
v 3.925376 0.126429 3.792925
v 4.126769 0.167591 3.856831
v 3.964547 0.012182 3.878230
v 3.927790 0.132280 3.798401
v 3.976575 0.057691 3.849586
v 4.332403 0.338776 3.835180
v 4.055315 0.561885 3.838879
v 4.007127 0.010385 3.780602
v 4.035835 0.104792 4.214071
v 4.197509 0.015487 3.747917
v 4.163081 0.437853 3.796414
v 3.932035 0.546124 3.834356
v 3.999792 0.567535 3.833841
v 3.910833 0.516695 3.861607
v 3.809500 0.459940 3.865153
v 3.813277 0.461646 3.867039
v 3.916797 0.524914 3.858952
v 3.917956 0.521619 3.860244
v 3.947870 0.544356 3.848275
v 3.947081 0.548355 3.848211
v 3.939753 0.538239 3.848776
v 3.875944 0.500838 3.866649
v 3.954784 0.557738 3.844503
v 3.873199 0.499763 3.875970
v 3.913060 0.521739 3.856930
v 3.914182 0.520118 3.861959
v 4.332801 0.338406 4.076043
v 4.330371 0.338796 4.075700
v 3.984478 0.051084 4.173079
v 3.690810 0.279072 4.147709
v 3.783102 0.428003 3.939929
v 3.677372 0.227484 4.163948
v 3.871286 0.498446 3.865595
v 4.158050 0.508777 3.842705
v 4.476545 0.216405 3.973640
v 4.478164 0.211670 3.974170
v 3.685151 0.233102 4.164555
v 4.024246 0.019880 4.119248
v 3.983417 0.062382 3.768486
v 3.978801 0.029099 4.160110
v 4.298545 0.310477 4.122599
v 4.295488 0.313402 4.124913
v 4.296012 0.306770 4.124551
v 3.664541 0.261836 4.146522
v 3.658630 0.257920 4.146322
v 3.567862 0.233442 3.900644
v 4.210336 0.140072 4.153002
v 3.846460 0.061966 3.807670
v 4.104505 0.606579 4.247921
v 3.718032 0.323079 3.982683
v 4.172312 0.461911 3.819705
v 4.028140 0.016399 4.118314
v 3.550396 0.100678 4.053988
v 4.437904 0.231240 4.097958
v 4.016460 0.019220 4.122933
v 4.459902 0.148395 4.100080
v 3.702737 0.339139 4.002635
v 4.004191 0.022659 3.927090
v 4.256053 0.056876 4.102208
v 4.251358 0.056231 4.106957
v 4.225735 0.034536 4.099498
v 4.248640 0.033884 4.125710
v 3.985428 0.024098 4.159803
v 4.264701 0.018908 4.189256
v 4.249382 0.040113 4.119285
v 3.509147 0.008076 4.037025
v 4.140320 0.341142 3.783128
v 3.987067 0.053507 4.177170
v 4.296386 0.210154 4.177174
v 3.987690 0.049355 4.176577
v 4.293814 0.190207 4.187526
v 4.274367 0.418400 3.864865
v 4.166153 0.033824 4.145840
v 3.874575 0.500941 3.864904
v 3.968370 0.029806 3.875333
v 3.966928 0.026678 3.877710
v 3.963796 0.029942 3.877953
v 3.793971 0.434715 4.178075
v 4.233793 0.035110 4.213901
v 4.123785 0.169899 3.858491
v 3.648690 0.292423 4.114607
v 3.525689 0.009673 3.805030
v 4.019698 0.046249 4.254192
v 3.989753 0.079060 3.758212
v 4.380050 0.007988 3.905202
v 3.692570 0.258304 4.161316
v 4.000221 0.023932 3.925989
v 3.674970 0.233251 4.148882
v 3.670554 0.232364 4.149671
v 3.670712 0.233114 4.152778
v 3.700499 0.240528 4.157026
v 3.698107 0.241159 4.159110
v 4.220683 0.010572 3.849961
v 3.608557 0.213789 4.099284
v 3.715944 0.228822 4.159121
v 3.602108 0.029316 4.251813
v 4.260121 0.122497 3.766947
v 4.098340 0.172362 3.803442
v 3.675344 0.176858 4.163384
v 4.192292 0.471533 3.805130
v 4.195618 0.468890 3.808261
vn 0.5833 -0.1806 -0.7919
vn 0.5422 0.0897 -0.8355
vn -0.8490 0.5227 -0.0773
vn -0.9162 0.3725 -0.1475
vn -0.2379 -0.1709 -0.9561
vn -0.7345 0.2391 -0.6352
vn -0.9445 0.1324 -0.3007
vn -0.4093 0.7168 -0.5645
vn -0.2961 0.2086 0.9321
vn 0.1137 0.0378 0.9928
vn -0.4849 0.7372 -0.4705
vn 0.3078 0.9492 0.0653
vn 0.9997 -0.0007 -0.0231
vn -0.1742 0.1366 0.9752
vn 0.2261 0.0056 0.9741
vn -0.9679 -0.2426 -0.0663
vn -0.6914 -0.7079 -0.1447
vn 0.0161 -0.5770 -0.8166
vn 0.2636 -0.5278 -0.8074
vn -0.6297 0.7761 0.0346
vn 0.2580 0.7186 -0.6458
vn 0.5427 0.6064 -0.5812
vn 0.1025 -0.3625 -0.9263
vn -0.3651 -0.3205 -0.8741
vn -0.0281 0.1221 -0.9921
vn -0.2682 -0.5787 -0.7701
vn 0.1213 -0.4150 -0.9017
vn -0.1959 0.4478 -0.8724
vn 0.5924 0.5857 0.5532
vn -0.7783 0.2244 -0.5864
vn -0.5895 0.3036 -0.7485
vn -0.8391 0.2831 -0.4645
vn 0.8059 0.4362 -0.4004
vn 0.2205 0.5007 -0.8371
vn -0.9820 -0.0582 0.1798
vn -0.2124 0.3290 0.9201
vn -0.0715 0.3760 0.9238
vn -0.7466 0.6507 0.1383
vn -0.1105 -0.3653 -0.9243
vn -0.7240 -0.3088 -0.6168
vn -0.2238 0.9705 -0.0896
vn 0.3102 0.9353 -0.1704
vn -0.8399 0.2857 -0.4615
vn 0.7691 0.5720 0.2851
vn 0.8351 0.4641 0.2954
vn 0.1655 -0.9567 0.2395
vn 0.0467 -0.4032 -0.9139
vn -0.7661 0.2468 -0.5935
vn -0.0347 -0.0836 -0.9959
vn 0.8479 0.1123 -0.5182
vn 0.4510 0.3431 -0.8240
vn -0.5114 -0.3596 -0.7805
vn -0.3822 -0.4352 -0.8152
vn 0.0042 -0.4182 -0.9083
vn -0.4382 0.2060 0.8750
vn 0.5097 0.4692 -0.7212
vn 0.0622 0.9206 0.3855
vn -0.0924 0.5932 -0.7997
vn -0.6095 -0.3225 0.7242
vn -0.9053 0.2476 -0.3450
vn 0.5684 0.6794 -0.4640
vn 0.7134 0.5945 -0.3709
vn 0.9392 0.2144 0.2683
vn 0.6873 -0.2319 -0.6883
vn 0.6670 -0.2656 -0.6961
vn -0.1276 0.2847 0.9501
vn -0.1630 -0.5175 -0.8400
vn 0.2705 -0.8975 -0.3482
vn -0.3117 0.7728 0.5528
vn -0.4399 0.8913 0.1101
vn 0.0829 0.8584 -0.5063
vn 0.1766 -0.3558 -0.9177
vn -0.0925 0.1623 -0.9824
vn 0.0312 -0.0034 -0.9995
vn 0.3631 0.9274 0.0903
vn 0.8965 0.3498 -0.2717
vn 0.1155 -0.5049 -0.8554
vn 0.6069 -0.2944 -0.7383
vn 0.3170 -0.2016 -0.9267
vn 0.0346 -0.3820 -0.9235
vn 0.2321 -0.3698 -0.8996
vn -0.9862 -0.1483 -0.0730
vn -0.9146 0.3910 -0.1028
vn -0.4684 -0.3986 0.7885
vn 0.6881 -0.2474 -0.6822
vn -0.7672 -0.2865 -0.5738
vn 0.4535 -0.1335 -0.8812
vn -0.6214 0.4233 0.6593
vn -0.7169 0.1145 0.6877
vn -0.6602 0.4616 0.5925
vn -0.3633 0.5003 0.7860
vn 0.0688 -0.2644 0.9620
vn 0.0261 -0.1131 0.9932
vn 0.0602 -0.3279 0.9428
vn 0.2826 0.4551 -0.8444
vn -0.9695 0.1822 -0.1638
vn 0.9647 0.2185 0.1468
vn 0.9875 0.1401 0.0721
vn 0.8412 -0.4810 0.2469
vn -0.7062 0.4818 -0.5187
vn -0.4823 -0.6348 0.6036
vn -0.0700 -0.9554 0.2869
vn -0.3203 -0.7203 0.6154
vn 0.6362 0.3423 0.6914
vn -0.2799 0.3162 -0.9065
vn -0.0145 0.9544 0.2983
vn 0.1920 0.3785 -0.9055
vn 0.7542 -0.6156 -0.2287
vn 0.9597 0.2025 -0.1948
vn 0.5449 0.0262 0.8381
vn 0.1944 0.4448 0.8743
vn -0.2098 0.2622 -0.9419
vn -0.8950 0.4122 -0.1703
vn 0.4703 0.4789 -0.7413
vn 0.5064 -0.1527 -0.8487
vn -0.3517 -0.3102 -0.8832
vn 0.4758 -0.8736 -0.1019
vn 0.2439 -0.9507 -0.1917
vn -0.6651 0.4908 -0.5628
vn -0.2428 0.3954 -0.8858
vn 0.4205 0.5083 -0.7515
vn -0.6242 0.5029 -0.5979
vn -0.3746 0.7408 -0.5576
vn 0.1080 -0.6394 0.7612
vn -0.3604 0.7649 0.5338
vn 0.9487 0.0394 -0.3136
vn -0.4481 0.3805 0.8089
vn -0.5048 -0.4256 0.7510
vn -0.3448 -0.9340 0.0939
vn -0.4350 0.7749 -0.4586
vn -0.8579 0.4611 -0.2269
vn -0.2950 0.9167 0.2694
vn 0.4126 -0.6008 -0.6847
vn 0.8376 0.4042 -0.3675
vn 0.8777 0.4306 -0.2104
vn 0.7874 -0.0613 -0.6134
vn 0.8084 0.0393 -0.5873
vn 0.8486 -0.2285 -0.4771
vn 0.2012 0.8981 0.3911
vn -0.8787 -0.4133 -0.2387
vn 0.2386 0.5712 -0.7854
vn -0.1532 -0.6959 0.7017
vn -0.1529 -0.7600 0.6317
vn -0.7879 0.1854 0.5872
vn -0.8438 0.4114 0.3447
vn -0.2629 0.9582 0.1126
vn 0.6485 0.3737 -0.6631
vn -0.3176 -0.4935 -0.8097
vn -0.0782 -0.4503 -0.8894
vn -0.0056 -0.5075 -0.8616
vn -0.5925 0.6233 0.5103
vn -0.4467 0.6636 -0.6000
vn 0.6385 0.6868 -0.3472
vn 0.6903 0.2828 -0.6660
vn 0.4084 -0.1523 -0.9000
vn -0.4534 0.7005 0.5512
vn -0.1921 -0.1238 0.9735
vn 0.0928 -0.1622 0.9824
vn 0.3402 0.9394 0.0419
vn -0.2804 0.5029 0.8176
vn -0.6720 0.3730 -0.6397
vn 0.4741 0.3462 -0.8095
vn -0.1222 -0.9883 -0.0915
vn -0.1886 -0.9754 -0.1138
vn -0.7069 -0.4259 0.5648
vn 0.5523 0.6055 -0.5730
vn 0.7484 0.5546 -0.3636
vn 0.5882 -0.6335 -0.5028
vn 0.3084 0.4795 -0.8216
vn 0.2160 -0.6907 0.6901
vn -0.9829 0.1782 0.0469
vn -0.6640 0.3668 0.6516
vn -0.0631 -0.8063 0.5881
vn 0.6122 -0.7515 0.2457
vn -0.6210 -0.4432 -0.6465
vn -0.3606 -0.0288 -0.9323
vn 0.5445 -0.2221 -0.8088
vn 0.4606 0.8386 -0.2910
vn 0.6718 0.7208 -0.1708
vn -0.3665 -0.2840 -0.8860
vn -0.0496 -0.3564 -0.9330
vn -0.3440 -0.3316 -0.8785
vn -0.5835 -0.7948 -0.1668
vn 0.0990 -0.4249 -0.8998
vn 0.3094 -0.2631 -0.9138
vn 0.4779 0.5974 0.6440
vn 0.8111 0.4658 0.3539
vn 0.3031 -0.7373 0.6038
vn 0.4727 0.8314 -0.2923
vn -0.2365 0.0439 -0.9706
vn -0.0723 0.0065 -0.9974
vn 0.7442 -0.1616 -0.6482
vn -0.6659 0.3980 -0.6310
vn 0.8120 0.5714 -0.1189
vn -0.5362 0.4065 -0.7397
vn -0.3074 0.0305 -0.9511
vn -0.8443 0.2682 0.4640
vn 0.4215 0.3644 -0.8304
vn 0.1321 -0.7445 0.6544
vn 0.8344 0.0174 -0.5509
vn 0.8667 -0.2002 -0.4569
vn 0.1429 -0.6182 -0.7729
vn 0.1519 -0.6134 -0.7750
vn -0.9353 0.2784 -0.2185
vn 0.6928 -0.2833 -0.6632
vn 0.6415 0.3915 -0.6597
vn -0.0252 0.3545 -0.9347
vn 0.0343 -0.9993 0.0145
vn -0.0234 -0.8589 0.5117
vn -0.0004 -0.6736 0.7391
vn 0.6597 0.7509 0.0315
vn 0.3754 0.4267 -0.8228
vn -0.8314 0.1647 -0.5308
vn 0.7391 -0.5294 -0.4164
vn -0.6731 0.4064 -0.6179
vn 0.6068 -0.3049 -0.7340
vn -0.2695 0.1797 -0.9461
vn -0.5690 -0.6061 -0.5557
vn -0.3733 0.5062 0.7774
vn -0.3769 0.5069 0.7752
vn -0.2946 0.7501 0.5920
vn 0.3976 0.9176 0.0033
vn -0.9896 0.0518 0.1340
vn -0.9340 -0.2253 0.2771
vn 0.0623 -0.2596 0.9637
vn 0.1175 -0.2440 0.9626
vn -0.0027 -0.2863 0.9581
vn -0.1381 -0.5685 -0.8110
vn 0.6564 0.5933 -0.4660
vn 0.6845 0.6255 -0.3746
vn 0.6009 -0.0273 0.7989
vn -0.6046 -0.0338 -0.7958
vn -0.6192 0.0242 -0.7848
vn 0.5953 0.1317 0.7926
vn -0.4403 0.8825 0.1653
vn -0.4596 0.8667 0.1937
vn 0.8520 -0.3912 -0.3480
vn -0.0977 -0.9649 -0.2438
vn -0.7567 0.5674 0.3247
vn 0.1554 0.4841 0.8611
vn 0.1718 0.6486 -0.7415
vn -0.9535 0.0109 0.3012
vn 0.7811 0.5029 -0.3701
vn 0.7068 0.5355 -0.4623
vn -0.4790 0.3615 0.7999
vn 0.7533 0.1895 0.6298
vn -0.4179 0.1593 -0.8944
vn -0.3520 -0.1150 -0.9289
vn 0.1840 -0.6018 -0.7772
vn 0.8602 0.5093 -0.0267
vn -0.7986 0.0528 0.5996
vn -0.9099 0.3324 -0.2482
vn -0.2047 0.3476 0.9150
vn 0.7172 0.5561 -0.4200
vn 0.9105 0.3278 0.2521
vn 0.2678 0.9458 -0.1836
vn -0.7276 0.4317 0.5331
vn -0.3681 0.8733 0.3191
vn -0.2922 0.7769 -0.5577
vn -0.8330 0.1057 -0.5431
vn -0.4178 0.7579 0.5010
vn -0.4964 0.8679 -0.0154
vn 0.0017 0.2341 0.9722
vn -0.5993 0.8005 -0.0042
vn 0.6921 -0.3802 0.6135
vn -0.8688 0.4803 0.1207
vn -0.9287 0.0412 0.3686
vn 0.4335 -0.2904 -0.8531
vn 0.6762 -0.2749 -0.6835
vn 0.0490 0.4312 0.9009
vn 0.1038 0.3992 0.9109
vn 0.8029 0.1133 -0.5852
vn -0.9059 0.4234 -0.0016
vn -0.6895 0.5698 -0.4471
vn -0.8208 0.4903 -0.2931
vn -0.7204 0.5738 -0.3896
vn 0.0226 0.3625 0.9317
vn 0.6597 -0.2021 -0.7239
vn 0.7043 0.1209 -0.6996
vn 0.6687 0.1277 -0.7325
vn 0.5159 0.7821 0.3495
vn 0.5189 0.6443 0.5618
vn 0.5793 0.4623 0.6713
vn 0.4629 0.7897 -0.4025
vn -0.5462 0.1016 0.8315
vn -0.1448 0.8185 0.5560
vn -0.9093 0.2655 -0.3204
vn -0.4181 0.3297 0.8465
vn -0.4242 0.4683 0.7751
vn 0.7281 0.6221 -0.2878
vn 0.4260 -0.2720 -0.8629
vn -0.7964 -0.0699 -0.6007
vn 0.0767 -0.3229 0.9433
vn 0.0941 -0.1311 0.9869
vn -0.6276 0.7720 0.1005
vn -0.6063 0.7433 0.2826
vn -0.7015 0.6803 0.2125
vn 0.9327 0.3345 0.1347
vn 0.1078 -0.3077 0.9454
vn -0.3418 0.5581 0.7561
vn 0.2774 0.8015 -0.5297
vn 0.1920 0.9238 -0.3312
vn -0.2012 0.3709 0.9066
vn 0.5453 0.7801 0.3067
vn 0.5330 0.8120 0.2380
vn 0.0052 0.7844 -0.6203
vn 0.2512 0.7795 -0.5738
vn -0.4609 0.5918 0.6614
vn -0.6847 0.2185 0.6953
vn 0.9526 0.2127 -0.2175
vn -0.3249 -0.4353 -0.8396
vn 0.2095 0.9628 -0.1707
vn -0.1583 -0.9864 0.0451
vn -0.7133 -0.1829 0.6765
vn -0.6991 -0.0251 0.7146
vn -0.7121 -0.1622 0.6831
vn 0.9985 -0.0388 -0.0395
vn 0.0042 -0.0690 -0.9976
vn -0.4573 0.3814 -0.8034
vn -0.1075 0.5687 0.8155
vn -0.3532 0.5149 0.7811
vn -0.9336 0.2823 0.2208
vn -0.9226 0.3716 0.1035
vn -0.7274 0.6594 0.1901
vn 0.9188 0.3947 0.0062
vn 0.9147 0.3878 0.1136
vn -0.0498 -0.5907 -0.8054
vn -0.3314 -0.2947 -0.8963
vn -0.2876 -0.3151 -0.9044
vn -0.0175 -0.3601 -0.9328
vn -0.4506 0.3387 -0.8260
vn -0.4862 0.5997 -0.6356
vn -0.5148 0.7044 -0.4887
vn 0.6865 0.5427 -0.4838
vn -0.3057 -0.7502 0.5863
vn -0.5683 -0.7078 0.4196
vn 0.2884 -0.9546 -0.0749
vn 0.5223 -0.8519 -0.0369
vn 0.7988 0.4314 0.4193
vn 0.5273 0.8038 0.2754
vn -0.6743 0.7116 -0.1972
vn -0.8020 0.5882 -0.1037
vn 0.1186 -0.0618 0.9910
vn 0.3978 -0.8884 -0.2290
vn -0.5710 0.4330 0.6974
vn -0.4983 0.2950 0.8153
vn 0.7339 0.6776 -0.0481
vn 0.1345 0.3844 -0.9133
vn 0.2583 0.5038 -0.8243
vn -0.0060 -0.3323 -0.9432
vn -0.0454 -0.5087 -0.8597
vn -0.4547 -0.1780 -0.8727
vn -0.7737 -0.1528 -0.6149
vn 0.5624 0.5858 -0.5836
vn -0.4487 -0.8931 0.0331
vn -0.2989 -0.9487 0.1028
vn -0.7694 0.3275 -0.5484
vn 0.9823 -0.0644 -0.1760
vn 0.2997 -0.6038 -0.7387
vn 0.7399 -0.6695 -0.0661
vn 0.7531 -0.6168 -0.2290
vn -0.7906 0.6101 -0.0526
vn -0.2308 0.7489 -0.6212
vn -0.5822 0.0066 -0.8130
vn 0.3632 0.0428 -0.9307
vn -0.0699 -0.2979 0.9520
vn 0.0954 -0.2633 0.9600
vn -0.1267 -0.2451 0.9612
vn 0.0957 -0.4767 -0.8738
vn -0.5132 0.7203 0.4666
vn -0.6434 0.6765 0.3583
vn -0.7067 0.0727 0.7038
vn -0.4316 -0.1511 0.8893
vn 0.1586 0.6858 -0.7103
vn -0.9369 0.2103 -0.2792
vn -0.7665 0.6420 0.0186
vn -0.3767 0.9224 0.0856
vn -0.3896 0.9162 -0.0934
vn -0.0734 0.9973 -0.0000
vn -0.6776 -0.0795 0.7311
vn 0.0058 0.1430 -0.9897
vn 0.8052 0.3675 -0.4654
vn -0.4209 0.9005 0.1093
vn -0.4338 0.8947 0.1063
vn -0.4299 0.8971 0.1024
vn 0.1971 0.8617 0.4675
vn -0.0376 -0.5997 -0.7993
vn -0.0386 -0.5986 -0.8001
vn 0.7252 -0.5424 -0.4241
vn 0.4981 -0.7469 -0.4404
vn 0.6546 -0.7350 -0.1770
vn 0.1765 -0.9817 -0.0721
vn -0.8309 0.4739 -0.2916
vn 0.8181 -0.1036 -0.5657
vn 0.6825 -0.2325 -0.6930
vn 0.8811 0.4562 0.1244
vn 0.2392 -0.4205 -0.8752
vn -0.9068 0.3856 0.1704
vn -0.9996 -0.0061 0.0261
vn -0.5853 0.7590 0.2853
vn -0.4867 0.8674 0.1036
vn 0.2694 0.1366 0.9533
vn -0.0024 0.6122 -0.7907
vn 0.0278 0.2150 -0.9762
vn 0.6563 -0.2166 -0.7227
vn -0.4327 -0.3964 -0.8097
vn -0.5150 -0.3341 -0.7894
vn -0.1430 -0.5753 -0.8053
vn 0.5822 0.1951 -0.7893
vn 0.8089 0.5715 0.1380
vn -0.8127 0.1708 -0.5571
vn -0.9653 -0.2608 0.0149
vn 0.2680 -0.4717 -0.8400
vn 0.0321 -0.5418 -0.8399
vn 0.0626 -0.5720 -0.8179
vn 0.1008 -0.7539 0.6492
vn 0.1142 -0.9845 -0.1331
vn -0.8854 0.0572 -0.4612
vn 0.8394 0.4807 0.2536
vn 0.7348 0.6347 0.2392
vn -0.5188 0.0991 -0.8491
vn 0.6803 0.1070 0.7251
vn -0.3708 0.9233 -0.1005
vn 0.0770 0.0743 0.9943
vn 0.2305 0.9723 -0.0375
vn 0.0522 -0.3454 -0.9370
vn 0.1266 -0.3564 -0.9257
vn -0.4400 0.8847 -0.1540
vn -0.6582 -0.4871 0.5740
vn -0.1681 0.1317 -0.9769
vn 0.5466 0.3535 -0.7591
vn 0.2351 -0.0619 -0.9700
vn 0.1859 0.9734 -0.1339
vn 0.0641 0.9650 -0.2542
vn 0.4925 0.8702 -0.0167
vn 0.1794 0.9534 -0.2425
vn -0.3964 0.6441 0.6543
vn -0.7592 0.5199 0.3916
vn -0.8270 0.1358 0.5455
vn 0.0814 -0.2699 0.9594
vn -0.0647 0.0813 0.9946
vn -0.2088 0.2029 -0.9567
vn -0.8521 0.3203 -0.4140
vn -0.9028 0.0060 -0.4300
vn 0.4662 -0.3055 -0.8303
vn 0.0883 -0.3349 -0.9381
vn 0.0410 0.4425 0.8958
vn -0.7345 0.5404 -0.4104
vn -0.7070 0.6025 -0.3704
vn 0.0252 -0.3666 -0.9300
vn -0.5240 -0.6245 -0.5792
vn -0.2607 -0.5727 -0.7772
vn -0.1608 -0.6005 -0.7833
vn 0.4024 0.8227 -0.4015
vn -0.6174 -0.3620 -0.6984
vn -0.6288 -0.3820 -0.6773
vn -0.6002 -0.3261 -0.7303
vn -0.6490 0.2781 -0.7082
vn -0.5915 0.0513 -0.8047
vn -0.4554 0.8741 -0.1691
vn -0.0465 0.2374 -0.9703
vn 0.0219 0.9967 0.0785
vn 0.3700 0.9262 0.0719
vn 0.6693 -0.6923 -0.2699
vn -0.0482 -0.4405 -0.8964
vn -0.1252 0.6411 0.7571
vn 0.7428 0.5433 -0.3913
vn 0.5144 0.8203 -0.2502
vn 0.1465 0.3013 -0.9422
vn -0.9094 0.4156 -0.0180
vn 0.7630 0.2044 0.6133
vn 0.4628 0.5713 -0.6778
vn 0.6452 -0.4046 0.6481
vn 0.8142 -0.4467 0.3709
vn 0.7624 -0.4687 0.4462
vn 0.5903 0.4901 -0.6414
vn 0.8303 0.2443 -0.5009
vn -0.6534 0.0074 0.7570
vn 0.3912 0.5226 -0.7576
vn -0.9628 0.2395 -0.1253
vn -0.9182 0.3940 0.0419
vn 0.9022 0.3802 0.2039
vn 0.9096 0.3625 0.2032
vn 0.3291 0.0298 0.9438
vn 0.2643 -0.0266 0.9641
vn -0.9926 0.1076 0.0560
vn 0.2863 0.4010 -0.8702
vn 0.3917 0.4694 -0.7914
vn 0.6981 0.4913 -0.5208
vn 0.9033 -0.0199 0.4286
vn -0.2584 0.4748 0.8413
vn -0.4849 0.4288 0.7622
vn 0.0889 0.4351 0.8960
vn 0.5472 -0.0911 -0.8320
vn 0.9701 -0.0217 -0.2416
vn 0.8431 -0.5312 -0.0836
vn -0.1460 -0.5491 -0.8229
vn -0.3530 -0.7373 0.5760
vn -0.9923 0.0488 0.1135
vn 0.0233 -0.1208 0.9924
vn 0.8343 0.2683 0.4816
vn 0.6213 0.0089 0.7835
vn -0.7450 -0.3578 -0.5630
vn 0.6579 0.5836 -0.4759
vn 0.7027 0.6939 -0.1572
vn 0.9087 -0.1514 -0.3890
vn 0.9445 0.3149 0.0937
vn 0.5733 -0.3381 -0.7463
vn 0.2024 -0.8831 -0.4233
vn -0.3725 -0.0945 -0.9232
vn -0.9912 0.0958 -0.0910
vn -0.4266 0.7741 0.4678
vn -0.9265 0.0777 -0.3682
vn -0.8600 0.4664 -0.2070
vn 0.8765 -0.4814 0.0020
vn 0.3480 -0.8401 0.4160
vn 0.2356 -0.8432 0.4831
vn 0.4573 -0.8474 -0.2699
vn 0.5768 0.5214 0.6289
vn -0.3955 0.3015 0.8676
vn -0.6829 -0.3396 -0.6468
vn 0.4116 0.7832 -0.4661
vn 0.4192 0.8022 -0.4250
vn -0.5074 -0.0795 0.8580
vn -0.4200 -0.3746 0.8266
vn -0.3755 0.0714 0.9241
vn 0.2286 -0.5981 0.7681
vn 0.3716 -0.5930 0.7143
vn -0.6525 0.3372 -0.6787
vn -0.7383 -0.2865 0.6106
vn -0.8178 0.0610 0.5722
vn -0.0295 -0.0917 -0.9953
vn 0.1597 0.5867 -0.7939
vn 0.4885 0.7681 -0.4140
vn 0.9546 0.2137 0.2076
vn -0.5346 0.7882 0.3048
vn 0.3520 -0.2531 0.9011
vn 0.1256 -0.4497 0.8843
vn 0.5784 -0.6337 -0.5137
vn 0.0319 -0.0168 0.9994
vn -0.6366 0.7697 0.0474
vn -0.5943 0.7433 0.3070
vn -0.7265 0.6456 0.2355
vn 0.3406 0.9048 -0.2555
vn 0.2898 0.9543 0.0731
vn -0.5534 0.6104 0.5667
vn -0.3112 -0.1841 -0.9324
vn 0.2783 0.1569 -0.9476
vn 0.2750 0.9410 0.1970
vn -0.6254 0.6034 0.4947
vn 0.3226 -0.1614 -0.9327
vn -0.2859 0.9443 -0.1627
vn -0.3500 -0.5312 -0.7716
vn -0.2990 0.1901 -0.9351
vn 0.7241 0.2850 -0.6281
vn 0.8215 0.1481 -0.5506
vn -0.6142 -0.4771 0.6286
vn -0.4452 0.8156 0.3695
vn 0.7128 0.3525 -0.6063
vn 0.6702 0.2259 0.7070
vn 0.4432 -0.5878 0.6768
vn -0.4659 0.2892 -0.8362
vn 0.7773 0.6061 -0.1685
vn -0.4061 0.5261 0.7472
vn -0.2614 -0.2564 -0.9306
vn -0.1323 -0.2552 -0.9578
vn 0.3679 0.3774 -0.8499
vn -0.8717 0.4899 0.0132
vn -0.7131 0.6851 -0.1488
vn -0.9067 0.3444 -0.2434
vn -0.9887 0.1495 -0.0120
vn 0.4658 0.8565 -0.2225
vn 0.1618 0.9577 -0.2381
vn 0.1122 0.9922 -0.0546
vn -0.6343 0.7600 0.1415
vn -0.7736 0.6336 0.0126
vn 0.1916 0.9289 -0.3168
vn 0.1211 0.6274 -0.7693
vn -0.3868 0.0886 -0.9179
vn -0.3393 0.9342 0.1101
vn -0.5486 0.4583 -0.6993
vn 0.1847 0.9701 0.1576
vn -0.6444 0.6883 0.3331
vn -0.5473 0.6355 -0.5446
vn 0.9879 0.0491 -0.1474
vn 0.9919 0.0738 -0.1031
vn 0.4882 0.8637 0.1252
vn -0.3103 0.9505 -0.0126
vn -0.8747 0.4837 -0.0299
vn 0.5037 -0.4060 -0.7625
vn 0.9084 0.2213 -0.3546
vn -0.1745 0.7869 -0.5919
vn -0.2575 0.7764 -0.5753
vn -0.2456 -0.2700 -0.9310
vn 0.5515 0.7801 0.2956
vn 0.5950 0.5223 0.6108
vn 0.4356 0.8063 -0.4003
vn 0.3971 0.7794 -0.4846
vn -0.7112 0.5407 0.4493
vn -0.7720 0.3663 0.5195
vn 0.1314 -0.3539 -0.9260
vn -0.8804 0.3615 -0.3069
vn -0.7268 -0.5699 0.3834
vn -0.2950 0.1698 0.9403
vn -0.4780 0.8712 0.1118
vn -0.4591 -0.4153 0.7853
vn -0.6755 -0.5268 0.5159
vn -0.7501 -0.2883 0.5952
vn 0.9899 0.0152 0.1406
vn -0.9990 0.0027 -0.0455
vn 0.1181 -0.8591 -0.4980
vn 0.9010 0.2545 0.3513
vn -0.6642 0.0811 0.7432
vn -0.2430 -0.9700 -0.0093
vn -0.2540 -0.9662 0.0453
vn -0.8343 0.5426 -0.0973
vn -0.2963 -0.7345 -0.6105
vn 0.3267 0.2872 -0.9004
vn 0.5990 0.3491 -0.7207
vn 0.6770 0.3858 -0.6268
vn -0.0068 0.9736 -0.2282
vn 0.4092 -0.4275 -0.8061
vn 0.2299 0.7538 -0.6156
vn 0.1797 0.9314 -0.3164
vn 0.2670 0.8113 -0.5200
vn -0.7391 0.5593 -0.3753
vn 0.7703 -0.5805 -0.2637
vn 0.8861 -0.3115 -0.3432
vn 0.3232 -0.6437 -0.6936
vn -0.7533 0.1752 0.6339
vn 0.2519 -0.6498 0.7171
vn 0.5006 -0.0828 -0.8617
vn 0.5245 -0.2957 -0.7984
vn -0.5018 0.8493 -0.1640
vn 0.9334 0.3061 0.1873
vn 0.3279 0.8099 -0.4864
vn 0.6800 0.6974 0.2264
vn 0.8222 0.4883 0.2923
vn -0.4642 0.0429 -0.8847
vn 0.2654 0.5460 -0.7946
vn 0.7154 0.5522 -0.4281
vn 0.6586 0.5729 -0.4878
vn -0.5339 -0.3644 0.7630
vn -0.5437 -0.4014 0.7371
vn -0.5929 0.6702 0.4465
vn -0.4286 0.8959 0.1170
vn 0.5782 -0.2209 -0.7854
vn -0.9110 0.3719 -0.1783
vn 0.3349 0.6839 -0.6481
vn -0.8733 0.2050 0.4419
vn -0.8877 0.1764 0.4253
vn 0.1545 -0.0072 0.9880
vn 0.1292 -0.3531 0.9266
vn 0.2053 -0.0807 0.9754
vn -0.6286 0.6415 -0.4397
vn -0.0362 0.2440 -0.9691
vn -0.1079 0.4001 -0.9101
vn -0.0290 0.6107 -0.7913
vn -0.2719 0.1458 -0.9512
vn -0.9986 -0.0443 -0.0298
vn -0.0444 -0.5258 -0.8494
vn -0.4824 -0.4672 -0.7410
vn -0.7971 0.1953 0.5714
vn 0.5903 -0.3148 -0.7433
vn 0.2911 -0.3962 -0.8708
vn 0.4806 0.4917 -0.7261
vn 0.2741 0.4630 -0.8429
vn -0.5112 0.0167 -0.8593
vn -0.6401 0.3409 -0.6885
vn -0.5584 0.1653 -0.8129
vn -0.0483 0.9014 -0.4302
vn 0.2472 0.9115 -0.3287
vn -0.9871 0.0654 -0.1463
vn 0.3240 0.8658 0.3814
vn -0.1364 0.8578 0.4956
vn -0.1326 0.0789 -0.9880
vn 0.1913 -0.7006 0.6874
vn 0.9191 0.2593 -0.2967
vn -0.2581 -0.9396 0.2249
vn -0.2249 -0.9433 0.2441
vn 0.3464 -0.5388 -0.7679
vn 0.4359 0.8324 -0.3423
vn 0.3565 -0.2646 -0.8960
vn -0.3026 0.5126 0.8036
vn 0.9238 0.3816 -0.0316
vn 0.1246 -0.2238 -0.9666
vn 0.1845 -0.7803 -0.5975
vn 0.4543 0.4139 0.7888
vn 0.3595 -0.6306 -0.6879
vn 0.3674 -0.6003 -0.7104
vn -0.3254 -0.2122 -0.9215
vn -0.2710 0.9047 0.3287
vn -0.4081 0.4186 0.8113
vn -0.3273 0.5326 0.7805
vn -0.5634 -0.8262 0.0061
vn 0.7934 0.6079 -0.0321
vn 0.8873 0.4508 0.0969
vn 0.9121 0.1987 0.3585
vn 0.5593 0.4679 -0.6843
vn 0.1785 0.5964 -0.7826
vn 0.1904 -0.9777 0.0880
vn -0.0499 -0.9906 0.1273
vn 0.7188 0.6862 0.1121
vn -0.2146 -0.7454 0.6312
vn 0.4543 0.8707 0.1886
vn -0.2699 0.7181 -0.6415
vn 0.7681 0.4148 -0.4879
vn -0.5564 0.7876 0.2647
vn -0.7040 0.6978 -0.1318
vn 0.3488 0.9344 -0.0725
vn 0.3814 0.9181 0.1081
vn 0.2827 0.9589 0.0247
vn -0.9137 0.3143 -0.2575
vn 0.8466 0.3206 -0.4248
vn -0.0018 0.4091 -0.9125
vn 0.2717 -0.1619 -0.9487
vn -0.3110 0.4813 0.8195
vn -0.3211 0.4008 -0.8580
vn -0.2087 0.0787 -0.9748
vn 0.7129 -0.1929 -0.6742
vn -0.2122 0.3001 -0.9300
vn -0.0742 0.3028 -0.9502
vn -0.3151 0.8726 0.3731
vn 0.3925 0.0790 0.9164
vn 0.2366 -0.3359 0.9117
vn -0.3550 0.8251 -0.4396
vn -0.3479 0.6997 -0.6241
vn 0.4002 0.8717 -0.2827
vn 0.8474 -0.0304 -0.5300
vn -0.2474 -0.2481 -0.9366
vn 0.7346 0.4919 0.4674
vn 0.6432 0.5470 0.5358
vn -0.4065 0.3099 -0.8595
vn -0.2413 -0.5904 0.7702
vn -0.1010 0.4485 0.8881
vn -0.2536 0.6756 0.6923
vn 0.0206 0.5344 0.8450
vn 0.2899 0.0807 -0.9536
vn -0.4267 0.5511 0.7171
vn -0.2103 0.5432 0.8129
vn -0.9238 0.2000 -0.3265
vn 0.2418 0.4789 0.8439
vn 0.2059 -0.6184 -0.7584
vn 0.3233 -0.4926 -0.8080
vn 0.4911 -0.4297 -0.7577
vn 0.1993 0.9148 -0.3513
vn -0.0625 -0.9089 -0.4123
vn -0.1203 -0.5664 -0.8153
vn -0.1256 -0.5409 -0.8317
vn -0.0618 -0.8807 -0.4697
vn 0.7851 0.5651 -0.2537
vn -0.5532 0.7495 0.3635
vn -0.4512 0.8466 0.2824
vn -0.2084 -0.9678 0.1415
vn -0.9220 -0.3810 0.0686
vn -0.2497 -0.9427 0.2213
vn -0.1679 -0.8937 0.4161
vn 0.1685 -0.7926 0.5860
vn -0.6307 -0.5381 0.5591
vn -0.8103 0.5438 0.2186
vn -0.4399 0.8806 0.1761
vn -0.3253 0.9354 -0.1387
vn -0.8383 0.5187 -0.1682
vn -0.2096 0.8068 0.5525
vn 0.8537 0.5156 -0.0727
vn 0.2140 -0.1440 0.9662
vn 0.1584 0.9866 0.0386
vn -0.0481 0.9287 -0.3676
vn 0.5948 -0.0200 -0.8037
vn -0.0448 -0.2851 0.9575
vn 0.0490 -0.2585 0.9648
vn -0.0386 -0.2750 0.9607
vn 0.7856 0.2131 0.5809
vn -0.6887 -0.1849 0.7011
vn -0.8890 -0.2144 0.4047
vn -0.7037 -0.2905 -0.6483
vn 0.3040 -0.2957 -0.9056
vn -0.6297 0.7744 -0.0608
vn -0.3299 0.9008 0.2824
vn -0.7952 0.5940 0.1216
vn -0.6717 0.5525 0.4935
vn -0.2639 0.0680 0.9621
vn -0.4897 0.1275 0.8625
vn -0.5121 0.7538 -0.4118
vn -0.4887 -0.8724 -0.0028
vn -0.2120 -0.8929 -0.3972
vn 0.4344 0.5646 -0.7018
vn 0.1978 0.8245 -0.5302
vn 0.3671 0.6202 -0.6932
vn 0.0469 -0.9755 -0.2151
vn -0.8086 0.5553 -0.1944
vn -0.9861 -0.0390 -0.1612
vn -0.4244 -0.3735 -0.8248
vn -0.9884 0.0718 -0.1340
vn -0.9391 0.3122 -0.1436
vn 0.2234 -0.2548 -0.9408
vn 0.6350 0.1538 -0.7571
vn 0.6433 -0.6133 -0.4583
vn 0.7729 -0.6109 -0.1714
vn 0.0365 0.9017 -0.4308
vn -0.8547 0.4507 -0.2575
vn -0.9201 0.3369 -0.1998
vn -0.3088 0.7705 -0.5577
vn -0.1543 0.1165 0.9811
vn 0.6373 0.6575 0.4020
vn 0.2452 -0.9137 0.3239
vn 0.0565 -0.9961 0.0671
vn 0.3754 -0.7565 0.5354
vn -0.6236 -0.5457 0.5598
vn -0.0673 -0.9518 0.2993
vn -0.0815 -0.7795 0.6210
vn -0.7190 -0.2006 -0.6654
vn -0.1975 -0.5900 -0.7829
vn -0.2489 -0.5498 -0.7974
vn -0.2801 -0.5861 -0.7603
vn -0.2396 0.5248 0.8168
vn 0.1578 0.4926 0.8558
vn -0.6141 0.7245 -0.3130
vn -0.3817 -0.3108 -0.8705
vn 0.1243 0.8349 0.5363
vn 0.4342 0.5148 0.7392
vn -0.0809 0.6469 -0.7583
vn -0.5147 -0.7969 -0.3163
vn 0.2933 -0.2187 -0.9307
vn 0.0673 -0.2501 -0.9659
vn 0.7837 0.5278 -0.3276
vn 0.8489 0.0721 -0.5237
vn 0.9185 0.3941 -0.0325
vn -0.4576 -0.8882 -0.0405
vn 0.5615 -0.4915 -0.6657
vn -0.8931 -0.4335 -0.1204
vn -0.6455 -0.7629 0.0357
vn -0.9242 -0.3736 -0.0791
vn -0.6322 -0.6511 0.4200
vn -0.1383 0.4357 0.8894
vn -0.4948 0.6220 -0.6069
vn 0.2091 -0.5974 -0.7742
vn 0.5164 -0.3919 -0.7614
vn 0.6818 0.3550 -0.6396
vn 0.9057 0.2957 0.3038
vn -0.8975 0.3619 -0.2522
vn 0.1043 -0.4797 0.8712
vn -0.1288 -0.5934 0.7946
vn -0.3932 0.6450 -0.6553
vn 0.9731 -0.1114 -0.2018
vn -0.3377 -0.8319 0.4403
vn -0.3475 -0.6313 0.6933
vn 0.4505 -0.7842 0.4266
vn -0.1975 0.8210 0.5357
vn 0.4094 0.3921 -0.8238
vn 0.5565 0.4814 -0.6772
vn 0.5360 0.6076 -0.5861
vn 0.2213 0.1359 -0.9657
vn 0.9046 0.2627 0.3357
vn 0.9578 0.2593 0.1239
vn -0.9640 0.2580 -0.0645
vn -0.8697 -0.1406 -0.4732
vn -0.4042 0.6717 0.6208
vn -0.2959 -0.0275 0.9548
vn -0.0447 -0.0767 0.9960
vn 0.9286 -0.1490 -0.3399
vn 0.8543 0.3388 -0.3941
vn 0.6647 0.3090 -0.6802
vn -0.9048 0.1135 -0.4105
vn -0.8713 0.4212 -0.2520
vn -0.7267 0.6439 -0.2394
vn -0.5206 0.8308 -0.1967
vn -0.7404 0.6668 0.0850
vn -0.9540 0.2838 0.0963
vn -0.8456 0.1850 0.5007
vn 0.0714 0.4875 0.8702
vn 0.0664 0.4346 0.8982
vn -0.1418 0.5716 0.8082
vn -0.1117 -0.5373 -0.8360
vn -0.3115 -0.5460 -0.7777
vn -0.1584 -0.5640 -0.8104
vn 0.1943 -0.9359 -0.2937
vn 0.4661 -0.5947 0.6550
vn 0.4476 -0.2034 0.8708
vn 0.8966 0.3279 -0.2975
vn 0.5599 0.6977 -0.4469
vn 0.8705 0.4789 -0.1133
vn -0.8490 0.5278 -0.0256
vn -0.8599 0.5103 -0.0162
vn -0.7730 0.6251 -0.1086
vn 0.3705 0.8613 -0.3478
vn 0.0178 0.9855 -0.1688
vn -0.0897 -0.2323 0.9685
vn 0.9946 0.0647 0.0815
vn 0.2583 0.9225 -0.2868
vn 0.2596 0.8444 -0.4685
vn 0.5416 -0.1235 -0.8315
vn 0.5335 -0.0667 -0.8431
vn 0.3861 -0.2897 -0.8758
vn 0.3975 0.1969 -0.8962
vn 0.1621 -0.3903 -0.9063
vn -0.8353 0.4468 0.3205
vn -0.5834 0.1679 -0.7946
vn 0.5274 -0.0179 0.8494
vn 0.2223 0.3627 -0.9050
vn 0.8399 0.4203 0.3433
vn 0.6275 0.5399 0.5610
vn -0.5518 0.8220 -0.1409
vn -0.8448 0.5349 -0.0157
vn -0.4481 0.7713 0.4519
vn -0.6388 0.5174 0.5694
vn -0.4500 0.8136 0.3681
vn -0.7632 0.1027 -0.6380
vn 0.5117 -0.6858 0.5176
vn 0.7360 -0.0548 -0.6747
vn 0.6998 -0.2527 -0.6682
vn 0.9076 0.3808 0.1768
vn -0.8333 0.5407 0.1154
vn -0.8092 0.5783 0.1039
vn -0.8512 0.4652 0.2430
vn -0.6716 0.1735 0.7203
vn -0.5603 -0.0396 0.8273
vn 0.6413 -0.2329 -0.7311
vn -0.5899 0.3112 0.7451
vn -0.7750 0.3611 -0.5186
vn -0.5116 0.4669 -0.7213
vn -0.6939 0.0516 0.7182
vn -0.6340 0.2851 0.7189
vn -0.5685 0.5557 0.6067
vn 0.1016 -0.9844 0.1437
vn 0.1269 0.3690 -0.9207
vn -0.0661 -0.5574 -0.8276
vn 0.1262 -0.6318 -0.7648
vn -0.8023 0.5904 -0.0873
vn -0.8274 0.4713 -0.3054
vn -0.6945 0.4231 -0.5820
vn -0.8764 0.2740 -0.3960
vn 0.7093 0.4698 0.5255
vn -0.8170 0.5766 0.0042
vn 0.7637 -0.6211 -0.1762
vn 0.1809 -0.1407 0.9734
vn 0.5172 0.0426 0.8548
vn -0.7801 0.0447 0.6241
vn 0.6829 0.6228 -0.3818
vn 0.6687 0.5566 -0.4930
vn -0.0749 0.9956 0.0558
vn -0.5230 0.6801 -0.5138
vn 0.6597 0.7411 -0.1247
vn 0.6644 0.6599 -0.3508
vn -0.6326 0.0578 -0.7723
vn 0.0254 -0.1181 0.9927
vn -0.2266 -0.0362 0.9733
vn -0.4290 0.4672 -0.7731
vn -0.4364 0.8606 0.2625
vn 0.0588 -0.9562 -0.2867
vn 0.0809 -0.9862 -0.1446
vn -0.5241 -0.4957 -0.6925
vn -0.1028 0.5746 0.8119
vn 0.0206 -0.9994 -0.0265
vn -0.8957 0.3474 -0.2774
vn -0.6614 0.0817 0.7455
vn -0.9613 0.2756 0.0018
vn -0.1947 -0.3572 -0.9135
vn -0.1388 -0.2142 0.9669
vn 0.6498 0.3164 -0.6911
vn 0.3170 0.7905 -0.5241
vn -0.7357 0.3424 -0.5844
vn 0.3726 -0.9141 -0.1599
vn -0.5583 0.6623 -0.4996
vn 0.3087 0.9004 -0.3065
vn -0.8805 0.4741 -0.0040
vn -0.5408 0.4991 -0.6771
vn -0.0458 -0.6000 -0.7987
vn -0.8567 0.3706 -0.3588
vn -0.4123 0.4351 -0.8005
vn -0.8169 -0.2114 0.5367
vn -0.7800 -0.2517 0.5729
vn 0.6926 0.3635 -0.6230
vn 0.4653 0.6583 -0.5916
vn 0.5864 0.4700 -0.6597
vn 0.4289 0.8677 -0.2513
vn -0.0377 0.6862 -0.7265
vn 0.3836 0.9176 0.1042
vn 0.4235 0.1727 -0.8893
vn 0.7448 0.5979 -0.2964
vn -0.6598 -0.1258 0.7409
vn 0.9387 -0.0584 -0.3398
vn -0.1014 0.8812 -0.4617
vn -0.2694 0.9053 -0.3285
vn -0.1455 0.8884 -0.4355
vn 0.7805 0.2962 0.5505
vn -0.9222 0.0089 -0.3867
vn -0.7553 0.5563 -0.3466
vn -0.6798 -0.6358 -0.3655
vn 0.2622 0.8084 -0.5269
vn 0.2671 0.8426 -0.4676
vn -0.4312 0.5235 0.7348
vn -0.8327 0.4457 -0.3286
vn 0.9378 -0.1383 -0.3186
vn 0.9447 -0.2744 -0.1799
vn 0.2740 -0.5020 -0.8203
vn 0.0462 -0.3793 -0.9241
vn -0.0939 -0.4520 -0.8871
vn 0.1004 -0.7100 -0.6970
vn 0.5543 0.7744 -0.3050
vn 0.0561 0.4470 0.8928
vn -0.6138 -0.3502 -0.7075
vn -0.6157 -0.3523 -0.7048
vn -0.4913 0.4823 0.7253
vn -0.3787 0.0005 -0.9255
vn -0.4446 0.0854 -0.8917
vn -0.5032 0.8425 0.1924
vn -0.3842 0.9063 0.1760
vn -0.5108 0.7800 0.3615
vn 0.2204 -0.2423 -0.9448
vn 0.1181 -0.0972 0.9882
vn -0.0356 -0.4024 -0.9148
vn -0.9582 -0.2855 0.0165
vn 0.8190 -0.3507 -0.4541
vn 0.1916 -0.6064 -0.7717
vn 0.2337 -0.6264 -0.7437
vn -0.1878 0.4463 0.8750
vn -0.1773 0.6085 0.7734
vn 0.7262 0.6742 -0.1342
vn 0.4407 0.8908 0.1106
vn 0.1914 0.9427 -0.2733
vn 0.1886 -0.9817 0.0280
vn -0.4981 0.2979 -0.8143
vn -0.3783 -0.0653 -0.9234
vn 0.8802 -0.0992 -0.4641
vn 0.3735 0.2579 -0.8910
vn 0.3460 0.1512 0.9260
vn -0.7808 -0.2613 0.5675
vn 0.2205 0.5150 0.8283
vn -0.9077 0.3705 0.1970
vn -0.9861 0.0615 0.1543
vn -0.7045 0.2926 0.6466
vn 0.8161 0.5718 -0.0839
vn 0.8766 0.4646 0.1255
vn -0.4073 0.4712 0.7823
vn -0.3983 0.4674 0.7892
vn -0.4147 0.5447 0.7289
vn -0.3518 -0.6658 -0.6580
vn -0.2710 0.7270 -0.6310
vn 0.0927 0.9554 -0.2805
vn -0.6165 0.7867 0.0330
vn -0.2229 -0.3345 0.9156
vn 0.4556 -0.0241 -0.8899
vn 0.7570 0.5360 -0.3737
vn 0.8031 0.3980 -0.4435
vn -0.3943 -0.9185 0.0302
vn -0.6052 0.6124 0.5085
vn -0.6907 0.3156 0.6507
vn 0.8989 0.3999 -0.1791
vn 0.9178 0.2796 -0.2819
vn -0.8870 0.3849 -0.2552
vn -0.6138 -0.5893 0.5253
vn -0.8287 -0.3279 0.4536
vn 0.1099 -0.4823 -0.8691
vn 0.1059 -0.3537 -0.9293
vn -0.3960 -0.2270 -0.8898
vn 0.0302 0.2237 -0.9742
vn 0.7665 0.3718 -0.5237
vn 0.6415 0.6619 -0.3879
vn 0.0179 -0.1790 -0.9837
vn 0.0925 -0.9556 0.2798
vn 0.5542 -0.2992 -0.7768
vn 0.0704 -0.1479 0.9865
vn -0.2183 -0.0795 0.9726
vn -0.8447 -0.4188 0.3332
vn -0.6718 -0.6874 -0.2762
vn -0.6627 -0.7171 -0.2156
vn 0.6241 0.0182 0.7811
vn 0.7586 -0.2184 0.6138
vn 0.9071 0.3070 0.2881
vn -0.8156 0.2342 0.5291
vn 0.2512 -0.3545 -0.9007
vn -0.0423 0.9584 -0.2823
vn -0.9542 0.1475 -0.2602
vn 0.1013 -0.0110 0.9948
vn 0.1191 -0.2161 -0.9691
vn 0.0619 -0.0579 -0.9964
vn 0.7419 -0.5427 0.3937
vn -0.3803 0.8754 -0.2983
vn 0.6586 0.3041 -0.6883
vn 0.9295 -0.3276 -0.1695
vn -0.1551 0.7822 0.6035
vn -0.4926 -0.6488 0.5800
vn -0.4664 -0.5043 0.7267
vn -0.1180 -0.9331 0.3396
vn -0.6287 -0.0273 0.7772
vn -0.6619 0.0212 0.7493
vn -0.4983 0.1530 0.8534
vn -0.8238 0.2570 -0.5052
vn 0.1706 0.9848 0.0322
vn -0.1250 0.9851 0.1180
vn 0.6978 0.6007 -0.3902
vn 0.7562 0.5368 -0.3742
vn 0.7092 0.5372 -0.4566
vn 0.9499 -0.2900 -0.1165
vn 0.0864 -0.3237 0.9422
vn 0.0151 0.0117 0.9998
vn 0.0681 -0.2599 0.9632
vn -0.3674 -0.9280 -0.0609
vn 0.1077 -0.9650 -0.2392
vn -0.2697 0.4058 0.8733
vn -0.7887 -0.2768 0.5489
vn -0.5088 0.4604 0.7274
vn 0.6217 0.4534 -0.6387
vn 0.4674 0.8834 -0.0350
vn 0.3592 0.2182 0.9074
vn -0.0043 0.0172 0.9998
vn 0.1248 -0.5339 -0.8363
vn 0.1063 -0.5359 -0.8376
vn 0.1259 -0.6125 -0.7804
vn -0.0546 -0.3759 0.9251
vn -0.5677 -0.2431 0.7865
vn 0.0436 -0.1656 0.9852
vn -0.4022 0.2680 -0.8755
vn -0.6174 0.1159 0.7781
vn -0.4349 0.8819 -0.1819
vn -0.0257 0.4770 0.8785
vn -0.7986 0.5967 -0.0785
vn 0.2764 0.6410 -0.7161
vn 0.2432 0.6883 -0.6835
vn 0.3443 0.5353 -0.7713
vn 0.2935 -0.9459 0.1384
vn -0.1276 -0.8858 -0.4462
vn 0.9981 -0.0617 0.0052
vn 0.2362 0.6173 -0.7504
vn 0.2011 0.8135 -0.5457
vn 0.1698 -0.6707 0.7221
vn 0.3557 0.2862 0.8897
vn 0.0878 0.6842 0.7240
vn -0.6812 0.7293 0.0643
vn -0.4561 0.8248 -0.3340
vn 0.2633 0.9526 -0.1525
vn 0.7229 -0.6833 0.1027
vn -0.2466 -0.2671 0.9316
vn 0.7916 0.0947 -0.6037
vn 0.2271 0.9380 -0.2617
vn 0.5910 0.5680 -0.5728
vn 0.1588 -0.3598 -0.9194
vn -0.4524 0.6407 -0.6204
vn -0.3312 0.2451 0.9112
vn -0.9994 0.0244 -0.0228
vn -0.8725 0.4376 -0.2174
vn -0.7045 0.5768 -0.4136
vn -0.2499 -0.9682 0.0087
vn -0.9922 -0.0051 -0.1245
vn -0.1909 0.4410 0.8769
vn 0.8985 0.3587 0.2531
vn 0.2855 -0.5859 -0.7584
vn 0.9640 0.2247 0.1421
vn 0.9852 -0.1351 -0.1057
vn -0.0632 -0.5830 0.8100
vn 0.0875 -0.3362 0.9377
vn -0.2164 -0.0347 -0.9757
vn -0.6320 0.4053 -0.6606
vn -0.6530 0.5321 -0.5390
vn 0.3132 -0.9497 0.0008
vn -0.1449 0.5399 -0.8292
vn -0.1804 -0.3373 -0.9240
vn -0.6361 0.7644 -0.1054
vn -0.3903 -0.4520 -0.8021
vn -0.4237 0.4845 0.7653
vn 0.4628 0.4520 -0.7626
vn 0.9365 -0.3269 -0.1270
vn 0.1895 -0.6075 -0.7714
vn -0.5334 -0.8016 0.2701
vn 0.0455 -0.9939 0.1003
vn -0.5573 -0.7060 0.4371
vn -0.3724 -0.8074 0.4576
vn -0.5431 0.8002 -0.2543
vn 0.7769 0.5055 -0.3754
vn 0.7000 0.5379 -0.4697
vn 0.1548 0.4792 0.8639
vn 0.8265 0.3050 -0.4731
vn -0.4426 0.8864 0.1356
vn -0.9136 0.1090 0.3918
vn -0.8955 0.0996 0.4337
vn -0.9010 0.2373 0.3632
vn 0.8967 0.2730 0.3484
vn 0.3714 0.9285 0.0017
vn 0.1723 0.9367 -0.3049
vn 0.0938 0.9776 -0.1882
vn 0.2289 -0.3183 0.9200
vn 0.3625 0.9296 0.0662
vn 0.2434 0.8272 -0.5064
vn -0.5651 0.6949 -0.4448
vn -0.4228 0.8904 -0.1685
vn -0.3678 0.9241 -0.1035
vn 0.9174 0.3291 0.2236
vn 0.9155 0.4011 -0.0316
vn 0.4197 0.9059 -0.0559
vn 0.2144 0.9463 -0.2420
vn 0.7546 0.5548 0.3504
vn 0.8964 0.4427 0.0194
vn 0.9012 0.4052 0.1537
vn -0.1835 0.1424 0.9726
vn 0.2034 -0.0005 0.9791
vn -0.8344 -0.5482 -0.0568
vn -0.7537 0.3684 0.5442
vn 0.4882 0.8641 -0.1222
vn -0.9321 0.1020 -0.3474
vn 0.2084 -0.6602 0.7216
vn -0.9632 0.2119 -0.1651
vn -0.0115 -0.5641 -0.8256
vn -0.7090 -0.0784 0.7009
vn -0.5479 -0.1345 0.8257
vn -0.5750 0.6899 0.4398
vn 0.7804 0.3877 0.4905
vn 0.8159 -0.0967 0.5701
vn 0.1402 0.3587 0.9229
vn 0.0584 -0.9907 0.1226
vn -0.8586 0.4698 -0.2052
vn -0.7698 -0.0052 0.6383
vn 0.3841 0.8631 -0.3280
vn 0.1918 0.4110 -0.8913
vn 0.0967 0.8608 -0.4997
vn -0.4458 0.8195 0.3600
vn 0.9242 0.1312 0.3587
vn 0.6069 0.4654 0.6443
vn -0.9517 0.2549 0.1710
vn -0.4099 0.6130 -0.6754
vn 0.9194 0.3185 0.2308
vn -0.4287 0.8678 0.2515
vn -0.5830 0.6894 0.4298
vn -0.7531 0.3332 0.5673
vn 0.8330 -0.1283 -0.5382
vn 0.4751 -0.4024 -0.7825
vn 0.5242 -0.1489 -0.8384
vn -0.1098 0.8057 0.5820
vn 0.5534 0.4682 -0.6889
vn 0.0460 -0.7052 0.7075
vn 0.2822 0.3436 0.8957
vn -0.9090 -0.3289 0.2560
vn -0.9339 -0.3483 0.0803
vn -0.7480 0.0504 0.6617
vn 0.1718 -0.6596 0.7317
vn -0.9990 0.0226 -0.0384
vn 0.9129 0.3952 0.1022
vn 0.9277 0.3682 -0.0610
vn 0.1492 0.4843 0.8621
vn -0.2452 0.9587 0.1442
vn -0.2972 0.9412 0.1606
vn -0.2103 0.9577 0.1963
vn -0.0465 -0.5982 -0.8000
vn -0.0506 -0.6073 -0.7929
vn -0.0063 -0.5135 -0.8581
vn 0.8985 0.2615 0.3527
vn -0.9044 0.3563 -0.2346
vn -0.8315 0.1477 -0.5355
vn 0.3152 -0.1621 -0.9351
vn -0.3488 -0.8924 -0.2861
vn -0.0957 -0.5382 -0.8373
vn 0.3596 -0.8285 -0.4292
vn 0.9129 0.3151 0.2596
vn -0.8289 0.4382 -0.3479
vn -0.9004 0.3676 -0.2328
vn -0.9466 0.2485 0.2052
vn -0.9139 0.4025 0.0530
vn -0.5161 0.5924 0.6187
vn -0.2857 0.7287 0.6223
vn 0.0054 0.0829 -0.9965
vn 0.2391 0.2480 -0.9388
vn -0.6831 -0.0748 0.7265
vn 0.1952 0.1722 -0.9655
vn 0.6814 0.2169 -0.6990
vn -0.5933 -0.6304 0.5005
vn -0.2289 -0.4831 -0.8451
vn 0.7751 0.0581 -0.6292
vn 0.0654 -0.2751 0.9592
vn -0.6685 0.5757 -0.4708
vn -0.8119 0.5519 0.1905
vn -0.7854 0.6062 0.1249
vn 0.9196 0.3710 0.1289
vn 0.4998 0.3570 -0.7892
vn 0.1127 0.3517 -0.9293
vn -0.3847 0.6161 -0.6873
vn -0.3765 -0.6242 -0.6845
vn -0.0452 0.9988 0.0184
vn 0.1883 0.9786 -0.0831
vn 0.3458 -0.2433 -0.9062
vn 0.6676 -0.2924 -0.6847
vn -0.4790 0.3941 0.7843
vn -0.6215 -0.5613 -0.5465
vn -0.6934 -0.1276 0.7091
vn -0.7324 0.5451 -0.4079
vn -0.8580 0.4659 -0.2161
vn -0.0893 -0.8091 0.5809
vn -0.1283 -0.8445 0.5200
vn 0.2938 0.9334 0.2060
vn 0.1214 0.9378 0.3253
vn 0.1799 0.8879 0.4234
vn -0.3316 0.1990 0.9222
vn -0.0199 0.9813 -0.1916
vn 0.0906 0.0382 -0.9952
vn -0.0768 -0.1291 -0.9886
vn 0.1986 -0.1148 0.9733
vn 0.6214 0.7494 0.2285
vn -0.7339 -0.1181 0.6689
vn -0.6544 -0.1639 0.7382
vn 0.0168 -0.9998 -0.0049
vn -0.8624 -0.3850 -0.3286
vn -0.9220 -0.3581 -0.1476
vn -0.9968 -0.0792 0.0065
vn -0.1170 0.4622 0.8790
vn -0.1515 0.5372 0.8297
vn -0.5508 -0.8322 0.0640
vn -0.1977 -0.9483 -0.2484
vn 0.4333 0.9009 0.0227
vn -0.7721 0.6204 -0.1376
vn -0.7369 0.1665 -0.6552
vn -0.6924 0.0957 -0.7151
vn 0.0851 0.0152 -0.9963
vn 0.3102 0.2219 -0.9244
vn 0.3443 0.7614 -0.5493
vn -0.0874 0.6760 -0.7317
vn 0.0214 -0.0605 0.9979
vn -0.5767 0.4245 -0.6981
vn -0.7752 -0.3475 0.5275
vn 0.8467 0.3331 -0.4149
vn -0.3940 -0.7057 0.5888
vn 0.9020 0.4107 -0.1327
vn 0.3482 -0.6249 -0.6987
vn -0.0755 -0.9970 -0.0167
vn -0.5729 0.8092 0.1302
vn -0.3249 0.2221 0.9193
vn 0.6399 -0.1707 0.7493
vn 0.5671 -0.2068 0.7973
vn 0.2915 0.3760 0.8796
vn 0.1306 0.6370 0.7598
vn -0.4644 0.7942 0.3919
vn -0.5799 0.1240 -0.8052
vn 0.7676 -0.3363 0.5456
vn 0.8575 -0.0041 0.5145
vn 0.3076 0.9223 -0.2339
vn 0.0155 0.9345 -0.3556
vn -0.4420 0.8517 0.2813
vn -0.0060 0.0057 -1.0000
vn -0.5619 0.8061 0.1855
vn -0.2675 0.9083 0.3217
vn -0.2720 -0.2508 0.9290
vn 0.1310 0.9448 0.3004
vn 0.9404 0.3139 0.1309
vn 0.9223 0.3669 0.1218
vn 0.9520 0.2204 0.2124
vn -0.6172 -0.3442 0.7075
vn 0.2001 -0.5995 -0.7750
vn 0.2081 -0.6130 -0.7622
vn -0.2612 0.0086 -0.9653
vn -0.8075 0.1978 -0.5558
vn 0.7142 0.6193 -0.3262
vn -0.9933 0.0837 -0.0801
vn -0.2463 0.0879 -0.9652
vn -0.4304 -0.3313 -0.8396
vn -0.1265 -0.3986 -0.9084
vn -0.7270 0.6219 0.2910
vn -0.8929 0.3335 0.3026
vn -0.8550 0.4688 -0.2220
vn -0.6734 0.0085 0.7392
vn 0.3083 0.3180 -0.8966
vn 0.5237 -0.0265 -0.8515
vn -0.5288 0.8434 0.0950
vn -0.0988 0.9950 -0.0138
vn -0.1255 -0.3488 -0.9288
vn -0.2370 -0.9398 -0.2463
vn 0.2434 -0.1349 -0.9605
vn 0.3028 0.1410 -0.9426
vn 0.4153 0.6536 -0.6327
vn -0.0670 -0.5491 0.8330
vn 0.6837 0.5022 -0.5294
vn 0.2251 -0.3080 0.9244
vn -0.8913 0.1021 0.4417
vn 0.1867 -0.8960 0.4030
vn 0.1738 -0.9093 0.3782
vn 0.1630 -0.8842 0.4376
vn -0.2418 -0.5601 -0.7923
vn 0.1389 -0.4878 -0.8618
vn -0.7282 -0.1841 -0.6602
vn 0.9111 0.3326 0.2436
vn 0.0719 -0.3317 0.9407
vn 0.0102 -0.0549 0.9984
vn -0.4100 0.9101 -0.0606
vn -0.3928 0.9111 0.1249
vn -0.0518 -0.7725 -0.6329
vn -0.0019 -0.9921 -0.1254
vn -0.9406 0.0762 0.3309
vn -0.7190 0.1428 0.6802
vn 0.2017 0.8191 -0.5370
vn 0.4551 0.8309 -0.3201
vn -0.4345 0.8934 0.1141
vn -0.4372 0.8902 0.1285
vn -0.4808 0.8729 0.0829
vn -0.9148 0.4038 0.0084
vn -0.3564 0.3678 -0.8589
vn 0.1376 -0.7096 0.6911
vn -0.5950 0.4639 0.6563
vn -0.7020 0.6765 0.2225
vn 0.2543 -0.9351 0.2466
vn -0.8355 0.4988 -0.2307
vn 0.7658 0.5191 -0.3796
vn 0.9189 0.3297 0.2164
vn 0.9107 0.3467 0.2244
vn -0.9293 0.0506 -0.3657
vn -0.0465 0.4482 0.8927
vn 0.3001 0.4675 -0.8315
vn 0.8102 0.3980 -0.4303
vn 0.0285 0.9993 -0.0236
vn 0.6659 0.6760 -0.3156
vn -0.6877 0.5699 0.4497
vn -0.4435 -0.3729 -0.8150
vn -0.2623 0.4077 0.8746
vn -0.8562 0.5089 0.0887
vn -0.5016 0.8607 -0.0878
vn 0.7567 -0.6258 -0.1889
vn 0.2473 -0.2104 0.9458
vn 0.3078 -0.1970 0.9308
vn 0.7573 0.6430 -0.1144
vn 0.5953 0.8018 0.0517
vn 0.3778 -0.1840 0.9074
vn 0.1983 -0.3030 0.9321
vn -0.1231 0.1405 -0.9824
vn 0.0360 0.1574 -0.9869
vn -0.3807 0.9226 -0.0625
vn 0.6389 0.1517 0.7542
vn 0.6655 0.2214 0.7129
vn 0.4054 -0.5328 -0.7428
vn 0.9549 0.1420 0.2608
vn -0.7346 0.0466 0.6769
vn -0.7765 -0.0539 0.6278
vn 0.5727 -0.2303 -0.7867
vn -0.0443 0.0975 0.9942
vn -0.1429 -0.4297 0.8916
vn -0.1397 -0.6716 0.7276
vn 0.5977 -0.5495 0.5838
vn 0.3684 -0.6061 0.7050
vn 0.4925 0.0517 0.8688
vn 0.2830 -0.2665 0.9213
vn 0.4362 0.7699 -0.4659
vn -0.7065 0.7056 -0.0546
vn 0.2665 -0.6772 0.6858
vn -0.0964 -0.8097 0.5788
vn -0.3852 0.9201 -0.0712
vn -0.1311 0.6063 0.7844
vn 0.6214 0.7143 -0.3218
vn 0.8610 0.2817 -0.4235
vn 0.4300 0.3693 -0.8238
vn 0.6635 0.6179 -0.4219
vn 0.6591 0.6185 -0.4278
vn 0.8982 0.2813 0.3379
vn 0.5623 -0.3166 -0.7639
vn 0.5686 -0.3194 -0.7580
vn -0.2165 0.4789 0.8507
vn -0.3748 0.2158 0.9017
vn -0.4637 0.1808 -0.8674
vn -0.7153 0.6957 0.0651
vn -0.3637 0.9256 -0.1053
vn -0.4213 0.9065 0.0274
vn -0.0900 -0.7012 0.7072
vn -0.9663 0.2539 -0.0429
vn -0.4412 0.8942 0.0758
vn -0.1402 0.4320 0.8909
vn 0.9161 0.2971 0.2692
vn -0.4208 0.8921 -0.1646
vn 0.7060 0.6487 0.2842
vn -0.2039 -0.9120 0.3558
vn -0.1994 -0.9614 0.1895
vn -0.4922 0.3407 0.8010
vn 0.3266 0.4179 -0.8478
vn 0.0979 -0.3086 -0.9461
vn 0.3928 0.7040 0.5917
vn -0.0386 -0.5660 0.8235
vn -0.8734 0.3149 -0.3716
vn -0.0886 -0.9601 0.2651
vn -0.6245 0.5808 -0.5222
vn -0.8363 0.4468 -0.3177
vn -0.7136 0.5676 -0.4106
vn 0.6405 0.6396 -0.4251
vn -0.3977 -0.7740 0.4927
vn 0.6937 -0.2745 -0.6659
vn -0.8837 0.4151 0.2162
vn -0.8321 0.3425 0.4361
vn -0.5621 0.7612 -0.3235
vn -0.5815 0.8123 -0.0461
vn 0.8029 0.4803 -0.3531
vn -0.7352 0.6598 -0.1550
vn 0.3415 0.2452 0.9073
vn 0.8167 -0.0636 0.5735
vn -0.6941 -0.0000 0.7199
vn -0.7023 -0.1209 0.7015
vn 0.9927 -0.0396 0.1142
vn 0.0334 -0.4150 -0.9092
vn 0.2263 -0.6155 -0.7549
vn 0.3151 0.8475 -0.4272
vn -0.3110 -0.3874 -0.8679
vn 0.1802 0.2757 -0.9442
vn -0.9651 0.2619 0.0034
vn -0.5094 0.4854 -0.7106
vn 0.5203 0.7945 -0.3132
vn -0.7368 0.0189 0.6759
vn -0.5237 -0.4319 0.7343
vn -0.3382 0.3021 0.8913
vn -0.4417 0.6478 0.6208
vn 0.8272 0.3700 -0.4229
vn 0.0949 0.0523 -0.9941
vn 0.3143 -0.4782 -0.8201
vn -0.4436 -0.6716 -0.5934
vn 0.4483 -0.1807 0.8754
vn 0.4295 -0.1853 0.8838
vn 0.0887 0.4283 0.8993
vn -0.9089 0.3532 -0.2218
vn 0.9038 -0.3123 -0.2927
vn 0.6764 -0.2609 -0.6888
vn -0.9146 0.3345 -0.2274
vn 0.6540 0.0696 0.7533
vn -0.6356 0.4519 -0.6259
vn 0.7814 0.6195 -0.0747
vn 0.1121 -0.5678 -0.8155
vn 0.8595 0.4221 0.2884
vn -0.4553 0.2243 -0.8616
vn -0.6443 0.7631 0.0494
vn 0.5783 -0.1058 -0.8089
vn -0.9658 -0.1128 -0.2333
vn -0.7619 -0.4324 0.4822
vn -0.9101 0.3580 -0.2088
vn -0.4358 0.8767 0.2037
vn -0.3879 0.5034 0.7721
vn -0.3853 0.5023 0.7741
vn -0.7313 -0.3284 -0.5978
vn 0.8287 0.4302 -0.3580
vn -0.3498 0.1156 0.9297
vn 0.2585 0.4609 0.8490
vn -0.3069 -0.7127 0.6308
vn 0.0525 0.7090 0.7033
vn 0.2344 0.9644 0.1227
vn 0.0349 0.9592 0.2804
vn -0.7418 0.6616 -0.1095
vn -0.6498 0.7600 -0.0126
vn -0.3634 -0.3342 -0.8697
vn 0.2451 -0.0311 0.9690
vn -0.1320 0.2145 0.9678
vn 0.6931 0.0014 -0.7209
vn 0.7122 -0.4044 -0.5737
vn 0.8122 -0.2288 -0.5366
vn -0.3116 0.8389 0.4463
vn -0.2693 -0.5132 -0.8149
vn -0.2430 -0.4385 -0.8652
vn -0.9970 0.0665 0.0391
vn -0.6043 -0.1211 -0.7875
vn 0.2616 0.7150 -0.6484
vn 0.2175 -0.9435 -0.2502
vn 0.7858 -0.6184 -0.0099
vn 0.2894 0.8026 -0.5217
vn 0.2459 0.3454 -0.9057
vn -0.4291 0.8991 0.0861
vn 0.4587 0.8041 0.3782
vn -0.2901 -0.2058 -0.9346
vn -0.2771 0.1822 -0.9434
vn 0.2382 -0.6230 -0.7451
vn 0.0512 -0.4267 -0.9029
vn -0.0729 0.4395 -0.8953
vn -0.8175 0.2496 0.5191
vn -0.0999 -0.1591 -0.9822
vn -0.6485 0.0709 -0.7579
vn -0.1369 -0.7501 0.6470
vn -0.0964 -0.8262 0.5551
vn 0.2766 0.8313 -0.4822
vn 0.3888 0.8394 -0.3798
vn -0.8299 0.1201 -0.5448
vn -0.0819 0.9323 -0.3523
vn 0.1151 0.8449 -0.5223
vn 0.8479 0.4371 -0.3002
vn 0.8862 0.4020 -0.2304
vn -0.4778 0.7241 -0.4975
vn 0.2426 0.7610 -0.6017
vn 0.0922 -0.1506 0.9843
vn -0.2011 -0.0815 0.9762
vn 0.8154 0.5751 0.0663
vn 0.2446 0.9633 -0.1104
vn -0.0105 0.9513 -0.3081
vn 0.7818 0.5260 -0.3350
vn 0.7440 0.2984 -0.5979
vn 0.0464 -0.3427 -0.9383
vn -0.9261 0.2224 0.3046
vn 0.1232 -0.9796 -0.1586
vn 0.4123 -0.6920 -0.5925
vn -0.3403 -0.5283 -0.7779
vn 0.1284 0.5053 -0.8533
vn -0.5401 -0.4691 -0.6987
vn -0.9978 -0.0042 -0.0663
vn -0.5480 0.4247 -0.7207
vn -0.6289 0.4703 0.6191
vn -0.6042 0.7528 0.2612
vn 0.5224 0.4681 -0.7127
vn 0.6733 0.3529 -0.6497
vn 0.6984 0.3548 -0.6215
vn 0.6672 0.5783 -0.4695
vn 0.2900 -0.3853 -0.8761
vn 0.8831 0.0687 -0.4641
vn 0.7336 0.4155 -0.5378
vn -0.1558 -0.0848 0.9841
vn -0.3349 0.4742 0.8142
vn -0.4879 0.3434 0.8025
vn -0.0927 0.1848 0.9784
vn -0.3682 0.6018 -0.7087
vn -0.0894 0.2431 -0.9659
vn 0.7475 0.3302 -0.5764
vn 0.9327 -0.2208 0.2852
vn 0.8601 -0.2438 0.4481
vn -0.0151 -0.1244 -0.9921
vn 0.2731 0.6125 -0.7417
vn -0.5292 -0.4436 0.7233
vn -0.5115 -0.6083 0.6069
vn 0.7822 0.6175 -0.0824
vn 0.8356 0.5489 0.0220
vn 0.8611 0.4985 0.0996
vn 0.9483 0.3174 0.0012
vn 0.0962 0.3204 0.9424
vn -0.0593 -0.9532 -0.2964
vn 0.7859 0.6118 -0.0904
vn 0.8615 0.5037 0.0640
vn 0.7281 -0.5025 0.4662
vn 0.5822 -0.4153 0.6990
vn -0.8795 0.3750 0.2930
vn -0.5882 -0.4785 0.6519
vn 0.0697 -0.6076 -0.7912
vn -0.0303 0.7417 -0.6701
vn 0.1598 0.7327 -0.6615
vn 0.6109 0.7900 0.0515
vn -0.6360 0.5440 0.5473
vn 0.1300 -0.3217 0.9379
vn 0.6221 -0.5309 0.5754
vn 0.7382 0.6554 -0.1599
vn -0.0519 -0.6593 0.7501
vn 0.4364 0.7541 -0.4908
vn 0.2605 0.8495 -0.4587
vn 0.2755 0.4320 -0.8588
vn 0.7171 0.6312 -0.2955
vn 0.3222 0.6653 -0.6735
vn -0.1411 0.8351 -0.5317
vn -0.6140 0.7654 -0.1929
vn -0.5252 0.7663 0.3702
vn 0.5354 0.8400 -0.0885
vn 0.3433 0.9364 0.0722
vn -0.6877 0.4996 -0.5266
vn 0.6296 0.4890 -0.6038
vn -0.7265 -0.1205 0.6765
vn 0.3937 0.6382 -0.6616
vn 0.6200 0.5965 -0.5098
vn -0.2867 -0.6914 -0.6632
vn -0.6583 -0.6919 0.2965
vn 0.2382 0.9535 0.1849
vn 0.1615 0.7954 -0.5841
vn -0.1103 0.9844 0.1373
vn -0.9214 -0.1917 0.3381
vn -0.0450 -0.3521 -0.9349
vn -0.6445 0.6295 -0.4341
vn 0.7294 -0.3079 0.6109
vn 0.9744 0.1765 0.1394
vn 0.6755 0.7369 -0.0266
vn 0.6432 0.7656 0.0149
vn -0.5035 0.7427 0.4414
vn 0.2803 -0.1801 -0.9429
vn 0.1580 -0.9392 0.3050
vn 0.0681 -0.2231 0.9724
vn 0.7046 0.6793 0.2053
vn 0.2804 0.8829 0.3766
vn 0.8325 0.4472 0.3271
vn 0.1493 -0.5209 0.8404
vn 0.1297 -0.8014 0.5840
vn -0.2137 -0.5278 0.8220
vn -0.9660 0.2162 0.1419
vn 0.6313 -0.4334 -0.6431
vn 0.3126 -0.2761 -0.9089
vn -0.2192 -0.8391 -0.4979
vn -0.8648 -0.4684 -0.1809
vn 0.4230 -0.5785 -0.6974
vn 0.4866 0.7439 -0.4580
vn 0.7227 0.5153 -0.4607
vn 0.5665 0.7870 0.2443
vn -0.9155 0.3450 -0.2070
vn 0.2938 0.9407 0.1699
vn 0.3504 0.9366 -0.0046
vn -0.6330 0.7329 -0.2493
vn 0.3962 0.9086 -0.1321
vn 0.3897 0.8554 -0.3412
vn -0.1223 0.3941 0.9109
vn 0.8582 -0.1759 -0.4823
vn 0.7325 -0.2877 -0.6170
vn 0.2462 0.2287 -0.9419
vn -0.4859 0.7621 0.4280
vn -0.5104 0.7130 0.4808
vn 0.5287 -0.3719 -0.7630
vn 0.5327 -0.3572 -0.7673
vn 0.9643 -0.2133 -0.1569
vn -0.6951 0.0429 0.7177
vn 0.8588 0.0361 0.5110
vn 0.2837 0.4257 0.8592
vn 0.1574 -0.9287 -0.3359
vn -0.9548 0.2785 0.1041
vn -0.3347 0.6373 -0.6942
vn 0.7428 0.2443 0.6234
vn -0.8534 0.4595 -0.2461
vn -0.6936 0.5904 -0.4128
vn 0.9161 0.3166 0.2459
vn 0.7224 0.6844 -0.0986
vn -0.9889 0.1125 -0.0974
vn -0.0083 -0.9689 0.2474
vn -0.0336 -0.9651 -0.2597
vn 0.1719 -0.2398 0.9555
vn -0.4535 -0.8852 -0.1037
vn -0.5729 -0.6427 -0.5086
vn 0.3360 -0.1678 0.9268
vn 0.2477 -0.2252 0.9423
vn -0.0673 -0.3277 -0.9424
vn 0.5914 -0.2792 -0.7565
vn 0.4623 0.7539 -0.4668
vn -0.0987 -0.1696 -0.9806
vn -0.2443 -0.0437 -0.9687
vn -0.0462 0.0315 -0.9984
vn 0.0116 0.4748 0.8800
vn -0.9550 0.2713 0.1199
vn -0.7326 -0.6319 0.2530
vn -0.5061 0.4261 -0.7499
vn 0.4769 0.8535 0.2101
vn 0.9302 -0.2482 -0.2704
vn 0.9444 0.2571 -0.2049
vn -0.7014 0.6203 0.3510
vn 0.2367 0.5668 -0.7891
vn -0.6830 -0.7229 0.1044
vn -0.5371 -0.8435 0.0106
vn -0.3067 -0.9151 -0.2617
vn -0.6456 -0.0125 0.7636
vn 0.8104 0.3105 -0.4969
vn 0.8662 0.3346 -0.3712
vn 0.6743 0.6567 -0.3377
vn 0.9528 -0.1313 -0.2739
vn 0.8038 -0.4968 0.3273
vn 0.8755 0.1684 0.4530
vn 0.7317 0.2879 0.6178
vn 0.1291 0.6098 -0.7820
vn 0.1474 -0.8654 -0.4789
vn 0.5306 0.0814 -0.8437
vn 0.0220 -0.5193 -0.8543
vn -0.5017 -0.8415 -0.2002
vn 0.1891 -0.9817 -0.0211
vn -0.9141 -0.3264 0.2404
vn 0.6778 -0.6358 -0.3692
vn 0.7494 -0.5935 -0.2936
vn 0.3453 -0.2475 -0.9053
vn 0.6673 -0.6255 -0.4044
vn -0.0593 -0.7848 0.6169
vn -0.5462 0.8297 0.1151
vn -0.1428 -0.0794 0.9866
vn -0.2564 -0.4937 0.8310
vn 0.4580 -0.8863 -0.0680
vn 0.4784 -0.3215 -0.8172
vn 0.0324 -0.5836 -0.8114
vn 0.3071 -0.9055 -0.2929
vn 0.9497 0.0975 -0.2975
vn 0.9642 0.1372 -0.2268
vn 0.8213 0.2359 -0.5194
vn 0.5975 -0.0278 -0.8014
vn -0.1228 -0.1549 -0.9803
vn 0.1478 0.0879 -0.9851
vn 0.8330 -0.0562 -0.5503
vn 0.3389 -0.5933 -0.7302
vn -0.7495 0.4767 -0.4594
vn 0.8315 0.3820 -0.4033
vn 0.1185 -0.0740 -0.9902
vn 0.2763 0.6585 0.7001
vn -0.2396 0.0568 -0.9692
vn -0.5428 -0.4034 -0.7367
vn -0.6344 -0.4044 -0.6587
vn -0.5264 -0.4252 -0.7363
vn -0.6422 0.5783 0.5031
vn 0.1994 0.9506 -0.2380
vn 0.0571 -0.9718 0.2287
vn 0.0129 -0.5437 0.8392
vn 0.2636 0.9402 0.2159
vn -0.7161 -0.1127 0.6889
vn -0.1011 -0.9758 0.1937
vn -0.0577 -0.9085 0.4140
vn -0.0521 -0.9585 -0.2803
vn 0.7374 -0.3541 -0.5752
vn 0.4363 -0.5501 -0.7120
vn 0.6317 0.6205 -0.4647
vn 0.6429 0.6425 -0.4170
vn 0.6970 0.4041 -0.5924
vn -0.4127 -0.3573 -0.8379
vn -0.1015 -0.9725 0.2095
vn 0.8819 0.4512 -0.1368
vn 0.0436 0.6159 0.7866
vn 0.6674 -0.0176 0.7445
vn 0.5257 0.0253 0.8503
vn -0.9291 0.0740 -0.3624
vn 0.9404 0.0239 -0.3393
vn -0.9967 -0.0561 -0.0591
vn -0.3831 0.4926 0.7814
vn -0.4759 0.8487 -0.2307
vn 0.2442 -0.6814 0.6900
vn 0.3080 0.8526 -0.4221
vn 0.1496 0.4493 0.8808
vn 0.5676 0.7879 0.2387
vn 0.4565 -0.1148 0.8823
vn -0.7543 -0.3051 0.5813
vn -0.0626 -0.9965 0.0554
vn -0.0964 -0.8868 0.4520
vn -0.6006 0.5506 0.5798
vn 0.3455 -0.3319 -0.8778
vn -0.4676 0.0670 0.8814
vn -0.5600 0.2371 0.7939
vn -0.2094 -0.8140 0.5419
vn -0.0846 -0.6096 0.7882
vn -0.3397 -0.6382 0.6909
vn 0.6123 0.5435 -0.5741
vn -0.9333 -0.2587 0.2489
vn -0.6084 -0.0914 -0.7884
vn 0.2304 -0.9320 -0.2799
vn 0.9076 0.3713 0.1959
vn 0.4042 0.9122 -0.0667
vn -0.1533 -0.3875 0.9090
vn 0.5206 0.7475 -0.4125
vn 0.2484 0.5399 -0.8043
vn 0.3016 0.6437 -0.7034
vn 0.3759 0.6933 -0.6149
vn 0.0660 0.4663 0.8821
vn 0.0455 -0.9989 -0.0089
vn -0.1453 -0.0919 0.9851
vn -0.3324 0.7238 0.6047
vn 0.1155 0.7020 0.7027
vn 0.7103 0.5473 -0.4427
vn 0.6240 0.7161 -0.3127
vn -0.6819 0.7171 -0.1437
vn -0.5927 -0.0812 -0.8013
vn 0.3625 0.6961 -0.6197
vn -0.6436 0.4780 0.5978
vn 0.9843 -0.1085 0.1391
vn 0.6062 -0.2317 -0.7608
vn 0.6405 -0.2536 -0.7248
vn -0.6167 -0.3490 -0.7056
vn 0.2543 0.4440 -0.8592
vn 0.6200 0.7753 -0.1205
vn 0.8633 -0.2356 -0.4464
vn 0.1195 -0.8228 -0.5556
vn -0.4683 0.1861 -0.8638
vn -0.8944 0.4003 -0.1996
vn 0.9831 0.1522 0.1022
vn 0.9147 0.3246 0.2406
vn 0.9788 0.1788 -0.0997
vn 0.9759 -0.1665 -0.1413
vn 0.8095 0.5870 -0.0125
vn 0.9000 0.4352 0.0238
vn 0.3234 0.6661 0.6721
vn 0.6137 -0.0329 0.7889
vn -0.5758 0.2881 0.7652
vn -0.8139 0.5733 0.0942
vn -0.8732 0.4440 -0.2008
vn 0.7057 0.6757 -0.2132
vn 0.5474 0.8024 -0.2376
vn 0.9204 0.2977 0.2535
vn -0.9181 0.1505 0.3666
vn 0.3070 0.4328 0.8476
vn -0.3016 0.2982 0.9056
vn -0.2496 0.2109 0.9451
vn -0.7922 0.6093 -0.0343
vn -0.3103 0.7875 -0.5324
vn -0.6681 -0.3344 -0.6647
vn -0.6934 -0.6566 0.2969
vn 0.5204 -0.0559 0.8521
vn -0.2877 0.3686 0.8839
vn -0.2589 0.4593 0.8497
vn 0.0050 0.2133 0.9770
vn -0.8546 0.1241 0.5043
vn -0.4102 0.5580 0.7214
vn 0.6351 -0.2736 -0.7224
vn 0.8594 0.4796 0.1771
vn 0.8299 0.5231 -0.1940
vn 0.7531 0.6344 -0.1740
vn -0.8626 0.4486 -0.2339
vn -0.6666 0.7202 0.1921
vn -0.6838 0.7024 0.1977
vn -0.9125 -0.4080 -0.0296
vn -0.8037 -0.5724 0.1624
vn -0.1605 0.9799 0.1186
vn -0.5867 0.5407 -0.6029
vn 0.6482 0.4798 0.5913
vn 0.2672 0.0876 0.9596
vn -0.5336 0.3092 0.7872
vn 0.8450 0.5005 -0.1885
vn 0.1915 0.0783 0.9784
vn 0.2051 0.1146 0.9720
vn 0.0434 0.4431 0.8954
vn 0.1952 -0.1906 -0.9621
vn 0.6475 0.0649 -0.7593
vn -0.3499 -0.8008 0.4861
vn 0.7158 0.6787 -0.1642
vn 0.0913 -0.3323 0.9387
vn 0.7453 0.5309 0.4033
vn 0.3404 0.7150 -0.6106
vn 0.1409 -0.8858 -0.4421
vn -0.9860 0.1360 -0.0964
vn -0.9498 0.2657 0.1651
vn 0.3239 0.5582 0.7639
vn 0.7646 0.5912 0.2568
vn 0.8954 -0.1414 0.4221
vn -0.8489 -0.2464 0.4675
vn -0.7847 -0.3065 0.5389
vn -0.6183 0.6538 -0.4361
vn -0.3733 0.7451 -0.5527
vn -0.0331 -0.8922 -0.4505
vn -0.7010 -0.6783 -0.2204
vn 0.7368 -0.1712 -0.6541
vn 0.6406 -0.2773 -0.7161
vn -0.7253 0.6836 -0.0816
vn 0.3523 0.1790 0.9186
vn 0.4955 -0.0130 0.8685
vn -0.6259 0.7069 0.3296
vn -0.8852 0.3938 0.2476
vn -0.5079 -0.1039 0.8552
vn 0.6272 0.3453 -0.6982
vn 0.8727 0.4804 0.0873
vn 0.8271 0.0630 -0.5585
vn -0.1429 0.6083 0.7807
vn -0.1852 0.3345 0.9240
vn -0.9360 0.2402 0.2574
vn -0.5370 0.4025 0.7414
vn -0.8345 0.2448 0.4936
vn -0.5197 0.4815 0.7057
vn -0.0107 0.4272 0.9041
vn 0.0179 0.4706 0.8822
vn -0.7971 0.4205 0.4335
vn -0.4606 0.3947 -0.7951
vn -0.2004 -0.4128 -0.8885
vn -0.1927 0.3819 0.9039
vn -0.6139 -0.4314 -0.6611
vn -0.0578 -0.6354 -0.7700
vn -0.1772 -0.0150 -0.9841
vn -0.3989 0.0465 0.9158
vn -0.4528 -0.3673 -0.8124
vn -0.0036 -0.3710 -0.9286
vn 0.3462 0.4275 -0.8351
vn 0.5076 -0.8594 -0.0608
vn 0.1664 -0.9859 0.0170
vn 0.3115 0.8349 0.4538
vn -0.5771 -0.2652 0.7725
vn -0.5329 -0.3823 0.7549
vn 0.0099 0.9679 0.2512
vn 0.0370 -0.1326 0.9905
vn -0.0914 -0.9876 -0.1276
vn -0.4593 0.3454 0.8184
vn -0.7896 0.4175 -0.4497
vn 0.7666 0.5636 -0.3077
vn 0.6797 0.4758 -0.5582
vn 0.5822 0.4151 -0.6991
vn 0.8027 0.1828 -0.5676
vn -0.5063 0.1157 0.8546
vn 0.2308 0.1027 -0.9676
vn -0.6746 0.6108 -0.4146
vn -0.9209 0.2454 -0.3030
vn 0.2178 0.2261 -0.9494
vn 0.3316 -0.5023 -0.7986
vn 0.1997 0.7213 -0.6632
vn 0.2056 -0.6149 -0.7613
vn -0.8871 0.0400 -0.4599
vn -0.0702 -0.9161 -0.3947
vn -0.9318 0.0677 0.3565
vn 0.1263 -0.9578 -0.2581
vn -0.9909 0.0891 0.1006
vn -0.7778 -0.0503 0.6265
vn -0.6007 -0.0160 0.7993
vn 0.6325 -0.0572 -0.7725
vn -0.4687 0.8833 0.0120
vn 0.4743 0.3300 0.8162
vn 0.7068 0.7046 -0.0637
vn -0.9075 -0.0817 -0.4119
vn 0.3796 -0.8792 -0.2881
vn -0.2157 -0.0703 0.9739
vn -0.7634 0.6114 -0.2083
vn -0.6124 0.7270 -0.3105
vn -0.6908 0.7084 0.1449
vn -0.6099 0.6939 0.3828
vn 0.6474 0.0353 -0.7614
vn -0.5982 -0.1901 0.7785
vn -0.8989 0.2406 0.3661
vn 0.0662 -0.2734 -0.9596
vn -0.5766 -0.4507 0.6815
vn 0.4606 -0.2626 -0.8479
vn 0.6949 -0.2846 -0.6604
vn -0.5032 0.4825 0.7169
vn -0.4361 0.4648 0.7706
vn 0.2357 0.4348 0.8692
vn -0.9757 0.2013 -0.0869
vn -0.0089 -0.5607 -0.8279
vn -0.4244 0.8997 0.1025
vn -0.3834 -0.3105 -0.8698
vn 0.1572 -0.9337 0.3217
vn -0.3753 0.9214 -0.1007
vn 0.6427 -0.0596 0.7638
vn 0.8336 -0.1874 0.5195
vn -0.2842 0.9440 -0.1677
vn 0.2193 0.9534 -0.2073
vn -0.6974 0.5546 -0.4540
vn -0.6326 0.7465 -0.2063
vn -0.7325 -0.0306 0.6801
vn -0.5668 0.3367 0.7519
vn -0.5128 0.4397 0.7373
vn -0.8213 0.5008 -0.2732
vn 0.5946 0.4750 -0.6488
vn 0.2104 -0.2524 -0.9445
vn 0.0791 0.9949 -0.0618
vn 0.0163 0.4416 0.8971
vn -0.4282 0.8842 0.1863
vn 0.3294 -0.5902 -0.7370
vn -0.7703 0.2809 -0.5725
vn 0.5137 -0.2432 -0.8228
vn 0.6547 -0.2615 -0.7092
vn 0.3599 0.1551 0.9200
vn -0.7499 0.6460 0.1427
vn -0.6682 0.7238 0.1720
vn -0.6309 0.7133 0.3054
vn -0.1680 -0.9857 -0.0116
vn -0.8109 0.4365 -0.3897
vn -0.4475 0.5386 -0.7139
vn -0.5644 0.5131 -0.6466
vn 0.3551 -0.2870 -0.8897
vn 0.1918 -0.6227 -0.7586
vn -0.1939 0.5730 0.7963
vn -0.1884 0.4326 0.8817
vn -0.5414 -0.8302 0.1329
vn -0.9800 -0.1898 0.0602
vn -0.8203 0.3938 -0.4148
vn 0.0819 0.3527 0.9321
vn 0.0177 -0.9646 0.2633
vn 0.5519 0.5216 -0.6507
vn 0.7737 -0.1772 -0.6082
vn 0.6880 -0.3862 -0.6144
vn 0.7671 -0.3260 -0.5526
vn 0.2220 0.7218 -0.6555
vn -0.4089 0.6853 -0.6027
vn -0.4025 0.2880 -0.8689
vn -0.4745 0.7190 -0.5078
vn -0.6280 0.6964 -0.3473
vn -0.7330 0.4646 0.4969
vn 0.3203 -0.5883 -0.7425
vn 0.8747 0.4357 0.2123
vn 0.7695 0.5170 -0.3751
vn 0.7194 0.5202 -0.4603
vn 0.6719 -0.5548 0.4907
vn -0.1654 -0.4783 -0.8625
vn -0.6421 -0.4305 -0.6344
vn 0.9517 0.1912 0.2401
vn -0.0828 -0.0822 -0.9932
vn 0.4106 0.8036 -0.4310
vn -0.0530 -0.8921 -0.4488
vn -0.0440 -0.8746 -0.4828
vn 0.0082 -0.9999 0.0119
vn 0.3576 -0.9246 -0.1311
vn -0.8414 -0.4752 0.2574
vn -0.8826 -0.4666 0.0573
vn -0.4797 0.3534 0.8031
vn 0.5312 0.6823 -0.5022
vn 0.5331 0.1640 -0.8300
vn 0.2824 0.5836 -0.7613
vn 0.6656 0.6162 -0.4209
vn 0.4414 -0.3473 0.8274
vn -0.1824 -0.4784 -0.8590
vn -0.0928 -0.8859 -0.4544
vn -0.4041 0.9126 -0.0621
vn 0.3725 0.5205 -0.7683
vn -0.7263 -0.4577 0.5128
vn 0.3052 0.8414 0.4460
vn 0.2537 0.1992 -0.9465
vn -0.8442 0.3673 0.3903
vn -0.5431 0.0781 0.8361
vn -0.8382 -0.0450 0.5435
vn 0.8724 0.4746 0.1171
vn 0.1202 -0.1442 0.9822
vn -0.6323 -0.5721 -0.5224
vn -0.1657 -0.9792 0.1174
vn -0.7453 -0.5125 0.4264
vn -0.7442 -0.1259 -0.6560
vn -0.7722 0.0543 -0.6331
vn -0.5726 0.5867 0.5726
vn 0.5850 -0.3008 0.7532
vn 0.7530 -0.1951 -0.6284
vn 0.9233 0.3093 -0.2278
vn 0.8180 -0.5337 0.2145
vn -0.2442 0.9041 0.3505
vn -0.7929 0.6063 -0.0603
vn -0.6199 -0.7846 -0.0035
vn 0.3293 -0.9127 -0.2420
vn -0.6038 0.7664 0.2193
vn -0.1265 0.3653 0.9223
vn -0.1598 0.3819 -0.9103
vn -0.7200 0.5784 -0.3835
vn 0.5344 0.0886 0.8406
vn -0.5069 0.8169 0.2753
vn -0.9768 0.0076 -0.2139
vn -0.7267 0.6755 -0.1252
vn 0.4789 0.0663 0.8754
vn -0.5648 -0.8244 -0.0384
vn -0.4433 0.8862 0.1346
vn 0.8943 0.4365 0.0981
vn -0.1563 0.5640 0.8108
vn -0.1875 0.4344 0.8810
vn -0.2320 0.4493 0.8627
vn 0.2778 -0.6077 -0.7440
vn -0.3523 -0.6291 -0.6929
vn -0.0007 0.0439 -0.9990
vn -0.2837 0.2807 -0.9169
vn -0.7860 0.6181 0.0162
vn 0.1292 0.2030 -0.9706
vn -0.3942 0.5481 0.7377
vn -0.7626 0.6092 0.2177
vn 0.7971 0.4802 -0.3662
vn 0.7808 -0.2261 -0.5824
vn -0.5547 0.8123 0.1803
vn 0.9517 -0.3014 0.0581
vn 0.9723 -0.0067 0.2336
vn 0.6997 0.5373 -0.4709
vn -0.9894 0.1379 -0.0465
vn -0.4900 0.2688 0.8293
vn -0.5411 0.7695 -0.3393
vn 0.5835 0.5807 -0.5677
vn -0.4852 0.2818 0.8277
vn 0.3536 0.7953 -0.4924
vn -0.5929 0.8033 0.0564
vn 0.7802 -0.6239 -0.0459
vn 0.3931 0.8942 -0.2142
vn 0.2792 0.6896 -0.6682
vn -0.0201 0.7098 -0.7041
vn -0.3666 0.4210 0.8296
vn -0.7927 0.6088 -0.0297
vn -0.5347 0.8277 0.1703
vn 0.9692 0.1160 0.2172
vn 0.5163 0.3480 -0.7825
vn 0.5341 0.7729 -0.3426
vn -0.1013 0.6616 0.7430
vn 0.5304 -0.3603 0.7674
vn -0.4761 0.8696 0.1306
vn -0.4755 0.8212 0.3156
vn -0.1784 0.4115 -0.8938
vn 0.2601 -0.4152 -0.8718
vn 0.1757 -0.6565 -0.7336
vn -0.0817 0.9960 0.0366
vn 0.2324 0.9715 0.0474
vn 0.3143 0.2849 -0.9056
vn -0.7765 -0.2702 -0.5693
vn -0.0440 -0.9375 -0.3451
vn 0.5141 0.0499 0.8563
vn -0.8596 -0.4470 -0.2477
vn 0.1258 -0.1987 0.9720
vn -0.6205 0.7292 0.2886
vn -0.3809 0.9040 0.1943
vn 0.1049 -0.9549 0.2776
vn 0.4726 0.5041 -0.7229
vn -0.1180 -0.4973 -0.8595
vn 0.1555 -0.4484 -0.8802
vn 0.4429 0.4672 -0.7653
vn -0.4565 0.3244 0.8284
vn -0.7270 0.0533 0.6845
vn -0.6347 0.0297 0.7722
vn 0.3163 0.3690 -0.8740
vn -0.0662 0.9843 0.1638
vn 0.4756 0.3707 -0.7977
vn 0.1318 0.2112 -0.9685
vn -0.4940 0.3819 0.7811
vn 0.7301 0.2942 -0.6167
vn -0.9061 0.1720 0.3865
vn 0.4481 -0.5239 -0.7244
vn -0.1735 0.9678 0.1824
vn 0.6864 0.1798 0.7046
vn 0.2592 0.8094 -0.5270
vn 0.7124 0.0074 0.7017
vn 0.4347 -0.5500 0.7131
vn -0.5400 0.4379 -0.7187
vn -0.4917 0.3550 -0.7951
vn -0.5701 0.5984 -0.5630
vn 0.8479 -0.0206 -0.5298
vn 0.8066 -0.3905 -0.4437
vn 0.8377 -0.4771 0.2657
vn 0.7075 -0.4707 0.5271
vn 0.0804 -0.4664 0.8809
vn 0.7486 0.0769 -0.6585
vn -0.0735 -0.8602 -0.5047
vn -0.7259 0.0984 -0.6807
vn -0.0770 -0.7365 0.6720
vn -0.4700 0.5838 -0.6620
vn -0.5026 0.8644 0.0096
vn -0.4080 0.3971 -0.8221
vn -0.3434 0.1131 -0.9324
vn 0.8900 0.2237 0.3974
vn -0.4087 0.9101 -0.0688
vn 0.0417 -0.9158 0.3995
vn -0.4632 -0.4148 -0.7832
vn -0.0245 -0.3923 -0.9195
vn 0.3142 0.3146 -0.8957
vn 0.1207 0.7166 -0.6870
vn -0.6525 -0.5438 -0.5278
vn 0.0400 0.9033 0.4272
vn 0.6279 0.5656 0.5346
vn 0.7442 0.5403 -0.3928
vn -0.6189 -0.4192 -0.6642
vn 0.8988 0.2549 0.3566
vn 0.8363 -0.0019 -0.5483
vn 0.3597 -0.6402 -0.6788
vn -0.3032 0.5816 -0.7548
vn 0.8391 0.3365 -0.4274
vn 0.7967 0.4906 -0.3529
vn 0.0205 0.3086 -0.9510
vn 0.6700 0.4158 -0.6150
vn 0.5902 0.7158 -0.3732
vn -0.9248 0.0835 -0.3713
vn 0.6656 -0.0797 -0.7420
vn 0.8690 -0.2761 -0.4106
vn -0.6198 0.0395 0.7837
vn 0.8912 0.2857 0.3524
vn -0.7232 0.5703 -0.3895
vn 0.8961 0.4166 -0.1533
vn 0.8961 -0.3835 -0.2236
vn 0.8889 -0.1847 -0.4193
vn -0.3052 0.4138 0.8577
vn 0.3184 0.7331 -0.6009
vn -0.6954 -0.0650 0.7156
vn -0.6705 -0.0361 0.7410
vn 0.9034 0.2084 -0.3747
vn 0.4346 -0.2921 -0.8519
vn 0.9850 -0.1700 -0.0305
vn -0.2812 -0.0900 -0.9554
vn -0.1300 -0.5548 -0.8218
vn -0.8052 0.2702 -0.5279
vn 0.4656 -0.0619 0.8828
vn 0.7472 0.4925 -0.4463
vn 0.6174 -0.6593 -0.4292
vn -0.0646 -0.8965 -0.4383
vn 0.7350 0.2583 -0.6269
vn -0.1165 -0.7619 -0.6372
vn -0.2206 -0.5363 -0.8147
vn -0.6335 0.6550 -0.4119
vn 0.2222 -0.9693 -0.1053
vn -0.8924 0.1429 -0.4279
vn -0.8505 0.2125 -0.4811
vn -0.8599 0.5101 -0.0186
vn 0.4088 -0.0878 0.9084
vn 0.8903 0.4504 -0.0663
vn 0.5376 -0.3335 -0.7744
vn 0.5690 -0.3288 -0.7537
vn -0.5853 0.7504 -0.3072
vn 0.4259 0.1819 -0.8863
vn 0.4546 0.3143 -0.8334
vn 0.3235 0.9030 0.2827
vn 0.4702 0.8806 0.0590
vn -0.6772 0.2317 0.6983
vn 0.2572 0.6602 -0.7057
vn 0.7931 0.4993 -0.3489
vn 0.4167 -0.5935 -0.6886
vn -0.0544 -0.9036 -0.4249
vn -0.0057 -0.5734 -0.8193
vn 0.1294 -0.5384 -0.8327
vn -0.8612 -0.5018 -0.0809
vn -0.0013 0.8687 0.4953
vn -0.7809 0.6171 0.0970
vn -0.8179 0.0052 0.5753
vn 0.2027 -0.9785 -0.0371
vn 0.1543 0.1642 0.9743
vn 0.0102 0.4739 0.8805
vn 0.3473 -0.6077 -0.7142
vn 0.7002 0.4929 -0.5164
vn -0.1759 -0.1639 -0.9707
vn -0.1911 0.3826 -0.9039
vn 0.4427 0.4687 -0.7644
vn 0.3472 0.6894 -0.6357
vn 0.7482 0.6069 0.2680
vn 0.9289 0.0501 -0.3670
vn 0.8921 -0.1735 -0.4173
vn 0.7321 -0.3816 -0.5643
vn -0.5751 0.2311 -0.7847
vn 0.1772 -0.3465 -0.9212
vn -0.7902 0.4223 0.4441
vn -0.6495 0.6416 0.4080
vn -0.2946 0.7524 0.5891
vn -0.6814 0.5319 0.5028
vn -0.8401 0.0582 -0.5392
vn 0.3900 0.3425 0.8548
vn -0.6302 -0.4048 -0.6625
vn -0.6879 0.0649 0.7229
vn -0.6586 0.0108 0.7524
vn -0.4651 -0.2539 -0.8480
vn 0.3716 -0.4894 -0.7890
vn 0.8548 -0.4480 -0.2620
vn 0.3899 -0.9116 -0.1303
vn 0.2787 0.9600 -0.0261
vn 0.7326 0.6549 -0.1856
vn -0.2471 0.9649 0.0892
vn -0.1209 -0.4651 -0.8770
vn 0.7631 -0.3298 0.5559
vn 0.8854 0.4434 -0.1396
vn -0.3803 0.8922 0.2435
vn -0.4341 0.8940 0.1112
vn -0.9446 -0.2341 -0.2301
vn 0.7330 -0.2434 0.6352
vn -0.6389 -0.1654 -0.7513
vn 0.6616 -0.2343 -0.7123
vn 0.7990 0.1711 -0.5764
vn 0.7804 0.2065 -0.5903
vn -0.0373 -0.3993 -0.9161
vn -0.5557 -0.4119 -0.7221
vn -0.4606 0.5761 0.6752
vn -0.8372 -0.5441 -0.0556
vn 0.1201 0.6648 -0.7373
vn -0.3168 -0.8693 -0.3793
vn -0.5609 -0.8239 -0.0812
vn 0.0274 -0.5158 -0.8562
vn -0.2528 -0.4202 -0.8715
vn 0.2162 0.9759 -0.0309
vn 0.9627 -0.2275 -0.1467
vn -0.4045 0.9039 -0.1393
vn 0.4188 0.5059 -0.7541
vn 0.4167 0.8547 -0.3094
vn 0.2631 0.8185 -0.5107
vn 0.6245 0.6723 -0.3974
vn -0.6200 -0.4220 -0.6615
vn -0.6164 -0.4357 -0.6560
vn -0.0187 -0.4803 -0.8769
vn -0.7107 0.0457 0.7020
vn -0.5462 0.0689 0.8348
vn -0.2276 -0.8634 0.4503
vn 0.6689 -0.2476 -0.7009
vn 0.2387 0.8532 -0.4638
vn -0.3965 0.8537 -0.3375
vn -0.0798 0.4542 0.8873
vn -0.8994 0.2618 0.3501
vn -0.1324 -0.1891 0.9730
vn -0.0780 0.6026 0.7942
vn 0.5090 0.3892 -0.7677
vn 0.6256 0.3769 -0.6830
vn 0.8109 0.5670 -0.1449
vn 0.6688 0.7078 0.2275
vn -0.8520 0.5228 -0.0282
vn -0.2750 -0.7484 -0.6035
vn -0.2351 -0.6605 -0.7131
vn -0.3195 -0.3667 -0.8737
vn -0.7970 -0.5594 0.2278
vn 0.7825 0.1685 0.5994
vn -0.1194 0.4037 0.9071
vn -0.1226 -0.9909 0.0556
vn -0.6369 -0.4088 -0.6536
vn -0.6939 -0.1543 0.7034
vn 0.5796 -0.2215 -0.7842
vn -0.5605 0.5888 -0.5824
vn -0.9363 0.3509 0.0128
vn 0.2941 -0.5457 -0.7846
vn 0.7024 -0.1770 -0.6894
vn 0.0691 -0.8187 0.5700
vn 0.7540 0.6385 -0.1542
vn -0.3598 0.9313 -0.0567
vn -0.4007 0.9096 -0.1101
vn 0.8134 0.5770 0.0736
vn 0.7638 -0.2690 -0.5867
vn 0.0209 -0.5884 -0.8083
vn 0.8625 -0.2619 -0.4331
vn -0.1040 -0.7061 -0.7004
vn 0.3721 -0.0546 0.9266
vn 0.5148 0.7972 0.3153
vn 0.0067 -0.7633 -0.6460
vn 0.2311 -0.5195 -0.8226
vn 0.4282 -0.4457 -0.7861
vn 0.4857 0.4899 0.7240
vn -0.2723 -0.5021 -0.8208
vn -0.3606 -0.5322 -0.7660
vn 0.9185 0.0638 -0.3902
vn 0.7327 0.5138 0.4462
vn -0.5894 0.7708 0.2418
vn -0.0057 -0.7190 0.6950
vn 0.2866 0.3263 -0.9008
vn -0.4234 0.9023 0.0817
vn -0.8491 0.5268 -0.0400
vn -0.5567 0.3992 0.7285
vn -0.9246 0.3277 -0.1944
vn -0.7186 0.0666 0.6923
vn 0.3859 -0.6369 -0.6674
vn 0.7651 0.3693 0.5274
vn -0.3757 -0.9206 -0.1060
vn 0.5282 0.4102 -0.7435
vn 0.9564 0.0962 -0.2759
vn 0.9039 0.3256 0.2775
vn -0.4801 -0.3642 0.7980
vn 0.5013 -0.6760 -0.5401
vn -0.3335 0.8989 -0.2840
vn -0.5632 0.6464 -0.5148
vn -0.5459 -0.6609 -0.5150
vn -0.3569 -0.8825 -0.3062
vn 0.0736 -0.2842 -0.9559
vn 0.2150 -0.4253 -0.8791
vn -0.6686 0.6560 0.3501
vn 0.6684 0.7359 0.1079
vn -0.2326 -0.0605 0.9707
vn 0.7308 0.5251 -0.4362
vn 0.3689 0.8648 -0.3406
vn 0.5040 0.7559 -0.4179
vn 0.3316 -0.5698 -0.7519
vn 0.8391 0.3883 -0.3810
vn -0.6257 -0.4568 -0.6324
vn -0.4278 -0.1528 -0.8909
vn -0.4929 -0.4189 -0.7626
vn -0.2122 -0.3708 0.9041
vn 0.1818 0.3329 0.9253
vn -0.9631 -0.2672 -0.0327
vn 0.1326 0.8491 -0.5114
vn 0.0177 0.4639 -0.8857
vn -0.5954 0.7910 0.1409
vn 0.0332 -0.0604 0.9976
vn 0.4223 -0.6195 0.6618
vn 0.9328 0.0039 0.3604
vn 0.5557 -0.4671 0.6878
vn -0.5023 0.8483 -0.1676
vn -0.7302 0.6821 -0.0399
vn -0.4501 0.2228 -0.8647
vn 0.4591 0.6690 -0.5845
vn 0.8034 -0.0082 -0.5954
vn 0.3361 0.2291 -0.9135
vn 0.9241 0.2912 0.2473
vn -0.1608 -0.3590 0.9194
vn 0.6812 -0.2873 -0.6734
vn 0.2250 0.8472 0.4812
vn 0.4524 0.5365 0.7124
vn 0.5814 -0.6415 -0.5004
vn 0.7544 -0.6199 -0.2160
vn 0.6471 -0.6244 -0.4374
vn 0.5961 0.2936 -0.7473
vn 0.4495 0.2735 -0.8504
vn -0.5972 -0.0871 0.7974
vn 0.4215 0.9048 -0.0613
vn 0.2471 -0.5580 -0.7922
vn 0.0654 -0.4135 -0.9082
vn 0.2849 -0.6791 -0.6765
vn 0.4323 0.5415 0.7210
vn 0.2605 -0.6652 -0.6998
vn -0.3381 -0.9096 -0.2414
vn 0.2603 -0.8551 -0.4484
vn 0.0501 -0.9763 -0.2105
vn -0.4202 0.8975 -0.1335
vn -0.3663 0.0144 -0.9304
vn 0.9104 0.3318 0.2473
vn 0.0416 0.8028 -0.5947
vn -0.1968 -0.8803 0.4316
vn 0.7881 0.4887 -0.3743
vn -0.9862 0.0753 -0.1476
vn 0.1435 0.4136 -0.8991
vn -0.7347 0.4737 -0.4856
vn -0.6678 0.6526 -0.3581
vn -0.6960 0.7063 -0.1294
vn -0.7845 0.1745 -0.5951
vn -0.8833 0.4235 -0.2010
vn -0.4082 0.8227 0.3957
vn -0.7276 0.3802 -0.5710
vn -0.3269 -0.4353 -0.8388
vn 0.7554 0.6155 0.2247
vn -0.3907 0.4632 0.7955
vn -0.3547 0.5446 0.7600
vn -0.2118 0.4940 0.8433
vn 0.2137 0.8364 -0.5048
vn 0.5492 0.2530 -0.7965
vn 0.3713 0.1883 -0.9092
vn 0.1078 0.2247 -0.9684
vn -0.5856 -0.4892 0.6464
vn 0.7642 -0.4340 -0.4770
vn -0.0801 -0.4874 -0.8695
vn -0.8380 0.4679 0.2809
vn -0.3865 0.5019 0.7737
vn -0.3751 0.5057 0.7769
vn -0.8574 -0.4844 0.1741
vn -0.2004 -0.9285 -0.3125
vn 0.0108 0.6027 0.7979
vn 0.6800 0.4804 -0.5539
vn 0.7526 0.4535 -0.4774
vn -0.5578 0.4724 0.6824
vn 0.9158 0.3244 0.2367
vn 0.9231 0.3063 0.2324
vn 0.5688 -0.3195 -0.7579
vn 0.4164 -0.3712 0.8300
vn 0.2956 0.7253 -0.6218
vn -0.5564 0.6199 -0.5533
vn -0.9851 0.1468 -0.0899
vn 0.6348 -0.7403 -0.2214
vn -0.8465 0.3089 -0.4336
vn 0.0764 0.1650 -0.9833
vn -0.8508 0.1507 -0.5034
vn -0.8049 -0.3958 -0.4421
vn 0.8818 0.4562 -0.1197
vn 0.9095 0.4052 -0.0928
vn 0.2308 0.2441 -0.9419
vn 0.4246 0.2027 -0.8824
vn 0.8106 0.2487 -0.5302
vn 0.6377 0.2554 -0.7267
vn 0.3941 0.1159 -0.9117
vn 0.0578 0.8309 -0.5534
vn 0.1655 0.5397 -0.8254
vn 0.1587 0.8692 0.4684
vn 0.0467 0.7589 0.6495
vn 0.9277 -0.1182 -0.3542
vn -0.7539 -0.3726 0.5411
vn -0.5015 0.8649 -0.0203
vn 0.8736 0.4481 -0.1901
vn -0.6307 0.4692 0.6182
vn -0.1292 0.6373 0.7597
vn 0.2141 -0.6320 -0.7448
vn -0.5611 0.5373 0.6297
vn -0.0611 -0.9537 -0.2946
vn -0.5410 -0.5035 -0.6737
vn 0.2645 0.0566 0.9627
vn 0.1488 0.7389 0.6572
vn 0.4851 0.2536 -0.8369
vn 0.5472 -0.6713 -0.5000
vn -0.2055 -0.2693 0.9409
vn -0.8022 0.2024 0.5617
vn -0.9881 0.0377 0.1493
vn -0.7181 -0.1301 0.6837
vn -0.2558 -0.7902 0.5569
vn -0.8992 -0.1741 0.4014
vn -0.4786 0.7920 0.3791
vn -0.6117 0.5734 -0.5451
vn -0.5908 0.2322 -0.7727
vn -0.8572 -0.4293 -0.2844
vn -0.2262 -0.3176 -0.9208
vn -0.2891 -0.5565 -0.7789
vn -0.5337 0.8456 0.0038
vn -0.3156 -0.1504 -0.9369
vn -0.1838 0.4689 0.8639
vn -0.0875 0.4908 0.8669
vn 0.2546 0.4758 -0.8419
vn 0.4174 0.5291 -0.7388
vn 0.8024 -0.3198 0.5039
vn -0.1652 0.6094 0.7755
vn -0.2118 0.8259 0.5226
vn -0.4410 -0.8970 -0.0300
vn -0.3196 -0.9440 -0.0817
vn 0.9169 0.3122 0.2485
vn 0.9082 0.3384 0.2462
vn -0.5486 0.2492 -0.7981
vn -0.8608 0.4520 -0.2340
vn -0.7383 0.5216 -0.4275
vn -0.8883 0.4369 -0.1419
vn 0.4964 -0.4321 -0.7530
vn 0.5117 -0.3825 -0.7693
vn -0.3160 0.3007 0.8998
vn -0.3515 0.3952 0.8487
vn -0.3649 0.5072 0.7807
vn 0.0066 0.3759 -0.9266
vn 0.3592 0.1437 -0.9221
vn 0.7620 0.0486 -0.6457
vn -0.4235 0.4053 0.8102
vn 0.1838 -0.6061 -0.7739
vn -0.0752 -0.9957 0.0546
vn 0.3686 -0.8560 -0.3624
vn -0.0872 0.3326 -0.9390
vn 0.6571 0.2301 0.7179
vn 0.1954 0.9440 -0.2660
vn -0.1498 0.0344 0.9881
vn 0.9178 0.3417 0.2023
vn -0.1692 0.2413 -0.9556
vn 0.0876 -0.5711 -0.8162
vn 0.7918 0.5343 0.2960
vn 0.3144 0.7979 -0.5143
vn 0.3427 0.8290 -0.4419
vn 0.4591 -0.2485 -0.8529
vn -0.2258 -0.5692 -0.7906
vn 0.0909 0.9903 -0.1046
vn -0.5446 -0.6646 -0.5116
vn 0.9082 0.0215 0.4179
vn 0.4447 -0.3477 -0.8254
vn 0.7734 0.6217 -0.1241
vn 0.6210 0.7833 0.0271
vn -0.4764 0.8758 0.0776
vn -0.3885 0.3803 -0.8393
vn -0.2913 0.6076 -0.7389
vn 0.6374 0.6701 -0.3804
vn 0.0554 -0.4098 -0.9105
vn 0.3287 0.7094 -0.6234
vn 0.6070 0.4389 -0.6626
vn -0.5099 0.6934 -0.5091
vn 0.8024 0.2687 0.5328
vn -0.9230 0.3737 -0.0920
vn 0.0979 -0.4506 -0.8873
vn 0.3205 -0.6542 -0.6850
vn 0.8690 -0.1904 -0.4568
vn 0.5684 0.6593 -0.4922
vn -0.7290 -0.1220 0.6736
vn -0.5264 0.8500 -0.0188
vn 0.0843 0.9157 -0.3930
vn 0.0589 -0.3560 -0.9326
vn 0.2642 -0.5685 -0.7791
vn 0.3218 0.1081 -0.9406
vn 0.1259 0.0879 -0.9881
vn -0.3858 0.1890 0.9030
vn -0.6183 0.7404 0.2636
vn 0.7847 0.5486 0.2884
vn 0.0620 -0.1078 0.9922
vn -0.3725 0.5075 0.7770
vn 0.5099 0.8383 -0.1929
vn 0.9142 0.3661 0.1737
vn 0.7998 0.5061 0.3226
vn 0.9191 0.3224 0.2266
vn 0.9144 0.3310 0.2331
vn 0.2245 -0.3279 0.9177
vn -0.6865 0.0678 0.7240
vn -0.5025 0.7729 0.3875
vn -0.6115 0.7861 -0.0906
vn -0.6639 0.6256 -0.4096
vn -0.3444 0.6189 -0.7059
vn 0.3048 -0.9492 0.0778
vn -0.2398 0.4455 0.8626
vn -0.5191 0.6345 -0.5726
vn -0.4455 0.7714 0.4544
vn 0.1944 -0.1920 0.9619
vn 0.1235 -0.9273 -0.3534
vn -0.7113 -0.1182 0.6929
vn 0.3854 0.5722 -0.7239
vn -0.0184 -0.9485 0.3161
vn 0.2013 0.7843 -0.5868
vn 0.4620 0.7491 -0.4747
vn -0.6793 -0.0728 0.7303
vn -0.9752 -0.1978 -0.0996
vn -0.2098 0.9066 -0.3662
vn -0.3719 0.1512 -0.9159
vn -0.1733 -0.7407 -0.6491
vn 0.7059 0.2786 -0.6513
vn -0.0485 -0.8906 -0.4522
vn -0.2733 -0.9557 -0.1091
vn -0.5551 -0.3674 0.7462
vn -0.0361 -0.3718 0.9276
vn 0.4968 0.8365 -0.2311
vn -0.6410 0.1026 -0.7607
vn 0.7743 0.6101 -0.1680
vn 0.7577 0.6192 -0.2062
vn 0.7483 -0.2361 -0.6200
vn 0.6862 0.6332 -0.3580
vn -0.8644 0.3980 -0.3071
vn -0.7314 0.6807 -0.0420
vn 0.9406 -0.1822 -0.2865
vn -0.2825 -0.9349 -0.2149
vn -0.5266 -0.8500 0.0160
vn 0.4912 -0.3949 -0.7764
vn -0.9161 0.2085 -0.3426
vn 0.8144 0.5793 -0.0345
vn 0.9070 0.3552 0.2263
vn -0.5317 -0.3687 -0.7625
vn 0.4273 -0.0952 0.8991
vn 0.7804 -0.5875 0.2138
vn 0.8388 -0.5407 0.0641
vn 0.0588 0.4460 0.8931
vn 0.0700 0.4435 0.8935
vn 0.0664 0.4350 0.8980
vn 0.0666 0.4388 0.8961
vn -0.6608 -0.7425 -0.1095
vn -0.9826 -0.1834 -0.0277
vn 0.1012 0.4191 0.9023
vn 0.6652 0.6804 -0.3077
vn -0.1776 -0.9833 -0.0408
vn 0.8971 0.4223 0.1300
vn -0.2046 0.2762 0.9391
vn -0.1993 0.4375 0.8769
vn -0.3427 0.0341 0.9388
vn 0.6673 0.6435 -0.3750
vn 0.1272 0.4568 -0.8804
vn -0.0223 -0.9927 0.1182
vn -0.8960 0.4032 -0.1862
vn -0.6585 0.1737 0.7323
vn 0.8694 -0.4852 -0.0933
vn 0.2596 -0.6207 -0.7398
vn 0.1966 -0.6011 -0.7746
vn 0.7547 -0.1576 0.6369
vn -0.4330 0.5103 0.7430
vn -0.5592 -0.1041 0.8225
vn -0.8514 0.1658 -0.4977
vn -0.0550 0.9970 -0.0541
vn 0.5522 0.6795 -0.4831
vn -0.5189 0.2908 -0.8038
vn -0.0232 -0.6365 -0.7710
vn -0.0218 0.4197 0.9074
vn -0.0563 -0.7208 0.6909
vn -0.4481 -0.4960 0.7438
vn 0.1972 -0.3541 0.9142
vn 0.3213 0.9318 0.1687
vn 0.9097 0.3315 0.2500
vn 0.8676 0.1168 0.4833
vn 0.8749 0.2510 0.4141
vn 0.8471 0.2412 0.4735
vn 0.2257 -0.6119 0.7580
vn 0.6548 0.6811 -0.3277
vn 0.6819 0.7135 -0.1611
vn 0.6849 0.6327 -0.3613
vn -0.6422 0.0919 0.7610
vn -0.0829 0.9874 -0.1345
vn 0.4213 0.7686 -0.4815
vn -0.6292 0.1014 -0.7706
vn -0.6887 0.0505 -0.7233
vn 0.7566 -0.2437 -0.6068
vn 0.4443 0.8959 0.0088
vn 0.2806 0.9595 0.0228
vn 0.7399 0.6465 -0.1859
vn -0.8763 0.4817 -0.0047
vn 0.7442 -0.1540 -0.6500
vn 0.6475 0.6223 -0.4400
vn 0.9031 0.3530 0.2447
vn 0.9145 0.3218 0.2453
vn -0.1133 0.5571 0.8227
vn 0.1525 0.4756 0.8664
vn 0.1859 0.4439 0.8766
vn -0.8098 -0.3620 0.4618
vn -0.0210 -0.7630 -0.6461
vn -0.0731 0.7091 -0.7013
vn -0.3752 0.8082 0.4539
vn -0.8665 0.4979 -0.0355
vn 0.1927 0.9408 -0.2788
vn 0.3395 0.9201 -0.1955
vn -0.5499 0.6248 -0.5543
vn 0.9162 0.3218 0.2387
vn 0.4518 -0.8899 -0.0626
vn 0.0517 -0.9986 0.0131
vn -0.1756 0.3828 0.9070
vn 0.3115 0.8491 -0.4266
vn 0.3510 0.8134 -0.4639
vn -0.2350 -0.7967 0.5569
vn 0.8452 0.4440 0.2975
vn -0.0166 0.4628 0.8863
vn 0.1695 0.8197 -0.5471
vn 0.7305 -0.2382 -0.6401
vn -0.3955 0.8871 0.2378
vn -0.0008 0.6695 -0.7428
vn 0.3632 0.7547 -0.5464
vn -0.6792 0.5981 0.4254
vn -0.6835 0.2455 0.6874
vn 0.6795 0.3052 -0.6672
vn 0.9384 0.3374 -0.0749
vn 0.4135 0.2264 -0.8819
vn 0.8095 0.3408 -0.4780
vn -0.0037 0.4197 0.9076
vn -0.4049 0.8682 -0.2869
vn 0.8839 0.2045 0.4206
vn -0.3876 -0.4545 -0.8020
vn -0.1119 0.9930 -0.0384
vn 0.1385 0.9341 -0.3289
vn -0.8420 0.4854 -0.2355
vn -0.7446 -0.6272 0.2284
vn -0.6726 -0.3732 0.6390
vn -0.9126 -0.3884 -0.1282
vn 0.1522 0.9435 0.2943
vn -0.7929 0.5776 0.1942
vn 0.5105 -0.3252 0.7960
vn 0.2137 0.2207 -0.9517
vn -0.1022 0.2444 -0.9643
vn 0.7601 0.4761 -0.4423
vn 0.7963 0.3925 -0.4602
vn -0.1032 -0.6337 -0.7667
vn 0.6044 0.6855 -0.4059
vn 0.1232 -0.2169 -0.9684
vn 0.2761 -0.2206 0.9355
vn -0.5028 0.3812 0.7758
vn -0.6279 0.6363 -0.4482
vn 0.0448 -0.1122 0.9927
vn -0.1945 -0.0845 0.9773
vn -0.8639 0.3142 0.3937
vn -0.9314 0.3393 -0.1320
vn -0.0714 -0.5806 -0.8111
vn 0.4251 -0.0168 0.9050
vn 0.4659 0.2486 -0.8492
vn 0.4378 0.0321 -0.8985
vn 0.1265 -0.6115 0.7810
vn 0.2172 -0.7754 0.5930
vn -0.8773 0.2645 0.4005
vn -0.3219 0.6163 -0.7187
vn 0.5393 0.4434 -0.7159
vn 0.1462 -0.9796 -0.1382
vn 0.5506 -0.3921 0.7370
vn 0.0587 -0.5300 0.8460
vn 0.2423 -0.7707 0.5893
vn 0.7829 0.5620 -0.2671
vn -0.8918 0.4524 0.0038
vn -0.6705 0.7140 0.2014
vn 0.9253 -0.1296 -0.3564
vn 0.9921 0.0071 -0.1254
vn 0.8237 0.0782 -0.5616
vn -0.5177 0.8551 0.0288
vn -0.7908 0.6120 -0.0066
vn -0.0579 -0.4113 -0.9097
vn -0.0209 -0.4498 -0.8929
vn -0.3557 -0.4137 -0.8380
vn -0.0438 -0.3986 -0.9161
vn -0.6526 0.7314 -0.1982
vn 0.5694 0.7306 0.3768
vn 0.7674 0.6123 -0.1903
vn -0.8127 0.0126 -0.5826
vn -0.5136 0.7859 -0.3443
vn 0.7964 0.1195 -0.5929
vn 0.9581 0.2563 0.1278
vn 0.4603 0.3098 -0.8319
vn 0.4456 0.6695 -0.5944
vn 0.8216 0.4157 0.3900
vn -0.6406 0.0571 0.7657
vn 0.4585 -0.4125 -0.7872
vn -0.2231 0.3877 0.8944
vn -0.2532 -0.9664 0.0449
vn -0.7501 -0.6337 0.1890
vn -0.4111 0.8967 -0.1643
vn -0.5834 -0.3834 -0.7160
vn -0.6087 -0.3875 -0.6924
vn -0.8813 0.2752 -0.3842
vn 0.3974 0.8309 -0.3896
vn 0.5531 0.8137 0.1786
vn 0.9817 0.0430 -0.1856
vn -0.1931 -0.4699 0.8614
vn 0.2331 0.8422 -0.4862
vn 0.1540 -0.8512 0.5018
vn 0.3098 0.8018 0.5110
vn -0.4354 0.3834 -0.8145
vn 0.1885 -0.6386 -0.7461
vn 0.3132 0.8752 -0.3686
vn -0.2114 0.9557 -0.2048
vn 0.9008 0.3682 0.2304
vn 0.8044 0.5808 -0.1246
vn 0.9095 0.1047 -0.4023
vn 0.6549 0.7449 0.1270
vn -0.6939 -0.1995 0.6919
vn -0.6970 -0.0397 0.7159
vn -0.6664 0.2520 0.7017
vn -0.8452 0.1306 0.5182
vn -0.8019 0.2513 0.5420
vn -0.4317 0.8706 -0.2361
vn -0.2211 0.7891 0.5731
vn -0.3983 0.4909 0.7748
vn -0.4361 0.8950 -0.0940
vn -0.0294 0.9989 0.0352
vn -0.1999 0.9798 -0.0066
vn 0.0160 0.6542 -0.7562
vn -0.9063 0.0576 0.4186
vn -0.4199 0.8783 0.2284
vn -0.6236 -0.3955 -0.6743
vn -0.5931 -0.3834 -0.7080
vn -0.5305 0.6531 -0.5404
vn 0.2618 -0.5819 -0.7700
vn -0.3033 -0.5450 -0.7816
vn -0.3646 0.9254 -0.1029
vn 0.8211 0.3840 -0.4222
vn -0.3655 0.9262 -0.0927
vn 0.2402 0.7030 -0.6694
vn -0.7200 0.0421 0.6927
vn 0.9749 0.2166 -0.0513
vn -0.2155 0.4662 0.8580
vn 0.8059 0.5324 0.2591
vn 0.7200 0.5811 0.3795
vn 0.1720 0.9808 -0.0923
vn 0.4219 -0.5475 0.7227
vn 0.1028 0.9120 -0.3970
vn -0.0248 -0.9436 0.3303
vn -0.4950 0.8055 0.3259
vn 0.2430 0.0615 0.9681
vn -0.3490 -0.6941 0.6297
vn 0.0652 0.2593 -0.9636
vn -0.6308 0.7250 -0.2765
vn -0.0061 -0.3396 -0.9405
vn -0.6951 0.0115 0.7188
vn 0.0897 0.1360 -0.9866
vn 0.3579 -0.6347 -0.6849
vn -0.8044 0.3867 -0.4511
vn -0.7868 0.6126 -0.0755
vn -0.0073 -0.0698 0.9975
vn 0.9208 0.3052 0.2429
vn 0.0006 0.7620 -0.6476
vn 0.5332 -0.3010 -0.7906
vn -0.9280 -0.3720 -0.0216
vn -0.6499 -0.5480 -0.5266
vn -0.4352 0.8896 -0.1386
vn -0.6657 0.7083 -0.2349
vn -0.5828 0.4581 -0.6712
vn -0.7080 0.5293 -0.4676
vn -0.7874 0.4321 -0.4396
vn -0.8756 0.4451 -0.1877
vn -0.5649 0.6780 -0.4702
vn -0.5878 0.2813 -0.7585
vn -0.5789 0.7352 0.3526
vn 0.3135 -0.0925 -0.9451
vn 0.8136 0.4829 0.3238
vn 0.7022 0.6004 -0.3826
vn 0.7084 0.5044 -0.4937
vn 0.3970 0.0932 -0.9131
vn 0.5133 0.7135 -0.4770
vn 0.0557 -0.1381 0.9889
vn -0.5418 0.6458 -0.5380
vn 0.7180 0.5104 -0.4732
vn -0.9300 -0.2545 -0.2653
vn -0.3603 0.5091 0.7817
vn 0.0724 0.5213 0.8503
vn -0.5426 0.3803 0.7489
vn 0.1333 0.8246 -0.5497
vn -0.0712 0.9237 -0.3765
vn 0.4588 0.7543 -0.4695
vn -0.4096 0.8811 0.2366
vn -0.4720 0.7720 0.4257
vn -0.4330 0.8902 0.1414
vn -0.7619 -0.1323 0.6340
vn -0.2173 -0.8653 0.4518
vn -0.9340 0.2809 0.2206
vn 0.3246 -0.7949 -0.5127
vn -0.2368 0.4808 0.8442
vn -0.3508 0.8802 0.3196
vn -0.0870 -0.7228 0.6856
vn -0.0288 -0.5753 0.8175
vn 0.0001 -0.9325 0.3612
vn -0.0311 -0.9717 0.2344
vn -0.8090 0.5749 0.1225
vn 0.4829 -0.5000 -0.7189
vn -0.3631 0.9017 0.2346
vn -0.2059 -0.0584 -0.9768
vn -0.1869 0.4803 -0.8569
vn -0.1294 -0.3635 -0.9226
vn -0.5294 0.7568 0.3833
vn 0.0504 -0.9525 0.3003
vn -0.7623 0.6201 0.1855
vn -0.5211 -0.6094 -0.5975
vn -0.6699 -0.3778 -0.6391
vn -0.5831 -0.4219 0.6943
vn 0.8350 0.4417 -0.3282
vn 0.4033 -0.1221 0.9069
vn -0.4856 0.5789 -0.6551
vn 0.9203 0.2956 0.2562
vn 0.2588 -0.3023 0.9174
vn 0.6141 -0.3409 -0.7118
vn -0.0785 -0.6138 -0.7855
vn 0.5198 -0.6612 -0.5409
vn 0.2652 0.4675 -0.8432
vn 0.8842 0.4016 -0.2385
vn 0.5535 -0.3553 -0.7533
vn -0.3896 0.4820 -0.7848
vn -0.1866 0.2115 -0.9594
vn 0.4884 0.2699 0.8298
vn 0.8441 -0.2150 0.4913
vn -0.0050 -1.0000 0.0008
vn 0.6372 0.6116 -0.4690
vn 0.6997 0.5426 -0.4647
vn 0.4864 0.6379 -0.5970
vn -0.2595 0.8501 -0.4582
vn 0.5638 0.4945 -0.6616
vn 0.4959 -0.2921 -0.8178
vn 0.3805 -0.1600 0.9108
vn 0.2387 -0.2367 0.9418
vn -0.7295 0.5521 -0.4038
vn 0.0989 -0.1523 0.9834
vn -0.1906 -0.1042 0.9761
vn -0.8740 0.4429 -0.1998
vn 0.6172 0.7329 -0.2863
vn 0.1191 0.0106 -0.9928
vn -0.1534 0.4931 -0.8564
vn -0.6642 -0.0756 0.7438
vn 0.7200 -0.1195 -0.6836
vn 0.1827 -0.7390 -0.6485
vn -0.3869 0.7945 0.4681
vn -0.6637 0.5117 -0.5456
vn -0.0240 -0.9903 -0.1366
vn -0.4002 0.9158 -0.0345
vn -0.2100 0.8429 0.4954
vn -0.4977 0.8658 0.0523
vn 0.7916 0.4806 0.3774
vn 0.5156 0.3589 -0.7780
vn -0.7130 -0.6868 -0.1412
vn 0.4367 0.0966 0.8944
vn 0.3864 -0.1993 0.9005
vn 0.3817 0.7979 -0.4665
vn -0.1371 0.6501 -0.7474
vn -0.0050 0.4724 0.8814
vn 0.4047 0.8238 -0.3969
vn 0.0640 -0.2413 -0.9683
vn -0.7598 0.6352 -0.1387
vn -0.1953 0.3235 0.9259
vn 0.6501 -0.6412 -0.4076
vn 0.6913 -0.6312 -0.3517
vn 0.6681 -0.1913 -0.7190
vn 0.4421 0.4851 -0.7545
vn 0.2723 0.4451 -0.8531
vn -0.6660 0.0703 0.7426
vn 0.4305 0.8974 -0.0966
vn -0.9729 0.0252 -0.2299
vn -0.4803 -0.2051 0.8528
vn 0.0416 -0.4153 -0.9087
vn 0.9261 0.3088 0.2166
vn -0.8811 0.4665 -0.0776
vn -0.7890 0.6048 -0.1078
vn 0.1927 -0.6030 -0.7741
vn 0.5614 0.7678 -0.3088
vn -0.0605 -0.9981 -0.0153
vn 0.9163 0.3247 0.2347
vn 0.9151 0.3294 0.2324
vn 0.5676 -0.7632 0.3087
vn -0.4098 -0.3733 0.8323
vn 0.4868 -0.6790 -0.5496
vn 0.0973 -0.0030 -0.9952
vn -0.8098 -0.4977 0.3106
vn 0.6515 -0.1707 -0.7392
vn 0.8994 0.2224 0.3764
vn 0.8529 0.3705 0.3679
vn 0.9280 0.2915 0.2322
vn 0.2786 -0.6132 -0.7392
vn 0.5437 0.6788 -0.4936
vn 0.6196 0.7651 -0.1753
vn 0.6304 0.7331 -0.2554
vn -0.3470 0.7038 0.6199
vn -0.9301 0.2340 0.2832
vn 0.9595 0.0853 0.2685
vn -0.2541 0.2233 -0.9410
vn -0.6579 0.5898 0.4683
vn -0.6591 0.3642 -0.6580
vn -0.5360 0.3468 -0.7697
vn -0.0780 -0.9424 0.3253
vn -0.2051 0.9485 -0.2416
vn 0.0661 0.9536 -0.2936
vn 0.8746 -0.4440 -0.1946
vn 0.9385 0.0207 -0.3447
vn -0.6514 0.2380 0.7205
vn 0.5749 0.8131 0.0921
vn 0.0809 0.9797 0.1836
vn -0.6870 0.6016 -0.4075
vn -0.7248 -0.0654 -0.6859
vn -0.3849 -0.9054 0.1791
vn 0.5562 -0.2127 -0.8033
vn -0.2619 0.9639 -0.0482
vn 0.3606 0.9327 -0.0017
vn -0.3161 0.5178 0.7950
vn -0.3616 0.9311 -0.0489
vn -0.4185 0.8899 -0.1816
vn 0.9103 0.2154 0.3535
vn 0.4650 0.8042 -0.3701
vn -0.8171 0.2597 -0.5147
vn -0.5537 0.0519 0.8311
vn 0.6035 -0.0427 -0.7962
vn 0.0725 0.0937 -0.9930
vn 0.5791 0.7205 0.3814
vn 0.6150 0.6413 0.4588
vn 0.4082 -0.0607 0.9109
vn -0.6581 -0.0913 0.7474
vn 0.2902 -0.9415 -0.1716
vn 0.3197 0.7040 -0.6341
vn 0.0376 -0.6563 -0.7535
vn -0.6023 0.6753 -0.4256
vn 0.9125 0.3940 0.1100
vn 0.6500 0.5825 -0.4879
vn 0.5360 0.1611 -0.8287
vn 0.4755 -0.1250 -0.8708
vn 0.4008 -0.1225 0.9080
vn -0.5722 0.6855 0.4502
vn 0.3455 0.8019 -0.4874
vn 0.9048 0.2331 0.3563
vn 0.6929 0.4283 0.5800
vn 0.7589 0.4193 0.4983
vn -0.4283 0.2271 0.8747
vn 0.3328 0.3207 -0.8868
vn -0.3579 0.9211 0.1534
vn -0.5155 0.8165 -0.2601
vn -0.8364 0.5479 0.0114
vn 0.9168 0.3303 0.2245
vn 0.0165 0.4094 0.9122
vn 0.4107 -0.5616 -0.7183
vn 0.3635 -0.6614 -0.6560
vn -0.1480 0.4237 0.8936
vn 0.2177 0.8124 -0.5409
vn 0.6917 0.4844 -0.5356
vn -0.5353 -0.2429 -0.8090
vn -0.4447 -0.7367 -0.5093
vn 0.7871 0.2959 0.5412
vn 0.4675 -0.4830 -0.7404
vn -0.9204 0.3293 -0.2106
vn 0.1831 -0.6045 -0.7752
vn 0.5416 0.7255 -0.4246
vn 0.5119 -0.8443 0.1586
vn -0.7623 -0.0827 0.6419
vn -0.6130 -0.7810 0.1194
vn -0.3300 -0.7491 -0.5745
vn -0.9130 0.3363 -0.2308
vn -0.8669 0.4168 -0.2734
vn -0.7390 0.5372 -0.4064
vn 0.2433 -0.6443 -0.7250
vn 0.4655 -0.0965 -0.8798
vn 0.3451 0.0617 -0.9365
vn -0.7728 0.5379 -0.3368
vn 0.6617 0.3243 -0.6760
vn 0.4454 0.5137 -0.7333
vn -0.8057 0.5877 -0.0741
vn -0.6650 0.7325 -0.1459
vn 0.3979 -0.5520 -0.7328
vn 0.4299 0.4151 -0.8018
vn -0.6901 -0.1267 0.7125
vn 0.6405 -0.2447 -0.7279
vn -0.6959 -0.5095 0.5061
vn -0.5682 0.7153 0.4067
vn -0.1058 0.9352 -0.3381
vn 0.3640 -0.3417 -0.8664
vn 0.2141 -0.9766 -0.0196
vn 0.0303 -0.0419 0.9987
vn 0.0903 0.4420 0.8925
vn 0.9632 0.1379 -0.2307
vn 0.9824 -0.1720 -0.0731
vn -0.7751 0.6304 -0.0435
vn 0.6777 0.6069 -0.4152
vn 0.6660 0.6050 -0.4363
vn 0.6972 0.4072 -0.5900
vn 0.3298 0.2877 -0.8991
vn 0.4589 0.8786 0.1326
vn -0.4524 -0.8904 -0.0510
vn -0.5665 0.4825 0.6680
vn -0.0086 0.8478 -0.5303
vn 0.0949 0.6698 -0.7364
vn -0.4002 0.8847 -0.2390
vn -0.3349 0.8583 -0.3889
vn 0.8169 0.4332 -0.3809
vn 0.2658 -0.3999 -0.8772
vn 0.4476 -0.3357 -0.8288
vn 0.5681 -0.3119 -0.7615
vn 0.2465 0.7265 0.6415
vn 0.4430 0.1587 0.8824
vn 0.2442 0.5740 0.7816
vn -0.1848 0.9152 -0.3581
vn 0.0837 0.8000 0.5941
vn -0.7851 -0.4235 -0.4520
vn -0.5224 0.8500 -0.0677
vn -0.5950 0.8019 0.0546
vn -0.0784 0.9920 0.0987
vn -0.1995 -0.3058 -0.9310
vn 0.7118 0.3950 0.5808
vn -0.9080 -0.2344 -0.3472
vn -0.8041 -0.0190 -0.5942
vn 0.1833 0.9824 0.0370
vn -0.6896 0.3619 -0.6273
vn 0.2843 -0.5120 -0.8106
vn 0.3024 -0.5034 -0.8094
vn 0.2565 0.8523 -0.4558
vn -0.4268 0.8946 0.1322
vn -0.4812 0.4517 -0.7512
vn -0.0102 -0.7197 -0.6942
vn -0.4287 0.5503 0.7165
vn 0.6517 -0.7544 -0.0787
vn 0.0355 0.4712 -0.8813
vn -0.9151 0.2311 -0.3303
vn -0.7639 0.3228 -0.5589
vn 0.2280 -0.1804 -0.9568
vn 0.0912 0.7499 -0.6552
vn 0.4931 0.7665 -0.4115
vn 0.7026 0.3198 -0.6357
vn 0.4519 0.7840 -0.4257
vn 0.9289 0.3013 -0.2154
vn -0.3485 -0.5224 -0.7783
vn 0.8553 0.5134 -0.0701
vn -0.7183 0.0889 0.6900
vn -0.6187 0.1020 0.7790
vn -0.4653 0.8539 -0.2329
vn 0.6015 0.5715 -0.5582
vn 0.2047 0.4889 -0.8480
vn 0.2777 0.5041 -0.8178
vn 0.8617 -0.1703 -0.4780
vn 0.5378 0.4269 -0.7270
vn 0.5159 -0.0060 0.8566
vn -0.8084 -0.1374 -0.5724
vn 0.9169 0.1736 0.3593
vn 0.0552 -0.4405 -0.8960
vn 0.3581 -0.6017 -0.7139
vn -0.8499 0.2122 0.4823
vn -0.0138 -0.0245 0.9996
vn 0.2354 -0.8149 -0.5296
vn -0.1246 0.9751 -0.1832
vn 0.3508 -0.5804 -0.7349
vn -0.4259 0.8983 -0.1079
vn 0.0864 0.9814 -0.1712
vn -0.4838 0.6875 -0.5416
vn 0.6804 0.6704 -0.2960
vn -0.7564 0.4775 0.4470
vn -0.3732 0.5059 0.7777
vn -0.6076 0.6477 -0.4597
vn 0.9036 0.3068 0.2989
vn 0.5080 0.7630 0.3997
vn 0.7691 0.4573 -0.4465
vn 0.5189 0.5031 -0.6912
vn -0.0349 -0.9562 0.2905
vn -0.1317 0.9282 -0.3480
vn -0.2096 0.9181 -0.3365
vn -0.0837 0.9183 -0.3869
vn -0.0811 0.9200 -0.3833
vn 0.3234 0.9339 0.1523
vn -0.1458 0.9634 -0.2251
vn 0.7114 0.4950 -0.4988
vn 0.7503 0.4811 -0.4534
vn 0.8153 0.2949 0.4983
vn 0.4872 0.7866 -0.3794
vn 0.5402 0.7084 -0.4543
vn 0.2817 0.8941 -0.3482
vn -0.3572 0.9274 0.1109
vn 0.2932 -0.9166 -0.2720
vn 0.6330 0.5220 -0.5717
vn 0.9305 0.0992 0.3527
vn 0.1446 -0.8145 0.5619
vn 0.1664 -0.6083 -0.7761
vn 0.0659 0.4609 0.8850
vn 0.1610 -0.6126 -0.7738
vn -0.7053 0.4622 0.5375
vn -0.8149 0.2411 0.5270
vn -0.4667 0.8170 0.3386
vn -0.4160 0.9082 -0.0466
vn -0.8998 0.0585 0.4323
vn -0.8027 -0.0617 0.5933
vn -0.6792 0.7331 0.0364
vn -0.9577 0.2010 -0.2060
vn -0.6982 0.4106 0.5865
vn -0.7449 -0.4437 0.4982
vn -0.9191 0.2402 0.3123
vn 0.6607 -0.3133 0.6821
vn -0.2258 -0.5108 0.8295
vn -0.0078 -0.2228 -0.9748
vn -0.4790 0.5000 -0.7215
vn -0.0067 0.5031 0.8642
vn 0.3513 0.4326 -0.8303
vn -0.6384 0.1923 -0.7453
vn -0.4226 0.8969 0.1301
vn 0.6244 0.1401 -0.7684
vn 0.3044 -0.4383 -0.8457
vn 0.1512 -0.5375 -0.8296
vn 0.5356 -0.2487 0.8070
vn -0.5495 0.3955 0.7359
vn -0.5098 0.3329 0.7933
vn -0.7952 0.1408 0.5898
vn -0.3362 0.9206 -0.1986
vn 0.2005 0.8383 -0.5070
vn 0.9328 0.0074 -0.3604
vn 0.9421 -0.2047 0.2657
vn 0.7893 -0.4944 0.3641
vn 0.0645 0.4295 0.9008
vn -0.3729 0.9208 -0.1142
vn 0.5634 0.6121 -0.5549
vn -0.0609 0.5278 0.8472
vn 0.1573 0.4495 0.8793
vn -0.7933 0.5068 0.3374
vn 0.3106 0.5151 -0.7989
vn -0.5432 -0.1360 0.8285
vn -0.8259 0.4935 -0.2727
vn -0.9878 0.1439 -0.0595
vn -0.4854 0.3142 0.8158
vn 0.0244 0.5653 -0.8246
vn -0.7868 0.6120 0.0808
vn -0.3193 0.7152 0.6217
vn -0.8640 0.4329 -0.2571
vn 0.0674 0.9714 0.2279
vn -0.6119 -0.3557 -0.7064
vn 0.7183 0.2456 -0.6510
vn 0.4792 0.7804 -0.4016
vn -0.4695 0.3951 0.7896
vn 0.2504 0.6331 0.7325
vn 0.3189 0.1533 0.9353
vn 0.5105 0.4645 0.7236
vn 0.2763 -0.7495 0.6016
vn -0.4382 0.8843 0.1611
vn -0.6285 0.7773 0.0293
vn -0.6949 0.3988 -0.5984
vn 0.2025 -0.7437 0.6371
vn -0.6328 0.4492 0.6308
vn -0.6556 0.5446 0.5230
vn -0.4037 0.9132 -0.0557
vn -0.3987 0.9146 -0.0673
vn -0.6170 0.3375 -0.7109
vn -0.8765 0.3601 0.3194
vn 0.7116 0.6355 -0.2995
vn 0.7353 0.3661 -0.5703
vn -0.5290 0.4577 0.7146
vn -0.3970 -0.2600 -0.8802
vn -0.6186 0.4903 -0.6140
vn -0.7069 0.3640 -0.6065
vn -0.5649 0.4036 -0.7197
vn -0.4363 0.4088 0.8016
vn 0.8896 0.3879 -0.2412
vn 0.2509 0.7570 -0.6034
vn 0.3137 0.7747 -0.5490
vn -0.7590 0.6507 0.0227
vn -0.6095 0.7917 0.0402
vn 0.1731 0.4545 0.8737
vn -0.5966 -0.2871 0.7494
vn -0.6938 0.2694 0.6678
vn 0.9122 -0.2377 0.3338
vn 0.2288 -0.2711 0.9350
vn 0.5102 0.7637 -0.3955
vn -0.6859 0.7178 -0.1197
vn -0.3546 0.8349 0.4210
vn -0.2356 0.3055 0.9226
vn 0.2386 0.6114 -0.7545
vn 0.5474 0.8311 -0.0980
vn 0.1895 -0.6057 -0.7728
vn -0.6283 0.7683 0.1223
vn -0.3298 0.9054 -0.2674
vn 0.6638 -0.3688 0.6506
vn -0.5466 0.2408 -0.8020
vn -0.2087 0.0089 -0.9779
vn 0.4531 0.1455 -0.8795
vn 0.6401 -0.0197 -0.7680
vn 0.9147 0.3134 0.2550
vn -0.4087 0.2231 0.8850
vn -0.6413 0.7551 -0.1365
vn 0.8702 -0.2098 -0.4457
vn -0.5654 0.8211 -0.0788
vn -0.6370 0.0531 0.7690
vn 0.2996 0.3987 0.8668
vn 0.1655 0.9281 -0.3335
vn -0.1841 0.8709 -0.4557
vn -0.9011 -0.4000 -0.1675
vn -0.5406 0.6105 -0.5788
vn -0.9289 0.1880 -0.3191
vn 0.8361 0.5416 -0.0866
vn 0.8485 0.2699 0.4552
vn -0.0945 -0.9075 0.4092
vn -0.8651 0.5005 -0.0326
vn -0.6605 0.7229 -0.2028
vn 0.1025 0.7599 -0.6419
vn -0.3271 0.9301 -0.1674
vn 0.3438 0.6777 -0.6501
vn -0.3810 0.9213 -0.0783
vn 0.3175 -0.4408 0.8396
vn -0.3946 -0.9188 0.0072
vn -0.2554 -0.9551 -0.1500
vn -0.3055 -0.7272 0.6146
vn -0.7401 0.6234 -0.2521
vn 0.6439 -0.2905 -0.7078
vn -0.3584 0.6879 0.6312
vn 0.8004 -0.0790 -0.5942
vn 0.6387 0.2976 -0.7096
vn -0.6065 0.7083 -0.3611
vn 0.3088 0.8484 -0.4299
vn -0.5743 0.7376 -0.3551
vn -0.2992 0.9086 -0.2914
vn 0.0622 -0.3353 0.9401
vn 0.6707 0.6136 -0.4167
vn 0.5621 0.6648 -0.4920
vn 0.0724 -0.6736 0.7356
vn -0.0174 -0.0944 0.9954
vn 0.5115 -0.6323 -0.5819
vn 0.0182 0.8104 -0.5856
vn 0.8899 0.4549 0.0327
vn 0.9085 0.3798 0.1741
vn 0.0437 0.8020 -0.5957
vn 0.1035 0.3241 -0.9403
vn 0.8901 0.3107 0.3335
vn -0.6278 0.7782 -0.0139
vn 0.9047 0.4150 0.0968
vn 0.3139 -0.6012 -0.7349
vn 0.1108 -0.4001 -0.9097
vn -0.6799 0.7069 -0.1949
vn -0.6744 -0.0472 0.7368
vn -0.1247 -0.1871 0.9744
vn -0.6141 0.3510 0.7069
vn -0.5550 0.4192 0.7185
vn 0.7426 0.6599 -0.1146
vn -0.8856 0.4199 -0.1985
vn 0.2049 -0.6623 -0.7207
vn -0.4696 0.5921 -0.6549
vn -0.5910 0.5619 -0.5788
vn -0.4199 -0.8328 0.3609
vn -0.6606 0.7286 -0.1810
vn 0.7918 0.1973 0.5780
vn 0.9260 0.2179 0.3082
vn -0.6598 -0.2715 -0.7007
vn -0.2682 0.1516 -0.9514
vn 0.8222 0.2889 -0.4905
vn -0.6118 0.3191 0.7238
vn -0.5094 0.4319 0.7443
vn -0.2174 -0.7358 0.6414
vn 0.1904 -0.3418 -0.9203
vn 0.3363 -0.3573 -0.8713
vn -0.4018 0.5875 -0.7025
vn -0.5685 0.5726 -0.5907
vn 0.0639 -0.3684 -0.9275
vn 0.0477 -0.2020 -0.9782
vn 0.1808 -0.2911 0.9395
vn 0.0663 0.1080 0.9919
vn -0.3141 -0.2952 -0.9023
vn 0.5601 -0.3965 -0.7274
vn -0.4795 0.1533 0.8641
vn -0.8170 0.4925 0.3000
vn -0.6253 -0.3942 -0.6735
vn 0.7444 0.1513 0.6504
vn -0.2217 -0.0727 -0.9724
vn 0.9016 0.2677 0.3399
vn -0.5012 -0.3958 -0.7695
vn 0.6869 -0.7252 -0.0474
vn 0.6800 0.6462 -0.3466
vn 0.6280 0.7574 -0.1787
vn 0.6732 -0.6978 -0.2447
vn 0.0851 0.9303 0.3569
vn -0.9523 0.2072 -0.2242
vn 0.6832 -0.2895 -0.6704
vn 0.0950 -0.9358 0.3395
vn 0.2038 -0.6628 0.7205
vn 0.9221 -0.3843 0.0444
vn 0.1624 0.0367 -0.9860
vn -0.0875 0.0904 0.9920
vn -0.9662 0.2505 -0.0615
vn -0.0505 0.9951 0.0854
vn 0.1094 0.9394 -0.3248
vn -0.0703 -0.9577 0.2789
vn 0.5438 -0.4377 -0.7160
vn 0.4720 0.7754 -0.4196
vn 0.6553 -0.2474 -0.7137
vn -0.5716 -0.2562 0.7795
vn 0.4673 -0.2777 -0.8394
vn 0.3230 -0.7796 -0.5366
vn -0.7948 -0.4309 0.4274
vn 0.8481 0.2609 -0.4612
vn 0.6657 0.6618 -0.3448
vn 0.5410 -0.5076 0.6706
vn 0.9103 0.2974 0.2880
vn 0.9221 0.3001 0.2443
vn -0.3524 -0.2871 -0.8907
vn -0.5624 0.7331 0.3824
vn -0.3213 0.8377 0.4416
vn -0.9907 0.0974 -0.0948
vn -0.7724 0.4679 -0.4295
vn -0.0996 0.4384 0.8933
vn 0.4735 -0.4474 -0.7587
vn -0.5527 0.6000 -0.5785
vn -0.0602 0.9890 -0.1354
vn 0.5796 -0.5894 0.5627
vn -0.1634 -0.1383 0.9768
vn 0.0801 -0.2740 -0.9584
vn -0.7367 -0.6720 -0.0753
vn 0.5296 0.6576 -0.5358
vn 0.5108 -0.4337 0.7423
vn -0.8878 0.3632 -0.2828
vn -0.3527 0.2775 0.8936
vn -0.9152 0.0783 0.3953
vn 0.3404 -0.5539 -0.7598
vn 0.4606 -0.5863 -0.6664
vn -0.5776 0.8135 -0.0673
vn 0.0762 0.5725 -0.8163
vn -0.7772 0.1697 0.6059
vn -0.5086 0.6635 -0.5488
vn -0.3803 0.3664 -0.8492
vn 0.5831 -0.8088 -0.0766
vn 0.1979 -0.1766 -0.9642
vn -0.2757 0.1979 0.9407
vn 0.5207 0.4972 -0.6940
vn -0.6655 0.3055 0.6810
vn 0.0859 -0.9851 -0.1490
vn 0.1684 -0.8556 0.4895
vn -0.2208 0.5277 0.8202
vn 0.5800 -0.8061 -0.1173
vn 0.2172 -0.9235 0.3162
vn -0.1414 0.6152 0.7756
vn 0.9007 0.2411 0.3613
vn 0.8320 -0.4160 0.3670
vn -0.4876 0.5084 -0.7098
vn 0.7855 0.2468 0.5676
vn -0.5936 0.6818 -0.4276
vn 0.0645 -0.6429 -0.7632
vn 0.5678 -0.3155 -0.7603
vn 0.8801 0.2730 0.3883
vn -0.5016 0.6719 -0.5450
vn 0.3407 0.4577 0.8213
vn -0.5268 -0.1313 0.8398
vn -0.9236 0.1560 -0.3502
vn -0.7418 -0.6054 0.2885
vn 0.0282 -0.7657 -0.6426
vn 0.8866 0.2735 0.3731
vn -0.3485 0.4470 0.8238
vn -0.7991 0.4646 -0.3814
vn -0.6248 0.0678 0.7778
vn 0.1934 -0.4210 0.8862
vn 0.1098 -0.5859 0.8029
vn -0.8221 0.4961 0.2793
vn -0.7972 0.5895 0.1304
vn -0.4110 -0.9069 0.0930
vn 0.0070 -0.9414 -0.3372
vn -0.4514 0.4370 0.7780
vn -0.4500 0.4512 0.7707
vn 0.9343 0.2684 0.2346
vn -0.4519 0.2271 -0.8627
vn -0.4192 0.1246 -0.8993
vn 0.3530 -0.4534 -0.8184
vn 0.9183 0.3120 0.2437
vn 0.9015 0.3612 0.2384
vn -0.7682 0.5885 0.2521
vn 0.4174 0.0172 -0.9086
vn -0.3902 0.4410 0.8082
vn -0.4182 0.9067 -0.0540
vn 0.1042 -0.4945 -0.8629
vn -0.0181 -0.1321 -0.9911
vn -0.2100 0.9669 -0.1450
vn 0.5234 0.4275 -0.7371
vn 0.4131 0.2267 -0.8820
vn 0.4392 0.7664 -0.4687
vn 0.8658 -0.1330 -0.4825
vn -0.4309 0.0658 0.9000
vn 0.6000 0.4111 -0.6863
vn -0.5918 0.2512 -0.7660
vn 0.7031 0.2421 0.6687
vn 0.1697 -0.6037 -0.7789
vn -0.3783 0.7261 -0.5742
vn -0.6230 0.6427 -0.4459
vn 0.4523 -0.6291 -0.6322
vn 0.0432 0.4780 0.8773
vn 0.1412 0.4646 0.8742
vn 0.0038 0.8570 -0.5153
vn 0.2013 0.8851 -0.4196
vn -0.8402 -0.5412 -0.0346
vn -0.1207 -0.9925 -0.0183
vn 0.8197 -0.0888 -0.5658
vn -0.4890 0.6549 -0.5762
vn 0.2742 0.6576 0.7017
vn -0.0416 0.9991 0.0002
vn -0.6701 -0.1085 0.7343
vn 0.4481 -0.4946 -0.7447
vn 0.5208 0.7841 -0.3376
vn -0.4286 0.2838 0.8578
vn -0.6461 0.0672 0.7603
vn 0.8305 0.3890 -0.3988
vn -0.7152 -0.0291 0.6983
vn 0.7588 0.2046 -0.6183
vn 0.7623 0.3321 -0.5556
vn -0.4836 0.8700 0.0958
vn 0.6504 0.4869 -0.5830
vn 0.8387 0.3018 -0.4534
vn -0.3431 0.5083 0.7899
vn -0.3682 0.4087 0.8351
vn -0.0908 -0.4950 -0.8642
vn 0.1741 0.4480 0.8769
vn 0.3968 0.7983 -0.4530
vn 0.8155 0.2183 0.5361
vn -0.2564 0.6453 0.7196
vn 0.0359 -0.9989 0.0292
vn -0.4856 0.4024 0.7760
vn 0.9186 0.3256 0.2239
vn -0.6887 0.2670 0.6741
vn -0.3040 -0.7178 -0.6264
vn -0.1174 -0.9797 -0.1626
vn -0.7423 -0.6215 -0.2504
vn -0.9591 0.2824 -0.0179
vn -0.6252 -0.3923 -0.6747
vn -0.4079 -0.7421 0.5319
vn -0.7470 -0.0187 0.6646
vn 0.4735 0.5690 -0.6724
vn -0.2335 -0.6779 0.6971
vn -0.3974 -0.7750 0.4914
vn 0.0676 -0.9489 0.3082
vn 0.7049 0.3242 0.6309
vn 0.3320 -0.5986 -0.7290
vn 0.8817 0.4249 0.2049
vn 0.3884 0.5805 0.7157
vn -0.0177 -0.9219 -0.3870
vn -0.0392 -0.9730 -0.2275
vn 0.5994 -0.4651 0.6514
vn -0.2151 0.3732 0.9025
vn 0.5210 -0.1121 -0.8462
vn 0.4291 0.1027 -0.8974
vn -0.5597 0.7280 0.3959
vn -0.6539 0.2154 0.7253
vn 0.7929 0.4514 -0.4094
vn -0.9775 0.1255 0.1697
vn -0.7649 -0.5710 0.2982
vn -0.5980 -0.7631 0.2450
vn -0.3204 0.9004 -0.2943
vn -0.2574 0.6506 -0.7145
vn -0.5351 0.0632 0.8424
vn 0.8492 0.2107 -0.4842
vn 0.3559 -0.3454 0.8684
vn 0.4443 -0.0645 0.8936
vn -0.6420 0.3425 0.6860
vn 0.3664 0.7557 -0.5429
vn -0.4011 0.6224 -0.6721
vn -0.6173 0.6800 0.3956
vn -0.6208 0.6959 0.3610
vn 0.6871 0.6683 -0.2851
vn 0.9398 0.2067 -0.2721
vn 0.4687 0.8703 -0.1510
vn 0.3114 -0.5927 -0.7428
vn -0.3638 0.9046 -0.2224
vn -0.2294 -0.5712 -0.7881
vn -0.6850 -0.4433 -0.5782
vn -0.7804 -0.5032 -0.3712
vn -0.5323 0.6995 0.4768
vn 0.9140 0.3019 0.2709
vn -0.0141 -0.7151 -0.6989
vn -0.3752 0.6120 -0.6962
vn 0.7446 -0.3902 0.5416
vn 0.5921 -0.7417 0.3153
vn 0.5264 -0.5355 0.6604
vn 0.8235 -0.3770 0.4240
vn 0.7866 0.6063 -0.1167
vn 0.4292 0.7751 -0.4637
vn -0.4965 0.5323 0.6856
vn 0.1110 -0.1605 0.9808
vn -0.3234 -0.0206 -0.9460
vn 0.3198 0.7197 -0.6162
vn -0.7415 -0.2139 0.6360
vn -0.7848 -0.5299 0.3215
vn -0.7059 0.1044 0.7006
vn -0.0196 0.3445 -0.9386
vn -0.0509 0.0841 -0.9952
vn -0.6215 -0.4050 -0.6706
vn -0.5628 -0.3965 -0.7253
vn -0.5777 -0.0082 0.8162
vn 0.1168 -0.9291 0.3508
vn 0.4388 0.7706 -0.4622
vn 0.3925 -0.0332 -0.9192
vn -0.1156 0.4352 0.8929
vn -0.0187 -0.6803 0.7327
vn 0.2496 -0.6659 0.7030
vn -0.5972 -0.3377 -0.7276
vn -0.5976 -0.3621 -0.7154
vn -0.8008 -0.0838 0.5930
vn 0.5979 -0.2157 -0.7720
vn 0.0730 -0.8389 -0.5394
vn 0.0956 -0.8277 0.5530
vn 0.7253 -0.5350 0.4332
vn 0.0893 -0.7517 0.6535
vn -0.0546 -0.5782 -0.8140
vn -0.7269 -0.5509 -0.4101
vn 0.8918 0.2254 0.3922
vn 0.8715 0.2298 0.4333
vn -0.2665 0.0026 -0.9638
vn -0.4409 0.2835 -0.8516
vn 0.9129 0.3367 0.2309
vn -0.8386 0.5319 -0.1175
vn 0.9177 0.3213 0.2337
vn -0.6418 -0.3480 -0.6834
vn -0.2884 0.4904 0.8224
vn -0.0151 0.8694 -0.4939
vn -0.2231 -0.0034 0.9748
vn -0.5063 -0.7171 0.4790
vn -0.6510 -0.3843 0.6546
vn -0.3762 0.9225 -0.0865
vn -0.9787 0.1544 0.1354
vn -0.4416 0.5641 -0.6977
vn -0.5917 0.6279 -0.5056
vn 0.4340 0.3406 0.8341
vn 0.5635 -0.2568 0.7852
vn 0.4999 0.7662 -0.4039
vn 0.1945 -0.6020 -0.7744
vn 0.5615 0.2966 0.7725
vn 0.1339 -0.3792 -0.9156
vn -0.0164 -0.4953 -0.8686
vn -0.2092 -0.4763 -0.8541
vn 0.8583 0.5130 0.0147
vn -0.4148 0.3297 -0.8481
vn -0.4489 0.4244 0.7864
vn -0.3957 0.5030 0.7684
vn -0.3948 0.5038 0.7683
vn -0.6826 -0.0655 0.7278
vn -0.0276 0.2880 0.9572
vn -0.2558 0.7512 0.6084
vn 0.4020 0.4485 0.7982
vn 0.9117 0.3894 0.1308
vn 0.6360 -0.3441 -0.6907
vn -0.9503 0.2698 0.1556
vn 0.8084 0.2755 0.5202
vn -0.5313 0.7493 -0.3953
vn -0.8698 0.2743 0.4102
vn -0.1966 -0.0819 0.9770
vn 0.2638 0.8001 -0.5388
vn 0.2732 0.6672 -0.6930
vn -0.1651 -0.9862 0.0084
vn 0.6352 -0.4049 -0.6577
vn 0.1415 0.4783 0.8667
vn 0.6012 -0.3666 -0.7100
vn 0.0206 0.4626 0.8863
vn 0.5684 -0.2933 -0.7687
vn 0.5770 -0.3372 -0.7439
vn -0.8983 0.1517 0.4123
vn 0.8065 0.4565 0.3758
vn 0.2877 -0.5386 -0.7920
vn 0.6968 0.4643 -0.5467
vn 0.2285 0.4382 -0.8694
vn 0.9539 -0.2597 -0.1503
vn 0.9919 0.0596 0.1119
vn 0.3313 0.8499 -0.4098
vn -0.7467 0.6364 0.1936
vn 0.8546 0.1615 -0.4935
vn -0.8413 0.5387 -0.0458
vn -0.6439 -0.4597 -0.6116
vn -0.0406 -0.9815 -0.1869
vn -0.8352 0.5448 0.0752
vn -0.2780 0.4602 -0.8432
vn 0.8436 -0.2721 0.4628
vn 0.0751 -0.3167 0.9455
vn 0.0783 -0.3121 0.9468
vn 0.9012 0.4220 0.0983
vn -0.2220 -0.3064 -0.9257
vn 0.2816 -0.5146 -0.8099
vn 0.2863 -0.5165 -0.8070
vn 0.2199 0.0003 0.9755
vn -0.4228 0.9012 0.0953
vn 0.9143 0.3417 0.2175
vn 0.1395 0.4777 0.8674
vn -0.3936 0.7987 0.4552
vn -0.7051 0.5610 -0.4337
vn 0.0701 -0.3202 0.9447
vn 0.9089 0.3594 0.2117
vn -0.5285 -0.5261 0.6662
vn -0.4193 0.8618 -0.2854
vn -0.5566 0.3798 -0.7389
vn 0.5654 0.1128 -0.8171
vn -0.3056 -0.3528 -0.8844
vn 0.5726 -0.3208 -0.7545
vn -0.1554 0.1725 0.9727
vn 0.2951 0.5419 -0.7870
vn 0.9165 0.2743 0.2911
vn -0.1265 -0.6960 -0.7068
vn 0.2549 0.8155 -0.5196
vn 0.4090 0.8433 -0.3486
vn 0.7015 0.6946 -0.1594
vn 0.8751 -0.0042 -0.4839
vn 0.3490 0.0569 0.9354
vn -0.8588 -0.3616 -0.3629
vn -0.4262 0.5549 0.7145
vn -0.5965 0.5834 -0.5513
vn 0.2589 -0.6203 -0.7404
vn -0.5286 0.8482 -0.0341
vn -0.6923 0.2882 -0.6616
vn -0.5226 -0.4287 -0.7370
vn -0.4075 -0.4720 -0.7818
vn -0.0734 -0.4843 -0.8718
vn 0.1763 -0.4215 -0.8895
vn -0.2877 -0.5111 -0.8100
vn -0.8052 0.1592 0.5712
vn -0.3691 0.8921 0.2607
vn 0.0640 0.4076 0.9109
vn -0.1459 -0.1613 -0.9761
vn -0.0022 -0.8937 -0.4487
vn -0.2336 0.5738 0.7850
vn -0.4829 0.8663 -0.1278
vn 0.5349 0.4953 -0.6845
vn -0.4682 0.8405 0.2727
vn 0.2654 -0.4213 -0.8672
vn -0.3894 0.7644 0.5138
vn -0.2159 0.5129 0.8309
vn -0.3028 0.5032 0.8094
vn -0.5189 0.2258 -0.8245
vn -0.1145 -0.5834 -0.8041
vn -0.7767 0.4807 -0.4072
vn -0.8961 0.3978 -0.1967
vn -0.0271 -0.8357 -0.5485
vn -0.5253 0.6306 -0.5713
vn 0.6889 0.3988 -0.6053
vn 0.6642 -0.6332 0.3973
vn 0.5274 -0.1675 0.8329
vn 0.8657 -0.4939 0.0812
vn 0.9067 -0.3594 0.2210
vn 0.8646 -0.1546 -0.4781
vn -0.5774 0.1027 -0.8099
vn -0.5823 0.2807 -0.7630
vn 0.1284 0.8591 -0.4954
vn 0.1153 0.2441 0.9629
vn 0.5240 -0.2061 -0.8264
vn 0.2130 -0.6221 -0.7534
vn -0.2415 -0.4788 0.8440
vn 0.9068 0.2951 0.3010
vn 0.9154 0.2777 0.2914
vn 0.8841 0.3328 0.3281
vn -0.6449 -0.5293 0.5514
vn -0.5245 -0.2235 0.8216
vn 0.3306 0.8435 0.4234
vn 0.3984 0.9099 -0.1153
vn 0.5823 -0.2679 -0.7676
vn -0.3501 -0.1118 -0.9300
vn 0.4764 0.8789 0.0251
vn -0.0207 -0.6169 0.7867
vn -0.2971 0.5280 0.7956
vn -0.3311 0.5023 0.7988
vn 0.3598 0.8696 -0.3381
vn -0.5842 0.7977 0.1492
vn 0.7078 -0.5415 0.4536
vn -0.4426 0.3633 -0.8198
vn -0.4406 0.1675 -0.8819
vn -0.4528 0.7007 -0.5513
vn 0.7725 0.2978 0.5609
vn 0.2948 -0.3877 -0.8734
vn 0.6886 -0.3610 -0.6289
vn 0.6329 -0.3423 -0.6944
vn 0.8794 0.2147 0.4250
vn -0.1261 -0.5221 -0.8435
vn 0.3499 -0.5975 -0.7215
vn -0.7081 0.0524 0.7042
vn -0.3145 0.8616 -0.3984
vn 0.1753 -0.8868 -0.4275
vn 0.4385 0.8876 -0.1413
vn 0.4512 0.8902 -0.0630
vn -0.0713 0.8273 0.5572
vn 0.4810 0.4071 -0.7765
vn -0.3028 0.9045 0.3004
vn -0.3491 0.8976 0.2691
vn -0.6539 0.7479 0.1140
vn -0.4892 0.4344 -0.7563
vn -0.4926 0.4462 0.7472
vn 0.0419 -0.9808 -0.1902
vn -0.8538 -0.5097 -0.1062
vn -0.4131 0.8900 0.1929
vn -0.7368 -0.5193 0.4329
vn -0.0517 -0.6040 -0.7953
vn -0.6389 -0.7691 -0.0193
vn 0.4103 0.3563 0.8395
vn -0.6683 -0.0771 0.7399
vn 0.2561 0.8263 -0.5016
vn 0.1492 -0.0288 -0.9884
vn -0.4217 0.5922 -0.6866
vn -0.6624 -0.2517 0.7056
vn -0.1983 -0.6385 0.7436
vn 0.4263 0.7999 -0.4224
vn 0.6051 0.0867 0.7914
vn -0.8467 0.4808 -0.2280
vn -0.5014 0.6391 -0.5833
vn -0.7286 0.4600 -0.5075
vn 0.3623 0.7939 -0.4883
vn 0.3897 0.4797 -0.7861
vn 0.0837 -0.9121 0.4014
vn 0.4303 -0.3426 -0.8352
vn 0.3749 0.4998 0.7808
vn 0.6989 0.4415 -0.5627
vn 0.7610 -0.6432 -0.0853
vn 0.0795 -0.4120 -0.9077
vn -0.4718 0.7915 0.3884
vn -0.1098 0.5156 0.8497
vn -0.2123 -0.7700 0.6016
vn 0.9119 0.3247 0.2508
vn -0.4162 0.9063 0.0739
vn -0.5293 0.8343 0.1540
vn -0.0598 -0.7185 -0.6929
vn -0.9965 0.0111 -0.0827
vn 0.6792 -0.5734 0.4581
vn 0.7675 0.3450 -0.5403
vn -0.2281 -0.3349 0.9142
vn -0.2587 -0.8506 -0.4577
vn 0.5580 0.6967 -0.4509
vn 0.3563 -0.5009 -0.7888
vn -0.1938 0.5288 0.8263
vn 0.0939 -0.1581 0.9829
vn 0.7901 -0.0403 0.6117
vn 0.0565 -0.4452 -0.8937
vn 0.2504 -0.6472 -0.7200
vn 0.5742 0.5570 -0.6001
vn -0.5383 0.5188 -0.6641
vn 0.6083 0.7794 0.1500
vn 0.6861 0.5151 0.5138
vn 0.6532 -0.1141 -0.7486
vn 0.1104 0.4445 0.8890
vn -0.6980 -0.1198 0.7060
vn -0.1999 0.5004 0.8424
vn -0.4412 -0.4018 -0.8024
vn 0.6544 -0.2919 -0.6975
vn -0.1612 0.3205 0.9335
vn 0.6969 0.5868 -0.4122
vn 0.6290 0.6273 -0.4592
vn -0.5578 -0.4123 0.7204
vn 0.6936 -0.2804 -0.6635
vn 0.7919 0.4809 -0.3763
vn 0.4223 -0.5973 -0.6819
vn 0.6042 0.5923 -0.5330
vn -0.6152 0.2255 -0.7554
vn -0.4086 0.9016 -0.1420
vn -0.3446 0.6198 -0.7051
vn -0.1860 0.8074 -0.5599
vn 0.2748 0.7698 -0.5761
vn -0.0296 0.4687 0.8829
vn -0.2125 0.0097 -0.9771
vn 0.0658 0.8571 -0.5110
vn 0.0249 -0.9754 -0.2190
vn -0.8159 0.4583 0.3526
vn -0.5479 0.5517 -0.6288
vn -0.4384 0.5716 -0.6936
vn 0.1927 0.5006 0.8440
vn 0.2753 -0.5799 -0.7668
vn 0.3857 -0.6250 -0.6787
vn -0.7098 -0.0971 0.6977
vn 0.2681 -0.9634 -0.0060
vn 0.6954 -0.7169 -0.0488
vn -0.7023 -0.2195 0.6772
vn -0.0928 -0.3997 -0.9120
vn -0.3229 -0.5217 -0.7897
vn 0.6338 -0.5858 0.5052
vn -0.6630 0.4985 -0.5585
vn 0.6673 0.7418 -0.0669
vn 0.5769 0.1184 -0.8082
vn 0.7363 0.5477 -0.3973
vn 0.9165 0.3285 0.2284
vn 0.4934 -0.6364 -0.5929
vn -0.2276 0.9307 -0.2863
vn -0.5934 0.5962 0.5407
vn -0.4460 0.3370 -0.8291
vn -0.4524 0.6035 0.6566
vn -0.5883 -0.1671 -0.7912
vn 0.6071 0.5947 0.5271
vn -0.3653 -0.5233 -0.7699
vn -0.6549 0.1382 0.7430
vn 0.1947 -0.6049 -0.7721
vn 0.2099 -0.6098 -0.7643
vn 0.2163 -0.6146 -0.7586
vn 0.5024 0.8532 -0.1401
vn 0.3823 0.7661 -0.5166
vn 0.5753 -0.0168 -0.8178
vn 0.2942 0.0042 -0.9557
vn -0.3862 0.1412 0.9116
vn -0.6653 0.1726 0.7263
vn -0.5994 0.5541 -0.5777
vn 0.1012 -0.6851 0.7214
vn -0.4604 -0.1604 -0.8731
vn 0.0535 -0.9948 0.0869
vn 0.3378 0.6783 -0.6525
vn -0.3733 0.9233 -0.0909
vn 0.1090 -0.5645 -0.8182
vn -0.1500 0.8426 0.5172
vn 0.2462 0.9343 -0.2578
vn 0.2215 0.6624 -0.7157
vn -0.0118 0.6205 0.7841
vn -0.0874 -0.5825 0.8081
vn 0.7668 -0.5730 0.2892
vn -0.2207 -0.7142 0.6642
vn -0.9043 0.3494 -0.2453
vn -0.0691 -0.8239 0.5624
vn 0.3999 0.7846 -0.4738
vn 0.0108 -0.9467 0.3218
vn -0.6710 0.3323 -0.6629
vn 0.2936 -0.0495 0.9546
vn 0.8417 0.0124 -0.5398
vn -0.6486 -0.4816 -0.5894
vn -0.6346 0.7695 -0.0715
vn 0.4988 0.7435 -0.4454
vn 0.0320 0.4825 0.8753
vn -0.7161 -0.0124 0.6979
vn -0.8335 0.1588 0.5291
vn -0.6992 -0.6837 0.2087
vn -0.6484 -0.7128 -0.2673
vn -0.3380 0.8247 0.4535
vn 0.5456 0.5364 0.6438
vn 0.7574 0.1755 0.6289
vn 0.6850 0.1541 0.7120
vn 0.1762 0.6378 -0.7498
vn -0.6338 -0.3651 -0.6819
vn -0.6989 -0.0926 0.7092
vn -0.5195 -0.2897 -0.8039
vn -0.6453 -0.3937 -0.6546
vn -0.6501 0.5727 0.4994
vn 0.4815 0.8761 -0.0237
vn 0.8358 0.3761 0.4000
vn -0.6186 0.7812 -0.0838
vn 0.0282 0.6108 -0.7913
vn 0.1789 -0.3847 -0.9055
vn 0.6628 -0.4026 -0.6313
vn 0.7537 0.2279 -0.6164
vn -0.4801 0.4375 -0.7604
vn -0.2093 0.0016 -0.9779
vn -0.6604 0.0755 0.7471
vn 0.9019 0.3922 0.1811
vn 0.8505 0.4923 -0.1852
vn -0.4208 -0.8281 -0.3704
vn 0.2888 0.5261 0.7998
vn -0.6667 0.3763 -0.6434
vn -0.5614 0.1129 -0.8198
vn 0.0060 0.9961 0.0880
vn 0.9249 0.2943 0.2407
vn 0.9059 0.3510 0.2370
vn 0.9202 0.3214 0.2235
vn 0.9191 0.0252 0.3932
vn -0.1096 0.6686 0.7355
vn -0.7313 -0.0527 0.6800
vn -0.7305 -0.0743 0.6789
vn -0.6038 -0.4252 -0.6742
vn -0.3986 -0.6337 -0.6630
vn 0.8338 0.2166 -0.5078
vn -0.1480 0.8139 -0.5618
vn 0.1968 0.3144 0.9287
vn 0.5135 0.8391 -0.1793
vn 0.6053 -0.7955 -0.0296
vn -0.4831 0.4002 -0.7787
vn -0.3755 0.9245 0.0651
vn 0.0817 0.4406 0.8940
vn -0.5014 0.8649 0.0233
vn -0.1013 0.8432 0.5279
vn -0.3996 0.6272 -0.6685
vn -0.6984 -0.0923 0.7098
vn 0.3197 0.8392 -0.4398
vn -0.6734 0.4795 -0.5627
vn 0.5727 0.7109 -0.4081
vn 0.0068 -0.9877 0.1563
vn -0.0429 -0.8273 0.5602
vn 0.6529 -0.2336 -0.7206
vn -0.3789 -0.4912 0.7844
vn 0.9142 0.4004 0.0630
vn -0.0853 0.6193 0.7805
vn 0.6525 -0.7554 -0.0606
vn -0.5081 0.0617 -0.8591
vn -0.8104 0.2743 -0.5176
vn -0.5911 0.7985 -0.1142
vn -0.5882 0.2109 -0.7807
vn 0.7666 0.5178 -0.3798
vn 0.6940 0.5460 -0.4693
vn -0.2579 -0.5195 0.8146
vn -0.3006 -0.7103 0.6365
vn 0.3557 -0.5722 0.7390
vn 0.1330 0.8572 -0.4975
vn -0.2695 0.8938 -0.3584
vn -0.0818 0.9342 0.3472
vn 0.0105 -0.5462 -0.8376
vn -0.7403 0.0719 0.6684
vn -0.7039 0.1521 0.6938
vn 0.3338 -0.5909 -0.7344
vn -0.3396 -0.6397 0.6895
vn 0.8434 -0.5317 0.0770
vn 0.8256 -0.5365 0.1747
vn 0.3428 -0.6015 -0.7216
vn 0.2205 -0.9753 -0.0107
vn -0.7425 -0.2646 0.6153
vn 0.1987 0.8026 -0.5624
vn 0.9123 0.2732 0.3052
vn -0.8271 -0.2333 -0.5113
vn 0.3220 -0.4802 0.8159
vn -0.0574 -0.8503 0.5231
vn 0.6274 0.5554 -0.5458
vn 0.8857 -0.0820 0.4570
vn 0.6713 0.3612 0.6472
vn -0.8311 0.5555 -0.0262
vn -0.5820 0.7941 0.1751
vn 0.6094 -0.2509 -0.7521
vn 0.9200 0.1359 0.3675
vn -0.3151 0.9490 -0.0119
vn 0.5087 -0.6671 -0.5442
vn 0.0750 -0.7602 -0.6453
vn -0.8855 0.1778 0.4293
vn -0.0577 -0.7369 0.6735
vn -0.6107 -0.6961 0.3774
vn 0.2208 0.5131 -0.8295
vn 0.8035 0.4698 -0.3656
vn -0.2462 0.1574 -0.9564
vn 0.6365 -0.2457 -0.7311
vn 0.7996 0.2098 -0.5626
vn 0.0122 -0.8528 -0.5221
vn 0.3409 -0.6742 0.6552
vn -0.6112 0.1368 -0.7796
vn -0.2997 -0.1067 0.9481
vn 0.8946 0.4261 0.1346
vn 0.5153 -0.5361 0.6686
vn -0.2045 0.3724 0.9052
vn 0.1506 0.1080 0.9827
vn 0.5359 -0.1168 -0.8362
vn -0.3785 0.9249 -0.0368
vn -0.3970 0.8826 0.2517
vn 0.4939 0.7467 -0.4455
vn -0.0767 0.7797 -0.6214
vn -0.0372 0.6303 0.7754
vn 0.5263 0.5757 0.6258
vn 0.6757 0.6214 -0.3965
vn 0.5995 0.8001 -0.0230
vn 0.8262 -0.3983 0.3984
vn -0.6616 0.4168 -0.6233
vn -0.4339 0.4868 -0.7582
vn 0.2555 0.8287 -0.4979
vn 0.4343 0.7984 -0.4170
vn -0.6561 0.1882 0.7309
vn -0.4362 0.5486 0.7133
vn -0.4254 0.4985 0.7554
vn 0.9746 0.1764 0.1380
vn 0.1846 0.4130 0.8918
vn 0.3668 0.2828 0.8863
vn 0.6130 -0.2683 0.7431
vn -0.6220 -0.6258 0.4706
vn -0.2823 -0.3428 0.8960
vn -0.6292 -0.4045 -0.6637
vn -0.5003 -0.5153 0.6958
vn -0.3541 -0.9255 0.1344
vn -0.0291 -0.9908 -0.1320
vn -0.4593 0.5159 0.7231
vn -0.4109 0.6701 -0.6182
vn -0.2795 -0.8873 0.3669
vn 0.9015 0.3604 0.2397
vn 0.9070 0.3428 0.2447
vn 0.0721 -0.4800 -0.8743
vn 0.9094 0.3542 0.2180
vn 0.9082 0.3500 0.2297
vn -0.2289 0.1044 -0.9678
vn -0.4672 0.2664 -0.8430
vn 0.9035 0.4233 0.0668
vn 0.8884 0.1326 -0.4396
vn -0.7149 -0.0666 0.6961
vn 0.4475 -0.4820 -0.7533
vn -0.3342 0.4135 0.8469
vn -0.6239 0.3758 -0.6852
vn 0.5815 0.6038 -0.5453
vn 0.6613 0.4809 -0.5757
vn -0.6170 0.7254 0.3052
vn -0.3356 0.8422 -0.4220
vn 0.0672 0.8493 -0.5237
vn -0.7314 -0.3315 0.5960
vn 0.2571 -0.8615 -0.4379
vn -0.3233 0.8081 0.4924
vn -0.5629 -0.8231 -0.0749
vn 0.2392 0.8466 -0.4755
vn -0.6099 -0.4047 -0.6814
vn 0.4817 0.3192 -0.8162
vn -0.0323 0.6217 -0.7826
vn 0.6074 -0.4259 -0.6706
vn -0.8259 -0.4261 0.3692
vn 0.5959 -0.0449 0.8018
vn 0.7103 -0.6211 0.3311
vn -0.4136 0.9037 -0.1111
vn 0.2580 -0.6224 -0.7390
vn 0.8591 0.4289 -0.2794
vn -0.6139 0.0994 0.7831
vn -0.6748 -0.1581 0.7209
vn -0.0601 -0.9222 0.3819
vn 0.0289 0.9756 -0.2177
vn 0.4874 0.7737 -0.4047
vn -0.6831 -0.1116 0.7218
vn -0.7737 -0.1371 0.6185
vn -0.9022 -0.2602 -0.3440
vn 0.6902 0.5197 -0.5035
vn 0.3409 -0.5928 -0.7297
vn 0.4288 -0.4753 -0.7682
vn -0.1504 0.6193 0.7706
vn -0.1673 0.9588 -0.2296
vn -0.5831 0.5570 0.5913
vn -0.5230 0.2278 0.8214
vn -0.4309 0.1839 0.8835
vn -0.4010 -0.5349 -0.7437
vn -0.3686 -0.4432 0.8171
vn 0.9658 0.1689 -0.1965
vn 0.9846 -0.1624 0.0644
vn -0.8566 0.1328 -0.4986
vn 0.9129 0.3290 0.2417
vn 0.9173 0.3244 0.2311
vn 0.4877 0.2862 -0.8248
vn 0.0353 -0.7809 0.6237
vn -0.4277 0.3878 0.8165
vn -0.5820 -0.3987 -0.7088
vn 0.3048 -0.6770 -0.6699
vn -0.6815 -0.6773 0.2772
vn 0.8268 0.0092 0.5624
vn -0.5484 0.7133 0.4364
vn -0.7070 0.3682 0.6038
vn 0.3758 0.8422 -0.3865
vn -0.1709 -0.3607 0.9169
vn -0.1662 -0.5650 -0.8082
vn -0.5906 0.6494 -0.4790
vn -0.4834 0.6282 -0.6097
vn -0.3518 0.7620 0.5438
vn -0.1213 0.5861 0.8011
vn 0.9199 0.2904 0.2636
vn 0.8959 0.3386 0.2877
vn -0.0706 0.9585 -0.2763
vn 0.2996 0.9521 -0.0611
vn 0.4797 0.8721 -0.0966
vn 0.7152 0.6827 -0.1498
vn -0.5763 0.8098 -0.1098
vn -0.0813 -0.5977 -0.7976
vn -0.0625 -0.5869 -0.8073
vn 0.0262 -0.6007 -0.7991
vn -0.5883 0.3723 -0.7179
vn -0.6215 0.4410 -0.6475
vn 0.4057 0.8116 -0.4203
vn 0.1040 -0.4944 -0.8630
vn 0.5878 0.5831 -0.5608
vn 0.4553 0.0533 -0.8887
vn -0.7609 -0.2398 0.6029
vn 0.1910 -0.6043 -0.7735
vn 0.1930 -0.6038 -0.7734
vn 0.1913 -0.6018 -0.7754
vn 0.1907 -0.6043 -0.7736
vn -0.5654 0.2987 -0.7688
vn 0.8713 0.4842 0.0801
vn 0.7966 0.2255 0.5608
vn -0.7560 0.0869 0.6488
vn -0.6436 0.0540 0.7635
vn 0.2971 -0.6398 0.7088
vn 0.3852 -0.8096 -0.4429
vn -0.2644 0.9578 0.1130
vn -0.2721 -0.5354 -0.7996
vn -0.4161 -0.5272 -0.7409
vn -0.4989 0.8203 0.2797
vn -0.4721 0.3462 0.8107
vn 0.0149 -0.9986 0.0506
vn 0.9288 0.0441 -0.3679
vn 0.6500 0.7425 -0.1619
vn 0.0015 -0.7976 -0.6032
vn -0.2437 -0.7282 -0.6406
vn -0.9915 0.1252 0.0352
vn -0.8667 -0.4700 0.1672
vn -0.0729 -0.5616 0.8242
vn -0.7309 0.3942 0.5571
vn -0.0629 -0.6056 -0.7933
vn -0.7920 -0.3613 -0.4921
vn 0.4646 -0.5616 0.6847
vn -0.3507 -0.8775 0.3272
vn -0.3665 0.9239 -0.1099
vn 0.4116 0.5862 -0.6978
vn -0.6483 0.0587 0.7591
vn -0.3230 0.4729 0.8198
vn 0.5597 -0.7205 0.4095
vn -0.7322 -0.1235 0.6698
vn -0.8033 -0.3590 -0.4753
vn -0.7315 -0.3566 0.5812
vn 0.0457 -0.5681 -0.8217
vn -0.1209 0.4352 0.8922
vn -0.1383 0.3299 0.9338
vn 0.2505 -0.5169 -0.8186
vn -0.5487 0.8343 -0.0534
vn -0.0551 -0.8956 0.4415
vn -0.5216 -0.7506 0.4056
vn -0.7180 0.0532 0.6940
vn 0.5130 -0.6176 -0.5961
vn -0.5543 0.7268 -0.4057
vn -0.3241 0.7157 -0.6187
vn -0.6069 0.7652 0.2149
vn -0.0531 0.9179 -0.3932
vn 0.0250 0.9864 -0.1624
vn -0.0848 0.9631 -0.2555
vn 0.7618 0.1263 0.6353
vn -0.8465 -0.2219 0.4840
vn -0.5703 0.8205 0.0385
vn -0.5865 0.3652 0.7229
vn -0.4319 0.7259 -0.5352
vn -0.0509 -0.5056 0.8613
vn -0.4496 -0.6775 0.5821
vn -0.1236 -0.5084 0.8522
vn 0.1962 -0.6046 -0.7720
vn -0.5822 0.6408 -0.5003
vn -0.3818 0.5883 0.7128
vn -0.3113 0.5851 0.7488
vn 0.5860 0.6872 -0.4294
vn -0.3525 0.4909 0.7967
vn 0.4277 -0.1590 -0.8898
vn 0.6931 0.6988 -0.1769
vn 0.3173 -0.5950 -0.7385
vn 0.8554 -0.1975 -0.4788
vn -0.5264 0.8405 0.1282
vn 0.1955 -0.6295 0.7520
vn 0.8939 0.3953 0.2115
vn -0.4721 0.5839 -0.6604
vn 0.7030 0.4555 -0.5461
vn -0.7095 -0.0180 0.7045
vn 0.6674 0.0551 -0.7427
vn 0.8685 0.2638 0.4196
vn 0.8743 0.2536 0.4139
vn 0.7259 0.6388 0.2550
vn -0.0884 -0.6623 -0.7440
vn -0.4596 -0.4158 -0.7848
vn -0.2046 -0.6705 -0.7132
vn -0.1387 -0.8979 -0.4177
vn 0.0374 0.8978 -0.4388
vn -0.6917 0.4869 -0.5333
vn -0.9453 0.2403 -0.2206
vn -0.1895 -0.5461 0.8160
vn 0.0705 -0.2358 0.9692
vn 0.2472 0.0410 0.9681
vn 0.2170 0.9441 -0.2482
vn -0.8148 0.3059 0.4925
vn 0.5833 0.6255 -0.5182
vn 0.8424 0.2296 -0.4875
vn -0.5547 0.2181 0.8030
vn 0.8039 0.3009 0.5130
vn 0.9008 0.1880 0.3915
vn 0.3406 -0.5005 -0.7959
vn -0.6004 -0.7434 0.2949
vn 0.7969 0.4633 -0.3877
vn 0.4352 0.5254 -0.7311
vn 0.3563 -0.8033 -0.4773
vn 0.2651 -0.9617 -0.0695
vn 0.2006 0.2346 -0.9512
vn 0.4630 0.5854 -0.6655
vn -0.5074 0.8603 -0.0483
vn 0.8013 -0.3738 -0.4672
vn 0.4743 -0.0632 -0.8781
vn -0.0572 -0.7725 0.6325
vn 0.7020 0.6063 -0.3736
vn 0.5039 0.8304 0.2378
vn 0.1992 0.0711 -0.9774
vn 0.5516 0.6851 -0.4758
vn 0.1870 -0.7356 0.6511
vn -0.6108 -0.3533 -0.7086
vn -0.5559 0.5834 -0.5922
vn 0.8028 0.4851 -0.3466
vn 0.2364 0.2844 -0.9291
vn 0.1409 -0.7757 0.6151
vn -0.9504 0.1865 -0.2490
vn -0.5997 -0.1823 -0.7792
vn -0.6881 -0.7209 -0.0821
vn 0.2278 0.3886 0.8928
vn 0.5732 0.6034 -0.5544
vn 0.6336 0.5499 -0.5441
vn -0.2483 -0.7628 -0.5971
vn -0.8870 -0.2719 -0.3732
vn 0.2280 0.9723 -0.0511
vn 0.5355 -0.2701 0.8002
vn 0.0996 -0.9159 0.3889
vn -0.3794 0.9168 -0.1245
vn -0.5267 -0.1954 -0.8273
vn -0.1763 0.7883 -0.5895
vn 0.6646 0.3781 -0.6445
vn 0.8142 0.0512 -0.5783
vn 0.5514 0.3698 -0.7478
vn 0.9578 0.1950 0.2114
vn 0.3407 0.8799 -0.3312
vn -0.0154 0.4405 0.8976
vn -0.2894 -0.3553 -0.8888
vn -0.7871 0.6093 -0.0963
vn -0.3622 0.8182 0.4464
vn -0.7107 -0.0294 -0.7029
vn -0.7907 0.1810 -0.5849
vn 0.9048 0.4042 0.1341
vn 0.9362 0.2619 0.2342
vn -0.7330 -0.1676 0.6592
vn -0.6090 -0.0950 -0.7875
vn -0.5369 0.6314 0.5595
vn -0.4319 0.7251 0.5363
vn 0.7677 -0.2541 -0.5883
vn -0.8871 0.4353 -0.1534
vn 0.0834 0.9941 0.0697
vn 0.7569 -0.5763 0.3083
vn 0.8430 0.3030 -0.4444
vn -0.8316 -0.2788 0.4803
vn -0.4671 0.4382 0.7680
vn 0.4162 -0.5347 -0.7354
vn 0.3940 -0.4989 -0.7719
vn -0.3658 0.4812 0.7966
vn 0.8091 -0.4643 0.3604
vn -0.6539 0.1689 0.7375
vn 0.8090 0.4835 -0.3343
vn 0.8026 0.4523 -0.3890
vn -0.2545 0.9167 -0.3080
vn -0.1500 -0.5467 -0.8238
vn -0.4610 0.2469 -0.8524
vn -0.6050 0.2713 0.7486
vn -0.3628 -0.4304 0.8265
vn -0.3521 0.4614 0.8144
vn 0.0775 0.6822 -0.7271
vn -0.5003 0.4389 0.7463
vn -0.1050 0.6687 0.7361
vn -0.6372 -0.4189 -0.6469
vn -0.5178 -0.4255 -0.7422
vn -0.6653 -0.4988 0.5554
vn 0.6348 0.5795 -0.5111
vn -0.4396 0.7226 -0.5334
vn 0.8330 0.2513 -0.4930
vn 0.3413 -0.5490 -0.7630
vn 0.6061 -0.6784 0.4151
vn -0.9847 0.1342 -0.1112
vn -0.2403 -0.6163 -0.7499
vn -0.1367 -0.6427 -0.7538
vn 0.6520 0.0535 0.7563
vn 0.2132 -0.9659 -0.1466
vn -0.1840 -0.9659 -0.1820
vn 0.0419 -0.9764 -0.2118
vn 0.1140 -0.5226 -0.8449
vn 0.1974 -0.7603 -0.6189
vn 0.5982 0.6637 -0.4491
vn 0.3605 0.4330 -0.8262
vn 0.7996 0.3855 0.4604
vn -0.1217 0.9923 -0.0243
vn -0.3440 0.8765 -0.3369
vn 0.8172 -0.0795 -0.5708
vn -0.6164 0.5113 -0.5989
vn 0.6073 0.6749 -0.4192
vn -0.1966 0.7970 -0.5711
vn -0.5305 0.2572 -0.8077
vn -0.6041 0.4324 -0.6694
vn 0.3227 -0.6121 -0.7219
vn 0.1056 -0.3475 -0.9317
vn -0.4003 -0.5315 -0.7465
vn 0.6964 0.5390 -0.4738
vn -0.5814 0.6930 -0.4263
vn -0.4828 0.7554 0.4430
vn -0.8135 -0.4200 -0.4022
vn -0.6271 -0.4079 -0.6636
vn 0.1458 -0.4100 -0.9004
vn 0.3433 -0.6098 -0.7144
vn -0.8802 0.2498 -0.4034
vn -0.4024 0.9092 0.1071
vn 0.7749 0.0187 0.6318
vn 0.7958 0.4972 -0.3458
vn -0.5450 0.8149 -0.1971
vn -0.5677 0.3582 -0.7412
vn 0.4032 0.8227 -0.4006
vn -0.6582 0.6587 0.3646
vn -0.3895 0.8856 0.2531
vn 0.3875 -0.9167 -0.0978
vn -0.5117 0.7910 0.3354
vn 0.7314 0.2710 -0.6258
vn 0.8536 -0.5064 0.1219
vn 0.6235 0.6586 -0.4213
vn 0.2307 0.8238 -0.5178
vn -0.5018 0.6500 -0.5707
vn 0.9157 0.3521 0.1939
vn -0.8751 -0.3536 -0.3305
vn 0.9080 0.1588 -0.3877
vn -0.6737 0.7364 0.0622
vn -0.1075 -0.7055 0.7005
vn 0.5874 0.4496 -0.6730
vn -0.2602 -0.6426 0.7207
vn 0.6583 0.4813 -0.5788
vn 0.2708 0.5812 -0.7674
vn 0.4171 0.7641 -0.4921
vn 0.4098 0.8118 -0.4159
vn 0.3842 0.7968 -0.4663
vn -0.2859 0.6257 0.7258
vn -0.5156 0.4168 0.7486
vn 0.4801 -0.4593 -0.7474
vn -0.1456 0.1795 -0.9729
vn 0.7836 0.5274 -0.3284
vn -0.3900 -0.0527 -0.9193
vn -0.3952 -0.0569 -0.9168
vn -0.8582 0.3627 -0.3633
vn -0.6224 -0.3950 -0.6757
vn -0.5380 0.6181 -0.5732
vn -0.3342 -0.8518 0.4034
vn -0.2004 0.8081 -0.5539
vn -0.3750 0.7417 -0.5561
vn 0.2030 -0.5983 -0.7751
vn 0.4706 -0.6775 -0.5652
vn -0.3993 -0.4851 -0.7780
vn 0.7825 0.6204 0.0531
vn 0.2451 0.7726 -0.5857
vn 0.7450 -0.6320 -0.2134
vn 0.8623 0.1125 -0.4937
vn 0.6988 0.5927 -0.4006
vn -0.1966 0.4991 0.8440
vn 0.9131 0.3521 0.2058
vn -0.4167 0.9080 -0.0436
vn -0.6087 -0.5645 -0.5575
vn 0.0818 0.5736 0.8150
vn 0.6163 0.3010 -0.7278
vn 0.2001 -0.6105 -0.7663
vn 0.6534 0.5967 0.4660
vn 0.8101 -0.3262 -0.4872
vn 0.1757 0.3262 0.9288
vn 0.5229 -0.4446 -0.7273
vn 0.6220 0.3670 -0.6917
vn 0.4223 0.7935 -0.4382
vn 0.9084 0.3734 0.1883
vn -0.5598 0.2670 0.7845
vn -0.6479 0.0599 0.7594
vn 0.5933 -0.8049 0.0094
vn -0.5142 0.5518 0.6566
vn 0.9648 0.1986 0.1724
vn -0.3563 0.2515 -0.8999
vn -0.3739 -0.5322 0.7596
vn -0.8620 0.0728 0.5017
vn -0.1243 0.2731 0.9539
vn -0.7392 0.0434 0.6720
vn 0.6891 0.1956 0.6978
vn 0.6709 0.2081 0.7117
vn -0.7965 0.5085 0.3270
vn 0.4390 0.8057 -0.3977
vn -0.3893 0.9184 0.0699
vn -0.2907 0.7799 -0.5543
vn -0.3862 0.9116 -0.1405
vn 0.9119 0.3083 0.2707
vn -0.8475 0.0151 0.5306
vn 0.5892 0.6666 -0.4565
vn 0.3663 -0.6149 -0.6984
vn 0.0199 0.4497 0.8929
vn -0.7878 -0.2022 0.5818
vn -0.5302 0.6383 -0.5581
vn 0.8442 0.4883 0.2211
vn -0.3459 0.5168 0.7831
vn -0.7385 0.4421 -0.5090
vn -0.3915 0.5001 0.7724
vn -0.4954 0.4327 0.7532
vn 0.3446 0.0725 0.9359
vn 0.3238 0.8840 -0.3371
vn -0.8941 0.3682 -0.2551
vn -0.2131 -0.6150 0.7592
vn 0.1295 -0.7631 -0.6331
vn -0.6681 0.2601 0.6972
vn 0.2343 -0.9706 -0.0560
vn 0.2492 0.9621 0.1108
vn -0.3913 0.2174 0.8942
vn -0.8216 -0.0918 0.5626
vn -0.0292 0.9746 -0.2221
vn 0.6836 0.6384 -0.3539
vn 0.6910 0.3678 -0.6223
vn -0.4724 0.3369 0.8144
vn -0.6304 -0.3517 -0.6920
vn 0.6281 0.6148 -0.4769
vn -0.4328 0.5473 0.7163
vn 0.3633 0.3862 0.8479
vn -0.4967 0.6390 -0.5873
vn -0.3504 0.0796 0.9332
vn 0.5718 -0.1503 0.8065
vn 0.3614 -0.9216 0.1414
vn 0.3105 -0.8726 0.3770
vn -0.4714 0.1623 -0.8668
vn -0.7095 0.3129 -0.6314
vn -0.2923 -0.5485 -0.7834
vn -0.1316 0.6207 0.7729
vn -0.0353 -0.5741 -0.8180
vn -0.7274 0.5205 -0.4472
vn 0.5993 -0.5535 -0.5784
vn -0.3727 0.8644 -0.3375
vn -0.4102 0.9015 0.1381
vn -0.5667 0.5915 -0.5736
vn -0.5535 0.7593 0.3422
vn 0.3238 -0.8286 -0.4568
vn -0.6332 0.7617 -0.1375
vn -0.1922 0.9650 -0.1783
vn -0.3505 0.5776 0.7372
vn -0.6123 0.0538 0.7888
vn -0.6322 0.1133 0.7664
vn 0.6540 0.6408 -0.4022
vn 0.5832 0.6968 -0.4176
vn 0.4649 0.7805 -0.4178
vn 0.4095 -0.7218 0.5579
vn -0.0082 -0.6708 -0.7416
vn 0.6702 -0.6522 0.3543
vn 0.0685 0.4459 0.8924
vn 0.0751 0.4460 0.8919
vn 0.8230 0.2387 -0.5155
vn 0.5831 0.6916 -0.4263
vn -0.4668 0.4059 0.7857
vn 0.2552 -0.9624 -0.0927
vn -0.6242 0.7061 -0.3343
vn 0.8596 0.2420 -0.4499
vn 0.3261 0.8322 -0.4485
vn -0.9449 0.2516 -0.2096
vn 0.6978 0.3386 -0.6312
vn -0.8938 0.0127 -0.4482
vn -0.2247 -0.7268 0.6491
vn -0.3711 0.6001 -0.7087
vn 0.1936 -0.8165 0.5439
vn 0.3166 -0.2334 0.9194
vn 0.1174 0.6405 -0.7589
vn 0.8668 0.4044 -0.2918
vn -0.9716 -0.1688 0.1657
vn 0.4541 -0.2907 0.8422
vn -0.3621 0.9260 -0.1070
vn -0.4093 0.8841 0.2256
vn -0.4890 -0.3624 -0.7934
vn 0.4790 -0.2818 0.8313
vn -0.6727 0.5452 -0.5002
vn -0.3416 0.8950 0.2868
vn 0.5214 0.8009 0.2945
vn 0.7667 -0.6394 0.0571
vn -0.4736 -0.8801 0.0325
vn -0.0135 0.4867 0.8735
vn -0.2186 0.9112 -0.3492
vn 0.7882 0.5057 -0.3506
vn 0.5911 0.6004 -0.5386
vn 0.0165 -0.7054 0.7086
vn 0.9020 0.3589 0.2400
vn -0.8080 -0.5568 -0.1924
vn -0.9720 -0.2175 -0.0885
vn 0.1360 0.6763 0.7240
vn -0.1176 0.9927 -0.0258
vn -0.6335 -0.1958 0.7486
vn 0.9169 0.2531 0.3086
vn 0.9428 0.2142 0.2554
vn -0.6056 -0.5202 -0.6022
vn 0.8686 0.2809 0.4081
vn -0.7098 -0.0422 0.7031
vn -0.7112 0.6296 0.3128
vn 0.4202 -0.6261 -0.6569
vn 0.4979 0.7486 -0.4379
vn 0.5501 0.4716 -0.6892
vn -0.1292 -0.4106 -0.9026
vn -0.6331 0.0309 -0.7734
vn -0.3015 0.9247 -0.2327
vn -0.5595 0.6324 -0.5358
vn -0.4959 0.8666 -0.0557
vn 0.3289 0.4161 0.8477
vn -0.6851 -0.1251 0.7176
vn -0.5447 0.7314 -0.4103
vn 0.2247 0.5374 -0.8129
vn -0.4697 0.5263 0.7088
vn -0.6746 -0.1202 0.7284
vn -0.1875 0.9618 -0.1994
vn 0.3276 0.4354 0.8385
vn -0.4944 0.2489 -0.8328
vn -0.4046 0.9054 0.1287
vn -0.4980 0.4472 -0.7430
vn -0.0279 -0.9198 0.3915
vn 0.9162 0.3245 0.2352
vn -0.0563 -0.6034 -0.7954
vn -0.6711 0.6525 0.3520
vn -0.5512 0.1906 0.8123
vn -0.0088 0.9921 -0.1254
vn -0.6230 0.6485 -0.4374
vn -0.0922 0.4702 0.8777
vn 0.0120 -0.7610 -0.6486
vn 0.8694 0.4377 0.2292
vn -0.3664 0.7329 0.5733
vn 0.6724 0.6082 -0.4219
vn -0.6541 0.7281 -0.2047
vn 0.0869 -0.8723 0.4812
vn -0.6147 0.0967 -0.7828
vn -0.5580 0.1216 0.8209
vn -0.3662 0.9090 -0.1989
vn 0.9580 0.2044 0.2013
vn -0.1562 0.9353 0.3176
vn 0.0633 -0.4569 -0.8873
vn -0.5239 0.3502 0.7764
vn -0.3158 0.4011 0.8599
vn -0.6517 0.2825 0.7039
vn -0.7110 0.2654 0.6512
vn 0.1565 -0.8802 0.4481
vn -0.0225 0.5814 -0.8133
vn -0.2968 0.9274 -0.2278
vn 0.1326 -0.3781 -0.9162
vn -0.6028 0.7972 0.0332
vn -0.4761 -0.7328 0.4862
vn 0.1806 -0.4232 -0.8879
vn -0.2454 0.9078 -0.3400
vn -0.3636 -0.7993 0.4785
vn -0.4457 -0.8522 0.2740
vn -0.7264 0.4664 -0.5048
vn -0.7490 0.6610 -0.0456
vn 0.5002 0.7570 -0.4204
vn 0.1032 -0.4464 -0.8889
vn -0.6839 0.1449 -0.7150
vn -0.7822 -0.2751 0.5590
vn 0.9293 0.2525 0.2695
vn 0.6692 0.6309 0.3925
vn -0.0370 0.4316 0.9013
vn -0.5595 0.4999 0.6611
vn -0.4548 0.8693 0.1934
vn 0.8053 0.2544 0.5356
vn -0.3147 -0.2617 0.9124
vn -0.6980 0.7144 0.0479
vn -0.0750 0.8469 -0.5264
vn -0.4637 0.6114 -0.6412
vn -0.3048 0.4640 0.8318
vn -0.6211 -0.0810 0.7795
vn -0.5991 -0.3866 -0.7012
vn -0.2643 0.3559 -0.8964
vn -0.3711 0.8762 -0.3077
vn 0.8966 0.3703 0.2429
vn -0.3661 -0.7446 -0.5581
vn -0.9453 -0.1589 -0.2849
vn -0.6765 -0.5477 0.4924
vn 0.7248 -0.4497 0.5220
vn 0.0226 0.4888 0.8721
vn 0.3296 0.6354 -0.6983
vn -0.8229 0.4044 0.3991
vn -0.2722 0.3678 -0.8892
vn -0.6472 0.1899 0.7383
vn -0.0121 0.4749 0.8799
vn -0.7995 -0.4590 0.3874
vn 0.5067 0.8004 -0.3204
vn -0.4335 0.8979 0.0767
vn -0.3233 -0.5777 -0.7495
vn -0.1914 -0.7605 -0.6204
vn -0.4545 -0.6348 0.6248
vn 0.9297 0.3232 0.1767
vn -0.5432 0.6359 -0.5482
vn 0.8129 0.5428 -0.2110
vn 0.6122 0.3802 -0.6933
vn -0.4286 0.8988 0.0915
vn -0.4461 0.1580 -0.8809
vn -0.9202 -0.0427 -0.3892
vn 0.2149 -0.9073 -0.3615
vn -0.7017 0.6376 0.3180
vn 0.9190 0.2088 0.3345
vn -0.6427 0.0927 0.7605
vn 0.8855 0.2743 0.3750
vn 0.8823 0.3243 0.3411
vn -0.3380 0.4667 0.8173
vn -0.9402 0.3387 0.0349
vn -0.5566 0.1317 -0.8203
vn -0.3076 0.9501 -0.0528
vn 0.0892 -0.4112 0.9072
vn -0.0780 0.4313 0.8988
vn -0.0850 0.8165 0.5711
vn 0.4629 0.7770 -0.4265
vn 0.2170 -0.8765 -0.4297
vn -0.5174 -0.1191 -0.8474
vn 0.9168 0.3397 0.2097
vn 0.4061 -0.6073 -0.6829
vn 0.8490 0.3935 -0.3526
vn 0.0927 0.9596 -0.2656
vn 0.6478 0.1652 0.7437
vn -0.1201 0.6097 0.7835
vn 0.1406 -0.5823 -0.8007
vn 0.1298 -0.9467 0.2947
vn -0.8328 0.1875 0.5209
vn -0.6735 -0.1242 0.7286
vn 0.3062 -0.6077 -0.7328
vn 0.8648 0.0423 -0.5004
vn 0.9796 -0.0224 0.1995
vn -0.6268 -0.3885 -0.6754
vn 0.3597 -0.2154 -0.9079
vn 0.0879 -0.4691 -0.8787
vn -0.1364 0.5955 0.7917
vn -0.7708 -0.3536 -0.5299
vn 0.5848 0.0756 -0.8077
vn -0.2969 0.2159 -0.9302
vn 0.8297 0.1040 -0.5485
vn 0.4136 0.8231 -0.3891
vn 0.0592 -0.9123 -0.4053
vn 0.7177 0.3184 -0.6193
vn -0.0901 -0.5641 -0.8207
vn 0.4661 -0.8486 0.2503
vn -0.3760 0.5532 0.7433
vn 0.6515 0.6535 -0.3854
vn -0.3559 0.9328 -0.0567
vn 0.8931 0.4321 0.1251
vn 0.8447 0.4191 -0.3329
vn 0.5678 0.7806 -0.2614
vn 0.1101 0.3082 0.9449
vn 0.0298 -0.3186 -0.9474
vn 0.3795 -0.2999 -0.8752
vn 0.1586 0.5143 -0.8428
vn 0.0332 -0.1594 0.9867
vn -0.9390 -0.2755 0.2060
vn 0.3440 0.7601 -0.5513
vn 0.8357 -0.4019 0.3743
vn 0.7404 -0.2994 0.6018
vn 0.1932 -0.6071 -0.7708
vn -0.5973 -0.3828 -0.7048
vn -0.5249 0.8480 0.0734
vn 0.6988 0.6202 -0.3564
vn -0.5478 0.3000 -0.7809
vn 0.2643 -0.1505 -0.9526
vn 0.8155 0.2558 0.5192
vn -0.5623 -0.0537 -0.8252
vn -0.3927 0.9167 -0.0740
vn -0.4848 0.3876 0.7841
vn -0.8990 -0.3190 -0.3000
vn 0.1744 -0.5599 -0.8100
vn 0.0988 0.4305 0.8972
vn -0.1998 -0.2802 -0.9389
vn -0.5766 0.5654 -0.5898
vn -0.7836 -0.1947 0.5900
vn -0.6070 0.1059 0.7876
vn 0.9182 0.3168 0.2378
vn -0.4616 0.5381 0.7052
vn -0.4301 0.6795 0.5944
vn 0.2936 0.4771 -0.8284
vn 0.5972 0.5808 -0.5532
vn -0.0985 0.8647 -0.4926
vn 0.1000 0.4835 0.8696
vn 0.5217 -0.4846 -0.7021
vn -0.5956 0.5672 -0.5689
vn -0.4183 0.8942 0.1596
vn -0.4155 0.8968 -0.1519
vn -0.0500 -0.7410 -0.6697
vn 0.7541 0.4000 -0.5210
vn 0.7043 0.1271 0.6984
vn 0.3582 -0.5902 -0.7235
vn -0.8527 -0.4052 0.3298
vn -0.3371 0.9011 -0.2729
vn -0.2363 0.4291 0.8718
vn 0.2473 0.5697 -0.7837
vn -0.8272 0.3985 0.3961
vn -0.4767 0.7532 0.4532
vn -0.4733 0.7933 0.3831
vn 0.8483 0.5284 0.0351
vn -0.7010 -0.4224 0.5746
vn 0.9241 0.2936 0.2447
vn 0.9368 0.2560 0.2386
vn 0.8084 0.4847 -0.3340
vn -0.4337 0.8952 0.1024
vn -0.4762 0.8779 0.0491
vn -0.3064 -0.2411 -0.9209
vn 0.8549 0.4475 -0.2625
vn 0.3622 -0.5711 -0.7367
vn 0.4109 -0.5986 -0.6876
vn -0.4811 -0.0470 0.8754
vn -0.8641 -0.3388 -0.3723
vn 0.0447 -0.4550 -0.8894
vn 0.2360 0.5773 0.7817
vn -0.6492 -0.1373 0.7481
vn -0.4878 0.1406 -0.8616
vn -0.3427 -0.0039 -0.9394
vn -0.3947 0.9188 0.0080
vn -0.5202 0.7061 0.4804
vn 0.5759 0.0450 0.8163
vn -0.0879 0.5538 0.8280
vn 0.3104 0.8268 -0.4692
vn -0.4791 0.8728 0.0937
vn 0.7532 0.2922 0.5893
vn -0.4333 0.8965 0.0924
vn -0.4279 0.9001 0.0819
vn -0.4321 0.8982 0.0810
vn -0.4383 0.8942 0.0913
vn 0.2467 -0.8621 -0.4427
vn -0.3956 0.4506 0.8003
vn -0.1369 0.5174 0.8447
vn 0.2617 -0.9647 -0.0301
vn -0.1275 0.9890 -0.0750
vn -0.0204 -0.5421 -0.8401
vn 0.2277 0.9500 -0.2136
vn -0.5689 0.1990 -0.7980
vn 0.1712 0.8442 -0.5080
vn -0.7215 0.0445 0.6910
vn -0.5086 0.8332 0.2169
vn -0.0123 -0.5219 -0.8529
vn 0.9188 0.3243 0.2249
vn 0.9186 0.3200 0.2319
vn -0.8984 0.3971 -0.1875
vn 0.2371 0.8276 -0.5088
vn -0.6570 -0.0696 0.7507
vn -0.4760 0.4483 0.7566
vn 0.4715 0.7901 -0.3918
vn -0.6761 0.3998 -0.6189
vn 0.0898 0.2880 0.9534
vn 0.5919 0.2974 0.7491
vn 0.9434 0.2043 0.2613
vn -0.2833 -0.6138 -0.7369
vn -0.3809 -0.0373 -0.9239
vn -0.3226 -0.4729 -0.8200
vn -0.0983 -0.9431 -0.3176
vn -0.7414 0.6313 0.2277
vn 0.9668 0.2529 -0.0358
vn 0.1721 0.1664 -0.9709
vn -0.7067 0.6351 -0.3117
vn -0.6112 0.0939 0.7858
vn 0.8691 -0.1968 0.4537
vn -0.9331 0.0801 -0.3506
vn 0.5548 0.6990 -0.4512
vn 0.0672 -0.0296 -0.9973
vn -0.0818 0.0392 -0.9959
vn 0.1644 -0.3090 -0.9367
vn 0.0941 -0.7611 0.6417
vn 0.1035 -0.9709 -0.2158
vn 0.6896 -0.2726 -0.6710
vn -0.2086 0.4222 0.8822
vn 0.8010 0.2263 -0.5542
vn 0.9923 0.0698 0.1021
vn -0.5270 0.3959 -0.7520
vn -0.3617 0.9322 -0.0137
vn -0.5095 -0.3144 -0.8010
vn -0.4240 -0.8633 -0.2736
vn -0.6562 -0.7488 -0.0935
vn 0.2151 0.0923 -0.9722
vn -0.7345 -0.6710 -0.1018
vn -0.6973 0.6107 -0.3753
vn -0.3034 0.4119 -0.8592
vn 0.8178 0.3384 0.4654
vn -0.0198 -0.8034 -0.5952
vn 0.4931 0.7867 -0.3714
vn 0.7935 0.4569 -0.4021
vn -0.4059 -0.8944 -0.1878
vn 0.7573 0.5308 -0.3804
vn 0.9109 0.4124 -0.0126
vn 0.2661 -0.7070 -0.6553
vn 0.5670 0.5337 -0.6274
vn -0.2392 -0.4522 -0.8593
vn -0.0694 -0.4552 -0.8877
vn -0.4046 -0.9131 -0.0509
vn -0.4037 -0.9147 -0.0208
vn -0.4857 -0.8717 -0.0650
vn -0.4174 -0.8691 -0.2654
vn -0.1600 -0.9604 -0.2282
vn 0.7177 0.6293 -0.2980
vn 0.8828 -0.0447 -0.4676
vn 0.7360 -0.2736 -0.6193
vn -0.2844 0.5883 -0.7570
vn 0.5972 0.2724 -0.7544
vn 0.8070 -0.5901 -0.0239
vn 0.8155 0.4860 -0.3143
vn 0.7425 -0.1249 -0.6581
vn 0.7531 0.1784 -0.6333
vn -0.3140 0.9120 -0.2639
vn -0.7460 -0.6486 0.1509
vn 0.6381 -0.4402 -0.6317
vn -0.9091 0.0535 -0.4131
vn 0.7474 0.5435 -0.3820
vn 0.3433 0.8748 -0.3418
vn -0.1271 -0.8571 -0.4992
vn -0.5105 0.6912 0.5115
vn 0.4124 -0.5968 -0.6883
vn 0.6922 0.3017 -0.6556
vn -0.6245 0.7733 -0.1093
vn 0.3143 0.8271 0.4659
vn -0.4602 0.8877 -0.0178
vn -0.4447 0.8875 -0.1205
vn -0.3831 0.9231 0.0324
vn -0.8399 0.5004 -0.2103
vn -0.8947 0.4389 -0.0826
vn -0.8761 0.3173 -0.3631
vn -0.4961 0.0783 -0.8647
vn -0.4649 0.8540 0.2337
vn -0.4507 0.7758 0.4417
vn -0.4647 0.1625 -0.8704
vn -0.3441 0.2748 -0.8978
vn -0.3039 0.7680 0.5638
vn -0.6091 0.6235 -0.4901
vn 0.1064 0.9326 0.3448
vn 0.3346 0.4794 0.8113
vn -0.0330 -0.1431 0.9892
vn -0.7802 -0.2338 0.5802
vn -0.0676 0.9879 -0.1393
vn -0.0893 -0.8066 -0.5843
vn -0.6062 0.7907 0.0851
vn 0.8953 0.3735 -0.2428
vn 0.9066 0.3654 0.2108
vn 0.9164 0.3317 0.2241
vn 0.9423 -0.3345 -0.0127
vn -0.0499 -0.7601 0.6479
vn -0.8800 0.1498 -0.4507
vn -0.0637 -0.7718 0.6327
vn 0.4284 0.8693 0.2466
vn 0.8727 -0.3438 0.3466
vn -0.3188 0.7205 0.6158
vn -0.2641 0.4371 0.8598
vn -0.4759 0.4723 0.7419
vn -0.7168 0.5775 -0.3907
vn 0.4131 0.6814 0.6042
vn 0.2756 -0.6567 -0.7020
vn 0.1633 0.2052 0.9650
vn -0.1327 0.8419 -0.5230
vn 0.2868 0.5956 -0.7503
vn -0.6662 -0.6789 0.3085
vn -0.3391 0.8890 0.3076
vn 0.8687 0.4219 0.2594
vn 0.3498 -0.7139 0.6066
vn 0.5431 -0.5433 0.6402
vn -0.6322 -0.0853 -0.7701
vn -0.6035 -0.2304 0.7633
vn 0.1137 -0.7200 0.6846
vn 0.7832 -0.6093 -0.1239
vn 0.1072 0.2368 0.9656
vn -0.9722 -0.1082 -0.2076
vn -0.5265 -0.8308 -0.1805
vn 0.1967 -0.9797 -0.0389
vn -0.4350 -0.5029 -0.7469
vn -0.7250 -0.6147 -0.3107
vn 0.1240 0.4587 -0.8799
vn -0.7003 -0.5483 0.4571
vn -0.4876 0.4464 0.7503
vn -0.8837 0.2134 0.4167
vn -0.5142 0.4370 0.7380
vn 0.7418 0.4358 -0.5097
vn 0.6567 0.2559 -0.7094
vn -0.5497 0.8030 0.2303
vn -0.8701 -0.0171 -0.4926
vn -0.8991 -0.1439 -0.4135
vn -0.1315 -0.5813 -0.8030
vn -0.5962 0.1086 0.7955
vn 0.2013 0.1216 -0.9720
vn 0.6978 0.2789 -0.6598
vn -0.3890 0.8850 0.2558
vn -0.4002 -0.0340 -0.9158
vn -0.6730 0.0621 0.7371
vn -0.8353 -0.0646 -0.5460
vn 0.6862 -0.7257 -0.0490
vn -0.2784 0.5479 0.7889
vn 0.1646 -0.7050 0.6899
vn -0.0010 0.1317 0.9913
vn 0.7517 0.2833 0.5955
vn 0.9722 0.2220 -0.0742
vn -0.0564 -0.7253 0.6861
vn -0.1325 -0.9517 -0.2769
vn 0.2801 -0.9456 -0.1656
vn -0.7566 0.3916 0.5237
vn 0.0235 -0.2725 0.9619
vn -0.0030 -0.9489 0.3157
vn -0.7126 -0.2915 -0.6381
vn 0.5498 0.6845 -0.4788
vn -0.4687 0.5245 0.7108
vn 0.3548 -0.4940 -0.7938
vt 0.678733 0.205543
vt 0.680806 0.205092
vt 0.681118 0.208034
vt 0.957193 0.790094
vt 0.959531 0.787791
vt 0.959531 0.788993
vt 0.802205 0.404998
vt 0.803515 0.406030
vt 0.802205 0.408189
vt 0.803261 0.408535
vt 0.693348 0.418260
vt 0.693348 0.415264
vt 0.696209 0.415364
vt 0.695494 0.417785
vt 0.774453 0.401281
vt 0.776531 0.403149
vt 0.774453 0.404813
vt 0.303675 0.525169
vt 0.303786 0.527909
vt 0.301794 0.526958
vt 0.779534 0.400163
vt 0.777454 0.399257
vt 0.779534 0.397737
vt 0.777239 0.397571
vt 0.192989 0.889282
vt 0.195653 0.889678
vt 0.199913 0.893452
vt 0.675287 0.418326
vt 0.675287 0.415793
vt 0.676887 0.416745
vt 0.675728 0.414053
vt 0.678050 0.413972
vt 0.678609 0.415488
vt 0.305278 0.488236
vt 0.303753 0.485609
vt 0.308447 0.481874
vt 0.687465 0.208576
vt 0.686163 0.206044
vt 0.689169 0.204943
vt 0.689825 0.207732
vt 0.784402 0.416966
vt 0.783164 0.417097
vt 0.783164 0.414311
vt 0.785347 0.414095
vt 0.597803 0.026857
vt 0.595648 0.032341
vt 0.595288 0.027288
vt 0.891219 0.298603
vt 0.899586 0.299010
vt 0.898815 0.301485
vt 0.951874 0.804110
vt 0.954002 0.806871
vt 0.952577 0.806784
vt 0.691325 0.209993
vt 0.692699 0.206618
vt 0.693702 0.209101
vt 0.292501 0.939796
vt 0.293029 0.942191
vt 0.288698 0.938875
vt 0.664935 0.216431
vt 0.667645 0.215509
vt 0.668630 0.218109
vt 0.666261 0.218151
vt 0.959800 0.805889
vt 0.958692 0.802755
vt 0.960580 0.803137
vt 0.692081 0.409500
vt 0.693402 0.407346
vt 0.695160 0.407922
vt 0.731510 0.418291
vt 0.729652 0.417710
vt 0.728406 0.414927
vt 0.728665 0.411176
vt 0.730106 0.414174
vt 0.663186 0.218582
vt 0.666872 0.220959
vt 0.291754 0.574687
vt 0.294205 0.570277
vt 0.293241 0.572689
vt 0.962148 0.810483
vt 0.961297 0.810869
vt 0.960768 0.808659
vt 0.963460 0.809125
vt 0.631269 0.500585
vt 0.607411 0.497780
vt 0.608045 0.495700
vt 0.291675 0.568084
vt 0.293654 0.567779
vt 0.294894 0.568588
vt 0.285297 0.721119
vt 0.288562 0.721619
vt 0.287287 0.723628
vt 0.172941 0.924984
vt 0.171989 0.927962
vt 0.166003 0.926200
vt 0.292661 0.641096
vt 0.290645 0.652556
vt 0.291183 0.638470
vt 0.106338 0.439577
vt 0.106095 0.436894
vt 0.108217 0.436361
vt 0.047296 0.617225
vt 0.045716 0.620572
vt 0.026069 0.614702
vt 0.768158 0.398528
vt 0.766010 0.400192
vt 0.766007 0.397648
vt 0.569734 0.482269
vt 0.569126 0.484865
vt 0.567200 0.483651
vt 0.293700 0.635066
vt 0.291159 0.635511
vt 0.291082 0.632726
vt 0.294307 0.639592
vt 0.294564 0.637167
vt 0.292884 0.637254
vt 0.857821 0.577046
vt 0.854285 0.577495
vt 0.853239 0.572036
vt 0.660792 0.416125
vt 0.662762 0.404319
vt 0.663389 0.416886
vt 0.867178 0.475000
vt 0.872998 0.477189
vt 0.876192 0.479448
vt 0.232576 0.874641
vt 0.230786 0.879615
vt 0.227510 0.880922
vt 0.788836 0.102507
vt 0.787330 0.096995
vt 0.790387 0.101552
vt 0.286857 0.925837
vt 0.287190 0.923324
vt 0.290503 0.920800
vt 0.564988 0.179412
vt 0.565084 0.182830
vt 0.563834 0.184084
vt 0.534162 0.925157
vt 0.531335 0.923938
vt 0.533272 0.922761
vt 0.809542 0.550879
vt 0.808364 0.554143
vt 0.804001 0.535607
vt 0.807179 0.240103
vt 0.804769 0.238629
vt 0.806888 0.237421
vt 0.675464 0.211984
vt 0.673787 0.213021
vt 0.673067 0.210635
vt 0.278268 0.534773
vt 0.279900 0.525990
vt 0.280802 0.534987
vt 0.568334 0.301260
vt 0.533340 0.358124
vt 0.560886 0.286721
vt 0.294754 0.553885
vt 0.292741 0.553373
vt 0.292331 0.551446
vt 0.294673 0.551278
vt 0.432135 0.251778
vt 0.441140 0.258760
vt 0.438695 0.260570
vt 0.292132 0.549987
vt 0.258677 0.798323
vt 0.264588 0.798020
vt 0.264415 0.800931
vt 0.117541 0.328280
vt 0.125338 0.339880
vt 0.102538 0.339778
vt 0.646983 0.257977
vt 0.650963 0.256943
vt 0.649736 0.258625
vt 0.084001 0.889903
vt 0.087151 0.887797
vt 0.086518 0.889823
vt 0.418260 0.928113
vt 0.420724 0.919523
vt 0.423107 0.920595
vt 0.846603 0.600359
vt 0.841478 0.598072
vt 0.847041 0.598874
vt 0.944684 0.906737
vt 0.946313 0.914445
vt 0.932760 0.920142
vt 0.491695 0.285597
vt 0.486498 0.292400
vt 0.486923 0.289029
vt 0.761342 0.725242
vt 0.774186 0.726011
vt 0.760721 0.727082
vt 0.842713 0.946860
vt 0.842952 0.949185
vt 0.839924 0.949123
vt 0.438153 0.081926
vt 0.441100 0.081431
vt 0.440339 0.083554
vt 0.964412 0.336916
vt 0.966236 0.339073
vt 0.964208 0.339537
vt 0.845869 0.941679
vt 0.848779 0.940109
vt 0.848399 0.943626
vt 0.731184 0.540504
vt 0.730473 0.537925
vt 0.732830 0.539275
vt 0.294754 0.539833
vt 0.294314 0.541801
vt 0.292895 0.539221
vt 0.291912 0.542292
vt 0.284423 0.935976
vt 0.283900 0.934279
vt 0.285303 0.931228
vt 0.685623 0.021465
vt 0.689915 0.021784
vt 0.688556 0.023502
vt 0.255301 0.465673
vt 0.252695 0.468279
vt 0.253094 0.464963
vt 0.289843 0.872399
vt 0.292668 0.865800
vt 0.291490 0.871486
vt 0.488130 0.729041
vt 0.490451 0.729239
vt 0.487281 0.730922
vt 0.283165 0.729226
vt 0.284734 0.725061
vt 0.285673 0.729016
vt 0.745395 0.032763
vt 0.747507 0.030405
vt 0.749912 0.031844
vt 0.361562 0.251119
vt 0.362177 0.239588
vt 0.369464 0.243849
vt 0.469203 0.960992
vt 0.485518 0.958804
vt 0.477903 0.962579
vt 0.650259 0.237239
vt 0.652475 0.240423
vt 0.649839 0.239416
vt 0.691376 0.411357
vt 0.691541 0.415264
vt 0.690203 0.413475
vt 0.289597 0.816384
vt 0.290935 0.818781
vt 0.288746 0.819161
vt 0.003377 0.422034
vt 0.001022 0.419715
vt 0.003086 0.418583
vt 0.755396 0.418438
vt 0.754610 0.413377
vt 0.756666 0.414145
vt 0.957969 0.799647
vt 0.960339 0.800676
vt 0.868316 0.120228
vt 0.864958 0.119215
vt 0.867246 0.117797
vt 0.893806 0.650128
vt 0.894581 0.646650
vt 0.895562 0.649229
vt 0.291231 0.895478
vt 0.292308 0.898692
vt 0.291402 0.901263
vt 0.081281 0.001834
vt 0.084858 0.004111
vt 0.083116 0.005110
vt 0.017431 0.050557
vt 0.013580 0.054803
vt 0.012622 0.053725
vt 0.042666 0.841311
vt 0.045769 0.843163
vt 0.043916 0.843731
vt 0.741441 0.270427
vt 0.740395 0.273675
vt 0.739007 0.271908
vt 0.822748 0.062128
vt 0.818333 0.062425
vt 0.821251 0.061180
vt 0.061014 0.558837
vt 0.028652 0.568281
vt 0.034220 0.564678
vt 0.189272 0.889609
vt 0.189396 0.897749
vt 0.294564 0.620333
vt 0.291336 0.628897
vt 0.291204 0.620495
vt 0.691782 0.203797
vt 0.920547 0.500477
vt 0.918810 0.500876
vt 0.917976 0.479975
vt 0.876250 0.135299
vt 0.866310 0.121730
vt 0.774453 0.406327
vt 0.776354 0.408094
vt 0.774651 0.409034
vt 0.452045 0.955246
vt 0.449867 0.951850
vt 0.450812 0.949381
vt 0.956044 0.764926
vt 0.957495 0.762829
vt 0.959870 0.763842
vt 0.512953 0.755754
vt 0.512077 0.752685
vt 0.513820 0.753431
vt 0.283923 0.776502
vt 0.285761 0.776136
vt 0.286380 0.781880
vt 0.554158 0.174168
vt 0.556656 0.171973
vt 0.555828 0.174732
vt 0.759915 0.165707
vt 0.765827 0.164461
vt 0.760927 0.167920
vt 0.409854 0.882149
vt 0.409392 0.885299
vt 0.407586 0.883638
vt 0.833860 0.279845
vt 0.833723 0.275902
vt 0.834333 0.277671
vt 0.073873 0.748317
vt 0.073131 0.744415
vt 0.077060 0.745385
vt 0.077057 0.659089
vt 0.085366 0.658635
vt 0.075317 0.672565
vt 0.509665 0.103493
vt 0.514945 0.105863
vt 0.511820 0.114905
vt 0.232069 0.698747
vt 0.233549 0.698033
vt 0.235358 0.696915
vt 0.832142 0.281987
vt 0.830942 0.284463
vt 0.827793 0.281872
vt 0.645433 0.250701
vt 0.649721 0.246665
vt 0.646821 0.252461
vt 0.858126 0.580249
vt 0.852495 0.582468
vt 0.194179 0.299868
vt 0.192969 0.297631
vt 0.197868 0.294873
vt 0.791538 0.184301
vt 0.788800 0.183410
vt 0.790124 0.183023
vt 0.699926 0.026394
vt 0.695196 0.024256
vt 0.698241 0.024386
vt 0.229312 0.884255
vt 0.229527 0.881951
vt 0.489510 0.872753
vt 0.493051 0.867892
vt 0.491843 0.873757
vt 0.250096 0.445318
vt 0.250595 0.448918
vt 0.248779 0.446511
vt 0.785175 0.405286
vt 0.783474 0.407281
vt 0.783474 0.404813
vt 0.414696 0.930228
vt 0.411616 0.933026
vt 0.409240 0.933663
vt 0.820211 0.806594
vt 0.822514 0.793506
vt 0.824538 0.793806
vt 0.796960 0.205391
vt 0.795658 0.209053
vt 0.794778 0.206365
vt 0.774905 0.397571
vt 0.777239 0.400399
vt 0.775075 0.400367
vt 0.766702 0.247161
vt 0.770402 0.241992
vt 0.771073 0.243808
vt 0.210598 0.273149
vt 0.200870 0.282817
vt 0.193395 0.286305
vt 0.210607 0.794047
vt 0.213915 0.792852
vt 0.212669 0.795022
vt 0.696787 0.224797
vt 0.695712 0.227817
vt 0.695629 0.225079
vt 0.828538 0.071043
vt 0.829171 0.072636
vt 0.827016 0.072844
vt 0.784457 0.487287
vt 0.783643 0.489721
vt 0.781070 0.489165
vt 0.800824 0.412565
vt 0.799252 0.409580
vt 0.800824 0.409531
vt 0.662604 0.400099
vt 0.662546 0.398087
vt 0.665162 0.398894
vt 0.293716 0.695225
vt 0.291449 0.696698
vt 0.284601 0.682076
vt 0.579437 0.212896
vt 0.577281 0.214250
vt 0.577694 0.211898
vt 0.731510 0.418535
vt 0.733830 0.411927
vt 0.734121 0.417721
vt 0.852602 0.891180
vt 0.852649 0.893950
vt 0.847108 0.886419
vt 0.797466 0.504023
vt 0.802270 0.524947
vt 0.795148 0.504194
vt 0.930635 0.032073
vt 0.920700 0.038910
vt 0.919255 0.029420
vt 0.867640 0.207492
vt 0.865828 0.217320
vt 0.868354 0.195855
vt 0.847919 0.495965
vt 0.857996 0.499152
vt 0.851837 0.542288
vt 0.962295 0.834593
vt 0.964765 0.834038
vt 0.965586 0.836424
vt 0.708895 0.416307
vt 0.707083 0.414611
vt 0.709457 0.414812
vt 0.009181 0.101399
vt 0.006302 0.082039
vt 0.006821 0.058539
vt 0.137447 0.683921
vt 0.096529 0.695603
vt 0.091817 0.691622
vt 0.276135 0.627080
vt 0.273176 0.625941
vt 0.275785 0.625244
vt 0.682390 0.519523
vt 0.682398 0.515525
vt 0.683717 0.513815
vt 0.759305 0.401191
vt 0.761560 0.397807
vt 0.761242 0.400452
vt 0.796266 0.399356
vt 0.794341 0.402282
vt 0.794341 0.399419
vt 0.684254 0.414084
vt 0.683180 0.416745
vt 0.682141 0.413972
vt 0.719033 0.031074
vt 0.718190 0.028338
vt 0.721191 0.029560
vt 0.926404 0.390167
vt 0.925801 0.387639
vt 0.928076 0.387385
vt 0.447698 0.875660
vt 0.447184 0.870282
vt 0.449751 0.870066
vt 0.033707 0.835000
vt 0.033412 0.832315
vt 0.035876 0.831568
vt 0.885965 0.219474
vt 0.884165 0.216032
vt 0.886264 0.214360
vt 0.223893 0.273988
vt 0.221082 0.271376
vt 0.223794 0.272166
vt 0.189804 0.297314
vt 0.190569 0.293892
vt 0.192276 0.295983
vt 0.942292 0.717267
vt 0.945704 0.716493
vt 0.944861 0.718532
vt 0.195518 0.887473
vt 0.190990 0.886196
vt 0.382914 0.879574
vt 0.381417 0.883244
vt 0.380981 0.880363
vt 0.323986 0.064849
vt 0.320607 0.064989
vt 0.322020 0.064356
vt 0.819896 0.877384
vt 0.810917 0.866006
vt 0.821540 0.875615
vt 0.667516 0.555770
vt 0.671384 0.556435
vt 0.669234 0.558313
vt 0.792516 0.402282
vt 0.794341 0.399716
vt 0.793611 0.402207
vt 0.590162 0.147517
vt 0.588801 0.143130
vt 0.591244 0.143251
vt 0.723443 0.881522
vt 0.720868 0.884225
vt 0.701852 0.887197
vt 0.190491 0.635139
vt 0.187725 0.638508
vt 0.187976 0.633133
vt 0.792258 0.115552
vt 0.793620 0.114314
vt 0.792939 0.116545
vt 0.278138 0.673334
vt 0.278009 0.676655
vt 0.276344 0.675082
vt 0.179493 0.885591
vt 0.179560 0.886681
vt 0.176346 0.887366
vt 0.964623 0.488499
vt 0.968119 0.483597
vt 0.971930 0.485588
vt 0.733720 0.278419
vt 0.743415 0.216424
vt 0.743830 0.249590
vt 0.277879 0.123581
vt 0.279330 0.126350
vt 0.277456 0.126287
vt 0.939247 0.556594
vt 0.936589 0.556314
vt 0.938996 0.555441
vt 0.940697 0.555882
vt 0.941444 0.557976
vt 0.817747 0.577868
vt 0.820464 0.580513
vt 0.817868 0.580718
vt 0.281164 0.623901
vt 0.278125 0.622083
vt 0.283462 0.621656
vt 0.665263 0.546911
vt 0.670043 0.550194
vt 0.667964 0.551899
vt 0.293030 0.801271
vt 0.293756 0.799625
vt 0.294510 0.799805
vt 0.294510 0.802859
vt 0.192786 0.289649
vt 0.191144 0.288367
vt 0.171018 0.920014
vt 0.168887 0.917638
vt 0.170030 0.917328
vt 0.172048 0.919160
vt 0.162714 0.954892
vt 0.163593 0.952694
vt 0.162634 0.955233
vt 0.162944 0.957566
vt 0.161405 0.957490
vt 0.160141 0.955424
vt 0.689424 0.548644
vt 0.681409 0.546354
vt 0.682687 0.545302
vt 0.249080 0.434088
vt 0.248953 0.442286
vt 0.241690 0.429883
vt 0.808228 0.410581
vt 0.806028 0.409136
vt 0.808670 0.410644
vt 0.812822 0.397498
vt 0.812934 0.417056
vt 0.811443 0.416974
vt 0.796670 0.406356
vt 0.797129 0.405342
vt 0.798494 0.404998
vt 0.798494 0.407936
vt 0.586864 0.220139
vt 0.584953 0.222053
vt 0.585093 0.219534
vt 0.763318 0.410643
vt 0.761618 0.410137
vt 0.761610 0.407356
vt 0.435202 0.922240
vt 0.434469 0.919551
vt 0.435989 0.919237
vt 0.634682 0.399811
vt 0.634339 0.397776
vt 0.636859 0.397776
vt 0.636828 0.400298
vt 0.801403 0.414431
vt 0.800529 0.414542
vt 0.799382 0.414128
vt 0.799382 0.416605
vt 0.170333 0.936122
vt 0.173794 0.935243
vt 0.173291 0.935760
vt 0.172338 0.938251
vt 0.171780 0.937615
vt 0.557187 0.190791
vt 0.556935 0.189028
vt 0.558427 0.189193
vt 0.675643 0.531760
vt 0.676986 0.530188
vt 0.680908 0.529960
vt 0.709846 0.415981
vt 0.709587 0.413002
vt 0.711593 0.413534
vt 0.682964 0.398183
vt 0.685253 0.398579
vt 0.685530 0.400469
vt 0.682997 0.400792
vt 0.821783 0.706376
vt 0.819291 0.708849
vt 0.819173 0.706614
vt 0.685530 0.397553
vt 0.688380 0.401809
vt 0.685530 0.402774
vt 0.273193 0.629339
vt 0.268728 0.627630
vt 0.438128 0.927003
vt 0.442694 0.931126
vt 0.440385 0.932192
vt 0.808671 0.951165
vt 0.820458 0.944530
vt 0.819861 0.950121
vt 0.703743 0.967195
vt 0.702743 0.969958
vt 0.696709 0.968076
vt 0.557184 0.187250
vt 0.559581 0.185475
vt 0.559877 0.187732
vt 0.947364 0.718435
vt 0.943942 0.720070
vt 0.118390 0.752210
vt 0.118920 0.754691
vt 0.117036 0.754915
vt 0.805611 0.400235
vt 0.806028 0.397498
vt 0.808627 0.398263
vt 0.808040 0.399844
vt 0.800431 0.814754
vt 0.797613 0.819870
vt 0.797867 0.814139
vt 0.617599 0.311535
vt 0.626903 0.319836
vt 0.626538 0.328517
vt 0.616148 0.852159
vt 0.610605 0.843887
vt 0.606271 0.833534
vt 0.783007 0.201714
vt 0.783776 0.207996
vt 0.778986 0.197270
vt 0.693718 0.400395
vt 0.693718 0.402774
vt 0.691194 0.401732
vt 0.748378 0.014866
vt 0.756589 0.024997
vt 0.744272 0.015600
vt 0.943791 0.105164
vt 0.943448 0.103530
vt 0.944995 0.101859
vt 0.716885 0.732390
vt 0.714406 0.732642
vt 0.714998 0.730762
vt 0.726236 0.416716
vt 0.725260 0.415734
vt 0.725715 0.415131
vt 0.563181 0.846547
vt 0.564586 0.848071
vt 0.563998 0.850499
vt 0.690538 0.746767
vt 0.687859 0.746432
vt 0.688270 0.743615
vt 0.781093 0.727937
vt 0.779842 0.728593
vt 0.776892 0.727219
vt 0.773335 0.410446
vt 0.775581 0.412726
vt 0.773178 0.413634
vt 0.783681 0.412238
vt 0.781645 0.410217
vt 0.783709 0.409632
vt 0.293954 0.750282
vt 0.290950 0.750496
vt 0.289339 0.731713
vt 0.830466 0.074257
vt 0.831050 0.073219
vt 0.832784 0.074994
vt 0.026072 0.944485
vt 0.023905 0.939515
vt 0.033816 0.937919
vt 0.540758 0.931665
vt 0.537426 0.931008
vt 0.539747 0.930515
vt 0.404576 0.831927
vt 0.409911 0.833991
vt 0.404451 0.834602
vt 0.444398 0.949727
vt 0.446485 0.952747
vt 0.444290 0.951828
vt 0.513272 0.926433
vt 0.512567 0.924304
vt 0.515127 0.924710
vt 0.745866 0.411004
vt 0.747164 0.416368
vt 0.745866 0.416647
vt 0.594890 0.059290
vt 0.598256 0.054188
vt 0.597378 0.059857
vt 0.293890 0.799625
vt 0.291383 0.799480
vt 0.291396 0.777635
vt 0.270120 0.771547
vt 0.270871 0.775667
vt 0.268969 0.778129
vt 0.260353 0.888080
vt 0.270708 0.907984
vt 0.268925 0.905114
vt 0.920396 0.084814
vt 0.915881 0.086103
vt 0.918449 0.082915
vt 0.924542 0.309914
vt 0.926638 0.314655
vt 0.924802 0.315142
vt 0.730939 0.398318
vt 0.728655 0.402444
vt 0.728406 0.397546
vt 0.678609 0.416491
vt 0.680037 0.414442
vt 0.681292 0.414912
vt 0.793483 0.836948
vt 0.791785 0.832029
vt 0.794528 0.832579
vt 0.709339 0.029141
vt 0.709158 0.026535
vt 0.711196 0.027806
vt 0.077097 0.742551
vt 0.084260 0.744129
vt 0.953563 0.777824
vt 0.952686 0.774356
vt 0.957047 0.777149
vt 0.267464 0.802592
vt 0.265727 0.802574
vt 0.815512 0.933697
vt 0.818858 0.933169
vt 0.819139 0.935699
vt 0.535724 0.071145
vt 0.533555 0.076915
vt 0.532319 0.075046
vt 0.604367 0.417695
vt 0.565950 0.399871
vt 0.561724 0.394002
vt 0.921937 0.505766
vt 0.920347 0.503316
vt 0.922841 0.502437
vt 0.669251 0.605519
vt 0.679824 0.597513
vt 0.711137 0.648366
vt 0.290347 0.821922
vt 0.287505 0.827814
vt 0.770326 0.401006
vt 0.772106 0.400639
vt 0.772231 0.403525
vt 0.523826 0.850476
vt 0.527916 0.846324
vt 0.547294 0.864379
vt 0.515909 0.747879
vt 0.513115 0.747205
vt 0.859650 0.109940
vt 0.859479 0.113533
vt 0.858036 0.111217
vt 0.183906 0.850674
vt 0.186924 0.845228
vt 0.186642 0.850754
vt 0.772400 0.400940
vt 0.774312 0.400639
vt 0.774431 0.403314
vt 0.730939 0.397748
vt 0.733236 0.403002
vt 0.730939 0.403050
vt 0.775161 0.415962
vt 0.773178 0.414033
vt 0.774856 0.414024
vt 0.964729 0.334187
vt 0.963812 0.317306
vt 0.965310 0.317079
vt 0.791225 0.407254
vt 0.789513 0.405573
vt 0.791225 0.404649
vt 0.017136 0.291526
vt 0.018778 0.288159
vt 0.019675 0.290587
vt 0.062233 0.837481
vt 0.062056 0.838785
vt 0.058979 0.839534
vt 0.199328 0.291741
vt 0.199459 0.288065
vt 0.200988 0.289654
vt 0.787642 0.416561
vt 0.789343 0.416384
vt 0.789343 0.417991
vt 0.642913 0.500407
vt 0.643986 0.496988
vt 0.646298 0.500440
vt 0.932407 0.579492
vt 0.931050 0.581719
vt 0.929674 0.580496
vt 0.051180 0.835413
vt 0.048887 0.833007
vt 0.051364 0.833535
vt 0.829126 0.701945
vt 0.827018 0.704787
vt 0.826408 0.702710
vt 0.934438 0.712786
vt 0.924668 0.707009
vt 0.945247 0.702060
vt 0.109635 0.837011
vt 0.112287 0.841291
vt 0.103622 0.841017
vt 0.952527 0.638091
vt 0.951124 0.637202
vt 0.953007 0.635079
vt 0.955775 0.453149
vt 0.954583 0.447390
vt 0.956720 0.448103
vt 0.266669 0.846403
vt 0.266615 0.848900
vt 0.264340 0.851741
vt 0.264404 0.791106
vt 0.260452 0.788980
vt 0.263082 0.789339
vt 0.660268 0.400911
vt 0.660252 0.398867
vt 0.777426 0.412129
vt 0.775581 0.410868
vt 0.777391 0.409799
vt 0.103886 0.459748
vt 0.105864 0.456460
vt 0.106362 0.459277
vt 0.000423 0.582000
vt 0.004271 0.584516
vt 0.000571 0.584658
vt 0.673416 0.012704
vt 0.683982 0.012124
vt 0.682960 0.014341
vt 0.799569 0.205231
vt 0.803527 0.209284
vt 0.797393 0.208058
vt 0.569398 0.410002
vt 0.569033 0.407183
vt 0.571206 0.408325
vt 0.273946 0.232192
vt 0.270466 0.242864
vt 0.272927 0.229854
vt 0.291954 0.802033
vt 0.291029 0.800205
vt 0.293030 0.799625
vt 0.293030 0.802124
vt 0.944338 0.428577
vt 0.943326 0.430181
vt 0.938285 0.429319
vt 0.763417 0.311865
vt 0.765305 0.309924
vt 0.766121 0.311760
vt 0.691122 0.402774
vt 0.688658 0.397852
vt 0.691122 0.398492
vt 0.590462 0.902009
vt 0.585764 0.880981
vt 0.601491 0.909233
vt 0.231039 0.429029
vt 0.232586 0.426581
vt 0.234694 0.427655
vt 0.234421 0.429315
vt 0.292253 0.655236
vt 0.289967 0.656355
vt 0.291090 0.653941
vt 0.013578 0.298075
vt 0.016031 0.300231
vt 0.013711 0.300749
vt 0.671345 0.247505
vt 0.673265 0.245015
vt 0.677769 0.250539
vt 0.634339 0.397498
vt 0.634188 0.399368
vt 0.633376 0.400298
vt 0.632069 0.397498
vt 0.780528 0.400040
vt 0.780214 0.397525
vt 0.782539 0.397525
vt 0.782203 0.399252
vt 0.784414 0.275085
vt 0.786815 0.269786
vt 0.787414 0.271553
vt 0.516184 0.753832
vt 0.192597 0.292689
vt 0.194324 0.294451
vt 0.015679 0.297488
vt 0.014979 0.292315
vt 0.336411 0.695757
vt 0.332099 0.702513
vt 0.330453 0.701220
vt 0.754599 0.400720
vt 0.754990 0.398243
vt 0.756885 0.397831
vt 0.756885 0.401191
vt 0.917519 0.472753
vt 0.917822 0.474512
vt 0.915977 0.475424
vt 0.491132 0.281811
vt 0.493343 0.283358
vt 0.501638 0.828458
vt 0.502713 0.829316
vt 0.500518 0.830975
vt 0.499365 0.829037
vt 0.782539 0.403839
vt 0.782539 0.399991
vt 0.784176 0.401980
vt 0.783840 0.399772
vt 0.482892 0.293998
vt 0.482725 0.302450
vt 0.800665 0.405311
vt 0.801821 0.407906
vt 0.800665 0.408186
vt 0.772667 0.009339
vt 0.769628 0.028578
vt 0.839382 0.261242
vt 0.844903 0.261501
vt 0.842807 0.267258
vt 0.707944 0.411807
vt 0.709326 0.412619
vt 0.797230 0.412678
vt 0.795497 0.411202
vt 0.797230 0.409531
vt 0.796466 0.409595
vt 0.736154 0.282108
vt 0.738015 0.280460
vt 0.738807 0.282583
vt 0.797125 0.417105
vt 0.795191 0.417105
vt 0.796139 0.414768
vt 0.796138 0.414267
vt 0.959071 0.791339
vt 0.962342 0.685004
vt 0.965280 0.691516
vt 0.963290 0.691711
vt 0.779271 0.407032
vt 0.779928 0.405936
vt 0.779273 0.408898
vt 0.714952 0.028831
vt 0.713241 0.029737
vt 0.711737 0.026304
vt 0.831722 0.277685
vt 0.824753 0.276653
vt 0.826307 0.273193
vt 0.787617 0.409591
vt 0.789753 0.410206
vt 0.789572 0.411616
vt 0.787617 0.412570
vt 0.824252 0.580349
vt 0.829727 0.577632
vt 0.829492 0.580020
vt 0.756260 0.407225
vt 0.754088 0.410119
vt 0.754293 0.407203
vt 0.803524 0.400896
vt 0.802068 0.399321
vt 0.803735 0.399692
vt 0.526667 0.767465
vt 0.524139 0.766793
vt 0.525693 0.764942
vt 0.153003 0.831233
vt 0.169639 0.831167
vt 0.171389 0.848436
vt 0.568360 0.202713
vt 0.573518 0.208312
vt 0.543944 0.203200
vt 0.288515 0.351327
vt 0.286395 0.348672
vt 0.288218 0.348544
vt 0.802487 0.412009
vt 0.802993 0.410393
vt 0.804235 0.409531
vt 0.804235 0.411785
vt 0.793650 0.846615
vt 0.792419 0.857010
vt 0.790263 0.855363
vt 0.969083 0.887528
vt 0.967761 0.896127
vt 0.962373 0.893231
vt 0.818333 0.409951
vt 0.815650 0.412875
vt 0.815416 0.407921
vt 0.722466 0.415781
vt 0.721599 0.413657
vt 0.724456 0.414381
vt 0.771148 0.410503
vt 0.769394 0.415936
vt 0.768813 0.412880
vt 0.964097 0.754682
vt 0.961776 0.753644
vt 0.963950 0.750064
vt 0.681436 0.020584
vt 0.683019 0.017851
vt 0.683428 0.019347
vt 0.109713 0.941564
vt 0.108077 0.941836
vt 0.107351 0.939050
vt 0.214883 0.508613
vt 0.220905 0.502474
vt 0.221748 0.504400
vt 0.289422 0.760771
vt 0.291264 0.769568
vt 0.288562 0.769013
vt 0.683721 0.020799
vt 0.686836 0.019205
vt 0.652297 0.417761
vt 0.652329 0.415052
vt 0.654874 0.414961
vt 0.673116 0.015138
vt 0.674109 0.017896
vt 0.671489 0.016604
vt 0.517441 0.103051
vt 0.518548 0.105986
vt 0.516190 0.104409
vt 0.099729 0.935100
vt 0.097119 0.927183
vt 0.098926 0.927236
vt 0.272565 0.763682
vt 0.270171 0.764710
vt 0.268136 0.764631
vt 0.269593 0.762226
vt 0.183793 0.295099
vt 0.187044 0.293134
vt 0.187310 0.298298
vt 0.875163 0.137291
vt 0.878236 0.137304
vt 0.877384 0.139284
vt 0.293103 0.409756
vt 0.294737 0.406718
vt 0.294910 0.410456
vt 0.923986 0.709521
vt 0.918650 0.708306
vt 0.803100 0.416906
vt 0.801403 0.414128
vt 0.803100 0.414139
vt 0.549186 0.196379
vt 0.551551 0.194571
vt 0.551105 0.197202
vt 0.268074 0.759630
vt 0.269464 0.757320
vt 0.271998 0.758761
vt 0.271033 0.760196
vt 0.966872 0.671288
vt 0.966358 0.681382
vt 0.964461 0.680629
vt 0.776248 0.294207
vt 0.771411 0.296272
vt 0.775540 0.292427
vt 0.183208 0.833324
vt 0.181634 0.829418
vt 0.185888 0.830995
vt 0.794673 0.404892
vt 0.792516 0.404777
vt 0.272998 0.757445
vt 0.798433 0.399810
vt 0.796266 0.401329
vt 0.796505 0.399860
vt 0.671371 0.433877
vt 0.675219 0.432440
vt 0.676694 0.433447
vt 0.130713 0.757727
vt 0.131277 0.755570
vt 0.133229 0.755903
vt 0.583240 0.219079
vt 0.581418 0.216028
vt 0.583048 0.216663
vt 0.140069 0.857174
vt 0.142178 0.859544
vt 0.139939 0.860121
vt 0.961288 0.302182
vt 0.964488 0.297181
vt 0.963664 0.302828
vt 0.879742 0.139271
vt 0.880111 0.142580
vt 0.878761 0.141055
vt 0.456256 0.899582
vt 0.459348 0.900227
vt 0.463901 0.907159
vt 0.284114 0.723178
vt 0.282835 0.722102
vt 0.808309 0.407879
vt 0.807169 0.408507
vt 0.807458 0.406107
vt 0.198693 0.014714
vt 0.199189 0.010032
vt 0.201891 0.011039
vt 0.465559 0.727438
vt 0.477995 0.728134
vt 0.485448 0.734625
vt 0.276216 0.033129
vt 0.277854 0.033054
vt 0.278234 0.035812
vt 0.552698 0.383109
vt 0.552181 0.380611
vt 0.554100 0.381838
vt 0.174756 0.874471
vt 0.176703 0.877419
vt 0.173967 0.876404
vt 0.111036 0.718986
vt 0.119423 0.721968
vt 0.102969 0.741262
vt 0.278829 0.103405
vt 0.277030 0.100266
vt 0.279192 0.092126
vt 0.898514 0.664812
vt 0.894889 0.652332
vt 0.898488 0.657371
vt 0.517597 0.758285
vt 0.520708 0.757719
vt 0.525048 0.771576
vt 0.810626 0.850022
vt 0.807700 0.858092
vt 0.806030 0.857031
vt 0.239871 0.280155
vt 0.235409 0.275949
vt 0.238923 0.276931
vt 0.462883 0.929718
vt 0.461305 0.928547
vt 0.464981 0.928061
vt 0.083892 0.305835
vt 0.085765 0.303948
vt 0.086344 0.306316
vt 0.804898 0.801103
vt 0.804258 0.784677
vt 0.805777 0.784255
vt 0.484829 0.291128
vt 0.679397 0.317787
vt 0.682326 0.313619
vt 0.683372 0.316004
vt 0.706958 0.025639
vt 0.703688 0.026969
vt 0.704436 0.023979
vt 0.308029 0.877615
vt 0.308149 0.875014
vt 0.309512 0.874327
vt 0.678266 0.016518
vt 0.676813 0.018206
vt 0.294218 0.842869
vt 0.292086 0.840815
vt 0.294069 0.840181
vt 0.692646 0.021692
vt 0.692973 0.025011
vt 0.691239 0.023417
vt 0.773596 0.490056
vt 0.780858 0.492344
vt 0.747690 0.418338
vt 0.749896 0.415708
vt 0.749383 0.417973
vt 0.917263 0.477666
vt 0.934208 0.561723
vt 0.930943 0.560274
vt 0.933195 0.559825
vt 0.415147 0.080952
vt 0.353287 0.058328
vt 0.383943 0.051961
vt 0.566485 0.403061
vt 0.566879 0.405750
vt 0.564740 0.404032
vt 0.689862 0.406860
vt 0.687398 0.404429
vt 0.690203 0.404731
vt 0.195217 0.292397
vt 0.194507 0.294681
vt 0.793532 0.226262
vt 0.786494 0.227240
vt 0.788118 0.223696
vt 0.740046 0.520972
vt 0.748403 0.518242
vt 0.741502 0.523231
vt 0.059583 0.275433
vt 0.061354 0.273140
vt 0.062504 0.275954
vt 0.886732 0.601273
vt 0.885919 0.596285
vt 0.888161 0.596585
vt 0.782539 0.402307
vt 0.780724 0.401560
vt 0.782070 0.400040
vt 0.794492 0.119335
vt 0.792048 0.119699
vt 0.425631 0.234571
vt 0.423455 0.235665
vt 0.414659 0.222967
vt 0.780085 0.189539
vt 0.783026 0.184065
vt 0.782013 0.189232
vt 0.183509 0.292875
vt 0.182384 0.296917
vt 0.740186 0.388833
vt 0.737309 0.394453
vt 0.715767 0.395618
vt 0.200381 0.890702
vt 0.211548 0.896627
vt 0.593382 0.305279
vt 0.586807 0.308954
vt 0.568261 0.292950
vt 0.743714 0.268618
vt 0.747071 0.263465
vt 0.747986 0.265077
vt 0.288305 0.807702
vt 0.288090 0.804554
vt 0.287925 0.803857
vt 0.290093 0.806393
vt 0.977169 0.423492
vt 0.975717 0.421392
vt 0.978124 0.420219
vt 0.800665 0.407380
vt 0.798494 0.406187
vt 0.798930 0.405106
vt 0.800665 0.404998
vt 0.547633 0.066331
vt 0.552521 0.064695
vt 0.548876 0.068451
vt 0.312783 0.129037
vt 0.314997 0.125408
vt 0.315695 0.127765
vt 0.963758 0.815363
vt 0.962781 0.818348
vt 0.293738 0.591319
vt 0.290820 0.599155
vt 0.291201 0.596397
vt 0.590370 0.961333
vt 0.588681 0.952778
vt 0.598906 0.954083
vt 0.413864 0.433656
vt 0.392183 0.436105
vt 0.413703 0.432028
vt 0.789513 0.407400
vt 0.787608 0.405194
vt 0.789513 0.404649
vt 0.575618 0.211248
vt 0.577200 0.209698
vt 0.260649 0.672572
vt 0.259044 0.674953
vt 0.257342 0.673557
vt 0.866065 0.746107
vt 0.862571 0.747530
vt 0.862146 0.745722
vt 0.704513 0.402774
vt 0.702395 0.398019
vt 0.704513 0.399237
vt 0.440342 0.780989
vt 0.438624 0.784148
vt 0.427008 0.772165
vt 0.520239 0.128636
vt 0.522640 0.128722
vt 0.521208 0.130691
vt 0.061256 0.279303
vt 0.063764 0.278364
vt 0.062313 0.281410
vt 0.664980 0.409740
vt 0.828779 0.283874
vt 0.829984 0.284853
vt 0.763781 0.400034
vt 0.766007 0.397915
vt 0.766007 0.401068
vt 0.766402 0.410002
vt 0.763318 0.409204
vt 0.765571 0.406749
vt 0.652518 0.486053
vt 0.650202 0.484999
vt 0.651262 0.483240
vt 0.778217 0.404813
vt 0.776354 0.408257
vt 0.776479 0.405130
vt 0.168453 0.300962
vt 0.165551 0.301003
vt 0.165519 0.298852
vt 0.292155 0.816716
vt 0.292901 0.820084
vt 0.795497 0.409744
vt 0.793939 0.412536
vt 0.793695 0.409546
vt 0.235488 0.686525
vt 0.238112 0.689585
vt 0.235626 0.690847
vt 0.634862 0.409970
vt 0.629766 0.416669
vt 0.632071 0.403421
vt 0.740424 0.413889
vt 0.740823 0.411697
vt 0.742472 0.413046
vt 0.134857 0.936479
vt 0.162367 0.931981
vt 0.161595 0.937413
vt 0.606859 0.501508
vt 0.605273 0.498697
vt 0.695777 0.230526
vt 0.697259 0.232699
vt 0.695881 0.233265
vt 0.555052 0.190623
vt 0.557008 0.193338
vt 0.554269 0.192807
vt 0.687586 0.016667
vt 0.687964 0.014137
vt 0.690574 0.014160
vt 0.841369 0.944400
vt 0.837392 0.950815
vt 0.528627 0.769186
vt 0.529353 0.766367
vt 0.089692 0.935324
vt 0.090170 0.942537
vt 0.084148 0.943347
vt 0.888390 0.298360
vt 0.884473 0.295301
vt 0.889472 0.296506
vt 0.273176 0.762267
vt 0.647834 0.269285
vt 0.645723 0.271508
vt 0.204772 0.512606
vt 0.200293 0.511173
vt 0.203698 0.510292
vt 0.481894 0.324316
vt 0.483856 0.326433
vt 0.483185 0.326263
vt 0.683398 0.926497
vt 0.683589 0.939200
vt 0.679662 0.943521
vt 0.391203 0.898651
vt 0.405527 0.889228
vt 0.389157 0.904014
vt 0.503951 0.881141
vt 0.504191 0.883045
vt 0.500817 0.883951
vt 0.143435 0.303844
vt 0.149626 0.299532
vt 0.150156 0.301516
vt 0.524321 0.924573
vt 0.517793 0.925915
vt 0.516684 0.923366
vt 0.950867 0.530864
vt 0.949171 0.531070
vt 0.947829 0.528538
vt 0.337229 0.601978
vt 0.340765 0.602916
vt 0.338741 0.604311
vt 0.649697 0.318790
vt 0.647608 0.326170
vt 0.647345 0.282904
vt 0.770101 0.400169
vt 0.768158 0.398788
vt 0.770067 0.397648
vt 0.917391 0.072987
vt 0.918936 0.076530
vt 0.916837 0.075166
vt 0.468993 0.422653
vt 0.469042 0.424895
vt 0.463534 0.420659
vt 0.915433 0.189865
vt 0.930991 0.174063
vt 0.935744 0.171136
vt 0.689563 0.733702
vt 0.685965 0.735012
vt 0.684496 0.731922
vt 0.572862 0.834619
vt 0.573303 0.831654
vt 0.575024 0.832601
vt 0.288809 0.667098
vt 0.286589 0.666991
vt 0.286626 0.664778
vt 0.775161 0.415498
vt 0.776988 0.416561
vt 0.776115 0.418424
vt 0.699355 0.661764
vt 0.706716 0.654745
vt 0.742858 0.649083
vt 0.970555 0.542197
vt 0.970433 0.539494
vt 0.971914 0.540401
vt 0.648206 0.341304
vt 0.650228 0.342832
vt 0.648002 0.343785
vt 0.526511 0.750726
vt 0.533851 0.749851
vt 0.524811 0.753533
vt 0.750244 0.400649
vt 0.752254 0.398560
vt 0.752254 0.400975
vt 0.044781 0.638673
vt 0.040754 0.630754
vt 0.042549 0.627327
vt 0.777279 0.167285
vt 0.773674 0.165891
vt 0.776297 0.164504
vt 0.917546 0.045245
vt 0.916772 0.047508
vt 0.914439 0.046828
vt 0.702240 0.415655
vt 0.704712 0.414720
vt 0.704654 0.416480
vt 0.278404 0.115033
vt 0.276174 0.114961
vt 0.276640 0.112119
vt 0.706191 0.511038
vt 0.709839 0.508125
vt 0.710621 0.513110
vt 0.854270 0.100289
vt 0.852616 0.101770
vt 0.851332 0.099440
vt 0.795753 0.498693
vt 0.786703 0.495460
vt 0.789567 0.484457
vt 0.980812 0.423551
vt 0.978078 0.424638
vt 0.979449 0.422068
vt 0.779333 0.284786
vt 0.778721 0.288471
vt 0.777332 0.286708
vt 0.529008 0.925124
vt 0.528075 0.923267
vt 0.851351 0.081715
vt 0.849815 0.083588
vt 0.839337 0.076040
vt 0.752622 0.327972
vt 0.757141 0.325869
vt 0.753854 0.329984
vt 0.826759 0.588579
vt 0.828755 0.591926
vt 0.820053 0.591806
vt 0.553822 0.884968
vt 0.557662 0.862403
vt 0.559176 0.863931
vt 0.290030 0.658783
vt 0.291855 0.657650
vt 0.967703 0.718868
vt 0.963852 0.716746
vt 0.964075 0.704995
vt 0.287337 0.645537
vt 0.287187 0.662039
vt 0.285148 0.662108
vt 0.666390 0.337010
vt 0.669254 0.332599
vt 0.670747 0.334766
vt 0.606482 0.552749
vt 0.608563 0.555263
vt 0.607045 0.555449
vt 0.252284 0.637638
vt 0.249874 0.640265
vt 0.249344 0.637518
vt 0.544905 0.066117
vt 0.545563 0.068123
vt 0.543606 0.069825
vt 0.175727 0.928647
vt 0.174728 0.927149
vt 0.969177 0.667001
vt 0.967091 0.661328
vt 0.969409 0.661799
vt 0.776531 0.401100
vt 0.778664 0.403468
vt 0.776531 0.403839
vt 0.258813 0.748628
vt 0.255069 0.750792
vt 0.255737 0.744254
vt 0.641743 0.400205
vt 0.645092 0.398087
vt 0.643293 0.404973
vt 0.082077 0.303961
vt 0.082497 0.302619
vt 0.082985 0.304898
vt 0.491890 0.950450
vt 0.489851 0.953082
vt 0.489592 0.950279
vt 0.146354 0.528644
vt 0.150353 0.526649
vt 0.153892 0.528839
vt 0.734251 0.412664
vt 0.736306 0.411176
vt 0.736017 0.414079
vt 0.288714 0.368136
vt 0.290108 0.365185
vt 0.290468 0.367947
vt 0.590219 0.923950
vt 0.592797 0.921911
vt 0.594334 0.927903
vt 0.936602 0.334118
vt 0.930798 0.339400
vt 0.934617 0.335434
vt 0.008708 0.960457
vt 0.009881 0.958020
vt 0.013153 0.955862
vt 0.292785 0.923380
vt 0.291017 0.928845
vt 0.754705 0.412970
vt 0.756327 0.410603
vt 0.756327 0.413377
vt 0.695919 0.236017
vt 0.697348 0.235407
vt 0.697499 0.238158
vt 0.844339 0.082539
vt 0.842177 0.084982
vt 0.837969 0.081807
vt 0.771197 0.409876
vt 0.773178 0.409799
vt 0.773169 0.415556
vt 0.993920 0.120388
vt 0.991665 0.118402
vt 0.992764 0.117682
vt 0.049223 0.728741
vt 0.045871 0.728275
vt 0.047234 0.726597
vt 0.775641 0.923208
vt 0.788853 0.920873
vt 0.788766 0.929116
vt 0.195653 0.628415
vt 0.195075 0.624667
vt 0.197225 0.626142
vt 0.812707 0.572707
vt 0.809745 0.584855
vt 0.807971 0.585430
vt 0.666118 0.541785
vt 0.667619 0.536615
vt 0.668883 0.538951
vt 0.736382 0.417305
vt 0.738332 0.411697
vt 0.738332 0.416914
vt 0.672147 0.498086
vt 0.669505 0.497760
vt 0.670798 0.495898
vt 0.924349 0.304742
vt 0.923607 0.302442
vt 0.924936 0.301588
vt 0.793604 0.416940
vt 0.791731 0.414313
vt 0.793604 0.414267
vt 0.495062 0.936115
vt 0.495016 0.933604
vt 0.498851 0.936074
vt 0.534969 0.087566
vt 0.535666 0.090372
vt 0.533479 0.089057
vt 0.121584 0.327448
vt 0.119805 0.326397
vt 0.832482 0.077406
vt 0.830482 0.077445
vt 0.731382 0.416006
vt 0.731510 0.413033
vt 0.681049 0.019751
vt 0.785927 0.409866
vt 0.787617 0.411516
vt 0.785927 0.412570
vt 0.003754 0.378159
vt 0.004539 0.386780
vt 0.002820 0.386754
vt 0.272558 0.017423
vt 0.272197 0.019069
vt 0.248435 0.019116
vt 0.448280 0.888616
vt 0.445491 0.884542
vt 0.446850 0.884087
vt 0.956769 0.295311
vt 0.958416 0.294888
vt 0.957492 0.297355
vt 0.284272 0.663507
vt 0.286518 0.662108
vt 0.489585 0.733895
vt 0.486947 0.733276
vt 0.045024 0.840548
vt 0.680486 0.728966
vt 0.666577 0.728534
vt 0.667623 0.726369
vt 0.923755 0.781605
vt 0.923819 0.777871
vt 0.924525 0.779253
vt 0.745866 0.404315
vt 0.747428 0.403119
vt 0.747877 0.405680
vt 0.403775 0.777269
vt 0.405065 0.780538
vt 0.387760 0.769543
vt 0.809189 0.599849
vt 0.808750 0.596920
vt 0.810214 0.597260
vt 0.353722 0.646270
vt 0.352307 0.643613
vt 0.354179 0.643383
vt 0.776356 0.524928
vt 0.776680 0.521650
vt 0.779230 0.526852
vt 0.802957 0.696266
vt 0.800508 0.693413
vt 0.808370 0.962590
vt 0.813939 0.959948
vt 0.813780 0.962114
vt 0.254276 0.459735
vt 0.250119 0.456539
vt 0.252012 0.455078
vt 0.525254 0.751184
vt 0.522445 0.753916
vt 0.522265 0.751128
vt 0.241620 0.481054
vt 0.246737 0.474189
vt 0.247890 0.475636
vt 0.783753 0.278918
vt 0.780994 0.278979
vt 0.782903 0.277016
vt 0.350644 0.663957
vt 0.351255 0.661122
vt 0.354313 0.658692
vt 0.503079 0.924874
vt 0.502578 0.929430
vt 0.501229 0.930628
vt 0.004119 0.877024
vt 0.000268 0.864019
vt 0.002126 0.862240
vt 0.832059 0.013410
vt 0.830058 0.013927
vt 0.830373 0.011195
vt 0.922107 0.339389
vt 0.922432 0.315576
vt 0.924313 0.339318
vt 0.248749 0.450392
vt 0.252981 0.453754
vt 0.944599 0.349139
vt 0.939297 0.347219
vt 0.942834 0.346462
vt 0.529767 0.922105
vt 0.530771 0.921298
vt 0.964454 0.772074
vt 0.971705 0.782075
vt 0.962455 0.774225
vt 0.777301 0.086597
vt 0.773037 0.082385
vt 0.775459 0.081304
vt 0.291590 0.575785
vt 0.294751 0.587185
vt 0.291590 0.587810
vt 0.115570 0.322098
vt 0.113517 0.323725
vt 0.733353 0.399515
vt 0.733402 0.397817
vt 0.736252 0.397546
vt 0.779069 0.416586
vt 0.776988 0.414812
vt 0.779093 0.414095
vt 0.742896 0.180536
vt 0.734981 0.182721
vt 0.741915 0.178266
vt 0.010105 0.347282
vt 0.007898 0.355679
vt 0.008805 0.347139
vt 0.679494 0.207506
vt 0.677494 0.208259
vt 0.784637 0.160994
vt 0.782755 0.164937
vt 0.775056 0.156417
vt 0.182656 0.911726
vt 0.184682 0.912585
vt 0.185056 0.923440
vt 0.841756 0.954574
vt 0.836602 0.953353
vt 0.958508 0.785042
vt 0.959809 0.785428
vt 0.712756 0.397501
vt 0.709892 0.401195
vt 0.709800 0.397631
vt 0.759933 0.409720
vt 0.756339 0.404248
vt 0.759466 0.403707
vt 0.387972 0.906916
vt 0.387697 0.909442
vt 0.385950 0.909278
vt 0.580322 0.014467
vt 0.584807 0.006480
vt 0.595057 0.013075
vt 0.813299 0.592054
vt 0.813974 0.592856
vt 0.813566 0.595494
vt 0.811479 0.594683
vt 0.637635 0.413469
vt 0.634752 0.412961
vt 0.292455 0.835558
vt 0.289157 0.840331
vt 0.290200 0.835991
vt 0.484272 0.321843
vt 0.481969 0.321649
vt 0.387046 0.902051
vt 0.384964 0.906708
vt 0.599139 0.152063
vt 0.602508 0.150578
vt 0.601518 0.152714
vt 0.787834 0.287808
vt 0.788846 0.284347
vt 0.812660 0.279743
vt 0.422298 0.701005
vt 0.423895 0.704305
vt 0.414568 0.698419
vt 0.814351 0.563943
vt 0.811826 0.564498
vt 0.810131 0.553510
vt 0.188015 0.884549
vt 0.190452 0.884255
vt 0.502068 0.279025
vt 0.505577 0.277656
vt 0.504690 0.280069
vt 0.805693 0.231885
vt 0.807532 0.228380
vt 0.808450 0.233748
vt 0.448296 0.864686
vt 0.446995 0.864762
vt 0.079028 0.314452
vt 0.081521 0.308977
vt 0.081470 0.314529
vt 0.421657 0.430836
vt 0.419404 0.433110
vt 0.418949 0.431192
vt 0.632194 0.498458
vt 0.641785 0.502404
vt 0.747434 0.515151
vt 0.490388 0.738616
vt 0.497211 0.757509
vt 0.495180 0.754327
vt 0.750065 0.514565
vt 0.750992 0.517334
vt 0.617158 0.308890
vt 0.609244 0.311191
vt 0.608377 0.308737
vt 0.817660 0.582514
vt 0.815182 0.583046
vt 0.171913 0.920313
vt 0.174736 0.921291
vt 0.174569 0.922727
vt 0.736553 0.402055
vt 0.739272 0.404349
vt 0.737715 0.404832
vt 0.191048 0.942362
vt 0.190655 0.940649
vt 0.193488 0.939928
vt 0.291136 0.376209
vt 0.288753 0.384799
vt 0.289493 0.376382
vt 0.551503 0.930765
vt 0.559070 0.896089
vt 0.573732 0.911594
vt 0.298990 0.909960
vt 0.298568 0.908000
vt 0.300932 0.905976
vt 0.059863 0.936931
vt 0.065257 0.940402
vt 0.059899 0.938985
vt 0.740220 0.035214
vt 0.738187 0.033721
vt 0.713593 0.403453
vt 0.715643 0.405192
vt 0.709587 0.406531
vt 0.798433 0.400036
vt 0.800388 0.402282
vt 0.798572 0.401897
vt 0.187976 0.629877
vt 0.190569 0.633486
vt 0.504534 0.782878
vt 0.502646 0.779605
vt 0.502784 0.776836
vt 0.669037 0.330324
vt 0.673211 0.330138
vt 0.283984 0.837411
vt 0.284230 0.833834
vt 0.285636 0.830693
vt 0.483375 0.963674
vt 0.481093 0.964152
vt 0.480652 0.962001
vt 0.541120 0.780717
vt 0.535646 0.783444
vt 0.533334 0.776392
vt 0.583020 0.598086
vt 0.588736 0.572458
vt 0.587636 0.577599
vt 0.889886 0.645686
vt 0.887054 0.631776
vt 0.892056 0.644859
vt 0.932228 0.342855
vt 0.929892 0.341260
vt 0.734548 0.408776
vt 0.734548 0.402713
vt 0.740407 0.550329
vt 0.740646 0.564174
vt 0.737520 0.562097
vt 0.160819 0.761949
vt 0.158677 0.759100
vt 0.163315 0.758730
vt 0.145613 0.004517
vt 0.154066 0.004038
vt 0.154086 0.005762
vt 0.100128 0.545353
vt 0.112329 0.543337
vt 0.101869 0.546811
vt 0.155297 0.757417
vt 0.157800 0.757196
vt 0.917406 0.539420
vt 0.916123 0.535927
vt 0.932582 0.529918
vt 0.360311 0.129365
vt 0.341638 0.108513
vt 0.338948 0.098370
vt 0.757151 0.398937
vt 0.759305 0.398035
vt 0.230348 0.232890
vt 0.223810 0.251261
vt 0.221515 0.256266
vt 0.535423 0.767010
vt 0.533136 0.768638
vt 0.538046 0.763195
vt 0.461498 0.289427
vt 0.460198 0.291412
vt 0.458137 0.290789
vt 0.807219 0.413428
vt 0.140981 0.800556
vt 0.138310 0.806119
vt 0.124518 0.793288
vt 0.059662 0.279285
vt 0.647630 0.416038
vt 0.645521 0.416903
vt 0.646018 0.413819
vt 0.930583 0.322667
vt 0.932037 0.321044
vt 0.934640 0.322150
vt 0.648426 0.380078
vt 0.646697 0.376787
vt 0.648398 0.377715
vt 0.383120 0.844596
vt 0.380921 0.847307
vt 0.381093 0.844644
vt 0.637997 0.399969
vt 0.636859 0.399786
vt 0.637105 0.398465
vt 0.637997 0.397776
vt 0.739033 0.397546
vt 0.736252 0.399450
vt 0.736832 0.397589
vt 0.172057 0.933780
vt 0.970340 0.738585
vt 0.965038 0.742315
vt 0.968508 0.736687
vt 0.715170 0.418358
vt 0.714091 0.418475
vt 0.714015 0.415546
vt 0.287307 0.937570
vt 0.286864 0.934691
vt 0.766626 0.406369
vt 0.766746 0.403832
vt 0.768596 0.404389
vt 0.707271 0.403522
vt 0.706657 0.408449
vt 0.702940 0.406076
vt 0.964123 0.799471
vt 0.783164 0.417315
vt 0.781029 0.414095
vt 0.783164 0.414745
vt 0.768813 0.415412
vt 0.768485 0.418217
vt 0.766402 0.418037
vt 0.649743 0.329128
vt 0.649501 0.326786
vt 0.652586 0.318541
vt 0.965988 0.800318
vt 0.966376 0.794468
vt 0.968470 0.794540
vt 0.720035 0.407401
vt 0.720731 0.404828
vt 0.721957 0.407845
vt 0.850289 0.727647
vt 0.849920 0.724707
vt 0.852658 0.725298
vt 0.852668 0.726885
vt 0.276731 0.277665
vt 0.274913 0.279992
vt 0.274693 0.276981
vt 0.436993 0.935812
vt 0.431216 0.933434
vt 0.192225 0.633076
vt 0.194683 0.630888
vt 0.191124 0.635398
vt 0.226766 0.692230
vt 0.218387 0.692762
vt 0.220437 0.689537
vt 0.310145 0.539560
vt 0.311045 0.531580
vt 0.311761 0.529367
vt 0.758424 0.416159
vt 0.760581 0.413863
vt 0.760830 0.416829
vt 0.653158 0.406134
vt 0.655937 0.401048
vt 0.657906 0.407525
vt 0.958340 0.782075
vt 0.795191 0.414267
vt 0.795007 0.417079
vt 0.793604 0.416109
vt 0.795191 0.417861
vt 0.742132 0.399944
vt 0.744625 0.397916
vt 0.744625 0.400868
vt 0.762725 0.416373
vt 0.765052 0.414286
vt 0.764359 0.416669
vt 0.771398 0.543159
vt 0.774056 0.542628
vt 0.774967 0.545412
vt 0.724999 0.641025
vt 0.720178 0.640215
vt 0.725320 0.639263
vt 0.261920 0.633325
vt 0.262821 0.634805
vt 0.260162 0.635210
vt 0.962900 0.763799
vt 0.961931 0.765794
vt 0.787642 0.414267
vt 0.785347 0.417097
vt 0.785347 0.414354
vt 0.787490 0.407283
vt 0.785574 0.405515
vt 0.787566 0.404702
vt 0.732564 0.405702
vt 0.731683 0.408093
vt 0.730517 0.405894
vt 0.535272 0.920382
vt 0.538201 0.921006
vt 0.536908 0.923636
vt 0.309358 0.528551
vt 0.310209 0.525924
vt 0.781029 0.416614
vt 0.779093 0.415191
vt 0.781026 0.414095
vt 0.309540 0.530976
vt 0.308336 0.528211
vt 0.951442 0.801241
vt 0.882480 0.624992
vt 0.883319 0.633350
vt 0.880586 0.625567
vt 0.201389 0.619380
vt 0.198289 0.620564
vt 0.199884 0.618490
vt 0.607204 0.558119
vt 0.608851 0.560741
vt 0.606598 0.560750
vt 0.793034 0.407833
vt 0.791236 0.405436
vt 0.793034 0.404998
vt 0.876052 0.753784
vt 0.871311 0.749720
vt 0.876385 0.751901
vt 0.430576 0.243861
vt 0.433957 0.251068
vt 0.428576 0.244726
vt 0.820441 0.880566
vt 0.825870 0.882436
vt 0.824263 0.884298
vt 0.651313 0.259209
vt 0.285128 0.329255
vt 0.280967 0.306889
vt 0.282463 0.306640
vt 0.739393 0.400895
vt 0.740026 0.397709
vt 0.741884 0.397546
vt 0.597800 0.032500
vt 0.600167 0.024374
vt 0.605000 0.022189
vt 0.785971 0.512124
vt 0.782527 0.510724
vt 0.786165 0.508993
vt 0.785927 0.409762
vt 0.784423 0.412570
vt 0.488963 0.833804
vt 0.480816 0.835686
vt 0.488747 0.832808
vt 0.057677 0.732654
vt 0.085001 0.689022
vt 0.089677 0.692829
vt 0.266528 0.689703
vt 0.264766 0.687112
vt 0.268264 0.685282
vt 0.028381 0.833691
vt 0.027582 0.831918
vt 0.030342 0.831474
vt 0.480060 0.815006
vt 0.478574 0.809872
vt 0.483081 0.809664
vt 0.894736 0.133029
vt 0.940657 0.103471
vt 0.003336 0.587030
vt 0.001898 0.585889
vt 0.140280 0.004929
vt 0.142902 0.002932
vt 0.142945 0.004981
vt 0.061788 0.736623
vt 0.062658 0.739711
vt 0.056012 0.734478
vt 0.842881 0.602166
vt 0.828820 0.600200
vt 0.829640 0.597747
vt 0.720976 0.642581
vt 0.718883 0.645353
vt 0.718148 0.643277
vt 0.804755 0.524516
vt 0.806578 0.499237
vt 0.810611 0.498529
vt 0.802487 0.409612
vt 0.800829 0.412349
vt 0.955842 0.076025
vt 0.963393 0.087427
vt 0.945719 0.097951
vt 0.351874 0.640890
vt 0.351428 0.635600
vt 0.695825 0.402774
vt 0.693718 0.397760
vt 0.696226 0.397760
vt 0.310113 0.855344
vt 0.310168 0.864824
vt 0.308031 0.865630
vt 0.728060 0.032005
vt 0.726094 0.031559
vt 0.724471 0.028043
vt 0.237758 0.420601
vt 0.236591 0.423947
vt 0.235205 0.421946
vt 0.217383 0.269424
vt 0.219560 0.272615
vt 0.216745 0.271497
vt 0.442189 0.264612
vt 0.446350 0.267905
vt 0.444193 0.269605
vt 0.288182 0.555255
vt 0.287218 0.534186
vt 0.291250 0.524677
vt 0.855416 0.607760
vt 0.849291 0.608373
vt 0.844795 0.604509
vt 0.728830 0.483360
vt 0.729841 0.484981
vt 0.727075 0.485126
vt 0.170776 0.912286
vt 0.170840 0.914660
vt 0.168349 0.914882
vt 0.752254 0.398922
vt 0.754561 0.401049
vt 0.752254 0.401191
vt 0.672104 0.017072
vt 0.667486 0.015088
vt 0.951433 0.407217
vt 0.950071 0.404939
vt 0.953976 0.407797
vt 0.821793 0.579100
vt 0.819423 0.578456
vt 0.704513 0.398019
vt 0.707166 0.401682
vt 0.704543 0.402246
vt 0.216721 0.579175
vt 0.211703 0.588744
vt 0.214660 0.578305
vt 0.737638 0.525337
vt 0.733753 0.525946
vt 0.735851 0.523634
vt 0.393167 0.883346
vt 0.380643 0.852729
vt 0.398542 0.883441
vt 0.106282 0.752182
vt 0.100723 0.749579
vt 0.105010 0.749623
vt 0.582604 0.145848
vt 0.567773 0.142500
vt 0.590408 0.135830
vt 0.749739 0.397963
vt 0.748175 0.399936
vt 0.747367 0.397546
vt 0.549086 0.932219
vt 0.548272 0.936572
vt 0.547140 0.928796
vt 0.552412 0.271904
vt 0.448029 0.852903
vt 0.449515 0.849880
vt 0.450073 0.852598
vt 0.499717 0.845232
vt 0.501012 0.839521
vt 0.502046 0.840610
vt 0.961073 0.558020
vt 0.960625 0.549767
vt 0.967858 0.544954
vt 0.728187 0.397514
vt 0.725928 0.400469
vt 0.725928 0.398083
vt 0.941990 0.575964
vt 0.939280 0.576378
vt 0.937964 0.575316
vt 0.940852 0.574227
vt 0.040991 0.829986
vt 0.038687 0.831423
vt 0.038433 0.829418
vt 0.518504 0.748289
vt 0.515200 0.753362
vt 0.445395 0.894164
vt 0.445768 0.889889
vt 0.450659 0.896811
vt 0.827348 0.832559
vt 0.829170 0.833453
vt 0.824877 0.837655
vt 0.860916 0.741876
vt 0.858039 0.739949
vt 0.860381 0.739721
vt 0.738814 0.518565
vt 0.737767 0.522260
vt 0.736606 0.520822
vt 0.958209 0.710638
vt 0.955149 0.709670
vt 0.954897 0.704742
vt 0.221854 0.664275
vt 0.219567 0.662407
vt 0.222039 0.662096
vt 0.173324 0.296096
vt 0.170909 0.298641
vt 0.170806 0.296357
vt 0.965257 0.818011
vt 0.967991 0.829416
vt 0.631989 0.400048
vt 0.629766 0.400267
vt 0.629766 0.397519
vt 0.657889 0.412006
vt 0.657897 0.414856
vt 0.539049 0.926360
vt 0.536531 0.926629
vt 0.645144 0.257422
vt 0.645931 0.254647
vt 0.648029 0.255809
vt 0.790982 0.187454
vt 0.792670 0.195723
vt 0.788781 0.188347
vt 0.006398 0.437585
vt 0.005990 0.441099
vt 0.004333 0.439217
vt 0.004367 0.438571
vt 0.831912 0.039302
vt 0.833134 0.032054
vt 0.868343 0.003843
vt 0.806485 0.535045
vt 0.803591 0.532883
vt 0.803277 0.530178
vt 0.961522 0.776265
vt 0.961793 0.779624
vt 0.959558 0.778185
vt 0.799199 0.410178
vt 0.797230 0.412036
vt 0.774905 0.399789
vt 0.773177 0.397571
vt 0.774818 0.397571
vt 0.789832 0.162468
vt 0.788472 0.165517
vt 0.787719 0.162929
vt 0.139070 0.857994
vt 0.141288 0.854235
vt 0.310878 0.845660
vt 0.308555 0.848830
vt 0.308958 0.843996
vt 0.389094 0.827970
vt 0.384029 0.830650
vt 0.383897 0.828255
vt 0.441109 0.808686
vt 0.442564 0.807397
vt 0.450387 0.815391
vt 0.534892 0.771493
vt 0.532308 0.770378
vt 0.534652 0.769625
vt 0.947238 0.715711
vt 0.292275 0.556175
vt 0.294894 0.567350
vt 0.291912 0.567779
vt 0.919880 0.299837
vt 0.921613 0.302771
vt 0.914137 0.300560
vt 0.293911 0.758478
vt 0.291501 0.760965
vt 0.290501 0.758097
vt 0.701347 0.399128
vt 0.698650 0.402774
vt 0.698626 0.399488
vt 0.777649 0.170405
vt 0.779607 0.167517
vt 0.780134 0.170158
vt 0.696611 0.402774
vt 0.698618 0.397659
vt 0.698618 0.402081
vt 0.545882 0.779845
vt 0.546152 0.776130
vt 0.548134 0.781343
vt 0.234556 0.489685
vt 0.232929 0.487513
vt 0.448887 0.880884
vt 0.446401 0.878655
vt 0.448268 0.878245
vt 0.729195 0.545783
vt 0.726781 0.545679
vt 0.728123 0.543731
vt 0.730002 0.189269
vt 0.729283 0.187156
vt 0.734897 0.187401
vt 0.270828 0.861111
vt 0.276208 0.846006
vt 0.282898 0.854926
vt 0.690758 0.407809
vt 0.735735 0.563130
vt 0.732356 0.565932
vt 0.734118 0.564326
vt 0.837263 0.579204
vt 0.845095 0.578133
vt 0.842082 0.580731
vt 0.771341 0.158469
vt 0.772903 0.155136
vt 0.773280 0.157546
vt 0.429761 0.859298
vt 0.429032 0.862349
vt 0.427253 0.860620
vt 0.233543 0.902763
vt 0.233869 0.905077
vt 0.229450 0.903650
vt 0.921935 0.310255
vt 0.917308 0.341265
vt 0.512119 0.957320
vt 0.509250 0.957052
vt 0.511637 0.955664
vt 0.915138 0.474092
vt 0.915135 0.470491
vt 0.649563 0.334554
vt 0.647578 0.328795
vt 0.877788 0.610640
vt 0.879112 0.615184
vt 0.874335 0.611879
vt 0.741330 0.405239
vt 0.743054 0.401331
vt 0.743394 0.409895
vt 0.020566 0.835014
vt 0.022998 0.834930
vt 0.022654 0.837246
vt 0.752570 0.417499
vt 0.754610 0.411244
vt 0.754610 0.418438
vt 0.658619 0.484840
vt 0.654521 0.482813
vt 0.653384 0.479453
vt 0.922559 0.500206
vt 0.514903 0.927168
vt 0.677431 0.408230
vt 0.679660 0.411412
vt 0.675367 0.410122
vt 0.800388 0.399657
vt 0.801857 0.401773
vt 0.227282 0.497876
vt 0.235491 0.491424
vt 0.779654 0.409799
vt 0.777426 0.412948
vt 0.777434 0.410330
vt 0.909621 0.593907
vt 0.908882 0.596975
vt 0.907460 0.596145
vt 0.019841 0.833302
vt 0.022348 0.833079
vt 0.178795 0.937408
vt 0.180817 0.930650
vt 0.182690 0.942405
vt 0.452664 0.960138
vt 0.463348 0.958579
vt 0.463555 0.961167
vt 0.745274 0.040156
vt 0.745029 0.043563
vt 0.743858 0.041429
vt 0.604719 0.690240
vt 0.606922 0.688932
vt 0.607395 0.690423
vt 0.193021 0.626264
vt 0.191901 0.628688
vt 0.190691 0.627253
vt 0.702560 0.554616
vt 0.688469 0.550448
vt 0.416302 0.061563
vt 0.418523 0.064629
vt 0.415189 0.063820
vt 0.844271 0.954758
vt 0.842115 0.952843
vt 0.844380 0.951106
vt 0.779928 0.405935
vt 0.781737 0.406633
vt 0.780166 0.408633
vt 0.671546 0.413025
vt 0.671232 0.416508
vt 0.668630 0.414627
vt 0.645868 0.517303
vt 0.647160 0.522716
vt 0.645275 0.523019
vt 0.780724 0.402781
vt 0.778787 0.401320
vt 0.780702 0.400240
vt 0.332233 0.148395
vt 0.344374 0.129771
vt 0.951649 0.500008
vt 0.950122 0.504402
vt 0.950582 0.499040
vt 0.260580 0.636704
vt 0.257821 0.637019
vt 0.257457 0.635992
vt 0.257570 0.634109
vt 0.281874 0.909968
vt 0.281544 0.912718
vt 0.278967 0.915781
vt 0.763807 0.404271
vt 0.764690 0.401700
vt 0.766338 0.403840
vt 0.154543 0.298153
vt 0.154825 0.300774
vt 0.451624 0.726522
vt 0.455762 0.730919
vt 0.457251 0.734404
vt 0.781737 0.406052
vt 0.783474 0.407571
vt 0.781737 0.408719
vt 0.788627 0.402503
vt 0.786487 0.399772
vt 0.788079 0.399839
vt 0.105488 0.754936
vt 0.075989 0.825208
vt 0.545349 0.781886
vt 0.775509 0.489692
vt 0.775403 0.487341
vt 0.778196 0.487256
vt 0.781382 0.410285
vt 0.779654 0.412352
vt 0.779654 0.409470
vt 0.658445 0.469043
vt 0.652755 0.474461
vt 0.669302 0.446513
vt 0.282759 0.803790
vt 0.677227 0.902244
vt 0.672375 0.866775
vt 0.675161 0.869663
vt 0.770554 0.492834
vt 0.772185 0.490550
vt 0.773808 0.492464
vt 0.800347 0.696281
vt 0.803238 0.701858
vt 0.792282 0.706266
vt 0.761560 0.397759
vt 0.763761 0.400376
vt 0.761560 0.401191
vt 0.273501 0.628210
vt 0.170569 0.906363
vt 0.172804 0.903689
vt 0.171942 0.906968
vt 0.676476 0.322089
vt 0.676311 0.319562
vt 0.275504 0.077782
vt 0.757065 0.401331
vt 0.214658 0.796238
vt 0.214016 0.806349
vt 0.788675 0.399915
vt 0.788627 0.397906
vt 0.790717 0.399915
vt 0.790825 0.397526
vt 0.837688 0.936494
vt 0.835257 0.939692
vt 0.835684 0.937061
vt 0.292364 0.830212
vt 0.290119 0.827967
vt 0.292238 0.822340
vt 0.133556 0.536223
vt 0.112928 0.541099
vt 0.132665 0.534986
vt 0.105215 0.434432
vt 0.682950 0.402774
vt 0.696470 0.199711
vt 0.694535 0.203046
vt 0.693783 0.200635
vt 0.508479 0.928434
vt 0.506953 0.925725
vt 0.509131 0.925866
vt 0.283262 0.622643
vt 0.814020 0.709497
vt 0.811139 0.711462
vt 0.811256 0.709634
vt 0.353322 0.164198
vt 0.355871 0.170477
vt 0.352795 0.167953
vt 0.793723 0.764810
vt 0.789484 0.746254
vt 0.794515 0.753601
vt 0.752389 0.514643
vt 0.781911 0.167728
vt 0.782474 0.169762
vt 0.736921 0.035168
vt 0.734978 0.033820
vt 0.859886 0.242376
vt 0.861754 0.238865
vt 0.864294 0.237873
vt 0.627711 0.061889
vt 0.627225 0.070030
vt 0.605705 0.050879
vt 0.247645 0.948974
vt 0.246645 0.951846
vt 0.245456 0.951905
vt 0.078993 0.299505
vt 0.079856 0.303318
vt 0.204138 0.288829
vt 0.202519 0.287626
vt 0.203980 0.285569
vt 0.762724 0.415752
vt 0.760932 0.416059
vt 0.760830 0.413597
vt 0.762724 0.412529
vt 0.634527 0.415831
vt 0.234916 0.274427
vt 0.229100 0.272543
vt 0.235070 0.272939
vt 0.686934 0.417685
vt 0.685203 0.415848
vt 0.685799 0.413974
vt 0.841854 0.950350
vt 0.961235 0.731434
vt 0.959475 0.731106
vt 0.961087 0.729140
vt 0.360204 0.677578
vt 0.372593 0.683719
vt 0.363164 0.688276
vt 0.666849 0.553111
vt 0.688649 0.413972
vt 0.688649 0.415608
vt 0.688519 0.416911
vt 0.796670 0.404998
vt 0.794675 0.407805
vt 0.794697 0.405259
vt 0.492003 0.860210
vt 0.493608 0.860923
vt 0.491855 0.867047
vt 0.050420 0.862438
vt 0.051989 0.862069
vt 0.053129 0.864847
vt 0.870135 0.188186
vt 0.871674 0.189907
vt 0.869486 0.190579
vt 0.693974 0.217376
vt 0.693345 0.220660
vt 0.692208 0.218201
vt 0.482427 0.291815
vt 0.479532 0.294122
vt 0.480651 0.289567
vt 0.506534 0.275286
vt 0.503031 0.276532
vt 0.503924 0.273998
vt 0.963811 0.293676
vt 0.963106 0.296236
vt 0.960676 0.295457
vt 0.768902 0.306072
vt 0.770084 0.302490
vt 0.770599 0.304194
vt 0.165154 0.296385
vt 0.162849 0.298971
vt 0.168525 0.858025
vt 0.172419 0.872989
vt 0.171312 0.874909
vt 0.657897 0.412369
vt 0.660190 0.415107
vt 0.657915 0.417924
vt 0.964107 0.314427
vt 0.961539 0.314346
vt 0.962789 0.308697
vt 0.014214 0.935038
vt 0.008797 0.932301
vt 0.019657 0.926695
vt 0.690039 0.222233
vt 0.693398 0.223384
vt 0.690919 0.224757
vt 0.713589 0.401161
vt 0.715788 0.397993
vt 0.716012 0.401412
vt 0.560420 0.348586
vt 0.600034 0.329741
vt 0.725909 0.406527
vt 0.725223 0.400469
vt 0.727558 0.400591
vt 0.657396 0.226369
vt 0.659660 0.228509
vt 0.657197 0.228024
vt 0.178960 0.887568
vt 0.175575 0.895571
vt 0.377920 0.181385
vt 0.369861 0.178171
vt 0.371619 0.176525
vt 0.756687 0.412613
vt 0.758123 0.418437
vt 0.756666 0.418293
vt 0.965536 0.769877
vt 0.960432 0.767874
vt 0.788627 0.402745
vt 0.790447 0.399999
vt 0.790853 0.402757
vt 0.738336 0.413185
vt 0.740401 0.415872
vt 0.738560 0.417110
vt 0.673727 0.326769
vt 0.677922 0.324424
vt 0.570547 0.202189
vt 0.568085 0.199912
vt 0.569712 0.199511
vt 0.747690 0.415491
vt 0.749679 0.410622
vt 0.749703 0.415708
vt 0.941365 0.357859
vt 0.946440 0.355590
vt 0.937927 0.365568
vt 0.670619 0.401618
vt 0.673081 0.401077
vt 0.672307 0.405014
vt 0.802228 0.204484
vt 0.799420 0.202625
vt 0.801820 0.201901
vt 0.480572 0.911868
vt 0.484272 0.912501
vt 0.478588 0.914301
vt 0.805689 0.113818
vt 0.797636 0.114231
vt 0.796992 0.109204
vt 0.792516 0.400923
vt 0.792516 0.402757
vt 0.790854 0.401077
vt 0.792462 0.399109
vt 0.804251 0.402388
vt 0.804251 0.404763
vt 0.802530 0.403137
vt 0.802980 0.402848
vt 0.959666 0.790278
vt 0.964701 0.629558
vt 0.966380 0.630179
vt 0.963586 0.634679
vt 0.959717 0.789988
vt 0.216937 0.801629
vt 0.218613 0.804210
vt 0.216682 0.803347
vt 0.717338 0.415916
vt 0.715955 0.413827
vt 0.718178 0.413624
vt 0.747367 0.397922
vt 0.747367 0.400661
vt 0.745045 0.400490
vt 0.744625 0.398434
vt 0.746733 0.397546
vt 0.730175 0.411783
vt 0.794673 0.402373
vt 0.796708 0.402282
vt 0.796708 0.404951
vt 0.292033 0.637862
vt 0.292019 0.524677
vt 0.294754 0.525131
vt 0.294141 0.534649
vt 0.690036 0.415321
vt 0.688649 0.417523
vt 0.072196 0.289608
vt 0.068136 0.282181
vt 0.069956 0.281326
vt 0.784457 0.399616
vt 0.782539 0.398340
vt 0.784457 0.397525
vt 0.293489 0.923113
vt 0.292171 0.920341
vt 0.290832 0.917987
vt 0.797125 0.414267
vt 0.799382 0.416248
vt 0.797125 0.416605
vt 0.188921 0.626781
vt 0.774595 0.168538
vt 0.775212 0.170959
vt 0.270884 0.769473
vt 0.268328 0.768840
vt 0.829311 0.287069
vt 0.740652 0.280998
vt 0.742387 0.278823
vt 0.742811 0.280000
vt 0.798249 0.404791
vt 0.796708 0.402854
vt 0.798772 0.402366
vt 0.522741 0.754084
vt 0.523770 0.756515
vt 0.522331 0.755773
vt 0.228497 0.689383
vt 0.230564 0.688421
vt 0.232929 0.687435
vt 0.842955 0.872822
vt 0.844846 0.885745
vt 0.830436 0.889121
vt 0.770564 0.161440
vt 0.767343 0.166648
vt 0.430443 0.793065
vt 0.425179 0.792305
vt 0.422458 0.790816
vt 0.760428 0.517218
vt 0.765760 0.531796
vt 0.742589 0.533063
vt 0.632158 0.552209
vt 0.608605 0.552488
vt 0.635479 0.543866
vt 0.750392 0.414094
vt 0.750653 0.402155
vt 0.751920 0.410642
vt 0.962191 0.386186
vt 0.959241 0.383927
vt 0.960618 0.383603
vt 0.354333 0.169215
vt 0.943102 0.561711
vt 0.939584 0.561081
vt 0.942261 0.560034
vt 0.597719 0.079223
vt 0.591813 0.100587
vt 0.595616 0.079202
vt 0.444382 0.892627
vt 0.444290 0.890430
vt 0.772643 0.398137
vt 0.770250 0.400639
vt 0.770250 0.397571
vt 0.973806 0.726581
vt 0.970475 0.726229
vt 0.971945 0.724707
vt 0.765052 0.416669
vt 0.765052 0.412778
vt 0.766253 0.415061
vt 0.319830 0.152335
vt 0.332813 0.151081
vt 0.326207 0.165333
vt 0.718017 0.400557
vt 0.716012 0.397815
vt 0.717557 0.398376
vt 0.719102 0.398937
vt 0.722195 0.412201
vt 0.724221 0.412086
vt 0.681667 0.399765
vt 0.794675 0.408499
vt 0.793904 0.408004
vt 0.793034 0.406589
vt 0.794675 0.405149
vt 0.793504 0.404998
vt 0.163051 0.945790
vt 0.163349 0.943228
vt 0.165553 0.945530
vt 0.164941 0.944594
vt 0.491468 0.876509
vt 0.492173 0.877361
vt 0.494877 0.878217
vt 0.174149 0.923998
vt 0.969506 0.522193
vt 0.958444 0.539113
vt 0.294895 0.669025
vt 0.293727 0.670246
vt 0.293727 0.667377
vt 0.172161 0.898499
vt 0.171687 0.897234
vt 0.174415 0.896342
vt 0.175690 0.898196
vt 0.175727 0.899131
vt 0.742589 0.639559
vt 0.740703 0.637599
vt 0.743163 0.637307
vt 0.749012 0.405701
vt 0.723213 0.400083
vt 0.725928 0.397658
vt 0.719301 0.401243
vt 0.719102 0.401315
vt 0.719174 0.398188
vt 0.721835 0.397815
vt 0.722246 0.401315
vt 0.709353 0.733129
vt 0.698823 0.735762
vt 0.699408 0.733927
vt 0.648063 0.409902
vt 0.648045 0.411713
vt 0.648027 0.413525
vt 0.171259 0.932708
vt 0.173736 0.931688
vt 0.793695 0.412678
vt 0.791819 0.412678
vt 0.791831 0.411665
vt 0.792781 0.409591
vt 0.793475 0.409594
vt 0.749952 0.418373
vt 0.749952 0.416070
vt 0.752248 0.417288
vt 0.682141 0.417864
vt 0.680686 0.416304
vt 0.679147 0.417864
vt 0.207615 0.009865
vt 0.725870 0.412259
vt 0.728127 0.411569
vt 0.786096 0.404613
vt 0.784176 0.404613
vt 0.784933 0.402589
vt 0.465424 0.860748
vt 0.464523 0.859080
vt 0.463623 0.857413
vt 0.542219 0.937066
vt 0.538326 0.936445
vt 0.540365 0.936014
vt 0.655247 0.939096
vt 0.654712 0.941128
vt 0.654286 0.943185
vt 0.767741 0.070252
vt 0.765984 0.068482
vt 0.766617 0.067777
vt 0.770369 0.204056
vt 0.772708 0.198209
vt 0.776834 0.197614
vt 0.054127 0.279981
vt 0.054350 0.277016
vt 0.056951 0.277706
vt 0.014237 0.310687
vt 0.014992 0.313921
vt 0.012402 0.313982
vt 0.770348 0.502301
vt 0.765771 0.503351
vt 0.768146 0.501119
vt 0.915564 0.353919
vt 0.910242 0.356085
vt 0.289414 0.587810
vt 0.291189 0.581651
vt 0.291590 0.586277
vt 0.919776 0.447367
vt 0.922322 0.447226
vt 0.921458 0.448580
vt 0.741884 0.400076
vt 0.789753 0.412547
vt 0.789753 0.409591
vt 0.791819 0.411219
vt 0.270135 0.779689
vt 0.271302 0.781249
vt 0.596653 0.017591
vt 0.595873 0.015547
vt 0.598236 0.014932
vt 0.497057 0.881578
vt 0.221443 0.805052
vt 0.221117 0.803031
vt 0.267579 0.771132
vt 0.943918 0.568062
vt 0.290492 0.638311
vt 0.289558 0.639910
vt 0.289558 0.637259
vt 0.169319 0.900525
vt 0.685117 0.018861
vt 0.758424 0.413373
vt 0.758995 0.412529
vt 0.707036 0.416658
vt 0.709457 0.418378
vt 0.711330 0.029311
vt 0.093717 0.748805
vt 0.091805 0.748875
vt 0.093592 0.747796
vt 0.749952 0.407427
vt 0.649838 0.345972
vt 0.648012 0.344727
vt 0.698637 0.405692
vt 0.702240 0.405944
vt 0.700539 0.408552
vt 0.289912 0.665493
vt 0.288810 0.663702
vt 0.289912 0.662108
vt 0.768123 0.029416
vt 0.771133 0.027739
vt 0.202854 0.284457
vt 0.684378 0.409420
vt 0.684286 0.411527
vt 0.681667 0.411102
vt 0.809260 0.405050
vt 0.809393 0.408389
vt 0.785623 0.172560
vt 0.783526 0.181408
vt 0.783853 0.171841
vt 0.481377 0.287760
vt 0.482409 0.288402
vt 0.758951 0.221421
vt 0.746291 0.216184
vt 0.762284 0.212917
vt 0.513087 0.960732
vt 0.513529 0.962436
vt 0.510205 0.960398
vt 0.973435 0.146916
vt 0.973138 0.145315
vt 0.975647 0.144555
vt 0.802227 0.132089
vt 0.804149 0.124174
vt 0.810861 0.124414
vt 0.166851 0.514918
vt 0.172135 0.512641
vt 0.172386 0.514633
vt 0.581659 0.942566
vt 0.583228 0.944270
vt 0.580183 0.944498
vt 0.958010 0.387026
vt 0.960104 0.386699
vt 0.962929 0.389162
vt 0.289558 0.633608
vt 0.290441 0.636175
vt 0.646608 0.418536
vt 0.645521 0.417022
vt 0.646706 0.417022
vt 0.855369 0.102947
vt 0.853932 0.104166
vt 0.274063 0.785997
vt 0.272714 0.793670
vt 0.264628 0.788082
vt 0.065667 0.277203
vt 0.064679 0.280740
vt 0.287658 0.669322
vt 0.285146 0.669127
vt 0.286931 0.667377
vt 0.870621 0.606029
vt 0.884216 0.604886
vt 0.884223 0.607242
vt 0.076529 0.657300
vt 0.076002 0.655511
vt 0.290545 0.644651
vt 0.289747 0.643210
vt 0.290545 0.642039
vt 0.693348 0.415478
vt 0.692497 0.417671
vt 0.692900 0.416530
vt 0.770250 0.403407
vt 0.741780 0.357672
vt 0.740384 0.362905
vt 0.739185 0.357777
vt 0.277189 0.675112
vt 0.277599 0.675883
vt 0.276013 0.678801
vt 0.609928 0.256582
vt 0.608725 0.259641
vt 0.608476 0.256784
vt 0.708694 0.401439
vt 0.709800 0.402246
vt 0.707333 0.402246
vt 0.707820 0.399150
vt 0.708499 0.397501
vt 0.927442 0.778752
vt 0.459287 0.934078
vt 0.451617 0.937537
vt 0.457805 0.931916
vt 0.100268 0.340672
vt 0.097893 0.341533
vt 0.912706 0.360756
vt 0.915599 0.362188
vt 0.916561 0.366705
vt 0.291029 0.804929
vt 0.291029 0.802124
vt 0.292464 0.803620
vt 0.178545 0.880596
vt 0.178769 0.882783
vt 0.177045 0.882697
vt 0.788363 0.414267
vt 0.789343 0.414778
vt 0.548883 0.836738
vt 0.539347 0.834570
vt 0.542237 0.832096
vt 0.729752 0.535772
vt 0.734583 0.532984
vt 0.732095 0.536243
vt 0.294235 0.591690
vt 0.294235 0.587810
vt 0.294862 0.589353
vt 0.187725 0.930523
vt 0.189756 0.930666
vt 0.191976 0.930157
vt 0.882503 0.354971
vt 0.884424 0.355010
vt 0.886934 0.355088
vt 0.289558 0.629638
vt 0.290553 0.631016
vt 0.747546 0.418476
vt 0.745866 0.417588
vt 0.747546 0.416647
vt 0.648941 0.404751
vt 0.652297 0.404892
vt 0.649868 0.406420
vt 0.290545 0.639910
vt 0.289558 0.641519
vt 0.853759 0.542211
vt 0.855682 0.542134
vt 0.733210 0.637476
vt 0.732996 0.638978
vt 0.730409 0.638693
vt 0.693643 0.283758
vt 0.693656 0.281015
vt 0.699049 0.295275
vt 0.260503 0.775442
vt 0.261512 0.778362
vt 0.259275 0.777301
vt 0.735308 0.280472
vt 0.736301 0.277327
vt 0.737395 0.278819
vt 0.341605 0.691348
vt 0.340244 0.690263
vt 0.342359 0.689049
vt 0.284767 0.769083
vt 0.283875 0.766900
vt 0.286797 0.766350
vt 0.824806 0.887399
vt 0.828638 0.891208
vt 0.282391 0.769019
vt 0.282303 0.766174
vt 0.291174 0.722003
vt 0.293605 0.722977
vt 0.290928 0.724600
vt 0.447813 0.276125
vt 0.446002 0.271590
vt 0.450206 0.274554
vt 0.603026 0.689678
vt 0.604314 0.688094
vt 0.287859 0.842129
vt 0.659171 0.744358
vt 0.641818 0.742447
vt 0.647168 0.726652
vt 0.144471 0.859150
vt 0.947728 0.720970
vt 0.946374 0.721665
vt 0.779944 0.147994
vt 0.783948 0.148472
vt 0.779223 0.150984
vt 0.715955 0.417431
vt 0.769232 0.401332
vt 0.744536 0.401331
vt 0.745742 0.418146
vt 0.743531 0.417773
vt 0.961847 0.291035
vt 0.962269 0.289100
vt 0.966356 0.288256
vt 0.810559 0.495553
vt 0.812172 0.495498
vt 0.814120 0.495744
vt 0.533522 0.752875
vt 0.528480 0.760010
vt 0.525208 0.757257
vt 0.294564 0.654360
vt 0.294185 0.656648
vt 0.095953 0.028414
vt 0.097968 0.027744
vt 0.100000 0.027125
vt 0.352346 0.170469
vt 0.924338 0.403398
vt 0.925775 0.409821
vt 0.923864 0.408972
vt 0.785206 0.399649
vt 0.786328 0.397525
vt 0.798772 0.402452
vt 0.800820 0.404951
vt 0.798772 0.404772
vt 0.786487 0.402443
vt 0.784805 0.400122
vt 0.832685 0.946474
vt 0.829191 0.950400
vt 0.831340 0.942988
vt 0.293862 0.772035
vt 0.294381 0.774131
vt 0.292381 0.775375
vt 0.291066 0.774632
vt 0.291285 0.771998
vt 0.081374 0.006108
vt 0.308637 0.541739
vt 0.307993 0.538774
vt 0.518194 0.756353
vt 0.518791 0.754421
vt 0.800820 0.403952
vt 0.802530 0.402388
vt 0.802530 0.404951
vt 0.761895 0.417634
vt 0.763904 0.406207
vt 0.682141 0.418158
vt 0.968180 0.732360
vt 0.972894 0.730988
vt 0.970585 0.733319
vt 0.504896 0.786094
vt 0.503442 0.785714
vt 0.803100 0.413463
vt 0.804321 0.414383
vt 0.791433 0.414789
vt 0.789659 0.416850
vt 0.789343 0.414267
vt 0.267605 0.905064
vt 0.266286 0.905014
vt 0.871948 0.221748
vt 0.867541 0.216949
vt 0.874649 0.220758
vt 0.786328 0.399458
vt 0.786859 0.397525
vt 0.788164 0.399458
vt 0.775859 0.400639
vt 0.305929 0.526683
vt 0.242778 0.907729
vt 0.239715 0.912973
vt 0.242283 0.910610
vt 0.241214 0.913324
vt 0.239228 0.915770
vt 0.235955 0.920309
vt 0.238548 0.918355
vt 0.236995 0.920306
vt 0.206772 0.934614
vt 0.205568 0.936825
vt 0.220214 0.901524
vt 0.189187 0.928128
vt 0.220577 0.898794
vt 0.189000 0.911540
vt 0.320825 0.506043
vt 0.317225 0.510494
vt 0.308979 0.508507
vt 0.307648 0.510974
vt 0.307519 0.507847
vt 0.308937 0.499462
vt 0.330635 0.488105
vt 0.323881 0.509371
vt 0.321682 0.507652
vt 0.334100 0.478224
vt 0.333113 0.488697
vt 0.330601 0.473914
vt 0.332456 0.474819
vt 0.332089 0.477417
vt 0.314147 0.478792
vt 0.307313 0.499066
vt 0.307914 0.493729
vt 0.305087 0.493500
vt 0.300718 0.489278
vt 0.300633 0.492168
vt 0.299616 0.489628
vt 0.297352 0.493462
vt 0.296538 0.490766
vt 0.298409 0.487126
vt 0.302768 0.483071
vt 0.307695 0.479325
vt 0.312952 0.476435
vt 0.323547 0.477152
vt 0.322929 0.474550
vt 0.328453 0.475761
vt 0.328478 0.473236
vt 0.892047 0.297003
vt 0.293489 0.944605
vt 0.289491 0.935279
vt 0.288084 0.931595
vt 0.291041 0.937444
vt 0.695792 0.403861
vt 0.695641 0.405812
vt 0.693056 0.402774
vt 0.696917 0.408497
vt 0.693290 0.413411
vt 0.285509 0.719498
vt 0.163341 0.947011
vt 0.162008 0.947843
vt 0.160115 0.945767
vt 0.160243 0.940421
vt 0.162724 0.939530
vt 0.163403 0.935997
vt 0.165752 0.943725
vt 0.164864 0.942605
vt 0.164747 0.930974
vt 0.163475 0.926832
vt 0.164704 0.921299
vt 0.167202 0.920715
vt 0.165968 0.915483
vt 0.172500 0.929924
vt 0.169533 0.919616
vt 0.171178 0.918200
vt 0.174325 0.931625
vt 0.174493 0.926082
vt 0.292360 0.652922
vt 0.109117 0.441731
vt 0.106638 0.442217
vt 0.179592 0.630063
vt 0.183473 0.643344
vt 0.185950 0.665538
vt 0.187690 0.665779
vt 0.185925 0.682049
vt 0.184703 0.684433
vt 0.181910 0.703218
vt 0.169664 0.714641
vt 0.180375 0.711413
vt 0.178949 0.711051
vt 0.179970 0.624643
vt 0.181427 0.629927
vt 0.178886 0.714004
vt 0.176475 0.716228
vt 0.178552 0.716960
vt 0.177836 0.619842
vt 0.178615 0.616957
vt 0.179805 0.619389
vt 0.176651 0.609057
vt 0.177458 0.611671
vt 0.175003 0.609638
vt 0.171641 0.593432
vt 0.172892 0.598800
vt 0.170074 0.593943
vt 0.162332 0.555640
vt 0.165617 0.569201
vt 0.114578 0.542726
vt 0.157928 0.545252
vt 0.159505 0.544770
vt 0.141250 0.532138
vt 0.098438 0.550163
vt 0.096973 0.548103
vt 0.169269 0.717398
vt 0.154731 0.715838
vt 0.062088 0.561088
vt 0.057061 0.614308
vt 0.154731 0.718531
vt 0.144316 0.718954
vt 0.144367 0.721586
vt 0.119835 0.718911
vt 0.113075 0.718946
vt 0.001499 0.579856
vt 0.000000 0.578099
vt 0.005351 0.586969
vt 0.113257 0.716152
vt 0.110994 0.716316
vt 0.111087 0.710836
vt 0.010799 0.593892
vt 0.008921 0.594460
vt 0.006273 0.589539
vt 0.105949 0.711475
vt 0.105620 0.708729
vt 0.017226 0.603421
vt 0.015546 0.604079
vt 0.021345 0.607690
vt 0.019653 0.608303
vt 0.024383 0.615239
vt 0.032118 0.627010
vt 0.030455 0.627418
vt 0.031743 0.632544
vt 0.031188 0.629963
vt 0.032828 0.629583
vt 0.030376 0.635591
vt 0.030164 0.632931
vt 0.028937 0.638675
vt 0.028864 0.635973
vt 0.027425 0.647224
vt 0.027445 0.639042
vt 0.030473 0.643673
vt 0.030454 0.646383
vt 0.031982 0.643189
vt 0.033715 0.637383
vt 0.033990 0.716306
vt 0.034229 0.713551
vt 0.039652 0.712327
vt 0.034738 0.710904
vt 0.033846 0.659381
vt 0.035547 0.631755
vt 0.038880 0.723268
vt 0.038797 0.719837
vt 0.040232 0.722056
vt 0.041611 0.718820
vt 0.042068 0.708788
vt 0.042571 0.711700
vt 0.042128 0.695779
vt 0.044756 0.707863
vt 0.039768 0.673206
vt 0.044833 0.695218
vt 0.035661 0.659252
vt 0.036903 0.673672
vt 0.084742 0.682768
vt 0.087330 0.687765
vt 0.081623 0.681455
vt 0.079265 0.682648
vt 0.077285 0.677697
vt 0.069000 0.660907
vt 0.036242 0.637081
vt 0.040017 0.627983
vt 0.041702 0.624625
vt 0.064604 0.653947
vt 0.066772 0.661777
vt 0.062173 0.654852
vt 0.060551 0.647096
vt 0.046658 0.623173
vt 0.057894 0.647786
vt 0.056879 0.642217
vt 0.048183 0.619882
vt 0.768158 0.401068
vt 0.575891 0.446963
vt 0.576629 0.442008
vt 0.580634 0.446691
vt 0.581275 0.444114
vt 0.577113 0.450722
vt 0.575369 0.449519
vt 0.572272 0.469868
vt 0.573660 0.445897
vt 0.570254 0.479729
vt 0.290612 0.630260
vt 0.292719 0.629638
vt 0.899696 0.517595
vt 0.900816 0.517535
vt 0.892139 0.571011
vt 0.890540 0.570854
vt 0.890541 0.576583
vt 0.860928 0.579990
vt 0.898875 0.501855
vt 0.900822 0.511754
vt 0.883721 0.502375
vt 0.843989 0.556534
vt 0.846706 0.556396
vt 0.860682 0.582757
vt 0.884903 0.601994
vt 0.871002 0.604419
vt 0.844034 0.585162
vt 0.834915 0.589957
vt 0.829441 0.589076
vt 0.835380 0.587201
vt 0.838146 0.587446
vt 0.838477 0.584873
vt 0.844331 0.582617
vt 0.849448 0.577467
vt 0.851999 0.577201
vt 0.849858 0.564309
vt 0.847187 0.564621
vt 0.850484 0.572501
vt 0.660301 0.402994
vt 0.895548 0.494517
vt 0.881129 0.502364
vt 0.880752 0.499821
vt 0.858119 0.496460
vt 0.847767 0.493450
vt 0.830124 0.492869
vt 0.830041 0.490203
vt 0.817286 0.490084
vt 0.818322 0.479985
vt 0.813132 0.480053
vt 0.817315 0.478339
vt 0.826278 0.477353
vt 0.881913 0.481788
vt 0.825010 0.475534
vt 0.866246 0.473140
vt 0.872061 0.475539
vt 0.875446 0.477456
vt 0.881100 0.479836
vt 0.886889 0.482167
vt 0.887868 0.484040
vt 0.890482 0.484143
vt 0.210466 0.869298
vt 0.211887 0.866527
vt 0.219889 0.870021
vt 0.220919 0.867590
vt 0.233651 0.872362
vt 0.235314 0.873909
vt 0.237281 0.877931
vt 0.234419 0.878998
vt 0.232168 0.880690
vt 0.785262 0.098346
vt 0.287762 0.918355
vt 0.563804 0.192410
vt 0.565391 0.191773
vt 0.564685 0.195096
vt 0.565543 0.200586
vt 0.559459 0.196101
vt 0.559416 0.193460
vt 0.562822 0.189732
vt 0.561479 0.186844
vt 0.562924 0.186018
vt 0.560526 0.183556
vt 0.565865 0.188470
vt 0.566286 0.181703
vt 0.531682 0.926266
vt 0.805426 0.241197
vt 0.677787 0.210360
vt 0.277796 0.524836
vt 0.577710 0.325398
vt 0.575862 0.330427
vt 0.573437 0.329186
vt 0.569112 0.338891
vt 0.566673 0.337688
vt 0.558325 0.347072
vt 0.550372 0.359131
vt 0.548392 0.357402
vt 0.543516 0.363899
vt 0.541305 0.365442
vt 0.556390 0.280795
vt 0.557343 0.273131
vt 0.559008 0.281304
vt 0.558648 0.283791
vt 0.561256 0.284319
vt 0.563478 0.287277
vt 0.563134 0.289602
vt 0.565792 0.290155
vt 0.565433 0.292389
vt 0.570798 0.302329
vt 0.570253 0.304533
vt 0.578218 0.307220
vt 0.577315 0.309735
vt 0.584873 0.312882
vt 0.580031 0.326506
vt 0.278352 0.834793
vt 0.280125 0.836785
vt 0.278164 0.837581
vt 0.282154 0.840934
vt 0.275464 0.841818
vt 0.277022 0.843673
vt 0.275070 0.839593
vt 0.266463 0.824456
vt 0.277278 0.833040
vt 0.265242 0.822228
vt 0.261778 0.817957
vt 0.255645 0.807023
vt 0.255135 0.804317
vt 0.257423 0.804186
vt 0.256212 0.799131
vt 0.256507 0.793686
vt 0.258945 0.792786
vt 0.257808 0.790753
vt 0.258822 0.787642
vt 0.257080 0.785643
vt 0.261861 0.783057
vt 0.260829 0.780679
vt 0.263184 0.780726
vt 0.264232 0.784317
vt 0.262586 0.786191
vt 0.263386 0.795977
vt 0.084675 0.301864
vt 0.055350 0.247539
vt 0.057314 0.246460
vt 0.052643 0.236355
vt 0.054700 0.235239
vt 0.046166 0.214427
vt 0.048121 0.213399
vt 0.045843 0.208273
vt 0.159930 0.297288
vt 0.018606 0.052645
vt 0.009092 0.057090
vt 0.065896 0.018369
vt 0.094713 0.025862
vt 0.142661 0.302896
vt 0.083740 0.000356
vt 0.086736 0.000000
vt 0.098035 0.000629
vt 0.081668 0.305973
vt 0.079896 0.361052
vt 0.157230 0.300439
vt 0.122867 0.325372
vt 0.084411 0.887435
vt 0.947927 0.920150
vt 0.950375 0.919257
vt 0.947770 0.923959
vt 0.950465 0.925507
vt 0.947423 0.925890
vt 0.942195 0.924540
vt 0.942564 0.922699
vt 0.937195 0.923265
vt 0.937595 0.921454
vt 0.932320 0.921953
vt 0.917120 0.921531
vt 0.917700 0.919686
vt 0.894249 0.921524
vt 0.894876 0.919679
vt 0.892303 0.919862
vt 0.891676 0.921716
vt 0.889123 0.921931
vt 0.889759 0.920076
vt 0.887216 0.920268
vt 0.886569 0.922115
vt 0.863837 0.923502
vt 0.900505 0.893880
vt 0.884134 0.896694
vt 0.863083 0.925355
vt 0.858073 0.925673
vt 0.855612 0.925803
vt 0.853275 0.931303
vt 0.851505 0.929536
vt 0.850953 0.931586
vt 0.859464 0.896415
vt 0.884278 0.893971
vt 0.900657 0.891265
vt 0.911094 0.890867
vt 0.911222 0.888242
vt 0.924207 0.887451
vt 0.924289 0.884860
vt 0.932261 0.884312
vt 0.945818 0.898304
vt 0.932279 0.881663
vt 0.945740 0.880442
vt 0.943981 0.892311
vt 0.948803 0.913687
vt 0.947192 0.906081
vt 0.946333 0.891744
vt 0.946133 0.896158
vt 0.945151 0.885332
vt 0.485886 0.288210
vt 0.489738 0.284092
vt 0.776884 0.724884
vt 0.843444 0.944415
vt 0.438686 0.080050
vt 0.966186 0.336463
vt 0.846911 0.939199
vt 0.728947 0.539819
vt 0.251101 0.466531
vt 0.251352 0.462696
vt 0.253258 0.461138
vt 0.292498 0.860900
vt 0.294218 0.860245
vt 0.293787 0.865403
vt 0.293630 0.875760
vt 0.291850 0.876503
vt 0.292488 0.845818
vt 0.294218 0.845217
vt 0.288643 0.857578
vt 0.286951 0.845552
vt 0.292746 0.843193
vt 0.286753 0.855909
vt 0.286723 0.853275
vt 0.286892 0.850598
vt 0.288635 0.862684
vt 0.286892 0.858611
vt 0.492584 0.729025
vt 0.510416 0.734411
vt 0.506535 0.737957
vt 0.515826 0.736016
vt 0.514593 0.738369
vt 0.508888 0.738657
vt 0.485175 0.729627
vt 0.482793 0.729099
vt 0.282340 0.724490
vt 0.759938 0.045540
vt 0.757892 0.047038
vt 0.378956 0.248631
vt 0.379864 0.246947
vt 0.384280 0.250345
vt 0.385204 0.248463
vt 0.392491 0.252709
vt 0.393449 0.250919
vt 0.398423 0.253636
vt 0.399383 0.252036
vt 0.404234 0.254875
vt 0.405210 0.253352
vt 0.410004 0.256290
vt 0.411023 0.254760
vt 0.417929 0.259602
vt 0.419079 0.258081
vt 0.423430 0.261670
vt 0.424619 0.260277
vt 0.430904 0.265846
vt 0.432117 0.264581
vt 0.446929 0.277944
vt 0.452723 0.279553
vt 0.451116 0.281527
vt 0.455721 0.284625
vt 0.454237 0.286595
vt 0.429600 0.279311
vt 0.437759 0.281512
vt 0.440197 0.282963
vt 0.429196 0.280916
vt 0.446107 0.283500
vt 0.448446 0.285026
vt 0.453158 0.287991
vt 0.445260 0.285319
vt 0.442730 0.284475
vt 0.437277 0.283344
vt 0.364730 0.257565
vt 0.361662 0.253996
vt 0.360411 0.251746
vt 0.348394 0.230850
vt 0.355042 0.234170
vt 0.351198 0.229568
vt 0.370824 0.242508
vt 0.363669 0.238320
vt 0.356555 0.233241
vt 0.486036 0.964057
vt 0.469382 0.962931
vt 0.650646 0.235328
vt 0.653394 0.235653
vt 0.649417 0.241350
vt 0.647025 0.239173
vt 0.643768 0.241152
vt 0.647473 0.237235
vt 0.644231 0.239171
vt 0.001366 0.422245
vt 0.956995 0.802160
vt 0.892411 0.647795
vt 0.292765 0.901793
vt 0.292779 0.907295
vt 0.292609 0.910048
vt 0.288106 0.910436
vt 0.285779 0.906496
vt 0.291387 0.915116
vt 0.290832 0.916300
vt 0.288478 0.916062
vt 0.287741 0.912043
vt 0.292084 0.916785
vt 0.291336 0.917987
vt 0.290500 0.917863
vt 0.285804 0.911241
vt 0.284841 0.907826
vt 0.283900 0.904309
vt 0.285179 0.902697
vt 0.286099 0.901273
vt 0.284663 0.900104
vt 0.285754 0.897633
vt 0.289954 0.889631
vt 0.290974 0.884558
vt 0.292432 0.884255
vt 0.292846 0.895741
vt 0.742594 0.272016
vt 0.825959 0.064284
vt 0.826162 0.067736
vt 0.827860 0.065573
vt 0.819999 0.060374
vt 0.822756 0.058862
vt 0.824466 0.059931
vt 0.070982 0.555981
vt 0.057370 0.557857
vt 0.069721 0.554493
vt 0.052639 0.559009
vt 0.027446 0.567123
vt 0.030256 0.566846
vt 0.187810 0.897662
vt 0.187725 0.890039
vt 0.188421 0.886909
vt 0.291304 0.611122
vt 0.292751 0.612236
vt 0.289558 0.620407
vt 0.292763 0.629638
vt 0.289682 0.628535
vt 0.903503 0.473903
vt 0.920329 0.479267
vt 0.903063 0.471116
vt 0.912644 0.469419
vt 0.776354 0.404813
vt 0.449887 0.954534
vt 0.510829 0.755199
vt 0.286439 0.784523
vt 0.285678 0.787383
vt 0.286477 0.801698
vt 0.555521 0.171662
vt 0.764493 0.162517
vt 0.411481 0.883374
vt 0.079511 0.749754
vt 0.063999 0.757774
vt 0.063581 0.755135
vt 0.065899 0.740165
vt 0.068026 0.738283
vt 0.090733 0.746136
vt 0.086661 0.746677
vt 0.086253 0.743748
vt 0.075005 0.743288
vt 0.073057 0.673667
vt 0.508669 0.114446
vt 0.506190 0.118165
vt 0.502042 0.099637
vt 0.417205 0.145541
vt 0.420708 0.141331
vt 0.352853 0.158134
vt 0.365734 0.138710
vt 0.350440 0.153110
vt 0.352829 0.151881
vt 0.464792 0.088178
vt 0.510531 0.116764
vt 0.531790 0.097551
vt 0.512935 0.117255
vt 0.534157 0.098684
vt 0.532621 0.100011
vt 0.536597 0.099759
vt 0.535063 0.101129
vt 0.520662 0.124553
vt 0.522063 0.122611
vt 0.523051 0.124700
vt 0.536040 0.093679
vt 0.521614 0.126650
vt 0.522405 0.132733
vt 0.518404 0.134743
vt 0.519812 0.132703
vt 0.520851 0.134709
vt 0.552628 0.125813
vt 0.544999 0.111930
vt 0.558351 0.135260
vt 0.560611 0.141421
vt 0.473736 0.089315
vt 0.351602 0.149292
vt 0.376610 0.126985
vt 0.363896 0.136576
vt 0.374669 0.124924
vt 0.417306 0.082565
vt 0.459278 0.086638
vt 0.432755 0.081266
vt 0.418690 0.080151
vt 0.416847 0.078018
vt 0.417939 0.075388
vt 0.425079 0.079201
vt 0.425608 0.077307
vt 0.433250 0.079278
vt 0.443445 0.082853
vt 0.513660 0.134669
vt 0.516497 0.130539
vt 0.517470 0.132679
vt 0.557990 0.163232
vt 0.520716 0.148063
vt 0.558925 0.160147
vt 0.563148 0.142905
vt 0.565273 0.143776
vt 0.563380 0.146132
vt 0.562529 0.139177
vt 0.560122 0.133408
vt 0.554441 0.124071
vt 0.542970 0.104181
vt 0.547152 0.110348
vt 0.537071 0.089061
vt 0.545350 0.103126
vt 0.537315 0.092426
vt 0.520213 0.104142
vt 0.534495 0.091503
vt 0.510872 0.101970
vt 0.503254 0.098034
vt 0.492492 0.094675
vt 0.493452 0.093033
vt 0.487132 0.093315
vt 0.488113 0.091540
vt 0.479364 0.090481
vt 0.480345 0.088806
vt 0.474784 0.087647
vt 0.468108 0.088077
vt 0.469187 0.086463
vt 0.465891 0.086536
vt 0.460386 0.084970
vt 0.453786 0.085165
vt 0.454781 0.083511
vt 0.448496 0.083801
vt 0.449299 0.082102
vt 0.443999 0.081010
vt 0.648273 0.244270
vt 0.847613 0.569756
vt 0.844935 0.570170
vt 0.206373 0.290335
vt 0.699037 0.023404
vt 0.701330 0.025068
vt 0.227313 0.883179
vt 0.251575 0.447529
vt 0.785574 0.407932
vt 0.426174 0.918581
vt 0.425557 0.921542
vt 0.419847 0.928719
vt 0.427743 0.909875
vt 0.426673 0.912574
vt 0.423337 0.909442
vt 0.425944 0.915516
vt 0.419783 0.916514
vt 0.415580 0.920978
vt 0.417809 0.916328
vt 0.417552 0.930293
vt 0.418748 0.933017
vt 0.418839 0.930296
vt 0.409729 0.918820
vt 0.414576 0.918609
vt 0.413500 0.920928
vt 0.418167 0.935847
vt 0.420301 0.934943
vt 0.421329 0.939303
vt 0.403640 0.916992
vt 0.410460 0.916511
vt 0.402890 0.919336
vt 0.399007 0.927106
vt 0.400653 0.919588
vt 0.395534 0.937980
vt 0.396940 0.927596
vt 0.410030 0.942262
vt 0.421383 0.941834
vt 0.391068 0.941940
vt 0.391315 0.939419
vt 0.421284 0.946218
vt 0.423595 0.945285
vt 0.423522 0.947743
vt 0.423255 0.949988
vt 0.425315 0.949048
vt 0.425332 0.951511
vt 0.387677 0.936018
vt 0.387096 0.940958
vt 0.384933 0.941761
vt 0.382934 0.940041
vt 0.383189 0.937559
vt 0.380637 0.958979
vt 0.380737 0.940773
vt 0.384747 0.944244
vt 0.395484 0.948581
vt 0.395639 0.950557
vt 0.399825 0.944289
vt 0.399959 0.946604
vt 0.404424 0.940262
vt 0.404337 0.942545
vt 0.406788 0.937130
vt 0.406778 0.939444
vt 0.409084 0.936074
vt 0.405542 0.959385
vt 0.407684 0.942751
vt 0.409802 0.960676
vt 0.407475 0.961156
vt 0.407795 0.958860
vt 0.411770 0.962445
vt 0.409377 0.962892
vt 0.416736 0.961656
vt 0.416203 0.963861
vt 0.411257 0.964637
vt 0.427195 0.956921
vt 0.427743 0.958702
vt 0.424868 0.955700
vt 0.427138 0.954540
vt 0.425099 0.953640
vt 0.840579 0.823306
vt 0.831331 0.777332
vt 0.838385 0.822506
vt 0.836733 0.827659
vt 0.834481 0.826603
vt 0.836517 0.821975
vt 0.858633 0.742644
vt 0.861720 0.743913
vt 0.849534 0.734076
vt 0.847885 0.737807
vt 0.835429 0.767472
vt 0.834503 0.821554
vt 0.832720 0.825693
vt 0.830099 0.821465
vt 0.828987 0.824110
vt 0.828085 0.820927
vt 0.825934 0.826033
vt 0.822004 0.824887
vt 0.822586 0.812083
vt 0.836116 0.762608
vt 0.848421 0.728960
vt 0.847449 0.735381
vt 0.843256 0.745501
vt 0.843405 0.740230
vt 0.841232 0.749270
vt 0.841213 0.746571
vt 0.839048 0.752312
vt 0.839084 0.749923
vt 0.836612 0.757553
vt 0.836896 0.752827
vt 0.833950 0.763008
vt 0.834446 0.757898
vt 0.833293 0.767653
vt 0.820944 0.827374
vt 0.818984 0.826843
vt 0.816778 0.831841
vt 0.814846 0.831353
vt 0.826537 0.779924
vt 0.827177 0.777325
vt 0.828625 0.779884
vt 0.820461 0.811928
vt 0.819552 0.814361
vt 0.817322 0.814536
vt 0.818143 0.806371
vt 0.777239 0.397866
vt 0.765488 0.245055
vt 0.104639 0.465353
vt 0.107600 0.447689
vt 0.105723 0.447980
vt 0.102971 0.468708
vt 0.102435 0.465913
vt 0.166476 0.512579
vt 0.116381 0.524677
vt 0.129257 0.519990
vt 0.136905 0.518264
vt 0.158211 0.513771
vt 0.129905 0.522988
vt 0.137610 0.520333
vt 0.132135 0.521136
vt 0.158573 0.515544
vt 0.105883 0.431378
vt 0.103372 0.432563
vt 0.102173 0.429902
vt 0.232679 0.423213
vt 0.100185 0.430867
vt 0.098462 0.427491
vt 0.095880 0.427501
vt 0.097182 0.429260
vt 0.075333 0.432730
vt 0.080750 0.377632
vt 0.069864 0.433752
vt 0.067027 0.433727
vt 0.067340 0.435744
vt 0.039991 0.441003
vt 0.004406 0.398078
vt 0.037187 0.440971
vt 0.037355 0.442966
vt 0.013603 0.446861
vt 0.014102 0.449297
vt 0.011388 0.447900
vt 0.009473 0.445823
vt 0.002835 0.436092
vt 0.002019 0.433400
vt 0.000000 0.434218
vt 0.002396 0.398056
vt 0.006102 0.378233
vt 0.005243 0.375186
vt 0.010365 0.355819
vt 0.077090 0.355886
vt 0.010676 0.322822
vt 0.012874 0.322607
vt 0.082956 0.377431
vt 0.225831 0.495698
vt 0.210078 0.511251
vt 0.213775 0.506310
vt 0.225182 0.499333
vt 0.239846 0.478995
vt 0.014107 0.308032
vt 0.018313 0.297095
vt 0.043690 0.275337
vt 0.066914 0.279691
vt 0.074129 0.294869
vt 0.076467 0.293868
vt 0.233749 0.424751
vt 0.241560 0.421857
vt 0.239097 0.422909
vt 0.243603 0.420565
vt 0.246034 0.419205
vt 0.257498 0.416988
vt 0.246683 0.421460
vt 0.257914 0.418809
vt 0.292506 0.404142
vt 0.292979 0.406923
vt 0.289623 0.370792
vt 0.288129 0.365442
vt 0.286535 0.351469
vt 0.284477 0.332119
vt 0.286383 0.345899
vt 0.279626 0.299210
vt 0.243340 0.274730
vt 0.277459 0.279799
vt 0.185033 0.300359
vt 0.228902 0.275028
vt 0.223719 0.272586
vt 0.217565 0.272562
vt 0.220614 0.272469
vt 0.221332 0.273664
vt 0.151251 0.304142
vt 0.157627 0.302217
vt 0.207786 0.284877
vt 0.216902 0.266121
vt 0.215207 0.268792
vt 0.247750 0.176989
vt 0.245758 0.185061
vt 0.243088 0.184230
vt 0.254396 0.161393
vt 0.250296 0.177782
vt 0.258646 0.156764
vt 0.256897 0.162161
vt 0.264533 0.149972
vt 0.261069 0.157693
vt 0.245703 0.019064
vt 0.207521 0.011634
vt 0.245906 0.016928
vt 0.187901 0.009155
vt 0.159745 0.004873
vt 0.188237 0.006899
vt 0.143033 0.007375
vt 0.137656 0.003384
vt 0.168047 0.296554
vt 0.173654 0.298658
vt 0.168197 0.298416
vt 0.182763 0.299707
vt 0.205508 0.283346
vt 0.212071 0.274741
vt 0.195208 0.288084
vt 0.197498 0.289698
vt 0.212453 0.789804
vt 0.697396 0.227276
vt 0.825660 0.070907
vt 0.827905 0.069449
vt 0.781446 0.486643
vt 0.799203 0.412629
vt 0.665890 0.403833
vt 0.662640 0.402192
vt 0.284486 0.703975
vt 0.282723 0.703325
vt 0.282713 0.681459
vt 0.286994 0.675008
vt 0.286161 0.709261
vt 0.283740 0.708438
vt 0.287897 0.719498
vt 0.285762 0.718493
vt 0.291132 0.706217
vt 0.290903 0.708747
vt 0.288767 0.707684
vt 0.289130 0.675897
vt 0.289093 0.678488
vt 0.291258 0.679384
vt 0.291345 0.681889
vt 0.293503 0.682756
vt 0.293545 0.697736
vt 0.579609 0.215150
vt 0.731510 0.411176
vt 0.846962 0.922289
vt 0.842647 0.918467
vt 0.843773 0.916931
vt 0.839779 0.912918
vt 0.841058 0.911234
vt 0.836857 0.907502
vt 0.838103 0.905839
vt 0.831865 0.899931
vt 0.833107 0.898521
vt 0.829193 0.894514
vt 0.834668 0.896573
vt 0.830655 0.893044
vt 0.836235 0.894782
vt 0.839722 0.897039
vt 0.840328 0.894543
vt 0.845367 0.896820
vt 0.856925 0.896515
vt 0.848458 0.925763
vt 0.845490 0.923871
vt 0.845569 0.873350
vt 0.849184 0.927700
vt 0.854649 0.894771
vt 0.856830 0.891258
vt 0.849825 0.871813
vt 0.844531 0.840117
vt 0.848958 0.854601
vt 0.851453 0.880220
vt 0.842145 0.839751
vt 0.844569 0.837399
vt 0.841868 0.831468
vt 0.844604 0.831782
vt 0.846914 0.837635
vt 0.846574 0.843307
vt 0.849285 0.843384
vt 0.851363 0.854898
vt 0.852249 0.872162
vt 0.854159 0.880080
vt 0.854430 0.891593
vt 0.801938 0.533472
vt 0.793298 0.504255
vt 0.792231 0.501769
vt 0.790332 0.502101
vt 0.788956 0.499876
vt 0.916879 0.028424
vt 0.923625 0.014530
vt 0.922203 0.010313
vt 0.924291 0.012063
vt 0.927529 0.017224
vt 0.926906 0.019779
vt 0.928822 0.021080
vt 0.927461 0.026220
vt 0.931165 0.029797
vt 0.932633 0.033816
vt 0.931765 0.035888
vt 0.933501 0.037470
vt 0.932477 0.039477
vt 0.935885 0.042728
vt 0.934756 0.044622
vt 0.938353 0.048271
vt 0.937324 0.050238
vt 0.914785 0.059770
vt 0.915824 0.057594
vt 0.913561 0.056212
vt 0.918672 0.048799
vt 0.919551 0.046656
vt 0.918334 0.042936
vt 0.918943 0.037695
vt 0.916950 0.036558
vt 0.879449 0.093049
vt 0.890211 0.091617
vt 0.890787 0.094056
vt 0.898578 0.091582
vt 0.899281 0.093927
vt 0.909353 0.090512
vt 0.910604 0.102718
vt 0.912270 0.092138
vt 0.908172 0.104390
vt 0.918106 0.087804
vt 0.916821 0.095661
vt 0.919559 0.090131
vt 0.920973 0.088526
vt 0.922471 0.090834
vt 0.923818 0.089175
vt 0.927152 0.093619
vt 0.928509 0.091811
vt 0.931933 0.096240
vt 0.908635 0.106233
vt 0.906060 0.107688
vt 0.903163 0.108785
vt 0.876052 0.091856
vt 0.878741 0.090759
vt 0.870180 0.104183
vt 0.872182 0.112548
vt 0.880841 0.131933
vt 0.870913 0.100375
vt 0.873576 0.093537
vt 0.871851 0.096499
vt 0.870957 0.094926
vt 0.869441 0.097779
vt 0.868678 0.101776
vt 0.867820 0.105585
vt 0.869759 0.114011
vt 0.877263 0.146721
vt 0.878587 0.144626
vt 0.878554 0.148349
vt 0.873345 0.158201
vt 0.876875 0.150546
vt 0.873474 0.162300
vt 0.879296 0.171702
vt 0.962911 0.109818
vt 0.962100 0.107419
vt 0.998392 0.130272
vt 0.940136 0.167569
vt 0.872190 0.160907
vt 0.940755 0.169436
vt 0.874649 0.166409
vt 0.872852 0.165035
vt 0.914623 0.188119
vt 0.900303 0.201742
vt 0.899506 0.200279
vt 0.884330 0.183031
vt 0.889598 0.209304
vt 0.881438 0.186170
vt 0.883278 0.214082
vt 0.869906 0.205002
vt 0.879898 0.219128
vt 0.877653 0.220640
vt 0.872782 0.224204
vt 0.878231 0.173883
vt 0.871581 0.187384
vt 0.878644 0.182006
vt 0.870004 0.207545
vt 0.869871 0.195210
vt 0.867961 0.228310
vt 0.865633 0.229096
vt 0.824463 0.578314
vt 0.814897 0.490450
vt 0.968456 0.835436
vt 0.966253 0.838911
vt 0.968470 0.841346
vt 0.966593 0.841569
vt 0.964300 0.839267
vt 0.026000 0.152301
vt 0.024216 0.154008
vt 0.022454 0.151527
vt 0.020402 0.148749
vt 0.017564 0.144011
vt 0.016083 0.145043
vt 0.016287 0.141661
vt 0.014389 0.142686
vt 0.012452 0.126424
vt 0.014349 0.126250
vt 0.043892 0.209271
vt 0.038693 0.189891
vt 0.040789 0.189086
vt 0.006912 0.101768
vt 0.006274 0.098978
vt 0.002849 0.076820
vt 0.000000 0.062616
vt 0.005202 0.076551
vt 0.003772 0.082219
vt 0.101937 0.702552
vt 0.099941 0.703535
vt 0.094373 0.696661
vt 0.686447 0.510329
vt 0.687642 0.512616
vt 0.685074 0.512087
vt 0.759305 0.397984
vt 0.796159 0.402229
vt 0.685203 0.416454
vt 0.716005 0.030014
vt 0.929666 0.400986
vt 0.929168 0.403740
vt 0.927052 0.403200
vt 0.452183 0.849772
vt 0.449333 0.847166
vt 0.450854 0.845136
vt 0.481834 0.838158
vt 0.467582 0.852542
vt 0.456799 0.898716
vt 0.453331 0.898447
vt 0.446489 0.881374
vt 0.038217 0.831146
vt 0.038433 0.833378
vt 0.883951 0.221358
vt 0.882908 0.219546
vt 0.880726 0.221127
vt 0.888840 0.218949
vt 0.887070 0.221024
vt 0.890379 0.211069
vt 0.220848 0.273649
vt 0.188231 0.295092
vt 0.942918 0.715766
vt 0.384228 0.882408
vt 0.809324 0.866829
vt 0.792516 0.399108
vt 0.588202 0.147819
vt 0.673703 0.762196
vt 0.673377 0.764995
vt 0.658951 0.747152
vt 0.643797 0.745552
vt 0.664152 0.744896
vt 0.678060 0.751322
vt 0.677578 0.754068
vt 0.675015 0.753937
vt 0.664275 0.742092
vt 0.672009 0.742871
vt 0.680792 0.748640
vt 0.680446 0.751416
vt 0.672091 0.740079
vt 0.679972 0.740524
vt 0.683426 0.745980
vt 0.683173 0.748718
vt 0.680068 0.737761
vt 0.685893 0.743357
vt 0.696222 0.738612
vt 0.688352 0.740788
vt 0.685798 0.746196
vt 0.696248 0.735849
vt 0.709412 0.735741
vt 0.690838 0.741100
vt 0.687626 0.749323
vt 0.737418 0.731632
vt 0.737482 0.729017
vt 0.750323 0.727695
vt 0.681474 0.757214
vt 0.684640 0.751772
vt 0.684994 0.748877
vt 0.682292 0.751370
vt 0.678554 0.759769
vt 0.678884 0.756825
vt 0.675952 0.762408
vt 0.676331 0.759544
vt 0.675571 0.867108
vt 0.677944 0.870018
vt 0.680231 0.872972
vt 0.677622 0.872566
vt 0.684967 0.876439
vt 0.680007 0.875492
vt 0.689902 0.879870
vt 0.684928 0.878652
vt 0.694679 0.883337
vt 0.689697 0.882305
vt 0.694534 0.885745
vt 0.721099 0.886751
vt 0.723653 0.884108
vt 0.737128 0.878643
vt 0.737353 0.881111
vt 0.748038 0.875971
vt 0.748240 0.878401
vt 0.759000 0.873435
vt 0.759152 0.875759
vt 0.770173 0.871137
vt 0.770238 0.873402
vt 0.778954 0.866492
vt 0.778736 0.871468
vt 0.783417 0.838028
vt 0.781734 0.866479
vt 0.786108 0.836190
vt 0.786069 0.838471
vt 0.791150 0.836906
vt 0.802879 0.801264
vt 0.798404 0.774772
vt 0.801293 0.774083
vt 0.796314 0.764380
vt 0.788630 0.743452
vt 0.786056 0.744386
vt 0.777308 0.729800
vt 0.774399 0.728218
vt 0.189290 0.638701
vt 0.279620 0.673981
vt 0.977838 0.431228
vt 0.979200 0.432212
vt 0.975748 0.442713
vt 0.977308 0.443544
vt 0.975752 0.448691
vt 0.977273 0.449556
vt 0.975434 0.457195
vt 0.977001 0.458129
vt 0.973955 0.470555
vt 0.975586 0.471594
vt 0.975101 0.474027
vt 0.973425 0.472970
vt 0.973029 0.475333
vt 0.971289 0.474306
vt 0.968692 0.456534
vt 0.971205 0.476587
vt 0.969404 0.475584
vt 0.969456 0.477843
vt 0.967633 0.476835
vt 0.964597 0.465346
vt 0.966355 0.455541
vt 0.961885 0.488183
vt 0.962117 0.464616
vt 0.968588 0.507699
vt 0.966147 0.507283
vt 0.973091 0.524053
vt 0.979096 0.542358
vt 0.973606 0.541588
vt 0.971661 0.483334
vt 0.973583 0.484277
vt 0.742866 0.255277
vt 0.742282 0.266667
vt 0.745434 0.254322
vt 0.732931 0.281803
vt 0.741560 0.197726
vt 0.747919 0.243663
vt 0.745251 0.244036
vt 0.746494 0.249145
vt 0.279627 0.123603
vt 0.278497 0.624638
vt 0.666477 0.545588
vt 0.251156 0.435395
vt 0.234559 0.425837
vt 0.241340 0.427810
vt 0.248666 0.432351
vt 0.809541 0.417392
vt 0.809543 0.398129
vt 0.587309 0.222652
vt 0.759933 0.406845
vt 0.761641 0.404588
vt 0.759970 0.401331
vt 0.761664 0.401842
vt 0.763318 0.405090
vt 0.438220 0.924539
vt 0.436596 0.924698
vt 0.675109 0.536289
vt 0.672366 0.539173
vt 0.669713 0.541845
vt 0.668251 0.543511
vt 0.664766 0.543274
vt 0.682407 0.528197
vt 0.679869 0.526855
vt 0.714015 0.414121
vt 0.712420 0.415764
vt 0.714015 0.417578
vt 0.712904 0.418399
vt 0.821840 0.708223
vt 0.687630 0.398318
vt 0.270024 0.630434
vt 0.439771 0.926727
vt 0.806030 0.961750
vt 0.807179 0.953728
vt 0.808745 0.959688
vt 0.806316 0.950841
vt 0.808038 0.939842
vt 0.806030 0.939108
vt 0.810928 0.935253
vt 0.807058 0.931586
vt 0.808959 0.932257
vt 0.810929 0.932852
vt 0.818763 0.938487
vt 0.816258 0.959483
vt 0.818090 0.957940
vt 0.822324 0.947921
vt 0.821918 0.950763
vt 0.822165 0.945118
vt 0.820855 0.939000
vt 0.781942 0.893710
vt 0.772969 0.925645
vt 0.767650 0.926411
vt 0.767737 0.928401
vt 0.772967 0.927617
vt 0.763012 0.953491
vt 0.775584 0.927231
vt 0.772300 0.954261
vt 0.743061 0.951800
vt 0.697774 0.902434
vt 0.784918 0.953496
vt 0.772673 0.955993
vt 0.763418 0.955447
vt 0.751862 0.955150
vt 0.751528 0.953128
vt 0.748796 0.953488
vt 0.748464 0.951400
vt 0.743429 0.954263
vt 0.735462 0.953919
vt 0.736086 0.955761
vt 0.732766 0.954292
vt 0.702047 0.892006
vt 0.690503 0.915446
vt 0.734193 0.957986
vt 0.725128 0.957538
vt 0.725802 0.959435
vt 0.699799 0.896163
vt 0.699461 0.891615
vt 0.697214 0.895758
vt 0.692839 0.906607
vt 0.692619 0.901831
vt 0.690357 0.906156
vt 0.687760 0.917760
vt 0.687593 0.915421
vt 0.685717 0.924475
vt 0.685086 0.917217
vt 0.683098 0.924063
vt 0.684870 0.943236
vt 0.686262 0.938992
vt 0.717357 0.958998
vt 0.717520 0.961055
vt 0.714970 0.959513
vt 0.716231 0.961318
vt 0.686425 0.947235
vt 0.709688 0.960819
vt 0.711830 0.964444
vt 0.690223 0.958600
vt 0.683848 0.947526
vt 0.691187 0.963051
vt 0.688031 0.959427
vt 0.694850 0.969196
vt 0.689029 0.963954
vt 0.705526 0.973224
vt 0.702340 0.972716
vt 0.705253 0.968807
vt 0.557941 0.185422
vt 0.129827 0.755242
vt 0.116739 0.757532
vt 0.799212 0.820074
vt 0.592065 0.314459
vt 0.591930 0.311938
vt 0.594206 0.312255
vt 0.593807 0.309938
vt 0.596419 0.312528
vt 0.604811 0.310955
vt 0.602215 0.330090
vt 0.628378 0.398469
vt 0.627157 0.362372
vt 0.627883 0.356678
vt 0.628093 0.342562
vt 0.626287 0.342701
vt 0.625572 0.308740
vt 0.625657 0.311502
vt 0.627552 0.311266
vt 0.626547 0.331447
vt 0.628099 0.328385
vt 0.628196 0.331582
vt 0.621857 0.863165
vt 0.633707 0.774645
vt 0.641280 0.745269
vt 0.639555 0.753382
vt 0.639218 0.742091
vt 0.637778 0.761426
vt 0.637709 0.753085
vt 0.618543 0.794320
vt 0.635808 0.766671
vt 0.635940 0.761144
vt 0.633926 0.766393
vt 0.644245 0.933881
vt 0.643915 0.936193
vt 0.620918 0.789106
vt 0.628307 0.771103
vt 0.630178 0.771338
vt 0.629993 0.774049
vt 0.623536 0.781145
vt 0.639991 0.931774
vt 0.639869 0.934275
vt 0.637906 0.930620
vt 0.637747 0.933003
vt 0.625309 0.885861
vt 0.625924 0.776104
vt 0.626649 0.768301
vt 0.628544 0.768432
vt 0.624102 0.775707
vt 0.623612 0.921138
vt 0.623384 0.923581
vt 0.621272 0.921484
vt 0.625547 0.916627
vt 0.621733 0.780744
vt 0.621947 0.918055
vt 0.615909 0.802292
vt 0.619045 0.788748
vt 0.616732 0.793966
vt 0.613351 0.807445
vt 0.614053 0.801914
vt 0.610791 0.812548
vt 0.611590 0.807050
vt 0.608266 0.817587
vt 0.609066 0.812134
vt 0.605559 0.822602
vt 0.606348 0.817088
vt 0.602664 0.827931
vt 0.603685 0.821983
vt 0.604245 0.833157
vt 0.608606 0.843489
vt 0.613593 0.849284
vt 0.611660 0.848826
vt 0.614088 0.851768
vt 0.619054 0.857626
vt 0.617042 0.857157
vt 0.619888 0.862627
vt 0.623768 0.887860
vt 0.623315 0.885353
vt 0.618941 0.881841
vt 0.620917 0.882318
vt 0.621773 0.887388
vt 0.623798 0.918635
vt 0.623668 0.916076
vt 0.785401 0.206531
vt 0.783085 0.196240
vt 0.784749 0.200780
vt 0.691166 0.397705
vt 0.693509 0.398016
vt 0.768703 0.009533
vt 0.770469 0.008435
vt 0.764697 0.010130
vt 0.766505 0.008665
vt 0.758850 0.012198
vt 0.762464 0.009178
vt 0.754744 0.012734
vt 0.756605 0.011231
vt 0.752533 0.011897
vt 0.745782 0.013867
vt 0.733403 0.009688
vt 0.735838 0.010539
vt 0.734448 0.012099
vt 0.720212 0.002579
vt 0.734709 0.008185
vt 0.718871 0.000000
vt 0.721500 0.000773
vt 0.708403 0.013530
vt 0.709532 0.011273
vt 0.711870 0.011538
vt 0.704901 0.015542
vt 0.706077 0.013266
vt 0.692171 0.016654
vt 0.693105 0.014311
vt 0.943424 0.099975
vt 0.947845 0.102776
vt 0.563183 0.855296
vt 0.561225 0.854118
vt 0.775581 0.409799
vt 0.781645 0.412948
vt 0.290370 0.727047
vt 0.292974 0.727594
vt 0.861177 0.112097
vt 0.856658 0.105415
vt 0.855496 0.099650
vt 0.851534 0.095816
vt 0.857439 0.087031
vt 0.849709 0.093670
vt 0.845839 0.089132
vt 0.838091 0.078554
vt 0.837439 0.079873
vt 0.835547 0.078933
vt 0.837178 0.074899
vt 0.833950 0.077930
vt 0.834536 0.075880
vt 0.863083 0.088863
vt 0.868546 0.091004
vt 0.870721 0.089151
vt 0.865061 0.086947
vt 0.859295 0.085052
vt 0.829907 0.070153
vt 0.831631 0.071377
vt 0.028176 0.952352
vt 0.026921 0.952936
vt 0.026261 0.950137
vt 0.023842 0.945073
vt 0.033634 0.951141
vt 0.034208 0.961559
vt 0.032849 0.962393
vt 0.035798 0.958448
vt 0.036686 0.963594
vt 0.034716 0.964053
vt 0.036310 0.961060
vt 0.035642 0.950650
vt 0.036686 0.926695
vt 0.035976 0.937429
vt 0.033961 0.926994
vt 0.031483 0.927613
vt 0.024347 0.934115
vt 0.029415 0.928379
vt 0.026897 0.931163
vt 0.027479 0.929048
vt 0.024677 0.931632
vt 0.019657 0.937586
vt 0.019762 0.934807
vt 0.021791 0.937188
vt 0.021675 0.939962
vt 0.410169 0.832316
vt 0.447549 0.950288
vt 0.747690 0.410622
vt 0.595821 0.053910
vt 0.291730 0.775375
vt 0.294382 0.775627
vt 0.272199 0.777653
vt 0.264695 0.778474
vt 0.272074 0.773390
vt 0.243374 0.948915
vt 0.242778 0.945895
vt 0.244967 0.934222
vt 0.251419 0.940684
vt 0.247868 0.945975
vt 0.243280 0.934379
vt 0.245016 0.926162
vt 0.243249 0.926252
vt 0.244151 0.920684
vt 0.242794 0.920667
vt 0.248252 0.905447
vt 0.246733 0.904127
vt 0.249959 0.900078
vt 0.262104 0.904703
vt 0.256618 0.890235
vt 0.249622 0.926730
vt 0.256532 0.888470
vt 0.244405 0.951798
vt 0.254133 0.938118
vt 0.253295 0.940835
vt 0.249829 0.946251
vt 0.925949 0.336317
vt 0.926339 0.304138
vt 0.929185 0.335700
vt 0.929892 0.338383
vt 0.730686 0.403411
vt 0.678782 0.413972
vt 0.706560 0.027553
vt 0.085159 0.742065
vt 0.951291 0.772517
vt 0.952268 0.770762
vt 0.951048 0.768893
vt 0.952679 0.765330
vt 0.954180 0.763786
vt 0.960792 0.772090
vt 0.959501 0.773939
vt 0.951625 0.776181
vt 0.955988 0.778904
vt 0.812858 0.933488
vt 0.536546 0.073035
vt 0.548200 0.372410
vt 0.576304 0.418536
vt 0.574788 0.415684
vt 0.573530 0.417300
vt 0.570052 0.412664
vt 0.571614 0.411502
vt 0.546247 0.373228
vt 0.557780 0.387999
vt 0.568776 0.404058
vt 0.564091 0.401424
vt 0.555736 0.389342
vt 0.559707 0.395403
vt 0.766883 0.579174
vt 0.766278 0.584738
vt 0.761188 0.584767
vt 0.760946 0.590379
vt 0.758325 0.590406
vt 0.758257 0.593213
vt 0.755518 0.593243
vt 0.755451 0.601638
vt 0.752911 0.601723
vt 0.752861 0.604512
vt 0.750257 0.604598
vt 0.750277 0.607394
vt 0.747637 0.607489
vt 0.747668 0.610284
vt 0.745032 0.610403
vt 0.745052 0.613189
vt 0.742393 0.613341
vt 0.742335 0.618853
vt 0.739619 0.619012
vt 0.739569 0.624404
vt 0.737058 0.624502
vt 0.735710 0.637662
vt 0.688877 0.590582
vt 0.711703 0.650806
vt 0.706224 0.652208
vt 0.701232 0.656035
vt 0.701731 0.658627
vt 0.699007 0.659284
vt 0.694024 0.663162
vt 0.694384 0.665675
vt 0.689020 0.666959
vt 0.689370 0.669473
vt 0.683990 0.670674
vt 0.684321 0.673154
vt 0.681623 0.673720
vt 0.681839 0.676030
vt 0.671136 0.679373
vt 0.671369 0.681998
vt 0.665658 0.682728
vt 0.665842 0.685215
vt 0.657194 0.686975
vt 0.657338 0.689819
vt 0.654321 0.690070
vt 0.653398 0.670101
vt 0.656166 0.669904
vt 0.654607 0.639499
vt 0.657565 0.639138
vt 0.653021 0.616789
vt 0.655705 0.616061
vt 0.649862 0.607552
vt 0.647518 0.608817
vt 0.644419 0.600960
vt 0.642030 0.601903
vt 0.637497 0.584345
vt 0.634925 0.584874
vt 0.634180 0.579477
vt 0.631608 0.580085
vt 0.631673 0.557842
vt 0.629069 0.557592
vt 0.634715 0.552388
vt 0.657714 0.599332
vt 0.651923 0.579681
vt 0.638049 0.544024
vt 0.658284 0.569049
vt 0.657142 0.572205
vt 0.658139 0.607111
vt 0.638609 0.538164
vt 0.641469 0.538199
vt 0.655964 0.575391
vt 0.654130 0.542078
vt 0.649882 0.538754
vt 0.641423 0.535229
vt 0.644237 0.535141
vt 0.644054 0.503695
vt 0.645566 0.504711
vt 0.651477 0.537434
vt 0.655319 0.540599
vt 0.659626 0.547515
vt 0.662655 0.611005
vt 0.661000 0.545942
vt 0.665869 0.556107
vt 0.665851 0.558618
vt 0.663491 0.559636
vt 0.741506 0.566818
vt 0.770318 0.570666
vt 0.769286 0.579199
vt 0.746365 0.565712
vt 0.772596 0.562089
vt 0.772360 0.570815
vt 0.774976 0.559360
vt 0.774961 0.562229
vt 0.774579 0.553702
vt 0.764904 0.542476
vt 0.774764 0.556531
vt 0.760540 0.546758
vt 0.771942 0.537535
vt 0.768356 0.530721
vt 0.766959 0.533817
vt 0.765417 0.536962
vt 0.764172 0.534716
vt 0.762701 0.537998
vt 0.663557 0.561959
vt 0.661816 0.565229
vt 0.759561 0.544573
vt 0.742722 0.549320
vt 0.745244 0.553831
vt 0.667359 0.559725
vt 0.671412 0.560243
vt 0.663065 0.567201
vt 0.665622 0.560856
vt 0.659570 0.571229
vt 0.658445 0.574371
vt 0.738574 0.564823
vt 0.657231 0.577617
vt 0.660311 0.598417
vt 0.660700 0.606261
vt 0.660123 0.611886
vt 0.731508 0.559440
vt 0.661657 0.608579
vt 0.729947 0.557208
vt 0.687515 0.588398
vt 0.728459 0.554868
vt 0.668713 0.603399
vt 0.677960 0.594497
vt 0.772400 0.409435
vt 0.770250 0.409310
vt 0.506807 0.876267
vt 0.506821 0.873577
vt 0.509102 0.871844
vt 0.507341 0.870909
vt 0.511552 0.861081
vt 0.513193 0.861833
vt 0.508906 0.879687
vt 0.506983 0.878899
vt 0.510866 0.882970
vt 0.509003 0.882278
vt 0.512863 0.886173
vt 0.511005 0.885529
vt 0.514880 0.889348
vt 0.513039 0.888725
vt 0.516994 0.892495
vt 0.515146 0.891892
vt 0.519137 0.895658
vt 0.517292 0.895058
vt 0.521310 0.898823
vt 0.519455 0.898236
vt 0.523528 0.901986
vt 0.521640 0.901415
vt 0.526058 0.907843
vt 0.524173 0.907229
vt 0.528272 0.911162
vt 0.526363 0.910488
vt 0.530671 0.917081
vt 0.528788 0.916369
vt 0.532705 0.920382
vt 0.530843 0.919623
vt 0.532590 0.917816
vt 0.536125 0.914232
vt 0.536312 0.919352
vt 0.537596 0.909987
vt 0.537970 0.914984
vt 0.538922 0.905467
vt 0.540501 0.903322
vt 0.539453 0.910567
vt 0.515007 0.853429
vt 0.516586 0.854203
vt 0.540803 0.905921
vt 0.517293 0.851430
vt 0.518944 0.852069
vt 0.549083 0.886391
vt 0.551228 0.897669
vt 0.551503 0.905742
vt 0.550713 0.886654
vt 0.549248 0.864685
vt 0.548981 0.867360
vt 0.549826 0.834090
vt 0.551503 0.834928
vt 0.538004 0.840230
vt 0.519656 0.849244
vt 0.535538 0.836816
vt 0.537413 0.837189
vt 0.533817 0.840069
vt 0.524114 0.846833
vt 0.528286 0.841003
vt 0.533728 0.836825
vt 0.184690 0.845272
vt 0.774337 0.408760
vt 0.772400 0.408948
vt 0.732711 0.397546
vt 0.773474 0.416291
vt 0.962032 0.334250
vt 0.789695 0.408245
vt 0.016578 0.289077
vt 0.646196 0.497847
vt 0.933671 0.581555
vt 0.829581 0.703897
vt 0.944491 0.581070
vt 0.945457 0.583713
vt 0.947066 0.590952
vt 0.944860 0.591021
vt 0.946427 0.596845
vt 0.947609 0.605445
vt 0.945598 0.605633
vt 0.944524 0.575376
vt 0.946829 0.580493
vt 0.945130 0.572190
vt 0.946662 0.574606
vt 0.915574 0.589487
vt 0.911957 0.592340
vt 0.907158 0.607501
vt 0.903930 0.703825
vt 0.902392 0.703420
vt 0.911613 0.704326
vt 0.944755 0.660662
vt 0.914162 0.704944
vt 0.945163 0.680475
vt 0.944441 0.669223
vt 0.947728 0.629978
vt 0.946381 0.629826
vt 0.946457 0.638318
vt 0.946354 0.657699
vt 0.946837 0.660767
vt 0.946493 0.669252
vt 0.947144 0.680516
vt 0.940011 0.715036
vt 0.937175 0.714498
vt 0.946309 0.704565
vt 0.947456 0.700941
vt 0.112983 0.838591
vt 0.132707 0.859760
vt 0.131137 0.861936
vt 0.132003 0.863153
vt 0.130442 0.865299
vt 0.131332 0.866606
vt 0.129819 0.868789
vt 0.133238 0.874240
vt 0.131893 0.876238
vt 0.132856 0.877447
vt 0.131395 0.879607
vt 0.132306 0.880882
vt 0.130834 0.883164
vt 0.132556 0.885921
vt 0.131118 0.888244
vt 0.131981 0.889651
vt 0.130544 0.892040
vt 0.132404 0.894606
vt 0.131046 0.897013
vt 0.133238 0.898896
vt 0.130435 0.903924
vt 0.131579 0.904828
vt 0.128906 0.909913
vt 0.130089 0.910773
vt 0.128763 0.913317
vt 0.129936 0.914008
vt 0.128748 0.916624
vt 0.125964 0.921545
vt 0.127277 0.922348
vt 0.125740 0.924780
vt 0.115063 0.919629
vt 0.118382 0.922572
vt 0.119417 0.923496
vt 0.121701 0.925258
vt 0.124055 0.926979
vt 0.120539 0.924389
vt 0.119183 0.927183
vt 0.118091 0.926003
vt 0.109877 0.911672
vt 0.117309 0.921598
vt 0.117120 0.925022
vt 0.116018 0.924142
vt 0.107847 0.906378
vt 0.104709 0.899837
vt 0.113859 0.922121
vt 0.112566 0.921239
vt 0.110591 0.915983
vt 0.109141 0.918653
vt 0.108495 0.914183
vt 0.106593 0.908793
vt 0.103460 0.902279
vt 0.103587 0.898811
vt 0.102358 0.901271
vt 0.101222 0.900288
vt 0.102442 0.897808
vt 0.098888 0.894960
vt 0.100063 0.892454
vt 0.097552 0.890771
vt 0.098664 0.888214
vt 0.097353 0.887505
vt 0.098437 0.884907
vt 0.097119 0.884312
vt 0.099269 0.879011
vt 0.097922 0.878483
vt 0.099016 0.875822
vt 0.097694 0.875403
vt 0.098734 0.872671
vt 0.101036 0.867310
vt 0.099503 0.866818
vt 0.101721 0.861386
vt 0.100121 0.860982
vt 0.102208 0.855501
vt 0.100509 0.855227
vt 0.101193 0.852352
vt 0.103184 0.846870
vt 0.101731 0.846581
vt 0.102273 0.840781
vt 0.102926 0.837941
vt 0.103727 0.835098
vt 0.104682 0.829418
vt 0.107003 0.833046
vt 0.107797 0.830332
vt 0.110271 0.834340
vt 0.955377 0.642239
vt 0.954869 0.649377
vt 0.953762 0.642058
vt 0.953054 0.648676
vt 0.952195 0.641034
vt 0.957984 0.637366
vt 0.957059 0.642409
vt 0.951591 0.634323
vt 0.954631 0.635953
vt 0.954579 0.452537
vt 0.247308 0.865534
vt 0.245790 0.866299
vt 0.244209 0.857915
vt 0.244628 0.854541
vt 0.242807 0.854207
vt 0.242842 0.851393
vt 0.259392 0.859959
vt 0.249173 0.867915
vt 0.247761 0.868190
vt 0.248323 0.873569
vt 0.246991 0.871082
vt 0.248561 0.870758
vt 0.255979 0.867933
vt 0.253477 0.870566
vt 0.250659 0.876194
vt 0.248822 0.876316
vt 0.252160 0.878992
vt 0.250069 0.879060
vt 0.255468 0.870680
vt 0.257917 0.868089
vt 0.262111 0.854568
vt 0.261404 0.860168
vt 0.241374 0.851543
vt 0.240751 0.848813
vt 0.254268 0.846399
vt 0.250086 0.846469
vt 0.264036 0.854599
vt 0.248608 0.844080
vt 0.240525 0.846065
vt 0.241412 0.843673
vt 0.250791 0.844146
vt 0.258522 0.845233
vt 0.266683 0.843673
vt 0.268776 0.846098
vt 0.268638 0.848621
vt 0.266258 0.851487
vt 0.775581 0.414067
vt 0.103740 0.456960
vt 0.798431 0.197249
vt 0.795698 0.197778
vt 0.796589 0.203098
vt 0.798590 0.211268
vt 0.567319 0.408320
vt 0.232269 0.274110
vt 0.232297 0.276621
vt 0.228168 0.275467
vt 0.224635 0.273267
vt 0.237452 0.254381
vt 0.219229 0.270499
vt 0.239784 0.274393
vt 0.239222 0.265223
vt 0.239900 0.268575
vt 0.242160 0.272683
vt 0.241343 0.275188
vt 0.240636 0.271883
vt 0.236812 0.250976
vt 0.230998 0.236202
vt 0.231863 0.233541
vt 0.241463 0.269317
vt 0.240754 0.265995
vt 0.239637 0.258540
vt 0.240941 0.259996
vt 0.240647 0.255478
vt 0.238378 0.251608
vt 0.237844 0.242204
vt 0.239418 0.242845
vt 0.237002 0.244904
vt 0.235441 0.244241
vt 0.232532 0.236863
vt 0.234769 0.240890
vt 0.236319 0.241557
vt 0.234235 0.231514
vt 0.232692 0.230852
vt 0.233520 0.228150
vt 0.237327 0.232843
vt 0.231981 0.227494
vt 0.246849 0.188276
vt 0.242640 0.238083
vt 0.238021 0.236190
vt 0.238864 0.233500
vt 0.259839 0.176963
vt 0.258584 0.168204
vt 0.265951 0.200446
vt 0.243337 0.241356
vt 0.241792 0.240764
vt 0.266092 0.220082
vt 0.266712 0.205370
vt 0.259443 0.171299
vt 0.259914 0.168347
vt 0.244868 0.241945
vt 0.251787 0.247133
vt 0.245574 0.245174
vt 0.246418 0.242505
vt 0.260824 0.171345
vt 0.260580 0.174279
vt 0.266460 0.223205
vt 0.256182 0.250464
vt 0.250938 0.249723
vt 0.257221 0.253132
vt 0.255477 0.253124
vt 0.259982 0.255520
vt 0.256509 0.255890
vt 0.261322 0.257447
vt 0.259496 0.258127
vt 0.264526 0.257742
vt 0.260956 0.259897
vt 0.266419 0.254326
vt 0.266405 0.256666
vt 0.268559 0.251119
vt 0.268328 0.253453
vt 0.266603 0.251778
vt 0.267633 0.246425
vt 0.269672 0.245885
vt 0.261310 0.179825
vt 0.261750 0.177028
vt 0.262830 0.179667
vt 0.262473 0.185306
vt 0.264041 0.185020
vt 0.263808 0.190684
vt 0.265041 0.190279
vt 0.264972 0.195714
vt 0.266193 0.195190
vt 0.267384 0.200100
vt 0.268521 0.205626
vt 0.268053 0.208398
vt 0.269734 0.209318
vt 0.268531 0.211884
vt 0.270238 0.212982
vt 0.268825 0.215355
vt 0.267747 0.220800
vt 0.270965 0.225507
vt 0.272406 0.226558
vt 0.273891 0.227624
vt 0.274179 0.237231
vt 0.272400 0.242673
vt 0.275771 0.231827
vt 0.275088 0.234620
vt 0.274633 0.230297
vt 0.917955 0.466862
vt 0.917028 0.469116
vt 0.915723 0.466210
vt 0.907930 0.467509
vt 0.903615 0.469074
vt 0.905544 0.466206
vt 0.908984 0.466103
vt 0.906816 0.464977
vt 0.909681 0.460355
vt 0.913390 0.455848
vt 0.919245 0.461373
vt 0.918306 0.463236
vt 0.915789 0.452595
vt 0.918048 0.453583
vt 0.920354 0.450276
vt 0.927649 0.452529
vt 0.926620 0.453940
vt 0.922302 0.456384
vt 0.921472 0.461651
vt 0.921085 0.464197
vt 0.927582 0.438504
vt 0.930111 0.439293
vt 0.935345 0.429032
vt 0.937473 0.436145
vt 0.931201 0.446897
vt 0.925834 0.456288
vt 0.924568 0.457534
vt 0.929729 0.450738
vt 0.940048 0.425157
vt 0.943861 0.419964
vt 0.944872 0.420457
vt 0.931315 0.449433
vt 0.946826 0.422880
vt 0.944768 0.426463
vt 0.933435 0.444702
vt 0.933547 0.447154
vt 0.936634 0.438119
vt 0.935828 0.442144
vt 0.933958 0.443150
vt 0.944669 0.418536
vt 0.947700 0.419131
vt 0.940404 0.434889
vt 0.940225 0.437114
vt 0.947829 0.421320
vt 0.946674 0.426931
vt 0.942049 0.432727
vt 0.943201 0.433266
vt 0.762823 0.315589
vt 0.761335 0.313774
vt 0.688615 0.402080
vt 0.600373 0.909560
vt 0.600738 0.911990
vt 0.598455 0.915126
vt 0.600417 0.914526
vt 0.598388 0.917618
vt 0.596300 0.915812
vt 0.596400 0.918471
vt 0.601132 0.830471
vt 0.586342 0.872440
vt 0.586146 0.878100
vt 0.600514 0.827859
vt 0.601832 0.828671
vt 0.591926 0.838771
vt 0.596736 0.831760
vt 0.597963 0.832375
vt 0.594810 0.916797
vt 0.593315 0.911857
vt 0.593176 0.909100
vt 0.591517 0.910162
vt 0.590585 0.907538
vt 0.588254 0.841924
vt 0.590798 0.837528
vt 0.585536 0.843836
vt 0.586814 0.841281
vt 0.583978 0.859749
vt 0.584000 0.857750
vt 0.584528 0.872992
vt 0.583955 0.861749
vt 0.588654 0.902877
vt 0.647000 0.371714
vt 0.645096 0.375854
vt 0.644983 0.378244
vt 0.643250 0.377284
vt 0.643148 0.379582
vt 0.644864 0.380585
vt 0.644703 0.382970
vt 0.634377 0.358320
vt 0.635327 0.372862
vt 0.650735 0.373456
vt 0.648607 0.372657
vt 0.650394 0.370964
vt 0.648684 0.369968
vt 0.652588 0.368925
vt 0.650318 0.368266
vt 0.652087 0.366448
vt 0.648731 0.367284
vt 0.650320 0.365536
vt 0.635826 0.354447
vt 0.654360 0.364301
vt 0.651862 0.363762
vt 0.654291 0.359967
vt 0.650238 0.362912
vt 0.652808 0.357893
vt 0.640387 0.350215
vt 0.655788 0.355193
vt 0.656447 0.357532
vt 0.654025 0.355094
vt 0.654210 0.357709
vt 0.653109 0.350236
vt 0.643783 0.349801
vt 0.657311 0.352420
vt 0.655190 0.352661
vt 0.654742 0.350158
vt 0.656458 0.349995
vt 0.656016 0.347207
vt 0.651792 0.345355
vt 0.658175 0.349367
vt 0.664660 0.338242
vt 0.666132 0.340478
vt 0.662984 0.339424
vt 0.659808 0.342708
vt 0.661757 0.332210
vt 0.661565 0.337273
vt 0.659698 0.337927
vt 0.653052 0.342151
vt 0.664017 0.326183
vt 0.663690 0.331581
vt 0.667962 0.277876
vt 0.665859 0.325414
vt 0.646560 0.383961
vt 0.646922 0.386145
vt 0.642747 0.384322
vt 0.642957 0.381940
vt 0.639057 0.379699
vt 0.639259 0.377445
vt 0.635155 0.375179
vt 0.633202 0.372148
vt 0.629766 0.361381
vt 0.631133 0.370151
vt 0.629799 0.358636
vt 0.634339 0.355238
vt 0.635705 0.351752
vt 0.642157 0.347827
vt 0.669459 0.275378
vt 0.669307 0.278018
vt 0.670962 0.272759
vt 0.670824 0.275595
vt 0.673038 0.261552
vt 0.672325 0.272863
vt 0.674410 0.258841
vt 0.674297 0.261628
vt 0.675895 0.256103
vt 0.675742 0.258881
vt 0.677315 0.256094
vt 0.679465 0.247681
vt 0.679212 0.250465
vt 0.681293 0.242009
vt 0.680944 0.247557
vt 0.682670 0.236296
vt 0.682780 0.241790
vt 0.685533 0.232760
vt 0.685607 0.235524
vt 0.683945 0.233219
vt 0.688287 0.228856
vt 0.688350 0.231566
vt 0.686766 0.229501
vt 0.689443 0.225514
vt 0.689653 0.228175
vt 0.685725 0.227057
vt 0.683023 0.230718
vt 0.679710 0.236799
vt 0.678833 0.234343
vt 0.678383 0.239626
vt 0.677915 0.237036
vt 0.675022 0.242415
vt 0.674358 0.239881
vt 0.672842 0.242401
vt 0.671160 0.244853
vt 0.667184 0.249530
vt 0.666928 0.246874
vt 0.664973 0.251743
vt 0.664867 0.249020
vt 0.661774 0.253585
vt 0.662404 0.251039
vt 0.659166 0.255429
vt 0.659603 0.252851
vt 0.656528 0.257200
vt 0.656835 0.254490
vt 0.653774 0.259889
vt 0.654077 0.255873
vt 0.650129 0.274905
vt 0.782967 0.273289
vt 0.338130 0.697192
vt 0.802205 0.404999
vt 0.774335 0.008645
vt 0.775938 0.010195
vt 0.766090 0.030788
vt 0.843786 0.269209
vt 0.840503 0.272910
vt 0.828473 0.271698
vt 0.830421 0.270033
vt 0.829942 0.268499
vt 0.838689 0.259380
vt 0.846909 0.259731
vt 0.847510 0.261455
vt 0.842822 0.257663
vt 0.734208 0.283456
vt 0.732411 0.284523
vt 0.731234 0.282414
vt 0.735279 0.285573
vt 0.966599 0.792171
vt 0.964144 0.790725
vt 0.961764 0.798345
vt 0.961487 0.791456
vt 0.964745 0.685404
vt 0.778217 0.408329
vt 0.826502 0.280099
vt 0.822116 0.277579
vt 0.821484 0.276025
vt 0.818815 0.276729
vt 0.818333 0.274516
vt 0.823477 0.272601
vt 0.823983 0.274577
vt 0.825693 0.271236
vt 0.752496 0.407205
vt 0.754472 0.404300
vt 0.752496 0.401332
vt 0.754266 0.401338
vt 0.756339 0.404250
vt 0.755969 0.410152
vt 0.802068 0.402115
vt 0.526184 0.762505
vt 0.528277 0.762724
vt 0.181285 0.830245
vt 0.179955 0.833877
vt 0.178305 0.831215
vt 0.178482 0.835427
vt 0.177185 0.836873
vt 0.178990 0.836767
vt 0.174490 0.845317
vt 0.179043 0.829562
vt 0.170395 0.829418
vt 0.153499 0.829524
vt 0.133273 0.832151
vt 0.134266 0.829665
vt 0.170594 0.850911
vt 0.133238 0.834869
vt 0.557857 0.270413
vt 0.436101 0.249426
vt 0.484128 0.290114
vt 0.565219 0.271970
vt 0.565638 0.269229
vt 0.580955 0.218456
vt 0.577646 0.268676
vt 0.577488 0.271440
vt 0.474586 0.287816
vt 0.473590 0.289420
vt 0.588954 0.226186
vt 0.613223 0.265060
vt 0.613729 0.270524
vt 0.611080 0.262248
vt 0.612947 0.262080
vt 0.610852 0.259311
vt 0.607736 0.253974
vt 0.605998 0.254358
vt 0.603241 0.249259
vt 0.604904 0.248743
vt 0.456493 0.288152
vt 0.600482 0.244229
vt 0.602161 0.243634
vt 0.597452 0.239570
vt 0.440594 0.262597
vt 0.594824 0.234905
vt 0.430922 0.240295
vt 0.428768 0.241899
vt 0.599217 0.238856
vt 0.596428 0.234347
vt 0.592157 0.229623
vt 0.593631 0.229622
vt 0.591313 0.226837
vt 0.589012 0.223494
vt 0.427775 0.232825
vt 0.409556 0.214200
vt 0.411718 0.212797
vt 0.406326 0.207094
vt 0.408524 0.205434
vt 0.385936 0.184194
vt 0.384164 0.185978
vt 0.382133 0.184473
vt 0.361562 0.172035
vt 0.355687 0.162459
vt 0.507868 0.123701
vt 0.554794 0.177458
vt 0.553534 0.179980
vt 0.554933 0.180669
vt 0.552400 0.185610
vt 0.553995 0.186468
vt 0.550237 0.193850
vt 0.575479 0.208862
vt 0.571133 0.205028
vt 0.572743 0.204406
vt 0.573130 0.206358
vt 0.552265 0.192005
vt 0.787706 0.856011
vt 0.787206 0.860472
vt 0.784792 0.861202
vt 0.784159 0.865786
vt 0.788730 0.842963
vt 0.788622 0.844987
vt 0.791421 0.843090
vt 0.791290 0.844966
vt 0.791070 0.846919
vt 0.792520 0.858790
vt 0.789697 0.859667
vt 0.953892 0.874632
vt 0.953488 0.869365
vt 0.955121 0.868861
vt 0.954742 0.862916
vt 0.956368 0.863600
vt 0.956167 0.857783
vt 0.959433 0.858955
vt 0.959307 0.856155
vt 0.960989 0.856617
vt 0.960924 0.853849
vt 0.962591 0.854269
vt 0.962581 0.851520
vt 0.964224 0.851919
vt 0.964250 0.849184
vt 0.965860 0.849558
vt 0.965611 0.843947
vt 0.967316 0.844368
vt 0.967287 0.841569
vt 0.968992 0.841944
vt 0.969083 0.850248
vt 0.967581 0.849898
vt 0.967935 0.858120
vt 0.966257 0.857747
vt 0.965314 0.865507
vt 0.966496 0.860446
vt 0.965685 0.868192
vt 0.966099 0.870890
vt 0.952374 0.882708
vt 0.952015 0.874522
vt 0.951084 0.890830
vt 0.950660 0.882605
vt 0.954771 0.893549
vt 0.952934 0.893552
vt 0.952899 0.890819
vt 0.966769 0.863147
vt 0.967108 0.865832
vt 0.956666 0.893551
vt 0.956531 0.896302
vt 0.954691 0.896286
vt 0.967552 0.868511
vt 0.968030 0.871223
vt 0.961995 0.896120
vt 0.816659 0.400182
vt 0.817556 0.397498
vt 0.817514 0.412358
vt 0.814494 0.415743
vt 0.813632 0.408507
vt 0.724220 0.417431
vt 0.722459 0.417372
vt 0.721033 0.417431
vt 0.720153 0.415591
vt 0.769153 0.409435
vt 0.770675 0.418424
vt 0.964832 0.748226
vt 0.966714 0.750020
vt 0.106224 0.927604
vt 0.121065 0.927183
vt 0.119756 0.929879
vt 0.121541 0.929872
vt 0.120863 0.935184
vt 0.119034 0.935218
vt 0.105090 0.936693
vt 0.106559 0.936139
vt 0.120813 0.943151
vt 0.119085 0.943228
vt 0.120464 0.948496
vt 0.118782 0.948667
vt 0.119525 0.951281
vt 0.116246 0.951831
vt 0.113067 0.941140
vt 0.107024 0.944892
vt 0.105825 0.939424
vt 0.111388 0.941343
vt 0.112134 0.944067
vt 0.110483 0.944303
vt 0.108811 0.944579
vt 0.657897 0.417924
vt 0.675293 0.016411
vt 0.101304 0.934971
vt 0.102182 0.937481
vt 0.184907 0.297989
vt 0.185537 0.299468
vt 0.913492 0.706617
vt 0.801514 0.416871
vt 0.772639 0.298296
vt 0.181285 0.849906
vt 0.181285 0.832533
vt 0.794387 0.402503
vt 0.798433 0.402282
vt 0.615908 0.482123
vt 0.613354 0.481807
vt 0.633487 0.435219
vt 0.623329 0.483599
vt 0.636546 0.430626
vt 0.657170 0.425281
vt 0.622363 0.485393
vt 0.614996 0.484000
vt 0.638449 0.427770
vt 0.636559 0.427231
vt 0.637715 0.425052
vt 0.642576 0.418536
vt 0.646962 0.419962
vt 0.671314 0.431067
vt 0.669227 0.432748
vt 0.628298 0.484569
vt 0.644748 0.489731
vt 0.627323 0.486353
vt 0.644669 0.495314
vt 0.642218 0.494799
vt 0.649554 0.490854
vt 0.652339 0.481427
vt 0.673117 0.431679
vt 0.655259 0.475298
vt 0.137448 0.756432
vt 0.138099 0.758437
vt 0.465493 0.905941
vt 0.282154 0.721142
vt 0.806997 0.402019
vt 0.808368 0.402061
vt 0.807823 0.403936
vt 0.517275 0.734279
vt 0.521861 0.743398
vt 0.554397 0.734462
vt 0.541221 0.741332
vt 0.554424 0.736387
vt 0.551872 0.736955
vt 0.551943 0.737892
vt 0.547087 0.741031
vt 0.544057 0.741233
vt 0.541008 0.742993
vt 0.538151 0.743316
vt 0.537809 0.744994
vt 0.535258 0.743691
vt 0.535086 0.746378
vt 0.521534 0.745944
vt 0.513615 0.744778
vt 0.491755 0.734382
vt 0.500819 0.742505
vt 0.498478 0.742030
vt 0.490077 0.735956
vt 0.487875 0.735303
vt 0.499916 0.744943
vt 0.455932 0.720540
vt 0.467371 0.725605
vt 0.458045 0.719374
vt 0.469147 0.724147
vt 0.480353 0.728693
vt 0.278586 0.072227
vt 0.278068 0.077877
vt 0.550382 0.381253
vt 0.176910 0.875840
vt 0.082686 0.740532
vt 0.085936 0.739984
vt 0.092613 0.742114
vt 0.173697 0.718443
vt 0.175717 0.719043
vt 0.172605 0.721132
vt 0.170635 0.720593
vt 0.168239 0.725697
vt 0.166341 0.725285
vt 0.165098 0.727844
vt 0.163179 0.727470
vt 0.160205 0.732455
vt 0.158032 0.732137
vt 0.156965 0.734636
vt 0.149698 0.731405
vt 0.148867 0.733928
vt 0.147756 0.731358
vt 0.148466 0.728831
vt 0.137081 0.728300
vt 0.137756 0.725435
vt 0.135744 0.725676
vt 0.130955 0.741088
vt 0.128586 0.740745
vt 0.127438 0.742993
vt 0.125123 0.742723
vt 0.123903 0.744949
vt 0.112050 0.743494
vt 0.109576 0.743416
vt 0.107024 0.743468
vt 0.104475 0.743484
vt 0.101965 0.743536
vt 0.277299 0.103041
vt 0.277530 0.092018
vt 0.896532 0.651789
vt 0.900033 0.656569
vt 0.901851 0.662548
vt 0.515504 0.771874
vt 0.526997 0.770549
vt 0.542766 0.765412
vt 0.538349 0.765662
vt 0.544940 0.768111
vt 0.543132 0.769511
vt 0.547792 0.775042
vt 0.549667 0.771725
vt 0.549757 0.774148
vt 0.553383 0.767599
vt 0.553528 0.770127
vt 0.554511 0.762129
vt 0.555161 0.766657
vt 0.552544 0.759841
vt 0.553969 0.759443
vt 0.541140 0.748698
vt 0.551553 0.745267
vt 0.551703 0.754226
vt 0.541111 0.747231
vt 0.520947 0.754144
vt 0.812614 0.850806
vt 0.235358 0.278685
vt 0.459573 0.930223
vt 0.463282 0.926733
vt 0.679275 0.315251
vt 0.706112 0.028607
vt 0.310122 0.882009
vt 0.305871 0.883486
vt 0.306195 0.881008
vt 0.306378 0.878389
vt 0.291223 0.843193
vt 0.695722 0.025003
vt 0.747690 0.416040
vt 0.918553 0.476649
vt 0.931066 0.561410
vt 0.416929 0.059811
vt 0.414249 0.058600
vt 0.415918 0.065245
vt 0.418109 0.066417
vt 0.416889 0.070249
vt 0.419179 0.071496
vt 0.348546 0.061148
vt 0.349061 0.054600
vt 0.358310 0.049059
vt 0.359676 0.047692
vt 0.369600 0.050487
vt 0.370847 0.048695
vt 0.384993 0.050039
vt 0.411940 0.055686
vt 0.414802 0.056938
vt 0.782379 0.232580
vt 0.780814 0.233751
vt 0.780098 0.231334
vt 0.785607 0.224730
vt 0.789829 0.220038
vt 0.791249 0.218940
vt 0.786581 0.218807
vt 0.789409 0.217352
vt 0.059729 0.277468
vt 0.059438 0.273397
vt 0.780724 0.403839
vt 0.795099 0.114662
vt 0.396029 0.195596
vt 0.399131 0.202402
vt 0.426962 0.239802
vt 0.425006 0.240653
vt 0.421432 0.236615
vt 0.412659 0.223912
vt 0.397223 0.203354
vt 0.394037 0.196729
vt 0.779958 0.183938
vt 0.708288 0.395398
vt 0.710791 0.395458
vt 0.713276 0.395548
vt 0.684781 0.393496
vt 0.671973 0.327989
vt 0.680629 0.320141
vt 0.683975 0.312813
vt 0.688220 0.310916
vt 0.686816 0.308687
vt 0.690967 0.306944
vt 0.724880 0.330778
vt 0.711755 0.313088
vt 0.689721 0.304592
vt 0.693633 0.303009
vt 0.692611 0.300581
vt 0.698489 0.298295
vt 0.646521 0.379267
vt 0.668997 0.392259
vt 0.697096 0.295894
vt 0.650697 0.388143
vt 0.662992 0.390730
vt 0.713854 0.312013
vt 0.727269 0.329515
vt 0.740372 0.350077
vt 0.744873 0.389681
vt 0.742527 0.389297
vt 0.656916 0.389291
vt 0.648177 0.389005
vt 0.651922 0.390063
vt 0.658055 0.391144
vt 0.664095 0.392597
vt 0.670057 0.394119
vt 0.685719 0.395364
vt 0.711686 0.397327
vt 0.709184 0.397278
vt 0.716644 0.397498
vt 0.714164 0.397420
vt 0.742286 0.394771
vt 0.738071 0.396308
vt 0.211375 0.894289
vt 0.614816 0.265001
vt 0.617065 0.275675
vt 0.619310 0.283694
vt 0.617483 0.283357
vt 0.618704 0.288534
vt 0.616758 0.288488
vt 0.619067 0.296213
vt 0.617034 0.296246
vt 0.619617 0.303869
vt 0.617492 0.303919
vt 0.597842 0.303337
vt 0.613158 0.303943
vt 0.618399 0.306416
vt 0.614050 0.306399
vt 0.598556 0.305760
vt 0.587137 0.311218
vt 0.962172 0.430624
vt 0.972174 0.420985
vt 0.964050 0.432181
vt 0.977120 0.418536
vt 0.980762 0.419215
vt 0.981743 0.420738
vt 0.551834 0.062755
vt 0.312791 0.126498
vt 0.967529 0.833421
vt 0.966407 0.831335
vt 0.954314 0.809731
vt 0.964057 0.811425
vt 0.963760 0.813790
vt 0.293731 0.611122
vt 0.292464 0.610743
vt 0.292220 0.607855
vt 0.290761 0.607272
vt 0.292852 0.587810
vt 0.294235 0.588659
vt 0.289558 0.598459
vt 0.289859 0.595666
vt 0.599193 0.961244
vt 0.599934 0.963360
vt 0.594417 0.964552
vt 0.593790 0.962635
vt 0.591054 0.963170
vt 0.599870 0.956067
vt 0.600741 0.959536
vt 0.599938 0.950693
vt 0.600839 0.952455
vt 0.587715 0.961901
vt 0.585006 0.957060
vt 0.583955 0.955701
vt 0.587766 0.951332
vt 0.590627 0.949269
vt 0.589305 0.948460
vt 0.591481 0.946231
vt 0.590226 0.945527
vt 0.591118 0.942837
vt 0.598596 0.944881
vt 0.600502 0.946475
vt 0.598525 0.948450
vt 0.392541 0.437862
vt 0.787566 0.407931
vt 0.262364 0.687236
vt 0.263685 0.695300
vt 0.265898 0.694878
vt 0.266210 0.700528
vt 0.255318 0.702518
vt 0.255532 0.696878
vt 0.253490 0.697268
vt 0.254114 0.688469
vt 0.255969 0.688088
vt 0.256540 0.675986
vt 0.260498 0.678467
vt 0.262638 0.678820
vt 0.255474 0.672857
vt 0.258523 0.670846
vt 0.256528 0.670108
vt 0.261304 0.675921
vt 0.865806 0.748031
vt 0.702054 0.401739
vt 0.440164 0.791971
vt 0.432151 0.794811
vt 0.438527 0.789830
vt 0.420094 0.789437
vt 0.413894 0.785559
vt 0.406235 0.778500
vt 0.420789 0.773514
vt 0.440788 0.788716
vt 0.441223 0.783172
vt 0.442476 0.771414
vt 0.442974 0.779946
vt 0.427797 0.769479
vt 0.421759 0.770829
vt 0.414706 0.774254
vt 0.415749 0.771734
vt 0.411118 0.775406
vt 0.412233 0.773238
vt 0.407561 0.776212
vt 0.408808 0.773966
vt 0.405227 0.774784
vt 0.521121 0.120467
vt 0.519717 0.122402
vt 0.519270 0.126520
vt 0.518852 0.130638
vt 0.665463 0.407495
vt 0.665384 0.415541
vt 0.763761 0.397759
vt 0.764030 0.411540
vt 0.778217 0.408898
vt 0.294218 0.818535
vt 0.795497 0.412678
vt 0.212506 0.738301
vt 0.210495 0.746164
vt 0.208116 0.745603
vt 0.207713 0.748310
vt 0.205243 0.747890
vt 0.217741 0.722629
vt 0.216244 0.722113
vt 0.221671 0.718227
vt 0.223452 0.709841
vt 0.223726 0.713073
vt 0.219284 0.728895
vt 0.214754 0.738639
vt 0.221651 0.709035
vt 0.227017 0.705004
vt 0.229697 0.700076
vt 0.221174 0.726730
vt 0.223762 0.718565
vt 0.228200 0.705890
vt 0.227767 0.708507
vt 0.228571 0.699116
vt 0.233155 0.696146
vt 0.235301 0.682892
vt 0.222298 0.684397
vt 0.235104 0.681118
vt 0.222019 0.682423
vt 0.221098 0.676785
vt 0.223490 0.675542
vt 0.234925 0.677500
vt 0.222888 0.673722
vt 0.225442 0.672368
vt 0.227820 0.670757
vt 0.231058 0.670465
vt 0.230925 0.668764
vt 0.236627 0.667377
vt 0.237035 0.669317
vt 0.237698 0.677065
vt 0.239997 0.679905
vt 0.238071 0.682712
vt 0.240525 0.681747
vt 0.231625 0.702106
vt 0.229241 0.703344
vt 0.235262 0.695087
vt 0.238184 0.686390
vt 0.634408 0.418536
vt 0.629766 0.400303
vt 0.631819 0.400607
vt 0.634235 0.403648
vt 0.742472 0.417095
vt 0.740401 0.415957
vt 0.162556 0.948880
vt 0.163104 0.949916
vt 0.156250 0.954180
vt 0.162819 0.959610
vt 0.160450 0.960147
vt 0.154468 0.954197
vt 0.151524 0.950283
vt 0.149958 0.950373
vt 0.147838 0.948745
vt 0.146128 0.946625
vt 0.144460 0.944435
vt 0.142632 0.945131
vt 0.136327 0.939163
vt 0.134669 0.920403
vt 0.133238 0.918575
vt 0.136399 0.918426
vt 0.166440 0.901478
vt 0.155874 0.910242
vt 0.604627 0.501658
vt 0.605861 0.496314
vt 0.697173 0.229955
vt 0.553267 0.190421
vt 0.842468 0.936139
vt 0.844995 0.936476
vt 0.847987 0.936945
vt 0.843970 0.942619
vt 0.835170 0.931586
vt 0.531145 0.760786
vt 0.526196 0.769975
vt 0.527635 0.771048
vt 0.530448 0.769741
vt 0.530577 0.772562
vt 0.081196 0.943162
vt 0.078301 0.942686
vt 0.068028 0.939706
vt 0.089014 0.933212
vt 0.065343 0.937745
vt 0.059143 0.906287
vt 0.057311 0.936319
vt 0.054614 0.936427
vt 0.046061 0.931370
vt 0.052159 0.936100
vt 0.038433 0.922590
vt 0.041284 0.921023
vt 0.039861 0.917223
vt 0.042289 0.915749
vt 0.051378 0.909121
vt 0.041342 0.913783
vt 0.058356 0.904636
vt 0.060839 0.903404
vt 0.065923 0.901165
vt 0.073967 0.898602
vt 0.073346 0.896886
vt 0.078616 0.894681
vt 0.084038 0.893535
vt 0.083649 0.891592
vt 0.086360 0.890772
vt 0.088887 0.944555
vt 0.086801 0.944515
vt 0.090239 0.894845
vt 0.089077 0.890465
vt 0.090786 0.933657
vt 0.883167 0.297185
vt 0.647637 0.271947
vt 0.200049 0.513469
vt 0.668669 0.946770
vt 0.669258 0.948996
vt 0.666637 0.946456
vt 0.666932 0.948645
vt 0.656926 0.944186
vt 0.675364 0.945574
vt 0.676269 0.948120
vt 0.680425 0.945660
vt 0.403056 0.886635
vt 0.388174 0.895683
vt 0.390851 0.896937
vt 0.498035 0.884766
vt 0.525727 0.921866
vt 0.947945 0.526062
vt 0.949924 0.526472
vt 0.338964 0.601150
vt 0.647429 0.274752
vt 0.647443 0.280094
vt 0.645599 0.282407
vt 0.645607 0.279675
vt 0.768158 0.401288
vt 0.920204 0.074649
vt 0.918165 0.078243
vt 0.915808 0.077127
vt 0.914924 0.074424
vt 0.915691 0.069334
vt 0.917790 0.070861
vt 0.471975 0.428552
vt 0.424724 0.432691
vt 0.469320 0.426988
vt 0.423958 0.426793
vt 0.429472 0.425868
vt 0.429159 0.424039
vt 0.463554 0.418536
vt 0.471789 0.426227
vt 0.474403 0.422296
vt 0.474485 0.424196
vt 0.468973 0.420533
vt 0.688687 0.735362
vt 0.578800 0.833676
vt 0.579292 0.836079
vt 0.576832 0.834657
vt 0.576982 0.836858
vt 0.573046 0.837096
vt 0.570548 0.836163
vt 0.567716 0.844312
vt 0.565920 0.842827
vt 0.568698 0.834773
vt 0.569964 0.829489
vt 0.571610 0.830604
vt 0.575435 0.829594
vt 0.572143 0.827859
vt 0.573802 0.828779
vt 0.578769 0.831157
vt 0.288805 0.663170
vt 0.776988 0.414095
vt 0.720152 0.722228
vt 0.711061 0.724707
vt 0.702700 0.718737
vt 0.701324 0.720259
vt 0.693814 0.714219
vt 0.695002 0.712410
vt 0.774072 0.709450
vt 0.722547 0.721687
vt 0.774277 0.707492
vt 0.758924 0.659559
vt 0.784067 0.667339
vt 0.776122 0.707827
vt 0.749789 0.652914
vt 0.692172 0.712168
vt 0.686403 0.707392
vt 0.685027 0.708790
vt 0.678630 0.704896
vt 0.679933 0.703373
vt 0.762432 0.660364
vt 0.756786 0.655400
vt 0.760434 0.656975
vt 0.672044 0.701243
vt 0.673161 0.699754
vt 0.747558 0.649806
vt 0.751237 0.650805
vt 0.670314 0.699547
vt 0.671293 0.697446
vt 0.668722 0.697391
vt 0.666991 0.694768
vt 0.666056 0.696773
vt 0.664454 0.694581
vt 0.662538 0.692157
vt 0.661793 0.694280
vt 0.734834 0.645817
vt 0.743690 0.646763
vt 0.657017 0.691984
vt 0.719306 0.647639
vt 0.733328 0.643488
vt 0.735778 0.643622
vt 0.650115 0.340319
vt 0.534311 0.748155
vt 0.749739 0.397766
vt 0.051272 0.643289
vt 0.050826 0.640511
vt 0.045060 0.641445
vt 0.036470 0.639743
vt 0.702313 0.417414
vt 0.704710 0.418227
vt 0.702548 0.411807
vt 0.704786 0.412949
vt 0.707036 0.415716
vt 0.706994 0.417448
vt 0.277122 0.106241
vt 0.278760 0.106346
vt 0.706589 0.522107
vt 0.707745 0.520714
vt 0.712665 0.522673
vt 0.714092 0.521222
vt 0.718901 0.523406
vt 0.720414 0.521816
vt 0.722827 0.522863
vt 0.724325 0.521319
vt 0.726809 0.522013
vt 0.728491 0.520520
vt 0.730755 0.521487
vt 0.724001 0.528586
vt 0.721942 0.527906
vt 0.710316 0.541035
vt 0.712402 0.541960
vt 0.710786 0.543793
vt 0.712858 0.544609
vt 0.711248 0.546483
vt 0.700012 0.548227
vt 0.688806 0.516160
vt 0.684523 0.521309
vt 0.713322 0.547237
vt 0.711683 0.549142
vt 0.705253 0.506132
vt 0.703451 0.507627
vt 0.701215 0.506616
vt 0.715825 0.550599
vt 0.717467 0.548603
vt 0.727122 0.549506
vt 0.727748 0.547596
vt 0.730374 0.548718
vt 0.729343 0.550206
vt 0.727925 0.551811
vt 0.697257 0.551700
vt 0.689414 0.514306
vt 0.704504 0.499270
vt 0.706558 0.501396
vt 0.714908 0.495442
vt 0.716981 0.497271
vt 0.728382 0.487051
vt 0.732849 0.489462
vt 0.734927 0.488159
vt 0.739060 0.490347
vt 0.741215 0.488786
vt 0.746846 0.492181
vt 0.740641 0.497171
vt 0.738796 0.496130
vt 0.736802 0.497849
vt 0.745802 0.503029
vt 0.747780 0.501374
vt 0.749522 0.502448
vt 0.730792 0.505781
vt 0.734629 0.505090
vt 0.751528 0.500802
vt 0.753298 0.501894
vt 0.755331 0.500270
vt 0.759140 0.502153
vt 0.761042 0.500293
vt 0.763555 0.503396
vt 0.764986 0.501065
vt 0.763822 0.506223
vt 0.754350 0.509399
vt 0.745982 0.512397
vt 0.759706 0.510324
vt 0.761511 0.511925
vt 0.757448 0.512015
vt 0.756765 0.514879
vt 0.754968 0.513593
vt 0.747394 0.513643
vt 0.741427 0.514967
vt 0.742081 0.512414
vt 0.739840 0.513732
vt 0.738199 0.509871
vt 0.740128 0.508203
vt 0.732672 0.506804
vt 0.702170 0.511554
vt 0.703928 0.510056
vt 0.708796 0.514615
vt 0.722805 0.509260
vt 0.714983 0.515228
vt 0.724788 0.510378
vt 0.849846 0.097102
vt 0.800212 0.479480
vt 0.801150 0.476980
vt 0.809098 0.480300
vt 0.812017 0.478653
vt 0.810955 0.480561
vt 0.812827 0.486615
vt 0.797513 0.479915
vt 0.797963 0.478830
vt 0.799146 0.498144
vt 0.790259 0.482033
vt 0.792212 0.481356
vt 0.807628 0.489114
vt 0.785475 0.484960
vt 0.787537 0.484808
vt 0.809443 0.488392
vt 0.808754 0.496046
vt 0.806719 0.496581
vt 0.800024 0.503371
vt 0.785747 0.496310
vt 0.779746 0.494655
vt 0.980085 0.426060
vt 0.780180 0.286558
vt 0.524130 0.927059
vt 0.839219 0.073020
vt 0.756388 0.324039
vt 0.832639 0.586944
vt 0.833086 0.584960
vt 0.830397 0.595964
vt 0.840890 0.599885
vt 0.827297 0.586503
vt 0.819198 0.594346
vt 0.818328 0.588894
vt 0.819142 0.586970
vt 0.814657 0.590653
vt 0.816054 0.588664
vt 0.552082 0.883371
vt 0.294564 0.665707
vt 0.292001 0.659801
vt 0.292665 0.664337
vt 0.966311 0.720469
vt 0.962120 0.717617
vt 0.959190 0.713239
vt 0.970482 0.720027
vt 0.968871 0.721665
vt 0.284749 0.640209
vt 0.284272 0.587810
vt 0.287844 0.598949
vt 0.287387 0.593409
vt 0.286916 0.590538
vt 0.286650 0.588590
vt 0.289381 0.590623
vt 0.289558 0.593620
vt 0.666079 0.334768
vt 0.252606 0.639673
vt 0.541869 0.071639
vt 0.540635 0.069496
vt 0.967033 0.666262
vt 0.778787 0.400639
vt 0.265731 0.764498
vt 0.264798 0.767046
vt 0.263297 0.765557
vt 0.262003 0.773613
vt 0.259691 0.771479
vt 0.266405 0.758027
vt 0.262121 0.763705
vt 0.255580 0.772527
vt 0.270980 0.755454
vt 0.254435 0.794078
vt 0.252507 0.794399
vt 0.253473 0.791699
vt 0.251652 0.792319
vt 0.248694 0.784543
vt 0.246629 0.785486
vt 0.244320 0.780332
vt 0.245072 0.776852
vt 0.242468 0.781121
vt 0.240525 0.775852
vt 0.244067 0.774250
vt 0.254062 0.770315
vt 0.258140 0.769303
vt 0.270819 0.751759
vt 0.272232 0.754195
vt 0.269139 0.753229
vt 0.267388 0.754857
vt 0.267808 0.732787
vt 0.270141 0.749141
vt 0.268276 0.750531
vt 0.267308 0.721920
vt 0.268068 0.729960
vt 0.265143 0.722557
vt 0.254108 0.734710
vt 0.266382 0.714011
vt 0.266862 0.719336
vt 0.264887 0.719863
vt 0.266442 0.711244
vt 0.264178 0.711770
vt 0.263897 0.703688
vt 0.263976 0.706411
vt 0.255249 0.705280
vt 0.264031 0.709052
vt 0.266082 0.703187
vt 0.251435 0.697685
vt 0.253178 0.705648
vt 0.251068 0.708739
vt 0.249044 0.711802
vt 0.248952 0.709084
vt 0.247064 0.717536
vt 0.246899 0.712147
vt 0.249557 0.717152
vt 0.252930 0.726343
vt 0.249195 0.727796
vt 0.248892 0.725106
vt 0.250745 0.724469
vt 0.255520 0.742969
vt 0.253463 0.743147
vt 0.252186 0.735397
vt 0.263853 0.757652
vt 0.262846 0.755158
vt 0.253912 0.745527
vt 0.261133 0.756675
vt 0.644198 0.407387
vt 0.640093 0.404750
vt 0.643414 0.411860
vt 0.638163 0.414141
vt 0.645521 0.411378
vt 0.645521 0.413894
vt 0.644445 0.418056
vt 0.640503 0.414014
vt 0.639605 0.418536
vt 0.642323 0.398097
vt 0.491663 0.953260
vt 0.139728 0.530829
vt 0.145043 0.527362
vt 0.148880 0.525055
vt 0.152273 0.524677
vt 0.736306 0.416327
vt 0.734403 0.417304
vt 0.588782 0.942519
vt 0.586510 0.940261
vt 0.586194 0.938434
vt 0.584410 0.938908
vt 0.585878 0.936607
vt 0.583955 0.936163
vt 0.599542 0.942577
vt 0.597408 0.941603
vt 0.596202 0.933685
vt 0.598247 0.934441
vt 0.596386 0.928546
vt 0.586496 0.931307
vt 0.588349 0.923228
vt 0.591305 0.918471
vt 0.593173 0.919173
vt 0.594754 0.922547
vt 0.010989 0.955561
vt 0.007460 0.967397
vt 0.003956 0.965527
vt 0.006645 0.960124
vt 0.293402 0.926554
vt 0.754610 0.410273
vt 0.697404 0.241011
vt 0.695944 0.241569
vt 0.835335 0.080934
vt 0.773178 0.418377
vt 0.771156 0.418424
vt 0.990719 0.112315
vt 0.992310 0.111391
vt 0.995744 0.119374
vt 0.048143 0.730126
vt 0.784378 0.892879
vt 0.784337 0.897211
vt 0.791873 0.894689
vt 0.789215 0.897904
vt 0.791605 0.897031
vt 0.787383 0.953414
vt 0.788107 0.951342
vt 0.788950 0.931075
vt 0.789170 0.900078
vt 0.791633 0.899080
vt 0.791450 0.903608
vt 0.789221 0.904236
vt 0.791399 0.948583
vt 0.790912 0.951034
vt 0.792084 0.929732
vt 0.791071 0.926387
vt 0.791406 0.928370
vt 0.791256 0.920033
vt 0.783899 0.659618
vt 0.767630 0.648547
vt 0.769309 0.646451
vt 0.774770 0.565080
vt 0.776451 0.564998
vt 0.776310 0.567795
vt 0.777865 0.570372
vt 0.778023 0.567607
vt 0.787286 0.587968
vt 0.782570 0.577808
vt 0.779563 0.570139
vt 0.779428 0.572882
vt 0.780990 0.575352
vt 0.781134 0.572626
vt 0.782683 0.575078
vt 0.784182 0.580261
vt 0.790318 0.595873
vt 0.787788 0.659687
vt 0.789022 0.657058
vt 0.797414 0.629517
vt 0.791822 0.654729
vt 0.790805 0.657343
vt 0.784279 0.577525
vt 0.800091 0.624128
vt 0.799051 0.629748
vt 0.785893 0.579964
vt 0.785796 0.582713
vt 0.787485 0.582401
vt 0.789000 0.587693
vt 0.788879 0.590511
vt 0.790580 0.590302
vt 0.792031 0.595702
vt 0.791903 0.598433
vt 0.793643 0.598306
vt 0.793715 0.595563
vt 0.797207 0.595323
vt 0.797197 0.589905
vt 0.798980 0.589756
vt 0.798975 0.584493
vt 0.800716 0.584175
vt 0.800706 0.578827
vt 0.802400 0.578390
vt 0.802372 0.575678
vt 0.814904 0.585460
vt 0.813129 0.586145
vt 0.806224 0.585903
vt 0.804495 0.589103
vt 0.813297 0.583609
vt 0.804592 0.594811
vt 0.809680 0.588021
vt 0.807998 0.588466
vt 0.800990 0.618449
vt 0.804161 0.604096
vt 0.803626 0.610041
vt 0.802024 0.609753
vt 0.806265 0.588820
vt 0.664890 0.539450
vt 0.736356 0.412000
vt 0.670782 0.499990
vt 0.923265 0.299247
vt 0.922301 0.293574
vt 0.925583 0.297327
vt 0.926159 0.300662
vt 0.927851 0.303196
vt 0.791433 0.416909
vt 0.496919 0.915365
vt 0.495161 0.913206
vt 0.498238 0.911834
vt 0.496538 0.909489
vt 0.499368 0.907928
vt 0.505072 0.914718
vt 0.501897 0.913790
vt 0.503888 0.915976
vt 0.500960 0.915189
vt 0.502778 0.917274
vt 0.501692 0.918515
vt 0.494782 0.919547
vt 0.493269 0.917098
vt 0.498745 0.917467
vt 0.502857 0.932775
vt 0.501607 0.933978
vt 0.493556 0.928599
vt 0.493354 0.922751
vt 0.500285 0.937995
vt 0.498078 0.940691
vt 0.493477 0.925644
vt 0.491890 0.920490
vt 0.492001 0.923355
vt 0.492042 0.926243
vt 0.491890 0.929162
vt 0.493802 0.934053
vt 0.496748 0.941572
vt 0.493832 0.936892
vt 0.787456 0.408789
vt 0.284649 0.665862
vt 0.065934 0.890465
vt 0.059823 0.889328
vt 0.056768 0.889906
vt 0.057482 0.886886
vt 0.055031 0.876148
vt 0.092003 0.887898
vt 0.092521 0.882186
vt 0.097012 0.863215
vt 0.094460 0.882185
vt 0.055890 0.887148
vt 0.054449 0.870502
vt 0.096671 0.852787
vt 0.095854 0.850115
vt 0.051031 0.859331
vt 0.046651 0.832924
vt 0.049358 0.856787
vt 0.044019 0.832726
vt 0.038463 0.833961
vt 0.041215 0.832836
vt 0.679438 0.730634
vt 0.748424 0.407936
vt 0.745866 0.410622
vt 0.748047 0.409930
vt 0.340678 0.693274
vt 0.347433 0.690179
vt 0.349457 0.691363
vt 0.349636 0.689482
vt 0.370283 0.695134
vt 0.383596 0.698094
vt 0.384075 0.695597
vt 0.389427 0.696693
vt 0.347380 0.726242
vt 0.355090 0.734535
vt 0.338553 0.696194
vt 0.338977 0.695195
vt 0.333745 0.703805
vt 0.389783 0.694364
vt 0.395296 0.695383
vt 0.394539 0.697991
vt 0.404906 0.700975
vt 0.404005 0.703515
vt 0.327955 0.701852
vt 0.330233 0.703179
vt 0.326931 0.704058
vt 0.332100 0.705353
vt 0.409324 0.705168
vt 0.408354 0.708022
vt 0.413594 0.709831
vt 0.412660 0.712637
vt 0.417879 0.714393
vt 0.416968 0.717181
vt 0.419583 0.718026
vt 0.418688 0.720799
vt 0.421308 0.721612
vt 0.420443 0.724371
vt 0.423073 0.725154
vt 0.422246 0.727893
vt 0.424894 0.728647
vt 0.424100 0.731363
vt 0.426783 0.732088
vt 0.426036 0.734775
vt 0.428738 0.735456
vt 0.428036 0.738102
vt 0.430744 0.738760
vt 0.430095 0.741369
vt 0.432805 0.742015
vt 0.431633 0.747229
vt 0.434348 0.747747
vt 0.433821 0.750480
vt 0.436535 0.750883
vt 0.436056 0.753704
vt 0.438722 0.754063
vt 0.437873 0.759763
vt 0.440572 0.760046
vt 0.439681 0.768544
vt 0.442493 0.768713
vt 0.389116 0.767535
vt 0.419582 0.791939
vt 0.374440 0.754199
vt 0.373266 0.756315
vt 0.369230 0.752860
vt 0.370357 0.750742
vt 0.353961 0.736761
vt 0.346307 0.728380
vt 0.303986 0.689809
vt 0.305765 0.687529
vt 0.308800 0.691095
vt 0.309676 0.688573
vt 0.313398 0.692955
vt 0.314907 0.695460
vt 0.321771 0.702682
vt 0.322996 0.700700
vt 0.324874 0.702452
vt 0.807125 0.599020
vt 0.352931 0.646306
vt 0.775545 0.534122
vt 0.776273 0.536888
vt 0.774438 0.536997
vt 0.772213 0.532033
vt 0.774660 0.531409
vt 0.773420 0.528939
vt 0.776545 0.531079
vt 0.775644 0.528294
vt 0.774322 0.525795
vt 0.774804 0.522599
vt 0.774794 0.519755
vt 0.780105 0.519730
vt 0.782755 0.513498
vt 0.784458 0.516275
vt 0.782312 0.524584
vt 0.780689 0.530200
vt 0.777243 0.533913
vt 0.854617 0.609502
vt 0.856713 0.612520
vt 0.857346 0.610110
vt 0.873084 0.615514
vt 0.872555 0.617901
vt 0.842064 0.603951
vt 0.844027 0.606879
vt 0.879760 0.619871
vt 0.885455 0.632492
vt 0.836764 0.697863
vt 0.793686 0.681793
vt 0.804666 0.603699
vt 0.798341 0.690511
vt 0.837237 0.699787
vt 0.824277 0.705415
vt 0.791257 0.678817
vt 0.805832 0.701813
vt 0.801263 0.605178
vt 0.802908 0.602762
vt 0.783936 0.690727
vt 0.785881 0.675737
vt 0.788562 0.678315
vt 0.785351 0.690472
vt 0.783514 0.699813
vt 0.784340 0.692405
vt 0.785740 0.699398
vt 0.808430 0.709797
vt 0.805722 0.707928
vt 0.797945 0.693309
vt 0.795561 0.690262
vt 0.795868 0.687544
vt 0.793063 0.687090
vt 0.790863 0.681491
vt 0.782412 0.280782
vt 0.352274 0.657122
vt 0.350735 0.672054
vt 0.348262 0.671537
vt 0.505595 0.922427
vt 0.504353 0.923669
vt 0.504790 0.926900
vt 0.034949 0.908409
vt 0.037266 0.908838
vt 0.036816 0.911464
vt 0.035096 0.910973
vt 0.026602 0.867034
vt 0.028722 0.867366
vt 0.021334 0.898183
vt 0.027391 0.859749
vt 0.027994 0.864875
vt 0.026026 0.864525
vt 0.028959 0.912601
vt 0.031363 0.915586
vt 0.035550 0.916190
vt 0.026708 0.857287
vt 0.024654 0.856921
vt 0.032224 0.920947
vt 0.003445 0.855473
vt 0.037807 0.916444
vt 0.038397 0.922210
vt 0.036922 0.923044
vt 0.038433 0.924850
vt 0.032858 0.923758
vt 0.033774 0.926695
vt 0.030742 0.923488
vt 0.030152 0.920672
vt 0.026111 0.904291
vt 0.029293 0.915253
vt 0.019795 0.844502
vt 0.021991 0.844897
vt 0.004856 0.846074
vt 0.005180 0.840646
vt 0.002781 0.847936
vt 0.002892 0.845329
vt 0.002978 0.850519
vt 0.026872 0.912180
vt 0.016463 0.892060
vt 0.001427 0.857211
vt 0.001241 0.854640
vt 0.021911 0.903314
vt 0.017119 0.897078
vt 0.012239 0.890902
vt 0.011587 0.886025
vt 0.007291 0.884874
vt 0.006959 0.882468
vt 0.004784 0.881877
vt 0.001955 0.876393
vt 0.000000 0.861453
vt 0.830651 0.008548
vt 0.833124 0.008704
vt 0.945645 0.340555
vt 0.964012 0.341956
vt 0.947064 0.343436
vt 0.963836 0.344265
vt 0.961120 0.346555
vt 0.966312 0.343957
vt 0.966289 0.345997
vt 0.961044 0.348379
vt 0.958462 0.348695
vt 0.944618 0.342638
vt 0.943775 0.344314
vt 0.946295 0.345189
vt 0.958282 0.350311
vt 0.955660 0.350716
vt 0.940178 0.345884
vt 0.973806 0.780346
vt 0.775599 0.087457
vt 0.294606 0.575123
vt 0.736210 0.400880
vt 0.733353 0.401273
vt 0.776988 0.417525
vt 0.735562 0.184610
vt 0.671888 0.208898
vt 0.777544 0.165560
vt 0.772873 0.160504
vt 0.780074 0.166577
vt 0.781270 0.166012
vt 0.786161 0.163391
vt 0.784828 0.158049
vt 0.786610 0.160280
vt 0.783893 0.153020
vt 0.787292 0.157577
vt 0.180429 0.921687
vt 0.175846 0.919776
vt 0.177558 0.896342
vt 0.182548 0.898265
vt 0.183406 0.905312
vt 0.712756 0.401412
vt 0.757633 0.410739
vt 0.574190 0.031033
vt 0.596127 0.045524
vt 0.587617 0.046678
vt 0.589007 0.048983
vt 0.579163 0.052979
vt 0.577631 0.051098
vt 0.571831 0.056456
vt 0.570597 0.054354
vt 0.562902 0.061484
vt 0.564892 0.054072
vt 0.561554 0.059572
vt 0.555747 0.064976
vt 0.554571 0.062866
vt 0.564112 0.052234
vt 0.568203 0.048801
vt 0.571804 0.038219
vt 0.567394 0.046987
vt 0.569418 0.045282
vt 0.567808 0.041710
vt 0.597669 0.024214
vt 0.570187 0.034665
vt 0.587297 0.000000
vt 0.586551 0.004140
vt 0.576388 0.023744
vt 0.572420 0.027472
vt 0.574429 0.020238
vt 0.579255 0.012750
vt 0.581171 0.010753
vt 0.580031 0.009101
vt 0.583604 0.004860
vt 0.585297 0.002485
vt 0.638104 0.410018
vt 0.383911 0.899958
vt 0.386242 0.899579
vt 0.383418 0.909309
vt 0.382927 0.906590
vt 0.600212 0.150552
vt 0.797987 0.389062
vt 0.795517 0.389794
vt 0.795505 0.387515
vt 0.790777 0.389059
vt 0.788319 0.387486
vt 0.788387 0.389731
vt 0.783636 0.389247
vt 0.781115 0.387759
vt 0.781132 0.389903
vt 0.811626 0.385938
vt 0.818203 0.386956
vt 0.811255 0.388113
vt 0.816719 0.356926
vt 0.818333 0.384820
vt 0.813890 0.312982
vt 0.816932 0.354050
vt 0.815496 0.354206
vt 0.815543 0.306683
vt 0.815639 0.312504
vt 0.774325 0.310149
vt 0.785204 0.292528
vt 0.812260 0.259893
vt 0.814476 0.278999
vt 0.812733 0.245921
vt 0.814055 0.259048
vt 0.805716 0.243721
vt 0.810772 0.241217
vt 0.810912 0.246630
vt 0.776040 0.387331
vt 0.801999 0.246692
vt 0.791244 0.277182
vt 0.800867 0.244379
vt 0.797070 0.253585
vt 0.764653 0.321535
vt 0.776285 0.389562
vt 0.768586 0.390323
vt 0.768321 0.388293
vt 0.763493 0.390529
vt 0.763153 0.388251
vt 0.758385 0.390415
vt 0.757946 0.388118
vt 0.753097 0.390677
vt 0.752868 0.388093
vt 0.749960 0.390158
vt 0.748397 0.390064
vt 0.745881 0.391445
vt 0.742285 0.362380
vt 0.754452 0.332000
vt 0.742940 0.349473
vt 0.740918 0.344181
vt 0.747321 0.339477
vt 0.746080 0.337203
vt 0.760933 0.323399
vt 0.761256 0.324699
vt 0.764105 0.319514
vt 0.781689 0.298149
vt 0.792205 0.268600
vt 0.795961 0.251242
vt 0.792152 0.260379
vt 0.790613 0.258290
vt 0.789562 0.265733
vt 0.788289 0.263643
vt 0.791145 0.264117
vt 0.790022 0.280794
vt 0.773805 0.308059
vt 0.775494 0.306397
vt 0.778869 0.303291
vt 0.778240 0.301093
vt 0.791239 0.272020
vt 0.790753 0.270050
vt 0.781000 0.296176
vt 0.789916 0.273067
vt 0.789526 0.278524
vt 0.788404 0.282126
vt 0.787325 0.285644
vt 0.784715 0.290155
vt 0.415387 0.696404
vt 0.423288 0.698504
vt 0.424908 0.701828
vt 0.397875 0.696295
vt 0.398385 0.694287
vt 0.403589 0.695786
vt 0.406749 0.695668
vt 0.812159 0.550556
vt 0.804364 0.232557
vt 0.805930 0.229279
vt 0.806825 0.224414
vt 0.808642 0.224542
vt 0.810063 0.230316
vt 0.810327 0.233073
vt 0.808653 0.236497
vt 0.079790 0.308879
vt 0.421967 0.432735
vt 0.473608 0.734750
vt 0.465180 0.729859
vt 0.513311 0.772108
vt 0.506364 0.771881
vt 0.507175 0.774210
vt 0.504164 0.771701
vt 0.504646 0.774270
vt 0.499498 0.763125
vt 0.476282 0.738973
vt 0.472982 0.737115
vt 0.480503 0.743429
vt 0.476222 0.741530
vt 0.487222 0.748735
vt 0.480328 0.745860
vt 0.489272 0.752331
vt 0.487282 0.751473
vt 0.489242 0.749572
vt 0.502243 0.771429
vt 0.501930 0.768746
vt 0.500065 0.768398
vt 0.497536 0.762719
vt 0.495221 0.756972
vt 0.491225 0.753055
vt 0.491221 0.750332
vt 0.175630 0.924366
vt 0.738391 0.401331
vt 0.557899 0.893787
vt 0.560303 0.892965
vt 0.565585 0.893290
vt 0.565455 0.891202
vt 0.568218 0.891698
vt 0.568221 0.889844
vt 0.553599 0.889025
vt 0.553613 0.887128
vt 0.583955 0.850500
vt 0.560314 0.859131
vt 0.578831 0.848538
vt 0.576269 0.845786
vt 0.573671 0.843196
vt 0.576258 0.843833
vt 0.578894 0.846551
vt 0.575688 0.926861
vt 0.556013 0.933244
vt 0.575523 0.929304
vt 0.553667 0.932055
vt 0.577656 0.929564
vt 0.578008 0.936899
vt 0.579801 0.941206
vt 0.570019 0.939609
vt 0.577349 0.942428
vt 0.297677 0.901770
vt 0.295078 0.902323
vt 0.295781 0.895460
vt 0.296710 0.893331
vt 0.299062 0.893135
vt 0.300622 0.888542
vt 0.302866 0.886105
vt 0.304103 0.881582
vt 0.323351 0.882420
vt 0.325341 0.876137
vt 0.327418 0.871947
vt 0.297728 0.903450
vt 0.300638 0.904492
vt 0.297786 0.904966
vt 0.298118 0.906405
vt 0.324544 0.901092
vt 0.329711 0.869962
vt 0.310985 0.847933
vt 0.331927 0.867905
vt 0.317715 0.834427
vt 0.310986 0.843345
vt 0.311221 0.838365
vt 0.312394 0.833573
vt 0.315399 0.834307
vt 0.313368 0.832151
vt 0.315196 0.831765
vt 0.339107 0.866216
vt 0.317322 0.831635
vt 0.319615 0.831970
vt 0.322103 0.832682
vt 0.334006 0.831931
vt 0.332897 0.829419
vt 0.344469 0.827859
vt 0.343719 0.864634
vt 0.345751 0.830570
vt 0.348088 0.830233
vt 0.354786 0.844762
vt 0.357785 0.844071
vt 0.363880 0.858075
vt 0.366365 0.857532
vt 0.367548 0.859940
vt 0.368479 0.862475
vt 0.365922 0.862861
vt 0.369900 0.874208
vt 0.372094 0.873752
vt 0.377976 0.892722
vt 0.380435 0.892863
vt 0.352358 0.869204
vt 0.356400 0.873459
vt 0.346244 0.864853
vt 0.363471 0.885871
vt 0.378347 0.895028
vt 0.373045 0.894691
vt 0.373318 0.896881
vt 0.370558 0.896638
vt 0.370021 0.892350
vt 0.349266 0.867056
vt 0.364622 0.892124
vt 0.360832 0.885853
vt 0.359814 0.881800
vt 0.357270 0.881789
vt 0.356754 0.879787
vt 0.354303 0.879816
vt 0.353922 0.877762
vt 0.358434 0.877665
vt 0.353518 0.873531
vt 0.349803 0.869202
vt 0.346752 0.866978
vt 0.344214 0.866802
vt 0.339588 0.868538
vt 0.332298 0.870194
vt 0.330044 0.872223
vt 0.328005 0.876455
vt 0.326051 0.882777
vt 0.327086 0.901425
vt 0.326183 0.905540
vt 0.329316 0.906069
vt 0.329108 0.907966
vt 0.332025 0.908484
vt 0.331875 0.910321
vt 0.334707 0.910769
vt 0.334524 0.912572
vt 0.337333 0.912978
vt 0.337068 0.914785
vt 0.342662 0.915650
vt 0.342216 0.917523
vt 0.350601 0.919225
vt 0.350003 0.920906
vt 0.358402 0.922973
vt 0.357454 0.924609
vt 0.365587 0.926820
vt 0.364868 0.928515
vt 0.367720 0.928999
vt 0.367198 0.931008
vt 0.372963 0.932047
vt 0.372455 0.933726
vt 0.375321 0.934402
vt 0.374848 0.936398
vt 0.380435 0.937473
vt 0.379968 0.939107
vt 0.371494 0.938586
vt 0.362659 0.940614
vt 0.348102 0.937996
vt 0.348781 0.936146
vt 0.338361 0.931606
vt 0.320061 0.921819
vt 0.329182 0.925431
vt 0.317269 0.921470
vt 0.337397 0.933389
vt 0.333867 0.930601
vt 0.334164 0.928636
vt 0.328722 0.927324
vt 0.320059 0.923778
vt 0.317254 0.923418
vt 0.314448 0.923162
vt 0.314468 0.921263
vt 0.305699 0.915292
vt 0.308871 0.920909
vt 0.308831 0.919077
vt 0.302210 0.911633
vt 0.306015 0.918969
vt 0.302883 0.915307
vt 0.299404 0.911792
vt 0.296210 0.910082
vt 0.295851 0.908078
vt 0.702845 0.026160
vt 0.697597 0.026092
vt 0.716948 0.030262
vt 0.685405 0.014160
vt 0.723917 0.030926
vt 0.746783 0.042230
vt 0.763721 0.056483
vt 0.764706 0.059197
vt 0.733666 0.031713
vt 0.743605 0.038390
vt 0.741494 0.037302
vt 0.715867 0.411270
vt 0.709746 0.408372
vt 0.715705 0.413002
vt 0.712552 0.412642
vt 0.710006 0.412516
vt 0.715955 0.402774
vt 0.710837 0.403178
vt 0.800388 0.399614
vt 0.190886 0.631096
vt 0.502688 0.774081
vt 0.502361 0.782370
vt 0.501049 0.779196
vt 0.501165 0.776450
vt 0.282881 0.834936
vt 0.284200 0.831285
vt 0.285824 0.827988
vt 0.510882 0.785483
vt 0.510283 0.787978
vt 0.506043 0.789445
vt 0.504551 0.789314
vt 0.515079 0.773194
vt 0.518013 0.773492
vt 0.516275 0.782145
vt 0.515462 0.784641
vt 0.525907 0.773008
vt 0.522888 0.781422
vt 0.528310 0.773956
vt 0.525991 0.778907
vt 0.517254 0.791097
vt 0.518067 0.788756
vt 0.520345 0.788588
vt 0.529448 0.788218
vt 0.530361 0.778888
vt 0.531196 0.776525
vt 0.528608 0.790497
vt 0.532569 0.785877
vt 0.531699 0.788165
vt 0.537024 0.768298
vt 0.539102 0.770767
vt 0.540191 0.767828
vt 0.541169 0.770722
vt 0.543345 0.772196
vt 0.544269 0.774570
vt 0.544293 0.777561
vt 0.540332 0.783004
vt 0.534816 0.785792
vt 0.563664 0.611696
vt 0.737667 0.410529
vt 0.735320 0.411176
vt 0.731452 0.543720
vt 0.729579 0.542026
vt 0.732231 0.550759
vt 0.732393 0.531784
vt 0.733953 0.529938
vt 0.739211 0.539594
vt 0.739926 0.544882
vt 0.729769 0.553542
vt 0.730983 0.552147
vt 0.731461 0.555672
vt 0.740290 0.533894
vt 0.735992 0.526561
vt 0.739377 0.524271
vt 0.739812 0.536634
vt 0.741782 0.535760
vt 0.741771 0.538698
vt 0.742349 0.543822
vt 0.162488 0.761866
vt 0.142533 0.758901
vt 0.149414 0.759457
vt 0.156111 0.759151
vt 0.110699 0.541774
vt 0.925311 0.509914
vt 0.926634 0.511941
vt 0.910316 0.516002
vt 0.931099 0.521459
vt 0.911903 0.525368
vt 0.931599 0.524333
vt 0.913316 0.528890
vt 0.923439 0.504484
vt 0.925939 0.509317
vt 0.908303 0.504385
vt 0.908778 0.508393
vt 0.901851 0.475196
vt 0.905984 0.482623
vt 0.906348 0.486141
vt 0.904839 0.483806
vt 0.906439 0.489875
vt 0.904949 0.487651
vt 0.906147 0.494349
vt 0.909485 0.512234
vt 0.934216 0.529319
vt 0.936045 0.543126
vt 0.914727 0.532424
vt 0.906432 0.498248
vt 0.904310 0.492680
vt 0.904821 0.496305
vt 0.906688 0.502374
vt 0.905288 0.500115
vt 0.907049 0.506618
vt 0.922227 0.547557
vt 0.935892 0.548497
vt 0.927169 0.554493
vt 0.923924 0.551081
vt 0.937273 0.547814
vt 0.938200 0.559024
vt 0.907701 0.510554
vt 0.928777 0.557303
vt 0.928630 0.559857
vt 0.927009 0.557154
vt 0.908542 0.514449
vt 0.910618 0.521907
vt 0.908952 0.520644
vt 0.910147 0.524292
vt 0.911425 0.527914
vt 0.912814 0.531519
vt 0.914187 0.535076
vt 0.915554 0.538604
vt 0.918741 0.542878
vt 0.916934 0.542121
vt 0.918434 0.545639
vt 0.922061 0.550293
vt 0.923826 0.553742
vt 0.328791 0.066617
vt 0.335992 0.063249
vt 0.337166 0.064641
vt 0.344730 0.061133
vt 0.346091 0.062485
vt 0.335984 0.087959
vt 0.350401 0.146689
vt 0.333205 0.078115
vt 0.325434 0.066022
vt 0.327653 0.065052
vt 0.327243 0.067627
vt 0.346617 0.128424
vt 0.339324 0.110070
vt 0.325605 0.069348
vt 0.331021 0.079826
vt 0.333975 0.089569
vt 0.336796 0.099895
vt 0.756885 0.401152
vt 0.528298 0.772834
vt 0.455621 0.289353
vt 0.809407 0.412444
vt 0.148643 0.780519
vt 0.148025 0.783269
vt 0.146461 0.791550
vt 0.144408 0.791387
vt 0.142731 0.800200
vt 0.140181 0.805864
vt 0.138240 0.808900
vt 0.645778 0.411205
vt 0.383233 0.847254
vt 0.739033 0.401006
vt 0.175310 0.933360
vt 0.967401 0.742998
vt 0.714015 0.413013
vt 0.715862 0.413002
vt 0.284697 0.937715
vt 0.768477 0.409435
vt 0.766402 0.409068
vt 0.709587 0.402938
vt 0.708739 0.407985
vt 0.706297 0.410971
vt 0.702240 0.411807
vt 0.702240 0.402774
vt 0.781116 0.416398
vt 0.766511 0.409483
vt 0.768321 0.409435
vt 0.723213 0.410927
vt 0.717292 0.411176
vt 0.718326 0.408400
vt 0.715955 0.408152
vt 0.719972 0.403005
vt 0.723213 0.402774
vt 0.430848 0.917437
vt 0.428062 0.918265
vt 0.427743 0.914826
vt 0.428865 0.912014
vt 0.429975 0.909619
vt 0.432024 0.909442
vt 0.433544 0.911658
vt 0.433582 0.916870
vt 0.430023 0.920166
vt 0.430475 0.930851
vt 0.429017 0.936315
vt 0.429268 0.933887
vt 0.428676 0.938727
vt 0.433683 0.938365
vt 0.427743 0.940687
vt 0.432979 0.940460
vt 0.436343 0.938046
vt 0.443949 0.932948
vt 0.443011 0.935167
vt 0.191910 0.638755
vt 0.193025 0.630703
vt 0.219630 0.696356
vt 0.219654 0.683637
vt 0.217971 0.690894
vt 0.352813 0.629589
vt 0.350351 0.629976
vt 0.340418 0.606590
vt 0.335817 0.594043
vt 0.333959 0.594901
vt 0.328528 0.586196
vt 0.328492 0.583094
vt 0.326754 0.584022
vt 0.373383 0.681108
vt 0.361003 0.674991
vt 0.396712 0.690379
vt 0.408442 0.690980
vt 0.407546 0.693740
vt 0.417185 0.690587
vt 0.416346 0.693481
vt 0.420655 0.688485
vt 0.419858 0.691362
vt 0.424108 0.686409
vt 0.423313 0.689236
vt 0.430245 0.685084
vt 0.429400 0.687863
vt 0.434669 0.680395
vt 0.432885 0.685835
vt 0.439128 0.675842
vt 0.437344 0.681250
vt 0.443615 0.671380
vt 0.441777 0.676752
vt 0.448095 0.666941
vt 0.446219 0.672309
vt 0.452518 0.662543
vt 0.450713 0.667918
vt 0.457687 0.655451
vt 0.455098 0.663535
vt 0.462985 0.648424
vt 0.460323 0.656469
vt 0.468602 0.641541
vt 0.465621 0.649455
vt 0.474144 0.634708
vt 0.471126 0.642555
vt 0.480326 0.625507
vt 0.476627 0.635701
vt 0.486077 0.619001
vt 0.482922 0.626626
vt 0.495746 0.601406
vt 0.488400 0.620099
vt 0.500376 0.597128
vt 0.498255 0.602473
vt 0.505103 0.593004
vt 0.502860 0.598239
vt 0.508801 0.591581
vt 0.507651 0.594161
vt 0.519414 0.569847
vt 0.511224 0.592792
vt 0.525952 0.559000
vt 0.521963 0.570711
vt 0.533143 0.547587
vt 0.528350 0.560381
vt 0.538418 0.541025
vt 0.535624 0.548813
vt 0.547295 0.524268
vt 0.540550 0.542305
vt 0.561990 0.490689
vt 0.549399 0.525482
vt 0.564383 0.491764
vt 0.563885 0.440513
vt 0.551785 0.436010
vt 0.561550 0.439609
vt 0.564075 0.438207
vt 0.552221 0.433984
vt 0.561825 0.437405
vt 0.535545 0.430522
vt 0.516966 0.423419
vt 0.485388 0.423723
vt 0.522650 0.424490
vt 0.536101 0.428650
vt 0.504671 0.418536
vt 0.517931 0.421689
vt 0.499011 0.419335
vt 0.381639 0.440204
vt 0.384307 0.439430
vt 0.379344 0.441663
vt 0.349452 0.446364
vt 0.352293 0.445810
vt 0.345000 0.450647
vt 0.355448 0.445367
vt 0.343223 0.454664
vt 0.339281 0.466281
vt 0.344577 0.448201
vt 0.346838 0.447057
vt 0.342901 0.452078
vt 0.341172 0.459062
vt 0.340973 0.456324
vt 0.338896 0.460024
vt 0.334347 0.463172
vt 0.336971 0.463736
vt 0.334312 0.465672
vt 0.336791 0.466422
vt 0.320148 0.577206
vt 0.297058 0.557804
vt 0.298897 0.556657
vt 0.303522 0.550941
vt 0.301623 0.550062
vt 0.652297 0.403811
vt 0.653178 0.401558
vt 0.657996 0.398087
vt 0.660252 0.398402
vt 0.654740 0.409308
vt 0.653130 0.408823
vt 0.658545 0.410218
vt 0.656385 0.412006
vt 0.660252 0.406426
vt 0.950660 0.798173
vt 0.762725 0.412529
vt 0.776575 0.545359
vt 0.776667 0.556542
vt 0.961064 0.761761
vt 0.787382 0.416831
vt 0.728406 0.406234
vt 0.729225 0.403772
vt 0.733431 0.403411
vt 0.734548 0.405581
vt 0.733845 0.407917
vt 0.730723 0.410472
vt 0.728406 0.411176
vt 0.779093 0.417685
vt 0.315174 0.512447
vt 0.316569 0.513751
vt 0.296679 0.530641
vt 0.294910 0.529874
vt 0.298267 0.528332
vt 0.300034 0.529072
vt 0.200275 0.621763
vt 0.608573 0.558036
vt 0.791225 0.408245
vt 0.870689 0.752137
vt 0.821892 0.879265
vt 0.739033 0.400468
vt 0.604510 0.048134
vt 0.602754 0.048287
vt 0.596637 0.048572
vt 0.620750 0.026210
vt 0.599967 0.018797
vt 0.604621 0.019797
vt 0.787930 0.514515
vt 0.784371 0.512609
vt 0.785927 0.412511
vt 0.063930 0.738425
vt 0.043681 0.726304
vt 0.079494 0.741135
vt 0.275855 0.671698
vt 0.280604 0.667377
vt 0.279992 0.671108
vt 0.282154 0.668863
vt 0.271636 0.672154
vt 0.273722 0.670452
vt 0.267078 0.673131
vt 0.268979 0.671499
vt 0.262951 0.673963
vt 0.264667 0.672236
vt 0.270256 0.681499
vt 0.272121 0.682611
vt 0.269290 0.683553
vt 0.486035 0.812184
vt 0.486780 0.814737
vt 0.480928 0.817543
vt 0.476374 0.817611
vt 0.477235 0.819956
vt 0.474984 0.820091
vt 0.474137 0.817768
vt 0.471959 0.817999
vt 0.471135 0.815566
vt 0.468972 0.815827
vt 0.467287 0.810860
vt 0.487596 0.809596
vt 0.488285 0.812152
vt 0.485339 0.809619
vt 0.477891 0.807305
vt 0.482416 0.807085
vt 0.956541 0.106468
vt 0.960934 0.104500
vt 0.906506 0.109584
vt 0.953713 0.105560
vt 0.955875 0.104207
vt 0.948922 0.104964
vt 0.952969 0.103027
vt 0.942064 0.101653
vt 0.933145 0.098450
vt 0.934566 0.096917
vt 0.911432 0.106489
vt 0.910964 0.104553
vt 0.913316 0.102906
vt 0.912891 0.100940
vt 0.140133 0.002842
vt 0.721422 0.644385
vt 0.817444 0.572401
vt 0.819324 0.572832
vt 0.802487 0.412438
vt 0.999301 0.127386
vt 1.000000 0.129103
vt 0.997912 0.127804
vt 0.969204 0.093248
vt 0.980729 0.105819
vt 0.941657 0.098129
vt 0.988174 0.107349
vt 0.989170 0.113317
vt 0.936931 0.091987
vt 0.935621 0.093609
vt 0.927509 0.083098
vt 0.928864 0.081413
vt 0.947177 0.064565
vt 0.987358 0.101351
vt 0.989834 0.106368
vt 0.982317 0.104648
vt 0.945494 0.062450
vt 0.922050 0.072799
vt 0.919526 0.072737
vt 0.987884 0.097859
vt 0.989098 0.100372
vt 0.988393 0.094411
vt 0.989658 0.096942
vt 0.987570 0.088513
vt 0.990169 0.093557
vt 0.980905 0.089062
vt 0.982580 0.087862
vt 0.983986 0.090374
vt 0.983571 0.093933
vt 0.981441 0.098626
vt 0.980174 0.096235
vt 0.979798 0.099791
vt 0.969195 0.089167
vt 0.970657 0.087634
vt 0.970518 0.091407
vt 0.913231 0.068121
vt 0.915710 0.063456
vt 0.913468 0.062131
vt 0.939205 0.052201
vt 0.940054 0.050093
vt 0.939423 0.046348
vt 0.942751 0.049971
vt 0.941554 0.051722
vt 0.948070 0.059284
vt 0.964880 0.085978
vt 0.948439 0.062946
vt 0.957339 0.074665
vt 0.723362 0.031249
vt 0.732540 0.033535
vt 0.730199 0.033723
vt 0.438854 0.263286
vt 0.288015 0.561562
vt 0.285620 0.562731
vt 0.285713 0.560569
vt 0.285904 0.558425
vt 0.287988 0.557366
vt 0.286026 0.556238
vt 0.286160 0.546560
vt 0.288191 0.563522
vt 0.285815 0.565986
vt 0.286117 0.564050
vt 0.284272 0.547485
vt 0.289710 0.527462
vt 0.287619 0.583513
vt 0.287966 0.567444
vt 0.285180 0.567596
vt 0.288187 0.565513
vt 0.724849 0.484789
vt 0.722706 0.483306
vt 0.720829 0.480359
vt 0.170261 0.903706
vt 0.171174 0.917018
vt 0.171136 0.909929
vt 0.754599 0.397766
vt 0.664884 0.014464
vt 0.665768 0.012401
vt 0.949057 0.407017
vt 0.955467 0.407960
vt 0.822358 0.580431
vt 0.707333 0.398019
vt 0.214082 0.589601
vt 0.387549 0.892985
vt 0.385377 0.897027
vt 0.382453 0.882774
vt 0.386548 0.890800
vt 0.390237 0.883750
vt 0.386564 0.888076
vt 0.383008 0.842107
vt 0.380435 0.828493
vt 0.390653 0.829866
vt 0.441818 0.838862
vt 0.444290 0.840679
vt 0.401319 0.884425
vt 0.395837 0.883759
vt 0.100535 0.752172
vt 0.532663 0.080960
vt 0.534526 0.082089
vt 0.538520 0.071286
vt 0.533104 0.086675
vt 0.567399 0.144647
vt 0.582921 0.147868
vt 0.580100 0.147424
vt 0.594500 0.101194
vt 0.749739 0.400976
vt 0.551503 0.933251
vt 0.550714 0.937486
vt 0.547366 0.942960
vt 0.544872 0.942228
vt 0.546911 0.920382
vt 0.551188 0.923242
vt 0.544872 0.927413
vt 0.531259 0.356246
vt 0.482380 0.318980
vt 0.448158 0.850096
vt 0.497824 0.843912
vt 0.979853 0.566458
vt 0.981544 0.566353
vt 0.979520 0.574788
vt 0.976783 0.582572
vt 0.978637 0.582701
vt 0.977852 0.585167
vt 0.960427 0.574843
vt 0.960138 0.577603
vt 0.981743 0.555400
vt 0.981298 0.560896
vt 0.980147 0.555216
vt 0.980536 0.563691
vt 0.978857 0.546023
vt 0.981165 0.546741
vt 0.973536 0.595815
vt 0.962218 0.540189
vt 0.968439 0.539053
vt 0.963074 0.542542
vt 0.961179 0.544400
vt 0.961102 0.543197
vt 0.961790 0.592535
vt 0.960159 0.592627
vt 0.960833 0.586400
vt 0.959033 0.586210
vt 0.959842 0.580338
vt 0.958195 0.579897
vt 0.958141 0.577385
vt 0.958232 0.574664
vt 0.958763 0.571848
vt 0.958643 0.549193
vt 0.959737 0.543691
vt 0.959241 0.557721
vt 0.728123 0.400039
vt 0.449789 0.898320
vt 0.830357 0.830837
vt 0.831613 0.834568
vt 0.826942 0.838711
vt 0.828557 0.830007
vt 0.824319 0.834297
vt 0.825523 0.831783
vt 0.819970 0.838576
vt 0.822478 0.833593
vt 0.815577 0.842840
vt 0.818140 0.837913
vt 0.817332 0.843493
vt 0.814037 0.853179
vt 0.816300 0.849001
vt 0.818648 0.850263
vt 0.734782 0.520654
vt 0.738037 0.517531
vt 0.949772 0.672539
vt 0.963106 0.637116
vt 0.965426 0.636872
vt 0.953112 0.702527
vt 0.947813 0.671517
vt 0.952817 0.704929
vt 0.963211 0.702404
vt 0.965315 0.702193
vt 0.956483 0.711765
vt 0.226760 0.663761
vt 0.250103 0.642227
vt 0.258217 0.640702
vt 0.258286 0.642738
vt 0.260924 0.642246
vt 0.260960 0.644310
vt 0.268720 0.642578
vt 0.268713 0.644731
vt 0.273990 0.643011
vt 0.274137 0.644986
vt 0.276811 0.643976
vt 0.277223 0.645820
vt 0.279661 0.645045
vt 0.280112 0.647019
vt 0.282504 0.646224
vt 0.283681 0.649927
vt 0.284272 0.652047
vt 0.281835 0.653304
vt 0.282271 0.655689
vt 0.279288 0.658368
vt 0.281613 0.658272
vt 0.278921 0.663496
vt 0.275828 0.665242
vt 0.277574 0.665996
vt 0.272744 0.666661
vt 0.244937 0.663820
vt 0.220303 0.659877
vt 0.222598 0.659247
vt 0.274504 0.667377
vt 0.244438 0.665901
vt 0.240046 0.665013
vt 0.227840 0.665588
vt 0.218650 0.665060
vt 0.965321 0.815926
vt 0.655410 0.412427
vt 0.539360 0.924133
vt 0.643721 0.255904
vt 0.790839 0.196620
vt 0.853119 0.080315
vt 0.847123 0.075734
vt 0.849026 0.074388
vt 0.845167 0.071355
vt 0.843204 0.072783
vt 0.835626 0.067597
vt 0.919474 0.081362
vt 0.917158 0.079911
vt 0.828083 0.062373
vt 0.824444 0.056776
vt 0.822836 0.055645
vt 0.826927 0.050171
vt 0.871957 0.002307
vt 0.824850 0.049578
vt 0.829523 0.038985
vt 0.831099 0.031961
vt 0.833594 0.024747
vt 0.831356 0.024644
vt 0.833497 0.017848
vt 0.831107 0.017851
vt 0.832300 0.001634
vt 0.837468 0.002100
vt 0.837909 0.000213
vt 0.852640 0.000630
vt 0.860526 0.002524
vt 0.861147 0.000702
vt 0.863177 0.002894
vt 0.864060 0.000928
vt 0.869451 0.001838
vt 0.963970 0.778242
vt 0.799203 0.412194
vt 0.772643 0.400559
vt 0.790307 0.165050
vt 0.431416 0.796611
vt 0.452902 0.813939
vt 0.457228 0.824017
vt 0.457257 0.827859
vt 0.458794 0.826275
vt 0.533029 0.772132
vt 0.293277 0.553885
vt 0.914763 0.298692
vt 0.294099 0.761104
vt 0.291900 0.750727
vt 0.294381 0.750496
vt 0.701923 0.402774
vt 0.696306 0.398864
vt 0.242652 0.482707
vt 0.935488 0.443096
vt 0.737446 0.186665
vt 0.736180 0.190158
vt 0.728288 0.192195
vt 0.727516 0.190182
vt 0.286007 0.878035
vt 0.285324 0.880660
vt 0.270969 0.873171
vt 0.268776 0.875074
vt 0.268967 0.872460
vt 0.270916 0.865950
vt 0.268851 0.865226
vt 0.268776 0.860375
vt 0.285399 0.855540
vt 0.278053 0.844090
vt 0.281933 0.844701
vt 0.276024 0.843673
vt 0.270316 0.844183
vt 0.690203 0.402991
vt 0.841596 0.582695
vt 0.838905 0.582893
vt 0.836797 0.581325
vt 0.771242 0.156442
vt 0.431032 0.860387
vt 0.890065 0.404446
vt 0.834155 0.395756
vt 0.890059 0.401734
vt 0.831916 0.379880
vt 0.830942 0.376287
vt 0.830545 0.374598
vt 0.828455 0.366835
vt 0.830113 0.366475
vt 0.821229 0.324078
vt 0.823221 0.323398
vt 0.820819 0.318223
vt 0.820364 0.312049
vt 0.819703 0.315548
vt 0.818587 0.312776
vt 0.818333 0.308529
vt 0.819068 0.307371
vt 0.820691 0.305617
vt 0.822934 0.303970
vt 0.821817 0.302008
vt 0.830882 0.290790
vt 0.833156 0.289835
vt 0.832185 0.287187
vt 0.880705 0.296361
vt 0.892536 0.396677
vt 0.892842 0.401907
vt 0.919724 0.340083
vt 0.894807 0.391724
vt 0.895312 0.396848
vt 0.896981 0.386744
vt 0.897590 0.391842
vt 0.899246 0.381596
vt 0.899763 0.386915
vt 0.898844 0.376370
vt 0.899030 0.378914
vt 0.509722 0.958711
vt 0.917197 0.470351
vt 0.647781 0.334094
vt 0.878255 0.616930
vt 0.880678 0.617501
vt 0.870964 0.613024
vt 0.871595 0.611293
vt 0.884328 0.609263
vt 0.881987 0.615862
vt 0.874986 0.610113
vt 0.878404 0.608773
vt 0.739272 0.411650
vt 0.739272 0.406031
vt 0.741142 0.402540
vt 0.003627 0.839930
vt 0.005247 0.834894
vt 0.004069 0.835024
vt 0.004578 0.829673
vt 0.007069 0.829418
vt 0.008600 0.830092
vt 0.008794 0.832710
vt 0.015630 0.835001
vt 0.010483 0.833427
vt 0.013319 0.834246
vt 0.020813 0.842013
vt 0.021773 0.839651
vt 0.031246 0.835638
vt 0.025718 0.836490
vt 0.752926 0.410152
vt 0.679673 0.522992
vt 0.675715 0.527906
vt 0.678516 0.520696
vt 0.679813 0.518984
vt 0.676314 0.512059
vt 0.681216 0.513230
vt 0.677569 0.510399
vt 0.675128 0.505925
vt 0.672780 0.509013
vt 0.672876 0.505008
vt 0.671669 0.506610
vt 0.672026 0.502249
vt 0.673694 0.503909
vt 0.674899 0.502277
vt 0.699313 0.455792
vt 0.669456 0.493716
vt 0.682525 0.511504
vt 0.668189 0.495562
vt 0.666879 0.497367
vt 0.666837 0.501325
vt 0.714618 0.473751
vt 0.708471 0.468026
vt 0.718517 0.478869
vt 0.718906 0.476929
vt 0.712638 0.470970
vt 0.707465 0.464226
vt 0.708998 0.465903
vt 0.706632 0.460557
vt 0.708226 0.462152
vt 0.699834 0.453449
vt 0.707280 0.458798
vt 0.687751 0.443735
vt 0.692865 0.448425
vt 0.687062 0.446421
vt 0.681888 0.438008
vt 0.684742 0.441143
vt 0.683940 0.443392
vt 0.678685 0.434514
vt 0.662894 0.490983
vt 0.660067 0.486872
vt 0.665564 0.499107
vt 0.661696 0.492769
vt 0.658931 0.488690
vt 0.657527 0.486664
vt 0.676815 0.398087
vt 0.679445 0.403698
vt 0.678746 0.398812
vt 0.681510 0.404314
vt 0.681667 0.412073
vt 0.675287 0.407593
vt 0.679804 0.413972
vt 0.675563 0.412701
vt 0.779654 0.412442
vt 0.184934 0.942216
vt 0.185139 0.944931
vt 0.184117 0.949091
vt 0.181772 0.946677
vt 0.181336 0.948202
vt 0.178925 0.946230
vt 0.175920 0.945635
vt 0.178167 0.939662
vt 0.182488 0.923569
vt 0.185139 0.923440
vt 0.181404 0.928263
vt 0.175727 0.939726
vt 0.176340 0.937445
vt 0.178203 0.930672
vt 0.178781 0.928360
vt 0.452199 0.957860
vt 0.193792 0.628190
vt 0.418938 0.062881
vt 0.781737 0.404813
vt 0.665890 0.414224
vt 0.666005 0.409028
vt 0.668791 0.409088
vt 0.671539 0.409161
vt 0.674245 0.409028
vt 0.674303 0.412862
vt 0.670827 0.418068
vt 0.668220 0.418118
vt 0.778787 0.403839
vt 0.325021 0.085554
vt 0.322539 0.081488
vt 0.323947 0.079245
vt 0.322638 0.077373
vt 0.324061 0.075197
vt 0.321417 0.072410
vt 0.322586 0.070144
vt 0.321115 0.068901
vt 0.322253 0.066732
vt 0.324636 0.089491
vt 0.323406 0.087699
vt 0.324213 0.093378
vt 0.323175 0.091593
vt 0.323737 0.097252
vt 0.322838 0.095467
vt 0.323230 0.101145
vt 0.322315 0.099302
vt 0.322180 0.109014
vt 0.322712 0.105088
vt 0.321715 0.103142
vt 0.340575 0.149326
vt 0.341653 0.151662
vt 0.321090 0.106958
vt 0.321390 0.112837
vt 0.338393 0.150539
vt 0.337447 0.148298
vt 0.320681 0.149621
vt 0.297557 0.152504
vt 0.301865 0.144469
vt 0.299963 0.144611
vt 0.302490 0.141877
vt 0.304707 0.141590
vt 0.305104 0.139024
vt 0.308694 0.138146
vt 0.310633 0.135012
vt 0.308278 0.135729
vt 0.312627 0.131719
vt 0.320430 0.110663
vt 0.318217 0.118127
vt 0.310531 0.132500
vt 0.316718 0.121818
vt 0.314730 0.122971
vt 0.316341 0.119420
vt 0.317749 0.115828
vt 0.952390 0.504944
vt 0.256310 0.935307
vt 0.255851 0.938059
vt 0.259892 0.935434
vt 0.262671 0.886572
vt 0.268731 0.938576
vt 0.259295 0.938123
vt 0.270679 0.885012
vt 0.276992 0.884677
vt 0.280905 0.884254
vt 0.280417 0.889354
vt 0.279602 0.897166
vt 0.280178 0.891973
vt 0.271065 0.935800
vt 0.270656 0.938541
vt 0.276819 0.932501
vt 0.276641 0.935340
vt 0.279556 0.923884
vt 0.278633 0.932233
vt 0.281833 0.918109
vt 0.281316 0.923624
vt 0.278516 0.918562
vt 0.282315 0.888929
vt 0.282081 0.891576
vt 0.280718 0.915558
vt 0.281519 0.896837
vt 0.280586 0.904805
vt 0.278673 0.905039
vt 0.278301 0.907733
vt 0.282197 0.907230
vt 0.283625 0.915121
vt 0.281891 0.915386
vt 0.283900 0.909644
vt 0.766402 0.401332
vt 0.574369 0.485490
vt 0.574827 0.482965
vt 0.576301 0.483929
vt 0.576782 0.478941
vt 0.576943 0.476291
vt 0.578657 0.477621
vt 0.578394 0.480189
vt 0.581450 0.483244
vt 0.599847 0.525627
vt 0.581855 0.480288
vt 0.580276 0.478962
vt 0.582236 0.477546
vt 0.580631 0.476306
vt 0.600785 0.512290
vt 0.592007 0.559134
vt 0.587770 0.475516
vt 0.582617 0.474894
vt 0.580980 0.473711
vt 0.581381 0.471056
vt 0.548267 0.619111
vt 0.412676 0.695804
vt 0.446235 0.716069
vt 0.451570 0.715836
vt 0.512358 0.732671
vt 0.555348 0.646865
vt 0.549081 0.625321
vt 0.449834 0.722994
vt 0.445807 0.718545
vt 0.547857 0.621792
vt 0.462635 0.740441
vt 0.588438 0.470262
vt 0.586848 0.469186
vt 0.587237 0.466601
vt 0.602247 0.484590
vt 0.584034 0.464314
vt 0.584490 0.461734
vt 0.579556 0.458194
vt 0.579986 0.455635
vt 0.576648 0.453252
vt 0.588284 0.444779
vt 0.581572 0.441694
vt 0.588815 0.442173
vt 0.590822 0.443965
vt 0.600787 0.454993
vt 0.599953 0.458367
vt 0.601662 0.459079
vt 0.600303 0.464390
vt 0.601745 0.464876
vt 0.600950 0.473033
vt 0.602498 0.473384
vt 0.601005 0.509546
vt 0.602664 0.510041
vt 0.602540 0.512847
vt 0.601359 0.525798
vt 0.600604 0.531487
vt 0.593558 0.559893
vt 0.581846 0.606265
vt 0.582795 0.603704
vt 0.583130 0.606666
vt 0.577363 0.640293
vt 0.565115 0.632493
vt 0.567776 0.635240
vt 0.442953 0.788194
vt 0.452327 0.811150
vt 0.444380 0.785415
vt 0.459449 0.823098
vt 0.454029 0.810524
vt 0.445070 0.788085
vt 0.560144 0.629350
vt 0.559229 0.631960
vt 0.557936 0.630958
vt 0.558542 0.628299
vt 0.557031 0.627300
vt 0.552604 0.624389
vt 0.553111 0.621802
vt 0.448288 0.782802
vt 0.448775 0.785517
vt 0.455795 0.788566
vt 0.451477 0.788363
vt 0.450526 0.783037
vt 0.459582 0.796297
vt 0.457473 0.796330
vt 0.473972 0.752842
vt 0.468306 0.746671
vt 0.462959 0.801216
vt 0.460894 0.801310
vt 0.489241 0.796814
vt 0.465691 0.803401
vt 0.463670 0.803603
vt 0.464910 0.811155
vt 0.462623 0.806219
vt 0.466332 0.805801
vt 0.549550 0.622600
vt 0.484663 0.807032
vt 0.552360 0.626858
vt 0.551988 0.629338
vt 0.553492 0.630463
vt 0.553076 0.633035
vt 0.554555 0.634167
vt 0.554108 0.636797
vt 0.555556 0.637928
vt 0.555080 0.640572
vt 0.556524 0.641666
vt 0.558454 0.649040
vt 0.557832 0.651556
vt 0.560851 0.653792
vt 0.560837 0.656868
vt 0.563674 0.658473
vt 0.563568 0.661242
vt 0.568439 0.663342
vt 0.568172 0.666155
vt 0.573211 0.667925
vt 0.573280 0.665149
vt 0.575060 0.665712
vt 0.575066 0.663020
vt 0.576953 0.663575
vt 0.576364 0.669045
vt 0.574876 0.668469
vt 0.569815 0.716626
vt 0.571399 0.716848
vt 0.570545 0.727649
vt 0.571985 0.728029
vt 0.570117 0.733032
vt 0.568154 0.732437
vt 0.452434 0.717507
vt 0.451228 0.719667
vt 0.486928 0.807024
vt 0.488592 0.804486
vt 0.489877 0.809627
vt 0.490884 0.804609
vt 0.479723 0.760787
vt 0.477717 0.757477
vt 0.488396 0.773675
vt 0.491522 0.797064
vt 0.481891 0.764003
vt 0.449936 0.720553
vt 0.486347 0.773276
vt 0.484165 0.767264
vt 0.486647 0.767998
vt 0.484196 0.764733
vt 0.481911 0.761501
vt 0.479806 0.758271
vt 0.477900 0.754897
vt 0.474233 0.750274
vt 0.468730 0.744306
vt 0.463320 0.738168
vt 0.457833 0.731914
vt 0.455843 0.728565
vt 0.452054 0.724031
vt 0.783175 0.404813
vt 0.786487 0.402757
vt 0.124028 0.821613
vt 0.138043 0.811565
vt 0.134816 0.816752
vt 0.131826 0.819180
vt 0.137041 0.816802
vt 0.134381 0.819262
vt 0.131253 0.821460
vt 0.129343 0.821732
vt 0.123644 0.823674
vt 0.113151 0.824528
vt 0.105329 0.825231
vt 0.104902 0.827426
vt 0.099747 0.828138
vt 0.097128 0.828264
vt 0.081863 0.829418
vt 0.082470 0.827132
vt 0.075479 0.827579
vt 0.052567 0.827680
vt 0.053164 0.825281
vt 0.039024 0.827252
vt 0.039563 0.824710
vt 0.034993 0.825617
vt 0.034494 0.828144
vt 0.032177 0.828616
vt 0.061684 0.767761
vt 0.040539 0.790944
vt 0.036458 0.795789
vt 0.032330 0.800567
vt 0.030427 0.826540
vt 0.029748 0.828838
vt 0.023545 0.828021
vt 0.023987 0.825593
vt 0.015153 0.827122
vt 0.012779 0.827644
vt 0.013210 0.825344
vt 0.025730 0.806310
vt 0.015070 0.816147
vt 0.006508 0.827039
vt 0.004351 0.827740
vt 0.004472 0.825116
vt 0.000726 0.827091
vt 0.000000 0.824975
vt 0.014884 0.814070
vt 0.021476 0.810703
vt 0.021198 0.808572
vt 0.025424 0.804264
vt 0.031777 0.798357
vt 0.035937 0.793712
vt 0.039968 0.788846
vt 0.044483 0.785750
vt 0.043883 0.783693
vt 0.050523 0.779080
vt 0.049812 0.776942
vt 0.054177 0.774355
vt 0.053666 0.772499
vt 0.061463 0.765376
vt 0.067820 0.762570
vt 0.067790 0.760223
vt 0.074458 0.757913
vt 0.074510 0.755511
vt 0.079110 0.753883
vt 0.158057 0.764696
vt 0.159811 0.764717
vt 0.156309 0.770210
vt 0.154408 0.770138
vt 0.150196 0.783377
vt 0.290983 0.808900
vt 0.290950 0.811319
vt 0.290433 0.813279
vt 0.289094 0.813398
vt 0.284899 0.813493
vt 0.284414 0.815862
vt 0.282154 0.816384
vt 0.282176 0.811592
vt 0.784467 0.704851
vt 0.784295 0.703019
vt 0.792049 0.707772
vt 0.805490 0.710265
vt 0.763012 0.398529
vt 0.274106 0.019272
vt 0.759933 0.401475
vt 0.214450 0.816277
vt 0.216539 0.816198
vt 0.217688 0.821642
vt 0.219222 0.821178
vt 0.220310 0.823833
vt 0.220211 0.826719
vt 0.222276 0.826491
vt 0.221974 0.829499
vt 0.205935 0.825090
vt 0.206783 0.833599
vt 0.225941 0.832076
vt 0.225698 0.834474
vt 0.230137 0.836706
vt 0.229127 0.839193
vt 0.231262 0.840391
vt 0.234357 0.845332
vt 0.234947 0.843170
vt 0.238065 0.848086
vt 0.237139 0.850388
vt 0.207916 0.839399
vt 0.207845 0.850528
vt 0.237897 0.854238
vt 0.238998 0.851810
vt 0.239665 0.855711
vt 0.238762 0.858184
vt 0.240525 0.859686
vt 0.208471 0.859320
vt 0.209848 0.865508
vt 0.207878 0.864542
vt 0.206496 0.858417
vt 0.205973 0.849670
vt 0.213340 0.808352
vt 0.203321 0.813226
vt 0.205904 0.838766
vt 0.204833 0.833011
vt 0.203894 0.824446
vt 0.204587 0.819173
vt 0.202613 0.818475
vt 0.201396 0.812488
vt 0.201751 0.809873
vt 0.199848 0.809130
vt 0.200611 0.803889
vt 0.198620 0.803132
vt 0.199074 0.797780
vt 0.197107 0.797128
vt 0.197434 0.791788
vt 0.195434 0.791328
vt 0.195737 0.786079
vt 0.193658 0.785894
vt 0.193789 0.783165
vt 0.193875 0.780378
vt 0.191832 0.780233
vt 0.191849 0.774605
vt 0.189820 0.774541
vt 0.189829 0.766298
vt 0.187725 0.766152
vt 0.187861 0.757994
vt 0.192178 0.758437
vt 0.192393 0.755842
vt 0.196423 0.756237
vt 0.212605 0.776872
vt 0.198333 0.756282
vt 0.212707 0.779343
vt 0.200291 0.756351
vt 0.196916 0.753815
vt 0.198390 0.752846
vt 0.212533 0.786001
vt 0.200248 0.753357
vt 0.202380 0.753655
vt 0.202582 0.750705
vt 0.204761 0.750977
vt 0.212346 0.746663
vt 0.213061 0.753676
vt 0.210598 0.753856
vt 0.212691 0.756740
vt 0.213236 0.759669
vt 0.214961 0.805108
vt 0.215508 0.761855
vt 0.214307 0.762254
vt 0.213106 0.762652
vt 0.219873 0.801293
vt 0.218405 0.794924
vt 0.222063 0.799876
vt 0.214305 0.777557
vt 0.214775 0.779589
vt 0.290237 0.830729
vt 0.684915 0.402774
vt 0.697233 0.202296
vt 0.506807 0.928092
vt 0.813767 0.711428
vt 0.351760 0.161923
vt 0.359817 0.173460
vt 0.350466 0.159410
vt 0.350462 0.169034
vt 0.349260 0.163327
vt 0.800238 0.771544
vt 0.802304 0.770849
vt 0.803205 0.773490
vt 0.796451 0.752921
vt 0.797910 0.758280
vt 0.791616 0.745713
vt 0.872332 0.251690
vt 0.873153 0.252289
vt 0.871151 0.254328
vt 0.862376 0.261095
vt 0.860799 0.259446
vt 0.855911 0.261641
vt 0.854903 0.259950
vt 0.850489 0.261923
vt 0.848188 0.263290
vt 0.855704 0.245998
vt 0.857532 0.244033
vt 0.849992 0.260031
vt 0.876577 0.243171
vt 0.877601 0.244687
vt 0.876864 0.238037
vt 0.878226 0.241163
vt 0.876851 0.230518
vt 0.878619 0.236449
vt 0.877136 0.225568
vt 0.878710 0.228645
vt 0.872809 0.226187
vt 0.876174 0.224026
vt 0.869948 0.225399
vt 0.870467 0.227385
vt 0.866711 0.232875
vt 0.849336 0.258187
vt 0.850132 0.253286
vt 0.849268 0.251758
vt 0.864809 0.231251
vt 0.866660 0.230744
vt 0.858877 0.240829
vt 0.864398 0.233473
vt 0.602291 0.051129
vt 0.626773 0.107844
vt 0.626637 0.086324
vt 0.625160 0.130036
vt 0.592262 0.146776
vt 0.596241 0.148295
vt 0.591335 0.149093
vt 0.597817 0.150662
vt 0.595343 0.150463
vt 0.606263 0.153294
vt 0.619820 0.156624
vt 0.610015 0.154932
vt 0.611075 0.153308
vt 0.622254 0.156137
vt 0.626430 0.137046
vt 0.626443 0.089059
vt 0.606180 0.048036
vt 0.623601 0.158181
vt 0.621243 0.157925
vt 0.627730 0.032009
vt 0.628234 0.028304
vt 0.629766 0.031542
vt 0.629649 0.034252
vt 0.624565 0.156121
vt 0.626873 0.129565
vt 0.628351 0.091416
vt 0.627781 0.104894
vt 0.628402 0.088662
vt 0.629308 0.061479
vt 0.628956 0.067057
vt 0.627270 0.072730
vt 0.629113 0.072190
vt 0.628502 0.085897
vt 0.629063 0.069584
vt 0.080511 0.298025
vt 0.637221 0.415743
vt 0.950660 0.758943
vt 0.951124 0.756747
vt 0.952877 0.758056
vt 0.956896 0.744912
vt 0.954577 0.745394
vt 0.955497 0.743247
vt 0.958925 0.737329
vt 0.956754 0.737544
vt 0.958011 0.735360
vt 0.952020 0.763513
vt 0.952317 0.759867
vt 0.965727 0.746433
vt 0.972536 0.727462
vt 0.971159 0.728816
vt 0.968219 0.725443
vt 0.370671 0.692873
vt 0.365434 0.691250
vt 0.365811 0.689051
vt 0.396033 0.692214
vt 0.390680 0.690722
vt 0.362794 0.690382
vt 0.354876 0.688039
vt 0.355213 0.686052
vt 0.344175 0.685762
vt 0.352567 0.685286
vt 0.352239 0.687285
vt 0.796670 0.407644
vt 0.052433 0.870612
vt 0.694517 0.220052
vt 0.477667 0.292175
vt 0.653976 0.231588
vt 0.656599 0.232131
vt 0.648733 0.243182
vt 0.650778 0.244674
vt 0.660126 0.226121
vt 0.660249 0.222638
vt 0.662905 0.222806
vt 0.669899 0.214629
vt 0.692440 0.215150
vt 0.692900 0.212148
vt 0.694374 0.214335
vt 0.694951 0.211427
vt 0.668459 0.212993
vt 0.452817 0.939236
vt 0.449400 0.947521
vt 0.469441 0.924912
vt 0.491571 0.933804
vt 0.467401 0.923307
vt 0.470513 0.922145
vt 0.487820 0.920719
vt 0.482937 0.910868
vt 0.485235 0.908780
vt 0.486802 0.907928
vt 0.488585 0.909834
vt 0.489269 0.912589
vt 0.487356 0.913176
vt 0.489283 0.920816
vt 0.491312 0.963708
vt 0.488705 0.963736
vt 0.959705 0.298373
vt 0.958849 0.292683
vt 0.767790 0.304250
vt 0.162934 0.300486
vt 0.141724 0.868190
vt 0.143633 0.867606
vt 0.135041 0.839631
vt 0.143991 0.875627
vt 0.143154 0.870645
vt 0.145394 0.877580
vt 0.165890 0.890950
vt 0.659683 0.412768
vt 0.659495 0.417844
vt 0.963210 0.305750
vt 0.964660 0.305885
vt 0.019573 0.929527
vt 0.016709 0.940313
vt 0.015483 0.937664
vt 0.013043 0.950586
vt 0.015121 0.950763
vt 0.013741 0.942840
vt 0.000000 0.929503
vt 0.000525 0.926695
vt 0.003588 0.929597
vt 0.002970 0.932234
vt 0.008105 0.934907
vt 0.013417 0.937619
vt 0.004622 0.959731
vt 0.011673 0.942732
vt 0.007812 0.957667
vt 0.712756 0.397941
vt 0.623542 0.416705
vt 0.623890 0.414854
vt 0.628065 0.401171
vt 0.629766 0.400857
vt 0.628141 0.414416
vt 0.626429 0.415170
vt 0.728397 0.411176
vt 0.725821 0.410581
vt 0.725908 0.408586
vt 0.723239 0.408350
vt 0.723213 0.406498
vt 0.179286 0.878438
vt 0.181285 0.896342
vt 0.178199 0.896238
vt 0.376096 0.182684
vt 0.194529 0.639675
vt 0.196676 0.622614
vt 0.213872 0.652512
vt 0.193791 0.640881
vt 0.219531 0.657742
vt 0.217224 0.576497
vt 0.222271 0.566982
vt 0.220269 0.565968
vt 0.223859 0.559355
vt 0.226041 0.560265
vt 0.226386 0.557745
vt 0.226737 0.555109
vt 0.229832 0.534400
vt 0.242011 0.529279
vt 0.258903 0.527958
vt 0.231115 0.530512
vt 0.233533 0.530867
vt 0.233761 0.529095
vt 0.242229 0.527423
vt 0.258867 0.526135
vt 0.255082 0.637460
vt 0.758353 0.412529
vt 0.788627 0.399915
vt 0.740401 0.411697
vt 0.673414 0.324116
vt 0.747690 0.410964
vt 0.956498 0.364853
vt 0.955057 0.367408
vt 0.954730 0.364967
vt 0.938766 0.369402
vt 0.939439 0.367276
vt 0.937149 0.367935
vt 0.955046 0.358215
vt 0.957216 0.357854
vt 0.952571 0.354825
vt 0.956378 0.353839
vt 0.935711 0.366174
vt 0.934927 0.368582
vt 0.933471 0.366729
vt 0.932675 0.369191
vt 0.936264 0.363801
vt 0.947004 0.353347
vt 0.953597 0.350716
vt 0.931311 0.367292
vt 0.931861 0.364985
vt 0.936563 0.359997
vt 0.938933 0.358866
vt 0.669464 0.405425
vt 0.667957 0.409028
vt 0.665891 0.407312
vt 0.667984 0.402004
vt 0.665891 0.400411
vt 0.666517 0.398564
vt 0.671679 0.407098
vt 0.675287 0.402401
vt 0.674608 0.406454
vt 0.670978 0.398087
vt 0.673130 0.399136
vt 0.805306 0.105242
vt 0.807897 0.104904
vt 0.808173 0.113678
vt 0.801754 0.123829
vt 0.801996 0.102888
vt 0.804609 0.102426
vt 0.796594 0.095538
vt 0.799064 0.094609
vt 0.792430 0.091314
vt 0.794695 0.090341
vt 0.782245 0.075276
vt 0.784544 0.074244
vt 0.773461 0.063343
vt 0.775545 0.061945
vt 0.768560 0.059816
vt 0.770621 0.058368
vt 0.765864 0.054991
vt 0.744536 0.043631
vt 0.759924 0.060018
vt 0.764200 0.063036
vt 0.796370 0.107047
vt 0.762275 0.061498
vt 0.801173 0.126546
vt 0.798636 0.126072
vt 0.771973 0.079677
vt 0.798318 0.128866
vt 0.797963 0.143115
vt 0.788838 0.132389
vt 0.797865 0.145869
vt 0.786647 0.148679
vt 0.797872 0.148636
vt 0.795027 0.183740
vt 0.790886 0.170182
vt 0.797431 0.183737
vt 0.794221 0.203936
vt 0.789699 0.129916
vt 0.794114 0.111766
vt 0.793828 0.109503
vt 0.795513 0.109210
vt 0.794162 0.108471
vt 0.964706 0.626336
vt 0.966456 0.627368
vt 0.716906 0.411749
vt 0.718622 0.411176
vt 0.720153 0.412505
vt 0.719980 0.415365
vt 0.719065 0.417376
vt 0.294753 0.537124
vt 0.292445 0.538786
vt 0.294754 0.539221
vt 0.075857 0.290996
vt 0.942000 0.785623
vt 0.943143 0.799346
vt 0.945581 0.799030
vt 0.945353 0.801843
vt 0.945943 0.807415
vt 0.947961 0.806966
vt 0.948458 0.828846
vt 0.922454 0.776551
vt 0.950660 0.828742
vt 0.950308 0.837052
vt 0.947987 0.837133
vt 0.914818 0.774122
vt 0.915426 0.772230
vt 0.868643 0.748782
vt 0.947624 0.842664
vt 0.949668 0.842669
vt 0.944974 0.870227
vt 0.947229 0.870759
vt 0.945421 0.875037
vt 0.806222 0.859390
vt 0.826196 0.886073
vt 0.751533 0.174151
vt 0.753599 0.172679
vt 0.753157 0.176322
vt 0.760288 0.166534
vt 0.768684 0.169169
vt 0.768997 0.159752
vt 0.429424 0.795128
vt 0.767600 0.512950
vt 0.784622 0.506590
vt 0.785295 0.503530
vt 0.786685 0.505758
vt 0.782380 0.504774
vt 0.778467 0.504414
vt 0.780164 0.503414
vt 0.774142 0.502011
vt 0.772578 0.503371
vt 0.765486 0.511725
vt 0.763279 0.513179
vt 0.626268 0.690027
vt 0.605897 0.661478
vt 0.604560 0.622859
vt 0.606263 0.622932
vt 0.604055 0.603379
vt 0.603033 0.574787
vt 0.604518 0.569209
vt 0.605838 0.569160
vt 0.603368 0.512942
vt 0.752496 0.401331
vt 0.752224 0.407362
vt 0.752496 0.415530
vt 0.751158 0.416070
vt 0.343269 0.168801
vt 0.341573 0.169372
vt 0.338679 0.167641
vt 0.339947 0.169867
vt 0.334966 0.168672
vt 0.333802 0.166233
vt 0.348626 0.169651
vt 0.347157 0.167621
vt 0.327409 0.167604
vt 0.294910 0.155365
vt 0.295375 0.152510
vt 0.298355 0.157678
vt 0.295960 0.157811
vt 0.301685 0.159918
vt 0.299305 0.160119
vt 0.307158 0.162000
vt 0.302683 0.162245
vt 0.318965 0.163966
vt 0.308290 0.164201
vt 0.320252 0.166439
vt 0.978226 0.543510
vt 0.973133 0.542319
vt 0.956844 0.437717
vt 0.949479 0.522441
vt 0.951290 0.533484
vt 0.956156 0.539937
vt 0.739678 0.639470
vt 0.747890 0.401331
vt 0.749845 0.403192
vt 0.934124 0.329797
vt 0.933478 0.327094
vt 0.933920 0.324603
vt 0.934768 0.332464
vt 0.728334 0.418291
vt 0.777374 0.189491
vt 0.777242 0.195089
vt 0.779017 0.194644
vt 0.780805 0.194140
vt 0.782453 0.193634
vt 0.750889 0.253287
vt 0.752405 0.235777
vt 0.754988 0.235731
vt 0.754412 0.230098
vt 0.757165 0.230062
vt 0.756780 0.227522
vt 0.758485 0.227205
vt 0.761341 0.221556
vt 0.764674 0.213296
vt 0.765383 0.207329
vt 0.767881 0.207519
vt 0.767976 0.204240
vt 0.770194 0.198327
vt 0.772432 0.195356
vt 0.012084 0.308112
vt 0.917698 0.354338
vt 0.916168 0.355782
vt 0.913174 0.356185
vt 0.502195 0.833022
vt 0.505443 0.827859
vt 0.504411 0.831206
vt 0.506807 0.829310
vt 0.504167 0.834830
vt 0.501719 0.837222
vt 0.494307 0.830869
vt 0.496819 0.849896
vt 0.468872 0.906284
vt 0.466602 0.907928
vt 0.495313 0.855533
vt 0.506319 0.878383
vt 0.506807 0.881082
vt 0.218729 0.805638
vt 0.264978 0.775749
vt 0.262870 0.775857
vt 0.944979 0.563938
vt 0.947829 0.572161
vt 0.943407 0.572190
vt 0.941401 0.568382
vt 0.700588 0.411329
vt 0.698672 0.413745
vt 0.700293 0.414097
vt 0.698493 0.416627
vt 0.697048 0.413918
vt 0.696917 0.416759
vt 0.702131 0.408747
vt 0.698486 0.402868
vt 0.702016 0.402774
vt 0.696917 0.405814
vt 0.687609 0.408399
vt 0.684526 0.405216
vt 0.684499 0.407247
vt 0.688990 0.402774
vt 0.684514 0.403383
vt 0.681667 0.405002
vt 0.686816 0.413972
vt 0.684278 0.413639
vt 0.687018 0.410243
vt 0.809505 0.405528
vt 0.785161 0.180862
vt 0.779248 0.234922
vt 0.764519 0.248726
vt 0.697701 0.251959
vt 0.777219 0.290440
vt 0.767174 0.308022
vt 0.697374 0.243711
vt 0.723202 0.193598
vt 0.695698 0.213923
vt 0.535884 0.937452
vt 0.535603 0.935720
vt 0.533191 0.936701
vt 0.533490 0.938485
vt 0.531036 0.939520
vt 0.531390 0.941274
vt 0.528958 0.942382
vt 0.529282 0.944153
vt 0.524439 0.946544
vt 0.511130 0.946105
vt 0.510708 0.939564
vt 0.524134 0.948636
vt 0.521349 0.950131
vt 0.511887 0.936306
vt 0.511545 0.931888
vt 0.511723 0.928973
vt 0.510077 0.931096
vt 0.509660 0.933933
vt 0.509729 0.938227
vt 0.508624 0.941415
vt 0.511118 0.954000
vt 0.508895 0.947581
vt 0.508766 0.955431
vt 0.514029 0.954264
vt 0.514522 0.955926
vt 0.509202 0.966967
vt 0.507826 0.961802
vt 0.507248 0.970104
vt 0.506807 0.968361
vt 0.513987 0.964193
vt 0.514417 0.965934
vt 0.515948 0.961064
vt 0.516379 0.962796
vt 0.522411 0.953469
vt 0.519913 0.954869
vt 0.520373 0.956586
vt 0.803933 0.014195
vt 0.813135 0.011519
vt 0.814659 0.013802
vt 0.816537 0.013343
vt 0.818333 0.024760
vt 0.816570 0.025131
vt 0.817915 0.033558
vt 0.816143 0.033948
vt 0.800580 0.012542
vt 0.802415 0.012024
vt 0.817225 0.039457
vt 0.815384 0.039880
vt 0.797148 0.010975
vt 0.798965 0.010433
vt 0.808304 0.044695
vt 0.817356 0.047967
vt 0.812856 0.046176
vt 0.813682 0.048765
vt 0.810096 0.044135
vt 0.793680 0.009436
vt 0.795468 0.008863
vt 0.788229 0.011216
vt 0.811019 0.046642
vt 0.811010 0.052016
vt 0.809124 0.052327
vt 0.791876 0.010042
vt 0.790192 0.007991
vt 0.791954 0.007378
vt 0.811016 0.057427
vt 0.809123 0.057737
vt 0.811879 0.065638
vt 0.810104 0.065949
vt 0.784834 0.009741
vt 0.786636 0.009160
vt 0.811823 0.071260
vt 0.810009 0.071589
vt 0.777795 0.009364
vt 0.783208 0.007738
vt 0.812418 0.079587
vt 0.810647 0.079874
vt 0.809462 0.101888
vt 0.809793 0.096503
vt 0.809955 0.091119
vt 0.810292 0.085527
vt 0.812226 0.085195
vt 0.811938 0.090788
vt 0.811565 0.096345
vt 0.811294 0.101837
vt 0.811004 0.107672
vt 0.810413 0.113508
vt 0.812064 0.113267
vt 0.812532 0.124187
vt 0.811975 0.129703
vt 0.813738 0.129505
vt 0.813505 0.132261
vt 0.815123 0.132047
vt 0.814735 0.137560
vt 0.816448 0.137393
vt 0.816067 0.142907
vt 0.817833 0.142794
vt 0.813141 0.165176
vt 0.816603 0.167623
vt 0.814833 0.167770
vt 0.814695 0.170513
vt 0.812933 0.170696
vt 0.803491 0.137544
vt 0.803606 0.145827
vt 0.811332 0.165371
vt 0.809738 0.203311
vt 0.808079 0.203368
vt 0.807934 0.206170
vt 0.806244 0.206209
vt 0.805424 0.210209
vt 0.801714 0.148573
vt 0.801714 0.145823
vt 0.801677 0.137557
vt 0.800394 0.131993
vt 0.799913 0.143074
vt 0.583955 0.943388
vt 0.932742 0.404891
vt 0.933504 0.402287
vt 0.929893 0.402268
vt 0.931702 0.380624
vt 0.929893 0.380792
vt 0.930624 0.369784
vt 0.957152 0.406922
vt 0.956956 0.404440
vt 0.954193 0.390284
vt 0.936847 0.371311
vt 0.958833 0.400987
vt 0.959031 0.403598
vt 0.956072 0.390076
vt 0.956118 0.387252
vt 0.961115 0.397944
vt 0.960956 0.400666
vt 0.957723 0.384191
vt 0.963165 0.398022
vt 0.265292 0.795829
vt 0.275457 0.784405
vt 0.278523 0.796918
vt 0.275198 0.798665
vt 0.690203 0.418502
vt 0.690203 0.415264
vt 0.912144 0.358495
vt 0.914102 0.358284
vt 0.925222 0.385018
vt 0.892924 0.404515
vt 0.898621 0.407087
vt 0.892944 0.406744
vt 0.901503 0.406917
vt 0.909998 0.409710
vt 0.901452 0.409209
vt 0.915529 0.411195
vt 0.909890 0.411287
vt 0.918287 0.410925
vt 0.923434 0.411659
vt 0.921048 0.410843
vt 0.915044 0.360138
vt 0.180573 0.881074
vt 0.543767 0.829694
vt 0.545574 0.830006
vt 0.547194 0.827859
vt 0.549309 0.830914
vt 0.550713 0.828504
vt 0.550975 0.831514
vt 0.539976 0.831829
vt 0.647800 0.403262
vt 0.645521 0.399914
vt 0.647021 0.398087
vt 0.650218 0.410684
vt 0.647179 0.406509
vt 0.685202 0.309473
vt 0.683661 0.310287
vt 0.685010 0.306943
vt 0.688131 0.305379
vt 0.687945 0.302774
vt 0.689468 0.302027
vt 0.689335 0.299327
vt 0.690832 0.298632
vt 0.690695 0.293112
vt 0.692179 0.292543
vt 0.692174 0.284265
vt 0.692195 0.281494
vt 0.692228 0.278726
vt 0.693668 0.278262
vt 0.693739 0.267197
vt 0.695165 0.266759
vt 0.695039 0.258495
vt 0.696455 0.258006
vt 0.696221 0.252539
vt 0.285998 0.755490
vt 0.285916 0.733378
vt 0.287297 0.746228
vt 0.288120 0.732281
vt 0.288254 0.754494
vt 0.287379 0.770615
vt 0.284960 0.771311
vt 0.285383 0.775630
vt 0.282815 0.776136
vt 0.291313 0.719498
vt 0.293954 0.720707
vt 0.289014 0.723549
vt 0.289414 0.721243
vt 0.444262 0.272732
vt 0.602664 0.687751
vt 0.290428 0.833474
vt 0.282154 0.838620
vt 0.648467 0.724707
vt 0.620838 0.724748
vt 0.634122 0.725396
vt 0.625494 0.727525
vt 0.635254 0.726522
vt 0.628902 0.732989
vt 0.621761 0.727319
vt 0.619908 0.727203
vt 0.627310 0.727595
vt 0.638191 0.739155
vt 0.624465 0.730045
vt 0.620822 0.729811
vt 0.628064 0.730255
vt 0.691331 0.735884
vt 0.626265 0.730138
vt 0.627093 0.732831
vt 0.629803 0.735724
vt 0.627975 0.735538
vt 0.628926 0.738297
vt 0.637309 0.741834
vt 0.782281 0.142436
vt 0.784191 0.142678
vt 0.785401 0.137210
vt 0.787224 0.132087
vt 0.774105 0.153727
vt 0.777522 0.150560
vt 0.778418 0.147990
vt 0.766402 0.401454
vt 0.962826 0.287069
vt 0.959451 0.291100
vt 0.519932 0.753441
vt 0.517726 0.753418
vt 0.534053 0.749787
vt 0.525846 0.759883
vt 0.533031 0.758560
vt 0.293445 0.652922
vt 0.800598 0.403501
vt 0.784176 0.402589
vt 0.824032 0.953090
vt 0.822324 0.952006
vt 0.826018 0.945551
vt 0.824073 0.944317
vt 0.824690 0.956702
vt 0.823292 0.955623
vt 0.826852 0.955264
vt 0.825805 0.954230
vt 0.827509 0.938347
vt 0.829622 0.939580
vt 0.822324 0.933908
vt 0.828880 0.936065
vt 0.823866 0.931586
vt 0.830244 0.937049
vt 0.830324 0.951429
vt 0.831726 0.940575
vt 0.835170 0.944708
vt 0.833939 0.947363
vt 0.306211 0.541156
vt 0.791433 0.417266
s 1
usemtl mossy_green_rock27
f 1/1/1 2/2/2 6/3/6
f 4/4/4 5/5/5 6/6/6
f 2/7/2 863/8/863 8/9/8
f 863/8/863 3242/10/3242 8/9/8
f 3242/11/3242 863/12/863 21/13/21
f 3242/11/3242 21/13/21 20/14/20
f 2003/15/2003 916/16/916 2002/17/2002
f 606/18/606 607/19/607 608/20/608
f 20/21/20 21/22/21 862/23/862
f 21/22/21 863/24/863 862/23/862
f 545/25/545 544/26/544 2008/27/2008
f 4803/28/4803 3896/29/3896 4820/30/4820
f 2701/31/2701 461/32/461 43/33/43
f 492/34/492 491/35/491 1101/36/1101
f 47/37/47 4586/38/4586 48/39/48
f 47/37/47 48/39/48 49/40/49
f 4803/41/4803 57/42/57 58/43/58
f 4803/41/4803 58/43/58 3896/44/3896
f 2247/45/2247 1162/46/1162 2796/47/2796
f 2361/48/2361 4461/49/4461 3317/50/3317
f 4437/51/4437 60/52/60 721/53/721
f 72/54/72 49/40/49 73/55/73
f 72/54/72 73/55/73 74/56/74
f 2567/57/2567 4628/58/4628 3575/59/3575
f 78/60/78 79/61/79 80/62/80
f 78/60/78 80/62/80 81/63/81
f 96/64/96 82/65/82 86/66/86
f 1884/67/1884 3570/68/3570 4942/69/4942
f 86/70/86 2358/71/2358 87/72/87
f 86/70/86 87/72/87 115/73/115
f 115/73/115 95/74/95 86/70/86
f 3663/75/3663 81/63/81 27/76/27
f 115/77/115 112/78/112 4805/79/4805
f 115/80/115 4806/81/4806 955/82/955
f 115/80/115 955/82/955 116/83/116
f 2834/84/2834 775/85/775 774/86/774
f 2996/87/2996 4919/88/4919 122/89/122
f 3734/90/3734 4085/91/4085 4086/92/4086
f 183/93/183 4842/94/4842 2640/95/2640
f 191/96/191 3850/97/3850 192/98/192
f 1286/99/1286 2352/100/2352 1061/101/1061
f 1271/102/1271 3468/103/3468 1518/104/1518
f 2245/105/2245 3453/106/3453 1448/107/1448
f 1599/108/1599 1600/109/1600 1601/110/1601
f 217/111/217 216/112/216 3775/113/3775
f 191/96/191 192/98/192 193/114/193
f 215/115/215 207/116/207 216/112/216
f 215/115/215 216/112/216 217/111/217
f 514/117/514 513/118/513 865/119/865
f 4317/120/4317 309/121/309 4566/122/4566
f 1987/123/1987 1004/124/1004 4615/125/4615
f 1920/126/1920 4030/127/4030 2351/128/2351
f 2588/129/2588 3138/130/3138 241/131/241
f 2371/132/2371 2095/133/2095 2096/134/2096
f 2478/135/2478 4001/136/4001 4112/137/4112
f 894/138/894 3044/139/3044 4291/140/4291
f 2375/141/2375 2374/142/2374 3205/143/3205
f 3331/144/3331 2417/145/2417 3332/146/3332
f 3374/147/3374 39/148/39 686/149/686
f 1228/150/1228 2331/151/2331 3394/152/3394
f 3487/153/3487 2205/154/2205 3551/155/3551
f 389/156/389 4628/157/4628 2567/158/2567
f 389/156/389 2567/158/2567 390/159/390
f 2176/160/2176 190/161/190 948/162/948
f 390/159/390 2567/158/2567 3576/163/3576
f 3155/164/3155 827/165/827 2114/166/2114
f 2019/167/2019 3527/168/3527 2054/169/2054
f 431/170/431 427/171/427 432/172/432
f 839/173/839 2033/174/2033 4555/175/4555
f 1668/176/1668 3752/177/3752 2513/178/2513
f 4557/179/4557 2281/180/2281 4122/181/4122
f 3497/182/3497 4553/183/4553 3059/184/3059
f 2373/185/2373 2485/186/2485 2941/187/2941
f 3714/188/3714 2143/189/2143 3507/190/3507
f 3985/191/3985 4889/192/4889 4700/193/4700
f 3403/194/3403 3760/195/3760 2007/196/2007
f 1301/197/1301 3614/198/3614 2869/199/2869
f 4944/200/4944 4658/201/4658 783/202/783
f 3564/203/3564 922/204/922 924/205/924
f 237/206/237 518/207/518 238/208/238
f 518/207/518 2307/209/2307 238/208/238
f 460/210/460 1882/211/1882 4228/212/4228
f 2440/213/2440 4763/214/4763 4298/215/4298
f 2364/216/2364 3060/217/3060 3609/218/3609
f 3177/219/3177 4832/220/4832 3176/221/3176
f 1521/222/1521 1065/223/1065 526/224/526
f 2953/225/2953 4429/226/4429 2122/227/2122
f 80/62/80 27/76/27 81/63/81
f 2933/228/2933 2932/229/2932 3241/230/3241
f 259/231/259 4520/232/4520 3580/233/3580
f 1339/234/1339 2075/235/2075 3237/236/3237
f 2013/237/2013 1138/238/1138 3812/239/3812
f 1885/240/1885 4371/241/4371 4038/242/4038
f 1052/243/1052 1431/244/1431 1803/245/1803
f 2908/246/2908 2906/247/2906 2907/248/2907
f 4906/249/4906 4230/250/4230 4431/251/4431
f 1030/252/1030 1795/253/1795 82/65/82
f 582/254/582 1462/255/1462 3123/256/3123
f 4619/257/4619 3786/258/3786 3787/259/3787
f 4711/260/4711 4737/261/4737 1349/262/1349
f 1168/263/1168 1166/264/1166 1167/265/1167
f 759/266/759 4948/267/4948 4007/268/4007
f 4177/269/4177 1745/270/1745 4178/271/4178
f 2462/272/2462 1264/273/1264 1263/274/1263
f 740/275/740 1870/276/1870 1869/277/1869
f 2503/278/2503 3259/279/3259 4173/280/4173
f 3250/281/3250 545/25/545 3813/282/3813
f 2708/283/2708 1881/284/1881 3459/285/3459
f 73/55/73 48/39/48 4437/286/4437
f 2259/287/2259 1679/288/1679 4865/289/4865
f 4237/290/4237 2600/291/2600 582/254/582
f 4767/292/4767 3358/293/3358 3525/294/3525
f 1811/295/1811 4266/296/4266 124/297/124
f 3469/298/3469 3065/299/3065 3470/300/3470
f 3625/301/3625 4947/302/4947 3626/303/3626
f 4841/304/4841 2535/305/2535 4065/306/4065
f 547/307/547 2338/308/2338 2339/309/2339
f 2549/310/2549 1558/311/1558 554/312/554
f 627/313/627 963/314/963 628/315/628
f 852/316/852 179/317/179 976/318/976
f 1639/319/1639 583/320/583 1878/321/1878
f 4199/322/4199 264/323/264 709/324/709
f 633/325/633 2942/326/2942 19/327/19
f 880/328/880 881/329/881 1104/330/1104
f 4155/331/4155 4705/332/4705 4209/333/4209
f 3575/334/3575 998/335/998 2293/336/2293
f 513/118/513 2484/337/2484 741/338/741
f 313/339/313 1866/340/1866 4060/341/4060
f 979/342/979 980/343/980 4188/344/4188
f 2125/345/2125 4877/346/4877 4869/347/4869
f 4255/348/4255 2351/128/2351 4029/349/4029
f 3388/350/3388 430/351/430 4666/352/4666
f 4240/353/4240 2235/354/2235 4241/355/4241
f 1067/356/1067 1065/357/1065 1066/358/1066
f 3402/359/3402 3975/360/3975 1730/361/1730
f 3621/362/3621 2537/363/2537 2536/364/2536
f 2766/365/2766 2135/366/2135 2675/367/2675
f 1860/368/1860 1861/369/1861 1862/370/1862
f 1604/371/1604 4293/372/4293 4336/373/4336
f 680/374/680 1022/375/1022 118/376/118
f 2357/377/2357 2358/378/2358 2359/379/2359
f 2402/380/2402 2401/381/2401 3920/382/3920
f 1828/383/1828 4895/384/4895 1903/385/1903
f 1102/386/1102 224/387/224 223/388/223
f 2003/389/2003 4329/390/4329 3790/391/3790
f 3222/392/3222 1926/393/1926 3223/394/3223
f 411/395/411 1561/396/1561 2631/397/2631
f 690/398/690 2589/399/2589 2590/400/2590
f 4724/401/4724 1967/402/1967 4130/403/4130
f 1766/404/1766 1732/405/1732 2224/406/2224
f 1256/407/1256 2349/408/2349 4494/409/4494
f 4385/410/4385 4431/411/4431 187/412/187
f 1857/413/1857 76/414/76 1135/415/1135
f 2260/416/2260 1863/417/1863 3620/418/3620
f 970/419/970 969/420/969 1949/421/1949
f 4871/422/4871 2519/423/2519 2521/424/2521
f 4521/425/4521 2812/426/2812 1319/427/1319
f 3255/428/3255 2778/429/2778 1453/430/1453
f 3159/431/3159 2336/432/2336 1663/433/1663
f 400/434/400 4772/435/4772 4775/436/4775
f 4441/437/4441 1862/438/1862 251/439/251
f 4502/440/4502 3804/441/3804 4501/442/4501
f 4157/443/4157 3626/444/3626 4464/445/4464
f 4147/446/4147 4872/447/4872 4649/448/4649
f 1127/449/1127 4911/450/4911 1743/451/1743
f 1566/452/1566 3020/453/3020 1202/454/1202
f 2095/455/2095 2808/456/2808 3148/457/3148
f 3331/458/3331 944/459/944 2662/460/2662
f 4928/461/4928 4341/462/4341 4929/463/4929
f 1727/464/1727 337/465/337 336/466/336
f 2342/467/2342 878/468/878 2670/469/2670
f 3232/470/3232 545/25/545 4047/471/4047
f 1133/472/1133 4911/473/4911 4271/474/4271
f 3111/475/3111 1496/476/1496 1569/477/1569
f 2418/478/2418 3489/479/3489 2213/480/2213
f 4710/481/4710 3629/482/3629 1916/483/1916
f 998/484/998 996/485/996 997/486/997
f 4305/487/4305 1392/488/1392 3411/489/3411
f 1296/490/1296 420/491/420 2394/492/2394
f 4492/493/4492 3266/494/3266 320/495/320
f 1526/496/1526 4697/497/4697 1527/498/1527
f 1903/499/1903 4703/500/4703 4894/501/4894
f 4326/502/4326 3982/503/3982 4179/504/4179
f 1334/505/1334 3882/506/3882 2387/507/2387
f 2490/508/2490 381/509/381 2861/510/2861
f 4689/511/4689 4337/512/4337 68/513/68
f 1630/514/1630 1576/515/1576 1577/516/1577
f 1630/514/1630 2733/517/2733 1578/518/1578
f 4109/519/4109 4909/520/4909 2791/521/2791
f 4550/522/4550 1664/523/1664 4058/524/4058
f 4905/525/4905 869/526/869 868/527/868
f 1630/528/1630 2977/529/2977 2734/530/2734
f 1630/528/1630 2734/530/2734 2733/531/2733
f 118/376/118 464/532/464 2238/533/2238
f 1643/534/1643 786/535/786 1696/536/1696
f 1643/534/1643 1696/536/1696 4827/537/4827
f 4836/538/4836 1670/539/1670 1892/540/1892
f 1671/541/1671 408/542/408 1672/543/1672
f 1671/541/1671 1672/543/1672 4836/538/4836
f 3721/544/3721 1871/545/1871 4252/546/4252
f 2918/547/2918 4283/548/4283 218/549/218
f 3067/550/3067 1643/551/1643 1696/552/1696
f 4558/553/4558 4730/554/4730 4352/555/4352
f 4713/556/4713 3828/557/3828 1709/558/1709
f 4713/556/4713 1709/558/1709 1951/559/1951
f 2204/560/2204 1557/561/1557 1556/562/1556
f 2954/563/2954 1016/564/1016 1015/565/1015
f 585/566/585 586/567/586 587/568/587
f 1783/569/1783 1739/570/1739 2182/571/2182
f 1783/569/1783 2182/571/2182 1058/572/1058
f 22/573/22 1740/574/1740 1741/575/1741
f 1740/574/1740 1742/576/1742 1741/575/1741
f 1708/577/1708 4846/578/4846 1755/579/1755
f 3227/580/3227 1756/581/1756 1755/579/1755
f 1756/581/1756 1708/577/1708 1755/579/1755
f 1043/582/1043 1759/583/1759 1760/584/1760
f 1206/585/1206 645/586/645 2731/587/2731
f 1059/588/1059 1058/589/1058 2182/590/2182
f 1783/591/1783 1058/592/1058 1784/593/1784
f 1783/591/1783 1784/593/1784 409/594/409
f 4606/595/4606 2022/596/2022 2020/597/2020
f 720/598/720 3282/599/3282 2134/600/2134
f 4653/601/4653 340/602/340 2336/432/2336
f 1757/603/1757 468/604/468 1025/605/1025
f 3680/606/3680 1485/607/1485 2935/608/2935
f 4073/609/4073 2683/610/2683 1817/611/1817
f 1951/612/1951 4853/613/4853 1519/614/1519
f 4504/615/4504 4738/616/4738 2670/469/2670
f 4139/617/4139 3276/618/3276 2606/619/2606
f 334/620/334 1841/621/1841 1842/622/1842
f 334/620/334 1842/622/1842 185/623/185
f 2934/624/2934 3035/625/3035 1677/626/1677
f 369/627/369 3135/628/3135 1991/629/1991
f 1733/630/1733 254/631/254 1894/632/1894
f 1564/633/1564 4393/634/4393 974/635/974
f 3563/636/3563 879/637/879 2342/638/2342
f 4621/639/4621 2129/640/2129 2923/641/2923
f 3170/642/3170 1875/643/1875 3337/644/3337
f 2674/645/2674 4780/646/4780 4263/647/4263
f 1850/648/1850 1849/649/1849 1887/650/1887
f 3167/651/3167 4208/652/4208 3168/653/3168
f 711/654/711 712/655/712 710/656/710
f 1259/657/1259 1533/658/1533 3018/659/3018
f 2900/660/2900 4007/661/4007 4948/662/4948
f 4746/663/4746 4744/664/4744 4745/665/4745
f 1133/666/1133 4271/667/4271 4126/668/4126
f 4893/669/4893 2828/670/2828 3691/671/3691
f 2049/672/2049 4548/673/4548 63/674/63
f 908/675/908 601/676/601 430/677/430
f 3194/678/3194 1488/679/1488 2314/680/2314
f 4200/681/4200 4604/682/4604 4605/683/4605
f 2212/684/2212 1349/685/1349 4737/686/4737
f 3578/687/3578 1070/688/1070 840/689/840
f 2268/690/2268 958/691/958 2267/692/2267
f 4186/693/4186 3356/694/3356 2325/695/2325
f 3708/696/3708 13/697/13 317/698/317
f 1329/699/1329 1381/700/1381 1380/701/1380
f 698/702/698 104/703/104 986/704/986
f 1112/705/1112 1297/706/1297 1298/707/1298
f 3233/708/3233 4536/709/4536 3234/710/3234
f 1848/711/1848 1847/712/1847 4835/713/4835
f 3379/714/3379 211/715/211 3493/716/3493
f 262/717/262 3475/718/3475 3474/719/3474
f 1877/720/1877 818/721/818 1878/321/1878
f 1812/722/1812 4201/723/4201 1810/724/1810
f 2113/725/2113 1135/726/1135 2114/166/2114
f 2291/727/2291 2881/728/2881 1694/729/1694
f 2807/730/2807 3965/731/3965 3013/732/3013
f 292/733/292 421/734/421 3953/735/3953
f 2127/736/2127 1680/737/1680 1215/738/1215
f 1697/739/1697 1719/740/1719 1700/741/1700
f 1430/742/1430 917/743/917 1803/245/1803
f 1954/744/1954 3560/745/3560 285/746/285
f 2896/747/2896 1222/748/1222 4570/749/4570
f 2681/750/2681 4947/302/4947 1819/751/1819
f 4268/752/4268 2999/753/2999 2420/754/2420
f 2613/755/2613 3442/756/3442 2812/757/2812
f 3114/758/3114 3113/759/3113 445/760/445
f 4490/761/4490 2635/762/2635 1782/763/1782
f 4626/764/4626 4625/765/4625 803/766/803
f 1300/767/1300 4386/768/4386 4421/769/4421
f 4314/770/4314 4066/771/4066 3711/772/3711
f 2444/773/2444 2078/774/2078 2077/775/2077
f 3094/776/3094 3968/777/3968 1412/778/1412
f 101/779/101 102/780/102 103/781/103
f 4601/782/4601 4904/783/4904 3318/784/3318
f 172/785/172 3016/786/3016 1329/787/1329
f 3802/788/3802 4119/789/4119 4935/790/4935
f 391/791/391 4512/792/4512 392/793/392
f 3736/794/3736 3864/795/3864 993/796/993
f 1802/797/1802 1628/798/1628 2906/799/2906
f 1376/800/1376 3360/801/3360 4949/802/4949
f 3110/803/3110 3109/804/3109 2852/805/2852
f 4577/806/4577 1970/807/1970 4468/808/4468
f 3616/809/3616 2190/810/2190 3776/811/3776
f 591/812/591 2274/813/2274 1723/814/1723
f 3222/392/3222 308/815/308 2306/816/2306
f 992/817/992 4726/818/4726 4727/819/4727
f 1749/820/1749 4104/821/4104 1705/822/1705
f 3592/823/3592 3171/824/3171 4930/825/4930
f 4324/826/4324 4049/827/4049 1005/828/1005
f 1364/829/1364 3878/830/3878 2765/831/2765
f 4081/832/4081 898/833/898 3986/834/3986
f 4359/835/4359 2265/836/2265 4368/837/4368
f 2363/838/2363 1583/839/1583 4465/840/4465
f 2363/838/2363 4465/840/4465 2389/841/2389
f 1797/842/1797 2440/843/2440 1542/844/1542
f 4258/845/4258 4392/846/4392 3554/847/3554
f 2502/848/2502 1044/849/1044 135/850/135
f 4509/851/4509 147/852/147 3083/853/3083
f 1947/854/1947 2363/855/2363 2389/856/2389
f 1947/854/1947 2389/856/2389 2390/857/2390
f 453/858/453 452/859/452 77/860/77
f 142/861/142 3398/862/3398 143/863/143
f 1352/864/1352 793/865/793 2804/866/2804
f 4870/867/4870 4869/868/4869 4877/869/4877
f 4870/867/4870 4877/869/4877 4878/870/4878
f 2453/871/2453 2125/872/2125 1023/873/1023
f 2453/871/2453 1023/873/1023 2454/874/2454
f 4250/875/4250 166/876/166 167/877/167
f 3625/301/3625 3626/303/3626 4748/878/4748
f 338/879/338 335/880/335 336/466/336
f 2444/773/2444 1805/881/1805 4391/882/4391
f 4180/883/4180 4892/884/4892 4256/885/4256
f 4496/886/4496 1769/887/1769 3475/888/3475
f 4496/886/4496 3475/888/3475 261/889/261
f 2495/890/2495 2496/891/2496 2497/892/2497
f 2373/185/2373 3595/893/3595 853/894/853
f 4535/895/4535 16/896/16 1966/897/1966
f 4535/895/4535 1966/897/1966 4855/898/4855
f 17/899/17 2507/900/2507 2508/901/2508
f 2507/900/2507 3460/902/3460 2508/901/2508
f 788/903/788 2485/186/2485 4328/904/4328
f 4368/905/4368 4367/906/4367 3572/907/3572
f 1637/908/1637 4514/909/4514 2129/640/2129
f 980/910/980 751/911/751 3949/912/3949
f 2519/423/2519 4873/913/4873 2520/914/2520
f 2519/423/2519 2520/914/2520 2521/424/2521
f 4873/915/4873 2522/916/2522 1158/917/1158
f 2522/916/2522 3474/918/3474 1158/917/1158
f 3826/919/3826 1173/920/1173 4262/921/4262
f 2525/922/2525 4815/923/4815 2454/924/2454
f 2525/922/2525 2454/924/2454 2526/925/2526
f 4/4/4 3242/926/3242 1030/252/1030
f 331/927/331 2887/928/2887 3134/929/3134
f 4851/930/4851 4852/931/4852 4853/932/4853
f 2521/933/2521 2520/934/2520 1158/935/1158
f 178/936/178 2816/937/2816 3510/938/3510
f 2572/939/2572 2573/940/2573 2574/941/2574
f 2572/939/2572 2574/941/2574 2533/942/2533
f 4712/943/4712 988/944/988 4358/945/4358
f 3385/946/3385 2319/947/2319 4348/948/4348
f 4492/949/4492 4491/950/4491 3314/951/3314
f 4699/952/4699 1124/953/1124 4889/954/4889
f 3412/955/3412 2915/956/2915 3350/957/3350
f 2391/958/2391 4367/959/4367 1715/960/1715
f 2228/961/2228 2626/962/2626 3777/963/3777
f 2637/964/2637 2610/965/2610 2611/966/2611
f 2637/964/2637 2611/966/2611 2612/967/2612
f 502/968/502 4342/969/4342 3930/970/3930
f 4317/971/4317 253/972/253 1304/973/1304
f 3591/974/3591 3592/975/3592 1648/976/1648
f 1759/977/1759 1670/978/1670 1951/979/1951
f 4374/980/4374 4404/981/4404 357/982/357
f 4129/983/4129 1038/984/1038 3704/985/3704
f 2637/986/2637 248/987/248 2611/988/2611
f 2597/989/2597 1524/990/1524 220/991/220
f 4168/992/4168 4651/993/4651 4411/994/4411
f 1209/995/1209 2849/996/2849 4530/997/4530
f 1797/998/1797 2441/999/2441 2440/213/2440
f 3610/1000/3610 1052/1001/1052 846/1002/846
f 4876/1003/4876 2187/1004/2187 4786/1005/4786
f 1910/1006/1910 268/1007/268 1911/1008/1911
f 3642/1009/3642 1599/1010/1599 3623/1011/3623
f 4027/1012/4027 3895/1013/3895 1226/1014/1226
f 4027/1012/4027 1226/1014/1226 2696/1015/2696
f 3040/1016/3040 2993/1017/2993 989/1018/989
f 3409/1019/3409 4413/1020/4413 2794/1021/2794
f 1252/1022/1252 1251/1023/1251 4862/1024/4862
f 1628/798/1628 231/1025/231 3833/1026/3833
f 2744/1027/2744 429/1028/429 2743/1029/2743
f 1544/1030/1544 351/1031/351 350/1032/350
f 2779/1033/2779 2780/1034/2780 3362/1035/3362
f 2779/1033/2779 3362/1035/3362 2781/1036/2781
f 3449/1037/3449 333/1038/333 1721/1039/1721
f 4321/1040/4321 141/1041/141 3439/1042/3439
f 2405/1043/2405 1451/1044/1451 2404/1045/2404
f 4004/484/4004 517/1046/517 188/1047/188
f 2819/1048/2819 3362/1035/3362 2780/1034/2780
f 409/1049/409 2436/1050/2436 4830/1051/4830
f 251/1052/251 1861/1053/1861 4793/1054/4793
f 4864/1055/4864 3928/1056/3928 125/1057/125
f 4609/1058/4609 3867/1059/3867 3868/1060/3868
f 4935/1061/4935 412/1062/412 3802/1063/3802
f 3824/1064/3824 2197/1065/2197 4193/1066/4193
f 1514/1067/1514 2819/1068/2819 2846/1069/2846
f 3077/1070/3077 3076/1071/3076 1602/1072/1602
f 3734/90/3734 4931/1073/4931 3735/1074/3735
f 4828/1075/4828 4827/1076/4827 22/1077/22
f 1299/1078/1299 2381/1079/2381 2627/1080/2627
f 3490/1081/3490 809/1082/809 1265/1083/1265
f 1963/1084/1963 4721/1085/4721 4556/1086/4556
f 458/1087/458 4033/1088/4033 459/1089/459
f 3556/1090/3556 4525/1091/4525 3555/1092/3555
f 2448/1093/2448 2000/1094/2000 4049/1095/4049
f 4781/1096/4781 3546/1097/3546 4787/1098/4787
f 4363/1099/4363 4388/1100/4388 1750/1101/1750
f 782/1102/782 783/1103/783 3660/1104/3660
f 4547/1105/4547 4121/1106/4121 2043/1107/2043
f 4857/1108/4857 2753/1109/2753 927/1110/927
f 3633/1111/3633 1549/1112/1549 4286/1113/4286
f 3318/1114/3318 3658/1115/3658 3319/1116/3319
f 3709/1117/3709 3545/1118/3545 4901/1119/4901
f 2941/187/2941 2485/186/2485 787/1120/787
f 1937/1121/1937 3382/1122/3382 1012/1123/1012
f 1769/1124/1769 2525/1125/2525 2526/1126/2526
f 4446/1127/4446 2960/1128/2960 2959/1129/2959
f 2189/1130/2189 2637/986/2637 2587/1131/2587
f 1694/1132/1694 2094/1133/2094 4808/1134/4808
f 4764/1135/4764 4866/1136/4866 4765/1137/4765
f 3064/1138/3064 223/388/223 4704/1139/4704
f 4778/1140/4778 3691/1141/3691 4582/1142/4582
f 2496/891/2496 549/1143/549 2497/892/2497
f 1570/1144/1570 1496/1145/1496 4698/1146/4698
f 2429/1147/2429 4517/1148/4517 4863/1149/4863
f 670/1150/670 669/1151/669 1155/1152/1155
f 2991/1153/2991 2992/1154/2992 4939/1155/4939
f 4939/1156/4939 4910/1157/4910 335/880/335
f 707/1158/707 2334/1159/2334 3491/1160/3491
f 266/1161/266 1923/1162/1923 3925/1163/3925
f 4892/1164/4892 2768/1165/2768 4585/1166/4585
f 621/1167/621 1308/1168/1308 3184/1169/3184
f 4567/1170/4567 11/1171/11 3631/1172/3631
f 900/1173/900 1368/1174/1368 1527/498/1527
f 1114/1175/1114 3837/1176/3837 1588/1177/1588
f 1918/1178/1918 3102/1179/3102 2400/1180/2400
f 4259/1181/4259 3040/1016/3040 1908/1182/1908
f 3220/1183/3220 3429/1184/3429 3686/1185/3686
f 454/1186/454 4782/1187/4782 2008/27/2008
f 1062/1188/1062 1713/1189/1713 892/1190/892
f 2461/1191/2461 4125/1192/4125 4509/1193/4509
f 1814/1194/1814 2963/1195/2963 3074/1196/3074
f 1814/1194/1814 3074/1196/3074 989/1197/989
f 2198/1198/2198 1531/1199/1531 737/1200/737
f 3712/1201/3712 887/1202/887 3118/1203/3118
f 3712/1201/3712 3118/1203/3118 4645/1204/4645
f 1313/1205/1313 1572/1206/1572 1314/1207/1314
f 2563/1208/2563 4515/1209/4515 2562/1210/2562
f 122/1211/122 131/1212/131 4806/81/4806
f 4178/1213/4178 2919/1214/2919 503/1215/503
f 4784/1216/4784 983/1217/983 4408/1218/4408
f 110/1219/110 773/1220/773 471/1221/471
f 4770/1222/4770 1174/1223/1174 401/1224/401
f 3345/1225/3345 4452/1226/4452 2590/400/2590
f 1331/1227/1331 1332/1228/1332 2684/1229/2684
f 4908/1230/4908 3228/1231/3228 1605/1232/1605
f 2840/1233/2840 874/1234/874 875/1235/875
f 2098/1236/2098 899/1237/899 1505/1238/1505
f 4574/1239/4574 2322/1240/2322 4488/1241/4488
f 4090/1242/4090 757/1243/757 1144/1244/1144
f 4566/122/4566 309/121/309 603/1245/603
f 4626/1246/4626 4705/332/4705 4702/1247/4702
f 745/1248/745 4852/1249/4852 3509/1250/3509
f 1497/1251/1497 4530/1252/4530 1498/1253/1498
f 3577/1254/3577 2251/1255/2251 1032/1256/1032
f 2634/1257/2634 2034/1258/2034 2083/1259/2083
f 2088/1260/2088 4064/1261/4064 2717/1262/2717
f 1431/244/1431 3610/1263/3610 1432/1264/1432
f 3757/1265/3757 4630/1266/4630 524/1267/524
f 135/1268/135 4390/1269/4390 1404/1270/1404
f 3295/1271/3295 910/1272/910 3608/1273/3608
f 3639/1274/3639 3638/1275/3638 4170/1276/4170
f 415/1277/415 1729/1278/1729 1250/1279/1250
f 775/85/775 2028/1280/2028 1165/1281/1165
f 175/1282/175 4403/1283/4403 2321/1284/2321
f 1892/1285/1892 1891/1286/1891 1671/1287/1671
f 730/1288/730 1843/1289/1843 3492/1290/3492
f 1712/1291/1712 4700/193/4700 3173/1292/3173
f 1499/1293/1499 4699/952/4699 4190/1294/4190
f 2975/1295/2975 4678/1296/4678 2648/1297/2648
f 3046/1298/3046 3456/1299/3456 4561/1300/4561
f 3585/1301/3585 2696/1015/2696 2781/1036/2781
f 1821/1302/1821 1820/1303/1820 431/170/431
f 3436/1304/3436 4779/1305/4779 2936/1306/2936
f 3304/1307/3304 844/1308/844 1831/1309/1831
f 765/1310/765 1193/1311/1193 2243/1312/2243
f 358/1313/358 2483/1314/2483 3911/1315/3911
f 1587/1316/1587 4840/1317/4840 2099/1318/2099
f 3356/1319/3356 356/1320/356 355/1321/355
f 3218/1322/3218 1969/1323/1969 4711/1324/4711
f 1040/1325/1040 4479/1326/4479 2449/1327/2449
f 1129/1328/1129 402/1329/402 4422/1330/4422
f 578/1331/578 4375/1332/4375 649/1333/649
f 4148/1334/4148 4149/1335/4149 4150/1336/4150
f 3939/1337/3939 3049/1338/3049 3051/1339/3051
f 1422/1340/1422 1423/1341/1423 4671/1342/4671
f 504/1343/504 1972/1344/1972 1856/1345/1856
f 1240/1346/1240 2162/1347/2162 2835/1348/2835
f 2817/1349/2817 3904/1350/3904 552/1351/552
f 4883/1352/4883 4584/1353/4584 1275/1354/1275
f 3939/1355/3939 3753/1356/3753 3754/1357/3754
f 3019/1358/3019 1143/1359/1143 2887/1360/2887
f 3396/1361/3396 4448/1362/4448 4352/1363/4352
f 4451/1364/4451 4265/1365/4265 678/1366/678
f 2518/1367/2518 4758/1368/4758 1936/1369/1936
f 3616/1370/3616 4097/1371/4097 3615/1372/3615
f 1219/1373/1219 1478/1374/1478 915/1375/915
f 4625/1376/4625 28/1377/28 593/1378/593
f 2797/1379/2797 3666/1380/3666 3929/1381/3929
f 1374/1382/1374 815/1383/815 4641/1384/4641
f 3135/1385/3135 951/1386/951 950/1387/950
f 3947/1388/3947 2604/1389/2604 956/1390/956
f 4880/1391/4880 4627/1392/4627 3174/1393/3174
f 4450/1394/4450 4882/1395/4882 4096/1396/4096
f 3729/1397/3729 3387/1398/3387 736/1399/736
f 472/1400/472 641/1401/641 640/1402/640
f 3045/1403/3045 3218/1322/3218 3740/1404/3740
f 821/1405/821 820/1406/820 1328/1407/1328
f 479/1408/479 3176/1409/3176 2473/1410/2473
f 4301/1411/4301 2239/1412/2239 2806/1413/2806
f 4670/1414/4670 1461/1415/1461 4105/1416/4105
f 4549/1417/4549 452/859/452 451/1418/451
f 3505/1419/3505 967/1420/967 3213/1421/3213
f 3811/1422/3811 4674/1423/4674 2153/1424/2153
f 4297/1425/4297 1993/1426/1993 1055/1427/1055
f 2653/1428/2653 833/1429/833 4918/1430/4918
f 1902/1431/1902 2380/1432/2380 1553/1433/1553
f 3143/1434/3143 4414/1435/4414 3142/1436/3142
f 1754/1437/1754 4842/94/4842 1753/1438/1753
f 4563/1439/4563 2878/1440/2878 2877/1441/2877
f 2089/1442/2089 4345/1443/4345 4343/1444/4343
f 2924/1445/2924 2818/1446/2818 3477/1447/3477
f 734/1448/734 3993/1449/3993 1476/1450/1476
f 1083/1451/1083 4890/1452/4890 4904/1453/4904
f 2510/1454/2510 4913/1455/4913 2509/1456/2509
f 4435/1457/4435 1258/1458/1258 2727/1459/2727
f 69/1460/69 2792/1461/2792 2415/1462/2415
f 750/1463/750 748/1464/748 749/1465/749
f 2174/1466/2174 3270/1467/3270 31/1468/31
f 35/1469/35 4012/1470/4012 877/1471/877
f 3453/1472/3453 1449/1473/1449 3773/1474/3773
f 2096/134/2096 140/1475/140 2307/1476/2307
f 3090/1477/3090 4063/1478/4063 4096/1479/4096
f 2320/1480/2320 4402/1481/4402 1347/1482/1347
f 3119/1483/3119 3125/1484/3125 1068/1485/1068
f 1178/1486/1178 1246/1487/1246 3381/1488/3381
f 4547/1489/4547 840/1490/840 1070/1491/1070
f 2909/1492/2909 2711/1493/2711 2712/1494/2712
f 3309/1495/3309 773/1496/773 3525/1497/3525
f 4310/1498/4310 3838/1499/3838 2746/1500/2746
f 4560/1501/4560 378/1502/378 3261/1503/3261
f 4084/1504/4084 3217/1505/3217 4132/1506/4132
f 4656/1507/4656 4236/1508/4236 4655/1509/4655
f 1390/1510/1390 1389/1511/1389 4770/1512/4770
f 373/1513/373 1528/1514/1528 4592/1515/4592
f 2717/1516/2717 4065/1517/4065 1940/1518/1940
f 467/1519/467 4858/1520/4858 167/1521/167
f 2530/1522/2530 4029/1523/4029 4030/1524/4030
f 3310/1525/3310 2019/167/2019 3021/1526/3021
f 3690/1527/3690 1208/1528/1208 4893/669/4893
f 96/1529/96 95/74/95 955/1530/955
f 2611/988/2611 1797/998/1797 2612/1531/2612
f 4118/1532/4118 3720/1533/3720 2155/1534/2155
f 210/1535/210 4572/1536/4572 1469/1537/1469
f 3305/1538/3305 829/1539/829 615/1540/615
f 7/1541/7 2286/1542/2286 2080/1543/2080
f 4821/1544/4821 569/1545/569 568/1546/568
f 1275/1354/1275 1310/1547/1310 3559/1548/3559
f 524/1549/524 525/1550/525 526/224/526
f 391/791/391 1745/270/1745 1746/1551/1746
f 1323/1552/1323 1361/1553/1361 1360/1554/1360
f 3743/1555/3743 4381/1556/4381 3744/1557/3744
f 3243/1558/3243 575/1559/575 576/1560/576
f 1414/1561/1414 2964/1562/2964 3465/1563/3465
f 1976/1564/1976 4408/1565/4408 1977/1566/1977
f 3701/1567/3701 3323/1568/3323 3163/1569/3163
f 1223/1570/1223 1047/1571/1047 2139/1572/2139
f 3737/1573/3737 648/1574/648 993/796/993
f 848/1575/848 3611/1576/3611 3610/1577/3610
f 26/1578/26 1616/1579/1616 2624/1580/2624
f 4718/1581/4718 3376/1582/3376 1141/1583/1141
f 4776/1584/4776 4665/1585/4665 4668/1586/4668
f 3879/1587/3879 2061/1588/2061 3538/1589/3538
f 919/1590/919 3350/1591/3350 343/1592/343
f 4401/1593/4401 2062/1594/2062 3879/1595/3879
f 4608/1596/4608 3565/1597/3565 2398/1598/2398
f 4632/1599/4632 1161/1600/1161 160/1601/160
f 4247/1602/4247 4135/1603/4135 3897/1604/3897
f 2147/1605/2147 3574/1606/3574 2624/1580/2624
f 2628/1607/2628 1339/1608/1339 971/1609/971
f 3043/1610/3043 4292/1611/4292 3044/139/3044
f 3038/1612/3038 4167/1613/4167 4200/1614/4200
f 700/1615/700 1550/1616/1550 1551/1617/1551
f 1092/1618/1092 1267/1619/1267 4046/1620/4046
f 163/1621/163 2019/167/2019 164/1622/164
f 1203/1623/1203 228/1624/228 4323/1625/4323
f 1188/1626/1188 1400/1627/1400 1399/1628/1399
f 51/1629/51 1596/1630/1596 50/1631/50
f 2853/1632/2853 3980/1633/3980 2679/1634/2679
f 1/1/1 5/1635/5 1607/1636/1607
f 3500/1637/3500 4242/1638/4242 3273/1639/3273
f 4252/1640/4252 1871/1641/1871 4133/1642/4133
f 4884/1643/4884 3571/1644/3571 3173/1292/3173
f 5/5/5 260/1645/260 1607/1646/1607
f 2146/1647/2146 1934/1648/1934 2753/1649/2753
f 4896/1650/4896 2972/1651/2972 4478/1652/4478
f 3875/1653/3875 702/1654/702 3582/1655/3582
f 522/1656/522 4396/1657/4396 839/1658/839
f 4902/1659/4902 867/1660/867 866/1661/866
f 4902/1659/4902 866/1661/866 3771/1662/3771
f 3295/1271/3295 71/1663/71 3294/1664/3294
f 1485/1665/1485 1615/1666/1615 1484/1667/1484
f 3340/1668/3340 3304/1307/3304 3339/1669/3339
f 3584/1670/3584 3875/1653/3875 3581/1671/3581
f 4891/1672/4891 1056/1673/1056 1566/1674/1566
f 4362/1675/4362 1676/1676/1676 504/1677/504
f 3211/1678/3211 959/1679/959 3993/1680/3993
f 2980/1681/2980 3342/1682/3342 362/1683/362
f 4047/471/4047 4679/1684/4679 4678/1685/4678
f 2060/1686/2060 2749/1687/2749 2591/1688/2591
f 4281/1689/4281 61/1690/61 3001/1691/3001
f 418/1692/418 3020/453/3020 3267/1693/3267
f 1776/1694/1776 3011/1695/3011 1775/1696/1775
f 4443/1697/4443 937/1698/937 4442/1699/4442
f 2691/1700/2691 171/1701/171 2834/84/2834
f 266/1161/266 2514/1702/2514 1923/1162/1923
f 1917/1703/1917 303/1704/303 3549/1705/3549
f 1923/1162/1923 1924/1706/1924 1925/1707/1925
f 622/1708/622 397/1709/397 2931/1710/2931
f 2791/521/2791 3969/1711/3969 3328/1712/3328
f 1742/1713/1742 1740/1714/1740 184/1715/184
f 942/1716/942 941/1717/941 4620/1718/4620
f 358/1719/358 4015/1720/4015 1777/1721/1777
f 2763/1722/2763 1706/1723/1706 3725/1724/3725
f 3304/1725/3304 4537/1726/4537 3696/1727/3696
f 3831/1728/3831 2459/1729/2459 2458/1730/2458
f 4534/1731/4534 3221/1732/3221 4286/1733/4286
f 2933/228/2933 2574/1734/2574 2573/1735/2573
f 3399/1736/3399 3504/1737/3504 3375/1738/3375
f 1754/1739/1754 3264/1740/3264 3265/1741/3265
f 1695/1742/1695 4532/1743/4532 320/495/320
f 288/1744/288 289/1745/289 2457/1746/2457
f 776/1747/776 2194/1748/2194 1993/1426/1993
f 1140/1749/1140 2072/1750/2072 2214/1751/2214
f 4011/1752/4011 4012/1753/4012 4034/1754/4034
f 4762/1755/4762 4676/1756/4676 3347/1757/3347
f 4173/1758/4173 245/1759/245 1435/1760/1435
f 4016/1761/4016 1338/1762/1338 4017/1763/4017
f 4012/1470/4012 3237/1764/3237 4034/1765/4034
f 4730/1766/4730 130/1767/130 4620/1718/4620
f 1407/1768/1407 296/1769/296 536/1770/536
f 4204/1771/4204 1879/1772/1879 4616/1773/4616
f 2802/1774/2802 755/1775/755 754/1776/754
f 1281/1777/1281 3567/1778/3567 4115/1779/4115
f 1879/1772/1879 4220/1780/4220 4221/1781/4221
f 2713/1782/2713 4248/1783/4248 577/1784/577
f 112/78/112 2996/87/2996 122/89/122
f 2779/1033/2779 2781/1036/2781 2696/1015/2696
f 162/1785/162 2316/1786/2316 2157/1787/2157
f 4843/437/4843 4685/1788/4685 3781/1789/3781
f 611/1790/611 687/1791/687 1898/1792/1898
f 4371/1793/4371 2172/1794/2172 263/1795/263
f 3901/1796/3901 1962/1797/1962 4369/1798/4369
f 3067/550/3067 1786/1799/1786 1643/551/1643
f 1185/1800/1185 2237/1801/2237 4489/1802/4489
f 1144/1244/1144 4915/1803/4915 4090/1242/4090
f 3576/163/3576 518/207/518 390/159/390
f 3740/1804/3740 1785/1805/1785 1784/1806/1784
f 4110/1807/4110 762/1808/762 1494/1809/1494
f 1375/1810/1375 875/1811/875 874/1812/874
f 4003/1813/4003 516/1814/516 517/1815/517
f 3888/1816/3888 3659/1817/3659 777/1818/777
f 3888/1816/3888 777/1818/777 4914/1819/4914
f 4483/1820/4483 3911/1821/3911 4482/1822/4482
f 4846/578/4846 1708/577/1708 4844/1823/4844
f 3881/1824/3881 3963/1825/3963 4736/1826/4736
f 2790/1827/2790 4646/1828/4646 3227/1829/3227
f 639/1830/639 460/210/460 4809/1831/4809
f 4778/1832/4778 4662/1833/4662 4661/1834/4661
f 1886/1835/1886 4078/1836/4078 4194/1837/4194
f 86/66/86 1795/253/1795 4284/1838/4284
f 4630/1839/4630 525/1840/525 524/1841/524
f 4819/1842/4819 1847/1843/1847 3445/1844/3445
f 3108/1845/3108 2967/1846/2967 579/1847/579
f 2677/1848/2677 43/1849/43 461/1850/461
f 1853/1851/1853 3889/1852/3889 4897/1853/4897
f 2133/1854/2133 4210/1855/4210 3425/1856/3425
f 2133/1854/2133 3425/1856/3425 2299/1857/2299
f 4684/1858/4684 3532/1859/3532 3533/1860/3533
f 1025/605/1025 4308/1861/4308 389/1862/389
f 4491/1863/4491 2740/1864/2740 3314/1865/3314
f 1045/1866/1045 2732/1867/2732 382/1868/382
f 1326/1869/1326 2180/1870/2180 2063/1871/2063
f 4765/1872/4765 4763/1873/4763 4764/1874/4764
f 338/1875/338 2993/1876/2993 464/1877/464
f 3374/1878/3374 260/1645/260 4/4/4
f 4179/1879/4179 3982/1880/3982 4180/1881/4180
f 3982/1880/3982 4181/1882/4181 4180/1881/4180
f 2587/1883/2587 2188/1884/2188 2189/1885/2189
f 639/1886/639 3575/1887/3575 2293/1888/2293
f 1355/1889/1355 1354/1890/1354 2151/1891/2151
f 967/1892/967 1844/1893/1844 2029/1894/2029
f 2456/1895/2456 3473/1896/3473 3649/1897/3649
f 3470/300/3470 4021/1898/4021 2553/1899/2553
f 3346/1900/3346 3653/1901/3653 3780/1902/3780
f 4364/1903/4364 2506/1904/2506 546/1905/546
f 4320/1906/4320 4274/1907/4274 4321/1908/4321
f 4355/1909/4355 4356/1910/4356 895/1911/895
f 2063/1871/2063 4215/1912/4215 3827/1913/3827
f 3795/1914/3795 1243/1915/1243 4574/1916/4574
f 2180/1870/2180 848/1917/848 4215/1912/4215
f 4215/1912/4215 848/1917/848 847/1918/847
f 48/1919/48 60/52/60 4437/51/4437
f 2911/1920/2911 934/1921/934 3275/1922/3275
f 4899/1923/4899 4164/1924/4164 1512/1925/1512
f 832/1926/832 2406/1927/2406 2802/1928/2802
f 4775/1929/4775 4773/1930/4773 4774/1931/4774
f 1078/1932/1078 3420/1933/3420 4185/1934/4185
f 3618/1935/3618 2175/1936/2175 4273/1937/4273
f 3325/1938/3325 138/1939/138 137/1940/137
f 1821/1302/1821 432/172/432 566/1941/566
f 497/1942/497 2065/1943/2065 2064/1944/2064
f 4339/1945/4339 4340/1946/4340 4341/1947/4341
f 1249/1948/1249 551/1949/551 3093/1950/3093
f 907/1951/907 906/1952/906 3817/1953/3817
f 3366/1954/3366 4889/1955/4889 1124/665/1124
f 4543/1956/4543 4279/1957/4279 1099/1958/1099
f 273/1959/273 2665/1960/2665 2541/1961/2541
f 3125/1962/3125 1069/1963/1069 1068/1964/1068
f 587/1965/587 586/1966/586 2809/1967/2809
f 493/1968/493 3230/1969/3230 2651/1970/2651
f 3170/642/3170 1840/1971/1840 1876/1972/1876
f 3171/824/3171 736/1973/736 4474/1974/4474
f 4918/1975/4918 831/1976/831 832/1977/832
f 3479/1978/3479 512/1979/512 3091/1980/3091
f 233/1981/233 113/1982/113 2673/1983/2673
f 1474/1984/1474 1472/1985/1472 1473/1986/1473
f 792/1987/792 2057/1988/2057 1880/1989/1880
f 4161/1990/4161 4159/1991/4159 4160/391/4160
f 2537/1992/2537 2644/1993/2644 3338/1994/3338
f 3163/1569/3163 4457/1995/4457 300/1996/300
f 4036/1997/4036 560/1998/560 561/1999/561
f 286/2000/286 1082/2001/1082 2138/2002/2138
f 784/2003/784 2956/2004/2956 4875/2005/4875
f 2262/2006/2262 3386/2007/3386 4945/2008/4945
f 3460/2009/3460 4759/2010/4759 2508/2011/2508
f 733/2012/733 3860/2013/3860 4050/2014/4050
f 429/2015/429 4130/2016/4130 2672/2017/2672
f 1561/2018/1561 1470/2019/1470 2451/2020/2451
f 4726/2021/4726 3240/2022/3240 4951/2023/4951
f 4830/2024/4830 2436/2025/2436 2437/2026/2437
f 1752/2027/1752 128/2028/128 1984/2029/1984
f 4876/1003/4876 4790/2030/4790 964/2031/964
f 692/2032/692 4595/2033/4595 558/2034/558
f 2486/2035/2486 4909/520/4909 2487/2036/2487
f 3452/2037/3452 2928/2038/2928 2927/2039/2927
f 2701/31/2701 4820/30/4820 3896/29/3896
f 3115/2040/3115 688/2041/688 3116/2042/3116
f 88/2043/88 3037/2044/3037 89/2045/89
f 876/2046/876 174/2047/174 3659/2048/3659
f 4212/2049/4212 4172/2050/4172 1542/2051/1542
f 3974/2052/3974 1602/2053/1602 659/2054/659
f 4878/2055/4878 221/2056/221 4866/2057/4866
f 2282/2058/2282 3632/2059/3632 1327/2060/1327
f 2591/1688/2591 2749/1687/2749 1767/2061/1767
f 4278/2062/4278 4518/2063/4518 4277/2064/4277
f 3676/2065/3676 4927/2066/4927 1266/2067/1266
f 1338/2068/1338 2911/2069/2911 106/2070/106
f 2797/2071/2797 482/2072/482 3666/2073/3666
f 4438/2074/4438 2920/2075/2920 4439/2076/4439
f 4438/2074/4438 4439/2076/4439 3869/2077/3869
f 4945/2078/4945 1583/2079/1583 1582/2080/1582
f 1946/2081/1946 4464/2082/4464 2681/750/2681
f 4485/2083/4485 4936/2084/4936 2875/2085/2875
f 2601/2086/2601 3671/2087/3671 1149/2088/1149
f 1655/2089/1655 2412/2090/2412 2413/2091/2413
f 267/2092/267 4946/2093/4946 2500/2094/2500
f 562/2095/562 3808/2096/3808 2676/2097/2676
f 1217/2098/1217 1852/2099/1852 1218/2100/1218
f 1974/2101/1974 4343/2102/4343 4345/2103/4345
f 4812/2104/4812 191/2105/191 131/1212/131
f 3392/2106/3392 1699/2107/1699 4338/2108/4338
f 3392/2106/3392 4338/2108/4338 4467/870/4467
f 846/1002/846 4643/2109/4643 847/2110/847
f 895/1911/895 4666/2111/4666 896/2112/896
f 2327/2113/2327 639/2114/639 4811/2115/4811
f 2962/2116/2962 114/2117/114 2702/2118/2702
f 925/2119/925 561/2120/561 4481/2121/4481
f 925/2119/925 4481/2121/4481 4098/2122/4098
f 742/2123/742 1172/2124/1172 3456/2125/3456
f 3206/2126/3206 4607/2127/4607 2864/2128/2864
f 2185/2129/2185 124/2130/124 4266/2131/4266
f 3247/2132/3247 3029/2133/3029 4924/917/4924
f 1521/2134/1521 3794/2135/3794 1720/2136/1720
f 3154/2137/3154 3510/2138/3510 4445/2139/4445
f 4119/2140/4119 870/2141/870 4935/1061/4935
f 3906/2142/3906 3517/2143/3517 3972/2144/3972
f 4829/2145/4829 2226/2146/2226 1217/2147/1217
f 1667/2148/1667 1666/2149/1666 1182/2150/1182
f 3031/2151/3031 1884/2152/1884 1885/2153/1885
f 1994/2154/1994 4504/615/4504 2670/469/2670
f 1994/2154/1994 2670/469/2670 878/468/878
f 4280/2155/4280 3297/2156/3297 4057/2157/4057
f 3749/2158/3749 1113/2159/1113 3918/2160/3918
f 3951/2161/3951 805/2162/805 1231/2163/1231
f 3406/2164/3406 4417/2165/4417 3407/2166/3407
f 4269/2167/4269 4702/2168/4702 4156/2169/4156
f 4786/2170/4786 964/2171/964 4790/2172/4790
f 4499/2173/4499 4717/2174/4717 4634/2175/4634
f 4776/1584/4776 2438/2176/2438 2439/2177/2439
f 1074/2178/1074 2300/2179/2300 4891/2180/4891
f 2824/2181/2824 2822/2182/2822 2823/2183/2823
f 319/2184/319 318/2185/318 2559/2186/2559
f 3512/2187/3512 4654/2188/4654 2691/2189/2691
f 3570/68/3570 1884/67/1884 3571/2190/3571
f 3289/2191/3289 3056/2192/3056 3055/2193/3055
f 1269/2194/1269 2945/2195/2945 3268/2196/3268
f 4903/2197/4903 3272/2198/3272 3274/2199/3274
f 4415/2200/4415 2289/2201/2289 2288/2202/2288
f 1137/2203/1137 1136/2204/1136 1774/2205/1774
f 373/1513/373 1112/705/1112 1111/2206/1111
f 4135/1603/4135 3291/2207/3291 3317/50/3317
f 4158/2208/4158 4424/2209/4424 4159/2210/4159
f 2495/890/2495 2498/2211/2498 2533/2212/2533
f 4523/2213/4523 2966/2214/2966 3108/1845/3108
f 4610/2215/4610 1310/2216/1310 2695/2217/2695
f 1357/2218/1357 4000/2219/4000 1234/2220/1234
f 3759/2221/3759 2431/2222/2431 1882/2223/1882
f 4719/2224/4719 2399/2225/2399 3220/2226/3220
f 236/2227/236 2605/2228/2605 599/2229/599
f 1215/738/1215 2259/287/2259 4143/2230/4143
f 4737/686/4737 838/2231/838 2212/684/2212
f 2754/2232/2754 4510/2233/4510 1403/2234/1403
f 4929/2235/4929 4927/2236/4927 4928/1740/4928
f 2902/2237/2902 2438/2176/2438 3497/2238/3497
f 2649/2239/2649 4508/2240/4508 2650/2241/2650
f 3279/2242/3279 2331/2243/2331 858/2244/858
f 2431/2222/2431 1757/2245/1757 1758/2246/1758
f 1893/2247/1893 2517/2248/2517 4407/2249/4407
f 4333/2250/4333 2629/2251/2629 2628/2252/2628
f 2929/2253/2929 4865/2254/4865 549/2255/549
f 4754/2256/4754 1973/2257/1973 4934/2258/4934
f 2291/2259/2291 2290/2260/2290 2881/2261/2881
f 2261/2262/2261 3629/482/3629 2515/2263/2515
f 3840/2264/3840 405/2265/405 280/2266/280
f 1123/2267/1123 3366/2268/3366 1124/2269/1124
f 1952/2270/1952 1950/2271/1950 1951/2272/1951
f 2400/2273/2400 3102/2274/3102 4755/2275/4755
f 605/2276/605 377/2277/377 1257/2278/1257
f 387/2279/387 968/2280/968 1244/2281/1244
f 307/2282/307 2562/1210/2562 2270/2283/2270
f 3419/2284/3419 3727/2285/3727 1912/2286/1912
f 4612/2287/4612 1425/2288/1425 4613/2289/4613
f 4612/2287/4612 4613/2289/4613 4533/2290/4533
f 1388/2291/1388 384/2292/384 383/2293/383
f 1123/2294/1123 2609/2295/2609 2430/2296/2430
f 356/1320/356 4174/2297/4174 2534/2298/2534
f 3846/2299/3846 3061/2300/3061 1922/2301/1922
f 4361/2302/4361 2367/2303/2367 3718/2304/3718
f 3272/2305/3272 3273/2306/3273 3274/2307/3274
f 1956/2308/1956 4489/1802/4489 4354/2309/4354
f 4634/2175/4634 530/2310/530 4499/2173/4499
f 4635/2311/4635 4938/2312/4938 4636/2313/4636
f 4190/2314/4190 1500/2315/1500 1499/2316/1499
f 543/2317/543 439/2318/439 3863/2319/3863
f 3073/2320/3073 2963/1195/2963 1814/1194/1814
f 290/2321/290 4176/2322/4176 1703/2323/1703
f 1936/2324/1936 4718/2325/4718 2518/2326/2518
f 3458/2327/3458 2211/2328/2211 353/2329/353
f 1124/2330/1124 2609/2331/2609 1123/2332/1123
f 4653/601/4653 2336/432/2336 2335/2333/2335
f 1739/2334/1739 1782/2335/1782 2182/2336/2182
f 1937/1121/1937 1787/2337/1787 521/2338/521
f 615/1540/615 1383/2339/1383 3546/1097/3546
f 4038/2340/4038 4478/1652/4478 2972/1651/2972
f 4426/2341/4426 2/2342/2 2357/377/2357
f 4658/2343/4658 4659/2344/4659 3376/2345/3376
f 4659/2344/4659 1141/2346/1141 3376/2345/3376
f 4635/2347/4635 3692/2348/3692 4660/2349/4660
f 2935/2350/2935 766/2351/766 265/2352/265
f 2594/2353/2594 3472/2354/3472 3587/2355/3587
f 1061/101/1061 2352/100/2352 909/2356/909
f 1784/593/1784 1786/2357/1786 409/594/409
f 100/2358/100 721/2359/721 60/2360/60
f 4399/2361/4399 3516/2362/3516 3515/2363/3515
f 4550/522/4550 4058/524/4058 3210/2364/3210
f 1765/2365/1765 3770/2366/3770 3463/2367/3463
f 1603/2368/1603 4569/2369/4569 2108/2370/2108
f 2821/2371/2821 1942/2372/1942 4761/2373/4761
f 4946/2093/4946 267/2092/267 266/1161/266
f 1925/1707/1925 1924/1706/1924 1088/2374/1088
f 4156/2169/4156 4705/2375/4705 4155/2376/4155
f 2573/1735/2573 2572/2377/2572 2414/2378/2414
f 2135/2379/2135 2134/2380/2134 3282/2381/3282
f 2763/2382/2763 749/2383/749 4323/2384/4323
f 4710/2385/4710 1916/2386/1916 1915/2387/1915
f 1661/2388/1661 4890/1452/4890 1085/2389/1085
f 4068/2390/4068 2856/2391/2856 2722/2392/2722
f 4691/2393/4691 677/2394/677 4692/2395/4692
f 4691/2393/4691 4692/2395/4692 1712/2396/1712
f 71/1663/71 4093/2397/4093 3294/1664/3294
f 1099/2398/1099 3502/2399/3502 4543/2400/4543
f 1124/2401/1124 4699/2402/4699 2430/2403/2430
f 4700/193/4700 4889/192/4889 4701/2404/4701
f 2197/2405/2197 3126/2406/3126 3127/2407/3127
f 1151/2408/1151 3910/2409/3910 3365/2410/3365
f 4710/481/4710 2169/2411/2169 868/527/868
f 888/2412/888 2609/2413/2609 889/2414/889
f 972/2415/972 3204/2416/3204 1904/2417/1904
f 4857/2418/4857 4400/2419/4400 908/2420/908
f 4238/2421/4238 2973/2422/2973 1748/2423/1748
f 1763/2424/1763 826/2425/826 827/2426/827
f 452/2427/452 662/2428/662 661/2429/661
f 3748/2430/3748 2622/2431/2622 3747/2432/3747
f 3374/147/3374 47/37/47 661/2429/661
f 4086/92/4086 4931/1073/4931 3734/90/3734
f 2750/2433/2750 1420/2434/1420 1419/2435/1419
f 2629/2251/2629 1811/295/1811 124/297/124
f 3127/2436/3127 3126/2437/3126 570/2438/570
f 3186/2439/3186 3836/2440/3836 1482/2441/1482
f 2718/2442/2718 2717/1262/2717 1940/2443/1940
f 2978/2444/2978 4611/2445/4611 1982/2446/1982
f 1497/2447/1497 3571/2448/3571 1886/2449/1886
f 4365/2450/4365 660/2451/660 2298/2452/2298
f 2542/2453/2542 3417/2454/3417 68/2455/68
f 67/2456/67 2048/2457/2048 952/2458/952
f 3836/2459/3836 4538/2460/4538 1482/2461/1482
f 1560/2462/1560 1362/2463/1362 292/733/292
f 2202/2464/2202 4581/2465/4581 3379/2466/3379
f 2422/2467/2422 1595/2468/1595 3661/2469/3661
f 4180/2470/4180 4542/2471/4542 4179/504/4179
f 1517/2472/1517 529/2473/529 1351/2474/1351
f 1664/523/1664 2336/432/2336 340/602/340
f 2149/2475/2149 2487/2476/2487 4109/2477/4109
f 2386/2478/2386 2552/2479/2552 2553/1899/2553
f 1731/2480/1731 1766/2481/1766 2820/2482/2820
f 4284/2483/4284 2358/2484/2358 86/2485/86
f 3699/2486/3699 1787/2337/1787 1580/2487/1580
f 3667/2488/3667 2392/2489/2392 3161/2490/3161
f 1846/2491/1846 2716/2492/2716 1845/2493/1845
f 1161/2494/1161 4921/2495/4921 3790/2496/3790
f 3166/2497/3166 4111/2498/4111 3778/2499/3778
f 121/2500/121 1365/2501/1365 1366/2502/1366
f 2647/2503/2647 2646/2504/2646 4506/2505/4506
f 3053/2506/3053 4825/2507/4825 2734/2508/2734
f 4819/2509/4819 4796/2510/4796 4797/2511/4797
f 4819/2509/4819 4797/2511/4797 4798/2512/4798
f 4799/2513/4799 4800/2514/4800 4801/2515/4801
f 4799/2513/4799 4801/2515/4801 4802/2516/4802
f 4/4/4 6/6/6 2/2517/2
f 2693/2518/2693 2556/2519/2556 3488/2520/3488
f 2/2517/2 8/2521/8 4/4/4
f 861/2522/861 4804/2523/4804 862/2524/862
f 3995/2525/3995 4310/2526/4310 3996/2527/3996
f 4803/2528/4803 20/2529/20 862/2530/862
f 862/2530/862 4804/2531/4804 57/2532/57
f 862/2530/862 57/2532/57 4803/2528/4803
f 2357/377/2357 2359/379/2359 4426/2341/4426
f 95/74/95 115/73/115 116/2533/116
f 115/2534/115 4805/2535/4805 4806/2536/4806
f 193/114/193 192/98/192 206/2537/206
f 206/2537/206 207/116/207 215/115/215
f 206/2537/206 215/115/215 193/114/193
f 4178/2538/4178 1745/2539/1745 2512/2540/2512
f 4811/2412/4811 431/2541/431 2327/2542/2327
f 46/2543/46 1372/2544/1372 1371/2545/1371
f 2549/2546/2549 554/2547/554 4813/2548/4813
f 4580/2549/4580 140/1475/140 1623/2550/1623
f 1623/2550/1623 2096/134/2096 2227/2551/2227
f 2227/2552/2227 4854/2553/4854 4932/2554/4932
f 1695/1742/1695 1694/2555/1694 2881/2261/2881
f 28/1377/28 594/2556/594 2592/2557/2592
f 3895/1013/3895 3561/2558/3561 3700/2559/3700
f 4702/1247/4702 4816/2560/4816 4626/1246/4626
f 1597/2561/1597 4818/2562/4818 3083/2563/3083
f 4428/2564/4428 4931/2565/4931 4429/2566/4429
f 1752/2567/1752 4944/2568/4944 4943/2569/4943
f 2842/2570/2842 4175/2571/4175 134/2572/134
f 2499/2573/2499 982/2574/982 201/2575/201
f 3856/2576/3856 2092/2577/2092 1558/311/1558
f 2773/2578/2773 3253/2579/3253 2173/2580/2173
f 1234/2581/1234 2825/2582/2825 3433/2583/3433
f 2482/2584/2482 2654/2585/2654 3414/2586/3414
f 3692/2587/3692 3173/2588/3173 3528/2589/3528
f 1052/2590/1052 607/2591/607 846/2592/846
f 4569/2369/4569 4686/2593/4686 2108/2370/2108
f 1527/2594/1527 4696/2595/4696 4697/2596/4697
f 1931/2597/1931 2913/2598/2913 4074/2599/4074
f 4305/2600/4305 4822/2601/4822 4936/2084/4936
f 786/2602/786 1643/2603/1643 4826/2604/4826
f 4428/2605/4428 2106/2606/2106 3735/2607/3735
f 4697/2608/4697 4825/2609/4825 3032/2610/3032
f 4043/2611/4043 306/2612/306 123/2613/123
f 4629/2614/4629 4826/2461/4826 1643/2615/1643
f 1643/2615/1643 4827/2616/4827 4828/2617/4828
f 1643/2615/1643 4828/2617/4828 4629/2614/4629
f 1670/978/1670 3828/2618/3828 4713/2619/4713
f 1783/591/1783 409/594/409 4830/2620/4830
f 4833/2621/4833 1305/2622/1305 3445/2623/3445
f 4833/2621/4833 3445/2623/3445 1847/2624/1847
f 1847/2624/1847 4834/2625/4834 4833/2621/4833
f 4823/2626/4823 4833/2627/4833 4835/2628/4835
f 4835/2628/4835 1850/2629/1850 4823/2626/4823
f 3030/2630/3030 895/2631/895 4356/2632/4356
f 1740/1714/1740 4837/2633/4837 184/1715/184
f 1292/2634/1292 965/2635/965 1040/1325/1040
f 4838/2636/4838 4839/2637/4839 1584/2638/1584
f 4840/2639/4840 1587/2640/1587 1586/2641/1586
f 1586/2641/1586 4849/2642/4849 4490/2643/4490
f 1586/2641/1586 4490/2643/4490 4840/2639/4840
f 2873/2644/2873 4898/2645/4898 2872/2646/2872
f 4650/2647/4650 576/1560/576 575/1559/575
f 4843/2648/4843 1754/2649/1754 3265/2072/3265
f 4847/2650/4847 4844/2651/4844 3781/2652/3781
f 3781/2652/3781 4685/2653/4685 4845/2654/4845
f 3781/2652/3781 4845/2654/4845 4847/2650/4847
f 4351/2655/4351 2831/2656/2831 2832/2657/2832
f 1059/2658/1059 4292/2659/4292 3043/2660/3043
f 4844/1823/4844 4847/2661/4847 364/2662/364
f 4845/2663/4845 4846/2664/4846 365/2665/365
f 365/2665/365 364/2666/364 4847/2667/4847
f 365/2665/365 4847/2667/4847 4845/2663/4845
f 4848/2668/4848 4849/2669/4849 1586/2670/1586
f 4835/713/4835 1950/2671/1950 1953/2672/1953
f 1953/2672/1953 4856/2673/4856 1848/711/1848
f 4835/713/4835 1953/2672/1953 1848/711/1848
f 2745/2674/2745 2627/1080/2627 2381/1079/2381
f 3824/1064/3824 2298/2452/2298 660/2451/660
f 1887/650/1887 3516/2675/3516 2478/2676/2478
f 4856/2677/4856 1953/2678/1953 1952/2679/1952
f 1457/2680/1457 857/2681/857 856/2682/856
f 4857/2683/4857 927/2684/927 4400/2685/4400
f 1442/2686/1442 4743/2687/4743 1443/2688/1443
f 2480/2689/2480 4859/2690/4859 4633/2691/4633
f 476/2692/476 666/2693/666 975/2694/975
f 2657/2695/2657 4542/2696/4542 2258/2697/2258
f 1779/2698/1779 2664/2699/2664 3914/2700/3914
f 4432/2701/4432 4634/2702/4634 4717/2703/4717
f 3291/2207/3291 188/2704/188 1438/2705/1438
f 1610/2706/1610 3849/2707/3849 2385/2708/2385
f 4864/2709/4864 4299/2710/4299 3928/2711/3928
f 4341/1947/4341 4715/2712/4715 4339/1945/4339
f 4865/2713/4865 548/2714/548 4472/2715/4472
f 317/698/317 99/2716/99 98/2717/98
f 2032/2718/2032 4555/2719/4555 2033/2720/2033
f 3030/2630/3030 4356/2632/4356 1669/2721/1669
f 58/2722/58 4804/2523/4804 3896/2723/3896
f 3375/2724/3375 3700/2559/3700 3561/2558/3561
f 882/2725/882 4696/2595/4696 1527/2594/1527
f 4869/2726/4869 4870/2727/4870 1024/2728/1024
f 4840/2639/4840 1782/2335/1782 2099/2729/2099
f 2611/988/2611 248/987/248 247/2730/247
f 4766/2731/4766 4298/2732/4298 4763/1873/4763
f 2879/2733/2879 4871/422/4871 4872/2734/4872
f 4873/2735/4873 1158/935/1158 2520/934/2520
f 4926/2736/4926 4885/2737/4885 4874/2738/4874
f 576/1560/576 4650/2647/4650 4875/2739/4875
f 4265/1365/4265 2311/2740/2311 4264/2741/4264
f 2379/2742/2379 1556/2743/1556 3868/2744/3868
f 4786/2745/4786 4790/2746/4790 4876/2747/4876
f 1119/2748/1119 4514/909/4514 1120/2749/1120
f 2722/2392/2722 4032/2750/4032 1022/375/1022
f 103/2751/103 2856/2752/2856 4068/2753/4068
f 1741/2754/1741 4629/2755/4629 4828/1075/4828
f 976/2756/976 2578/2757/2578 852/2758/852
f 1546/2759/1546 4075/2760/4075 3747/2432/3747
f 1939/2761/1939 469/2762/469 1634/2763/1634
f 2551/2764/2551 2986/2765/2986 3635/2766/3635
f 3853/2767/3853 2689/2768/2689 2688/2769/2688
f 4083/2770/4083 619/2771/619 3668/2772/3668
f 3383/2773/3383 3870/2774/3870 3871/2775/3871
f 789/2776/789 2941/2777/2941 787/2778/787
f 4723/2779/4723 1053/2780/1053 1803/2781/1803
f 4879/2728/4879 4627/2782/4627 4880/2783/4880
f 4584/2784/4584 4883/2785/4883 4169/2786/4169
f 4627/1392/4627 305/2787/305 4750/2788/4750
f 1614/2789/1614 685/2790/685 1724/2791/1724
f 758/2792/758 756/2793/756 757/1243/757
f 1039/2794/1039 4479/2795/4479 1040/2796/1040
f 2631/2797/2631 2449/2798/2449 4479/2799/4479
f 4199/322/4199 2783/2800/2783 2782/2801/2782
f 2137/2802/2137 2661/2803/2661 2136/2804/2136
f 1842/2805/1842 1841/2806/1841 1753/2807/1753
f 2046/2808/2046 4661/1834/4661 4662/1833/4662
f 797/2809/797 155/2810/155 796/2811/796
f 4894/501/4894 2828/2812/2828 4893/2813/4893
f 4894/501/4894 4893/2813/4893 1208/2814/1208
f 2434/2815/2434 2433/2816/2433 3905/2817/3905
f 2828/2818/2828 4894/2819/4894 4703/2820/4703
f 4703/2820/4703 4895/2821/4895 1828/2822/1828
f 4703/2820/4703 1828/2822/1828 2828/2818/2828
f 1629/2823/1629 3744/1557/3744 4381/1556/4381
f 3562/2824/3562 4434/2825/4434 3741/2826/3741
f 2054/169/2054 2055/2827/2055 208/2828/208
f 1562/2829/1562 173/2830/173 4126/2831/4126
f 867/2832/867 4902/2833/4902 4214/2834/4214
f 4922/2835/4922 4618/2836/4618 2330/2837/2330
f 4601/782/4601 1084/2838/1084 1083/2839/1083
f 258/2840/258 3817/2841/3817 4307/2842/4307
f 981/2843/981 1834/2844/1834 923/2845/923
f 4911/2846/4911 4912/2847/4912 1743/2848/1743
f 4913/2849/4913 2081/2850/2081 1945/2851/1945
f 3994/2852/3994 1434/2853/1434 1433/2854/1433
f 889/2414/889 2430/2403/2430 888/2412/888
f 4110/2782/4110 4914/2855/4914 777/2856/777
f 4090/2857/4090 4915/2858/4915 4256/2859/4256
f 1830/2860/1830 4356/2861/4356 4355/2862/4355
f 4917/2863/4917 3659/2804/3659 3888/2864/3888
f 3620/418/3620 3697/2865/3697 3/2866/3
f 932/2867/932 562/2868/562 931/2869/931
f 457/2870/457 3605/2871/3605 25/2872/25
f 4387/2873/4387 2634/2874/2634 2084/2875/2084
f 2493/2876/2493 2491/2877/2491 2492/2878/2492
f 4881/2879/4881 4922/2880/4922 4920/2881/4920
f 1813/2882/1813 4925/2883/4925 454/2884/454
f 4015/1720/4015 1945/2851/1945 1777/1721/1777
f 1080/2885/1080 201/2575/201 200/2886/200
f 4925/2883/4925 2975/2887/2975 4095/2888/4095
f 1439/2889/1439 516/2890/516 1563/2891/1563
f 3945/2892/3945 3435/2893/3435 3946/2894/3946
f 1504/2895/1504 3305/2896/3305 4754/2256/4754
f 320/2897/320 1140/1749/1140 1615/1666/1615
f 425/2898/425 574/2899/574 3485/2900/3485
f 3802/1063/3802 412/1062/412 2769/2901/2769
f 4098/2902/4098 4481/2903/4481 4738/616/4738
f 3814/2904/3814 2163/2905/2163 1104/2906/1104
f 2291/2907/2291 4310/2526/4310 3995/2525/3995
f 4662/1833/4662 2137/2908/2137 2046/2808/2046
f 2613/2909/2613 3281/2910/3281 240/2911/240
f 3631/2912/3631 11/2913/11 4300/2914/4300
f 1881/2915/1881 3120/2916/3120 1704/2917/1704
f 4938/2918/4938 1888/2919/1888 677/2920/677
f 453/858/453 3484/2921/3484 1554/2922/1554
f 954/2923/954 4378/2924/4378 1825/2925/1825
f 920/2926/920 2108/2370/2108 4686/2593/4686
f 1235/2927/1235 3581/2928/3581 2411/2929/2411
f 4635/2930/4635 4660/2548/4660 4938/2931/4938
f 634/2932/634 3226/2933/3226 3225/2934/3225
f 4873/2935/4873 3474/2936/3474 2522/2306/2522
f 4622/2937/4622 4657/2938/4657 2329/2939/2329
f 3660/2940/3660 4940/2941/4940 4941/2942/4941
f 4941/2942/4941 4942/2943/4942 2848/2944/2848
f 783/1103/783 4943/2569/4943 4944/2568/4944
f 1210/2945/1210 1167/265/1167 1166/264/1166
f 1325/2946/1325 2294/2947/2294 1326/1869/1326
f 4943/2569/4943 783/1103/783 782/1102/782
f 782/1102/782 129/2948/129 128/2949/128
f 782/1102/782 128/2949/128 4943/2569/4943
f 3571/2950/3571 1500/2951/1500 3173/2952/3173
f 4944/2953/4944 677/2394/677 4691/2393/4691
f 1498/1253/1498 4530/1252/4530 4884/2954/4884
f 3626/444/3626 4947/2955/4947 4464/445/4464
f 1276/2956/1276 3335/2957/3335 2815/2958/2815
f 288/1744/288 3240/2959/3240 4726/2960/4726
f 4466/1027/4466 3937/2961/3937 4951/2962/4951
f 1984/2963/1984 4748/2964/4748 4157/2965/4157
f 1380/701/1380 3201/2966/3201 3191/2967/3191
f 2249/2968/2249 75/2969/75 2250/2970/2250
f 4816/2971/4816 4952/2972/4952 4953/2973/4952
f 2003/15/2003 2004/2974/2004 916/16/916
f 606/18/606 4643/2975/4643 607/19/607
f 1136/2204/1136 4086/2976/4086 2692/2977/2692
f 4086/2976/4086 4085/2978/4085 2692/2977/2692
f 4085/2978/4085 11/2979/11 2692/2977/2692
f 2692/2977/2692 4567/2980/4567 4821/2981/4821
f 4567/2980/4567 2827/2982/2827 4821/2981/4821
f 2827/2982/2827 569/2983/569 4821/2981/4821
f 762/2984/762 4110/2985/4110 1945/2851/1945
f 4110/2985/4110 358/1719/358 1777/1721/1777
f 4821/2981/4821 762/2984/762 2566/2986/2566
f 1136/2204/1136 4821/2981/4821 1774/2205/1774
f 4821/2981/4821 1136/2204/1136 2692/2977/2692
f 4110/2985/4110 1777/1721/1777 1945/2851/1945
f 1945/2851/1945 2081/2850/2081 2510/2987/2510
f 2566/2986/2566 1774/2205/1774 4821/2981/4821
f 4782/1187/4782 4430/2988/4430 2566/2986/2566
f 544/26/544 454/1186/454 2008/27/2008
f 2008/27/2008 4782/1187/4782 3506/2989/3506
f 4782/1187/4782 2566/2986/2566 762/2984/762
f 3506/2989/3506 4782/1187/4782 762/2984/762
f 762/2984/762 1945/2851/1945 3506/2989/3506
f 1945/2851/1945 2510/2987/2510 3506/2989/3506
f 3506/2989/3506 545/25/545 2008/27/2008
f 4116/2990/4116 285/2991/285 4469/2992/4469
f 285/2991/285 4587/2993/4587 4469/2992/4469
f 4469/2992/4469 2892/2994/2892 3511/2995/3511
f 1538/2996/1538 652/2997/652 4117/2998/4117
f 4116/2990/4116 4469/2992/4469 3511/2995/3511
f 1538/2996/1538 4117/2998/4117 4116/2990/4116
f 1870/2999/1870 1537/3000/1537 1538/2996/1538
f 2527/3001/2527 1869/3002/1869 1868/3003/1868
f 1868/3003/1868 1870/2999/1870 1538/2996/1538
f 1538/2996/1538 4116/2990/4116 2343/3004/2343
f 4116/2990/4116 3511/2995/3511 2343/3004/2343
f 3511/2995/3511 4398/3005/4398 2165/3006/2165
f 2165/3006/2165 4460/3007/4460 492/34/492
f 717/3008/717 4921/3009/4921 816/3010/816
f 4921/3009/4921 1161/3011/1161 816/3010/816
f 1161/3011/1161 4632/3012/4632 816/3010/816
f 816/3010/816 817/3013/817 717/3008/717
f 817/3013/817 491/35/491 717/3008/717
f 491/35/491 1239/3014/1239 1101/36/1101
f 1101/36/1101 1172/3015/1172 2343/3004/2343
f 2343/3004/2343 742/3016/742 2719/3017/2719
f 2719/3017/2719 1824/3018/1824 4817/3019/4817
f 4817/3019/4817 2968/3020/2968 2527/3001/2527
f 2527/3001/2527 1868/3003/1868 4817/3019/4817
f 1868/3003/1868 1538/2996/1538 4817/3019/4817
f 3511/2995/3511 2165/3006/2165 2343/3004/2343
f 492/34/492 717/3008/717 491/35/491
f 2165/3006/2165 492/34/492 1101/36/1101
f 1101/36/1101 2343/3004/2343 2165/3006/2165
f 2343/3004/2343 2719/3017/2719 1538/2996/1538
f 2719/3017/2719 4817/3019/4817 1538/2996/1538
f 2247/45/2247 1249/1948/1249 1162/46/1162
f 2361/48/2361 4568/3021/4568 4461/49/4461
f 4628/58/4628 999/3022/999 3575/59/3575
f 3575/59/3575 4809/1831/4809 2621/3023/2621
f 4809/1831/4809 486/3024/486 2621/3023/2621
f 2621/3023/2621 3576/3025/3576 3575/59/3575
f 3576/3025/3576 2567/57/2567 3575/59/3575
f 2849/3026/2849 2848/3027/2848 4530/3028/4530
f 2848/3027/2848 4942/69/4942 3570/68/3570
f 4942/69/4942 4941/3029/4941 2172/3030/2172
f 2172/3030/2172 1885/240/1885 1884/67/1884
f 3570/68/3570 4530/3028/4530 2848/3027/2848
f 2172/3030/2172 1884/67/1884 4942/69/4942
f 3734/90/3734 4300/3031/4300 4085/91/4085
f 4823/2626/4823 4824/3032/4824 823/3033/823
f 823/3033/823 3950/3034/3950 4823/2626/4823
f 3950/3034/3950 2309/3035/2309 4833/2627/4833
f 2310/3036/2310 1250/1279/1250 695/3037/695
f 3950/3034/3950 4833/2627/4833 4823/2626/4823
f 2309/3035/2309 2310/3036/2310 4833/2627/4833
f 1756/581/1756 3445/3038/3445 1305/3039/1305
f 1756/581/1756 1305/3039/1305 1708/577/1708
f 1305/3039/1305 4833/2627/4833 2310/3036/2310
f 1708/577/1708 1305/3039/1305 2310/3036/2310
f 2310/3036/2310 695/3037/695 1708/577/1708
f 695/3037/695 1729/1278/1729 1728/3040/1728
f 1728/3040/1728 2639/3041/2639 2640/95/2640
f 2640/95/2640 1363/3042/1363 785/3043/785
f 785/3043/785 1306/3044/1306 786/535/786
f 1306/3044/1306 2437/2026/2437 786/535/786
f 695/3037/695 1728/3040/1728 1708/577/1708
f 1728/3040/1728 2640/95/2640 4842/94/4842
f 4844/1823/4844 1728/3040/1728 4843/3045/4843
f 2640/95/2640 785/3043/785 1742/1713/1742
f 785/3043/785 786/535/786 4826/3046/4826
f 4826/3046/4826 4629/3047/4629 1742/1713/1742
f 785/3043/785 4826/3046/4826 1742/1713/1742
f 1728/3040/1728 4844/1823/4844 1708/577/1708
f 4843/3045/4843 3781/3048/3781 4844/1823/4844
f 183/93/183 1842/3049/1842 4842/94/4842
f 4842/94/4842 4843/3045/4843 1728/3040/1728
f 1742/1713/1742 183/93/183 2640/95/2640
f 191/96/191 4812/3050/4812 3850/97/3850
f 1061/101/1061 1788/3051/1788 1286/99/1286
f 1788/3051/1788 1287/3052/1287 1286/99/1286
f 1323/3053/1323 1360/3054/1360 3255/428/3255
f 1360/3054/1360 3300/3055/3300 3255/428/3255
f 3300/3055/3300 3485/3056/3485 4322/3057/4322
f 3151/3058/3151 4741/3059/4741 3921/3060/3921
f 4741/3059/4741 3624/3061/3624 634/3062/634
f 3300/3055/3300 4322/3057/4322 3151/3058/3151
f 2835/3063/2835 2292/3064/2292 1323/3053/1323
f 3300/3055/3300 3151/3058/3151 3255/428/3255
f 4741/3059/4741 634/3062/634 3921/3060/3921
f 634/3062/634 3225/3065/3225 1638/3066/1638
f 3225/3065/3225 1637/3067/1637 1638/3066/1638
f 1240/3068/1240 2835/3063/2835 1323/3053/1323
f 1241/3069/1241 1242/3070/1242 1240/3068/1240
f 2831/3071/2831 379/3072/379 2832/3073/2832
f 379/3072/379 1241/3069/1241 2832/3073/2832
f 4780/3074/4780 4351/3075/4351 4263/3076/4263
f 4351/3075/4351 2832/3073/2832 4263/3076/4263
f 2832/3073/2832 1241/3069/1241 1240/3068/1240
f 4545/3077/4545 3023/3078/3023 2594/2353/2594
f 3023/3078/3023 4263/3076/4263 3568/3079/3568
f 3714/3080/3714 3507/3081/3507 4545/3077/4545
f 3047/3082/3047 2727/1459/2727 3714/3080/3714
f 2594/2353/2594 3587/2355/3587 3047/3082/3047
f 4115/1779/4115 3567/1778/3567 1395/3083/1395
f 3567/1778/3567 3568/3079/3568 4263/3076/4263
f 1395/3083/1395 3567/1778/3567 4263/3076/4263
f 2594/2353/2594 3047/3082/3047 3714/3080/3714
f 3568/3079/3568 2594/2353/2594 3023/3078/3023
f 2594/2353/2594 3714/3080/3714 4545/3077/4545
f 4263/3076/4263 2832/3073/2832 1323/3053/1323
f 2832/3073/2832 1240/3068/1240 1323/3053/1323
f 3151/3058/3151 3921/3060/3921 3255/428/3255
f 634/3062/634 1638/3066/1638 3921/3060/3921
f 1395/3083/1395 1394/3084/1394 4115/1779/4115
f 4263/3076/4263 1323/3053/1323 3255/428/3255
f 3921/3060/3921 1681/3085/1681 1481/3086/1481
f 3259/279/3259 2503/278/2503 239/3087/239
f 239/3087/239 1395/3083/1395 38/3088/38
f 1395/3083/1395 4263/3076/4263 264/323/264
f 38/3088/38 1395/3083/1395 264/323/264
f 3921/3060/3921 1481/3086/1481 3255/428/3255
f 1481/3086/1481 1480/3089/1480 3431/3090/3431
f 3431/3090/3431 2121/3091/2121 2001/3092/2001
f 2121/3091/2121 2000/1094/2000 2001/3092/2001
f 2001/3092/2001 2448/1093/2448 4357/3093/4357
f 1481/3086/1481 3431/3090/3431 3255/428/3255
f 3259/279/3259 239/3087/239 38/3088/38
f 3203/3094/3203 3591/3095/3591 3259/279/3259
f 3729/3096/3729 736/1973/736 3171/824/3171
f 3171/824/3171 3203/3094/3203 3259/279/3259
f 3431/3090/3431 2001/3092/2001 3255/428/3255
f 2001/3092/2001 4357/3093/4357 449/3097/449
f 449/3097/449 448/3098/448 1159/3099/1159
f 2001/3092/2001 449/3097/449 1159/3099/1159
f 3171/824/3171 3259/279/3259 4206/3100/4206
f 3171/824/3171 4206/3100/4206 3729/3096/3729
f 4590/3101/4590 1523/3102/1523 4206/3100/4206
f 1523/3102/1523 3729/3096/3729 4206/3100/4206
f 2001/3092/2001 1159/3099/1159 3255/428/3255
f 1159/3099/1159 930/3103/930 929/3104/929
f 1159/3099/1159 929/3104/929 3255/428/3255
f 2115/3105/2115 4041/3106/4041 4206/3100/4206
f 2409/3107/2409 4528/3108/4528 2115/3105/2115
f 1518/104/1518 3054/3109/3054 2409/3107/2409
f 541/3110/541 3970/3111/3970 1518/104/1518
f 2830/3112/2830 1455/3113/1455 4600/3114/4600
f 3573/3115/3573 1454/3116/1454 2830/3112/2830
f 3290/3117/3290 4588/3118/4588 3573/3115/3573
f 3882/3119/3882 4598/3120/4598 3558/3121/3558
f 4598/3120/4598 3290/3117/3290 3558/3121/3558
f 3558/3121/3558 2387/3122/2387 3882/3119/3882
f 3558/3121/3558 3290/3117/3290 1079/3123/1079
f 3290/3117/3290 3573/3115/3573 1079/3123/1079
f 1079/3123/1079 3573/3115/3573 341/3124/341
f 3573/3115/3573 2830/3112/2830 341/3124/341
f 4373/3125/4373 942/3126/942 1254/3127/1254
f 942/3126/942 130/3128/130 1254/3127/1254
f 130/3128/130 1079/3123/1079 2858/3129/2858
f 1079/3123/1079 341/3124/341 2858/3129/2858
f 2830/3112/2830 4600/3114/4600 3099/3130/3099
f 341/3124/341 2830/3112/2830 3099/3130/3099
f 2086/3131/2086 4373/3125/4373 2087/3132/2087
f 2087/3132/2087 376/3133/376 2086/3131/2086
f 1254/3127/1254 1678/3134/1678 2087/3132/2087
f 801/3135/801 1255/3136/1255 1254/3127/1254
f 2876/3137/2876 802/3138/802 801/3135/801
f 4516/3139/4516 2377/3140/2377 2876/3137/2876
f 2858/3129/2858 4244/3141/4244 1211/3142/1211
f 1211/3142/1211 4516/3139/4516 2876/3137/2876
f 2876/3137/2876 801/3135/801 130/3128/130
f 801/3135/801 1254/3127/1254 130/3128/130
f 1254/3127/1254 2087/3132/2087 4373/3125/4373
f 2409/3107/2409 2115/3105/2115 3259/279/3259
f 2115/3105/2115 4206/3100/4206 3259/279/3259
f 3259/279/3259 38/3088/38 1271/102/1271
f 1535/3143/1535 2131/3144/2131 2665/1960/2665
f 1535/3143/1535 2665/1960/2665 1534/3145/1534
f 4263/3076/4263 3255/428/3255 264/323/264
f 3255/428/3255 1535/3143/1535 264/323/264
f 2409/3107/2409 3259/279/3259 1271/102/1271
f 1518/104/1518 2409/3107/2409 1271/102/1271
f 1535/3143/1535 1534/3145/1534 264/323/264
f 1534/3145/1534 3426/3146/3426 791/3147/791
f 1534/3145/1534 791/3147/791 264/323/264
f 1211/3142/1211 2876/3137/2876 130/3128/130
f 2858/3129/2858 1211/3142/1211 130/3128/130
f 2782/2801/2782 2783/2800/2783 3283/3148/3283
f 264/323/264 2782/2801/2782 38/3088/38
f 3099/3130/3099 481/3149/481 341/3124/341
f 913/3150/913 1478/1374/1478 3099/3130/3099
f 3099/3130/3099 4600/3114/4600 913/3150/913
f 4600/3114/4600 541/3110/541 913/3150/913
f 914/3151/914 915/1375/915 913/3150/913
f 2782/2801/2782 3283/3148/3283 2097/3152/2097
f 3283/3148/3283 1051/3153/1051 2097/3152/2097
f 2097/3152/2097 713/3154/713 1437/3155/1437
f 913/3150/913 541/3110/541 914/3151/914
f 541/3110/541 1518/104/1518 914/3151/914
f 3468/103/3468 3467/3156/3467 914/3151/914
f 2782/2801/2782 2097/3152/2097 1437/3155/1437
f 1437/3155/1437 204/3157/204 3678/3158/3678
f 2782/2801/2782 1437/3155/1437 38/3088/38
f 3468/103/3468 914/3151/914 1518/104/1518
f 1271/102/1271 1270/3159/1270 3468/103/3468
f 1437/3155/1437 3678/3158/3678 38/3088/38
f 2245/105/2245 1449/3160/1449 3453/106/3453
f 1684/3161/1684 3866/3162/3866 36/3163/36
f 3866/3162/3866 37/3164/37 36/3163/36
f 36/3163/36 2220/3165/2220 1684/3161/1684
f 1146/3166/1146 2903/3167/2903 2030/3168/2030
f 2903/3167/2903 3623/3169/3623 1601/110/1601
f 2220/3165/2220 1146/3166/1146 1684/3161/1684
f 1601/110/1601 2030/3168/2030 2903/3167/2903
f 2030/3168/2030 1684/3161/1684 1146/3166/1146
f 3623/3169/3623 1599/108/1599 1601/110/1601
f 3775/113/3775 2465/3170/2465 318/3171/318
f 318/3171/318 217/111/217 3775/113/3775
f 3298/3172/3298 4577/3173/4577 3419/3174/3419
f 1912/3175/1912 3727/3176/3727 393/3177/393
f 3727/3176/3727 3184/1169/3184 1308/1168/1308
f 3298/3172/3298 3419/3174/3419 1912/3175/1912
f 723/3178/723 1970/3179/1970 2747/3180/2747
f 1970/3179/1970 3298/3172/3298 2747/3180/2747
f 3697/2865/3697 2747/3180/2747 3/2866/3
f 3/2866/3 2747/3180/2747 3298/3172/3298
f 4309/3181/4309 3620/418/3620 2581/3182/2581
f 3620/418/3620 3/2866/3 2581/3182/2581
f 3298/3172/3298 1912/3175/1912 3/2866/3
f 3/2866/3 1912/3175/1912 865/119/865
f 3727/3176/3727 1308/1168/1308 602/3183/602
f 393/3177/393 3727/3176/3727 602/3183/602
f 1308/1168/1308 2450/3184/2450 1089/3185/1089
f 2450/3184/2450 2449/2798/2449 1089/3185/1089
f 1089/3185/1089 4122/181/4122 602/3183/602
f 1308/1168/1308 1089/3185/1089 602/3183/602
f 4122/181/4122 2281/180/2281 287/3186/287
f 2281/180/2281 2239/1412/2239 3307/3187/3307
f 2239/1412/2239 2240/3188/2240 3307/3187/3307
f 3307/3187/3307 32/3189/32 3139/3190/3139
f 3139/3190/3139 3140/3191/3140 287/3186/287
f 287/3186/287 2863/3192/2863 741/338/741
f 2863/3192/2863 443/3193/443 741/338/741
f 443/3193/443 444/3194/444 741/338/741
f 3307/3187/3307 3139/3190/3139 2281/180/2281
f 3139/3190/3139 287/3186/287 2281/180/2281
f 3/2866/3 1855/3195/1855 2581/3182/2581
f 1855/3195/1855 1957/3196/1957 2581/3182/2581
f 602/3183/602 4122/181/4122 741/338/741
f 287/3186/287 741/338/741 4122/181/4122
f 1855/3195/1855 3/2866/3 865/119/865
f 865/119/865 864/3197/864 1855/3195/1855
f 865/119/865 1912/3175/1912 514/117/514
f 393/3177/393 2484/337/2484 514/117/514
f 514/117/514 1912/3175/1912 393/3177/393
f 4317/120/4317 3885/3198/3885 309/121/309
f 1827/3199/1827 723/3178/723 2747/3180/2747
f 2747/3180/2747 780/3200/780 781/3201/781
f 781/3201/781 1863/417/1863 1725/3202/1725
f 1725/3202/1725 2260/416/2260 1773/3203/1773
f 1773/3203/1773 2109/3204/2109 3008/3205/3008
f 3008/3205/3008 3263/3206/3263 2376/3207/2376
f 3263/3206/3263 2860/3208/2860 2376/3207/2376
f 2376/3207/2376 55/3209/55 1103/3210/1103
f 781/3201/781 1725/3202/1725 4615/125/4615
f 1725/3202/1725 1773/3203/1773 1987/123/1987
f 781/3201/781 4615/125/4615 3106/3211/3106
f 1773/3203/1773 3008/3205/3008 1103/3210/1103
f 3008/3205/3008 2376/3207/2376 1103/3210/1103
f 1103/3210/1103 2593/3212/2593 1987/123/1987
f 2593/3212/2593 1988/3213/1988 1987/123/1987
f 1827/3199/1827 2747/3180/2747 781/3201/781
f 1773/3203/1773 1103/3210/1103 1987/123/1987
f 1987/123/1987 3733/3214/3733 1004/124/1004
f 1004/124/1004 4327/3215/4327 4615/125/4615
f 4615/125/4615 4657/3216/4657 3106/3211/3106
f 3106/3211/3106 4622/3217/4622 2475/3218/2475
f 2475/3218/2475 3526/3219/3526 1827/3199/1827
f 1827/3199/1827 781/3201/781 2475/3218/2475
f 4615/125/4615 1725/3202/1725 1987/123/1987
f 2475/3218/2475 781/3201/781 3106/3211/3106
f 291/3220/291 1910/3221/1910 2203/3222/2203
f 2203/3222/2203 2726/3223/2726 1920/126/1920
f 1920/126/1920 911/3224/911 910/3225/910
f 910/3225/910 4950/3226/4950 2885/3227/2885
f 2885/3227/2885 2530/3228/2530 4030/127/4030
f 4030/127/4030 4029/349/4029 2351/128/2351
f 2351/128/2351 291/3220/291 2203/3222/2203
f 1920/126/1920 910/3225/910 2885/3227/2885
f 2351/128/2351 2203/3222/2203 1920/126/1920
f 1920/126/1920 2885/3227/2885 4030/127/4030
f 2588/129/2588 3336/3229/3336 3138/130/3138
f 2227/2551/2227 2096/134/2096 4854/3230/4854
f 2096/134/2096 486/3024/486 2371/132/2371
f 486/3024/486 4809/1831/4809 4228/212/4228
f 4809/1831/4809 460/210/460 4228/212/4228
f 4228/212/4228 2371/132/2371 486/3024/486
f 2095/133/2095 4854/3230/4854 2096/134/2096
f 3476/3231/3476 4756/3232/4756 2141/3233/2141
f 4756/3232/4756 2392/2489/2392 2141/3233/2141
f 2392/2489/2392 2970/3234/2970 2141/3233/2141
f 2141/3233/2141 3422/3235/3422 2276/3236/2276
f 2276/3236/2276 1891/1286/1891 1043/582/1043
f 1043/582/1043 1760/584/1760 2276/3236/2276
f 1760/584/1760 1519/614/1519 744/3237/744
f 2276/3236/2276 1760/584/1760 744/3237/744
f 1519/614/1519 4853/613/4853 745/3238/745
f 3509/3239/3509 4852/3240/4852 4112/137/4112
f 4852/3240/4852 2478/135/2478 4112/137/4112
f 1519/614/1519 745/3238/745 744/3237/744
f 745/3238/745 3509/3239/3509 744/3237/744
f 2141/3233/2141 2276/3236/2276 3476/3231/3476
f 4112/137/4112 3166/3241/3166 3509/3239/3509
f 3166/3241/3166 744/3237/744 3509/3239/3509
f 744/3237/744 3476/3231/3476 2276/3236/2276
f 2478/135/2478 3543/3242/3543 4001/136/4001
f 894/138/894 3730/3243/3730 3044/139/3044
f 3205/143/3205 3206/2126/3206 2375/141/2375
f 2375/141/2375 362/1683/362 2374/142/2374
f 3331/144/3331 3848/3244/3848 2417/145/2417
f 686/149/686 1607/1636/1607 3374/147/3374
f 1607/1636/1607 260/3245/260 3374/147/3374
f 1228/150/1228 858/3246/858 2331/151/2331
f 2107/3247/2107 2050/3248/2050 3033/3249/3033
f 3033/3249/3033 1294/3250/1294 1293/3251/1293
f 1293/3251/1293 1560/2462/1560 1502/3252/1502
f 1502/3252/1502 1761/3253/1761 1762/3254/1762
f 1762/3254/1762 676/3255/676 2205/154/2205
f 676/3255/676 1495/3256/1495 2205/154/2205
f 2205/154/2205 1767/2061/1767 3080/3257/3080
f 1762/3254/1762 2205/154/2205 1502/3252/1502
f 1767/2061/1767 1660/3258/1660 3080/3257/3080
f 3080/3257/3080 3079/3259/3079 2884/3260/2884
f 2884/3260/2884 632/3261/632 3551/155/3551
f 3551/155/3551 3550/3262/3550 4039/3263/4039
f 4039/3263/4039 494/3264/494 893/3265/893
f 893/3265/893 892/1190/892 3487/153/3487
f 3487/153/3487 1359/3266/1359 1358/3267/1358
f 1358/3267/1358 1227/3268/1227 1955/3269/1955
f 1955/3269/1955 3141/3270/3141 2107/3247/2107
f 3141/3270/3141 3724/3271/3724 2107/3247/2107
f 1358/3267/1358 1955/3269/1955 3033/3249/3033
f 1955/3269/1955 2107/3247/2107 3033/3249/3033
f 3033/3249/3033 1293/3251/1293 1358/3267/1358
f 1293/3251/1293 1502/3252/1502 3487/153/3487
f 4039/3263/4039 893/3265/893 3487/153/3487
f 3487/153/3487 1358/3267/1358 1293/3251/1293
f 3487/153/3487 1502/3252/1502 2205/154/2205
f 2205/154/2205 3080/3257/3080 2884/3260/2884
f 3551/155/3551 4039/3263/4039 3487/153/3487
f 2205/154/2205 2884/3260/2884 3551/155/3551
f 2176/160/2176 2175/1936/2175 190/161/190
f 3247/3272/3247 4924/3273/4924 720/3274/720
f 720/3274/720 2134/3275/2134 3944/3276/3944
f 2134/3275/2134 3878/3277/3878 3944/3276/3944
f 3944/3276/3944 1267/3278/1267 720/3274/720
f 1267/3278/1267 3674/3279/3674 3519/3280/3519
f 3674/3279/3674 4416/3281/4416 3519/3280/3519
f 4416/3281/4416 3406/3282/3406 1135/726/1135
f 3406/3282/3406 1443/3283/1443 1135/726/1135
f 1443/3283/1443 2217/3284/2217 394/3285/394
f 394/3285/394 310/3286/310 3155/164/3155
f 3155/164/3155 1050/3287/1050 1541/3288/1541
f 1541/3288/1541 2272/3289/2272 2274/813/2274
f 2272/3289/2272 2273/3290/2273 2274/813/2274
f 2273/3290/2273 109/3291/109 1686/3292/1686
f 109/3291/109 2083/3293/2083 1686/3292/1686
f 2083/3293/2083 2034/3294/2034 1686/3292/1686
f 1686/3292/1686 126/3295/126 1685/3296/1685
f 1685/3296/1685 1724/2791/1724 1723/814/1723
f 1685/3296/1685 1723/814/1723 2274/813/2274
f 1686/3292/1686 1685/3296/1685 2273/3290/2273
f 2274/813/2274 2273/3290/2273 1685/3296/1685
f 3155/164/3155 1541/3288/1541 1763/3297/1763
f 1541/3288/1541 2274/813/2274 1763/3297/1763
f 1443/3283/1443 394/3285/394 1135/726/1135
f 394/3285/394 3155/164/3155 2114/166/2114
f 394/3285/394 2114/166/2114 1135/726/1135
f 1267/3278/1267 3519/3280/3519 3247/3272/3247
f 3155/164/3155 1763/3297/1763 827/165/827
f 827/165/827 2113/725/2113 2114/166/2114
f 1135/726/1135 3519/3280/3519 4416/3281/4416
f 3247/3272/3247 720/3274/720 1267/3278/1267
f 3658/1115/3658 4904/1453/4904 2916/3298/2916
f 2916/3298/2916 170/3299/170 3599/3300/3599
f 3599/3300/3599 3391/3301/3391 3390/3302/3390
f 3390/3302/3390 631/3303/631 3541/3304/3541
f 3541/3304/3541 4287/3305/4287 1941/3306/1941
f 4287/3305/4287 1319/427/1319 1471/3307/1471
f 1319/427/1319 2900/3308/2900 4948/267/4948
f 1471/3307/1471 759/266/759 3536/3309/3536
f 1319/427/1319 4948/267/4948 1471/3307/1471
f 3390/3302/3390 3541/3304/3541 1941/3306/1941
f 4287/3305/4287 1471/3307/1471 3902/3310/3902
f 3902/3310/3902 1471/3307/1471 3536/3309/3536
f 2916/3298/2916 3599/3300/3599 4186/3311/4186
f 3599/3300/3599 3390/3302/3390 4174/2297/4174
f 356/1320/356 3599/3300/3599 4174/2297/4174
f 3658/1115/3658 2916/3298/2916 4186/3311/4186
f 3599/3300/3599 356/1320/356 4186/3311/4186
f 4287/3305/4287 3902/3310/3902 1941/3306/1941
f 1168/263/1168 1167/265/1167 1210/2945/1210
f 1166/264/1166 1165/3312/1165 2027/3313/2027
f 3536/3309/3536 1168/263/1168 1210/2945/1210
f 1166/264/1166 2027/3313/2027 3796/3314/3796
f 3536/3309/3536 1210/2945/1210 3902/3310/3902
f 1210/2945/1210 1166/264/1166 3902/3310/3902
f 3319/1116/3319 3658/1115/3658 163/1621/163
f 4174/2297/4174 3390/3302/3390 1941/3306/1941
f 4601/3315/4601 3318/1114/3318 3011/1695/3011
f 3318/1114/3318 3319/1116/3319 3011/1695/3011
f 1775/1696/1775 3011/1695/3011 3319/1116/3319
f 3811/3316/3811 1776/1694/1776 208/2828/208
f 1776/1694/1776 1775/1696/1775 208/2828/208
f 208/2828/208 2055/2827/2055 3811/3316/3811
f 1166/264/1166 3796/3314/3796 3902/3310/3902
f 3796/3314/3796 4378/2924/4378 3902/3310/3902
f 4378/2924/4378 954/2923/954 3902/3310/3902
f 1941/3306/1941 2535/3317/2535 4174/2297/4174
f 2535/3317/2535 2534/2298/2534 4174/2297/4174
f 208/2828/208 1775/1696/1775 2054/169/2054
f 1775/1696/1775 3319/1116/3319 164/1622/164
f 2054/169/2054 1775/1696/1775 164/1622/164
f 4186/3311/4186 3021/1526/3021 163/1621/163
f 3658/1115/3658 4186/3311/4186 163/1621/163
f 164/1622/164 3319/1116/3319 163/1621/163
f 3310/1525/3310 2325/3318/2325 3527/168/3527
f 2019/167/2019 3310/1525/3310 3527/168/3527
f 164/1622/164 2019/167/2019 2054/169/2054
f 839/173/839 1014/3319/1014 2033/174/2033
f 1668/176/1668 3402/359/3402 3752/177/3752
f 4668/3320/4668 4665/3321/4665 2168/3322/2168
f 4665/3321/4665 3060/3323/3060 2168/3322/2168
f 3060/3323/3060 2365/3324/2365 2168/3322/2168
f 2168/3322/2168 4316/3325/4316 4315/3326/4315
f 4315/3326/4315 2287/3327/2287 3086/3328/3086
f 3086/3328/3086 3830/3329/3830 3059/184/3059
f 3059/184/3059 1959/3330/1959 1674/3331/1674
f 1674/3331/1674 3131/3332/3131 2254/3333/2254
f 4757/3334/4757 3130/3335/3130 3685/3336/3685
f 4757/3334/4757 3685/3336/3685 133/3337/133
f 3852/3338/3852 3686/3339/3686 3430/3340/3430
f 4757/3334/4757 133/3337/133 168/3341/168
f 133/3337/133 3852/3338/3852 798/3342/798
f 168/3341/168 133/3337/133 798/3342/798
f 2254/3333/2254 4757/3334/4757 168/3341/168
f 3430/3340/3430 3429/3343/3429 2399/3344/2399
f 3430/3340/3430 2399/3344/2399 830/3345/830
f 830/3345/830 4719/3346/4719 2301/3347/2301
f 4719/3346/4719 3750/3348/3750 2301/3347/2301
f 2301/3347/2301 214/3349/214 830/3345/830
f 798/3342/798 799/3350/799 168/3341/168
f 3430/3340/3430 830/3345/830 214/3349/214
f 3430/3340/3430 214/3349/214 798/3342/798
f 3852/3338/3852 3430/3340/3430 798/3342/798
f 168/3341/168 108/3351/108 2425/3352/2425
f 2425/3352/2425 2426/3353/2426 539/3354/539
f 2254/3333/2254 168/3341/168 2425/3352/2425
f 1674/3331/1674 2254/3333/2254 2425/3352/2425
f 539/3354/539 361/3355/361 2232/3356/2232
f 1674/3331/1674 2425/3352/2425 539/3354/539
f 4315/3326/4315 3086/3328/3086 4553/183/4553
f 3086/3328/3086 3059/184/3059 4553/183/4553
f 3059/184/3059 1674/3331/1674 3497/182/3497
f 1674/3331/1674 539/3354/539 2902/3357/2902
f 3497/182/3497 1674/3331/1674 2902/3357/2902
f 2232/3356/2232 935/3358/935 344/3359/344
f 539/3354/539 2232/3356/2232 4411/3360/4411
f 2168/3322/2168 4315/3326/4315 4668/3320/4668
f 4553/183/4553 4776/3361/4776 4668/3320/4668
f 3497/182/3497 2438/3362/2438 4553/183/4553
f 4651/3363/4651 4088/3364/4088 4411/3360/4411
f 4088/3364/4088 2902/3357/2902 4411/3360/4411
f 4411/3360/4411 2902/3357/2902 539/3354/539
f 344/3359/344 4168/3365/4168 2232/3356/2232
f 4168/3365/4168 4411/3360/4411 2232/3356/2232
f 4553/183/4553 4668/3320/4668 4315/3326/4315
f 2941/187/2941 1466/3366/1466 3594/3367/3594
f 3594/3367/3594 2373/185/2373 2941/187/2941
f 3714/188/3714 2727/3368/2727 2143/189/2143
f 4700/193/4700 1712/1291/1712 3985/191/3985
f 1712/1291/1712 4692/3369/4692 3985/191/3985
f 3403/194/3403 1477/3370/1477 3760/195/3760
f 1301/197/1301 2870/3371/2870 3614/198/3614
f 4944/200/4944 4659/3372/4659 4658/201/4658
f 3564/203/3564 3088/3373/3088 922/204/922
f 2440/213/2440 2441/999/2441 4763/214/4763
f 3060/217/3060 1965/3374/1965 3609/218/3609
f 3609/218/3609 3677/3375/3677 4642/3376/4642
f 4642/3376/4642 2364/216/2364 3609/218/3609
f 4257/3377/4257 2888/3378/2888 4832/220/4832
f 2888/3378/2888 2231/3379/2231 4832/220/4832
f 4832/220/4832 2474/3380/2474 3176/221/3176
f 2474/3380/2474 2473/3381/2473 3176/221/3176
f 3851/3382/3851 2118/3383/2118 3554/3384/3554
f 2118/3383/2118 4257/3377/4257 3554/3384/3554
f 4538/3385/4538 2445/3386/2445 3851/3382/3851
f 3185/3387/3185 3186/3388/3186 3554/3384/3554
f 3186/3388/3186 1482/3389/1482 3851/3382/3851
f 3554/3384/3554 3186/3388/3186 3851/3382/3851
f 1482/3389/1482 4538/3385/4538 3851/3382/3851
f 4257/3377/4257 4832/220/4832 2266/3390/2266
f 4392/3391/4392 3185/3387/3185 3554/3384/3554
f 3177/219/3177 2266/3390/2266 4832/220/4832
f 2266/3390/2266 3554/3384/3554 4257/3377/4257
f 1065/223/1065 165/3392/165 526/224/526
f 165/3392/165 3695/3393/3695 643/3394/643
f 3695/3393/3695 1610/3395/1610 1609/3396/1609
f 1609/3396/1609 644/3397/644 3695/3393/3695
f 644/3397/644 643/3394/643 3695/3393/3695
f 526/224/526 525/1550/525 1981/3398/1981
f 525/1550/525 3627/3399/3627 1981/3398/1981
f 643/3394/643 526/224/526 165/3392/165
f 1981/3398/1981 1521/222/1521 526/224/526
f 2953/225/2953 4428/3400/4428 4429/226/4429
f 3908/3401/3908 2110/3402/2110 3241/230/3241
f 2110/3402/2110 2933/228/2933 3241/230/3241
f 2770/3403/2770 3306/3404/3306 2608/3405/2608
f 2608/3405/2608 3418/3406/3418 3368/3407/3368
f 3368/3407/3368 3369/3408/3369 3354/3409/3354
f 3354/3409/3354 3355/3410/3355 2186/3411/2186
f 2186/3411/2186 3899/3412/3899 4231/3413/4231
f 4231/3413/4231 4733/3414/4733 3801/3415/3801
f 3801/3415/3801 2348/3416/2348 1220/3417/1220
f 1220/3417/1220 2481/3418/2481 3566/3419/3566
f 3566/3419/3566 2838/3420/2838 3630/3421/3630
f 3630/3421/3630 3945/2892/3945 719/3422/719
f 718/3423/718 1935/3424/1935 3769/3425/3769
f 3630/3421/3630 719/3422/719 718/3423/718
f 1220/3417/1220 3566/3419/3566 152/3426/152
f 3566/3419/3566 3630/3421/3630 3865/3427/3865
f 3865/3427/3865 3630/3421/3630 3864/3428/3864
f 2186/3411/2186 4231/3413/4231 626/3429/626
f 4231/3413/4231 3801/3415/3801 626/3429/626
f 626/3429/626 3801/3415/3801 152/3426/152
f 3801/3415/3801 1220/3417/1220 152/3426/152
f 152/3426/152 3566/3419/3566 3865/3427/3865
f 3630/3421/3630 718/3423/718 2021/3430/2021
f 718/3423/718 3769/3425/3769 2022/3431/2022
f 2021/3430/2021 718/3423/718 2022/3431/2022
f 3769/3425/3769 1765/3432/1765 2022/3431/2022
f 2021/3430/2021 4606/3433/4606 1642/3434/1642
f 3354/3409/3354 2186/3411/2186 626/3429/626
f 3368/3407/3368 3354/3409/3354 626/3429/626
f 3630/3421/3630 2021/3430/2021 3864/3428/3864
f 2021/3430/2021 1642/3434/1642 3864/3428/3864
f 3865/3427/3865 3736/3435/3736 152/3426/152
f 2608/3405/2608 3368/3407/3368 4363/3436/4363
f 626/3429/626 4363/3436/4363 3368/3407/3368
f 4363/3436/4363 4867/3437/4867 259/231/259
f 4867/3437/4867 4868/3438/4868 259/231/259
f 259/231/259 3988/3439/3988 4067/3440/4067
f 3988/3439/3988 3041/3441/3041 4067/3440/4067
f 2608/3405/2608 4363/3436/4363 2770/3403/2770
f 3580/233/3580 2715/3442/2715 2770/3403/2770
f 4520/232/4520 4455/3443/4455 3580/233/3580
f 4067/3440/4067 2388/3444/2388 4520/232/4520
f 4363/3436/4363 259/231/259 3580/233/3580
f 2770/3403/2770 4363/3436/4363 3580/233/3580
f 259/231/259 4067/3440/4067 4520/232/4520
f 4707/3445/4707 4011/1752/4011 2075/235/2075
f 4011/1752/4011 4034/1754/4034 2075/235/2075
f 4034/1754/4034 3237/236/3237 2075/235/2075
f 3237/236/3237 4454/3446/4454 1339/234/1339
f 2014/3447/2014 1807/3448/1807 2013/237/2013
f 1807/3448/1807 1138/238/1138 2013/237/2013
f 3812/239/3812 3367/3449/3367 4018/3450/4018
f 3367/3449/3367 1836/3451/1836 4018/3450/4018
f 4018/3450/4018 3981/3452/3981 3812/239/3812
f 3981/3452/3981 2013/237/2013 3812/239/3812
f 1836/3451/1836 1837/3453/1837 4018/3450/4018
f 1885/240/1885 2172/3030/2172 4371/241/4371
f 1052/243/1052 3610/1263/3610 1431/244/1431
f 2908/246/2908 2905/3454/2905 2906/247/2906
f 82/65/82 96/64/96 1031/3455/1031
f 96/64/96 60/52/60 1031/3455/1031
f 60/52/60 48/1919/48 1031/3455/1031
f 1031/3455/1031 1030/252/1030 82/65/82
f 582/254/582 2600/291/2600 1462/255/1462
f 4619/257/4619 3788/3456/3788 3786/258/3786
f 2212/3457/2212 3515/3458/3515 1349/262/1349
f 3515/3458/3515 3516/3459/3516 2790/3460/2790
f 1349/262/1349 3515/3458/3515 4845/3461/4845
f 3516/3459/3516 1887/3462/1887 2790/3460/2790
f 1887/3462/1887 1849/3463/1849 4819/3464/4819
f 2790/3460/2790 1887/3462/1887 4646/3465/4646
f 1849/3463/1849 1850/3466/1850 4835/3467/4835
f 4835/3467/4835 1847/3468/1847 1849/3463/1849
f 1847/3468/1847 4819/3464/4819 1849/3463/1849
f 4819/3464/4819 3227/3469/3227 4646/3465/4646
f 2790/3460/2790 4846/3470/4846 4845/3461/4845
f 4819/3464/4819 4646/3465/4646 1887/3462/1887
f 3515/3458/3515 2790/3460/2790 4845/3461/4845
f 4845/3461/4845 4685/3471/4685 3265/3472/3265
f 4845/3461/4845 3265/3472/3265 3264/3473/3264
f 3264/3473/3264 1841/3474/1841 334/3475/334
f 4845/3461/4845 3264/3473/3264 1349/262/1349
f 3264/3473/3264 334/3475/334 4711/260/4711
f 334/3475/334 1643/3476/1643 4711/260/4711
f 1643/3476/1643 1786/3477/1786 1785/3478/1785
f 4711/260/4711 1969/3479/1969 4737/261/4737
f 1643/3476/1643 1785/3478/1785 4711/260/4711
f 1349/262/1349 3264/3473/3264 4711/260/4711
f 1168/263/1168 1165/3312/1165 1166/264/1166
f 759/266/759 1471/3307/1471 4948/267/4948
f 4177/269/4177 1746/1551/1746 1745/270/1745
f 2462/272/2462 3964/3480/3964 1264/273/1264
f 740/275/740 3233/3481/3233 3498/3482/3498
f 3233/3481/3233 2891/3483/2891 3498/3482/3498
f 3498/3482/3498 1870/276/1870 740/275/740
f 1870/276/1870 1868/3484/1868 1869/277/1869
f 1869/277/1869 2527/3485/2527 740/275/740
f 2527/3485/2527 4536/3486/4536 740/275/740
f 1394/3084/1394 1395/3083/1395 3258/3487/3258
f 1395/3083/1395 239/3087/239 3258/3487/3258
f 245/3488/245 1465/3489/1465 2503/278/2503
f 1465/3489/1465 3258/3487/3258 2503/278/2503
f 4173/280/4173 1435/3490/1435 2503/278/2503
f 1435/3490/1435 245/3488/245 2503/278/2503
f 3259/279/3259 2058/3491/2058 2757/3492/2757
f 2757/3492/2757 4173/280/4173 3259/279/3259
f 3258/3487/3258 239/3087/239 2503/278/2503
f 3506/2989/3506 2015/3493/2015 3813/282/3813
f 3813/282/3813 3251/3494/3251 3250/281/3250
f 3250/281/3250 3252/3495/3252 4047/471/4047
f 4047/471/4047 545/25/545 3250/281/3250
f 545/25/545 3506/2989/3506 3813/282/3813
f 3405/3496/3405 3208/3497/3208 2995/3498/2995
f 3208/3497/3208 2708/283/2708 3459/285/3459
f 2708/283/2708 3120/3499/3120 1881/284/1881
f 1881/284/1881 2341/3500/2341 3459/285/3459
f 3459/285/3459 2995/3498/2995 3208/3497/3208
f 73/55/73 49/40/49 48/39/48
f 2498/2211/2498 2497/892/2497 1649/3501/1649
f 2497/892/2497 549/1143/549 1649/3501/1649
f 4865/289/4865 4472/3502/4472 4143/2230/4143
f 549/1143/549 4865/289/4865 1649/3501/1649
f 1651/3503/1651 2532/3504/2532 1649/3501/1649
f 2532/3504/2532 2498/2211/2498 1649/3501/1649
f 1679/288/1679 1649/3501/1649 4865/289/4865
f 2259/287/2259 1680/737/1680 1679/288/1679
f 4865/289/4865 4143/2230/4143 2259/287/2259
f 4767/292/4767 2230/3505/2230 3358/293/3358
f 1811/295/1811 1810/3506/1810 4266/296/4266
f 2553/1899/2553 2552/2479/2552 3470/300/3470
f 2552/2479/2552 3469/298/3469 3470/300/3470
f 3625/301/3625 804/3507/804 4947/302/4947
f 4065/306/4065 4064/3508/4064 4841/304/4841
f 4064/3508/4064 2088/3509/2088 4841/304/4841
f 2088/3509/2088 1909/3510/1909 3073/2320/3073
f 3073/2320/3073 4841/304/4841 2088/3509/2088
f 547/307/547 2340/3511/2340 2338/308/2338
f 2549/310/2549 3785/3512/3785 1558/311/1558
f 627/313/627 4260/3513/4260 963/314/963
f 3988/3514/3988 259/3515/259 1639/319/1639
f 259/3515/259 4868/3516/4868 1639/319/1639
f 1639/319/1639 4575/3517/4575 583/320/583
f 4575/3517/4575 1391/3518/1391 583/320/583
f 4786/3519/4786 4885/2737/4885 2132/3520/2132
f 4885/2737/4885 3988/3514/3988 2132/3520/2132
f 818/721/818 964/3521/964 2132/3520/2132
f 583/320/583 1854/3522/1854 1878/321/1878
f 1878/321/1878 818/721/818 3988/3514/3988
f 818/721/818 2132/3520/2132 3988/3514/3988
f 3988/3514/3988 1639/319/1639 1878/321/1878
f 841/3523/841 3283/3148/3283 709/324/709
f 3283/3148/3283 2783/2800/2783 4199/322/4199
f 4199/322/4199 2782/2801/2782 264/323/264
f 3283/3148/3283 4199/322/4199 709/324/709
f 264/323/264 791/3147/791 709/324/709
f 2225/3524/2225 2755/3525/2755 177/3526/177
f 2755/3525/2755 532/3527/532 1077/3528/1077
f 1077/3528/1077 656/3529/656 1311/3530/1311
f 656/3529/656 403/3531/403 404/3532/404
f 2755/3525/2755 1077/3528/1077 4224/3533/4224
f 19/327/19 1054/3534/1054 2225/3524/2225
f 413/3535/413 18/3536/18 268/1007/268
f 18/3536/18 19/327/19 2942/326/2942
f 268/1007/268 18/3536/18 2942/326/2942
f 1515/3537/1515 414/3538/414 413/3535/413
f 2257/3539/2257 2256/3540/2256 1515/3537/1515
f 1244/3541/1244 968/3542/968 1245/3543/1245
f 2257/3539/2257 1515/3537/1515 2350/3544/2350
f 1515/3537/1515 413/3535/413 2350/3544/2350
f 1243/3545/1243 1244/3541/1244 1245/3543/1245
f 2322/1240/2322 1243/3545/1243 1245/3543/1245
f 3816/3546/3816 4488/1241/4488 2322/1240/2322
f 4150/3547/4150 4149/3548/4149 4071/3549/4071
f 3816/3546/3816 2322/1240/2322 2950/3550/2950
f 2322/1240/2322 1245/3543/1245 2950/3550/2950
f 1245/3543/1245 2257/3539/2257 1076/3551/1076
f 3816/3546/3816 3393/3552/3393 716/3553/716
f 19/327/19 2225/3524/2225 633/325/633
f 2755/3525/2755 4224/3533/4224 2347/3554/2347
f 656/3529/656 404/3532/404 1311/3530/1311
f 404/3532/404 348/3555/348 1311/3530/1311
f 1077/3528/1077 1311/3530/1311 2994/3556/2994
f 1311/3530/1311 1312/3557/1312 2994/3556/2994
f 2994/3556/2994 2419/3558/2419 3800/3559/3800
f 2419/3558/2419 2429/1147/2429 3800/3559/3800
f 1077/3528/1077 2994/3556/2994 3800/3559/3800
f 4224/3533/4224 1077/3528/1077 4681/3560/4681
f 1077/3528/1077 3800/3559/3800 1747/3561/1747
f 2880/3562/2880 2428/3563/2428 1980/3564/1980
f 3800/3559/3800 2880/3562/2880 2564/3565/2564
f 1077/3528/1077 1747/3561/1747 2007/196/2007
f 2880/3562/2880 1980/3564/1980 2564/3565/2564
f 2564/3565/2564 1873/3566/1873 1747/3561/1747
f 1747/3561/1747 3845/3567/3845 3403/194/3403
f 2007/196/2007 3760/195/3760 1985/3568/1985
f 1747/3561/1747 3403/194/3403 2007/196/2007
f 2564/3565/2564 1747/3561/1747 3800/3559/3800
f 2914/3569/2914 3613/3570/3613 4148/3571/4148
f 2047/3572/2047 3212/3573/3212 415/3574/415
f 3212/3573/3212 2914/3569/2914 4150/3547/4150
f 415/3574/415 3212/3573/3212 716/3553/716
f 2914/3569/2914 4148/3571/4148 4150/3547/4150
f 3212/3573/3212 4150/3547/4150 4071/3549/4071
f 1057/3575/1057 3989/3576/3989 327/3577/327
f 327/3577/327 415/3574/415 716/3553/716
f 3212/3573/3212 4071/3549/4071 3816/3546/3816
f 716/3553/716 3212/3573/3212 3816/3546/3816
f 716/3553/716 1057/3575/1057 327/3577/327
f 3393/3552/3393 715/3578/715 716/3553/716
f 2950/3550/2950 1157/3579/1157 3393/3552/3393
f 1076/3551/1076 2951/3580/2951 2950/3550/2950
f 1060/3581/1060 2554/3582/2554 1076/3551/1076
f 1493/3583/1493 2140/3584/2140 4255/3585/4255
f 2140/3584/2140 1060/3581/1060 4255/3585/4255
f 4255/3585/4255 4029/1523/4029 1493/3583/1493
f 291/3586/291 2351/3587/2351 413/3535/413
f 2351/3587/2351 2350/3544/2350 413/3535/413
f 268/1007/268 291/3586/291 413/3535/413
f 2350/3544/2350 4255/3585/4255 2257/3539/2257
f 4255/3585/4255 1060/3581/1060 2257/3539/2257
f 1076/3551/1076 2950/3550/2950 1245/3543/1245
f 2950/3550/2950 3393/3552/3393 3816/3546/3816
f 1060/3581/1060 1076/3551/1076 2257/3539/2257
f 2942/326/2942 1911/1008/1911 268/1007/268
f 633/325/633 2926/3588/2926 2942/326/2942
f 177/3526/177 3322/3589/3322 633/325/633
f 1428/3590/1428 269/3591/269 177/3526/177
f 3022/3592/3022 2326/3593/2326 1428/3590/1428
f 647/3594/647 85/3595/85 3022/3592/3022
f 2347/3554/2347 64/3596/64 647/3594/647
f 918/3597/918 395/3598/395 2347/3554/2347
f 4224/3533/4224 3401/3599/3401 918/3597/918
f 4681/3560/4681 65/3600/65 4224/3533/4224
f 1279/3601/1279 1280/3602/1280 4681/3560/4681
f 683/3603/683 3389/3604/3389 1279/3601/1279
f 1985/3568/1985 1986/3605/1986 683/3603/683
f 2007/196/2007 1985/3568/1985 683/3603/683
f 683/3603/683 1279/3601/1279 1077/3528/1077
f 1279/3601/1279 4681/3560/4681 1077/3528/1077
f 4224/3533/4224 918/3597/918 2347/3554/2347
f 1077/3528/1077 2007/196/2007 683/3603/683
f 2347/3554/2347 647/3594/647 2755/3525/2755
f 2755/3525/2755 647/3594/647 3022/3592/3022
f 3022/3592/3022 1428/3590/1428 2755/3525/2755
f 1428/3590/1428 177/3526/177 2755/3525/2755
f 177/3526/177 633/325/633 2225/3524/2225
f 3575/334/3575 999/3606/999 998/335/998
f 864/3197/864 865/119/865 444/3194/444
f 865/119/865 513/118/513 444/3194/444
f 513/118/513 514/117/514 2484/337/2484
f 2484/337/2484 393/3177/393 602/3183/602
f 602/3183/602 741/338/741 2484/337/2484
f 741/338/741 444/3194/444 513/118/513
f 444/3194/444 443/3193/443 864/3197/864
f 443/3193/443 2642/3607/2642 864/3197/864
f 2642/3607/2642 2005/3608/2005 1957/3196/1957
f 2005/3608/2005 4309/3181/4309 1957/3196/1957
f 4309/3181/4309 2581/3182/2581 1957/3196/1957
f 1957/3196/1957 1855/3195/1855 2642/3607/2642
f 1855/3195/1855 864/3197/864 2642/3607/2642
f 4068/2390/4068 2344/3609/2344 4060/341/4060
f 2344/3609/2344 313/339/313 4060/341/4060
f 4869/347/4869 1024/3610/1024 1023/3611/1023
f 1023/3611/1023 2125/345/2125 4869/347/4869
f 4255/348/4255 2350/3612/2350 2351/128/2351
f 3388/350/3388 908/2420/908 430/351/430
f 4240/353/4240 2236/3613/2236 2235/354/2235
f 1067/356/1067 165/3614/165 1065/357/1065
f 1924/3615/1924 2514/3616/2514 2513/178/2513
f 2514/3616/2514 267/3617/267 2513/178/2513
f 267/3617/267 1668/176/1668 2513/178/2513
f 4551/3618/4551 1086/3619/1086 4192/3620/4192
f 1086/3619/1086 1088/3621/1088 1205/3622/1205
f 4192/3620/4192 1086/3619/1086 1205/3622/1205
f 1088/3621/1088 1924/3615/1924 1205/3622/1205
f 1924/3615/1924 2513/178/2513 1205/3622/1205
f 2513/178/2513 3752/177/3752 1205/3622/1205
f 4623/3623/4623 1204/3624/1204 1205/3622/1205
f 4623/3623/4623 1205/3622/1205 3752/177/3752
f 3402/359/3402 2500/3625/2500 89/3626/89
f 2500/3625/2500 4946/3627/4946 89/3626/89
f 4623/3623/4623 3752/177/3752 3402/359/3402
f 1262/3628/1262 2222/3629/2222 2223/3630/2223
f 2223/3630/2223 4623/3623/4623 3402/359/3402
f 3037/3631/3037 4325/3632/4325 3553/3633/3553
f 3402/359/3402 89/3626/89 3975/360/3975
f 89/3626/89 3037/3631/3037 3975/360/3975
f 1262/3628/1262 2223/3630/2223 1730/361/1730
f 2223/3630/2223 3402/359/3402 1730/361/1730
f 2615/3634/2615 1778/3635/1778 380/3636/380
f 1778/3635/1778 1262/3628/1262 380/3636/380
f 2285/3637/2285 4233/3638/4233 380/3636/380
f 380/3636/380 1262/3628/1262 2285/3637/2285
f 2285/3637/2285 1262/3628/1262 1730/361/1730
f 3464/3639/3464 2284/3640/2284 2285/3637/2285
f 3037/3631/3037 3553/3633/3553 2346/3641/2346
f 3553/3633/3553 4202/3642/4202 2346/3641/2346
f 4102/3643/4102 956/3644/956 3464/3639/3464
f 4202/3642/4202 981/3645/981 2346/3641/2346
f 981/3645/981 923/3646/923 922/3647/922
f 3088/3648/3088 3564/3649/3564 1385/3650/1385
f 981/3645/981 922/3647/922 3088/3648/3088
f 2604/3651/2604 3947/3652/3947 4433/3653/4433
f 4189/3654/4189 4785/3655/4785 2604/3651/2604
f 3440/3656/3440 257/3657/257 1115/3658/1115
f 257/3657/257 4189/3654/4189 1115/3658/1115
f 3150/3659/3150 3149/3660/3149 3440/3656/3440
f 4807/3661/4807 3593/3662/3593 3150/3659/3150
f 4166/3663/4166 4165/3664/4165 4807/3661/4807
f 2160/3665/2160 2159/3666/2159 4166/3663/4166
f 1730/361/1730 1693/3667/1693 2160/3665/2160
f 1730/361/1730 2160/3665/2160 2285/3637/2285
f 2160/3665/2160 4166/3663/4166 3464/3639/3464
f 4807/3661/4807 3150/3659/3150 3464/3639/3464
f 3150/3659/3150 3440/3656/3440 1115/3658/1115
f 3464/3639/3464 3150/3659/3150 4102/3643/4102
f 2160/3665/2160 3464/3639/3464 2285/3637/2285
f 4166/3663/4166 4807/3661/4807 3464/3639/3464
f 4189/3654/4189 2604/3651/2604 4433/3653/4433
f 4189/3654/4189 4433/3653/4433 1115/3658/1115
f 2845/3668/2845 1427/3669/1427 2346/3641/2346
f 316/3670/316 1486/3671/1486 1487/3672/1487
f 1487/3672/1487 2845/3668/2845 2346/3641/2346
f 1487/3672/1487 2346/3641/2346 981/3645/981
f 2346/3641/2346 3975/360/3975 3037/3631/3037
f 314/3673/314 315/3674/315 316/3670/316
f 316/3670/316 1487/3672/1487 3088/3648/3088
f 314/3673/314 316/3670/316 3872/3675/3872
f 1487/3672/1487 981/3645/981 3088/3648/3088
f 4103/3676/4103 3645/3677/3645 3872/3675/3872
f 3645/3677/3645 314/3673/314 3872/3675/3872
f 2378/3678/2378 3924/3679/3924 2822/3680/2822
f 3924/3679/3924 3872/3675/3872 2822/3680/2822
f 3872/3675/3872 316/3670/316 3088/3648/3088
f 2824/3681/2824 2378/3678/2378 2822/3680/2822
f 2822/3680/2822 3872/3675/3872 2823/3682/2823
f 2823/3682/2823 3872/3675/3872 3088/3648/3088
f 3088/3648/3088 1385/3650/1385 2823/3682/2823
f 1115/3658/1115 4102/3643/4102 3150/3659/3150
f 3228/1231/3228 2116/3683/2116 2866/3684/2866
f 2116/3683/2116 2117/3685/2117 2866/3684/2866
f 2117/3685/2117 1692/3686/1692 1845/3687/1845
f 2117/3685/2117 1845/3687/1845 2716/3688/2716
f 1605/1232/1605 3228/1231/3228 1656/3689/1656
f 1655/2089/1655 1606/3690/1606 1656/3689/1656
f 1606/3690/1606 1605/1232/1605 1656/3689/1656
f 2299/1857/2299 2412/2090/2412 1341/3691/1341
f 2412/2090/2412 1656/3689/1656 298/3692/298
f 1341/3691/1341 2412/2090/2412 298/3692/298
f 3228/1231/3228 2866/3684/2866 2477/3693/2477
f 2117/3685/2117 2716/3688/2716 2536/364/2536
f 2866/3684/2866 2117/3685/2117 2536/364/2536
f 4725/3694/4725 1846/3695/1846 4789/3696/4789
f 1846/3695/1846 2989/3697/2989 4789/3696/4789
f 2716/3688/2716 4725/3694/4725 2536/364/2536
f 2133/1854/2133 2299/1857/2299 1341/3691/1341
f 4788/3698/4788 2990/3699/2990 3529/3700/3529
f 4725/3694/4725 4789/3696/4789 1221/3701/1221
f 4789/3696/4789 4788/3698/4788 1221/3701/1221
f 3228/1231/3228 2477/3693/2477 2983/3702/2983
f 1341/3691/1341 3343/3703/3343 2133/1854/2133
f 298/3692/298 1342/3704/1342 1341/3691/1341
f 4644/3705/4644 2599/3706/2599 298/3692/298
f 635/3707/635 4385/3708/4385 4644/3705/4644
f 2558/3709/2558 4419/3710/4419 635/3707/635
f 4667/3711/4667 3694/3712/3694 2558/3709/2558
f 1399/3713/1399 4072/3714/4072 4667/3711/4667
f 2983/3702/2983 1399/3713/1399 4667/3711/4667
f 4667/3711/4667 2558/3709/2558 2983/3702/2983
f 2558/3709/2558 635/3707/635 2983/3702/2983
f 635/3707/635 4644/3705/4644 1656/3689/1656
f 4644/3705/4644 298/3692/298 1656/3689/1656
f 635/3707/635 1656/3689/1656 3228/1231/3228
f 2983/3702/2983 635/3707/635 3228/1231/3228
f 2866/3684/2866 2476/3715/2476 2477/3693/2477
f 4725/3694/4725 1221/3701/1221 2536/364/2536
f 4788/3698/4788 3529/3700/3529 1221/3701/1221
f 3529/3700/3529 3880/3716/3880 3957/3717/3957
f 3957/3717/3957 2704/3718/2704 2703/3719/2703
f 3957/3717/3957 2703/3719/2703 1221/3701/1221
f 3529/3700/3529 3957/3717/3957 1221/3701/1221
f 2442/3720/2442 1377/3721/1377 3820/3722/3820
f 1377/3721/1377 2866/3684/2866 3820/3722/3820
f 3057/3723/3057 4888/3724/4888 4887/3725/4887
f 1221/3701/1221 3057/3723/3057 3621/362/3621
f 2536/364/2536 3820/3722/3820 2866/3684/2866
f 2536/364/2536 1221/3701/1221 3621/362/3621
f 3057/3723/3057 4887/3725/4887 3621/362/3621
f 3621/362/3621 2644/3726/2644 2537/363/2537
f 2766/365/2766 2765/831/2765 2135/366/2135
f 1860/368/1860 3648/3727/3648 1861/369/1861
f 1604/371/1604 212/3728/212 4293/372/4293
f 2192/3729/2192 1749/820/1749 1705/822/1705
f 1705/822/1705 4104/821/4104 810/3730/810
f 4104/821/4104 811/3731/811 810/3730/810
f 810/3730/810 1287/3052/1287 1788/3051/1788
f 4276/3732/4276 4540/3733/4540 2192/3729/2192
f 1705/822/1705 810/3730/810 4006/3734/4006
f 810/3730/810 1788/3051/1788 4006/3734/4006
f 4191/3735/4191 4276/3732/4276 1396/3736/1396
f 4276/3732/4276 2192/3729/2192 1122/3737/1122
f 1396/3736/1396 4276/3732/4276 1122/3737/1122
f 2192/3729/2192 1705/822/1705 1156/3738/1156
f 1396/3736/1396 2126/3739/2126 4191/3735/4191
f 3815/3740/3815 3071/3741/3071 1122/3737/1122
f 3071/3741/3071 1396/3736/1396 1122/3737/1122
f 1156/3738/1156 360/3742/360 1122/3737/1122
f 1122/3737/1122 2192/3729/2192 1156/3738/1156
f 1156/3738/1156 1705/822/1705 4006/3734/4006
f 1788/3051/1788 1061/101/1061 1947/854/1947
f 4006/3734/4006 1788/3051/1788 3870/2774/3870
f 701/3743/701 3582/3744/3582 702/3745/702
f 1061/101/1061 701/3743/701 1582/3746/1582
f 4779/1305/4779 3870/2774/3870 1947/854/1947
f 1947/854/1947 1061/101/1061 1582/3746/1582
f 3870/2774/3870 1788/3051/1788 1947/854/1947
f 702/3745/702 3875/3747/3875 4483/3748/4483
f 701/3743/701 702/3745/702 4483/3748/4483
f 4482/3749/4482 3911/3750/3911 2483/3751/2483
f 4482/3749/4482 2483/3751/2483 2153/3752/2153
f 2483/3751/2483 963/3753/963 4260/3754/4260
f 2153/3752/2153 2483/3751/2483 4260/3754/4260
f 4260/3754/4260 627/3755/627 2289/3756/2289
f 4260/3754/4260 2289/3756/2289 2617/3757/2617
f 2289/3756/2289 4916/3758/4916 2617/3757/2617
f 4916/3758/4916 4415/3759/4415 4467/3760/4467
f 4415/3759/4415 3392/3761/3392 4467/3760/4467
f 4467/3760/4467 4338/3762/4338 4036/3763/4036
f 4916/3758/4916 4467/3760/4467 925/2119/925
f 4467/3760/4467 4036/3763/4036 925/2119/925
f 4036/3763/4036 561/2120/561 925/2119/925
f 925/2119/925 4098/2122/4098 4504/3764/4504
f 1994/3765/1994 878/3766/878 2905/3454/2905
f 925/2119/925 4504/3764/4504 1994/3765/1994
f 4916/3758/4916 925/2119/925 2908/246/2908
f 925/2119/925 1994/3765/1994 2908/246/2908
f 1994/3765/1994 2905/3454/2905 2908/246/2908
f 2908/246/2908 2907/248/2907 4916/3758/4916
f 2907/248/2907 3763/3767/3763 2617/3757/2617
f 2617/3757/2617 4916/3758/4916 2907/248/2907
f 2153/3752/2153 4260/3754/4260 2617/3757/2617
f 2617/3757/2617 4572/1536/4572 2153/3752/2153
f 4572/1536/4572 2031/3768/2031 2153/3752/2153
f 2031/3768/2031 209/3769/209 3979/3770/3979
f 209/3769/209 3980/1633/3980 3979/3770/3979
f 3979/3770/3979 2853/1632/2853 3916/3771/3916
f 2853/1632/2853 4024/3772/4024 3178/3773/3178
f 4483/3748/4483 4482/3749/4482 4674/3774/4674
f 2936/1306/2936 4779/1305/4779 790/3775/790
f 4482/3749/4482 2153/3752/2153 4674/3774/4674
f 701/3743/701 4483/3748/4483 4674/3774/4674
f 2853/1632/2853 3178/3773/3178 3916/3771/3916
f 2031/3768/2031 3979/3770/3979 2153/3752/2153
f 344/3776/344 3436/1304/3436 2936/1306/2936
f 2153/3752/2153 3979/3770/3979 3916/3771/3916
f 344/3776/344 2936/1306/2936 2957/3777/2957
f 4779/1305/4779 1947/854/1947 790/3775/790
f 2957/3777/2957 2936/1306/2936 790/3775/790
f 2957/3777/2957 4168/992/4168 344/3776/344
f 4088/3778/4088 4651/993/4651 790/3775/790
f 4651/993/4651 2957/3777/2957 790/3775/790
f 790/3775/790 2902/2237/2902 4088/3778/4088
f 2439/2177/2439 2438/2176/2438 790/3775/790
f 3791/3779/3791 4776/1584/4776 2439/2177/2439
f 3060/217/3060 4665/1585/4665 1965/3374/1965
f 4665/1585/4665 3791/3779/3791 1616/1579/1616
f 1965/3374/1965 4665/1585/4665 3677/3375/3677
f 3677/3375/3677 3609/218/3609 1965/3374/1965
f 3677/3375/3677 4665/1585/4665 1616/1579/1616
f 3791/3779/3791 2439/2177/2439 1947/854/1947
f 2439/2177/2439 790/3775/790 1947/854/1947
f 3178/3773/3178 3914/2700/3914 2664/2699/2664
f 2664/2699/2664 1779/2698/1779 1780/3780/1780
f 3178/3773/3178 2664/2699/2664 1085/2389/1085
f 2664/2699/2664 1780/3780/1780 1804/3781/1804
f 1780/3780/1780 143/863/143 3398/862/3398
f 3398/862/3398 1805/881/1805 1804/3781/1804
f 1804/3781/1804 2444/773/2444 2077/775/2077
f 2077/775/2077 2078/774/2078 2470/3782/2470
f 2470/3782/2470 4542/2696/4542 2657/2695/2657
f 2657/2695/2657 4915/1803/4915 1144/1244/1144
f 756/2793/756 1373/3783/1373 1372/2544/1372
f 1144/1244/1144 756/2793/756 1372/2544/1372
f 1372/2544/1372 46/2543/46 1144/1244/1144
f 46/2543/46 807/3784/807 1144/1244/1144
f 807/3784/807 806/3785/806 1661/2388/1661
f 1661/2388/1661 1085/2389/1085 807/3784/807
f 1085/2389/1085 3916/3771/3916 3178/3773/3178
f 807/3784/807 1085/2389/1085 2664/2699/2664
f 2077/775/2077 2470/3782/2470 2657/2695/2657
f 2657/2695/2657 1144/1244/1144 807/3784/807
f 2657/2695/2657 807/3784/807 1804/3781/1804
f 1804/3781/1804 807/3784/807 2664/2699/2664
f 1804/3781/1804 2077/775/2077 2657/2695/2657
f 1780/3780/1780 3398/862/3398 1804/3781/1804
f 1616/1579/1616 4642/3376/4642 3677/3375/3677
f 2147/1605/2147 2624/1580/2624 1616/1579/1616
f 4241/355/4241 2235/354/2235 2147/1605/2147
f 4283/548/4283 4240/353/4240 4241/355/4241
f 1947/854/1947 2390/857/2390 4241/355/4241
f 2390/857/2390 4283/548/4283 4241/355/4241
f 1582/3746/1582 1583/3786/1583 2363/855/2363
f 1582/3746/1582 2363/855/2363 1947/854/1947
f 2262/2006/2262 4945/2008/4945 313/339/313
f 4945/2008/4945 1582/3746/1582 313/339/313
f 3444/3787/3444 3137/3788/3137 2262/2006/2262
f 4512/3789/4512 3444/3787/3444 2262/2006/2262
f 392/3790/392 4512/3789/4512 2262/2006/2262
f 3094/3791/3094 391/3792/391 392/3790/392
f 1252/1022/1252 3968/3793/3968 3094/3791/3094
f 2052/3794/2052 2053/3795/2053 3094/3791/3094
f 2053/3795/2053 1252/1022/1252 3094/3791/3094
f 2360/3796/2360 3725/1724/3725 750/1463/750
f 3725/1724/3725 1706/1723/1706 3094/3791/3094
f 750/1463/750 3725/1724/3725 3094/3791/3094
f 1706/1723/1706 2052/3794/2052 3094/3791/3094
f 3094/3791/3094 392/3790/392 747/3797/747
f 392/3790/392 2262/2006/2262 747/3797/747
f 3094/3791/3094 747/3797/747 750/1463/750
f 747/3797/747 2262/2006/2262 2255/3798/2255
f 2255/3798/2255 2262/2006/2262 313/339/313
f 2233/3799/2233 2183/3800/2183 313/339/313
f 2183/3800/2183 2626/962/2626 313/339/313
f 2626/962/2626 2255/3798/2255 313/339/313
f 1947/854/1947 4241/355/4241 2147/1605/2147
f 1947/854/1947 2147/1605/2147 3791/3779/3791
f 2147/1605/2147 1616/1579/1616 3791/3779/3791
f 2065/1943/2065 2233/3799/2233 2344/3609/2344
f 4860/3801/4860 2065/1943/2065 4279/3802/4279
f 2233/3799/2233 313/339/313 2344/3609/2344
f 3531/3803/3531 4860/3801/4860 3532/1859/3532
f 313/339/313 1582/3746/1582 3073/3804/3073
f 1582/3746/1582 701/3743/701 3527/168/3527
f 3532/1859/3532 4860/3801/4860 4279/3802/4279
f 4279/3802/4279 3533/1860/3533 3532/1859/3532
f 4674/3774/4674 3811/3316/3811 2055/2827/2055
f 2065/1943/2065 2344/3609/2344 4279/3802/4279
f 3503/3805/3503 1099/2398/1099 2344/3609/2344
f 1099/2398/1099 4279/3802/4279 2344/3609/2344
f 4855/3806/4855 3502/2399/3502 3503/3805/3503
f 17/3807/17 16/3808/16 4535/3809/4535
f 4535/3809/4535 4855/3806/4855 3503/3805/3503
f 701/3743/701 4674/3774/4674 3527/168/3527
f 4674/3774/4674 2055/2827/2055 2054/169/2054
f 3527/168/3527 4674/3774/4674 2054/169/2054
f 3527/168/3527 2325/3318/2325 1322/3810/1322
f 2325/3318/2325 3356/1319/3356 1322/3810/1322
f 3356/1319/3356 355/1321/355 1322/3810/1322
f 1322/3810/1322 4841/3811/4841 3527/168/3527
f 4841/3811/4841 3073/3804/3073 3527/168/3527
f 3073/3804/3073 1866/340/1866 313/339/313
f 2344/3609/2344 4068/2390/4068 1464/3812/1464
f 3527/168/3527 3073/3804/3073 1582/3746/1582
f 4535/3809/4535 3503/3805/3503 1464/3812/1464
f 1898/1792/1898 2614/3813/2614 680/374/680
f 2614/3813/2614 2507/3814/2507 680/374/680
f 1100/3815/1100 3192/3816/3192 3441/3817/3441
f 3441/3817/3441 1898/1792/1898 1941/3306/1941
f 2718/2442/2718 1898/1792/1898 118/376/118
f 417/3818/417 509/3819/509 1100/3815/1100
f 1816/3820/1816 1548/3821/1548 417/3818/417
f 4495/3822/4495 3404/3823/3404 1816/3820/1816
f 4689/511/4689 68/513/68 951/1386/951
f 68/513/68 4495/3822/4495 951/1386/951
f 951/1386/951 3135/1385/3135 4689/511/4689
f 615/1540/615 950/1387/950 614/3824/614
f 950/1387/950 951/1386/951 1299/1078/1299
f 614/3824/614 950/1387/950 1299/1078/1299
f 3105/3825/3105 1197/3826/1197 614/3824/614
f 4495/3822/4495 1816/3820/1816 951/1386/951
f 1816/3820/1816 417/3818/417 951/1386/951
f 417/3818/417 1100/3815/1100 3441/3817/3441
f 3105/3825/3105 614/3824/614 1299/1078/1299
f 1299/1078/1299 2627/1080/2627 3105/3825/3105
f 2988/3827/2988 2381/1079/2381 1299/1078/1299
f 1046/3828/1046 3423/3829/3423 2988/3827/2988
f 754/1776/754 1046/3828/1046 2988/3827/2988
f 754/1776/754 2988/3827/2988 1299/1078/1299
f 4918/1975/4918 832/1977/832 2801/3830/2801
f 2801/3830/2801 754/1776/754 1299/1078/1299
f 1299/1078/1299 951/1386/951 417/3818/417
f 1299/1078/1299 417/3818/417 1825/2925/1825
f 417/3818/417 3441/3817/3441 1825/2925/1825
f 2653/3831/2653 4918/1975/4918 2801/3830/2801
f 2801/3830/2801 1299/1078/1299 1825/2925/1825
f 1898/1792/1898 2718/2442/2718 1941/3306/1941
f 1825/2925/1825 3441/3817/3441 954/2923/954
f 3796/3314/3796 2653/3831/2653 1825/2925/1825
f 2653/3831/2653 2801/3830/2801 1825/2925/1825
f 1825/2925/1825 4378/2924/4378 3796/3314/3796
f 1941/3306/1941 3902/3310/3902 954/2923/954
f 1941/3306/1941 954/2923/954 3441/3817/3441
f 4345/2103/4345 4344/3832/4344 2718/2442/2718
f 1974/2101/1974 4345/2103/4345 4259/1181/4259
f 4345/2103/4345 2718/2442/2718 4259/1181/4259
f 1898/1792/1898 680/374/680 118/376/118
f 2772/3833/2772 1974/2101/1974 1908/1182/1908
f 2717/1262/2717 2089/3834/2089 2088/1260/2088
f 2089/3834/2089 4343/2102/4343 2088/1260/2088
f 4343/2102/4343 2772/3833/2772 2088/1260/2088
f 1909/3835/1909 2088/1260/2088 2772/3833/2772
f 1464/3812/1464 1463/3836/1463 679/3837/679
f 3503/3805/3503 2344/3609/2344 1464/3812/1464
f 1464/3812/1464 679/3837/679 4535/3809/4535
f 17/3807/17 4535/3809/4535 679/3837/679
f 17/3807/17 679/3837/679 2507/3814/2507
f 679/3837/679 680/374/680 2507/3814/2507
f 1908/1182/1908 1909/3835/1909 2772/3833/2772
f 118/376/118 2238/533/2238 4259/1181/4259
f 4259/1181/4259 1908/1182/1908 1974/2101/1974
f 1022/375/1022 4032/2750/4032 102/780/102
f 2718/2442/2718 118/376/118 4259/1181/4259
f 1022/375/1022 102/780/102 117/3838/117
f 102/780/102 4596/3839/4596 117/3838/117
f 1022/375/1022 117/3838/117 118/376/118
f 2357/377/2357 87/3840/87 2358/378/2358
f 2402/380/2402 3589/3841/3589 2401/381/2401
f 1903/385/1903 1791/3842/1791 1828/383/1828
f 1791/3842/1791 1790/3843/1790 1828/383/1828
f 223/388/223 4635/2311/4635 4636/2313/4636
f 4636/2313/4636 1968/3844/1968 223/388/223
f 1968/3844/1968 1102/386/1102 223/388/223
f 2003/389/2003 3363/3845/3363 4329/390/4329
f 3223/394/3223 4500/3846/4500 3222/392/3222
f 4500/3846/4500 309/121/309 3530/3847/3530
f 3222/392/3222 4500/3846/4500 3530/3847/3530
f 4557/3848/4557 4122/3849/4122 1561/396/1561
f 4122/3849/4122 1089/3850/1089 1561/396/1561
f 2631/397/2631 4479/2795/4479 3216/3851/3216
f 4479/2795/4479 1039/2794/1039 3216/3851/3216
f 1089/3850/1089 2631/397/2631 1561/396/1561
f 232/3852/232 2281/3853/2281 4557/3848/4557
f 2673/3854/2673 3158/3855/3158 232/3852/232
f 2451/3856/2451 3987/3857/3987 233/3858/233
f 233/3858/233 2673/3854/2673 232/3852/232
f 232/3852/232 4557/3848/4557 233/3858/233
f 233/3858/233 4557/3848/4557 2451/3856/2451
f 3216/3851/3216 4610/3859/4610 2694/3860/2694
f 2694/3860/2694 2695/3861/2695 945/3862/945
f 945/3862/945 2184/3863/2184 411/395/411
f 411/395/411 2229/3864/2229 1561/396/1561
f 1561/396/1561 2451/3856/2451 4557/3848/4557
f 2631/397/2631 3216/3851/3216 2694/3860/2694
f 2694/3860/2694 945/3862/945 2631/397/2631
f 945/3862/945 411/395/411 2631/397/2631
f 690/398/690 4602/3865/4602 2589/399/2589
f 4724/401/4724 2671/3866/2671 1967/402/1967
f 272/3867/272 555/3868/555 2793/3869/2793
f 2793/3869/2793 2166/3870/2166 4687/3871/4687
f 4687/3871/4687 2234/3872/2234 729/3873/729
f 729/3873/729 3144/3874/3144 3919/3875/3919
f 3919/3875/3919 2625/3876/2625 3745/3877/3745
f 2625/3876/2625 4353/3878/4353 3745/3877/3745
f 3745/3877/3745 3299/3879/3299 2584/3880/2584
f 729/3873/729 3919/3875/3919 2584/3880/2584
f 3919/3875/3919 3745/3877/3745 2584/3880/2584
f 2584/3880/2584 2219/3881/2219 2369/3882/2369
f 272/3867/272 2793/3869/2793 214/3349/214
f 2793/3869/2793 4687/3871/4687 4227/3883/4227
f 4687/3871/4687 729/3873/729 2369/3882/2369
f 729/3873/729 2584/3880/2584 2369/3882/2369
f 2303/3884/2303 4380/3885/4380 272/3867/272
f 2793/3869/2793 4227/3883/4227 214/3349/214
f 4687/3871/4687 2369/3882/2369 4227/3883/4227
f 2224/406/2224 982/2574/982 556/3886/556
f 2369/3882/2369 2224/406/2224 1732/405/1732
f 2302/3887/2302 2303/3884/2303 2301/3347/2301
f 2303/3884/2303 272/3867/272 2301/3347/2301
f 214/3349/214 2301/3347/2301 272/3867/272
f 1731/3888/1731 2218/3889/2218 4227/3883/4227
f 2369/3882/2369 1732/405/1732 4227/3883/4227
f 556/3886/556 2499/2573/2499 3097/3890/3097
f 2499/2573/2499 2383/3891/2383 845/3892/845
f 2224/406/2224 556/3886/556 3015/3893/3015
f 2499/2573/2499 845/3892/845 3097/3890/3097
f 2383/3891/2383 2638/3894/2638 1794/3895/1794
f 2638/3894/2638 994/3896/994 1794/3895/1794
f 994/3896/994 995/3897/995 1794/3895/1794
f 1794/3895/1794 1081/3898/1081 2383/3891/2383
f 1081/3898/1081 495/3899/495 2383/3891/2383
f 495/3899/495 496/3900/496 845/3892/845
f 845/3892/845 2667/3901/2667 3097/3890/3097
f 3097/3890/3097 1163/3902/1163 3015/3893/3015
f 3015/3893/3015 3014/3903/3014 1766/404/1766
f 3014/3903/3014 2820/3904/2820 1766/404/1766
f 495/3899/495 845/3892/845 2383/3891/2383
f 3097/3890/3097 3015/3893/3015 556/3886/556
f 3015/3893/3015 1766/404/1766 2224/406/2224
f 1732/405/1732 1731/3888/1731 4227/3883/4227
f 2349/408/2349 2864/2128/2864 4570/3905/4570
f 2864/2128/2864 4607/2127/4607 4570/3905/4570
f 4570/3905/4570 4494/409/4494 2349/408/2349
f 4494/409/4494 1688/3906/1688 1689/3907/1689
f 1689/3907/1689 156/3908/156 3481/3909/3481
f 3481/3909/3481 4450/1394/4450 1689/3907/1689
f 4450/1394/4450 1256/407/1256 4494/409/4494
f 1689/3907/1689 4450/1394/4450 4494/409/4494
f 187/412/187 186/3910/186 3343/3911/3343
f 186/3910/186 4210/3912/4210 3343/3911/3343
f 4210/3912/4210 2133/3913/2133 3343/3911/3343
f 3343/3911/3343 1341/3914/1341 1342/3915/1342
f 1342/3915/1342 298/3916/298 2599/3917/2599
f 2599/3917/2599 4644/3918/4644 4385/410/4385
f 4385/410/4385 635/3919/635 4419/3920/4419
f 4419/3920/4419 2558/3921/2558 3694/3922/3694
f 3694/3922/3694 4667/3923/4667 4072/3924/4072
f 4072/3924/4072 1399/3925/1399 1400/3926/1400
f 1400/3926/1400 2370/3927/2370 901/3928/901
f 901/3928/901 902/3929/902 482/3930/482
f 902/3929/902 3666/1380/3666 482/3930/482
f 4072/3924/4072 1400/3926/1400 483/3931/483
f 1400/3926/1400 901/3928/901 482/3930/482
f 483/3931/483 1400/3926/1400 482/3930/482
f 4385/410/4385 4419/3920/4419 4431/411/4431
f 4419/3920/4419 3694/3922/3694 4431/411/4431
f 3694/3922/3694 4072/3924/4072 4431/411/4431
f 483/3931/483 2797/1379/2797 4906/3932/4906
f 483/3931/483 4906/3932/4906 4431/411/4431
f 4072/3924/4072 483/3931/483 4431/411/4431
f 2599/3917/2599 4385/410/4385 187/412/187
f 3343/3911/3343 1342/3915/1342 187/412/187
f 1342/3915/1342 2599/3917/2599 187/412/187
f 4230/3933/4230 2199/3934/2199 187/412/187
f 4431/411/4431 4230/3933/4230 187/412/187
f 281/3935/281 519/3936/519 2362/3937/2362
f 2362/3937/2362 596/3938/596 595/3939/595
f 595/3939/595 29/3940/29 3385/3941/3385
f 29/3940/29 3034/3942/3034 3385/3941/3385
f 595/3939/595 3385/3941/3385 3893/3943/3893
f 3034/3942/3034 4350/3944/4350 347/3945/347
f 4350/3944/4350 2074/3946/2074 347/3945/347
f 2074/3946/2074 4303/3947/4303 4302/3948/4302
f 4302/3948/4302 4548/3949/4548 4035/3950/4035
f 4035/3950/4035 2049/3951/2049 4076/3952/4076
f 347/3945/347 3385/3941/3385 3034/3942/3034
f 4035/3950/4035 4076/3952/4076 347/3945/347
f 2074/3946/2074 4302/3948/4302 347/3945/347
f 4302/3948/4302 4035/3950/4035 347/3945/347
f 3893/3943/3893 3189/3953/3189 1683/3954/1683
f 2362/3937/2362 595/3939/595 1682/3955/1682
f 595/3939/595 3893/3943/3893 1682/3955/1682
f 3893/3943/3893 1683/3954/1683 1682/3955/1682
f 282/3956/282 283/3957/283 281/3935/281
f 281/3935/281 2362/3937/2362 3183/3958/3183
f 2362/3937/2362 1682/3955/1682 463/3959/463
f 3183/3958/3183 2362/3937/2362 463/3959/463
f 1682/3955/1682 1840/1971/1840 1105/3960/1105
f 281/3935/281 3183/3958/3183 2682/3961/2682
f 674/3962/674 282/3956/282 281/3935/281
f 1288/3963/1288 1290/3964/1290 674/3962/674
f 2682/3961/2682 1289/3965/1289 1288/3963/1288
f 3183/3958/3183 1340/3966/1340 2682/3961/2682
f 463/3959/463 3245/3967/3245 3183/3958/3183
f 1105/3960/1105 462/3968/462 463/3959/463
f 4413/1020/4413 4237/290/4237 1105/3960/1105
f 1514/1067/1514 4413/1020/4413 1105/3960/1105
f 1105/3960/1105 463/3959/463 1682/3955/1682
f 2682/3961/2682 1288/3963/1288 281/3935/281
f 1288/3963/1288 674/3962/674 281/3935/281
f 2819/1068/2819 1514/1067/1514 1840/1971/1840
f 1514/1067/1514 1105/3960/1105 1840/1971/1840
f 2781/3969/2781 3362/3970/3362 3585/3971/3585
f 3362/3970/3362 2819/1068/2819 3585/3971/3585
f 3561/3972/3561 4027/3973/4027 250/3974/250
f 4027/3973/4027 3585/3971/3585 2356/3975/2356
f 250/3974/250 4027/3973/4027 2356/3975/2356
f 3287/3976/3287 696/3977/696 3569/3978/3569
f 2819/1068/2819 1840/1971/1840 3585/3971/3585
f 1840/1971/1840 3287/3976/3287 3707/3979/3707
f 3585/3971/3585 1840/1971/1840 2356/3975/2356
f 3708/3980/3708 3561/3972/3561 250/3974/250
f 3287/3976/3287 3569/3978/3569 2688/2769/2688
f 2689/2768/2689 4476/3981/4476 3707/3979/3707
f 3287/3976/3287 2688/2769/2688 2689/2768/2689
f 250/3974/250 2356/3975/2356 97/3982/97
f 97/3982/97 13/3983/13 250/3974/250
f 3287/3976/3287 2689/2768/2689 3707/3979/3707
f 3707/3979/3707 1856/1345/1856 1840/1971/1840
f 1856/1345/1856 1972/1344/1972 1840/1971/1840
f 505/3984/505 1594/3985/1594 4146/3986/4146
f 1972/1344/1972 505/3984/505 1840/1971/1840
f 505/3984/505 4146/3986/4146 410/3987/410
f 4146/3986/4146 4225/3988/4225 4747/3989/4747
f 4225/3988/4225 943/3990/943 1640/3991/1640
f 4146/3986/4146 4747/3989/4747 410/3987/410
f 943/3990/943 944/459/944 3003/3992/3003
f 3002/3993/3002 3782/3994/3782 2250/2970/2250
f 3782/3994/3782 2249/2968/2249 2250/2970/2250
f 943/3990/943 3003/3992/3003 2250/2970/2250
f 3003/3992/3003 3002/3993/3002 2250/2970/2250
f 505/3984/505 410/3987/410 2356/3975/2356
f 505/3984/505 2356/3975/2356 1840/1971/1840
f 410/3987/410 1614/3995/1614 2356/3975/2356
f 4524/3996/4524 685/3997/685 826/2425/826
f 685/3997/685 4747/3989/4747 826/2425/826
f 4747/3989/4747 4225/3988/4225 1640/3991/1640
f 1640/3991/1640 3128/3998/3128 1857/413/1857
f 2250/2970/2250 1640/3991/1640 943/3990/943
f 2113/3999/2113 827/2426/827 826/2425/826
f 826/2425/826 4747/3989/4747 2113/3999/2113
f 4747/3989/4747 1640/3991/1640 2113/3999/2113
f 1857/413/1857 75/2969/75 76/414/76
f 2113/3999/2113 1640/3991/1640 1135/415/1135
f 1640/3991/1640 1857/413/1857 1135/415/1135
f 76/414/76 1199/4000/1199 3519/4001/3519
f 76/414/76 3519/4001/3519 1135/415/1135
f 2945/2195/2945 1269/2194/1269 2005/3608/2005
f 1269/2194/1269 4358/945/4358 988/944/988
f 1269/2194/1269 988/944/988 2005/3608/2005
f 443/3193/443 2863/3192/2863 2945/2195/2945
f 2005/3608/2005 2642/3607/2642 2945/2195/2945
f 2642/3607/2642 443/3193/443 2945/2195/2945
f 4309/3181/4309 2005/3608/2005 988/944/988
f 4463/4002/4463 2486/2035/2486 4309/3181/4309
f 2486/2035/2486 1704/2917/1704 4309/3181/4309
f 4309/3181/4309 988/944/988 4463/4002/4463
f 2747/3180/2747 3697/2865/3697 780/3200/780
f 3697/2865/3697 3620/418/3620 1863/417/1863
f 780/3200/780 3697/2865/3697 1863/417/1863
f 3620/418/3620 4309/3181/4309 1704/2917/1704
f 1704/2917/1704 1652/4003/1652 3263/3206/3263
f 3620/418/3620 1704/2917/1704 2109/3204/2109
f 3263/3206/3263 3008/3205/3008 2109/3204/2109
f 2109/3204/2109 1773/3203/1773 2260/416/2260
f 3263/3206/3263 2109/3204/2109 1704/2917/1704
f 1863/417/1863 781/3201/781 780/3200/780
f 2260/416/2260 1725/3202/1725 1863/417/1863
f 2109/3204/2109 2260/416/2260 3620/418/3620
f 1949/421/1949 217/4004/217 3715/4005/3715
f 217/4004/217 318/4006/318 3715/4005/3715
f 318/4006/318 319/4007/319 3715/4005/3715
f 3715/4005/3715 120/4008/120 1949/421/1949
f 120/4008/120 970/419/970 1949/421/1949
f 4871/422/4871 2879/2733/2879 2519/423/2519
f 3257/4009/3257 2851/4010/2851 2173/4011/2173
f 2173/4011/2173 3253/4012/3253 3257/4009/3257
f 3253/4012/3253 2775/4013/2775 3257/4009/3257
f 2775/4013/2775 2773/4014/2773 4814/4015/4814
f 2773/4014/2773 2774/4016/2774 4814/4015/4814
f 4814/4015/4814 1666/4017/1666 1667/4018/1667
f 2687/4019/2687 3466/4020/3466 4287/3305/4287
f 3466/4020/3466 3465/4021/3465 4287/3305/4287
f 3257/4009/3257 2775/4013/2775 4814/4015/4814
f 3257/4009/3257 4814/4015/4814 1667/4018/1667
f 1319/427/1319 4287/3305/4287 3465/4021/3465
f 3465/4021/3465 3257/4009/3257 1319/427/1319
f 3257/4009/3257 1667/4018/1667 4521/425/4521
f 4521/425/4521 4522/4022/4522 3281/4023/3281
f 3257/4009/3257 4521/425/4521 1319/427/1319
f 2925/4024/2925 2404/4025/2404 3442/4026/3442
f 2404/4025/2404 1319/427/1319 3442/4026/3442
f 4521/425/4521 3281/4023/3281 2812/426/2812
f 3281/4023/3281 2613/4027/2613 2812/426/2812
f 2812/426/2812 3442/4026/3442 1319/427/1319
f 2131/3144/2131 1535/3143/1535 1453/430/1453
f 1535/3143/1535 3255/428/3255 1453/430/1453
f 3255/428/3255 929/3104/929 1978/4028/1978
f 1978/4028/1978 470/4029/470 2778/429/2778
f 2778/429/2778 2777/4030/2777 1453/430/1453
f 1453/430/1453 2541/1961/2541 2131/3144/2131
f 3255/428/3255 1978/4028/1978 2778/429/2778
f 3159/431/3159 2335/2333/2335 2336/432/2336
f 2501/4031/2501 1590/4032/1590 1458/4033/1458
f 1590/4032/1590 400/434/400 4775/436/4775
f 1458/4033/1458 1590/4032/1590 4775/436/4775
f 4441/437/4441 4440/4034/4440 1862/438/1862
f 4502/440/4502 4503/4035/4503 3804/441/3804
f 4157/443/4157 4748/4036/4748 3626/444/3626
f 4147/446/4147 2879/4037/2879 4872/447/4872
f 1743/451/1743 4706/4038/4706 1127/449/1127
f 4706/4038/4706 3280/4039/3280 3583/4040/3583
f 1127/449/1127 4706/4038/4706 3583/4040/3583
f 4277/2064/4277 4518/2063/4518 1990/4041/1990
f 4518/2063/4518 4684/4042/4684 1990/4041/1990
f 4684/4042/4684 3533/4043/3533 1990/4041/1990
f 3533/4043/3533 4279/1957/4279 1990/4041/1990
f 4279/1957/4279 511/4044/511 1990/4041/1990
f 1990/4041/1990 3395/4045/3395 856/2682/856
f 856/2682/856 857/2681/857 418/1692/418
f 857/2681/857 3076/1071/3076 1074/2178/1074
f 3075/4046/3075 3077/1070/3077 2874/4047/2874
f 857/2681/857 1074/2178/1074 1202/454/1202
f 3076/1071/3076 3075/4046/3075 1074/2178/1074
f 1990/4041/1990 856/2682/856 4277/2064/4277
f 4277/2064/4277 856/2682/856 418/1692/418
f 3075/4046/3075 2874/4047/2874 2875/2085/2875
f 2875/2085/2875 4936/2084/4936 7/1541/7
f 7/1541/7 2080/1543/2080 1074/2178/1074
f 2080/1543/2080 2079/4048/2079 1074/2178/1074
f 1074/2178/1074 4891/2180/4891 1202/454/1202
f 4891/2180/4891 1566/452/1566 1202/454/1202
f 3075/4046/3075 2875/2085/2875 7/1541/7
f 418/1692/418 4278/2062/4278 4277/2064/4277
f 418/1692/418 857/2681/857 1202/454/1202
f 3075/4046/3075 7/1541/7 1074/2178/1074
f 3148/457/3148 4932/4049/4932 4854/4050/4854
f 4854/4050/4854 2095/455/2095 3148/457/3148
f 3331/458/3331 3332/4051/3332 4694/4052/4694
f 4694/4052/4694 3001/4053/3001 3003/3992/3003
f 944/459/944 943/3990/943 2662/460/2662
f 943/3990/943 4225/3988/4225 2662/460/2662
f 4694/4052/4694 3003/3992/3003 944/459/944
f 3847/4054/3847 3848/4055/3848 3331/458/3331
f 3331/458/3331 4694/4052/4694 944/459/944
f 4225/3988/4225 4583/4056/4583 2662/460/2662
f 2662/460/2662 3847/4054/3847 3331/458/3331
f 4928/461/4928 4715/4057/4715 4341/462/4341
f 1727/464/1727 3738/4058/3738 337/465/337
f 2342/467/2342 879/4059/879 878/468/878
f 3232/470/3232 544/26/544 545/25/545
f 1133/472/1133 4912/4060/4912 4911/473/4911
f 2418/478/2418 4647/4061/4647 3489/479/3489
f 4710/481/4710 868/527/868 3629/482/3629
f 998/484/998 999/4062/999 996/485/996
f 4305/487/4305 4485/4063/4485 1392/488/1392
f 4144/4064/4144 4145/4065/4145 222/4066/222
f 4145/4065/4145 2979/4067/2979 222/4066/222
f 222/4066/222 425/2898/425 1307/4068/1307
f 1179/4069/1179 1181/4070/1181 12/4071/12
f 12/4071/12 4144/4064/4144 222/4066/222
f 1307/4068/1307 4285/4072/4285 3762/4073/3762
f 12/4071/12 222/4066/222 1307/4068/1307
f 1818/4074/1818 1180/4075/1180 1179/4069/1179
f 1179/4069/1179 12/4071/12 3762/4073/3762
f 12/4071/12 1307/4068/1307 3762/4073/3762
f 3762/4073/3762 2313/4076/2313 3104/4077/3104
f 435/4078/435 434/4079/434 1818/4074/1818
f 1818/4074/1818 1179/4069/1179 3762/4073/3762
f 3104/4077/3104 767/4080/767 3938/4081/3938
f 767/4080/767 1641/4082/1641 2697/4083/2697
f 1818/4074/1818 3762/4073/3762 3104/4077/3104
f 3938/4081/3938 436/4084/436 435/4078/435
f 435/4078/435 1818/4074/1818 3104/4077/3104
f 1641/4082/1641 379/4085/379 2831/2656/2831
f 3938/4081/3938 435/4078/435 3104/4077/3104
f 2697/4083/2697 710/656/710 3938/4081/3938
f 2697/4083/2697 3938/4081/3938 767/4080/767
f 1641/4082/1641 2831/2656/2831 1183/4086/1183
f 2698/4087/2698 2697/4083/2697 1641/4082/1641
f 1183/4086/1183 4351/2655/4351 4780/646/4780
f 2698/4087/2698 1641/4082/1641 711/654/711
f 1641/4082/1641 1183/4086/1183 711/654/711
f 705/4088/705 712/655/712 711/654/711
f 1183/4086/1183 4780/646/4780 2674/645/2674
f 3024/4089/3024 3023/4090/3023 4545/4091/4545
f 1183/4086/1183 2674/645/2674 3024/4089/3024
f 705/4088/705 711/654/711 978/4092/978
f 711/654/711 1183/4086/1183 978/4092/978
f 1020/4093/1020 433/4094/433 705/4088/705
f 978/4092/978 1021/4095/1021 1020/4093/1020
f 1192/4096/1192 2850/4097/2850 978/4092/978
f 1190/4098/1190 1191/4099/1191 1192/4096/1192
f 3017/4100/3017 4176/2322/4176 1190/4098/1190
f 1657/4101/1657 1703/2323/1703 3017/4100/3017
f 1658/4102/1658 1019/4103/1019 1657/4101/1657
f 1626/4104/1626 2353/4105/2353 1658/4102/1658
f 1416/4106/1416 3351/4107/3351 1626/4104/1626
f 2571/4108/2571 1415/4109/1415 1416/4106/1416
f 2394/492/2394 2570/4110/2570 2571/4108/2571
f 420/491/420 419/4111/419 2394/492/2394
f 1296/490/1296 2271/4112/2271 420/491/420
f 637/4113/637 638/4114/638 1296/490/1296
f 44/4115/44 45/4116/45 637/4113/637
f 2595/4117/2595 2723/4118/2723 44/4115/44
f 2561/4119/2561 1516/4120/1516 2595/4117/2595
f 1896/4121/1896 1207/4122/1207 2561/4119/2561
f 703/4123/703 3542/4124/3542 1896/4121/1896
f 3877/4125/3877 2101/4126/2101 703/4123/703
f 211/715/211 4581/4127/4581 3877/4125/3877
f 3035/625/3035 3493/716/3493 211/715/211
f 4045/4128/4045 2934/624/2934 1677/626/1677
f 1677/626/1677 3035/625/3035 3877/4125/3877
f 3035/625/3035 211/715/211 3877/4125/3877
f 3877/4125/3877 703/4123/703 1677/626/1677
f 703/4123/703 1896/4121/1896 2561/4119/2561
f 703/4123/703 2561/4119/2561 2595/4117/2595
f 3545/1118/3545 4045/4128/4045 1801/4129/1801
f 4045/4128/4045 1677/626/1677 1801/4129/1801
f 1801/4129/1801 1768/4130/1768 3545/1118/3545
f 2821/2371/2821 1468/4131/1468 1801/4129/1801
f 3784/4132/3784 1942/2372/1942 3783/4133/3783
f 1942/2372/1942 2821/2371/2821 3783/4133/3783
f 1532/4134/1532 1533/658/1533 3783/4133/3783
f 1532/4134/1532 3783/4133/3783 2144/4135/2144
f 3783/4133/3783 2821/2371/2821 4545/4091/4545
f 2144/4135/2144 3783/4133/3783 3507/190/3507
f 2821/2371/2821 1801/4129/1801 3024/4089/3024
f 1801/4129/1801 1677/626/1677 3024/4089/3024
f 1677/626/1677 703/4123/703 3024/4089/3024
f 703/4123/703 2595/4117/2595 44/4115/44
f 44/4115/44 637/4113/637 703/4123/703
f 637/4113/637 1296/490/1296 1190/4098/1190
f 703/4123/703 1190/4098/1190 978/4092/978
f 2144/4135/2144 3018/659/3018 1532/4134/1532
f 3507/190/3507 2143/189/2143 2144/4135/2144
f 3024/4089/3024 4545/4091/4545 2821/2371/2821
f 4545/4091/4545 3507/190/3507 3783/4133/3783
f 1183/4086/1183 3024/4089/3024 703/4123/703
f 978/4092/978 1183/4086/1183 703/4123/703
f 978/4092/978 1020/4093/1020 705/4088/705
f 1190/4098/1190 1192/4096/1192 978/4092/978
f 1657/4101/1657 3017/4100/3017 1626/4104/1626
f 3017/4100/3017 1190/4098/1190 1296/490/1296
f 1626/4104/1626 1658/4102/1658 1657/4101/1657
f 2394/492/2394 2571/4108/2571 1296/490/1296
f 2571/4108/2571 1416/4106/1416 1296/490/1296
f 1416/4106/1416 1626/4104/1626 1296/490/1296
f 1296/490/1296 1626/4104/1626 3017/4100/3017
f 1190/4098/1190 703/4123/703 637/4113/637
f 4492/493/4492 558/4136/558 3266/494/3266
f 1903/499/1903 4895/4137/4895 4703/500/4703
f 4179/504/4179 2330/2837/2330 4326/502/4326
f 2330/2837/2330 4618/2836/4618 4326/502/4326
f 4590/4138/4590 4206/4139/4206 4041/4140/4041
f 4041/4140/4041 2115/4141/2115 4528/4142/4528
f 4528/4142/4528 2409/4143/2409 3054/4144/3054
f 3054/4144/3054 1518/4145/1518 3970/4146/3970
f 3970/4146/3970 541/4147/541 4600/4148/4600
f 1455/4149/1455 2830/4150/2830 1454/4151/1454
f 3970/4146/3970 4600/4148/4600 1455/4149/1455
f 4528/4142/4528 3054/4144/3054 1091/4152/1091
f 3054/4144/3054 3970/4146/3970 1091/4152/1091
f 1091/4152/1091 4590/4138/4590 4041/4140/4041
f 4041/4140/4041 4528/4142/4528 1091/4152/1091
f 3970/4146/3970 1455/4149/1455 1454/4151/1454
f 1454/4151/1454 3573/4153/3573 4588/4154/4588
f 4588/4154/4588 3290/4155/3290 4598/4156/4598
f 3970/4146/3970 1454/4151/1454 1277/4157/1277
f 1454/4151/1454 4588/4154/4588 1277/4157/1277
f 1277/4157/1277 1090/4158/1090 1091/4152/1091
f 1333/4159/1333 1278/4160/1278 4598/4156/4598
f 1278/4160/1278 1277/4157/1277 4598/4156/4598
f 3012/4161/3012 312/4162/312 1334/505/1334
f 1334/505/1334 1333/4159/1333 3882/506/3882
f 3882/506/3882 1333/4159/1333 4598/4156/4598
f 1277/4157/1277 1091/4152/1091 3970/4146/3970
f 4588/4154/4588 4598/4156/4598 1277/4157/1277
f 3012/4161/3012 1334/505/1334 2387/507/2387
f 4558/4163/4558 1292/2634/1292 3012/4161/3012
f 130/4164/130 4730/4165/4730 4558/4163/4558
f 3558/4166/3558 1079/4167/1079 2387/507/2387
f 1079/4167/1079 130/4164/130 4558/4163/4558
f 2387/507/2387 1079/4167/1079 3012/4161/3012
f 4558/4163/4558 3012/4161/3012 1079/4167/1079
f 1687/4168/1687 4125/1192/4125 2463/4169/2463
f 2463/4169/2463 2461/1191/2461 2462/272/2462
f 1263/274/1263 1264/273/1264 2491/2877/2491
f 2463/4169/2463 2462/272/2462 1263/274/1263
f 2861/510/2861 1958/4170/1958 1687/4168/1687
f 1687/4168/1687 2463/4169/2463 1263/274/1263
f 1263/274/1263 2491/2877/2491 2490/508/2490
f 2490/508/2490 2493/2876/2493 2511/4171/2511
f 926/4172/926 469/2762/469 381/509/381
f 381/509/381 1261/4173/1261 1260/4174/1260
f 1260/4174/1260 2070/4175/2070 2861/510/2861
f 2861/510/2861 1687/4168/1687 2490/508/2490
f 1687/4168/1687 1263/274/1263 2490/508/2490
f 2490/508/2490 2511/4171/2511 926/4172/926
f 381/509/381 1260/4174/1260 2861/510/2861
f 2490/508/2490 926/4172/926 381/509/381
f 4689/511/4689 3998/4176/3998 4337/512/4337
f 4109/519/4109 2487/2036/2487 4909/520/4909
f 4550/522/4550 1665/4177/1665 1664/523/1664
f 4905/525/4905 4552/4178/4552 869/526/869
f 118/376/118 117/3838/117 464/532/464
f 3721/544/3721 2515/2263/2515 1871/545/1871
f 2918/547/2918 4171/4179/4171 4283/548/4283
f 4283/548/4283 2390/857/2390 218/549/218
f 2390/857/2390 2389/856/2389 218/549/218
f 2389/856/2389 4465/4180/4465 218/549/218
f 4465/4180/4465 4177/4181/4177 218/549/218
f 218/549/218 503/4182/503 2918/547/2918
f 4352/555/4352 4448/4183/4448 1292/4184/1292
f 1292/4184/1292 4558/553/4558 4352/555/4352
f 2204/560/2204 4198/4185/4198 1557/561/1557
f 1015/565/1015 4708/4186/4708 3890/4187/3890
f 4708/4186/4708 3891/4188/3891 3890/4187/3890
f 3891/4188/3891 3892/4189/3892 3890/4187/3890
f 3890/4187/3890 611/4190/611 1015/565/1015
f 611/4190/611 2954/563/2954 1015/565/1015
f 587/568/587 2431/4191/2431 585/566/585
f 2431/4191/2431 1758/4192/1758 585/566/585
f 3349/4193/3349 4213/4194/4213 4132/1506/4132
f 4213/4194/4213 4133/4195/4133 4132/1506/4132
f 4133/4195/4133 4444/4196/4444 4084/1504/4084
f 4444/4196/4444 4552/4178/4552 4084/1504/4084
f 4552/4178/4552 2296/4197/2296 4084/1504/4084
f 4084/1504/4084 4132/1506/4132 4133/4195/4133
f 630/4198/630 2731/587/2731 2730/4199/2730
f 2731/587/2731 3349/4193/3349 1206/585/1206
f 645/586/645 2730/4199/2730 2731/587/2731
f 4132/1506/4132 1206/585/1206 3349/4193/3349
f 2182/590/2182 1782/4200/1782 1829/4201/1829
f 1782/4200/1782 2635/4202/2635 1829/4201/1829
f 2635/4202/2635 1830/4203/1830 1829/4201/1829
f 1829/4201/1829 1059/588/1059 2182/590/2182
f 4606/595/4606 2021/4204/2021 2022/596/2022
f 720/598/720 4924/4205/4924 3282/599/3282
f 4653/601/4653 339/4206/339 340/602/340
f 1757/603/1757 3759/4207/3759 468/604/468
f 2180/4208/2180 2294/4209/2294 2179/4210/2179
f 2294/4209/2294 3680/606/3680 3611/1576/3611
f 2179/4210/2179 2294/4209/2294 3611/1576/3611
f 3680/606/3680 1325/4211/1325 1997/4212/1997
f 1997/4212/1997 1996/4213/1996 490/4214/490
f 1996/4213/1996 1512/4215/1512 4164/4216/4164
f 4164/4216/4164 3839/4217/3839 490/4214/490
f 1996/4213/1996 4164/4216/4164 490/4214/490
f 3680/606/3680 1997/4212/1997 1485/607/1485
f 490/4214/490 1694/729/1694 4808/4218/4808
f 1997/4212/1997 490/4214/490 4808/4218/4808
f 2179/4210/2179 848/1575/848 2180/4208/2180
f 1432/4219/1432 3611/1576/3611 265/4220/265
f 2935/608/2935 265/4220/265 3680/606/3680
f 3680/606/3680 265/4220/265 3611/1576/3611
f 484/4221/484 485/4222/485 2935/608/2935
f 1485/607/1485 1484/4223/1484 484/4221/484
f 4808/4218/4808 2094/4224/2094 1485/607/1485
f 1997/4212/1997 4808/4218/4808 1485/607/1485
f 1485/607/1485 484/4221/484 2935/608/2935
f 45/4116/45 44/4115/44 2723/4118/2723
f 2723/4118/2723 2595/4117/2595 1516/4120/1516
f 1516/4120/1516 2561/4119/2561 1207/4122/1207
f 1207/4122/1207 1896/4121/1896 3542/4124/3542
f 3542/4124/3542 3652/4225/3652 1207/4122/1207
f 3652/4225/3652 4235/4226/4235 4656/4227/4656
f 3652/4225/3652 4656/4227/4656 638/4114/638
f 1207/4122/1207 3652/4225/3652 1516/4120/1516
f 1516/4120/1516 3652/4225/3652 2723/4118/2723
f 4655/4228/4655 4236/4229/4236 2215/4230/2215
f 4236/4229/4236 3454/4231/3454 3461/4232/3461
f 2723/4118/2723 3652/4225/3652 45/4116/45
f 45/4116/45 3652/4225/3652 638/4114/638
f 638/4114/638 637/4113/637 45/4116/45
f 4656/4227/4656 4655/4228/4655 1147/4233/1147
f 638/4114/638 4656/4227/4656 419/4111/419
f 2271/4112/2271 1296/490/1296 638/4114/638
f 419/4111/419 4656/4227/4656 2658/4234/2658
f 3454/4231/3454 3309/1495/3309 2685/4235/2685
f 2271/4112/2271 638/4114/638 419/4111/419
f 4236/4229/4236 3461/4232/3461 2215/4230/2215
f 3454/4231/3454 2685/4235/2685 3461/4232/3461
f 2685/4235/2685 3447/4236/3447 3461/4232/3461
f 3461/4232/3461 1178/4237/1178 2215/4230/2215
f 2215/4230/2215 3703/4238/3703 3341/4239/3341
f 3341/4239/3341 4141/4240/4141 4142/4241/4142
f 1147/4233/1147 1858/4242/1858 4070/4243/4070
f 1858/4242/1858 1702/4244/1702 4070/4243/4070
f 2215/4230/2215 3341/4239/3341 4142/4241/4142
f 2215/4230/2215 4142/4241/4142 4655/4228/4655
f 1147/4233/1147 4070/4243/4070 4069/4245/4069
f 420/491/420 2271/4112/2271 419/4111/419
f 1034/4246/1034 2394/492/2394 419/4111/419
f 2658/4234/2658 4656/4227/4656 3544/4247/3544
f 4655/4228/4655 4142/4241/4142 1147/4233/1147
f 4069/4245/4069 4749/4248/4749 3956/4249/3956
f 4749/4248/4749 3955/4250/3955 3956/4249/3956
f 1147/4233/1147 4069/4245/4069 3544/4247/3544
f 1034/4246/1034 419/4111/419 3683/4251/3683
f 3683/4251/3683 1033/4252/1033 1034/4246/1034
f 2658/4234/2658 3308/4253/3308 3683/4251/3683
f 3640/4254/3640 194/4255/194 2658/4234/2658
f 3544/4247/3544 2632/4256/2632 3640/4254/3640
f 4163/4257/4163 2643/4258/2643 3544/4247/3544
f 1919/4259/1919 2633/4260/2633 4163/4257/4163
f 765/1310/765 563/4261/563 1919/4259/1919
f 3983/4262/3983 1193/1311/1193 1194/4263/1194
f 1194/4263/1194 765/1310/765 1919/4259/1919
f 1919/4259/1919 4163/4257/4163 3544/4247/3544
f 3544/4247/3544 3640/4254/3640 2658/4234/2658
f 2658/4234/2658 3683/4251/3683 419/4111/419
f 4656/4227/4656 1147/4233/1147 3544/4247/3544
f 4541/4264/4541 3410/4265/3410 3478/4266/3478
f 3410/4265/3410 3477/4267/3477 3478/4266/3478
f 4069/4245/4069 3956/4249/3956 1194/4263/1194
f 3956/4249/3956 4541/4264/4541 1194/4263/1194
f 1919/4259/1919 3544/4247/3544 4069/4245/4069
f 4069/4245/4069 1194/4263/1194 1919/4259/1919
f 326/4268/326 3983/4262/3983 1194/4263/1194
f 1194/4263/1194 4541/4264/4541 3478/4266/3478
f 2818/4269/2818 2924/4270/2924 4073/609/4073
f 3478/4266/3478 2818/4269/2818 326/4268/326
f 1194/4263/1194 3478/4266/3478 326/4268/326
f 3042/4271/3042 325/4272/325 326/4268/326
f 1237/4273/1237 1189/4274/1189 3042/4271/3042
f 507/4275/507 1238/4276/1238 1237/4273/1237
f 535/4277/535 4436/4278/4436 2683/610/2683
f 4436/4278/4436 1817/611/1817 2683/610/2683
f 1817/611/1817 507/4275/507 1237/4273/1237
f 3042/4271/3042 326/4268/326 2818/4269/2818
f 1817/611/1817 1237/4273/1237 4073/609/4073
f 1237/4273/1237 3042/4271/3042 2818/4269/2818
f 4073/609/4073 1237/4273/1237 2818/4269/2818
f 4073/609/4073 1460/4279/1460 2683/610/2683
f 1951/612/1951 1950/4280/1950 4853/613/4853
f 4504/615/4504 4098/2902/4098 4738/616/4738
f 4299/4281/4299 4864/1055/4864 3276/618/3276
f 4864/1055/4864 2607/4282/2607 3276/618/3276
f 2606/619/2606 1956/2308/1956 4212/2049/4212
f 2607/4282/2607 2606/619/2606 3276/618/3276
f 4212/2049/4212 4139/617/4139 2606/619/2606
f 2934/624/2934 3036/4283/3036 3035/625/3035
f 446/4284/446 445/4285/445 3113/4286/3113
f 3113/4286/3113 3114/4287/3114 3112/4288/3112
f 3114/4287/3114 3773/4289/3773 3112/4288/3112
f 3773/4289/3773 397/1709/397 465/4290/465
f 3112/4288/3112 3773/4289/3773 465/4290/465
f 3112/4288/3112 446/4284/446 3113/4286/3113
f 4556/4291/4556 1362/2463/1362 4505/4292/4505
f 1362/2463/1362 465/4290/465 4505/4292/4505
f 4505/4292/4505 465/4290/465 1382/4293/1382
f 4031/4294/4031 1382/4293/1382 4787/4295/4787
f 4787/4295/4787 1382/4293/1382 465/4290/465
f 369/627/369 465/4290/465 397/1709/397
f 369/627/369 622/1708/622 4337/4296/4337
f 3998/4297/3998 4689/4298/4689 3135/628/3135
f 369/627/369 4337/4296/4337 3998/4297/3998
f 465/4290/465 369/627/369 1991/629/1991
f 4787/4295/4787 465/4290/465 4781/4299/4781
f 3862/4300/3862 3547/4301/3547 4781/4299/4781
f 4781/4299/4781 465/4290/465 1991/629/1991
f 1991/629/1991 3862/4300/3862 4781/4299/4781
f 369/627/369 3998/4297/3998 3135/628/3135
f 1190/4098/1190 4176/2322/4176 4145/4065/4145
f 4176/2322/4176 290/2321/290 230/4302/230
f 4145/4065/4145 4176/2322/4176 1387/4303/1387
f 290/2321/290 2643/4258/2643 2633/4260/2633
f 2643/4258/2643 4163/4257/4163 2633/4260/2633
f 2633/4260/2633 1919/4259/1919 563/4261/563
f 4145/4065/4145 4144/4064/4144 1190/4098/1190
f 572/4304/572 2979/4067/2979 2987/4305/2987
f 2979/4067/2979 4145/4065/4145 2987/4305/2987
f 573/4306/573 574/2899/574 572/4304/572
f 1000/4307/1000 2619/4308/2619 2987/4305/2987
f 2987/4305/2987 573/4306/573 572/4304/572
f 1387/4303/1387 4176/2322/4176 3706/4309/3706
f 4639/4310/4639 3600/4311/3600 1000/4307/1000
f 1000/4307/1000 2987/4305/2987 4145/4065/4145
f 290/2321/290 2633/4260/2633 563/4261/563
f 1000/4307/1000 4145/4065/4145 4639/4310/4639
f 4639/4310/4639 4145/4065/4145 1387/4303/1387
f 1387/4303/1387 3915/4312/3915 4639/4310/4639
f 290/2321/290 563/4261/563 1442/2686/1442
f 563/4261/563 765/1310/765 1442/2686/1442
f 765/1310/765 4743/2687/4743 1442/2686/1442
f 1442/2686/1442 1443/2688/1443 3407/4313/3407
f 1443/2688/1443 3406/4314/3406 3407/4313/3407
f 1387/4303/1387 3706/4309/3706 3672/4315/3672
f 2720/4316/2720 2721/4317/2721 1491/4318/1491
f 1491/4318/1491 1387/4303/1387 3327/4319/3327
f 3327/4319/3327 1387/4303/1387 3672/4315/3672
f 290/2321/290 1442/2686/1442 3407/4313/3407
f 4417/4320/4417 4416/4321/4416 1092/4322/1092
f 4416/4321/4416 3674/4323/3674 1092/4322/1092
f 290/2321/290 3407/4313/3407 2690/4324/2690
f 3407/4313/3407 4417/4320/4417 2690/4324/2690
f 2720/4316/2720 1491/4318/1491 1799/4325/1799
f 1799/4325/1799 1491/4318/1491 3327/4319/3327
f 961/4326/961 3524/4327/3524 2720/4316/2720
f 3327/4319/3327 4791/4328/4791 1799/4325/1799
f 1799/4325/1799 961/4326/961 2720/4316/2720
f 4046/4329/4046 1267/4330/1267 3944/4331/3944
f 4417/4320/4417 1092/4322/1092 1475/4332/1475
f 1092/4322/1092 4046/4329/4046 1475/4332/1475
f 3672/4315/3672 4383/4333/4383 3327/4319/3327
f 4046/4329/4046 3944/4331/3944 4270/4334/4270
f 3706/4309/3706 4176/2322/4176 2317/4335/2317
f 3706/4309/3706 3799/4336/3799 3672/4315/3672
f 2317/4335/2317 3705/4337/3705 3706/4309/3706
f 682/4338/682 2318/4339/2318 2317/4335/2317
f 2630/4340/2630 3062/4341/3062 682/4338/682
f 2598/4342/2598 1386/4343/1386 2630/4340/2630
f 3967/4344/3967 2460/4345/2460 2598/4342/2598
f 2059/4346/2059 1126/4347/1126 3967/4344/3967
f 1894/632/1894 3063/4348/3063 2059/4346/2059
f 254/631/254 3668/4349/3668 1894/632/1894
f 2882/4350/2882 4232/4351/4232 254/631/254
f 1733/630/1733 2883/4352/2883 2882/4350/2882
f 939/4353/939 940/4354/940 1733/630/1733
f 230/4302/230 229/4355/229 939/4353/939
f 3100/4356/3100 1445/4357/1445 2690/4324/2690
f 4334/4358/4334 1446/4359/1446 3101/4360/3101
f 4382/4361/4382 3829/4362/3829 1475/4332/1475
f 1475/4332/1475 4334/4358/4334 3101/4360/3101
f 1475/4332/1475 3101/4360/3101 3100/4356/3100
f 4046/4329/4046 4270/4334/4270 4382/4361/4382
f 1475/4332/1475 3100/4356/3100 4417/4320/4417
f 3100/4356/3100 2690/4324/2690 4417/4320/4417
f 4046/4329/4046 4382/4361/4382 1475/4332/1475
f 2317/4335/2317 4176/2322/4176 682/4338/682
f 682/4338/682 4176/2322/4176 1733/630/1733
f 4176/2322/4176 230/4302/230 939/4353/939
f 230/4302/230 290/2321/290 2690/4324/2690
f 682/4338/682 1733/630/1733 2630/4340/2630
f 4176/2322/4176 939/4353/939 1733/630/1733
f 2598/4342/2598 2630/4340/2630 1733/630/1733
f 1733/630/1733 2882/4350/2882 254/631/254
f 1894/632/1894 2059/4346/2059 3967/4344/3967
f 3967/4344/3967 2598/4342/2598 1894/632/1894
f 2598/4342/2598 1733/630/1733 1894/632/1894
f 1564/633/1564 886/4363/886 4393/634/4393
f 974/635/974 3586/4364/3586 1564/633/1564
f 3586/4364/3586 1565/4365/1565 1564/633/1564
f 2342/638/2342 3615/4366/3615 3563/636/3563
f 3615/4366/3615 4097/4367/4097 3563/636/3563
f 3169/4368/3169 1638/4369/1638 1637/908/1637
f 2129/640/2129 3241/230/3241 2932/229/2932
f 3169/4368/3169 1637/908/1637 2129/640/2129
f 3807/4370/3807 4513/4371/4513 3169/4368/3169
f 1139/4372/1139 4578/4373/4578 3807/4370/3807
f 4138/4374/4138 4137/4375/4137 1139/4372/1139
f 4621/639/4621 4219/4376/4219 4138/4374/4138
f 2923/641/2923 584/4377/584 4621/639/4621
f 3455/4378/3455 2579/4379/2579 836/4380/836
f 4384/4381/4384 1571/4382/1571 3455/4378/3455
f 2040/4383/2040 2039/4384/2039 4384/4381/4384
f 3010/4385/3010 4795/4386/4795 581/4387/581
f 581/4387/581 2040/4383/2040 4384/4381/4384
f 4384/4381/4384 3455/4378/3455 581/4387/581
f 3455/4378/3455 836/4380/836 581/4387/581
f 1452/4388/1452 3009/4389/3009 3010/4385/3010
f 3010/4385/3010 581/4387/581 2933/228/2933
f 581/4387/581 836/4380/836 2933/228/2933
f 836/4380/836 2923/641/2923 2933/228/2933
f 510/4390/510 3262/4391/3262 1452/4388/1452
f 1452/4388/1452 3010/4385/3010 2933/228/2933
f 4621/639/4621 4138/4374/4138 2129/640/2129
f 4138/4374/4138 1139/4372/1139 2129/640/2129
f 1139/4372/1139 3807/4370/3807 2129/640/2129
f 3807/4370/3807 3169/4368/3169 2129/640/2129
f 2129/640/2129 2932/229/2932 2923/641/2923
f 2932/229/2932 2933/228/2933 2923/641/2923
f 2933/228/2933 510/4390/510 1452/4388/1452
f 1272/4392/1272 3338/1994/3338 3337/644/3337
f 3338/1994/3338 1618/4393/1618 3337/644/3337
f 1618/4393/1618 3170/642/3170 3337/644/3337
f 4263/647/4263 3023/4090/3023 2674/645/2674
f 3023/4090/3023 3024/4089/3024 2674/645/2674
f 3168/653/3168 1999/4394/1999 1998/4395/1998
f 1998/4395/1998 3167/651/3167 3168/653/3168
f 1190/4098/1190 4144/4064/4144 1191/4099/1191
f 4144/4064/4144 12/4071/12 1191/4099/1191
f 1181/4070/1181 1179/4069/1179 1180/4075/1180
f 12/4071/12 1181/4070/1181 1191/4099/1191
f 2850/4097/2850 1192/4096/1192 1191/4099/1191
f 1180/4075/1180 1818/4074/1818 1021/4095/1021
f 1818/4074/1818 434/4079/434 1021/4095/1021
f 1191/4099/1191 1181/4070/1181 2850/4097/2850
f 1181/4070/1181 1180/4075/1180 2850/4097/2850
f 1021/4095/1021 978/4092/978 1180/4075/1180
f 978/4092/978 2850/4097/2850 1180/4075/1180
f 434/4079/434 435/4078/435 436/4084/436
f 433/4094/433 1020/4093/1020 1021/4095/1021
f 436/4084/436 3938/4081/3938 710/656/710
f 1021/4095/1021 434/4079/434 433/4094/433
f 434/4079/434 436/4084/436 433/4094/433
f 712/655/712 705/4088/705 433/4094/433
f 710/656/710 2697/4083/2697 2698/4087/2698
f 433/4094/433 436/4084/436 712/655/712
f 436/4084/436 710/656/710 712/655/712
f 2698/4087/2698 711/654/711 710/656/710
f 1259/657/1259 3784/4132/3784 1533/658/1533
f 3784/4132/3784 3783/4133/3783 1533/658/1533
f 1533/658/1533 1532/4134/1532 3018/659/3018
f 2143/189/2143 2727/3368/2727 3018/659/3018
f 2727/3368/2727 1259/657/1259 3018/659/3018
f 3018/659/3018 2144/4135/2144 2143/189/2143
f 2900/660/2900 2899/4396/2899 4007/661/4007
f 4746/663/4746 2016/4397/2016 4744/664/4744
f 173/4398/173 174/4399/174 4126/668/4126
f 174/4399/174 1133/666/1133 4126/668/4126
f 1105/3960/1105 4237/290/4237 582/254/582
f 3123/256/3123 1462/255/1462 1722/4400/1722
f 1105/3960/1105 582/254/582 462/3968/462
f 582/254/582 3123/256/3123 462/3968/462
f 3245/3967/3245 463/3959/463 462/3968/462
f 3123/256/3123 1722/4400/1722 462/3968/462
f 1722/4400/1722 4268/752/4268 3245/3967/3245
f 462/3968/462 1722/4400/1722 3245/3967/3245
f 4268/752/4268 304/4401/304 3245/3967/3245
f 304/4401/304 305/2787/305 4879/4402/4879
f 4879/4402/4879 4880/1391/4880 3175/4403/3175
f 304/4401/304 4879/4402/4879 3245/3967/3245
f 1340/3966/1340 3183/3958/3183 3245/3967/3245
f 4879/4402/4879 3175/4403/3175 386/4404/386
f 3175/4403/3175 2789/4405/2789 386/4404/386
f 1289/3965/1289 2682/3961/2682 1340/3966/1340
f 1340/3966/1340 3245/3967/3245 4879/4402/4879
f 2789/4405/2789 4425/4406/4425 820/1406/820
f 386/4404/386 2789/4405/2789 820/1406/820
f 4425/4406/4425 3125/1484/3125 3119/1483/3119
f 2136/4407/2136 2661/4408/2661 4662/4409/4662
f 4425/4406/4425 3119/1483/3119 820/1406/820
f 2136/4407/2136 4662/4409/4662 3909/4410/3909
f 4662/4409/4662 4778/4411/4778 4582/4412/4582
f 1340/3966/1340 4879/4402/4879 1289/3965/1289
f 1289/3965/1289 4879/4402/4879 2423/4413/2423
f 4662/4409/4662 4582/4412/4582 3909/4410/3909
f 1288/3963/1288 1289/3965/1289 1290/3964/1290
f 4879/4402/4879 386/4404/386 2423/4413/2423
f 1290/3964/1290 1289/3965/1289 2813/4414/2813
f 2366/4415/2366 674/3962/674 1290/3964/1290
f 3119/1483/3119 2136/4407/2136 1328/1407/1328
f 2813/4414/2813 2366/4415/2366 1290/3964/1290
f 2423/4413/2423 2424/4416/2424 2813/4414/2813
f 386/4404/386 2435/4417/2435 2423/4413/2423
f 820/1406/820 821/1405/821 386/4404/386
f 3909/4410/3909 1328/1407/1328 2136/4407/2136
f 1328/1407/1328 820/1406/820 3119/1483/3119
f 1790/3843/1790 466/4418/466 1828/383/1828
f 466/4418/466 4044/4419/4044 2828/670/2828
f 4044/4419/4044 3909/4410/3909 4582/4412/4582
f 4044/4419/4044 4582/4412/4582 3691/671/3691
f 2423/4413/2423 2813/4414/2813 1289/3965/1289
f 466/4418/466 2828/670/2828 1828/383/1828
f 2828/670/2828 4044/4419/4044 3691/671/3691
f 3690/1527/3690 4893/669/4893 3691/671/3691
f 855/4420/855 2699/4421/2699 4076/4422/4076
f 2049/672/2049 4035/4423/4035 4548/673/4548
f 855/4420/855 4076/4422/4076 4589/4424/4589
f 4076/4422/4076 2049/672/2049 4589/4424/4589
f 1874/4425/1874 1876/4426/1876 3948/4427/3948
f 1876/4426/1876 855/4420/855 4589/4424/4589
f 3337/4428/3337 1875/4429/1875 1272/4430/1272
f 1875/4429/1875 1874/4425/1874 1272/4430/1272
f 3948/4427/3948 1272/4430/1272 1874/4425/1874
f 4589/4424/4589 3689/4431/3689 3948/4427/3948
f 2384/4432/2384 255/4433/255 63/674/63
f 4589/4424/4589 3948/4427/3948 1876/4426/1876
f 3754/4434/3754 2384/4432/2384 63/674/63
f 3754/4434/3754 63/674/63 3049/4435/3049
f 63/674/63 4589/4424/4589 2049/672/2049
f 698/4436/698 63/674/63 4548/673/4548
f 3772/4437/3772 3049/4435/3049 1736/4438/1736
f 1736/4438/1736 3049/4435/3049 63/674/63
f 1736/4438/1736 1737/4439/1737 3772/4437/3772
f 698/4436/698 986/4440/986 1736/4438/1736
f 2074/4441/2074 4350/4442/4350 4303/4443/4303
f 4350/4442/4350 698/4436/698 4303/4443/4303
f 4548/673/4548 4302/4444/4302 4303/4443/4303
f 4548/673/4548 4303/4443/4303 698/4436/698
f 698/4436/698 1736/4438/1736 63/674/63
f 3194/678/3194 4771/4445/4771 1488/679/1488
f 4200/681/4200 2185/4446/2185 4604/682/4604
f 3578/687/3578 4449/4447/4449 1070/688/1070
f 2268/690/2268 3007/4448/3007 958/691/958
f 3310/4449/3310 3021/4450/3021 2325/695/2325
f 3021/4450/3021 4186/693/4186 2325/695/2325
f 13/697/13 97/4451/97 317/698/317
f 97/4451/97 99/2716/99 317/698/317
f 317/698/317 126/3295/126 2035/4452/2035
f 126/3295/126 1686/3292/1686 2034/3294/2034
f 3708/696/3708 250/4453/250 13/697/13
f 2034/3294/2034 2035/4452/2035 126/3295/126
f 2035/4452/2035 3708/696/3708 317/698/317
f 3780/4454/3780 428/4455/428 4710/2385/4710
f 428/4455/428 779/4456/779 4905/4457/4905
f 2169/4458/2169 428/4455/428 4905/4457/4905
f 779/4456/779 778/4459/778 2904/4460/2904
f 2904/4460/2904 3940/4461/3940 70/4462/70
f 70/4462/70 2788/4463/2788 377/4464/377
f 2788/4463/2788 1257/4465/1257 377/4464/377
f 377/4464/377 605/4466/605 580/4467/580
f 605/4466/605 761/4468/761 580/4467/580
f 2904/4460/2904 70/4462/70 132/4469/132
f 70/4462/70 377/4464/377 132/4469/132
f 761/4468/761 760/4470/760 1329/699/1329
f 132/4469/132 377/4464/377 580/4467/580
f 3346/4471/3346 3780/4454/3780 1915/2387/1915
f 428/4455/428 2169/4458/2169 4710/2385/4710
f 1915/2387/1915 3780/4454/3780 4710/2385/4710
f 779/4456/779 2904/4460/2904 132/4469/132
f 1381/700/1381 3201/2966/3201 1380/701/1380
f 1380/701/1380 3191/2967/3191 1329/699/1329
f 3191/2967/3191 580/4467/580 1329/699/1329
f 132/4469/132 2296/4472/2296 779/4456/779
f 2296/4472/2296 4552/4473/4552 4905/4457/4905
f 2296/4472/2296 4905/4457/4905 779/4456/779
f 4905/4457/4905 868/4474/868 2169/4458/2169
f 761/4468/761 1329/699/1329 580/4467/580
f 698/702/698 4350/3944/4350 104/703/104
f 3897/1604/3897 4135/1603/4135 3798/4475/3798
f 4135/1603/4135 1111/2206/1111 1112/705/1112
f 1112/705/1112 373/1513/373 3301/4476/3301
f 4135/1603/4135 1112/705/1112 1298/707/1298
f 372/4477/372 4397/4478/4397 3798/4475/3798
f 4397/4478/4397 3897/1604/3897 3798/4475/3798
f 1112/705/1112 3301/4476/3301 1297/706/1297
f 1298/707/1298 3798/4475/3798 4135/1603/4135
f 3233/708/3233 740/4479/740 4536/709/4536
f 1848/711/1848 4834/4480/4834 1847/712/1847
f 3379/714/3379 4581/4127/4581 211/715/211
f 262/717/262 261/4481/261 3475/718/3475
f 1877/720/1877 4374/4482/4374 818/721/818
f 4201/723/4201 4638/4483/4638 4025/4484/4025
f 4025/4484/4025 4740/4485/4740 3926/4486/3926
f 3926/4486/3926 3927/4487/3927 3469/298/3469
f 3469/298/3469 2552/2479/2552 4025/4484/4025
f 2552/2479/2552 3038/1612/3038 4605/4488/4605
f 3038/1612/3038 4200/1614/4200 4605/4488/4605
f 4604/4489/4604 2185/2129/2185 4266/2131/4266
f 2552/2479/2552 4605/4488/4605 4604/4489/4604
f 4604/4489/4604 4266/2131/4266 1810/724/1810
f 2552/2479/2552 4604/4489/4604 4025/4484/4025
f 4025/4484/4025 3926/4486/3926 3469/298/3469
f 1812/722/1812 4333/4490/4333 4201/723/4201
f 4201/723/4201 4025/4484/4025 4604/4489/4604
f 4604/4489/4604 1810/724/1810 4201/723/4201
f 1810/724/1810 1811/4491/1811 1812/722/1812
f 1694/729/1694 490/4214/490 2291/727/2291
f 490/4214/490 3839/4217/3839 3838/4492/3838
f 2291/727/2291 490/4214/490 3838/4492/3838
f 2807/730/2807 2443/4493/2443 3965/731/3965
f 1495/3256/1495 676/3255/676 1330/4494/1330
f 676/3255/676 292/733/292 1330/4494/1330
f 292/733/292 1248/4495/1248 4783/4496/4783
f 1248/4495/1248 4458/4497/4458 4783/4496/4783
f 4783/4496/4783 3977/4498/3977 2275/4499/2275
f 4033/1088/4033 4243/4500/4243 1330/4494/1330
f 3746/4501/3746 458/1087/458 459/1089/459
f 459/1089/459 4033/1088/4033 1330/4494/1330
f 292/733/292 4783/4496/4783 3986/834/3986
f 4783/4496/4783 2275/4499/2275 3986/834/3986
f 2275/4499/2275 4081/832/4081 3986/834/3986
f 3986/834/3986 898/833/898 668/4502/668
f 898/833/898 669/1151/669 668/4502/668
f 668/4502/668 670/1150/670 421/734/421
f 670/1150/670 1154/4503/1154 421/734/421
f 459/1089/459 1330/4494/1330 292/733/292
f 3953/735/3953 161/4504/161 3746/4501/3746
f 3746/4501/3746 459/1089/459 292/733/292
f 292/733/292 3986/834/3986 668/4502/668
f 421/734/421 3952/4505/3952 3953/735/3953
f 3953/735/3953 3746/4501/3746 292/733/292
f 292/733/292 668/4502/668 421/734/421
f 616/4506/616 2246/4507/2246 589/4508/589
f 589/4508/589 3312/4509/3312 3311/4510/3311
f 3311/4510/3311 342/4511/342 2241/4512/2241
f 2241/4512/2241 3085/4513/3085 3084/4514/3084
f 3084/4514/3084 1483/4515/1483 3675/4516/3675
f 3675/4516/3675 2971/4517/2971 2337/4518/2337
f 2337/4518/2337 885/4519/885 884/4520/884
f 884/4520/884 883/4521/883 966/4522/966
f 966/4522/966 1118/4523/1118 2700/4524/2700
f 2700/4524/2700 2985/4525/2985 2984/4526/2984
f 2984/4526/2984 3808/4527/3808 932/2867/932
f 932/2867/932 931/2869/931 2984/4526/2984
f 931/2869/931 2029/1894/2029 2984/4526/2984
f 1844/1893/1844 1474/1984/1474 1473/1986/1473
f 2029/1894/2029 1844/1893/1844 2984/4526/2984
f 1473/1986/1473 1472/1985/1472 1700/741/1700
f 2700/4524/2700 2984/4526/2984 3651/4528/3651
f 2984/4526/2984 1844/1893/1844 3651/4528/3651
f 1844/1893/1844 1473/1986/1473 1700/741/1700
f 1700/741/1700 1701/4529/1701 1142/4530/1142
f 1142/4530/1142 1143/1359/1143 2948/4531/2948
f 2948/4531/2948 3081/4532/3081 3238/4533/3238
f 3238/4533/3238 3019/1358/3019 2742/4534/2742
f 2742/4534/2742 2093/4535/2093 3806/4536/3806
f 3806/4536/3806 2216/4537/2216 1356/4538/1356
f 1356/4538/1356 276/4539/276 275/4540/275
f 275/4540/275 274/4541/274 1285/4542/1285
f 1285/4542/1285 1284/4543/1284 2539/4544/2539
f 2539/4544/2539 2540/4545/2540 1247/4546/1247
f 1247/4546/1247 4458/4547/4458 1248/4548/1248
f 1248/4548/1248 794/4549/794 1247/4546/1247
f 794/4549/794 795/4550/795 1247/4546/1247
f 795/4550/795 2446/4551/2446 2762/4552/2762
f 2762/4552/2762 1145/4553/1145 3534/4554/3534
f 2901/4555/2901 1236/4556/1236 1621/4557/1621
f 1621/4557/1621 1545/4558/1545 897/4559/897
f 897/4559/897 499/4560/499 398/4561/398
f 398/4561/398 399/4562/399 83/4563/83
f 399/4562/399 610/4564/610 83/4563/83
f 83/4563/83 2482/2584/2482 1397/4565/1397
f 2901/4555/2901 1621/4557/1621 1479/4566/1479
f 1621/4557/1621 897/4559/897 3377/4567/3377
f 897/4559/897 398/4561/398 3377/4567/3377
f 398/4561/398 83/4563/83 3377/4567/3377
f 1397/4565/1397 3414/2586/3414 3244/4568/3244
f 83/4563/83 1397/4565/1397 2917/4569/2917
f 3377/4567/3377 83/4563/83 3235/4570/3235
f 3534/4554/3534 2901/4555/2901 2761/4571/2761
f 1621/4557/1621 3377/4567/3377 1479/4566/1479
f 3244/4568/3244 1350/4572/1350 2636/4573/2636
f 3377/4567/3377 3235/4570/3235 650/4574/650
f 1397/4565/1397 3244/4568/3244 3940/4575/3940
f 3940/4575/3940 3244/4568/3244 2788/4576/2788
f 3244/4568/3244 2636/4573/2636 2788/4576/2788
f 2636/4573/2636 3239/4577/3239 763/4578/763
f 763/4578/763 760/4579/760 1257/2278/1257
f 760/4579/760 761/4580/761 605/2276/605
f 1257/2278/1257 760/4579/760 605/2276/605
f 2788/4576/2788 70/4581/70 3940/4575/3940
f 763/4578/763 1257/2278/1257 2788/4576/2788
f 2636/4573/2636 763/4578/763 2788/4576/2788
f 3940/4575/3940 2904/4582/2904 778/4583/778
f 2762/4552/2762 3534/4554/3534 323/4584/323
f 2761/4571/2761 2901/4555/2901 1479/4566/1479
f 1247/4546/1247 795/4550/795 2539/4544/2539
f 795/4550/795 2762/4552/2762 1356/4538/1356
f 1285/4542/1285 795/4550/795 275/4540/275
f 1285/4542/1285 2539/4544/2539 795/4550/795
f 1356/4538/1356 275/4540/275 795/4550/795
f 2742/4534/2742 3806/4536/3806 2762/4552/2762
f 3806/4536/3806 1356/4538/1356 2762/4552/2762
f 2948/4531/2948 3238/4533/3238 2742/4534/2742
f 1700/741/1700 1142/4530/1142 1697/739/1697
f 1142/4530/1142 2948/4531/2948 2762/4552/2762
f 1844/1893/1844 1700/741/1700 1719/740/1719
f 3651/4528/3651 1844/1893/1844 1719/740/1719
f 2337/4518/2337 884/4520/884 3056/2192/3056
f 884/4520/884 966/4522/966 3056/2192/3056
f 966/4522/966 2700/4524/2700 3651/4528/3651
f 2948/4531/2948 2742/4534/2742 2762/4552/2762
f 1142/4530/1142 2762/4552/2762 1697/739/1697
f 2337/4518/2337 3056/2192/3056 3675/4516/3675
f 3940/4575/3940 778/4583/778 1397/4565/1397
f 778/4583/778 779/4585/779 428/4586/428
f 428/4586/428 3780/4587/3780 3653/4588/3653
f 778/4583/778 428/4586/428 3653/4588/3653
f 3675/4516/3675 3056/2192/3056 2241/4512/2241
f 2241/4512/2241 3084/4514/3084 3675/4516/3675
f 589/4508/589 3311/4510/3311 297/4589/297
f 3311/4510/3311 2241/4512/2241 297/4589/297
f 904/4590/904 1169/4591/1169 616/4506/616
f 904/4590/904 616/4506/616 2467/4592/2467
f 616/4506/616 589/4508/589 2467/4592/2467
f 1410/4593/1410 903/4594/903 904/4590/904
f 3122/4595/3122 3121/4596/3121 1410/4593/1410
f 1355/1889/1355 2112/4597/2112 3209/4598/3209
f 2112/4597/2112 3673/4599/3673 3005/4600/3005
f 3673/4599/3673 3122/4595/3122 1410/4593/1410
f 1410/4593/1410 904/4590/904 2467/4592/2467
f 2241/4512/2241 3056/2192/3056 297/4589/297
f 2467/4592/2467 589/4508/589 297/4589/297
f 2112/4597/2112 3005/4600/3005 3209/4598/3209
f 3673/4599/3673 1410/4593/1410 3005/4600/3005
f 2071/4601/2071 1354/1890/1354 1355/1889/1355
f 2825/2582/2825 2826/4602/2826 3654/4603/3654
f 2826/4602/2826 2071/4601/2071 3654/4603/3654
f 1177/4604/1177 1176/4605/1176 3654/4603/3654
f 3654/4603/3654 2071/4601/2071 1177/4604/1177
f 2071/4601/2071 1355/1889/1355 1177/4604/1177
f 3209/4598/3209 1175/4606/1175 1177/4604/1177
f 1410/4593/1410 2467/4592/2467 3005/4600/3005
f 778/4583/778 3653/4588/3653 2917/4569/2917
f 778/4583/778 2917/4569/2917 1397/4565/1397
f 3653/4588/3653 1131/4607/1131 1130/4608/1130
f 2917/4569/2917 3653/4588/3653 1130/4608/1130
f 3209/4598/3209 1177/4604/1177 1355/1889/1355
f 3005/4600/3005 1859/4609/1859 3209/4598/3209
f 1407/1768/1407 197/4610/197 1581/4611/1581
f 2467/4592/2467 1407/1768/1407 1581/4611/1581
f 1581/4611/1581 3005/4600/3005 2467/4592/2467
f 1915/4612/1915 1916/483/1916 1370/4613/1370
f 1130/4608/1130 1559/4614/1559 2917/4569/2917
f 1915/4612/1915 1370/4613/1370 3346/4615/3346
f 1370/4613/1370 1130/4608/1130 3346/4615/3346
f 2917/4569/2917 1929/4616/1929 3235/4570/3235
f 3346/4615/3346 1130/4608/1130 1131/4607/1131
f 3235/4570/3235 3162/4617/3162 650/4574/650
f 2917/4569/2917 3235/4570/3235 83/4563/83
f 295/4618/295 296/1769/296 297/4589/297
f 650/4574/650 651/4619/651 3377/4567/3377
f 3377/4567/3377 3665/4620/3665 1479/4566/1479
f 1479/4566/1479 4023/4621/4023 2761/4571/2761
f 3056/2192/3056 966/4522/966 3651/4528/3651
f 3289/2191/3289 536/1770/536 295/4618/295
f 295/4618/295 297/4589/297 3056/2192/3056
f 3534/4554/3534 2761/4571/2761 322/4622/322
f 3289/2191/3289 295/4618/295 3056/2192/3056
f 2017/4623/2017 3055/2193/3055 3056/2192/3056
f 3534/4554/3534 322/4622/322 323/4584/323
f 323/4584/323 2167/4624/2167 1697/739/1697
f 2017/4623/2017 3056/2192/3056 2016/4625/2016
f 3428/4626/3428 4744/4627/4744 3056/2192/3056
f 4744/4627/4744 2016/4625/2016 3056/2192/3056
f 3056/2192/3056 3651/4528/3651 3428/4626/3428
f 2762/4552/2762 323/4584/323 1697/739/1697
f 1697/739/1697 1384/4628/1384 1719/740/1719
f 1719/740/1719 1964/4629/1964 3651/4528/3651
f 1803/245/1803 1431/244/1431 1430/742/1430
f 1430/742/1430 766/2351/766 917/743/917
f 285/746/285 4116/4630/4116 4117/4631/4117
f 4117/4631/4117 1954/744/1954 285/746/285
f 3121/4632/3121 3122/4633/3122 146/4634/146
f 3122/4633/3122 3673/4635/3673 146/4634/146
f 146/4634/146 2151/4636/2151 2152/4637/2152
f 4695/4638/4695 1411/4639/1411 3121/4632/3121
f 2354/4640/2354 2355/4641/2355 4695/4638/4695
f 4020/4642/4020 3855/4643/3855 2354/4640/2354
f 588/4644/588 4735/4645/4735 4020/4642/4020
f 3026/4646/3026 2803/4647/2803 588/4644/588
f 423/4648/423 3027/4649/3027 3026/4646/3026
f 1187/4650/1187 1186/4651/1186 423/4648/423
f 4527/4652/4527 4288/4653/4288 1187/4650/1187
f 4187/4654/4187 1116/4655/1116 4527/4652/4527
f 2841/4656/2841 3231/4657/3231 4187/4654/4187
f 1995/4658/1995 2871/4659/2871 2841/4656/2841
f 2066/4660/2066 4099/4661/4099 3316/4662/3316
f 4099/4661/4099 1995/4658/1995 3316/4662/3316
f 1440/4663/1440 4420/4664/4420 3316/4662/3316
f 2841/4656/2841 4187/4654/4187 3628/4665/3628
f 4187/4654/4187 4527/4652/4527 3628/4665/3628
f 3316/4662/3316 1995/4658/1995 2841/4656/2841
f 3628/4665/3628 3482/4666/3482 1440/4663/1440
f 1440/4663/1440 3316/4662/3316 2841/4656/2841
f 4527/4652/4527 1187/4650/1187 2843/4667/2843
f 1187/4650/1187 423/4648/423 4040/4668/4040
f 2843/4667/2843 1187/4650/1187 4040/4668/4040
f 1440/4663/1440 2841/4656/2841 3628/4665/3628
f 2843/4667/2843 2191/4669/2191 3628/4665/3628
f 423/4648/423 3026/4646/3026 4040/4668/4040
f 3026/4646/3026 588/4644/588 2152/4637/2152
f 588/4644/588 4020/4642/4020 2152/4637/2152
f 4020/4642/4020 2354/4640/2354 146/4634/146
f 2354/4640/2354 4695/4638/4695 146/4634/146
f 4695/4638/4695 3121/4632/3121 146/4634/146
f 2152/4637/2152 4376/4670/4376 949/4671/949
f 146/4634/146 2152/4637/2152 4020/4642/4020
f 3628/4665/3628 4527/4652/4527 2843/4667/2843
f 4040/4668/4040 4716/4672/4716 2843/4667/2843
f 949/4671/949 752/4673/752 753/4674/753
f 3026/4646/3026 2152/4637/2152 2374/4675/2374
f 2152/4637/2152 949/4671/949 753/4674/753
f 3026/4646/3026 2374/4675/2374 4040/4668/4040
f 3342/4676/3342 4560/4677/4560 4040/4668/4040
f 2374/4675/2374 362/4678/362 3342/4676/3342
f 4570/749/4570 4607/4679/4607 3205/4680/3205
f 2374/4675/2374 3342/4676/3342 4040/4668/4040
f 4570/749/4570 3205/4680/3205 2374/4675/2374
f 1688/4681/1688 4494/4682/4494 258/2840/258
f 4494/4682/4494 4570/749/4570 258/2840/258
f 4933/4683/4933 3817/2841/3817 258/2840/258
f 4570/749/4570 2374/4675/2374 2896/747/2896
f 2896/747/2896 2374/4675/2374 2152/4637/2152
f 753/4674/753 4379/4684/4379 2896/747/2896
f 2152/4637/2152 753/4674/753 2896/747/2896
f 258/2840/258 4570/749/4570 4933/4683/4933
f 4933/4683/4933 4570/749/4570 1222/748/1222
f 905/4685/905 907/4686/907 4933/4683/4933
f 4933/4683/4933 1222/748/1222 1335/4687/1335
f 2896/747/2896 2139/4688/2139 1222/748/1222
f 1222/748/1222 3552/4689/3552 1335/4687/1335
f 1335/4687/1335 151/4690/151 905/4685/905
f 905/4685/905 4933/4683/4933 1335/4687/1335
f 2681/750/2681 4464/2082/4464 4947/302/4947
f 4268/752/4268 1722/4400/1722 2999/753/2999
f 2613/755/2613 2925/4691/2925 3442/756/3442
f 2868/4692/2868 1713/4693/1713 445/760/445
f 1713/4693/1713 3114/758/3114 445/760/445
f 4490/761/4490 4849/4694/4849 2635/762/2635
f 4626/764/4626 4702/4695/4702 4625/765/4625
f 1300/767/1300 1302/4696/1302 4386/768/4386
f 4314/770/4314 3249/4697/3249 4066/771/4066
f 2444/773/2444 4087/4698/4087 2078/774/2078
f 101/779/101 4596/3839/4596 102/780/102
f 4601/782/4601 1083/2839/1083 4904/783/4904
f 550/4699/550 1329/787/1329 3016/786/3016
f 1329/787/1329 760/4579/760 172/785/172
f 760/4579/760 171/1701/171 172/785/172
f 3802/788/3802 3803/4700/3803 4119/789/4119
f 3736/794/3736 3865/4701/3865 3864/795/3864
f 142/4702/142 143/4703/143 3803/4700/3803
f 143/4703/143 1780/4704/1780 1456/4705/1456
f 1456/4705/1456 3914/4706/3914 4119/789/4119
f 3914/4706/3914 3178/4707/3178 4024/4708/4024
f 143/4703/143 1456/4705/1456 3803/4700/3803
f 4391/4709/4391 1805/4710/1805 142/4702/142
f 4087/4711/4087 2444/4712/2444 4391/4709/4391
f 4438/2074/4438 3869/2077/3869 4391/4709/4391
f 3869/2077/3869 4087/4711/4087 4391/4709/4391
f 3802/788/3802 2920/2075/2920 3803/4700/3803
f 2920/2075/2920 4438/2074/4438 142/4702/142
f 3803/4700/3803 2920/2075/2920 142/4702/142
f 4546/4713/4546 4119/789/4119 4024/4708/4024
f 4119/789/4119 3803/4700/3803 1456/4705/1456
f 4024/4708/4024 4119/789/4119 3914/4706/3914
f 4438/2074/4438 4391/4709/4391 142/4702/142
f 3278/4714/3278 4546/4713/4546 3394/4715/3394
f 3279/2242/3279 3278/4714/3278 2331/2243/2331
f 4546/4713/4546 4024/4708/4024 3394/4715/3394
f 3394/4715/3394 2331/2243/2331 3278/4714/3278
f 3210/4716/3210 4058/4717/4058 2748/4718/2748
f 4058/4717/4058 3394/4715/3394 210/4719/210
f 1628/798/1628 4526/4720/4526 3763/4721/3763
f 4526/4720/4526 2748/4718/2748 3763/4721/3763
f 4058/4717/4058 210/4719/210 1469/4722/1469
f 2748/4718/2748 4058/4717/4058 1469/4722/1469
f 4024/4708/4024 2853/4723/2853 2679/4724/2679
f 2679/4724/2679 3980/4725/3980 3394/4715/3394
f 3980/4725/3980 209/4726/209 210/4719/210
f 209/4726/209 2031/4727/2031 210/4719/210
f 1469/4722/1469 4572/4728/4572 3763/4721/3763
f 4572/4728/4572 2617/4729/2617 3763/4721/3763
f 3980/4725/3980 210/4719/210 3394/4715/3394
f 4024/4708/4024 2679/4724/2679 3394/4715/3394
f 1802/797/1802 231/1025/231 1628/798/1628
f 3563/4730/3563 4097/4731/4097 2905/4732/2905
f 4097/4731/4097 1802/797/1802 2905/4732/2905
f 878/468/878 879/4059/879 2905/4732/2905
f 879/4059/879 3563/4730/3563 2905/4732/2905
f 2906/799/2906 2905/4732/2905 1802/797/1802
f 3763/4721/3763 2907/4733/2907 2906/799/2906
f 1469/4722/1469 3763/4721/3763 2748/4718/2748
f 3763/4721/3763 2906/799/2906 1628/798/1628
f 1376/800/1376 4289/4734/4289 3360/801/3360
f 3360/801/3360 3935/4735/3935 3936/4736/3936
f 3936/4736/3936 1772/4737/1772 1771/4738/1771
f 1771/4738/1771 1770/4739/1770 4366/4740/4366
f 4366/4740/4366 2645/4741/2645 4092/4742/4092
f 4092/4742/4092 3597/4743/3597 3596/4744/3596
f 3596/4744/3596 4128/4745/4128 3378/4746/3378
f 3378/4746/3378 2804/4747/2804 2805/4748/2805
f 2805/4748/2805 4709/4749/4709 4680/4750/4680
f 4680/4750/4680 2837/4751/2837 2836/4752/2836
f 2836/4752/2836 2403/4753/2403 4062/4754/4062
f 4062/4754/4062 3716/4755/3716 2345/4756/2345
f 2345/4756/2345 4332/4757/4332 4331/4758/4331
f 4331/4758/4331 2739/4759/2739 952/4760/952
f 2048/4761/2048 662/4762/662 4549/4763/4549
f 4331/4758/4331 952/4760/952 2048/4761/2048
f 2836/4752/2836 4062/4754/4062 2283/4764/2283
f 4062/4754/4062 2345/4756/2345 2283/4764/2283
f 2345/4756/2345 4331/4758/4331 2321/4765/2321
f 4331/4758/4331 2048/4761/2048 175/4766/175
f 2321/4765/2321 4331/4758/4331 175/4766/175
f 2048/4761/2048 4549/4763/4549 3920/4767/3920
f 4549/4763/4549 2076/4768/2076 3920/4767/3920
f 3920/4767/3920 2401/4769/2401 2048/4761/2048
f 2401/4769/2401 3589/4770/3589 176/4771/176
f 2401/4769/2401 176/4771/176 175/4766/175
f 3378/4746/3378 2805/4748/2805 4680/4750/4680
f 4680/4750/4680 2836/4752/2836 2201/4772/2201
f 2345/4756/2345 2321/4765/2321 2320/4773/2320
f 2048/4761/2048 2401/4769/2401 175/4766/175
f 2321/4765/2321 4403/4774/4403 4402/4775/4402
f 3378/4746/3378 4680/4750/4680 4405/4776/4405
f 2345/4756/2345 2320/4773/2320 2283/4764/2283
f 4092/4742/4092 3596/4744/3596 4366/4740/4366
f 3596/4744/3596 3378/4746/3378 3535/4777/3535
f 4366/4740/4366 3596/4744/3596 3535/4777/3535
f 2321/4765/2321 4402/4775/4402 2320/4773/2320
f 2283/4764/2283 3361/4778/3361 1555/4779/1555
f 2836/4752/2836 2283/4764/2283 1933/4780/1933
f 2201/4772/2201 2836/4752/2836 1933/4780/1933
f 2283/4764/2283 1555/4779/1555 1933/4780/1933
f 1555/4779/1555 4028/4781/4028 1933/4780/1933
f 4680/4750/4680 2201/4772/2201 4405/4776/4405
f 1933/4780/1933 3962/4782/3962 2201/4772/2201
f 2201/4772/2201 4624/4783/4624 4405/4776/4405
f 4405/4776/4405 3606/4784/3606 3535/4777/3535
f 456/4785/456 3605/4786/3605 457/4787/457
f 456/4785/456 457/4787/457 455/4788/455
f 455/4788/455 3246/4789/3246 3933/4790/3933
f 3933/4790/3933 4272/4791/4272 1003/4792/1003
f 1003/4792/1003 1002/4793/1002 1838/4794/1838
f 1838/4794/1838 52/4795/52 3622/4796/3622
f 3622/4796/3622 4529/4797/4529 4475/4798/4475
f 4475/4798/4475 1492/4799/1492 3382/4800/3382
f 1865/4801/1865 1937/4802/1937 521/4803/521
f 4475/4798/4475 3382/4800/3382 1865/4801/1865
f 1003/4792/1003 1838/4794/1838 3622/4796/3622
f 3622/4796/3622 4475/4798/4475 1865/4801/1865
f 521/4803/521 1787/4804/1787 40/4805/40
f 1003/4792/1003 3622/4796/3622 3933/4790/3933
f 3622/4796/3622 1865/4801/1865 1771/4738/1771
f 3622/4796/3622 4366/4740/4366 3933/4790/3933
f 4366/4740/4366 3622/4796/3622 1771/4738/1771
f 1865/4801/1865 521/4803/521 3936/4736/3936
f 455/4788/455 3933/4790/3933 456/4785/456
f 456/4785/456 3933/4790/3933 4366/4740/4366
f 1771/4738/1771 1865/4801/1865 3936/4736/3936
f 3535/4777/3535 456/4785/456 4366/4740/4366
f 40/4805/40 3699/4806/3699 2193/4807/2193
f 521/4803/521 40/4805/40 3360/801/3360
f 4405/4776/4405 3535/4777/3535 3378/4746/3378
f 40/4805/40 2193/4807/2193 776/4808/776
f 776/4808/776 1993/4809/1993 4949/802/4949
f 4949/802/4949 4297/4810/4297 406/4811/406
f 407/4812/407 3886/4813/3886 812/4814/812
f 3886/4813/3886 1815/4815/1815 812/4814/812
f 4949/802/4949 406/4811/406 812/4814/812
f 406/4811/406 407/4812/407 812/4814/812
f 40/4805/40 776/4808/776 3360/801/3360
f 776/4808/776 4949/802/4949 3360/801/3360
f 521/4803/521 3360/801/3360 3936/4736/3936
f 812/4814/812 1832/4816/1832 1376/800/1376
f 812/4814/812 1376/800/1376 4949/802/4949
f 727/4817/727 2038/4818/2038 726/4819/726
f 2038/4818/2038 2037/4820/2037 726/4819/726
f 726/4819/726 2737/4821/2737 3110/803/3110
f 3932/4822/3932 105/4823/105 727/4817/727
f 4670/4824/4670 2852/805/2852 3109/804/3109
f 2852/805/2852 2407/4825/2407 3110/803/3110
f 2407/4825/2407 3932/4822/3932 727/4817/727
f 727/4817/727 726/4819/726 2407/4825/2407
f 726/4819/726 3110/803/3110 2407/4825/2407
f 4577/806/4577 3298/4826/3298 1970/807/1970
f 3473/4827/3473 2456/4828/2456 339/4829/339
f 4653/4830/4653 2335/4831/2335 3159/4832/3159
f 3473/4827/3473 339/4829/339 4254/4833/4254
f 339/4829/339 4653/4830/4653 4254/4833/4254
f 4612/4834/4612 3649/4835/3649 3473/4827/3473
f 4456/4836/4456 4613/4837/4613 1425/4838/1425
f 4612/4834/4612 3473/4827/3473 3028/4839/3028
f 4456/4836/4456 1425/4838/1425 3359/4840/3359
f 1425/4838/1425 4612/4834/4612 3359/4840/3359
f 854/4841/854 1902/4842/1902 4456/4836/4456
f 3450/4843/3450 2380/4844/2380 854/4841/854
f 3028/4839/3028 3187/4845/3187 3359/4840/3359
f 3359/4840/3359 3450/4843/3450 854/4841/854
f 854/4841/854 4456/4836/4456 3359/4840/3359
f 4254/4833/4254 3066/4846/3066 3028/4839/3028
f 3028/4839/3028 3359/4840/3359 4612/4834/4612
f 3473/4827/3473 4254/4833/4254 3028/4839/3028
f 2738/4847/2738 4253/4848/4253 4254/4833/4254
f 3159/4832/3159 1663/4849/1663 1665/4850/1665
f 4254/4833/4254 4653/4830/4653 3833/4851/3833
f 4653/4830/4653 3159/4832/3159 4131/4852/4131
f 3776/811/3776 2580/4853/2580 2738/4847/2738
f 2738/4847/2738 4254/4833/4254 3833/4851/3833
f 4653/4830/4653 4131/4852/4131 3833/4851/3833
f 3159/4832/3159 1665/4850/1665 2748/4854/2748
f 1665/4850/1665 4550/4855/4550 2748/4854/2748
f 4550/4855/4550 3210/4856/3210 2748/4854/2748
f 2748/4854/2748 4526/4857/4526 4131/4852/4131
f 3833/4851/3833 231/4858/231 2738/4847/2738
f 231/4858/231 1802/4859/1802 3616/809/3616
f 2748/4854/2748 4131/4852/4131 3159/4832/3159
f 231/4858/231 3616/809/3616 3776/811/3776
f 231/4858/231 3776/811/3776 2738/4847/2738
f 3616/809/3616 3615/4860/3615 4714/4861/4714
f 2190/810/2190 4617/4862/4617 3776/811/3776
f 3616/809/3616 4714/4861/4714 2190/810/2190
f 3222/392/3222 3530/3847/3530 308/815/308
f 992/817/992 288/4863/288 4726/818/4726
f 1749/820/1749 4389/4864/4389 4104/821/4104
f 3203/3094/3203 3171/824/3171 3592/823/3592
f 3171/824/3171 4474/1974/4474 4930/825/4930
f 1444/4865/1444 1365/2501/1365 2494/4866/2494
f 1365/2501/1365 1364/829/1364 3480/4867/3480
f 1364/829/1364 121/2500/121 3878/830/3878
f 3878/830/3878 2134/4868/2134 2765/831/2765
f 2765/831/2765 2766/365/2766 1364/829/1364
f 2766/365/2766 3480/4867/3480 1364/829/1364
f 3480/4867/3480 2494/4866/2494 1365/2501/1365
f 4081/832/4081 119/4869/119 898/833/898
f 1934/4870/1934 4010/4871/4010 3676/4872/3676
f 3676/4872/3676 1266/4873/1266 1934/4870/1934
f 1266/4873/1266 4929/463/4929 2024/4874/2024
f 1934/4870/1934 1266/4873/1266 2024/4874/2024
f 4929/463/4929 4341/462/4341 1898/1792/1898
f 4341/462/4341 4340/4875/4340 1898/1792/1898
f 3460/2009/3460 2507/3814/2507 2614/3813/2614
f 4340/4875/4340 3460/2009/3460 2614/3813/2614
f 1898/1792/1898 4340/4875/4340 2614/3813/2614
f 927/1110/927 2753/1109/2753 928/4876/928
f 2753/1109/2753 1934/4870/1934 3198/4877/3198
f 928/4876/928 2753/1109/2753 202/4878/202
f 1108/4879/1108 1109/4880/1109 1110/4881/1110
f 1109/4880/1109 928/4876/928 1110/4881/1110
f 743/4882/743 1898/1792/1898 687/1791/687
f 687/1791/687 611/1790/611 3892/4883/3892
f 611/1790/611 3890/4884/3890 3892/4883/3892
f 4929/463/4929 1898/1792/1898 2024/4874/2024
f 2753/1109/2753 3198/4877/3198 202/4878/202
f 1898/1792/1898 743/4882/743 2024/4874/2024
f 202/4878/202 4673/4885/4673 1110/4881/1110
f 3198/4877/3198 203/4886/203 202/4878/202
f 3494/4887/3494 3196/4888/3196 3198/4877/3198
f 2024/4874/2024 3069/4889/3069 3494/4887/3494
f 743/4882/743 3288/4890/3288 2024/4874/2024
f 2986/4891/2986 2551/4892/2551 1164/4893/1164
f 2551/4892/2551 743/4882/743 1164/4893/1164
f 2024/4874/2024 3494/4887/3494 3198/4877/3198
f 1961/4894/1961 1164/4893/1164 743/4882/743
f 2024/4874/2024 3198/4877/3198 1934/4870/1934
f 202/4878/202 1110/4881/1110 928/4876/928
f 1961/4894/1961 743/4882/743 687/1791/687
f 687/1791/687 3892/4883/3892 3891/4895/3891
f 1346/4896/1346 1345/4897/1345 1961/4894/1961
f 1961/4894/1961 687/1791/687 1346/4896/1346
f 687/1791/687 3891/4895/3891 1346/4896/1346
f 4708/4898/4708 1015/4899/1015 1016/4900/1016
f 1346/4896/1346 3891/4895/3891 249/4901/249
f 3891/4895/3891 4708/4898/4708 249/4901/249
f 1016/4900/1016 2954/4902/2954 3164/4903/3164
f 249/4901/249 4708/4898/4708 1016/4900/1016
f 4100/4904/4100 2669/4905/2669 2668/4906/2668
f 2668/4906/2668 249/4901/249 1016/4900/1016
f 3164/4903/3164 509/3819/509 2434/4907/2434
f 509/3819/509 417/3818/417 4347/4908/4347
f 2668/4906/2668 1016/4900/1016 3751/4909/3751
f 1016/4900/1016 3164/4903/3164 3751/4909/3751
f 4218/4910/4218 3635/4911/3635 4100/4904/4100
f 4100/4904/4100 2668/4906/2668 2862/4912/2862
f 4900/4913/4900 2668/4906/2668 3751/4909/3751
f 509/3819/509 4347/4908/4347 3078/4914/3078
f 417/3818/417 1548/3821/1548 4347/4908/4347
f 1548/3821/1548 1816/3820/1816 3404/3823/3404
f 4347/4908/4347 4346/4915/4346 3078/4914/3078
f 1548/3821/1548 3404/3823/3404 4347/4908/4347
f 2668/4906/2668 4900/4913/4900 2862/4912/2862
f 4424/4916/4424 4218/4910/4218 4100/4904/4100
f 3000/4917/3000 4410/4918/4410 3713/4919/3713
f 3713/4919/3713 4424/4916/4424 4100/4904/4100
f 509/3819/509 3078/4914/3078 2434/4907/2434
f 3078/4914/3078 4682/4920/4682 2432/4921/2432
f 3000/4917/3000 3713/4919/3713 1321/4922/1321
f 3713/4919/3713 4100/4904/4100 2862/4912/2862
f 4677/4923/4677 837/4924/837 3000/4917/3000
f 359/4925/359 2839/4926/2839 4677/4923/4677
f 4226/4927/4226 1148/4928/1148 359/4925/359
f 2011/4929/2011 2042/4930/2042 4226/4927/4226
f 4399/4931/4399 681/4932/681 2011/4929/2011
f 3543/4933/3543 2478/4934/2478 4399/4931/4399
f 4111/4935/4111 4001/4936/4001 3543/4933/3543
f 1764/4937/1764 4111/4935/4111 3543/4933/3543
f 3543/4933/3543 4399/4931/4399 2011/4929/2011
f 4226/4927/4226 359/4925/359 4005/4938/4005
f 359/4925/359 4677/4923/4677 4005/4938/4005
f 3543/4933/3543 2011/4929/2011 1764/4937/1764
f 2011/4929/2011 4226/4927/4226 1764/4937/1764
f 4677/4923/4677 3000/4917/3000 1321/4922/1321
f 3713/4919/3713 2862/4912/2862 1321/4922/1321
f 1764/4937/1764 4226/4927/4226 4005/4938/4005
f 2265/836/2265 3778/4939/3778 4005/4938/4005
f 3164/4903/3164 2434/4907/2434 3835/4940/3835
f 3078/4914/3078 2432/4921/2432 2434/4907/2434
f 2434/4907/2434 3905/4941/3905 3835/4940/3835
f 3835/4940/3835 3834/4942/3834 3353/4943/3353
f 3353/4943/3353 4760/4944/4760 2505/4945/2505
f 2505/4945/2505 2982/4946/2982 1490/4947/1490
f 1490/4947/1490 1489/4948/1489 3751/4909/3751
f 3751/4909/3751 4591/4949/4591 4900/4913/4900
f 4900/4913/4900 4154/4950/4154 629/4951/629
f 629/4951/629 2582/4952/2582 2583/4953/2583
f 2583/4953/2583 4198/4954/4198 2204/4955/2204
f 2862/4912/2862 2379/4956/2379 1321/4922/1321
f 2583/4953/2583 2204/4955/2204 2862/4912/2862
f 4900/4913/4900 629/4951/629 2862/4912/2862
f 629/4951/629 2583/4953/2583 2862/4912/2862
f 1490/4947/1490 3751/4909/3751 3164/4903/3164
f 2505/4945/2505 1490/4947/1490 3164/4903/3164
f 1321/4922/1321 689/4957/689 4677/4923/4677
f 689/4957/689 4452/4958/4452 4368/837/4368
f 689/4957/689 4368/837/4368 4677/4923/4677
f 4452/4958/4452 3344/4959/3344 4368/837/4368
f 3353/4943/3353 2505/4945/2505 3164/4903/3164
f 3835/4940/3835 3353/4943/3353 3164/4903/3164
f 2265/836/2265 4005/4938/4005 4368/837/4368
f 4005/4938/4005 4677/4923/4677 4368/837/4368
f 3161/4960/3161 4739/4961/4739 2265/836/2265
f 4360/4962/4360 3667/4963/3667 4359/835/4359
f 3667/4963/3667 3161/4960/3161 4359/835/4359
f 4368/837/4368 3572/4964/3572 4359/835/4359
f 3161/4960/3161 2265/836/2265 4359/835/4359
f 2414/4965/2414 2572/4966/2572 3004/4967/3004
f 2572/4966/2572 2533/2212/2533 2532/3504/2532
f 2533/2212/2533 2498/2211/2498 2532/3504/2532
f 2532/3504/2532 1651/3503/1651 4221/4968/4221
f 1651/3503/1651 4616/4969/4616 4221/4968/4221
f 4616/4969/4616 1879/4970/1879 4221/4968/4221
f 4220/4971/4220 542/4972/542 2090/4973/2090
f 4220/4971/4220 2090/4973/2090 3004/4967/3004
f 2090/4973/2090 3767/4974/3767 2955/4975/2955
f 69/4976/69 2090/4973/2090 2955/4975/2955
f 2532/3504/2532 4221/4968/4221 4220/4971/4220
f 2572/4966/2572 2532/3504/2532 3004/4967/3004
f 2532/3504/2532 4220/4971/4220 3004/4967/3004
f 2090/4973/2090 69/4976/69 3004/4967/3004
f 3767/4974/3767 1041/4977/1041 2279/4978/2279
f 125/4979/125 3928/2711/3928 2519/4980/2519
f 3928/2711/3928 4299/2710/4299 2519/4980/2519
f 125/4979/125 2519/4980/2519 2879/4981/2879
f 3767/4974/3767 2279/4978/2279 3243/4982/3243
f 2279/4978/2279 125/4979/125 3243/4982/3243
f 784/4983/784 2792/4984/2792 69/4976/69
f 2955/4975/2955 784/4983/784 69/4976/69
f 2955/4975/2955 3767/4974/3767 3243/4982/3243
f 4299/2710/4299 3276/4985/3276 4139/4986/4139
f 3243/4982/3243 125/4979/125 2879/4981/2879
f 4139/4986/4139 4212/4987/4212 221/4988/221
f 4212/4987/4212 1542/844/1542 221/4988/221
f 4299/2710/4299 4139/4986/4139 261/4989/261
f 4147/4990/4147 575/4991/575 3243/4982/3243
f 2519/4980/2519 4299/2710/4299 4873/4992/4873
f 1542/844/1542 4172/4993/4172 1797/842/1797
f 4172/4993/4172 4926/4994/4926 4874/4995/4874
f 4299/2710/4299 261/4989/261 4873/4992/4873
f 2879/4981/2879 4147/4990/4147 3243/4982/3243
f 262/4996/262 4873/4992/4873 261/4989/261
f 4172/4993/4172 4874/4995/4874 2587/4997/2587
f 2612/4998/2612 4172/4993/4172 2587/4997/2587
f 261/4989/261 4139/4986/4139 2525/4999/2525
f 2525/4999/2525 4496/5000/4496 261/4989/261
f 4877/5001/4877 2125/5002/2125 4139/4986/4139
f 2125/5002/2125 2453/5003/2453 4139/4986/4139
f 2453/5003/2453 2525/4999/2525 4139/4986/4139
f 4874/4995/4874 4885/5004/4885 4786/5005/4786
f 4139/4986/4139 221/4988/221 4877/5001/4877
f 4172/4993/4172 2612/4998/2612 1797/842/1797
f 221/4988/221 1542/844/1542 4765/5006/4765
f 4765/5006/4765 4866/5007/4866 221/4988/221
f 4874/4995/4874 4786/5005/4786 2187/5008/2187
f 2587/4997/2587 2637/5009/2637 2612/4998/2612
f 4874/4995/4874 2187/5008/2187 2587/4997/2587
f 4766/5010/4766 1542/844/1542 2440/843/2440
f 4766/5010/4766 4765/5006/4765 1542/844/1542
f 2440/843/2440 4298/5011/4298 4766/5010/4766
f 3554/847/3554 2266/5012/2266 4258/845/4258
f 2266/5012/2266 3236/5013/3236 4258/845/4258
f 2502/848/2502 4886/5014/4886 1044/849/1044
f 4818/5015/4818 1597/5016/1597 1173/5017/1173
f 1597/5016/1597 4262/5018/4262 1173/5017/1173
f 1173/5017/1173 3826/5019/3826 2492/5020/2492
f 3826/5019/3826 2493/5021/2493 2492/5020/2492
f 4282/5022/4282 3083/853/3083 4336/5023/4336
f 3083/853/3083 4818/5015/4818 4509/851/4509
f 1604/5024/1604 3083/853/3083 147/852/147
f 62/5025/62 4281/5026/4281 4282/5022/4282
f 1318/5027/1318 153/5028/153 33/5029/33
f 33/5029/33 62/5025/62 4282/5022/4282
f 3083/853/3083 1604/5024/1604 4336/5023/4336
f 4818/5015/4818 1173/5017/1173 2492/5020/2492
f 2492/5020/2492 2491/5030/2491 1264/5031/1264
f 3964/5032/3964 2462/5033/2462 2461/5034/2461
f 2492/5020/2492 1264/5031/1264 4818/5015/4818
f 1264/5031/1264 3964/5032/3964 4818/5015/4818
f 1318/5027/1318 33/5029/33 4282/5022/4282
f 714/5035/714 1406/5036/1406 1318/5027/1318
f 707/5037/707 2656/5038/2656 714/5035/714
f 1593/5039/1593 4690/5040/4690 1318/5027/1318
f 4690/5040/4690 707/5037/707 714/5035/714
f 4293/5041/4293 1592/5042/1592 4336/5023/4336
f 1592/5042/1592 1593/5039/1593 4336/5023/4336
f 4690/5040/4690 714/5035/714 1318/5027/1318
f 1318/5027/1318 4282/5022/4282 4336/5023/4336
f 4336/5023/4336 1593/5039/1593 1318/5027/1318
f 4818/5015/4818 3964/5032/3964 4509/851/4509
f 3964/5032/3964 2461/5034/2461 4509/851/4509
f 4509/851/4509 4125/5043/4125 147/852/147
f 453/858/453 451/1418/451 452/859/452
f 142/861/142 1805/881/1805 3398/862/3398
f 2840/5044/2840 875/1811/875 2524/5045/2524
f 2524/5045/2524 4641/5046/4641 2565/5047/2565
f 814/5048/814 815/5049/815 813/5050/813
f 2840/5044/2840 2524/5045/2524 1160/5051/1160
f 2524/5045/2524 2565/5047/2565 2236/5052/2236
f 1160/5051/1160 2524/5045/2524 2236/5052/2236
f 2156/5053/2156 4486/5054/4486 2155/5055/2155
f 4486/5054/4486 2840/5044/2840 4118/5056/4118
f 4118/5056/4118 2155/5055/2155 4486/5054/4486
f 3719/5057/3719 3720/5058/3720 3718/5059/3718
f 3720/5058/3720 3147/5060/3147 4361/5061/4361
f 3718/5059/3718 3720/5058/3720 4361/5061/4361
f 3147/5060/3147 4118/5056/4118 2840/5044/2840
f 3147/5060/3147 2840/5044/2840 1160/5051/1160
f 3147/5060/3147 1160/5051/1160 4239/5062/4239
f 3942/5063/3942 2367/5064/2367 4839/5065/4839
f 2367/5064/2367 2368/5066/2368 1584/5067/1584
f 4839/5065/4839 2367/5064/2367 1584/5067/1584
f 2368/5066/2368 4361/5061/4361 3147/5060/3147
f 2368/5066/2368 3147/5060/3147 3452/5068/3452
f 3638/5069/3638 4599/5070/4599 4170/5071/4170
f 4599/5070/4599 4838/5072/4838 4170/5071/4170
f 4170/5071/4170 4838/5072/4838 1584/5067/1584
f 553/5073/553 4170/5071/4170 1584/5067/1584
f 553/5073/553 1584/5067/1584 2311/2740/2311
f 1584/5067/1584 2368/5066/2368 2927/5074/2927
f 3637/5075/3637 3639/5076/3639 3874/5077/3874
f 1584/5067/1584 2927/5074/2927 2311/2740/2311
f 3147/5060/3147 4239/5062/4239 3452/5068/3452
f 2927/5074/2927 2368/5066/2368 3452/5068/3452
f 3873/5078/3873 3637/5075/3637 3874/5077/3874
f 3873/5078/3873 3874/5077/3874 819/5079/819
f 3874/5077/3874 553/5073/553 2312/5080/2312
f 819/5079/819 3874/5077/3874 2312/5080/2312
f 819/5079/819 1983/5081/1983 3873/5078/3873
f 406/5082/406 3370/5083/3370 407/5084/407
f 3370/5083/3370 819/5079/819 3886/5085/3886
f 3886/5085/3886 407/5084/407 3370/5083/3370
f 1832/5086/1832 812/5087/812 1815/5088/1815
f 1815/5088/1815 3886/5085/3886 3761/5089/3761
f 3886/5085/3886 819/5079/819 3761/5089/3761
f 4289/5090/4289 1376/5091/1376 1832/5086/1832
f 1832/5086/1832 1815/5088/1815 3761/5089/3761
f 819/5079/819 2312/5080/2312 3761/5089/3761
f 2312/5080/2312 553/5073/553 2311/2740/2311
f 3935/5092/3935 3360/5093/3360 579/1847/579
f 3360/5093/3360 4289/5090/4289 579/1847/579
f 813/5050/813 2560/5094/2560 2364/5095/2364
f 2364/5095/2364 4642/5096/4642 813/5050/813
f 4642/5096/4642 26/5097/26 813/5050/813
f 26/5097/26 2624/5098/2624 3574/5099/3574
f 3574/5099/3574 2235/5100/2235 2236/5052/2236
f 2236/5052/2236 4240/5101/4240 4171/5102/4171
f 4240/5101/4240 4283/5103/4283 4171/5102/4171
f 4171/5102/4171 2919/5104/2919 1160/5051/1160
f 26/5097/26 3574/5099/3574 814/5048/814
f 813/5050/813 26/5097/26 814/5048/814
f 3574/5099/3574 2236/5052/2236 2565/5047/2565
f 2236/5052/2236 4171/5102/4171 1160/5051/1160
f 1160/5051/1160 2305/5105/2305 4239/5062/4239
f 4239/5062/4239 4238/5106/4238 3452/5068/3452
f 2927/5074/2927 2928/5107/2928 2311/2740/2311
f 814/5048/814 3574/5099/3574 2565/5047/2565
f 4289/5090/4289 1832/5086/1832 579/1847/579
f 1772/5108/1772 3936/5109/3936 3935/5092/3935
f 1770/5110/1770 1771/5111/1771 1772/5108/1772
f 2645/5112/2645 4366/5113/4366 1770/5110/1770
f 3597/5114/3597 4092/5115/4092 2645/5112/2645
f 4128/5116/4128 3596/5117/3596 3597/5114/3597
f 2804/866/2804 3378/5118/3378 4128/5116/4128
f 4709/5119/4709 2805/5120/2805 2804/866/2804
f 2837/5121/2837 4680/5122/4680 4709/5119/4709
f 2403/5123/2403 2836/5124/2836 2837/5121/2837
f 3716/5125/3716 4062/5126/4062 3717/5127/3717
f 4062/5126/4062 2403/5123/2403 3717/5127/3717
f 4332/5128/4332 2345/5129/2345 4412/5130/4412
f 2345/5129/2345 3716/5125/3716 4412/5130/4412
f 2739/5131/2739 4331/5132/4331 4332/5128/4332
f 4412/5130/4412 2466/5133/2466 4332/5128/4332
f 2466/5133/2466 2739/5131/2739 4332/5128/4332
f 3717/5127/3717 3522/5134/3522 3716/5125/3716
f 3522/5134/3522 4412/5130/4412 3716/5125/3716
f 148/5135/148 150/5136/150 2403/5123/2403
f 150/5136/150 3717/5127/3717 2403/5123/2403
f 3844/5137/3844 149/5138/149 148/5135/148
f 2786/5139/2786 2785/5140/2785 3844/5137/3844
f 793/865/793 2784/5141/2784 2786/5139/2786
f 1352/864/1352 1353/5142/1353 793/865/793
f 182/5143/182 2787/5144/2787 1352/864/1352
f 180/5145/180 181/5146/181 182/5143/182
f 328/5147/328 1653/5148/1653 180/5145/180
f 329/5149/329 330/5150/330 328/5147/328
f 2523/5151/2523 450/5152/450 329/5149/329
f 565/5153/565 426/5154/426 2523/5151/2523
f 442/5155/442 566/1941/566 565/5153/565
f 579/1847/579 578/1331/578 442/5155/442
f 2312/5080/2312 4265/1365/4265 3761/5089/3761
f 3761/5089/3761 579/1847/579 1832/5086/1832
f 579/1847/579 442/5155/442 3935/5092/3935
f 3935/5092/3935 442/5155/442 565/5153/565
f 565/5153/565 2523/5151/2523 3935/5092/3935
f 329/5149/329 328/5147/328 1770/5110/1770
f 328/5147/328 180/5145/180 2645/5112/2645
f 1770/5110/1770 328/5147/328 2645/5112/2645
f 2523/5151/2523 329/5149/329 3935/5092/3935
f 180/5145/180 182/5143/182 2645/5112/2645
f 182/5143/182 1352/864/1352 3597/5114/3597
f 2645/5112/2645 182/5143/182 3597/5114/3597
f 3935/5092/3935 329/5149/329 1772/5108/1772
f 1770/5110/1770 1772/5108/1772 329/5149/329
f 793/865/793 2786/5139/2786 2804/866/2804
f 2786/5139/2786 3844/5137/3844 4709/5119/4709
f 2804/866/2804 2786/5139/2786 4709/5119/4709
f 3844/5137/3844 148/5135/148 2837/5121/2837
f 2403/5123/2403 2837/5121/2837 148/5135/148
f 2837/5121/2837 4709/5119/4709 3844/5137/3844
f 2804/866/2804 4128/5116/4128 1352/864/1352
f 4128/5116/4128 3597/5114/3597 1352/864/1352
f 4250/875/4250 533/5156/533 166/876/166
f 128/2949/128 129/2948/129 4748/878/4748
f 129/2948/129 3625/301/3625 4748/878/4748
f 336/466/336 337/465/337 338/879/338
f 338/879/338 4939/1156/4939 335/880/335
f 2444/773/2444 1804/3781/1804 1805/881/1805
f 4180/883/4180 4181/5157/4181 4892/884/4892
f 2373/185/2373 3594/3367/3594 3595/893/3595
f 788/903/788 787/1120/787 2485/186/2485
f 4368/905/4368 3344/5158/3344 4367/906/4367
f 3225/5159/3225 3226/5160/3226 1637/908/1637
f 3226/5160/3226 4514/909/4514 1637/908/1637
f 1119/2748/1119 1547/5161/1547 2129/640/2129
f 4514/909/4514 1119/2748/1119 2129/640/2129
f 3949/912/3949 4755/5162/4755 2776/5163/2776
f 2776/5163/2776 976/318/976 179/317/179
f 179/317/179 178/936/178 2949/5164/2949
f 1635/5165/1635 3156/5166/3156 980/910/980
f 3156/5166/3156 4188/5167/4188 980/910/980
f 179/317/179 2949/5164/2949 1635/5165/1635
f 3949/912/3949 2776/5163/2776 980/910/980
f 2776/5163/2776 179/317/179 1635/5165/1635
f 4502/5168/4502 4501/5169/4501 751/911/751
f 4501/5169/4501 3949/912/3949 751/911/751
f 980/910/980 2702/5170/2702 751/911/751
f 2776/5163/2776 1635/5165/1635 980/910/980
f 3082/5171/3082 851/5172/851 2511/4171/2511
f 851/5172/851 850/5173/850 2511/4171/2511
f 2511/4171/2511 2493/2876/2493 3082/5171/3082
f 2493/2876/2493 3826/919/3826 3082/5171/3082
f 4262/921/4262 2616/5174/2616 3826/919/3826
f 2616/5174/2616 3082/5171/3082 3826/919/3826
f 4820/5175/4820 43/1849/43 4803/5176/4803
f 43/1849/43 4284/1838/4284 957/5177/957
f 957/5177/957 1795/253/1795 1030/252/1030
f 43/1849/43 957/5177/957 20/5178/20
f 20/5178/20 4803/5176/4803 43/1849/43
f 4/4/4 8/2521/8 3242/926/3242
f 3242/926/3242 20/5178/20 957/5177/957
f 957/5177/957 1030/252/1030 3242/926/3242
f 1030/252/1030 1031/3455/1031 48/1919/48
f 48/1919/48 4/4/4 1030/252/1030
f 331/927/331 332/5179/332 2887/928/2887
f 4853/932/4853 1950/5180/1950 4851/930/4851
f 1950/5180/1950 4835/1257/4835 4851/930/4851
f 178/936/178 179/317/179 852/316/852
f 852/316/852 4155/331/4155 178/936/178
f 4155/331/4155 4209/333/4209 178/936/178
f 4209/333/4209 4242/5181/4242 178/936/178
f 4242/5181/4242 2816/937/2816 178/936/178
f 2816/937/2816 3500/5182/3500 3501/5183/3501
f 3501/5183/3501 3107/5184/3107 3432/5185/3432
f 3432/5185/3432 3154/5186/3154 3501/5183/3501
f 3154/5186/3154 4445/5187/4445 3501/5183/3501
f 3510/938/3510 3810/5188/3810 2949/5164/2949
f 3810/5188/3810 3156/5166/3156 2949/5164/2949
f 3156/5166/3156 1635/5165/1635 2949/5164/2949
f 3501/5183/3501 4445/5187/4445 2816/937/2816
f 4445/5187/4445 3510/938/3510 2816/937/2816
f 3510/938/3510 2949/5164/2949 178/936/178
f 4712/943/4712 4463/4002/4463 988/944/988
f 4348/948/4348 3978/5189/3978 3189/5190/3189
f 3978/5189/3978 3188/5191/3188 3189/5190/3189
f 3188/5191/3188 1683/5192/1683 3189/5190/3189
f 3189/5190/3189 3893/5193/3893 4348/948/4348
f 3893/5193/3893 3385/946/3385 4348/948/4348
f 3385/946/3385 3384/5194/3384 2319/947/2319
f 4492/949/4492 4532/5195/4532 4491/950/4491
f 4889/954/4889 3985/5196/3985 1889/5197/1889
f 1889/5197/1889 4699/952/4699 4889/954/4889
f 300/5198/300 4457/5199/4457 2854/5200/2854
f 4457/5199/4457 3323/5201/3323 2854/5200/2854
f 4861/5202/4861 3701/5203/3701 3285/5204/3285
f 3323/5201/3323 4861/5202/4861 2915/956/2915
f 2854/5200/2854 3323/5201/3323 2915/956/2915
f 2854/5200/2854 1216/5205/1216 300/5198/300
f 2915/956/2915 3284/5206/3284 2854/5200/2854
f 3412/955/3412 3413/5207/3413 2915/956/2915
f 3279/5208/3279 858/5209/858 3412/955/3412
f 919/5210/919 3278/5211/3278 3412/955/3412
f 3278/5211/3278 3279/5208/3279 3412/955/3412
f 4861/5202/4861 3285/5204/3285 2915/956/2915
f 3285/5204/3285 3350/957/3350 2915/956/2915
f 3350/957/3350 919/5210/919 3412/955/3412
f 1660/3258/1660 1767/2061/1767 3371/5212/3371
f 1767/2061/1767 1715/960/1715 3371/5212/3371
f 1419/2435/1419 1420/2434/1420 3595/893/3595
f 1715/960/1715 1419/2435/1419 1716/5213/1716
f 1419/2435/1419 3595/893/3595 3860/2013/3860
f 3860/2013/3860 3595/893/3595 3946/2894/3946
f 3595/893/3595 3594/3367/3594 1546/2759/1546
f 3594/3367/3594 1466/3366/1466 1546/2759/1546
f 1466/3366/1466 789/5214/789 4075/2760/4075
f 1466/3366/1466 4075/2760/4075 1546/2759/1546
f 824/5215/824 3371/5212/3371 825/5216/825
f 3371/5212/3371 1715/960/1715 2589/399/2589
f 825/5216/825 3371/5212/3371 2859/5217/2859
f 1467/5218/1467 2023/5219/2023 825/5216/825
f 3595/893/3595 1546/2759/1546 352/5220/352
f 352/5220/352 353/5221/353 3901/1796/3901
f 3595/893/3595 352/5220/352 3946/2894/3946
f 3946/2894/3946 352/5220/352 719/3422/719
f 1467/5218/1467 825/5216/825 2582/5222/2582
f 3371/5212/3371 2589/399/2589 2859/5217/2859
f 1557/561/1557 825/5216/825 2859/5217/2859
f 4346/5223/4346 1072/5224/1072 4682/5225/4682
f 1072/5224/1072 1467/5218/1467 2433/2816/2433
f 4682/5225/4682 3078/5226/3078 4346/5223/4346
f 2433/2816/2433 2432/5227/2432 4682/5225/4682
f 3835/5228/3835 3905/2817/3905 3834/5229/3834
f 3905/2817/3905 2433/2816/2433 3834/5229/3834
f 4760/5230/4760 3353/5231/3353 3834/5229/3834
f 2433/2816/2433 4682/5225/4682 1072/5224/1072
f 825/5216/825 1557/561/1557 2582/5222/2582
f 2433/2816/2433 1467/5218/1467 3834/5229/3834
f 352/5220/352 3901/1796/3901 1935/3424/1935
f 3901/1796/3901 3770/5232/3770 1935/3424/1935
f 3770/5232/3770 3769/3425/3769 1935/3424/1935
f 1935/3424/1935 718/3423/718 719/3422/719
f 3834/5229/3834 1467/5218/1467 4760/5230/4760
f 352/5220/352 1935/3424/1935 719/3422/719
f 719/3422/719 3945/2892/3945 3946/2894/3946
f 4760/5230/4760 1467/5218/1467 2982/5233/2982
f 2982/5233/2982 2505/5234/2505 4760/5230/4760
f 2982/5233/2982 1467/5218/1467 1489/5235/1489
f 3946/2894/3946 3435/2893/3435 3860/2013/3860
f 3435/2893/3435 4050/2014/4050 3860/2013/3860
f 3860/2013/3860 733/2012/733 190/161/190
f 733/2012/733 3884/5236/3884 190/161/190
f 1489/5235/1489 1467/5218/1467 4591/5237/4591
f 1419/2435/1419 3860/2013/3860 190/161/190
f 3884/5236/3884 948/162/948 190/161/190
f 190/161/190 2175/1936/2175 1716/5213/1716
f 1419/2435/1419 190/161/190 1716/5213/1716
f 1716/5213/1716 3618/1935/3618 3617/5238/3617
f 3618/1935/3618 2814/5239/2814 3617/5238/3617
f 1489/5235/1489 1490/5240/1490 2982/5233/2982
f 4591/5237/4591 3751/5241/3751 1489/5235/1489
f 4154/5242/4154 4900/5243/4900 4591/5237/4591
f 2582/5222/2582 629/5244/629 4154/5242/4154
f 4198/4185/4198 2583/5245/2583 2582/5222/2582
f 4609/1058/4609 1556/562/1556 1557/561/1557
f 1557/561/1557 4198/4185/4198 2582/5222/2582
f 2582/5222/2582 4154/5242/4154 4591/5237/4591
f 2582/5222/2582 4591/5237/4591 1467/5218/1467
f 2859/5217/2859 4609/1058/4609 1557/561/1557
f 1715/960/1715 1716/5213/1716 3617/5238/3617
f 4602/3865/4602 3867/1059/3867 2859/5217/2859
f 3617/5238/3617 1114/1175/1114 1153/5246/1153
f 1153/5246/1153 195/5247/195 196/5248/196
f 196/5248/196 3641/5249/3641 3380/5250/3380
f 3293/5251/3293 3292/5252/3292 2538/5253/2538
f 1153/5246/1153 196/5248/196 532/3527/532
f 196/5248/196 3380/5250/3380 532/3527/532
f 3293/5251/3293 2538/5253/2538 1517/2472/1517
f 3293/5251/3293 1517/2472/1517 1351/2474/1351
f 1351/2474/1351 529/2473/529 2623/5254/2623
f 2623/5254/2623 1603/2368/1603 1717/5255/1717
f 1717/5255/1717 656/3529/656 532/3527/532
f 656/3529/656 1077/3528/1077 532/3527/532
f 532/3527/532 2755/3525/2755 3124/5256/3124
f 1351/2474/1351 2623/5254/2623 1717/5255/1717
f 3293/5251/3293 1351/2474/1351 532/3527/532
f 1351/2474/1351 1717/5255/1717 532/3527/532
f 532/3527/532 3124/5256/3124 2914/3569/2914
f 3212/3573/3212 532/3527/532 2914/3569/2914
f 3212/3573/3212 2047/3572/2047 2340/3511/2340
f 547/307/547 2339/309/2339 2455/5257/2455
f 3212/3573/3212 2340/3511/2340 547/307/547
f 532/3527/532 3212/3573/3212 1153/5246/1153
f 3293/5251/3293 532/3527/532 3380/5250/3380
f 3212/3573/3212 547/307/547 691/5258/691
f 547/307/547 2455/5257/2455 691/5258/691
f 691/5258/691 1647/5259/1647 3684/5260/3684
f 1715/960/1715 3617/5238/3617 1153/5246/1153
f 3212/3573/3212 691/5258/691 3684/5260/3684
f 3684/5260/3684 617/5261/617 1543/5262/1543
f 3684/5260/3684 1543/5262/1543 1715/960/1715
f 1543/5262/1543 1544/1030/1544 1715/960/1715
f 1153/5246/1153 3212/3573/3212 1715/960/1715
f 3212/3573/3212 3684/5260/3684 1715/960/1715
f 4602/3865/4602 2859/5217/2859 2589/399/2589
f 3345/1225/3345 2590/400/2590 2589/399/2589
f 4367/959/4367 3344/5263/3344 3345/1225/3345
f 4360/5264/4360 4359/5265/4359 3572/5266/3572
f 4367/959/4367 3345/1225/3345 1715/960/1715
f 3345/1225/3345 2589/399/2589 1715/960/1715
f 4360/5264/4360 3572/5266/3572 4367/959/4367
f 2391/958/2391 3667/2488/3667 4360/5264/4360
f 2970/3234/2970 2392/2489/2392 2391/958/2391
f 3422/3235/3422 2141/3233/2141 2970/3234/2970
f 1891/1286/1891 2276/3236/2276 3422/3235/3422
f 351/1031/351 408/5267/408 1671/1287/1671
f 1671/1287/1671 1891/1286/1891 350/1032/350
f 1891/1286/1891 3422/3235/3422 350/1032/350
f 3422/3235/3422 2970/3234/2970 350/1032/350
f 2970/3234/2970 2391/958/2391 1715/960/1715
f 350/1032/350 2970/3234/2970 1715/960/1715
f 2391/958/2391 4360/5264/4360 4367/959/4367
f 1715/960/1715 1544/1030/1544 350/1032/350
f 350/1032/350 351/1031/351 1671/1287/1671
f 2228/961/2228 2255/3798/2255 2626/962/2626
f 3931/5268/3931 1422/5269/1422 2555/5270/2555
f 2555/5270/2555 4671/5271/4671 3542/4124/3542
f 3542/4124/3542 703/4123/703 2555/5270/2555
f 703/4123/703 2101/4126/2101 912/5272/912
f 2555/5270/2555 703/4123/703 2998/5273/2998
f 2101/4126/2101 3877/4125/3877 4581/4127/4581
f 4581/4127/4581 2202/5274/2202 912/5272/912
f 2998/5273/2998 2997/5275/2997 501/5276/501
f 2101/4126/2101 4581/4127/4581 912/5272/912
f 912/5272/912 2998/5273/2998 703/4123/703
f 2555/5270/2555 2998/5273/2998 3931/5268/3931
f 3805/5277/3805 1423/5278/1423 4342/969/4342
f 1423/5278/1423 3930/970/3930 4342/969/4342
f 3930/970/3930 3931/5268/3931 501/5276/501
f 3931/5268/3931 2998/5273/2998 501/5276/501
f 501/5276/501 502/968/502 3930/970/3930
f 4498/5279/4498 2123/5280/2123 739/5281/739
f 739/5281/739 2120/5282/2120 4477/5283/4477
f 4477/5283/4477 3052/5284/3052 4054/5285/4054
f 4054/5285/4054 4055/5286/4055 3136/5287/3136
f 3136/5287/3136 1035/5288/1035 1037/5289/1037
f 1037/5289/1037 1036/5290/1036 2111/5291/2111
f 2111/5291/2111 1796/5292/1796 4693/5293/4693
f 4693/5293/4693 3427/5294/3427 2546/5295/2546
f 2546/5295/2546 2544/5296/2544 2545/5297/2545
f 2545/5297/2545 4511/5298/4511 2546/5295/2546
f 4511/5298/4511 564/5299/564 2546/5295/2546
f 564/5299/564 4314/5300/4314 3711/5301/3711
f 564/5299/564 3711/5301/3711 2111/5291/2111
f 4693/5293/4693 564/5299/564 2111/5291/2111
f 4693/5293/4693 2546/5295/2546 564/5299/564
f 4054/5285/4054 3136/5287/3136 2306/5302/2306
f 3136/5287/3136 1037/5289/1037 4066/5303/4066
f 1037/5289/1037 2111/5291/2111 3711/5301/3711
f 1037/5289/1037 3711/5301/3711 4066/5303/4066
f 4477/5283/4477 4054/5285/4054 308/5304/308
f 3136/5287/3136 4066/5303/4066 2306/5302/2306
f 4498/5279/4498 739/5281/739 3885/5305/3885
f 739/5281/739 4477/5283/4477 3885/5305/3885
f 3885/5305/3885 4477/5283/4477 308/5304/308
f 694/5306/694 520/5307/520 4498/5279/4498
f 4777/5308/4777 693/5309/693 694/5306/694
f 3732/5310/3732 3765/5311/3765 3764/5312/3764
f 3764/5312/3764 4777/5308/4777 694/5306/694
f 694/5306/694 4498/5279/4498 1304/973/1304
f 2306/5302/2306 4066/5303/4066 1926/5313/1926
f 1926/5313/1926 3222/5314/3222 2306/5302/2306
f 3764/5312/3764 694/5306/694 3443/5315/3443
f 3764/5312/3764 3443/5315/3443 3732/5310/3732
f 1450/5316/1450 3733/5317/3733 3443/5315/3443
f 3733/5317/3733 3732/5310/3732 3443/5315/3443
f 1304/973/1304 4498/5279/4498 4317/971/4317
f 4054/5285/4054 2306/5302/2306 308/5304/308
f 308/5304/308 3530/5318/3530 3885/5305/3885
f 3530/5318/3530 309/5319/309 3885/5305/3885
f 253/972/253 1303/5320/1303 1304/973/1304
f 1304/973/1304 3443/5315/3443 694/5306/694
f 3885/5305/3885 4317/971/4317 4498/5279/4498
f 603/5321/603 3934/5322/3934 3591/974/3591
f 3591/974/3591 3203/5323/3203 3592/975/3592
f 3592/975/3592 4930/5324/4930 4566/5325/4566
f 1648/976/1648 603/5321/603 3591/974/3591
f 3592/975/3592 4566/5325/4566 1648/976/1648
f 4713/2619/4713 1951/979/1951 1670/978/1670
f 1951/979/1951 1519/5326/1519 1759/977/1759
f 1519/5326/1519 1760/5327/1760 1759/977/1759
f 1759/977/1759 1043/5328/1043 1892/5329/1892
f 1892/5329/1892 1670/978/1670 1759/977/1759
f 357/982/357 1513/5330/1513 4374/980/4374
f 4374/980/4374 1877/5331/1877 4404/981/4404
f 3823/5332/3823 4203/5333/4203 3704/985/3704
f 4203/5333/4203 4129/983/4129 3704/985/3704
f 2903/5334/2903 1146/5335/1146 684/5336/684
f 1146/5335/1146 2220/5337/2220 684/5336/684
f 684/5336/684 4080/5338/4080 3025/5339/3025
f 219/5340/219 3623/1011/3623 2903/5334/2903
f 91/5341/91 219/5340/219 2903/5334/2903
f 2903/5334/2903 684/5336/684 3025/5339/3025
f 3025/5339/3025 3521/5342/3521 3520/5343/3520
f 3520/5343/3520 2130/5344/2130 2890/5345/2890
f 2890/5345/2890 3462/5346/3462 4223/5347/4223
f 2890/5345/2890 4223/5347/4223 321/5348/321
f 3025/5339/3025 3520/5343/3520 321/5348/321
f 3520/5343/3520 2890/5345/2890 321/5348/321
f 91/5341/91 2903/5334/2903 321/5348/321
f 2903/5334/2903 3025/5339/3025 321/5348/321
f 2829/5349/2829 1525/5350/1525 1524/990/1524
f 1525/5350/1525 220/991/220 1524/990/1524
f 220/991/220 91/5341/91 3172/5351/3172
f 3172/5351/3172 91/5341/91 321/5348/321
f 3172/5351/3172 2469/5352/2469 2597/989/2597
f 2469/5352/2469 2468/5353/2468 2597/989/2597
f 1524/990/1524 4459/5354/4459 2829/5349/2829
f 3172/5351/3172 2597/989/2597 220/991/220
f 4168/992/4168 2957/3777/2957 4651/993/4651
f 1209/995/1209 805/2162/805 2849/996/2849
f 1797/998/1797 247/2730/247 2441/999/2441
f 846/1002/846 847/2110/847 848/5355/848
f 848/5355/848 3610/1000/3610 846/1002/846
f 4876/1003/4876 2188/5356/2188 2187/1004/2187
f 1910/1006/1910 291/3586/291 268/1007/268
f 3623/1011/3623 219/5340/219 3643/5357/3643
f 219/5340/219 3644/5358/3644 3643/5357/3643
f 3643/5357/3643 3642/1009/3642 3623/1011/3623
f 2993/1017/2993 3738/4058/3738 989/1018/989
f 3738/4058/3738 1727/464/1727 989/1018/989
f 989/1018/989 3074/5359/3074 3040/1016/3040
f 3074/5359/3074 2963/5360/2963 1909/3835/1909
f 1909/3835/1909 1908/1182/1908 3074/5359/3074
f 1908/1182/1908 3040/1016/3040 3074/5359/3074
f 3409/1019/3409 4237/290/4237 4413/1020/4413
f 1252/1022/1252 2053/3795/2053 1251/1023/1251
f 4131/5361/4131 4526/4720/4526 3833/1026/3833
f 4526/4720/4526 1628/798/1628 3833/1026/3833
f 2744/1027/2744 809/5362/809 429/1028/429
f 1544/1030/1544 1543/5262/1543 351/1031/351
f 4321/1040/4321 4539/5363/4539 141/1041/141
f 2404/1045/2404 2925/4691/2925 2405/1043/2405
f 2925/4691/2925 2613/755/2613 3277/5364/3277
f 2405/1043/2405 2925/4691/2925 3277/5364/3277
f 2405/1043/2405 111/5365/111 1451/1044/1451
f 4004/484/4004 4003/5366/4003 517/1046/517
f 409/1049/409 1786/5367/1786 2436/1050/2436
f 3537/5368/3537 3536/5369/3536 759/5370/759
f 3537/5368/3537 759/5370/759 1426/5371/1426
f 759/5370/759 4007/5372/4007 3297/5373/3297
f 1426/5371/1426 759/5370/759 439/2318/439
f 2798/5374/2798 478/5375/478 1426/5371/1426
f 478/5375/478 3537/5368/3537 1426/5371/1426
f 4007/5372/4007 2899/5376/2899 3297/5373/3297
f 2899/5376/2899 2900/5377/2900 1319/5378/1319
f 1319/5378/1319 2404/5379/2404 1451/5380/1451
f 3297/5373/3297 4440/5381/4440 4441/5382/4441
f 1319/5378/1319 1451/5380/1451 2899/5376/2899
f 1451/5380/1451 3297/5373/3297 2899/5376/2899
f 439/2318/439 759/5370/759 3863/2319/3863
f 3297/5373/3297 4441/5382/4441 759/5370/759
f 3779/5383/3779 1426/5371/1426 439/2318/439
f 3863/2319/3863 759/5370/759 4441/5382/4441
f 613/5384/613 3512/5385/3512 3779/5383/3779
f 4319/5386/4319 4654/5387/4654 613/5384/613
f 550/4699/550 3016/786/3016 4319/5386/4319
f 2251/1255/2251 3577/1254/3577 3883/5388/3883
f 3883/5388/3883 550/4699/550 4319/5386/4319
f 613/5384/613 3779/5383/3779 2251/1255/2251
f 3883/5388/3883 4319/5386/4319 613/5384/613
f 2251/1255/2251 3883/5388/3883 613/5384/613
f 3779/5383/3779 439/2318/439 600/5389/600
f 251/1052/251 1862/5390/1862 1861/1053/1861
f 1032/1256/1032 2251/1255/2251 3779/5383/3779
f 599/2229/599 600/5389/600 439/2318/439
f 600/5389/600 1032/1256/1032 3779/5383/3779
f 439/2318/439 438/5391/438 599/2229/599
f 4793/1054/4793 3863/2319/3863 251/1052/251
f 251/1052/251 3863/2319/3863 4441/5382/4441
f 2279/5392/2279 1041/5393/1041 125/1057/125
f 1041/5393/1041 4864/1055/4864 125/1057/125
f 4609/1058/4609 2859/5217/2859 3867/1059/3867
f 3824/1064/3824 3126/2437/3126 2197/1065/2197
f 1602/1072/1602 2874/4047/2874 3077/1070/3077
f 3077/1070/3077 3075/4046/3075 3076/1071/3076
f 3076/1071/3076 3876/5394/3876 1602/1072/1602
f 3735/1074/3735 2106/5395/2106 4300/3031/4300
f 4300/3031/4300 3734/90/3734 3735/1074/3735
f 334/620/334 185/623/185 4837/5396/4837
f 185/623/185 184/5397/184 4837/5396/4837
f 4837/5396/4837 1740/5398/1740 22/1077/22
f 4827/1076/4827 1643/551/1643 22/1077/22
f 1643/551/1643 334/620/334 4837/5396/4837
f 22/1077/22 1643/551/1643 4837/5396/4837
f 1741/2754/1741 4828/1075/4828 22/1077/22
f 1610/3395/1610 2385/5399/2385 84/5400/84
f 2385/5399/2385 2981/5401/2981 557/5402/557
f 2981/5401/2981 4313/5403/4313 59/5404/59
f 59/5404/59 4211/5405/4211 1317/5406/1317
f 1317/5406/1317 4063/5407/4063 59/5404/59
f 4063/5407/4063 557/5402/557 59/5404/59
f 557/5402/557 3090/5408/3090 2068/5409/2068
f 2068/5409/2068 1102/5410/1102 1344/5411/1344
f 1102/5410/1102 1968/5412/1968 1344/5411/1344
f 557/5402/557 2068/5409/2068 1344/5411/1344
f 84/5400/84 1134/5413/1134 2680/5414/2680
f 557/5402/557 1344/5411/1344 2385/5399/2385
f 1344/5411/1344 84/5400/84 2385/5399/2385
f 2981/5401/2981 59/5404/59 557/5402/557
f 1609/3396/1609 1610/3395/1610 84/5400/84
f 3757/5415/3757 643/3394/643 1917/1703/1917
f 643/3394/643 644/3397/644 1944/5416/1944
f 1917/1703/1917 643/3394/643 1943/5417/1943
f 3756/5418/3756 3757/5415/3757 1917/1703/1917
f 644/3397/644 1609/3396/1609 2680/5414/2680
f 1609/3396/1609 84/5400/84 2680/5414/2680
f 1265/1083/1265 4630/5419/4630 1917/1703/1917
f 4630/5419/4630 3756/5418/3756 1917/1703/1917
f 2680/5414/2680 1819/751/1819 604/5420/604
f 644/3397/644 2680/5414/2680 1944/5416/1944
f 3627/3399/3627 525/1550/525 1265/1083/1265
f 1943/5417/1943 643/3394/643 1944/5416/1944
f 2680/5414/2680 604/5420/604 1944/5416/1944
f 1917/1703/1917 3490/1081/3490 1265/1083/1265
f 3490/1081/3490 4724/5421/4724 2464/5422/2464
f 4724/5421/4724 4130/5423/4130 2464/5422/2464
f 2464/5422/2464 834/5424/834 809/1082/809
f 2744/5425/2744 3627/3399/3627 1265/1083/1265
f 2464/5422/2464 809/1082/809 3490/1081/3490
f 809/1082/809 2744/5425/2744 1265/1083/1265
f 4556/1086/4556 4505/5426/4505 1963/1084/1963
f 4505/5426/4505 1382/5427/1382 1383/2339/1383
f 1963/1084/1963 4505/5426/4505 1383/2339/1383
f 458/1087/458 4531/5428/4531 4033/1088/4033
f 3556/1090/3556 3557/5429/3557 4525/1091/4525
f 357/5430/357 930/3103/930 1513/5431/1513
f 930/3103/930 1159/3099/1159 448/3098/448
f 448/3098/448 449/3097/449 2448/1093/2448
f 449/3097/449 4357/3093/4357 2448/1093/2448
f 930/3103/930 448/3098/448 2448/1093/2448
f 1513/5431/1513 930/3103/930 2448/1093/2448
f 4324/5432/4324 4374/4482/4374 1513/5431/1513
f 2448/1093/2448 2001/3092/2001 2000/1094/2000
f 2121/3091/2121 3431/3090/3431 1480/3089/1480
f 1480/3089/1480 1481/3086/1481 1681/3085/1681
f 1681/3085/1681 3921/3060/3921 4513/5433/4513
f 3921/3060/3921 1638/3066/1638 4513/5433/4513
f 1638/3066/1638 3169/5434/3169 4513/5433/4513
f 4513/5433/4513 3807/5435/3807 4578/5436/4578
f 4578/5436/4578 1139/5437/1139 4137/5438/4137
f 4137/5438/4137 4138/5439/4138 4219/5440/4219
f 4219/5440/4219 4621/5441/4621 584/5442/584
f 584/5442/584 2923/5443/2923 2579/5444/2579
f 2923/5443/2923 836/5445/836 2579/5444/2579
f 2579/5444/2579 3455/5446/3455 1571/5447/1571
f 4578/5436/4578 4137/5438/4137 1681/3085/1681
f 4137/5438/4137 4219/5440/4219 1681/3085/1681
f 4219/5440/4219 584/5442/584 1480/3089/1480
f 584/5442/584 2579/5444/2579 1480/3089/1480
f 1571/5447/1571 4384/5448/4384 2121/3091/2121
f 4384/5448/4384 2039/5449/2039 2121/3091/2121
f 2579/5444/2579 1571/5447/1571 1480/3089/1480
f 4513/5433/4513 4578/5436/4578 1681/3085/1681
f 4219/5440/4219 1480/3089/1480 1681/3085/1681
f 2121/3091/2121 1480/3089/1480 1571/5447/1571
f 2039/5449/2039 2040/5450/2040 2121/3091/2121
f 2040/5450/2040 581/5451/581 4795/5452/4795
f 4795/5452/4795 3010/5453/3010 3009/5454/3009
f 3009/5454/3009 1452/5455/1452 3262/5456/3262
f 3492/5457/3492 1843/5458/1843 4049/1095/4049
f 1843/5458/1843 1006/5459/1006 4049/1095/4049
f 3009/5454/3009 3262/5456/3262 2000/1094/2000
f 3262/5456/3262 3492/5457/3492 2000/1094/2000
f 2040/5450/2040 4795/5452/4795 2000/1094/2000
f 4795/5452/4795 3009/5454/3009 2000/1094/2000
f 2000/1094/2000 2121/3091/2121 2040/5450/2040
f 1006/5459/1006 1005/5460/1005 4049/1095/4049
f 2000/1094/2000 3492/5457/3492 4049/1095/4049
f 4049/1095/4049 4324/5432/4324 2448/1093/2448
f 4324/5432/4324 1513/5431/1513 2448/1093/2448
f 3547/5461/3547 3546/1097/3546 4781/1096/4781
f 3546/1097/3546 4031/5462/4031 4787/1098/4787
f 4388/1100/4388 4377/5463/4377 1750/1101/1750
f 1750/1101/1750 3722/5464/3722 4867/5465/4867
f 4867/5465/4867 4363/1099/4363 1750/1101/1750
f 3660/1104/3660 1029/5466/1029 782/1102/782
f 1029/5466/1029 1917/1703/1917 604/5420/604
f 804/3507/804 1029/5466/1029 604/5420/604
f 1943/5417/1943 1944/5416/1944 604/5420/604
f 4940/5467/4940 3660/1104/3660 783/1103/783
f 1029/5466/1029 804/3507/804 3625/301/3625
f 782/1102/782 1029/5466/1029 3625/301/3625
f 4896/5468/4896 4478/5469/4478 263/1795/263
f 1917/1703/1917 1943/5417/1943 604/5420/604
f 604/5420/604 1819/751/1819 4947/302/4947
f 604/5420/604 4947/302/4947 804/3507/804
f 1948/5470/1948 4897/5471/4897 4896/5468/4896
f 4432/5472/4432 4717/2174/4717 1948/5470/1948
f 4576/5473/4576 4053/5474/4053 4432/5472/4432
f 346/5475/346 4594/5476/4594 4576/5473/4576
f 4565/5477/4565 345/5478/345 346/5475/346
f 2550/5479/2550 437/5480/437 4565/5477/4565
f 4480/5481/4480 4450/5482/4450 3481/5483/3481
f 2550/5479/2550 4565/5477/4565 346/5475/346
f 4480/5481/4480 3481/5483/3481 4896/5468/4896
f 3481/5483/3481 2550/5479/2550 4896/5468/4896
f 4758/1368/4758 4882/5484/4882 4480/5481/4480
f 1936/1369/1936 4758/1368/4758 263/1795/263
f 4758/1368/4758 4480/5481/4480 263/1795/263
f 263/1795/263 4480/5481/4480 4896/5468/4896
f 2550/5479/2550 346/5475/346 1948/5470/1948
f 4896/5468/4896 2550/5479/2550 1948/5470/1948
f 4576/5473/4576 4432/5472/4432 1948/5470/1948
f 346/5475/346 4576/5473/4576 1948/5470/1948
f 783/1103/783 4658/5485/4658 3376/1582/3376
f 3376/1582/3376 1936/1369/1936 783/1103/783
f 1936/1369/1936 263/1795/263 4940/5467/4940
f 783/1103/783 1936/1369/1936 4940/5467/4940
f 3625/301/3625 129/2948/129 782/1102/782
f 4547/1105/4547 4294/5486/4294 4121/1106/4121
f 4857/1108/4857 2146/5487/2146 2753/1109/2753
f 4311/5488/4311 1549/1112/1549 3633/1111/3633
f 1549/1112/1549 4534/5489/4534 4286/1113/4286
f 3318/1114/3318 4904/1453/4904 3658/1115/3658
f 3709/1117/3709 4045/4128/4045 3545/1118/3545
f 1937/1121/1937 1865/5490/1865 3382/1122/3382
f 1769/1124/1769 4496/5491/4496 2525/1125/2525
f 2959/1129/2959 849/5492/849 4446/1127/4446
f 849/5492/849 1009/5493/1009 1008/5494/1008
f 4446/1127/4446 849/5492/849 1008/5494/1008
f 1008/5494/1008 2297/5495/2297 4446/1127/4446
f 2189/1130/2189 248/987/248 2637/986/2637
f 1694/1132/1694 1695/5496/1695 2094/1133/2094
f 4764/1135/4764 4878/5497/4878 4866/1136/4866
f 4704/1139/4704 2518/2326/2518 3064/1138/3064
f 2518/2326/2518 4718/2325/4718 3064/1138/3064
f 4778/1140/4778 3690/5498/3690 3691/1141/3691
f 2496/891/2496 2929/5499/2929 549/1143/549
f 1570/1144/1570 1569/5500/1569 1496/1145/1496
f 1540/5501/1540 3840/2264/3840 1539/5502/1539
f 3840/2264/3840 280/2266/280 1539/5502/1539
f 279/5503/279 278/5504/278 4234/5505/4234
f 280/2266/280 279/5503/279 4234/5505/4234
f 4234/5505/4234 3089/5506/3089 1980/3564/1980
f 2428/3563/2428 2880/3562/2880 2429/1147/2429
f 2880/3562/2880 3800/3559/3800 2429/1147/2429
f 4234/5505/4234 1980/3564/1980 2428/3563/2428
f 280/2266/280 4234/5505/4234 4863/1149/4863
f 4234/5505/4234 2428/3563/2428 2429/1147/2429
f 2429/1147/2429 2419/3558/2419 4517/1148/4517
f 2419/3558/2419 162/1785/162 2732/5507/2732
f 4517/1148/4517 2419/3558/2419 2732/5507/2732
f 4517/1148/4517 1045/5508/1045 3513/5509/3513
f 3513/5509/3513 3146/5510/3146 1579/5511/1579
f 1579/5511/1579 4251/5512/4251 4863/1149/4863
f 4863/1149/4863 477/5513/477 2177/5514/2177
f 2177/5514/2177 2178/5515/2178 1539/5502/1539
f 1539/5502/1539 280/2266/280 2177/5514/2177
f 4234/5505/4234 2429/1147/2429 4863/1149/4863
f 4517/1148/4517 3513/5509/3513 1579/5511/1579
f 1579/5511/1579 4863/1149/4863 4517/1148/4517
f 4863/1149/4863 2177/5514/2177 280/2266/280
f 670/1150/670 668/4502/668 669/1151/669
f 4690/5516/4690 1593/5517/1593 3087/5518/3087
f 2334/1159/2334 2333/5519/2333 3491/1160/3491
f 4690/5516/4690 3087/5518/3087 2334/1159/2334
f 2209/5520/2209 2210/5521/2210 3491/1160/3491
f 2210/5521/2210 707/1158/707 3491/1160/3491
f 198/5522/198 2939/5523/2939 2209/5520/2209
f 3491/1160/3491 198/5522/198 2209/5520/2209
f 707/1158/707 4690/5516/4690 2334/1159/2334
f 4585/1166/4585 4256/5524/4256 4892/1164/4892
f 4892/1164/4892 3900/5525/3900 2768/1165/2768
f 621/1167/621 2450/3184/2450 1308/1168/1308
f 4567/1170/4567 2692/5526/2692 11/1171/11
f 4697/497/4697 3032/5527/3032 1527/498/1527
f 3032/5527/3032 900/1173/900 1527/498/1527
f 4151/5528/4151 3292/5252/3292 3293/5251/3293
f 3293/5251/3293 3380/5250/3380 4151/5528/4151
f 3380/5250/3380 3641/5249/3641 1316/5529/1316
f 4151/5528/4151 3380/5250/3380 1316/5529/1316
f 3641/5249/3641 196/5248/196 195/5247/195
f 195/5247/195 1153/5246/1153 1588/1177/1588
f 1153/5246/1153 1114/1175/1114 1588/1177/1588
f 1114/1175/1114 3617/5238/3617 3789/5530/3789
f 3617/5238/3617 2814/5239/2814 3789/5530/3789
f 3789/5530/3789 4493/5531/4493 4722/5532/4722
f 1114/1175/1114 3789/5530/3789 3837/1176/3837
f 3789/5530/3789 4722/5532/4722 3837/1176/3837
f 3837/1176/3837 1883/5533/1883 1588/1177/1588
f 1588/1177/1588 4354/5534/4354 195/5247/195
f 4354/5534/4354 1316/5529/1316 3641/5249/3641
f 195/5247/195 4354/5534/4354 3641/5249/3641
f 1316/5529/1316 4152/5535/4152 4151/5528/4151
f 1918/1178/1918 3103/5536/3103 3102/1179/3102
f 4839/5065/4839 4838/5072/4838 4599/5070/4599
f 3638/5069/3638 3639/5076/3639 3637/5075/3637
f 3942/5063/3942 4839/5065/4839 4599/5070/4599
f 4599/5070/4599 3638/5069/3638 3637/5075/3637
f 3637/5075/3637 3873/5078/3873 1983/5081/1983
f 1983/5081/1983 819/5079/819 3370/5083/3370
f 3370/5083/3370 406/5082/406 4297/1425/4297
f 1055/1427/1055 1993/1426/1993 2194/1748/2194
f 3370/5083/3370 4297/1425/4297 1055/1427/1055
f 3637/5075/3637 1983/5081/1983 3370/5083/3370
f 4599/5070/4599 3637/5075/3637 3370/5083/3370
f 4599/5070/4599 3370/5083/3370 3131/5537/3131
f 3370/5083/3370 1055/1427/1055 3130/5538/3130
f 3130/5538/3130 1055/1427/1055 3685/5539/3685
f 3718/5059/3718 2367/5064/2367 3942/5063/3942
f 3942/5063/3942 4599/5070/4599 1959/5540/1959
f 2194/1748/2194 2193/5541/2193 3699/2486/3699
f 2194/1748/2194 3699/2486/3699 1580/2487/1580
f 1580/2487/1580 1787/2337/1787 1938/5542/1938
f 1938/5542/1938 1937/1121/1937 1012/1123/1012
f 1012/1123/1012 3382/1122/3382 1492/5543/1492
f 2576/5544/2576 311/5545/311 54/5546/54
f 1012/1123/1012 1492/5543/1492 2576/5544/2576
f 1580/2487/1580 1938/5542/1938 3437/5547/3437
f 1938/5542/1938 1012/1123/1012 3437/5547/3437
f 3437/5547/3437 1012/1123/1012 1010/5548/1010
f 1055/1427/1055 2194/1748/2194 3437/5547/3437
f 2194/1748/2194 1580/2487/1580 3437/5547/3437
f 3719/5057/3719 3718/5059/3718 3942/5063/3942
f 3370/5083/3370 3130/5538/3130 3131/5537/3131
f 3685/5539/3685 1055/1427/1055 155/2810/155
f 1012/1123/1012 2576/5544/2576 1010/5548/1010
f 54/5546/54 53/5549/53 2304/5550/2304
f 1055/1427/1055 3437/5547/3437 796/2811/796
f 2576/5544/2576 54/5546/54 1010/5548/1010
f 2155/5055/2155 3720/5058/3720 3719/5057/3719
f 3719/5057/3719 3942/5063/3942 1959/5540/1959
f 2304/5550/2304 1408/5551/1408 23/5552/23
f 54/5546/54 2304/5550/2304 1010/5548/1010
f 2156/5053/2156 2155/5055/2155 3719/5057/3719
f 874/1812/874 4486/5054/4486 2156/5053/2156
f 2560/5094/2560 1374/5553/1374 1375/1810/1375
f 1375/1810/1375 874/1812/874 2156/5053/2156
f 2156/5053/2156 3719/5057/3719 3830/5554/3830
f 23/5552/23 24/5555/24 25/2872/25
f 4599/5070/4599 3131/5537/3131 1959/5540/1959
f 2304/5550/2304 23/5552/23 1010/5548/1010
f 2364/5095/2364 2560/5094/2560 2365/5556/2365
f 2560/5094/2560 1375/1810/1375 2365/5556/2365
f 1375/1810/1375 2156/5053/2156 2287/5557/2287
f 23/5552/23 25/2872/25 1010/5548/1010
f 1010/5548/1010 2145/5558/2145 3437/5547/3437
f 3437/5547/3437 4275/5559/4275 3601/5560/3601
f 3601/5560/3601 797/2809/797 796/2811/796
f 796/2811/796 155/2810/155 1055/1427/1055
f 155/2810/155 3750/5561/3750 4719/5562/4719
f 155/2810/155 4719/5562/4719 3220/1183/3220
f 3437/5547/3437 3601/5560/3601 796/2811/796
f 2287/5557/2287 2156/5053/2156 3830/5554/3830
f 4316/5563/4316 1375/1810/1375 2287/5557/2287
f 2365/5556/2365 3060/5564/3060 2364/5095/2364
f 4316/5563/4316 2168/5565/2168 2365/5556/2365
f 2287/5557/2287 4315/5566/4315 4316/5563/4316
f 3830/5554/3830 3086/5567/3086 2287/5557/2287
f 1959/5540/1959 3059/5568/3059 3830/5554/3830
f 3131/5537/3131 1674/5569/1674 1959/5540/1959
f 4757/5570/4757 2254/5571/2254 3130/5538/3130
f 2254/5571/2254 3131/5537/3131 3130/5538/3130
f 1959/5540/1959 3830/5554/3830 3719/5057/3719
f 4316/5563/4316 2365/5556/2365 1375/1810/1375
f 3852/5572/3852 133/5573/133 3686/1185/3686
f 133/5573/133 3685/5539/3685 3686/1185/3686
f 155/2810/155 3220/1183/3220 3686/1185/3686
f 3220/1183/3220 2399/5574/2399 3429/1184/3429
f 3429/1184/3429 3430/5575/3430 3686/1185/3686
f 155/2810/155 3686/1185/3686 3685/5539/3685
f 454/1186/454 3424/5576/3424 4782/1187/4782
f 1660/3258/1660 3371/5212/3371 824/5215/824
f 824/5215/824 825/5216/825 2023/5219/2023
f 2023/5219/2023 1467/5218/1467 1072/5224/1072
f 1072/5224/1072 4346/5223/4346 4347/5577/4347
f 4347/5577/4347 3404/5578/3404 1072/5224/1072
f 3404/5578/3404 4495/5579/4495 1424/5580/1424
f 1424/5580/1424 4079/5581/4079 2799/5582/2799
f 3404/5578/3404 1424/5580/1424 1072/5224/1072
f 2799/5582/2799 3417/5583/3417 2641/5584/2641
f 1072/5224/1072 1424/5580/1424 2799/5582/2799
f 1660/3258/1660 824/5215/824 3079/3259/3079
f 824/5215/824 2023/5219/2023 3550/3262/3550
f 1660/3258/1660 3079/3259/3079 3080/3257/3080
f 2023/5219/2023 1072/5224/1072 2799/5582/2799
f 2641/5584/2641 2542/5585/2542 2543/5586/2543
f 2023/5219/2023 2799/5582/2799 2244/5587/2244
f 2799/5582/2799 2641/5584/2641 2244/5587/2244
f 3079/3259/3079 824/5215/824 632/3261/632
f 632/3261/632 2884/3260/2884 3079/3259/3079
f 632/3261/632 824/5215/824 3550/3262/3550
f 2641/5584/2641 2543/5586/2543 1691/5588/1691
f 2244/5587/2244 2641/5584/2641 1691/5588/1691
f 2543/5586/2543 590/5589/590 1690/5590/1690
f 2543/5586/2543 1690/5590/1690 1691/5588/1691
f 3550/3262/3550 3551/155/3551 632/3261/632
f 3550/3262/3550 2023/5219/2023 494/3264/494
f 2244/5587/2244 1448/5591/1448 1062/1188/1062
f 1062/1188/1062 3114/4287/3114 1713/1189/1713
f 2868/5592/2868 445/4285/445 446/4284/446
f 2868/5592/2868 446/4284/446 3141/3270/3141
f 3141/3270/3141 1955/3269/1955 1227/3268/1227
f 1227/3268/1227 1358/3267/1358 1359/3266/1359
f 1359/3266/1359 3487/153/3487 892/1190/892
f 892/1190/892 893/3265/893 494/3264/494
f 494/3264/494 4039/3263/4039 3550/3262/3550
f 2023/5219/2023 2244/5587/2244 1062/1188/1062
f 892/1190/892 2023/5219/2023 1062/1188/1062
f 892/1190/892 494/3264/494 2023/5219/2023
f 1227/3268/1227 1359/3266/1359 892/1190/892
f 2868/5592/2868 3141/3270/3141 1713/1189/1713
f 3141/3270/3141 1227/3268/1227 1713/1189/1713
f 1713/1189/1713 1227/3268/1227 892/1190/892
f 2461/1191/2461 2463/4169/2463 4125/1192/4125
f 1827/5593/1827 3526/5594/3526 139/5595/139
f 3526/5594/3526 2329/5596/2329 1531/1199/1531
f 1531/1199/1531 2329/5596/2329 737/1200/737
f 737/1200/737 735/5597/735 736/1399/736
f 735/5597/735 4474/5598/4474 736/1399/736
f 1531/1199/1531 139/5595/139 3526/5594/3526
f 736/1399/736 2198/1198/2198 737/1200/737
f 1313/1205/1313 2398/5599/2398 1572/1206/1572
f 2563/1208/2563 2397/5600/2397 4515/1209/4515
f 215/5601/215 217/4004/217 1949/421/1949
f 969/420/969 970/419/970 193/5602/193
f 970/419/970 100/5603/100 131/1212/131
f 215/5601/215 1949/421/1949 969/420/969
f 193/5602/193 215/5601/215 969/420/969
f 970/419/970 131/1212/131 193/5602/193
f 100/5603/100 60/52/60 96/64/96
f 131/1212/131 100/5603/100 4806/81/4806
f 96/64/96 955/82/955 100/5603/100
f 4806/81/4806 4805/5604/4805 112/5605/112
f 955/82/955 4806/81/4806 100/5603/100
f 112/5605/112 122/1211/122 4806/81/4806
f 4178/1213/4178 4238/5606/4238 2919/1214/2919
f 4238/5606/4238 4239/5607/4239 2305/5608/2305
f 2305/5608/2305 1160/5609/1160 2919/1214/2919
f 4238/5606/4238 2305/5608/2305 2919/1214/2919
f 218/5610/218 4177/5611/4177 4178/1213/4178
f 4171/5612/4171 2918/5613/2918 2919/1214/2919
f 2918/5613/2918 503/1215/503 2919/1214/2919
f 503/1215/503 218/5610/218 4178/1213/4178
f 4290/5614/4290 4603/5615/4603 256/5616/256
f 2725/5617/2725 1213/5618/1213 4784/1216/4784
f 4290/5614/4290 256/5616/256 2725/5617/2725
f 4409/5619/4409 3321/5620/3321 4290/5614/4290
f 3771/5621/3771 1977/5622/1977 4408/1218/4408
f 4408/1218/4408 4409/5619/4409 4784/1216/4784
f 4409/5619/4409 4290/5614/4290 2725/5617/2725
f 4784/1216/4784 4409/5619/4409 2725/5617/2725
f 4784/1216/4784 728/5623/728 800/5624/800
f 800/5624/800 2817/5625/2817 983/1217/983
f 983/1217/983 984/5626/984 985/5627/985
f 985/5627/985 3329/5628/3329 2940/5629/2940
f 2940/5629/2940 3328/5630/3328 3969/5631/3969
f 3969/5631/3969 1698/5632/1698 2940/5629/2940
f 1698/5632/1698 4214/5633/4214 4902/5634/4902
f 4902/5634/4902 3771/5621/3771 4408/1218/4408
f 1698/5632/1698 4902/5634/4902 985/5627/985
f 2940/5629/2940 1698/5632/1698 985/5627/985
f 4902/5634/4902 4408/1218/4408 983/1217/983
f 4902/5634/4902 983/1217/983 985/5627/985
f 4784/1216/4784 800/5624/800 983/1217/983
f 110/1219/110 3157/5635/3157 773/1220/773
f 4770/1222/4770 1389/5636/1389 1174/1223/1174
f 3345/1225/3345 3344/5263/3344 4452/1226/4452
f 2568/5637/2568 1069/1963/1069 4019/5638/4019
f 4019/5638/4019 4425/5639/4425 2789/5640/2789
f 2789/5640/2789 3381/5641/3381 4019/5638/4019
f 3381/5641/3381 1246/5642/1246 4019/5638/4019
f 1246/5642/1246 1178/5643/1178 3461/5644/3461
f 3447/5645/3447 2685/5646/2685 3958/5647/3958
f 2685/5646/2685 2684/1229/2684 1332/1228/1332
f 1246/5642/1246 3461/5644/3461 3447/5645/3447
f 3958/5647/3958 3448/5648/3448 2568/5637/2568
f 2568/5637/2568 4019/5638/4019 1246/5642/1246
f 1246/5642/1246 3447/5645/3447 2568/5637/2568
f 2685/5646/2685 1332/1228/1332 3958/5647/3958
f 2568/5637/2568 3447/5645/3447 3958/5647/3958
f 2684/1229/2684 2686/5649/2686 2082/5650/2082
f 2686/5649/2686 3742/5651/3742 2082/5650/2082
f 2082/5650/2082 1331/1227/1331 2684/1229/2684
f 1332/1228/1332 2531/5652/2531 3958/5647/3958
f 4908/1230/4908 3229/5653/3229 3228/1231/3228
f 2840/1233/2840 4486/5654/4486 874/1234/874
f 3687/5655/3687 2774/5656/2774 1914/5657/1914
f 2774/5656/2774 2773/2578/2773 1914/5657/1914
f 2773/2578/2773 2173/2580/2173 899/1237/899
f 2173/2580/2173 2851/5658/2851 1505/1238/1505
f 899/1237/899 2173/2580/2173 1505/1238/1505
f 2479/5659/2479 2964/1562/2964 2965/5660/2965
f 2851/5658/2851 2479/5659/2479 1506/5661/1506
f 899/1237/899 1913/5662/1913 1914/5657/1914
f 2098/1236/2098 1027/5663/1027 899/1237/899
f 2855/5664/2855 3966/5665/3966 2098/1236/2098
f 1505/1238/1505 2603/5666/2603 2855/5664/2855
f 1506/5661/1506 1369/5667/1369 1505/1238/1505
f 1417/5668/1417 1418/5669/1418 1506/5661/1506
f 2943/5670/2943 2944/5671/2944 1417/5668/1417
f 1710/5672/1710 1711/5673/1711 2943/5670/2943
f 1414/1561/1414 1413/5674/1413 2965/5660/2965
f 1413/5674/1413 1710/5672/1710 2965/5660/2965
f 2479/5659/2479 2965/5660/2965 2943/5670/2943
f 2851/5658/2851 1506/5661/1506 1505/1238/1505
f 2943/5670/2943 1417/5668/1417 2479/5659/2479
f 1417/5668/1417 1506/5661/1506 2479/5659/2479
f 2965/5660/2965 1710/5672/1710 2943/5670/2943
f 1914/5657/1914 2773/2578/2773 899/1237/899
f 2855/5664/2855 2098/1236/2098 1505/1238/1505
f 2755/3525/2755 2225/3524/2225 1054/3534/1054
f 1054/3534/1054 19/327/19 18/3536/18
f 18/3536/18 413/3535/413 388/5675/388
f 413/3535/413 414/3538/414 388/5675/388
f 414/3538/414 1515/3537/1515 2256/3540/2256
f 2256/3540/2256 2257/3539/2257 1245/3543/1245
f 1245/3543/1245 968/3542/968 414/3538/414
f 968/3542/968 388/5675/388 414/3538/414
f 1245/3543/1245 414/3538/414 2256/3540/2256
f 387/5676/387 1244/3541/1244 3795/5677/3795
f 388/5675/388 387/5676/387 18/3536/18
f 2755/3525/2755 1054/3534/1054 3124/5256/3124
f 1054/3534/1054 18/3536/18 3124/5256/3124
f 2914/3569/2914 3124/5256/3124 3613/3570/3613
f 3613/3570/3613 3124/5256/3124 18/3536/18
f 4183/5678/4183 4148/3571/4148 3613/3570/3613
f 4071/3549/4071 4149/3548/4149 3816/3546/3816
f 4149/3548/4149 4183/5678/4183 4488/1241/4488
f 4488/1241/4488 4183/5678/4183 4574/1239/4574
f 4183/5678/4183 3613/3570/3613 3795/5677/3795
f 3613/3570/3613 18/3536/18 387/5676/387
f 3795/5677/3795 3613/3570/3613 387/5676/387
f 4574/1239/4574 1243/3545/1243 2322/1240/2322
f 3795/5677/3795 4574/1239/4574 4183/5678/4183
f 4488/1241/4488 3816/3546/3816 4149/3548/4149
f 4090/1242/4090 4256/5524/4256 4585/1166/4585
f 4585/1166/4585 757/1243/757 4090/1242/4090
f 757/1243/757 756/2793/756 1144/1244/1144
f 4500/3846/4500 3934/5679/3934 309/121/309
f 3934/5679/3934 603/1245/603 309/121/309
f 603/1245/603 1648/5680/1648 4566/122/4566
f 4626/1246/4626 4209/333/4209 4705/332/4705
f 745/1248/745 4853/5681/4853 4852/1249/4852
f 1497/1251/1497 4194/5682/4194 4530/1252/4530
f 1032/1256/1032 600/5389/600 2605/2228/2605
f 2605/2228/2605 3577/1254/3577 1032/1256/1032
f 2634/1257/2634 2035/5683/2035 2034/1258/2034
f 3610/1263/3610 3611/5684/3611 1432/1264/1432
f 1432/1264/1432 265/2352/265 1430/742/1430
f 1430/742/1430 1431/244/1431 1432/1264/1432
f 3757/1265/3757 3756/5685/3756 4630/1266/4630
f 50/5686/50 1596/5687/1596 1734/5688/1734
f 1734/5688/1734 1509/5689/1509 2177/5690/2177
f 477/5691/477 4863/5692/4863 2549/5693/2549
f 4863/5692/4863 4251/5694/4251 3785/5695/3785
f 1734/5688/1734 2177/5690/2177 50/5686/50
f 2177/5690/2177 477/5691/477 50/5686/50
f 2771/5696/2771 51/5697/51 50/5686/50
f 4251/5694/4251 1579/5698/1579 2735/5699/2735
f 1579/5698/1579 3146/5700/3146 2735/5699/2735
f 50/5686/50 477/5691/477 2771/5696/2771
f 4863/5692/4863 3785/5695/3785 2549/5693/2549
f 4349/5701/4349 2771/5696/2771 477/5691/477
f 2549/5693/2549 4813/5702/4813 477/5691/477
f 4813/5702/4813 4349/5701/4349 477/5691/477
f 4903/5703/4903 4026/5704/4026 2735/5699/2735
f 4026/5704/4026 3785/5695/3785 4251/5694/4251
f 4026/5704/4026 4251/5694/4251 2735/5699/2735
f 3146/5700/3146 3513/5705/3513 880/328/880
f 3513/5705/3513 134/2572/134 4669/5706/4669
f 4669/5706/4669 134/2572/134 1404/1270/1404
f 134/2572/134 4175/2571/4175 2502/5707/2502
f 4175/2571/4175 1501/5708/1501 4101/5709/4101
f 2206/5710/2206 620/5711/620 4312/5712/4312
f 4175/2571/4175 4101/5709/4101 2502/5707/2502
f 1501/5708/1501 2206/5710/2206 2930/5713/2930
f 4101/5709/4101 1501/5708/1501 2930/5713/2930
f 2206/5710/2206 4312/5712/4312 2930/5713/2930
f 4312/5712/4312 3193/5714/3193 3111/5715/3111
f 3111/5715/3111 1569/5716/1569 1570/5717/1570
f 1570/5717/1570 4698/5718/4698 1575/5719/1575
f 1575/5719/1575 4696/5720/4696 1570/5717/1570
f 4696/5720/4696 882/5721/882 2930/5713/2930
f 4696/5720/4696 2930/5713/2930 1570/5717/1570
f 4312/5712/4312 3111/5715/3111 1570/5717/1570
f 4101/5709/4101 4423/5722/4423 4886/5723/4886
f 4423/5722/4423 2795/5724/2795 4886/5723/4886
f 1570/5717/1570 2930/5713/2930 4312/5712/4312
f 4101/5709/4101 4886/5723/4886 2502/5707/2502
f 1104/330/1104 2921/5725/2921 880/328/880
f 2921/5725/2921 3272/5726/3272 3146/5700/3146
f 880/328/880 2921/5725/2921 3146/5700/3146
f 3272/5726/3272 2735/5699/2735 3146/5700/3146
f 4669/5706/4669 881/329/881 880/328/880
f 134/2572/134 2502/5707/2502 135/1268/135
f 1404/1270/1404 3814/5727/3814 4669/5706/4669
f 4669/5706/4669 880/328/880 3513/5705/3513
f 134/2572/134 135/1268/135 1404/1270/1404
f 135/1268/135 1044/5728/1044 4390/1269/4390
f 4950/5729/4950 910/1272/910 4093/2397/4093
f 910/1272/910 1836/5730/1836 3608/1273/3608
f 4093/2397/4093 910/1272/910 3294/1664/3294
f 1836/5730/1836 205/5731/205 3608/1273/3608
f 3608/1273/3608 4308/5732/4308 3295/1271/3295
f 3295/1271/3295 3294/1664/3294 910/1272/910
f 4170/1276/4170 553/5733/553 3639/1274/3639
f 553/5733/553 3874/5734/3874 3639/1274/3639
f 1709/5735/1709 3828/5736/3828 617/5737/617
f 3828/5736/3828 1670/539/1670 1672/543/1672
f 1670/539/1670 4836/538/4836 1672/543/1672
f 408/542/408 351/5738/351 1543/5739/1543
f 3828/5736/3828 1672/543/1672 617/5737/617
f 1672/543/1672 408/542/408 1543/5739/1543
f 617/5737/617 3684/5740/3684 1647/5741/1647
f 1672/543/1672 1543/5739/1543 617/5737/617
f 823/3033/823 1709/5735/1709 617/5737/617
f 3950/3034/3950 823/3033/823 1647/5741/1647
f 617/5737/617 1647/5741/1647 823/3033/823
f 1647/5741/1647 691/5742/691 2455/5743/2455
f 1647/5741/1647 2455/5743/2455 2339/5744/2339
f 1250/1279/1250 2310/3036/2310 2309/3035/2309
f 2309/3035/2309 3950/3034/3950 2338/5745/2338
f 3950/3034/3950 1647/5741/1647 2339/5744/2339
f 2338/5745/2338 3950/3034/3950 2339/5744/2339
f 2338/5745/2338 2340/5746/2340 2047/5747/2047
f 2047/5747/2047 415/1277/415 2338/5745/2338
f 415/1277/415 327/5748/327 1729/1278/1729
f 2338/5745/2338 415/1277/415 1250/1279/1250
f 327/5748/327 3989/5749/3989 4184/5750/4184
f 4184/5750/4184 1673/5751/1673 2471/5752/2471
f 2471/5752/2471 1363/3042/1363 2639/3041/2639
f 1363/3042/1363 2640/95/2640 2639/3041/2639
f 2639/3041/2639 1728/3040/1728 1729/1278/1729
f 327/5748/327 4184/5750/4184 1729/1278/1729
f 4184/5750/4184 2471/5752/2471 2639/3041/2639
f 1729/1278/1729 4184/5750/4184 2639/3041/2639
f 1729/1278/1729 695/3037/695 1250/1279/1250
f 1250/1279/1250 2309/3035/2309 2338/5745/2338
f 2028/1280/2028 2027/5753/2027 1165/1281/1165
f 1165/1281/1165 1168/5754/1168 775/85/775
f 1168/5754/1168 774/86/774 775/85/775
f 175/1282/175 176/5755/176 4403/1283/4403
f 1671/1287/1671 4836/5756/4836 1892/1285/1892
f 1892/1285/1892 1043/582/1043 1891/1286/1891
f 3262/4391/3262 510/4390/510 3492/1290/3492
f 510/4390/510 730/1288/730 3492/1290/3492
f 3064/5757/3064 4718/5758/4718 4659/3372/4659
f 4718/5758/4718 1141/5759/1141 4659/3372/4659
f 4659/3372/4659 4944/200/4944 4691/5760/4691
f 4635/2347/4635 223/5761/223 3064/5757/3064
f 3173/1292/3173 3692/2348/3692 1712/1291/1712
f 3692/2348/3692 4635/2347/4635 1712/1291/1712
f 3366/2268/3366 4884/1643/4884 3173/1292/3173
f 4700/193/4700 4701/2404/4701 3173/1292/3173
f 4701/2404/4701 3366/2268/3366 3173/1292/3173
f 4659/3372/4659 4691/5760/4691 3064/5757/3064
f 4691/5760/4691 1712/1291/1712 4635/2347/4635
f 3064/5757/3064 4691/5760/4691 4635/2347/4635
f 1889/5197/1889 1888/2919/1888 2659/5762/2659
f 1889/5197/1889 2659/5762/2659 4190/1294/4190
f 2430/5763/2430 4699/952/4699 1498/5764/1498
f 4699/952/4699 1889/5197/1889 4190/1294/4190
f 1498/5764/1498 4699/952/4699 1499/1293/1499
f 1500/5765/1500 1497/5766/1497 1499/1293/1499
f 1497/5766/1497 1498/5764/1498 1499/1293/1499
f 2648/1297/2648 2647/5767/2647 2975/1295/2975
f 2647/5767/2647 4506/5768/4506 2975/1295/2975
f 4506/5768/4506 4048/5769/4048 4095/5770/4095
f 4048/5769/4048 4850/5771/4850 4095/5770/4095
f 4850/5771/4850 4534/1731/4534 4203/5772/4203
f 4534/1731/4534 1549/5773/1549 4203/5772/4203
f 1549/5773/1549 4311/5774/4311 4434/5775/4434
f 4311/5774/4311 3741/5776/3741 4434/5775/4434
f 4434/5775/4434 3038/5777/3038 2386/5778/2386
f 2386/5778/2386 2553/5779/2553 4021/5780/4021
f 4434/5775/4434 2386/5778/2386 4129/5781/4129
f 1549/5773/1549 4434/5775/4434 4129/5781/4129
f 4021/5780/4021 4022/5782/4022 4129/5781/4129
f 2386/5778/2386 4021/5780/4021 4129/5781/4129
f 4203/5772/4203 1549/5773/1549 4129/5781/4129
f 4203/5772/4203 3823/5783/3823 3579/5784/3579
f 3579/5784/3579 2142/5785/2142 4203/5772/4203
f 2142/5785/2142 3881/5786/3881 4203/5772/4203
f 3881/5786/3881 4736/5787/4736 2815/5788/2815
f 3335/5789/3335 2709/5790/2709 2105/5791/2105
f 3881/5786/3881 2815/5788/2815 3335/5789/3335
f 4679/5792/4679 4318/5793/4318 4678/1296/4678
f 4318/5793/4318 2648/1297/2648 4678/1296/4678
f 4506/5768/4506 4095/5770/4095 2975/1295/2975
f 4850/5771/4850 4203/5772/4203 4095/5770/4095
f 4203/5772/4203 3881/5786/3881 4095/5770/4095
f 3881/5786/3881 3335/5789/3335 2953/5794/2953
f 4095/5770/4095 3881/5786/3881 2953/5794/2953
f 3335/5789/3335 2105/5791/2105 2953/5794/2953
f 2105/5791/2105 4428/5795/4428 2953/5794/2953
f 2953/5794/2953 4925/5796/4925 4095/5770/4095
f 3046/1298/3046 2922/5797/2922 3456/1299/3456
f 3585/1301/3585 4027/1012/4027 2696/1015/2696
f 431/170/431 432/172/432 1821/1302/1821
f 1821/1302/1821 1822/5798/1822 1820/1303/1820
f 3436/1304/3436 4937/5799/4937 4779/1305/4779
f 2295/5800/2295 1320/5801/1320 1789/5802/1789
f 1320/5801/1320 1049/5803/1049 1789/5802/1789
f 1789/5802/1789 2217/5804/2217 4743/2687/4743
f 2217/5804/2217 1443/2688/1443 4743/2687/4743
f 2488/5805/2488 2489/5806/2489 2295/5800/2295
f 2243/1312/2243 828/5807/828 2488/5805/2488
f 1193/1311/1193 3983/4262/3983 2243/1312/2243
f 765/1310/765 1194/4263/1194 1193/1311/1193
f 4743/2687/4743 765/1310/765 2243/1312/2243
f 1789/5802/1789 2488/5805/2488 2295/5800/2295
f 2243/1312/2243 2488/5805/2488 4743/2687/4743
f 4743/2687/4743 2488/5805/2488 1789/5802/1789
f 358/1313/358 4110/5808/4110 2483/1314/2483
f 3911/1315/3911 4014/5809/4014 358/1313/358
f 4014/5809/4014 4015/5810/4015 358/1313/358
f 2099/1318/2099 1673/5811/1673 1669/2721/1669
f 1669/2721/1669 1587/1316/1587 2099/1318/2099
f 3356/1319/3356 4186/3311/4186 356/1320/356
f 4711/1324/4711 1785/5812/1785 3218/1322/3218
f 1785/5812/1785 3740/1404/3740 3218/1322/3218
f 2450/5813/2450 621/5814/621 2449/1327/2449
f 621/5814/621 1040/1325/1040 2449/1327/2449
f 1129/1328/1129 1128/5815/1128 402/1329/402
f 3657/5816/3657 442/5155/442 1833/5817/1833
f 442/5155/442 578/1331/578 649/1333/649
f 1833/5817/1833 442/5155/442 649/1333/649
f 578/1331/578 2967/1846/2967 4375/1332/4375
f 649/1333/649 3634/5818/3634 1833/5817/1833
f 3634/5818/3634 4106/5819/4106 1833/5817/1833
f 4148/1334/4148 4183/5820/4183 4149/1335/4149
f 3939/1337/3939 3754/5821/3754 3049/1338/3049
f 3049/1338/3049 3772/5822/3772 3051/1339/3051
f 3772/5822/3772 3050/5823/3050 3051/1339/3051
f 3051/1339/3051 933/5824/933 3939/1337/3939
f 933/5824/933 731/5825/731 3939/1337/3939
f 731/5825/731 3755/5826/3755 3939/1337/3939
f 2242/5827/2242 2148/5828/2148 3805/5829/3805
f 2148/5828/2148 246/5830/246 2170/5831/2170
f 2170/5831/2170 3652/5832/3652 4671/1342/4671
f 3652/5832/3652 3542/5833/3542 4671/1342/4671
f 2148/5828/2148 2170/5831/2170 3805/5829/3805
f 3805/5829/3805 4342/5834/4342 2242/5827/2242
f 3931/5835/3931 3930/5836/3930 1423/1341/1423
f 1422/1340/1422 3931/5835/3931 1423/1341/1423
f 1423/1341/1423 3805/5829/3805 4671/1342/4671
f 3805/5829/3805 2170/5831/2170 4671/1342/4671
f 4671/1342/4671 2555/5837/2555 1422/1340/1422
f 504/1343/504 505/3984/505 1972/1344/1972
f 1240/1346/1240 1242/5838/1242 2162/1347/2162
f 3329/5839/3329 985/5840/985 984/5841/984
f 984/5841/984 983/5842/983 552/1351/552
f 983/5842/983 2817/1349/2817 552/1351/552
f 2817/1349/2817 800/5843/800 3165/5844/3165
f 3165/5844/3165 42/5845/42 41/5846/41
f 2958/5847/2958 3202/5848/3202 1421/5849/1421
f 3165/5844/3165 41/5846/41 2958/5847/2958
f 3329/5839/3329 984/5841/984 378/5850/378
f 2817/1349/2817 3165/5844/3165 1421/5849/1421
f 3165/5844/3165 2958/5847/2958 1421/5849/1421
f 1421/5849/1421 3260/5851/3260 3904/1350/3904
f 3260/5851/3260 3261/5852/3261 3904/1350/3904
f 2315/5853/2315 3329/5839/3329 378/5850/378
f 984/5841/984 552/1351/552 378/5850/378
f 2817/1349/2817 1421/5849/1421 3904/1350/3904
f 3559/1548/3559 965/5854/965 1275/1354/1275
f 965/5854/965 4883/1352/4883 1275/1354/1275
f 3939/1355/3939 3755/5855/3755 3753/1356/3753
f 2205/5856/2205 1495/5857/1495 4243/5858/4243
f 1495/5857/1495 1330/5859/1330 4243/5858/4243
f 4243/5858/4243 4033/5860/4033 4531/5861/4531
f 844/5862/844 3679/5863/3679 1831/5864/1831
f 3679/5863/3679 2205/5856/2205 4243/5858/4243
f 1831/5864/1831 3679/5863/3679 4563/5865/4563
f 4537/5866/4537 3304/5867/3304 1831/5864/1831
f 4563/5865/4563 3679/5863/3679 333/5868/333
f 4243/5858/4243 4531/5861/4531 333/5868/333
f 4531/5861/4531 458/5869/458 161/5870/161
f 458/5869/458 3746/5871/3746 161/5870/161
f 161/5870/161 3953/5872/3953 3952/5873/3952
f 4243/5858/4243 333/5868/333 3679/5863/3679
f 333/5868/333 4531/5861/4531 2887/1360/2887
f 2877/5874/2877 4537/5866/4537 1831/5864/1831
f 3449/5875/3449 4571/5876/4571 4563/5865/4563
f 4563/5865/4563 2877/5874/2877 1831/5864/1831
f 4531/5861/4531 161/5870/161 2093/4535/2093
f 2887/1360/2887 4531/5861/4531 3019/1358/3019
f 3952/5873/3952 421/5877/421 1154/5878/1154
f 161/5870/161 3952/5873/3952 2216/4537/2216
f 3449/5875/3449 4563/5865/4563 333/5868/333
f 332/5879/332 1721/5880/1721 333/5868/333
f 3019/1358/3019 4531/5861/4531 2093/4535/2093
f 3952/5873/3952 1154/5878/1154 274/4541/274
f 1154/5878/1154 670/5881/670 1155/5882/1155
f 1155/5882/1155 669/5883/669 119/5884/119
f 669/5883/669 898/5885/898 119/5884/119
f 119/5884/119 4081/5886/4081 3977/5887/3977
f 4081/5886/4081 2275/5888/2275 3977/5887/3977
f 3952/5873/3952 274/4541/274 2216/4537/2216
f 1154/5878/1154 1155/5882/1155 274/4541/274
f 332/5879/332 333/5868/333 2887/1360/2887
f 4406/5889/4406 3134/5890/3134 2887/1360/2887
f 1155/5882/1155 119/5884/119 1284/4543/1284
f 274/4541/274 1155/5882/1155 1284/4543/1284
f 3977/5887/3977 4783/5891/4783 4458/4547/4458
f 4458/4547/4458 1247/4546/1247 2540/4545/2540
f 2540/4545/2540 2539/4544/2539 1284/4543/1284
f 1284/4543/1284 1285/4542/1285 274/4541/274
f 274/4541/274 275/4540/275 276/4539/276
f 276/4539/276 1356/4538/1356 2216/4537/2216
f 2216/4537/2216 3806/4536/3806 2093/4535/2093
f 2093/4535/2093 2742/4534/2742 3019/1358/3019
f 3019/1358/3019 3238/4533/3238 3081/4532/3081
f 3081/4532/3081 2948/4531/2948 1143/1359/1143
f 1143/1359/1143 1142/4530/1142 1701/4529/1701
f 1701/4529/1701 1700/741/1700 3739/5892/3739
f 1700/741/1700 1472/1985/1472 3739/5892/3739
f 3739/5892/3739 3213/5893/3213 4406/5889/4406
f 3213/5893/3213 1930/5894/1930 4406/5889/4406
f 3019/1358/3019 3081/4532/3081 1143/1359/1143
f 1143/1359/1143 1701/4529/1701 3739/5892/3739
f 4406/5889/4406 2887/1360/2887 1143/1359/1143
f 119/5884/119 3977/5887/3977 2540/4545/2540
f 3977/5887/3977 4458/4547/4458 2540/4545/2540
f 2540/4545/2540 1284/4543/1284 119/5884/119
f 274/4541/274 276/4539/276 2216/4537/2216
f 2216/4537/2216 2093/4535/2093 161/5870/161
f 1143/1359/1143 3739/5892/3739 4406/5889/4406
f 4451/1364/4451 4564/5895/4564 4265/1365/4265
f 2518/1367/2518 4704/5896/4704 4758/1368/4758
f 3616/1370/3616 1802/5897/1802 4097/1371/4097
f 1270/3159/1270 1271/102/1271 38/3088/38
f 38/3088/38 3678/3158/3678 3467/3156/3467
f 3678/3158/3678 1899/5898/1899 1900/5899/1900
f 1900/5899/1900 2119/5900/2119 1219/1373/1219
f 3678/3158/3678 1900/5899/1900 3467/3156/3467
f 38/3088/38 3467/3156/3467 1270/3159/1270
f 3467/3156/3467 3468/103/3468 1270/3159/1270
f 1219/1373/1219 480/5901/480 481/3149/481
f 1900/5899/1900 1219/1373/1219 915/1375/915
f 3467/3156/3467 1900/5899/1900 915/1375/915
f 915/1375/915 914/3151/914 3467/3156/3467
f 1219/1373/1219 481/3149/481 1478/1374/1478
f 481/3149/481 3099/3130/3099 1478/1374/1478
f 1478/1374/1478 913/3150/913 915/1375/915
f 4625/1376/4625 594/2556/594 28/1377/28
f 3929/1381/3929 2199/3934/2199 4906/3932/4906
f 2199/3934/2199 4230/3933/4230 4906/3932/4906
f 3929/1381/3929 4906/3932/4906 2797/1379/2797
f 875/5902/875 1374/1382/1374 2524/5903/2524
f 1374/1382/1374 2560/5904/2560 815/1383/815
f 2560/5904/2560 813/5905/813 815/1383/815
f 815/1383/815 814/5906/814 2565/5907/2565
f 4641/1384/4641 2524/5903/2524 1374/1382/1374
f 815/1383/815 2565/5907/2565 4641/1384/4641
f 3862/5908/3862 1991/5909/1991 950/1387/950
f 1991/5909/1991 3135/1385/3135 950/1387/950
f 3149/5910/3149 3150/5911/3150 3593/5912/3593
f 3593/5912/3593 4807/5913/4807 4165/5914/4165
f 4165/5914/4165 4166/5915/4166 2159/5916/2159
f 2159/5916/2159 2160/5917/2160 1693/5918/1693
f 1693/5918/1693 1730/5919/1730 3975/5920/3975
f 3975/5920/3975 2346/5921/2346 1693/5918/1693
f 2346/5921/2346 1427/5922/1427 2159/5916/2159
f 1693/5918/1693 2346/5921/2346 2159/5916/2159
f 2845/5923/2845 1487/5924/1487 1486/5925/1486
f 3149/5910/3149 3593/5912/3593 2845/5923/2845
f 3593/5912/3593 4165/5914/4165 1427/5922/1427
f 2845/5923/2845 3593/5912/3593 1427/5922/1427
f 4165/5914/4165 2159/5916/2159 1427/5922/1427
f 1486/5925/1486 316/5926/316 315/5927/315
f 3149/5910/3149 2845/5923/2845 630/4198/630
f 2845/5923/2845 1486/5925/1486 2666/5928/2666
f 3440/5929/3440 3149/5910/3149 1198/5930/1198
f 2845/5923/2845 2666/5928/2666 2731/587/2731
f 630/4198/630 2845/5923/2845 2731/587/2731
f 315/5927/315 314/5931/314 3645/5932/3645
f 1486/5925/1486 315/5927/315 2666/5928/2666
f 4785/5933/4785 4189/5934/4189 257/5935/257
f 315/5927/315 3645/5932/3645 2666/5928/2666
f 4103/5936/4103 3872/5937/3872 3924/5938/3924
f 3924/5938/3924 2378/5939/2378 546/5940/546
f 546/5940/546 2506/5941/2506 3924/5938/3924
f 2506/5941/2506 663/5942/663 3924/5938/3924
f 663/5942/663 4744/4627/4744 4103/5936/4103
f 4744/4627/4744 3428/4626/3428 2261/2262/2261
f 4103/5936/4103 4744/4627/4744 2261/2262/2261
f 3428/4626/3428 3651/4528/3651 1964/4629/1964
f 1964/4629/1964 1719/740/1719 1384/4628/1384
f 1384/4628/1384 1697/739/1697 4023/4621/4023
f 1697/739/1697 2167/4624/2167 4023/4621/4023
f 2167/4624/2167 323/4584/323 322/4622/322
f 322/4622/322 2761/4571/2761 2167/4624/2167
f 2761/4571/2761 4023/4621/4023 2167/4624/2167
f 4023/4621/4023 1479/4566/1479 3665/4620/3665
f 3665/4620/3665 3377/4567/3377 651/4619/651
f 651/4619/651 650/4574/650 3162/4617/3162
f 3162/4617/3162 3235/4570/3235 1929/4616/1929
f 1929/4616/1929 2917/4569/2917 1559/4614/1559
f 1559/4614/1559 1130/4608/1130 1370/4613/1370
f 1370/4613/1370 1916/483/1916 3629/482/3629
f 2261/2262/2261 4675/5943/4675 2666/5928/2666
f 1370/4613/1370 3629/482/3629 2261/2262/2261
f 1929/4616/1929 1559/4614/1559 3162/4617/3162
f 1559/4614/1559 1370/4613/1370 3428/4626/3428
f 3665/4620/3665 651/4619/651 1964/4629/1964
f 651/4619/651 3162/4617/3162 1964/4629/1964
f 1559/4614/1559 3428/4626/3428 3162/4617/3162
f 1370/4613/1370 2261/2262/2261 3428/4626/3428
f 3162/4617/3162 3428/4626/3428 1964/4629/1964
f 2666/5928/2666 3349/4193/3349 2731/587/2731
f 4023/4621/4023 3665/4620/3665 1384/4628/1384
f 630/4198/630 2730/4199/2730 1198/5930/1198
f 1198/5930/1198 400/434/400 3440/5929/3440
f 400/434/400 1590/4032/1590 3440/5929/3440
f 1589/5944/1589 324/5945/324 257/5935/257
f 324/5945/324 4249/5946/4249 257/5935/257
f 1590/4032/1590 1589/5944/1589 3440/5929/3440
f 630/4198/630 1198/5930/1198 3149/5910/3149
f 4249/5946/4249 145/5947/145 144/5948/144
f 144/5948/144 4466/5949/4466 2323/5950/2323
f 2323/5950/2323 2324/5951/2324 3514/5952/3514
f 3514/5952/3514 3598/5953/3598 2952/5954/2952
f 2952/5954/2952 3842/5955/3842 3961/5956/3961
f 3514/5952/3514 2952/5954/2952 3961/5956/3961
f 144/5948/144 2323/5950/2323 3960/5957/3960
f 2323/5950/2323 3514/5952/3514 3961/5956/3961
f 3960/5957/3960 2323/5950/2323 3961/5956/3961
f 1964/4629/1964 1384/4628/1384 3665/4620/3665
f 4103/5936/4103 3924/5938/3924 663/5942/663
f 3645/5932/3645 4103/5936/4103 2261/2262/2261
f 3645/5932/3645 2261/2262/2261 2666/5928/2666
f 4249/5946/4249 144/5948/144 2604/1389/2604
f 2516/5958/2516 1283/5959/1283 1644/5960/1644
f 144/5948/144 3960/5957/3960 4233/5961/4233
f 4233/5961/4233 3960/5957/3960 2615/5962/2615
f 3960/5957/3960 2516/5958/2516 2615/5962/2615
f 257/5935/257 3440/5929/3440 1589/5944/1589
f 1644/5960/1644 4562/5963/4562 2586/5964/2586
f 2586/5964/2586 4676/5965/4676 4304/5966/4304
f 4304/5966/4304 4762/5967/4762 530/5968/530
f 4762/5967/4762 4499/5969/4499 530/5968/530
f 530/5968/530 4634/2702/4634 531/5970/531
f 1644/5960/1644 2586/5964/2586 4192/5971/4192
f 2586/5964/2586 4304/5966/4304 4192/5971/4192
f 2516/5958/2516 1644/5960/1644 1204/5972/1204
f 4304/5966/4304 530/5968/530 4192/5971/4192
f 530/5968/530 531/5970/531 4192/5971/4192
f 3607/5973/3607 1212/5974/1212 4551/5975/4551
f 1212/5974/1212 1087/5976/1087 4551/5975/4551
f 531/5970/531 3607/5973/3607 4192/5971/4192
f 1644/5960/1644 4192/5971/4192 1204/5972/1204
f 1087/5976/1087 1086/5977/1086 4551/5975/4551
f 4192/5971/4192 1205/5978/1205 1204/5972/1204
f 3607/5973/3607 4551/5975/4551 4192/5971/4192
f 4785/5933/4785 257/5935/257 4249/5946/4249
f 1204/5972/1204 4623/5979/4623 2222/5980/2222
f 4623/5979/4623 2223/5981/2223 2222/5980/2222
f 4785/5933/4785 4249/5946/4249 2604/1389/2604
f 2222/5980/2222 1262/5982/1262 1778/5983/1778
f 2615/5962/2615 380/5984/380 4233/5961/4233
f 1204/5972/1204 2222/5980/2222 1778/5983/1778
f 2516/5958/2516 1204/5972/1204 1778/5983/1778
f 1115/5985/1115 4433/5986/4433 3947/1388/3947
f 956/1390/956 4102/5987/4102 3947/1388/3947
f 4102/5987/4102 1115/5985/1115 3947/1388/3947
f 2284/5988/2284 3464/5989/3464 956/1390/956
f 4233/5961/4233 2285/5990/2285 2284/5988/2284
f 2516/5958/2516 1778/5983/1778 2615/5962/2615
f 4233/5961/4233 2284/5988/2284 144/5948/144
f 2284/5988/2284 956/1390/956 2604/1389/2604
f 2604/1389/2604 144/5948/144 2284/5988/2284
f 612/5991/612 3175/4403/3175 3174/1393/3174
f 3175/4403/3175 4880/1391/4880 3174/1393/3174
f 4313/5992/4313 2981/5993/2981 3405/5994/3405
f 2981/5993/2981 3457/5995/3457 3405/5994/3405
f 3457/5995/3457 2860/3208/2860 3208/5996/3208
f 2860/3208/2860 3263/3206/3263 2708/5997/2708
f 1652/4003/1652 1704/2917/1704 3120/2916/3120
f 2860/3208/2860 2708/5997/2708 3208/5996/3208
f 3263/3206/3263 1652/4003/1652 2708/5997/2708
f 4211/5998/4211 59/5999/59 4313/5992/4313
f 1652/4003/1652 3120/2916/3120 2708/5997/2708
f 4211/5998/4211 4313/5992/4313 1744/6000/1744
f 4096/1396/4096 4063/6001/4063 1317/6002/1317
f 1317/6002/1317 4211/5998/4211 4096/1396/4096
f 4313/5992/4313 3405/5994/3405 2995/6003/2995
f 4096/1396/4096 4211/5998/4211 4450/1394/4450
f 3457/5995/3457 3208/5996/3208 3405/5994/3405
f 1102/386/1102 2068/6004/2068 3090/6005/3090
f 4313/5992/4313 2995/6003/2995 1744/6000/1744
f 1102/386/1102 3090/6005/3090 224/387/224
f 3090/6005/3090 4096/1396/4096 224/387/224
f 4704/1139/4704 223/388/223 224/387/224
f 2995/6003/2995 3459/6006/3459 2341/6007/2341
f 2341/6007/2341 1881/2915/1881 1880/1989/1880
f 1880/1989/1880 2057/1988/2057 2341/6007/2341
f 2057/1988/2057 2056/6008/2056 2341/6007/2341
f 1744/6000/1744 1013/6009/1013 1256/407/1256
f 1744/6000/1744 1256/407/1256 4450/1394/4450
f 2995/6003/2995 2341/6007/2341 2056/6008/2056
f 1744/6000/1744 4450/1394/4450 4211/5998/4211
f 4450/1394/4450 4480/6010/4480 4882/1395/4882
f 2995/6003/2995 2056/6008/2056 1744/6000/1744
f 224/387/224 4096/1396/4096 4882/1395/4882
f 4758/6011/4758 4704/1139/4704 4882/1395/4882
f 4704/1139/4704 224/387/224 4882/1395/4882
f 3729/1397/3729 1523/6012/1523 3387/1398/3387
f 472/1400/472 4401/6013/4401 641/1401/641
f 3045/1403/3045 3219/6014/3219 3218/1322/3218
f 3909/4410/3909 1327/6015/1327 1328/1407/1328
f 1327/6015/1327 821/1405/821 1328/1407/1328
f 479/1408/479 3177/6016/3177 3176/1409/3176
f 30/6017/30 31/6018/31 32/3189/32
f 31/6018/31 3140/3191/3140 32/3189/32
f 3140/3191/3140 3139/3190/3139 32/3189/32
f 32/3189/32 3307/3187/3307 30/6017/30
f 3307/3187/3307 2240/3188/2240 30/6017/30
f 2239/1412/2239 2281/180/2281 3158/6019/3158
f 2281/180/2281 232/6020/232 3158/6019/3158
f 2239/1412/2239 3158/6019/3158 2673/1983/2673
f 3854/6021/3854 30/6017/30 2240/3188/2240
f 2239/1412/2239 2673/1983/2673 3352/6022/3352
f 3854/6021/3854 2240/3188/2240 4301/1411/4301
f 2240/3188/2240 2239/1412/2239 4301/1411/4301
f 3917/6023/3917 4162/6024/4162 4301/1411/4301
f 2239/1412/2239 3352/6022/3352 2806/1413/2806
f 2806/1413/2806 4214/6025/4214 3917/6023/3917
f 4214/6025/4214 1698/6026/1698 3917/6023/3917
f 3917/6023/3917 4301/1411/4301 2806/1413/2806
f 4670/1414/4670 3109/6027/3109 1461/1415/1461
f 453/858/453 1554/2922/1554 451/1418/451
f 1554/2922/1554 2402/6028/2402 2076/6029/2076
f 451/1418/451 1554/2922/1554 2076/6029/2076
f 2402/6028/2402 3920/6030/3920 2076/6029/2076
f 2076/6029/2076 4549/1417/4549 451/1418/451
f 3505/1419/3505 1474/6031/1474 967/1420/967
f 967/1420/967 2029/6032/2029 931/6033/931
f 931/6033/931 3213/1421/3213 967/1420/967
f 3213/1421/3213 3739/6034/3739 3505/1419/3505
f 3739/6034/3739 1472/6035/1472 3505/1419/3505
f 2153/1424/2153 3916/6036/3916 3811/1422/3811
f 3916/6036/3916 1085/6037/1085 1776/6038/1776
f 2810/6039/2810 1085/6037/1085 1084/6040/1084
f 1085/6037/1085 1083/6041/1083 1084/6040/1084
f 1084/6040/1084 4601/6042/4601 2810/6039/2810
f 4601/6042/4601 3011/6043/3011 2810/6039/2810
f 2810/6039/2810 1776/6038/1776 1085/6037/1085
f 1776/6038/1776 3811/1422/3811 3916/6036/3916
f 4297/1425/4297 4949/6044/4949 1993/1426/1993
f 2653/1428/2653 2654/2585/2654 833/1429/833
f 1902/1431/1902 854/6045/854 2380/1432/2380
f 3142/1436/3142 2710/6046/2710 3894/6047/3894
f 3894/6047/3894 3143/1434/3143 3142/1436/3142
f 1754/1437/1754 4843/3045/4843 4842/94/4842
f 4563/1439/4563 4571/6048/4571 2878/1440/2878
f 2089/1442/2089 4344/6049/4344 4345/1443/4345
f 506/6050/506 1225/6051/1225 507/6052/507
f 1225/6051/1225 3504/6053/3504 1238/6054/1238
f 507/6052/507 1225/6051/1225 1238/6054/1238
f 3504/6053/3504 4387/2873/4387 1238/6054/1238
f 2779/1033/2779 506/6050/506 4436/6055/4436
f 2084/2875/2084 2634/2874/2634 2083/3293/2083
f 506/6050/506 507/6052/507 1817/6056/1817
f 4387/2873/4387 2084/2875/2084 1189/6057/1189
f 2846/6058/2846 2819/1048/2819 2780/1034/2780
f 2780/1034/2780 2779/1033/2779 4436/6055/4436
f 4436/6055/4436 506/6050/506 1817/6056/1817
f 2084/2875/2084 2083/3293/2083 109/3291/109
f 109/3291/109 2273/3290/2273 2272/3289/2272
f 2272/3289/2272 1541/3288/1541 1050/3287/1050
f 1050/3287/1050 3155/164/3155 1049/6059/1049
f 3155/164/3155 310/3286/310 1049/6059/1049
f 310/3286/310 394/3285/394 2217/3284/2217
f 2217/3284/2217 1789/6060/1789 310/3286/310
f 1789/6060/1789 1049/6059/1049 310/3286/310
f 1320/6061/1320 2295/6062/2295 2489/6063/2489
f 109/3291/109 2272/3289/2272 1320/6061/1320
f 2272/3289/2272 1050/3287/1050 1320/6061/1320
f 1050/3287/1050 1049/6059/1049 1320/6061/1320
f 2084/2875/2084 109/3291/109 1189/6057/1189
f 109/3291/109 1320/6061/1320 2489/6063/2489
f 2489/6063/2489 2488/6064/2488 828/6065/828
f 109/3291/109 2489/6063/2489 1189/6057/1189
f 2489/6063/2489 828/6065/828 325/6066/325
f 828/6065/828 2243/6067/2243 3983/6068/3983
f 3983/6068/3983 326/6069/326 325/6066/325
f 325/6066/325 3042/6070/3042 1189/6057/1189
f 1189/6057/1189 1237/6071/1237 1238/6054/1238
f 325/6066/325 1189/6057/1189 2489/6063/2489
f 1189/6057/1189 1238/6054/1238 4387/2873/4387
f 828/6065/828 3983/6068/3983 325/6066/325
f 4413/6072/4413 1514/6073/1514 2846/6058/2846
f 2794/6074/2794 4413/6072/4413 2846/6058/2846
f 2794/6074/2794 2846/6058/2846 535/6075/535
f 2846/6058/2846 2780/1034/2780 535/6075/535
f 2600/6076/2600 4237/6077/4237 3409/6078/3409
f 3409/6078/3409 2794/6074/2794 535/6075/535
f 1722/6079/1722 1462/6080/1462 2999/6081/2999
f 1462/6080/1462 2600/6076/2600 3955/6082/3955
f 2999/6081/2999 1462/6080/1462 3955/6082/3955
f 2600/6076/2600 3409/6078/3409 2924/1445/2924
f 304/6083/304 4268/6084/4268 2420/6085/2420
f 305/6086/305 304/6083/304 4750/6087/4750
f 304/6083/304 2420/6085/2420 4750/6087/4750
f 612/6088/612 3174/6089/3174 4009/6090/4009
f 3174/6089/3174 4627/6091/4627 4009/6090/4009
f 2789/5640/2789 3175/6092/3175 612/6088/612
f 4009/6090/4009 3381/5641/3381 612/6088/612
f 3381/5641/3381 2789/5640/2789 612/6088/612
f 2215/6093/2215 1178/5643/1178 1447/6094/1447
f 3703/6095/3703 2215/6093/2215 1447/6094/1447
f 3703/6095/3703 1447/6094/1447 4009/6090/4009
f 4141/6096/4141 3341/6097/3341 3703/6095/3703
f 1147/6098/1147 4142/6099/4142 4141/6096/4141
f 1858/6100/1858 1147/6098/1147 4141/6096/4141
f 4141/6096/4141 3703/6095/3703 1858/6100/1858
f 3703/6095/3703 4009/6090/4009 1858/6100/1858
f 4009/6090/4009 4627/6091/4627 4750/6087/4750
f 4009/6090/4009 4750/6087/4750 1858/6100/1858
f 4750/6087/4750 2420/6085/2420 4749/6101/4749
f 4069/6102/4069 4070/6103/4070 1702/6104/1702
f 1702/6104/1702 1858/6100/1858 4749/6101/4749
f 4749/6101/4749 1858/6100/1858 4750/6087/4750
f 2420/6085/2420 2999/6081/2999 4749/6101/4749
f 2600/6076/2600 2924/1445/2924 3410/6105/3410
f 3410/6105/3410 2924/1445/2924 3477/1447/3477
f 4749/6101/4749 4069/6102/4069 1702/6104/1702
f 4541/6106/4541 3956/6107/3956 3955/6082/3955
f 3955/6082/3955 4749/6101/4749 2999/6081/2999
f 535/6075/535 2683/6108/2683 1460/6109/1460
f 2780/1034/2780 4436/6055/4436 535/6075/535
f 3410/6105/3410 4541/6106/4541 3955/6082/3955
f 2818/1446/2818 3478/6110/3478 3477/1447/3477
f 3410/6105/3410 3955/6082/3955 2600/6076/2600
f 3409/6078/3409 535/6075/535 1460/6109/1460
f 2924/1445/2924 3409/6078/3409 1460/6109/1460
f 1460/6109/1460 4073/6111/4073 2924/1445/2924
f 1476/1450/1476 3320/6112/3320 4245/6113/4245
f 3320/6112/3320 498/6114/498 4217/6115/4217
f 4245/6113/4245 3320/6112/3320 4217/6115/4217
f 498/6114/498 538/6116/538 1367/6117/1367
f 1367/6117/1367 4002/6118/4002 4216/6119/4216
f 4002/6118/4002 1530/6120/1530 4216/6119/4216
f 4216/6119/4216 4217/6115/4217 498/6114/498
f 498/6114/498 1367/6117/1367 4216/6119/4216
f 4245/6113/4245 734/1448/734 1476/1450/1476
f 734/1448/734 3992/6121/3992 3993/1449/3993
f 1083/1451/1083 1085/2389/1085 4890/1452/4890
f 4890/1452/4890 2916/3298/2916 4904/1453/4904
f 2510/1454/2510 2081/6122/2081 4913/1455/4913
f 3047/3082/3047 3271/6123/3271 4435/1457/4435
f 4435/1457/4435 127/6124/127 1258/1458/1258
f 1258/1458/1258 4127/6125/4127 1259/6126/1259
f 2727/1459/2727 3047/3082/3047 4435/1457/4435
f 1258/1458/1258 1259/6126/1259 2727/1459/2727
f 2414/6127/2414 3004/6128/3004 2415/1462/2415
f 3004/6128/3004 69/1460/69 2415/1462/2415
f 750/1463/750 747/3797/747 748/1464/748
f 3969/5631/3969 2791/6129/2791 4909/6130/4909
f 4484/6131/4484 2486/6132/2486 4712/6133/4712
f 2486/6132/2486 4463/6134/4463 4712/6133/4712
f 3969/5631/3969 4909/6130/4909 4484/6131/4484
f 3917/6135/3917 1698/5632/1698 4162/6136/4162
f 1698/5632/1698 3969/5631/3969 4162/6136/4162
f 3854/6137/3854 4301/6138/4301 4162/6136/4162
f 4162/6136/4162 3969/5631/3969 3854/6137/3854
f 3969/5631/3969 4484/6131/4484 4712/6133/4712
f 3854/6137/3854 3969/5631/3969 4712/6133/4712
f 31/1468/31 30/6139/30 3854/6137/3854
f 4712/6133/4712 4358/6140/4358 3854/6137/3854
f 4358/6140/4358 1269/6141/1269 2174/1466/2174
f 2174/1466/2174 3268/6142/3268 3270/1467/3270
f 3268/6142/3268 3269/6143/3269 3270/1467/3270
f 3270/1467/3270 3140/6144/3140 31/1468/31
f 4358/6140/4358 2174/1466/2174 31/1468/31
f 31/1468/31 3854/6137/3854 4358/6140/4358
f 35/1469/35 3237/1764/3237 4012/1470/4012
f 1449/1473/1449 3664/6145/3664 3773/1474/3773
f 3773/1474/3773 3114/6146/3114 3453/1472/3453
f 3114/6146/3114 1062/6147/1062 3453/1472/3453
f 1062/6147/1062 1448/6148/1448 3453/1472/3453
f 2621/3023/2621 486/3024/486 2307/1476/2307
f 486/3024/486 2096/134/2096 2307/1476/2307
f 2096/134/2096 1623/2550/1623 140/1475/140
f 140/1475/140 4580/2549/4580 238/6149/238
f 2307/1476/2307 3576/3025/3576 2621/3023/2621
f 140/1475/140 238/6149/238 2307/1476/2307
f 3090/1477/3090 557/6150/557 4063/1478/4063
f 3361/6151/3361 2283/6152/2283 1347/1482/1347
f 2283/6152/2283 2320/1480/2320 1347/1482/1347
f 1068/1485/1068 2137/6153/2137 2136/4407/2136
f 2136/4407/2136 3119/1483/3119 1068/1485/1068
f 3381/1488/3381 4009/6154/4009 1447/6155/1447
f 1447/6155/1447 1178/1486/1178 3381/1488/3381
f 1070/1491/1070 4449/6156/4449 1343/6157/1343
f 1343/6157/1343 4294/6158/4294 1070/1491/1070
f 4294/6158/4294 4547/1489/4547 1070/1491/1070
f 2909/1492/2909 4089/6159/4089 2711/1493/2711
f 3309/1495/3309 3454/4231/3454 4235/4226/4235
f 3454/4231/3454 4236/4229/4236 4235/4226/4235
f 4235/4226/4235 3652/4225/3652 3309/1495/3309
f 3652/4225/3652 2170/6160/2170 246/6161/246
f 246/6161/246 2148/6162/2148 4443/6163/4443
f 2148/6162/2148 234/6164/234 4443/6163/4443
f 3652/4225/3652 246/6161/246 3309/1495/3309
f 2684/6165/2684 2685/4235/2685 2686/6166/2686
f 2685/4235/2685 3309/1495/3309 3358/6167/3358
f 2686/6166/2686 2685/4235/2685 3358/6167/3358
f 246/6161/246 4443/6163/4443 4442/6168/4442
f 4442/6168/4442 937/6169/937 110/6170/110
f 4442/6168/4442 110/6170/110 471/6171/471
f 3309/1495/3309 246/6161/246 471/6171/471
f 246/6161/246 4442/6168/4442 471/6171/471
f 1867/6172/1867 3742/6173/3742 2686/6166/2686
f 3358/6167/3358 2230/6174/2230 1867/6172/1867
f 422/6175/422 4767/6176/4767 3525/1497/3525
f 3358/6167/3358 1867/6172/1867 2686/6166/2686
f 3157/6177/3157 422/6175/422 773/1496/773
f 422/6175/422 3525/1497/3525 773/1496/773
f 3525/1497/3525 3358/6167/3358 3309/1495/3309
f 3309/1495/3309 471/6171/471 773/1496/773
f 4310/1498/4310 2291/2259/2291 3838/1499/3838
f 2037/6178/2037 3129/6179/3129 3326/6180/3326
f 3326/6180/3326 2873/2644/2873 2872/2646/2872
f 2872/2646/2872 4898/2645/4898 2985/4525/2985
f 4898/2645/4898 3808/4527/3808 2985/4525/2985
f 3808/4527/3808 2984/4526/2984 2985/4525/2985
f 2985/4525/2985 2700/4524/2700 1118/4523/1118
f 1118/4523/1118 966/4522/966 883/4521/883
f 883/4521/883 884/4520/884 885/4519/885
f 885/4519/885 2337/4518/2337 2971/4517/2971
f 2971/4517/2971 3675/4516/3675 1483/4515/1483
f 1483/4515/1483 3084/4514/3084 3085/4513/3085
f 3085/4513/3085 2241/4512/2241 342/4511/342
f 342/4511/342 3311/4510/3311 3312/4509/3312
f 3312/4509/3312 589/4508/589 2246/4507/2246
f 2246/4507/2246 616/4506/616 1169/4591/1169
f 1169/4591/1169 904/4590/904 903/4594/903
f 903/4594/903 1410/4593/1410 1411/6181/1411
f 1410/4593/1410 3121/4596/3121 1411/6181/1411
f 1411/6181/1411 4695/6182/4695 2355/6183/2355
f 1169/4591/1169 903/4594/903 3855/6184/3855
f 903/4594/903 1411/6181/1411 2355/6183/2355
f 2355/6183/2355 2354/6185/2354 3855/6184/3855
f 903/4594/903 2355/6183/2355 3855/6184/3855
f 342/4511/342 3312/4509/3312 3085/4513/3085
f 3312/4509/3312 2246/4507/2246 1116/6186/1116
f 3085/4513/3085 3312/4509/3312 1116/6186/1116
f 2246/4507/2246 1169/4591/1169 3027/6187/3027
f 3855/6184/3855 4020/6188/4020 4735/6189/4735
f 1169/4591/1169 3855/6184/3855 4735/6189/4735
f 2971/4517/2971 1483/4515/1483 3326/6180/3326
f 1483/4515/1483 3085/4513/3085 3326/6180/3326
f 1118/4523/1118 883/4521/883 885/4519/885
f 885/4519/885 2971/4517/2971 3326/6180/3326
f 1169/4591/1169 4735/6189/4735 2803/6190/2803
f 4735/6189/4735 588/6191/588 2803/6190/2803
f 1169/4591/1169 2803/6190/2803 3027/6187/3027
f 1118/4523/1118 885/4519/885 2872/2646/2872
f 2985/4525/2985 1118/4523/1118 2872/2646/2872
f 885/4519/885 3326/6180/3326 2872/2646/2872
f 2803/6190/2803 3026/6192/3026 3027/6187/3027
f 2246/4507/2246 3027/6187/3027 1186/6193/1186
f 3326/6180/3326 3085/4513/3085 2871/6194/2871
f 726/6195/726 2037/6178/2037 2737/6196/2737
f 2037/6178/2037 3326/6180/3326 1461/6197/1461
f 2737/6196/2737 2037/6178/2037 1461/6197/1461
f 3109/6198/3109 3110/6199/3110 2737/6196/2737
f 3027/6187/3027 423/6200/423 1186/6193/1186
f 2246/4507/2246 1186/6193/1186 1116/6186/1116
f 3109/6198/3109 2737/6196/2737 1461/6197/1461
f 4497/6201/4497 4105/6202/4105 1461/6197/1461
f 1186/6193/1186 1187/6203/1187 4288/6204/4288
f 4288/6204/4288 4527/6205/4527 1116/6186/1116
f 1116/6186/1116 4187/6206/4187 3231/6207/3231
f 3231/6207/3231 2841/6208/2841 2871/6194/2871
f 2871/6194/2871 1995/6209/1995 4099/6210/4099
f 2066/6211/2066 3316/6212/3316 4420/6213/4420
f 4420/6213/4420 1440/6214/1440 3482/6215/3482
f 3482/6215/3482 3628/6216/3628 2191/6217/2191
f 2191/6217/2191 2843/6218/2843 4716/6219/4716
f 4716/6219/4716 4040/6220/4040 4560/1501/4560
f 4560/1501/4560 3342/1682/3342 2980/1681/2980
f 3328/1712/3328 2940/6221/2940 3329/6222/3329
f 4560/1501/4560 2980/1681/2980 3328/1712/3328
f 2191/6217/2191 4716/6219/4716 3260/6223/3260
f 4716/6219/4716 4560/1501/4560 3261/1503/3261
f 3260/6223/3260 4716/6219/4716 3261/1503/3261
f 3482/6215/3482 2191/6217/2191 3202/6224/3202
f 4560/1501/4560 3328/1712/3328 2315/6225/2315
f 3328/1712/3328 3329/6222/3329 2315/6225/2315
f 4420/6213/4420 3482/6215/3482 2958/6226/2958
f 2191/6217/2191 3260/6223/3260 3202/6224/3202
f 4560/1501/4560 2315/6225/2315 378/1502/378
f 378/1502/378 552/6227/552 3261/1503/3261
f 552/6227/552 3904/6228/3904 3261/1503/3261
f 1116/6186/1116 3231/6207/3231 2871/6194/2871
f 1186/6193/1186 4288/6204/4288 1116/6186/1116
f 1461/6197/1461 3326/6180/3326 4099/6210/4099
f 3085/4513/3085 1116/6186/1116 2871/6194/2871
f 1998/6229/1998 4497/6201/4497 1461/6197/1461
f 41/6230/41 4208/6231/4208 3167/6232/3167
f 3167/6232/3167 1998/6229/1998 2066/6211/2066
f 1998/6229/1998 1461/6197/1461 4099/6210/4099
f 2066/6211/2066 1998/6229/1998 4099/6210/4099
f 3326/6180/3326 2871/6194/2871 4099/6210/4099
f 2958/6226/2958 41/6230/41 4420/6213/4420
f 41/6230/41 3167/6232/3167 4420/6213/4420
f 3202/6224/3202 2958/6226/2958 3482/6215/3482
f 3167/6232/3167 2066/6211/2066 4420/6213/4420
f 3260/6223/3260 1421/6233/1421 3202/6224/3202
f 4084/1504/4084 4370/6234/4370 3217/1505/3217
f 4656/1507/4656 4235/6235/4235 4236/1508/4236
f 1390/1510/1390 1388/6236/1388 1389/1511/1389
f 1528/1514/1528 3749/2158/3749 4593/6237/4593
f 3749/2158/3749 3818/6238/3818 4593/6237/4593
f 3818/6238/3818 4923/6239/4923 4593/6237/4593
f 4592/1515/4592 3364/6240/3364 3898/6241/3898
f 4592/1515/4592 3898/6241/3898 3301/4476/3301
f 1528/1514/1528 4593/6237/4593 4592/1515/4592
f 3301/4476/3301 373/1513/373 4592/1515/4592
f 2717/1516/2717 4064/6242/4064 4065/1517/4065
f 243/6243/243 244/6244/244 1170/6245/1170
f 1170/6245/1170 1171/6246/1171 2445/6247/2445
f 2445/6247/2445 4538/6248/4538 4372/6249/4372
f 4538/6248/4538 4274/6250/4274 4372/6249/4372
f 1170/6245/1170 2445/6247/2445 4372/6249/4372
f 2207/6251/2207 4320/6252/4320 4751/6253/4751
f 1170/6245/1170 4372/6249/4372 2207/6251/2207
f 3990/6254/3990 3991/6255/3991 243/6243/243
f 243/6243/243 1170/6245/1170 2207/6251/2207
f 2207/6251/2207 4751/6253/4751 2253/6256/2253
f 3879/1595/3879 3538/6257/3538 4250/6258/4250
f 243/6243/243 2207/6251/2207 2253/6256/2253
f 2253/6256/2253 3879/1595/3879 3990/6254/3990
f 3879/1595/3879 4250/6258/4250 1093/6259/1093
f 3990/6254/3990 3879/1595/3879 1398/6260/1398
f 167/1521/167 166/6261/166 2937/6262/2937
f 4250/6258/4250 167/1521/167 1093/6259/1093
f 3879/1595/3879 2044/6263/2044 1398/6260/1398
f 3990/6254/3990 243/6243/243 2253/6256/2253
f 1398/6260/1398 4362/6264/4362 3990/6254/3990
f 2044/6263/2044 1676/6265/1676 1398/6260/1398
f 1093/6259/1093 2045/6266/2045 2044/6263/2044
f 4858/1520/4858 1094/6267/1094 1093/6259/1093
f 467/1519/467 2200/6268/2200 4858/1520/4858
f 2938/6269/2938 2396/6270/2396 2937/6262/2937
f 2396/6270/2396 467/1519/467 2937/6262/2937
f 167/1521/167 2937/6262/2937 467/1519/467
f 2044/6263/2044 3879/1595/3879 1093/6259/1093
f 4858/1520/4858 1093/6259/1093 167/1521/167
f 2530/1522/2530 1493/3583/1493 4029/1523/4029
f 86/70/86 95/74/95 96/1529/96
f 95/74/95 116/2533/116 955/1530/955
f 2611/988/2611 247/2730/247 1797/998/1797
f 4118/1532/4118 3147/6271/3147 3720/1533/3720
f 210/1535/210 2031/3768/2031 4572/1536/4572
f 614/3824/614 1197/3826/1197 615/1540/615
f 1197/3826/1197 3305/1538/3305 615/1540/615
f 7/1541/7 4936/2084/4936 2286/1542/2286
f 1494/1809/1494 762/1808/762 568/1546/568
f 762/1808/762 4821/1544/4821 568/1546/568
f 1275/1354/1275 1309/6272/1309 1310/1547/1310
f 526/224/526 643/3394/643 3757/5415/3757
f 3757/5415/3757 524/1549/524 526/224/526
f 1014/3319/1014 839/173/839 4077/6273/4077
f 678/6274/678 4265/6275/4265 4264/6276/4264
f 1014/3319/1014 4077/6273/4077 2928/6277/2928
f 4077/6273/4077 678/6274/678 4264/6276/4264
f 769/6278/769 2033/174/2033 3943/6279/3943
f 2033/174/2033 1014/3319/1014 3943/6279/3943
f 2910/6280/2910 3093/6281/3093 3943/6279/3943
f 4077/6273/4077 4264/6276/4264 2928/6277/2928
f 4264/6276/4264 2311/6282/2311 2928/6277/2928
f 2928/6277/2928 2427/6283/2427 1014/3319/1014
f 3943/6279/3943 1014/3319/1014 2910/6280/2910
f 4862/6284/4862 2910/6280/2910 1748/2423/1748
f 2427/6283/2427 2910/6280/2910 1014/3319/1014
f 3968/777/3968 1252/6285/1252 4862/6284/4862
f 391/791/391 3094/776/3094 1412/778/1412
f 1412/778/1412 3968/777/3968 2974/6286/2974
f 3968/777/3968 4862/6284/4862 1748/2423/1748
f 2910/6280/2910 2427/6283/2427 1748/2423/1748
f 1748/2423/1748 2973/2422/2973 3968/777/3968
f 2973/2422/2973 2974/6286/2974 3968/777/3968
f 3444/6287/3444 4512/792/4512 391/791/391
f 391/791/391 1412/778/1412 1745/270/1745
f 2974/6286/2974 2512/6288/2512 1412/778/1412
f 2512/6288/2512 1745/270/1745 1412/778/1412
f 3137/6289/3137 3444/6287/3444 1746/1551/1746
f 3444/6287/3444 391/791/391 1746/1551/1746
f 4465/6290/4465 1583/2079/1583 3386/6291/3386
f 3386/6291/3386 3137/6289/3137 1746/1551/1746
f 1746/1551/1746 4177/269/4177 3386/6291/3386
f 4177/269/4177 4465/6290/4465 3386/6291/3386
f 1323/1552/1323 2292/6292/2292 1361/1553/1361
f 576/1560/576 2956/6293/2956 2955/6294/2955
f 2956/6293/2956 784/6295/784 2955/6294/2955
f 2955/6294/2955 3243/1558/3243 576/1560/576
f 4618/6296/4618 4881/2879/4881 3612/6297/3612
f 4881/2879/4881 4920/2881/4920 3612/6297/3612
f 3612/6297/3612 1393/6298/1393 4618/6296/4618
f 1393/6298/1393 4407/6299/4407 1631/6300/1631
f 842/6301/842 843/6302/843 2181/6303/2181
f 1393/6298/1393 1631/6300/1631 170/6304/170
f 1631/6300/1631 842/6301/842 3391/6305/3391
f 170/6304/170 1631/6300/1631 3391/6305/3391
f 3982/6306/3982 4326/6307/4326 4618/6296/4618
f 3900/6308/3900 4892/884/4892 4181/5157/4181
f 4181/5157/4181 3982/6306/3982 1393/6298/1393
f 3982/6306/3982 4618/6296/4618 1393/6298/1393
f 4181/5157/4181 1393/6298/1393 170/6304/170
f 2181/6303/2181 4002/6309/4002 1367/6310/1367
f 842/6301/842 2181/6303/2181 537/6311/537
f 2181/6303/2181 1367/6310/1367 537/6311/537
f 537/6311/537 724/6312/724 725/6313/725
f 3900/6308/3900 4181/5157/4181 170/6304/170
f 757/6314/757 4585/6315/4585 758/6316/758
f 4585/6315/4585 2768/6317/2768 758/6316/758
f 2768/6317/2768 3900/6308/3900 170/6304/170
f 842/6301/842 537/6311/537 725/6313/725
f 725/6313/725 654/6318/654 653/6319/653
f 653/6319/653 294/6320/294 293/6321/293
f 293/6321/293 2596/6322/2596 92/6323/92
f 92/6323/92 93/6324/93 94/6325/94
f 94/6325/94 2865/6326/2865 3330/6327/3330
f 3330/6327/3330 1379/6328/1379 1378/6329/1378
f 1378/6329/1378 1315/6330/1315 3693/6331/3693
f 3693/6331/3693 2410/6332/2410 3681/6333/3681
f 3681/6333/3681 3095/6334/3095 3682/6335/3682
f 3682/6335/3682 540/6336/540 1268/6337/1268
f 1268/6337/1268 1107/6338/1107 1895/6339/1895
f 1895/6339/1895 1662/6340/1662 1096/6341/1096
f 1096/6341/1096 1097/6342/1097 1098/6343/1098
f 1098/6343/1098 1429/6344/1429 440/6345/440
f 440/6345/440 441/6346/441 3372/6347/3372
f 3372/6347/3372 3373/6348/3373 2855/5664/2855
f 2603/5666/2603 1505/1238/1505 1369/5667/1369
f 3372/6347/3372 2855/5664/2855 2603/5666/2603
f 1098/6343/1098 440/6345/440 2603/5666/2603
f 440/6345/440 3372/6347/3372 2603/5666/2603
f 1096/6341/1096 1098/6343/1098 2603/5666/2603
f 3682/6335/3682 1268/6337/1268 1895/6339/1895
f 1895/6339/1895 1096/6341/1096 1369/5667/1369
f 1096/6341/1096 2603/5666/2603 1369/5667/1369
f 1369/5667/1369 1506/5661/1506 1418/5669/1418
f 3681/6333/3681 3682/6335/3682 3466/6349/3466
f 3682/6335/3682 1895/6339/1895 1418/5669/1418
f 3693/6331/3693 3681/6333/3681 3466/6349/3466
f 3682/6335/3682 1418/5669/1418 3466/6349/3466
f 1895/6339/1895 1369/5667/1369 1418/5669/1418
f 1418/5669/1418 1417/5668/1417 2944/5671/2944
f 2944/5671/2944 2943/5670/2943 1711/5673/1711
f 1711/5673/1711 1710/5672/1710 1413/5674/1413
f 1414/1561/1414 2965/5660/2965 2964/1562/2964
f 2964/1562/2964 2479/5659/2479 3257/6350/3257
f 2479/5659/2479 2851/5658/2851 3257/6350/3257
f 2687/6351/2687 4287/6352/4287 3541/6353/3541
f 631/6354/631 3390/6355/3390 3391/6305/3391
f 2687/6351/2687 3541/6353/3541 631/6354/631
f 2687/6351/2687 631/6354/631 653/6319/653
f 631/6354/631 3391/6305/3391 842/6301/842
f 2687/6351/2687 653/6319/653 293/6321/293
f 3391/6305/3391 3599/6356/3599 170/6304/170
f 2916/6357/2916 4890/6358/4890 4907/6359/4907
f 4907/6359/4907 1661/6360/1661 806/6361/806
f 4907/6359/4907 806/6361/806 808/6362/808
f 170/6304/170 2916/6357/2916 1371/6363/1371
f 2916/6357/2916 4907/6359/4907 808/6362/808
f 1371/6363/1371 2916/6357/2916 808/6362/808
f 3466/6349/3466 2687/6351/2687 1378/6329/1378
f 653/6319/653 631/6354/631 842/6301/842
f 1371/6363/1371 1372/6364/1372 1373/6365/1373
f 1371/6363/1371 1373/6365/1373 758/6316/758
f 170/6304/170 1371/6363/1371 758/6316/758
f 842/6301/842 725/6313/725 653/6319/653
f 170/6304/170 758/6316/758 2768/6317/2768
f 2687/6351/2687 293/6321/293 94/6325/94
f 293/6321/293 92/6323/92 94/6325/94
f 1378/6329/1378 2687/6351/2687 3330/6327/3330
f 94/6325/94 3330/6327/3330 2687/6351/2687
f 1378/6329/1378 3693/6331/3693 3466/6349/3466
f 1418/5669/1418 2944/5671/2944 1711/5673/1711
f 1418/5669/1418 1711/5673/1711 3466/6349/3466
f 1711/5673/1711 1413/5674/1413 3466/6349/3466
f 2964/1562/2964 3257/6350/3257 3465/1563/3465
f 3465/1563/3465 3466/6349/3466 1414/1561/1414
f 3466/6349/3466 1413/5674/1413 1414/1561/1414
f 1976/1564/1976 4409/6366/4409 4408/1565/4408
f 3701/1567/3701 4861/6367/4861 3323/1568/3323
f 752/6368/752 949/6369/949 4376/6370/4376
f 4376/6370/4376 2277/6371/2277 752/6368/752
f 2277/6371/2277 2278/6372/2278 752/6368/752
f 2278/6372/2278 2041/6373/2041 4379/6374/4379
f 2041/6373/2041 1979/6375/1979 4379/6374/4379
f 1979/6375/1979 4182/6376/4182 1223/1570/1223
f 1223/1570/1223 1224/6377/1224 1047/1571/1047
f 1047/1571/1047 1048/6378/1048 3552/6379/3552
f 1048/6378/1048 151/6380/151 3552/6379/3552
f 151/6380/151 1335/6381/1335 3552/6379/3552
f 3552/6379/3552 1222/6382/1222 1047/1571/1047
f 1222/6382/1222 2139/1572/2139 1047/1571/1047
f 2139/1572/2139 2896/6383/2896 1979/6375/1979
f 2896/6383/2896 4379/6374/4379 1979/6375/1979
f 4379/6374/4379 753/6384/753 2278/6372/2278
f 753/6384/753 752/6368/752 2278/6372/2278
f 1223/1570/1223 2139/1572/2139 1979/6375/1979
f 1470/2019/1470 2229/6385/2229 1522/6386/1522
f 2229/6385/2229 411/6387/411 1522/6386/1522
f 1522/6386/1522 213/6388/213 1511/6389/1511
f 3987/6390/3987 2451/2020/2451 2452/6391/2452
f 2452/6391/2452 1470/2019/1470 1522/6386/1522
f 1511/6389/1511 4584/6392/4584 3275/1922/3275
f 1522/6386/1522 1511/6389/1511 934/1921/934
f 1511/6389/1511 3275/1922/3275 934/1921/934
f 934/1921/934 1337/6393/1337 4016/1761/4016
f 113/1982/113 3987/6390/3987 2452/6391/2452
f 2452/6391/2452 1522/6386/1522 626/6394/626
f 1522/6386/1522 934/1921/934 626/6394/626
f 2452/6391/2452 626/6394/626 1508/6395/1508
f 4016/1761/4016 4017/1763/4017 3788/3456/3788
f 934/1921/934 4016/1761/4016 626/6394/626
f 3352/6022/3352 2673/1983/2673 113/1982/113
f 113/1982/113 2452/6391/2452 3321/6396/3321
f 1508/6395/1508 626/6394/626 3068/6397/3068
f 4016/1761/4016 3788/3456/3788 4619/257/4619
f 4619/257/4619 4388/1100/4388 4016/1761/4016
f 4388/1100/4388 4363/1099/4363 4016/1761/4016
f 626/6394/626 152/6398/152 3736/794/3736
f 4363/1099/4363 626/6394/626 4016/1761/4016
f 4214/6025/4214 2806/1413/2806 3352/6022/3352
f 3352/6022/3352 113/1982/113 1976/1564/1976
f 626/6394/626 3736/794/3736 993/796/993
f 993/796/993 3864/795/3864 1642/6399/1642
f 626/6394/626 993/796/993 648/1574/648
f 867/1660/867 4214/6025/4214 3352/6022/3352
f 2452/6391/2452 1508/6395/1508 252/6400/252
f 3352/6022/3352 1976/1564/1976 866/1661/866
f 993/796/993 1642/6399/1642 4606/595/4606
f 2020/597/2020 2022/596/2022 1765/2365/1765
f 993/796/993 4606/595/4606 2020/597/2020
f 867/1660/867 3352/6022/3352 866/1661/866
f 1977/1566/1977 3771/1662/3771 866/1661/866
f 1976/1564/1976 113/1982/113 3321/6396/3321
f 2020/597/2020 1765/2365/1765 3913/6401/3913
f 1765/2365/1765 3463/2367/3463 3913/6401/3913
f 993/796/993 2020/597/2020 3913/6401/3913
f 1976/1564/1976 1977/1566/1977 866/1661/866
f 3321/6396/3321 4409/6366/4409 1976/1564/1976
f 4603/6402/4603 4290/6403/4290 3321/6396/3321
f 3118/6404/3118 3696/6405/3696 1348/6406/1348
f 3696/6405/3696 4603/6402/4603 252/6400/252
f 3118/6404/3118 1348/6406/1348 4645/6407/4645
f 2622/6408/2622 3712/6409/3712 2012/6410/2012
f 3712/6409/3712 4645/6407/4645 2012/6410/2012
f 1348/6406/1348 3696/6405/3696 252/6400/252
f 1348/6406/1348 2012/6410/2012 4645/6407/4645
f 3463/2367/3463 4369/6411/4369 1962/6412/1962
f 3913/6401/3913 3463/2367/3463 1962/6412/1962
f 3913/6401/3913 2211/2328/2211 3737/1573/3737
f 3737/1573/3737 3458/2327/3458 648/1574/648
f 648/1574/648 1200/6413/1200 3068/6397/3068
f 3068/6397/3068 1401/6414/1401 375/6415/375
f 375/6415/375 987/6416/987 1508/6395/1508
f 1508/6395/1508 1793/6417/1793 252/6400/252
f 3321/6396/3321 2452/6391/2452 252/6400/252
f 252/6400/252 4603/6402/4603 3321/6396/3321
f 3068/6397/3068 375/6415/375 1508/6395/1508
f 3068/6397/3068 626/6394/626 648/1574/648
f 993/796/993 3913/6401/3913 3737/1573/3737
f 848/1575/848 2179/4210/2179 3611/1576/3611
f 26/1578/26 4642/3376/4642 1616/1579/1616
f 4718/1581/4718 1936/1369/1936 3376/1582/3376
f 4776/1584/4776 3791/3779/3791 4665/1585/4665
f 3879/1587/3879 2062/6418/2062 2061/1588/2061
f 3285/6419/3285 343/1592/343 3350/1591/3350
f 343/1592/343 2421/6420/2421 919/1590/919
f 2421/6420/2421 2978/6421/2978 919/1590/919
f 4751/6253/4751 642/6422/642 641/6423/641
f 4401/1593/4401 472/6424/472 2062/1594/2062
f 4751/6253/4751 641/6423/641 4401/1593/4401
f 3879/1595/3879 2253/6256/2253 4401/1593/4401
f 2253/6256/2253 4751/6253/4751 4401/1593/4401
f 4375/6425/4375 2967/6426/2967 3108/6427/3108
f 4375/6425/4375 3108/6427/3108 2966/6428/2966
f 3634/6429/3634 649/6430/649 3145/6431/3145
f 649/6430/649 4375/6425/4375 3145/6431/3145
f 3657/6432/3657 1833/6433/1833 4106/6434/4106
f 4375/6425/4375 2966/6428/2966 523/6435/523
f 4153/6436/4153 2966/6428/2966 4688/6437/4688
f 1822/6438/1822 3657/6432/3657 1820/6439/1820
f 3657/6432/3657 4106/6434/4106 1820/6439/1820
f 2966/6428/2966 4153/6436/4153 523/6435/523
f 4153/6436/4153 4688/6437/4688 4395/6440/4395
f 4106/6434/4106 3634/6429/3634 3143/6441/3143
f 4688/6437/4688 4523/6442/4523 4564/6443/4564
f 4451/6444/4451 678/6445/678 4794/6446/4794
f 678/6445/678 4077/6447/4077 4794/6446/4794
f 4688/6437/4688 4564/6443/4564 4451/6444/4451
f 4688/6437/4688 4451/6444/4451 4395/6440/4395
f 4794/6446/4794 4394/6448/4394 4395/6440/4395
f 4394/6448/4394 4396/6449/4396 4395/6440/4395
f 4451/6444/4451 4794/6446/4794 4395/6440/4395
f 4052/6450/4052 4375/6425/4375 523/6435/523
f 4153/6436/4153 2051/6451/2051 523/6435/523
f 1820/6439/1820 4106/6434/4106 3143/6441/3143
f 4375/6425/4375 4052/6450/4052 3145/6431/3145
f 2327/6452/2327 431/6453/431 1820/6439/1820
f 2807/6454/2807 3013/6455/3013 2327/6452/2327
f 3858/6456/3858 2443/6457/2443 2807/6454/2807
f 3894/6458/3894 3858/6456/3858 2807/6454/2807
f 2807/6454/2807 2327/6452/2327 1820/6439/1820
f 523/6435/523 522/6459/522 4052/6450/4052
f 3634/6429/3634 3145/6431/3145 3400/6460/3400
f 3894/6458/3894 2807/6454/2807 1820/6439/1820
f 1313/6461/1313 4414/6462/4414 3143/6441/3143
f 3143/6441/3143 3894/6458/3894 1820/6439/1820
f 4052/6450/4052 1436/6463/1436 3145/6431/3145
f 3145/6431/3145 1714/6464/1714 3400/6460/3400
f 3400/6460/3400 1675/6465/1675 534/6466/534
f 534/6466/534 4042/6467/4042 4554/6468/4554
f 4554/6468/4554 3922/6469/3922 4608/1596/4608
f 4608/1596/4608 2895/6470/2895 3565/1597/3565
f 3565/1597/3565 1572/6471/1572 2398/1598/2398
f 2398/1598/2398 1313/6461/1313 3143/6441/3143
f 3634/6429/3634 3400/6460/3400 534/6466/534
f 3634/6429/3634 534/6466/534 4608/1596/4608
f 534/6466/534 4554/6468/4554 4608/1596/4608
f 3634/6429/3634 4608/1596/4608 2398/1598/2398
f 2398/1598/2398 3143/6441/3143 3634/6429/3634
f 160/1601/160 3818/6472/3818 1529/6473/1529
f 1529/6473/1529 4632/1599/4632 160/1601/160
f 2147/1605/2147 2235/354/2235 3574/1606/3574
f 242/6474/242 1233/6475/1233 1904/6476/1904
f 1233/6475/1233 1232/6477/1232 4740/6478/4740
f 1904/6476/1904 1233/6475/1233 4740/6478/4740
f 1232/6477/1232 3792/6479/3792 3926/6480/3926
f 4740/6478/4740 4025/6481/4025 4638/6482/4638
f 1232/6477/1232 3926/6480/3926 4740/6478/4740
f 3204/6483/3204 242/6474/242 1904/6476/1904
f 971/1609/971 1905/6484/1905 972/6485/972
f 972/6485/972 1904/6476/1904 4638/6482/4638
f 1904/6476/1904 4740/6478/4740 4638/6482/4638
f 4638/6482/4638 4201/6486/4201 4333/6487/4333
f 1339/1608/1339 4454/6488/4454 971/1609/971
f 971/1609/971 972/6485/972 2628/1607/2628
f 972/6485/972 4638/6482/4638 4333/6487/4333
f 2628/1607/2628 972/6485/972 4333/6487/4333
f 4291/140/4291 3044/139/3044 4292/1611/4292
f 3044/139/3044 3045/1403/3045 3043/1610/3043
f 3045/1403/3045 3740/1404/3740 3043/1610/3043
f 3038/1612/3038 4434/6489/4434 4167/1613/4167
f 700/1615/700 577/6490/577 1550/1616/1550
f 1092/1618/1092 3674/6491/3674 1267/1619/1267
f 163/1621/163 3021/1526/3021 2019/167/2019
f 4323/1625/4323 4136/6492/4136 1203/1623/1203
f 4136/6492/4136 4195/6493/4195 1203/1623/1203
f 1188/1626/1188 3619/6494/3619 1400/1627/1400
f 51/1629/51 2548/6495/2548 1596/1630/1596
f 2853/1632/2853 3979/3770/3979 3980/1633/3980
f 686/149/686 1510/6496/1510 1607/1636/1607
f 1510/6496/1510 1/1/1 1607/1636/1607
f 1/1/1 6/3/6 5/1635/5
f 803/6497/803 4625/1376/4625 593/1378/593
f 593/1378/593 28/1377/28 3856/2576/3856
f 3857/6498/3857 4903/2197/4903 3274/2199/3274
f 593/1378/593 3856/2576/3856 3857/6498/3857
f 4626/6499/4626 803/6497/803 4209/6500/4209
f 803/6497/803 593/1378/593 4209/6500/4209
f 4242/1638/4242 4209/6500/4209 593/1378/593
f 3500/1637/3500 2816/6501/2816 4242/1638/4242
f 3107/6502/3107 3501/6503/3501 3500/1637/3500
f 34/6504/34 3432/6505/3432 3107/6502/3107
f 3274/2199/3274 3273/1639/3273 3857/6498/3857
f 3273/1639/3273 34/6504/34 3107/6502/3107
f 593/1378/593 3857/6498/3857 4242/1638/4242
f 4242/1638/4242 3857/6498/3857 3273/1639/3273
f 3107/6502/3107 3500/1637/3500 3273/1639/3273
f 4133/1642/4133 4213/6506/4213 4252/1640/4252
f 4213/6506/4213 3349/6507/3349 4252/1640/4252
f 3349/6507/3349 2666/6508/2666 4252/1640/4252
f 2666/6508/2666 4675/6509/4675 3721/6510/3721
f 4252/1640/4252 2666/6508/2666 3721/6510/3721
f 5/5/5 4/4/4 260/1645/260
f 2146/1647/2146 4010/6511/4010 1934/1648/1934
f 4896/1650/4896 4897/6512/4897 2972/1651/2972
f 2796/47/2796 1162/46/1162 1714/6513/1714
f 1162/46/1162 738/6514/738 1636/6515/1636
f 738/6514/738 4597/6516/4597 1636/6515/1636
f 1636/6515/1636 4094/6517/4094 1897/6518/1897
f 1897/6518/1897 2728/6519/2728 2729/6520/2729
f 2729/6520/2729 2833/6521/2833 2895/6522/2895
f 2833/6521/2833 3903/6523/3903 2895/6522/2895
f 3903/6523/3903 977/6524/977 3565/6525/3565
f 2895/6522/2895 4608/6526/4608 3922/6527/3922
f 3903/6523/3903 3565/6525/3565 2895/6522/2895
f 1636/6515/1636 1897/6518/1897 1675/6528/1675
f 1897/6518/1897 2729/6520/2729 3922/6527/3922
f 3922/6527/3922 4554/6529/4554 4042/6530/4042
f 2729/6520/2729 2895/6522/2895 3922/6527/3922
f 1162/46/1162 1636/6515/1636 1675/6528/1675
f 1897/6518/1897 3922/6527/3922 4042/6530/4042
f 4042/6530/4042 534/6531/534 1675/6528/1675
f 1897/6518/1897 4042/6530/4042 1675/6528/1675
f 2248/6532/2248 2247/45/2247 2796/47/2796
f 1162/46/1162 1675/6528/1675 1714/6513/1714
f 1675/6528/1675 3400/6533/3400 1714/6513/1714
f 2032/2718/2032 2248/6532/2248 2796/47/2796
f 4077/6534/4077 839/1658/839 4394/6535/4394
f 839/1658/839 4555/2719/4555 522/1656/522
f 4394/6535/4394 839/1658/839 4396/1657/4396
f 4555/2719/4555 2032/2718/2032 1436/6536/1436
f 2032/2718/2032 2796/47/2796 1436/6536/1436
f 1714/6513/1714 3145/6537/3145 1436/6536/1436
f 1436/6536/1436 4052/6538/4052 522/1656/522
f 522/1656/522 523/6539/523 2051/6540/2051
f 2051/6540/2051 4153/6541/4153 4395/6542/4395
f 2051/6540/2051 4395/6542/4395 4396/1657/4396
f 1714/6513/1714 1436/6536/1436 2796/47/2796
f 1436/6536/1436 522/1656/522 4555/2719/4555
f 522/1656/522 2051/6540/2051 4396/1657/4396
f 4394/6535/4394 4794/6543/4794 4077/6534/4077
f 3295/1271/3295 4810/6544/4810 71/1663/71
f 1485/1665/1485 2094/1133/2094 1615/1666/1615
f 3340/1668/3340 844/1308/844 3304/1307/3304
f 3583/6545/3583 3280/6546/3280 3584/1670/3584
f 3584/1670/3584 3911/1315/3911 3875/1653/3875
f 3875/1653/3875 3582/1655/3582 3581/1671/3581
f 3582/1655/3582 909/6547/909 3581/1671/3581
f 909/6547/909 2411/6548/2411 3581/1671/3581
f 3581/1671/3581 3583/6545/3583 3584/1670/3584
f 4891/1672/4891 2300/6549/2300 1056/1673/1056
f 2418/6550/2418 3324/6551/3324 3325/6552/3325
f 3325/6552/3325 137/6553/137 1080/6554/1080
f 137/6553/137 136/6555/136 1080/6554/1080
f 1080/6554/1080 200/6556/200 2625/6557/2625
f 200/6556/200 4353/6558/4353 2625/6557/2625
f 4647/6559/4647 2418/6550/2418 3325/6552/3325
f 4120/6560/4120 3489/6561/3489 4647/6559/4647
f 2688/6562/2688 3569/6563/3569 4647/6559/4647
f 3569/6563/3569 4120/6560/4120 4647/6559/4647
f 4476/6564/4476 2689/6565/2689 3853/6566/3853
f 3853/6566/3853 2688/6562/2688 3325/6552/3325
f 4647/6559/4647 3325/6552/3325 2688/6562/2688
f 3325/6552/3325 1080/6554/1080 3853/6566/3853
f 1856/6567/1856 3707/6568/3707 4476/6564/4476
f 4476/6564/4476 3853/6566/3853 2118/6569/2118
f 3853/6566/3853 1080/6554/1080 2625/6557/2625
f 504/1677/504 1856/6567/1856 4362/1675/4362
f 1856/6567/1856 4476/6564/4476 3991/6570/3991
f 1594/6571/1594 505/6572/505 504/1677/504
f 4225/6573/4225 4146/6574/4146 1594/6571/1594
f 3847/6575/3847 2662/6576/2662 4583/6577/4583
f 4583/6577/4583 4225/6573/4225 1594/6571/1594
f 1856/6567/1856 3991/6570/3991 4362/1675/4362
f 3853/6566/3853 2625/6557/2625 3144/6578/3144
f 4583/6577/4583 1594/6571/1594 1646/6579/1646
f 1594/6571/1594 504/1677/504 1094/6580/1094
f 4583/6577/4583 1646/6579/1646 3847/6575/3847
f 1645/6581/1645 3848/3244/3848 1646/6579/1646
f 3848/3244/3848 3847/6575/3847 1646/6579/1646
f 1646/6579/1646 1594/6571/1594 3152/6582/3152
f 3853/6566/3853 3144/6578/3144 2888/6583/2888
f 2118/6569/2118 3853/6566/3853 2888/6583/2888
f 2625/6557/2625 3919/6584/3919 3144/6578/3144
f 3144/6578/3144 729/6585/729 2234/6586/2234
f 2234/6586/2234 4687/6587/4687 2166/6588/2166
f 2166/6588/2166 2793/6589/2793 555/6590/555
f 555/6590/555 272/6591/272 4380/6592/4380
f 4380/6592/4380 2303/6593/2303 2302/6594/2302
f 2302/6594/2302 2301/6595/2301 3750/5561/3750
f 3750/5561/3750 155/2810/155 154/6596/154
f 154/6596/154 797/2809/797 2474/6597/2474
f 797/2809/797 3601/5560/3601 559/6598/559
f 559/6598/559 1026/6599/1026 3518/6600/3518
f 797/2809/797 559/6598/559 3518/6600/3518
f 2302/6594/2302 3750/5561/3750 4380/6592/4380
f 3750/5561/3750 154/6596/154 4380/6592/4380
f 797/2809/797 3518/6600/3518 2474/6597/2474
f 3518/6600/3518 2067/6601/2067 2474/6597/2474
f 2067/6601/2067 2473/1410/2473 2474/6597/2474
f 2474/6597/2474 4832/6602/4832 2231/6603/2231
f 4380/6592/4380 154/6596/154 555/6590/555
f 555/6590/555 154/6596/154 2166/6588/2166
f 2234/6586/2234 2166/6588/2166 2231/6603/2231
f 2474/6597/2474 2166/6588/2166 154/6596/154
f 2474/6597/2474 2231/6603/2231 2166/6588/2166
f 2234/6586/2234 2231/6603/2231 3144/6578/3144
f 2888/6583/2888 4257/6604/4257 2118/6569/2118
f 2231/6603/2231 2888/6583/2888 3144/6578/3144
f 3991/6570/3991 4476/6564/4476 244/6605/244
f 1594/6571/1594 1094/6580/1094 2396/6606/2396
f 3152/6582/3152 3286/6607/3286 1646/6579/1646
f 354/6608/354 1738/6609/1738 3152/6582/3152
f 2937/6610/2937 1608/6611/1608 2938/6612/2938
f 1608/6611/1608 354/6608/354 2938/6612/2938
f 354/6608/354 3152/6582/3152 2396/6606/2396
f 2396/6606/2396 3152/6582/3152 1594/6571/1594
f 1094/6580/1094 504/1677/504 2045/6613/2045
f 2118/6569/2118 3851/6614/3851 2445/6615/2445
f 1171/6616/1171 1170/6617/1170 244/6605/244
f 2118/6569/2118 2445/6615/2445 1171/6616/1171
f 2938/6612/2938 354/6608/354 2396/6606/2396
f 2200/6618/2200 467/6619/467 2396/6606/2396
f 2118/6569/2118 1171/6616/1171 4476/6564/4476
f 244/6605/244 243/6620/243 3991/6570/3991
f 1171/6616/1171 244/6605/244 4476/6564/4476
f 2200/6618/2200 2396/6606/2396 1094/6580/1094
f 1094/6580/1094 4858/6621/4858 2200/6618/2200
f 2045/6613/2045 1093/6622/1093 1094/6580/1094
f 1676/1676/1676 2044/6623/2044 2045/6613/2045
f 4362/1675/4362 1398/6624/1398 1676/1676/1676
f 3991/6570/3991 3990/6625/3990 4362/1675/4362
f 1676/1676/1676 2045/6613/2045 504/1677/504
f 3992/6626/3992 1042/6627/1042 3211/1678/3211
f 3211/1678/3211 4061/6628/4061 959/1679/959
f 959/1679/959 538/6629/538 3993/1680/3993
f 538/6629/538 498/6630/498 3320/6631/3320
f 3320/6631/3320 1476/6632/1476 3993/1680/3993
f 538/6629/538 3320/6631/3320 3993/1680/3993
f 3992/6626/3992 3211/1678/3211 3993/1680/3993
f 2375/141/2375 1520/6633/1520 362/1683/362
f 1520/6633/1520 2980/1681/2980 362/1683/362
f 4047/471/4047 3252/3495/3252 4679/1684/4679
f 2060/1686/2060 1420/2434/1420 2749/1687/2749
f 3332/146/3332 4282/6634/4282 4281/1689/4281
f 4281/1689/4281 62/6635/62 61/1690/61
f 61/1690/61 4831/6636/4831 3782/6637/3782
f 3782/6637/3782 3002/6638/3002 61/1690/61
f 3002/6638/3002 3003/6639/3003 3001/1691/3001
f 3001/1691/3001 4694/6640/4694 3332/146/3332
f 3002/6638/3002 3001/1691/3001 61/1690/61
f 3332/146/3332 4281/1689/4281 3001/1691/3001
f 418/1692/418 1202/454/1202 3020/453/3020
f 1776/1694/1776 2810/6641/2810 3011/1695/3011
f 4443/1697/4443 234/6642/234 937/1698/937
f 2691/1700/2691 172/785/172 171/1701/171
f 266/1161/266 267/2092/267 2514/1702/2514
f 1932/6643/1932 2504/6644/2504 3490/1081/3490
f 1917/1703/1917 1029/5466/1029 303/1704/303
f 1029/5466/1029 3951/6645/3951 303/1704/303
f 2678/6646/2678 3646/6647/3646 4196/6648/4196
f 3646/6647/3646 4197/6649/4197 4196/6648/4196
f 3951/6645/3951 2678/6646/2678 2026/6650/2026
f 303/1704/303 3951/6645/3951 2026/6650/2026
f 1932/6643/1932 3490/1081/3490 1917/1703/1917
f 1459/6651/1459 4672/6652/4672 1932/6643/1932
f 3602/6653/3602 3984/6654/3984 1459/6651/1459
f 2103/6655/2103 2332/6656/2332 3602/6653/3602
f 2102/6657/2102 953/6658/953 2104/6659/2104
f 953/6658/953 2103/6655/2103 2104/6659/2104
f 2103/6655/2103 3602/6653/3602 1917/1703/1917
f 3602/6653/3602 1459/6651/1459 1917/1703/1917
f 1459/6651/1459 1932/6643/1932 1917/1703/1917
f 4196/6648/4196 3831/6660/3831 2847/6661/2847
f 2847/6661/2847 3726/6662/3726 2026/6650/2026
f 2026/6650/2026 2025/6663/2025 303/1704/303
f 303/1704/303 4418/6664/4418 3549/1705/3549
f 3549/1705/3549 3843/6665/3843 4742/6666/4742
f 4742/6666/4742 2104/6659/2104 1917/1703/1917
f 2104/6659/2104 2103/6655/2103 1917/1703/1917
f 2678/6646/2678 4196/6648/4196 2847/6661/2847
f 2847/6661/2847 2026/6650/2026 2678/6646/2678
f 3549/1705/3549 4742/6666/4742 1917/1703/1917
f 1923/1162/1923 2514/1702/2514 1924/1706/1924
f 622/1708/622 369/627/369 397/1709/397
f 184/1715/184 185/6667/185 183/93/183
f 185/6667/185 1842/3049/1842 183/93/183
f 183/93/183 1742/1713/1742 184/1715/184
f 942/1716/942 4373/6668/4373 941/1717/941
f 2763/1722/2763 2052/3794/2052 1706/1723/1706
f 3941/6669/3941 3488/6670/3488 4537/1726/4537
f 3488/6670/3488 2556/6671/2556 4537/1726/4537
f 2556/6671/2556 2693/6672/2693 671/6673/671
f 672/6674/672 2407/6675/2407 2852/6676/2852
f 672/6674/672 2852/6676/2852 4670/1414/4670
f 672/6674/672 4670/1414/4670 4105/1416/4105
f 672/6674/672 4105/1416/4105 4603/6677/4603
f 4105/1416/4105 4497/6678/4497 1999/4394/1999
f 4603/6677/4603 4105/1416/4105 1999/4394/1999
f 4497/6678/4497 1998/4395/1998 1999/4394/1999
f 1999/4394/1999 3168/653/3168 256/6679/256
f 3168/653/3168 4208/652/4208 256/6679/256
f 256/6679/256 4208/652/4208 1213/6680/1213
f 4208/652/4208 41/5846/41 42/5845/42
f 42/5845/42 3165/5844/3165 728/6681/728
f 3165/5844/3165 800/5843/800 728/6681/728
f 728/6681/728 4784/6682/4784 1213/6680/1213
f 4208/652/4208 42/5845/42 1213/6680/1213
f 42/5845/42 728/6681/728 1213/6680/1213
f 1213/6680/1213 2725/6683/2725 256/6679/256
f 256/6679/256 4603/6677/4603 1999/4394/1999
f 4603/6677/4603 3696/1727/3696 672/6674/672
f 3696/1727/3696 3118/6684/3118 3313/6685/3313
f 3118/6684/3118 887/6686/887 3313/6685/3313
f 3696/1727/3696 3313/6685/3313 3339/6687/3339
f 887/6686/887 3712/6688/3712 2622/6689/2622
f 3748/6690/3748 789/2776/789 787/2778/787
f 887/6686/887 2622/6689/2622 4328/6691/4328
f 2622/6689/2622 3748/6690/3748 788/6692/788
f 2622/6689/2622 788/6692/788 4328/6691/4328
f 3748/6690/3748 787/2778/787 788/6692/788
f 672/6674/672 3696/1727/3696 671/6673/671
f 671/6673/671 3696/1727/3696 2556/6671/2556
f 2556/6671/2556 3696/1727/3696 4537/1726/4537
f 887/6686/887 4328/6691/4328 3313/6685/3313
f 3339/6687/3339 3304/1725/3304 3696/1727/3696
f 4727/6693/4727 4726/6694/4726 370/6695/370
f 370/6695/370 371/6696/371 3731/6697/3731
f 3731/6697/3731 2018/6698/2018 849/5492/849
f 2018/6698/2018 1659/6699/1659 849/5492/849
f 1659/6699/1659 1007/6700/1007 1009/5493/1009
f 1007/6700/1007 1008/5494/1008 1009/5493/1009
f 4727/6693/4727 370/6695/370 3731/6697/3731
f 1659/6699/1659 1009/5493/1009 849/5492/849
f 849/5492/849 2959/1129/2959 3214/6701/3214
f 2959/1129/2959 1082/2001/1082 3197/6702/3197
f 3197/6702/3197 1082/2001/1082 3096/6703/3096
f 992/6704/992 4727/6693/4727 1872/6705/1872
f 4727/6693/4727 3731/6697/3731 1872/6705/1872
f 1872/6705/1872 289/6706/289 992/6704/992
f 2459/1729/2459 2457/6707/2457 2458/1730/2458
f 1872/6705/1872 3731/6697/3731 4683/6708/4683
f 3731/6697/3731 849/5492/849 4683/6708/4683
f 1082/2001/1082 286/2000/286 3841/6709/3841
f 286/2000/286 4663/6710/4663 1800/6711/1800
f 1082/2001/1082 3841/6709/3841 3096/6703/3096
f 2458/1730/2458 1872/6705/1872 4683/6708/4683
f 4663/6710/4663 3906/2142/3906 1860/6712/1860
f 3906/2142/3906 3973/6713/3973 1860/6712/1860
f 3973/6713/3973 675/6714/675 1860/6712/1860
f 675/6714/675 3647/6715/3647 3648/6716/3648
f 3647/6715/3647 4793/6717/4793 3648/6716/3648
f 4793/6717/4793 1861/6718/1861 3648/6716/3648
f 675/6714/675 3648/6716/3648 1860/6712/1860
f 4663/6710/4663 1860/6712/1860 3523/6719/3523
f 286/2000/286 1800/6711/1800 3841/6709/3841
f 1860/6712/1860 1862/6720/1862 4440/6721/4440
f 1860/6712/1860 4440/6721/4440 4280/6722/4280
f 1860/6712/1860 4280/6722/4280 3523/6719/3523
f 4057/6723/4057 3297/6724/3297 1451/6725/1451
f 1800/6711/1800 4663/6710/4663 3523/6719/3523
f 4280/6722/4280 4057/6723/4057 2707/6726/2707
f 4057/6723/4057 1451/6725/1451 111/6727/111
f 111/6727/111 2405/6728/2405 3277/6729/3277
f 3277/6729/3277 2613/6730/2613 240/6731/240
f 240/6731/240 3281/6732/3281 4522/6733/4522
f 4522/6733/4522 2756/6734/2756 3499/6735/3499
f 2264/6736/2264 277/6737/277 4453/6738/4453
f 277/6737/277 4427/6739/4427 4453/6738/4453
f 240/6731/240 4522/6733/4522 3499/6735/3499
f 240/6731/240 3499/6735/3499 871/6740/871
f 3499/6735/3499 2264/6736/2264 3923/6741/3923
f 4057/6723/4057 111/6727/111 3277/6729/3277
f 3277/6729/3277 240/6731/240 2706/6742/2706
f 3499/6735/3499 3923/6741/3923 871/6740/871
f 2264/6736/2264 4453/6738/4453 1117/6743/1117
f 4453/6738/4453 2655/6744/2655 2724/6745/2724
f 2724/6745/2724 1928/6746/1928 1927/6747/1927
f 4453/6738/4453 2724/6745/2724 3859/6748/3859
f 4057/6723/4057 3277/6729/3277 2707/6726/2707
f 240/6731/240 871/6740/871 4731/6749/4731
f 4453/6738/4453 3859/6748/3859 1117/6743/1117
f 2724/6745/2724 1927/6747/1927 3859/6748/3859
f 3859/6748/3859 4614/6750/4614 1117/6743/1117
f 1117/6743/1117 4296/6751/4296 4637/6752/4637
f 4637/6752/4637 2736/6753/2736 3662/6754/3662
f 3662/6754/3662 3058/6755/3058 447/6756/447
f 3662/6754/3662 447/6756/447 1718/6757/1718
f 1117/6743/1117 4637/6752/4637 2264/6736/2264
f 4637/6752/4637 3662/6754/3662 1718/6757/1718
f 3923/6741/3923 1890/6758/1890 871/6740/871
f 4637/6752/4637 1718/6757/1718 2264/6736/2264
f 1718/6757/1718 3923/6741/3923 2264/6736/2264
f 871/6740/871 872/6759/872 4731/6749/4731
f 240/6731/240 4731/6749/4731 2706/6742/2706
f 4731/6749/4731 1507/6760/1507 2706/6742/2706
f 2707/6726/2707 4720/6761/4720 3523/6719/3523
f 3277/6729/3277 2706/6742/2706 2707/6726/2707
f 2707/6726/2707 3523/6719/3523 4280/6722/4280
f 3523/6719/3523 493/6762/493 1800/6711/1800
f 1800/6711/1800 3971/6763/3971 3841/6709/3841
f 3841/6709/3841 4508/6764/4508 3096/6703/3096
f 3096/6703/3096 1001/6765/1001 3197/6702/3197
f 3197/6702/3197 2009/6766/2009 3214/6701/3214
f 4683/6708/4683 1402/6767/1402 4140/6768/4140
f 4140/6768/4140 2528/6769/2528 4768/6770/4768
f 4768/6770/4768 3416/6771/3416 2705/6772/2705
f 2705/6772/2705 835/6773/835 873/6774/873
f 873/6774/873 1017/6775/1017 1018/6776/1018
f 1018/6776/1018 2660/6777/2660 4113/6778/4113
f 4113/6778/4113 2800/6779/2800 3446/6780/3446
f 3446/6780/3446 4037/6781/4037 4487/6782/4487
f 4487/6782/4487 1922/6783/1922 1921/6784/1921
f 1921/6784/1921 3061/6785/3061 3959/6786/3959
f 3959/6786/3959 3846/6787/3846 1441/6788/1441
f 1441/6788/1441 2091/6789/2091 4330/6790/4330
f 4330/6790/4330 66/6791/66 3438/6792/3438
f 2671/6793/2671 4724/6794/4724 3959/6786/3959
f 4724/6794/4724 3490/6795/3490 2504/6796/2504
f 4330/6790/4330 3438/6792/3438 2671/6793/2671
f 3959/6786/3959 1441/6788/1441 2671/6793/2671
f 1441/6788/1441 4330/6790/4330 2671/6793/2671
f 4487/6782/4487 1921/6784/1921 2504/6796/2504
f 1921/6784/1921 3959/6786/3959 4724/6794/4724
f 2504/6796/2504 1921/6784/1921 4724/6794/4724
f 4113/6778/4113 3446/6780/3446 4672/6797/4672
f 3446/6780/3446 4487/6782/4487 2504/6796/2504
f 2705/6772/2705 873/6774/873 953/6798/953
f 873/6774/873 1018/6776/1018 2332/6799/2332
f 953/6798/953 873/6774/873 2332/6799/2332
f 3446/6780/3446 2504/6796/2504 4672/6797/4672
f 4768/6770/4768 2705/6772/2705 953/6798/953
f 4140/6768/4140 4768/6770/4768 2102/6800/2102
f 1018/6776/1018 4113/6778/4113 2332/6799/2332
f 2504/6796/2504 1932/6801/1932 4672/6797/4672
f 4672/6797/4672 1459/6802/1459 3984/6803/3984
f 4113/6778/4113 4672/6797/4672 3984/6803/3984
f 4768/6770/4768 953/6798/953 2102/6800/2102
f 4113/6778/4113 3984/6803/3984 2332/6799/2332
f 3984/6803/3984 3602/6804/3602 2332/6799/2332
f 2332/6799/2332 2103/6805/2103 953/6798/953
f 2102/6800/2102 2104/6806/2104 4742/6807/4742
f 2102/6800/2102 4742/6807/4742 3843/6808/3843
f 4683/6708/4683 4140/6768/4140 2458/1730/2458
f 4140/6768/4140 2102/6800/2102 2025/6809/2025
f 3843/6808/3843 3549/6810/3549 4418/6811/4418
f 4140/6768/4140 2025/6809/2025 3726/6812/3726
f 2102/6800/2102 3843/6808/3843 2025/6809/2025
f 3214/6701/3214 4683/6708/4683 849/5492/849
f 2025/6809/2025 3843/6808/3843 4418/6811/4418
f 4418/6811/4418 303/6813/303 2025/6809/2025
f 3197/6702/3197 3214/6701/3214 2959/1129/2959
f 4140/6768/4140 3726/6812/3726 2458/1730/2458
f 2025/6809/2025 2026/6814/2026 3726/6812/3726
f 3726/6812/3726 2847/6815/2847 3831/1728/3831
f 3726/6812/3726 3831/1728/3831 2458/1730/2458
f 3831/1728/3831 4196/6816/4196 4197/6817/4197
f 3831/1728/3831 4197/6817/4197 2459/1729/2459
f 4534/1731/4534 4850/5771/4850 3221/1732/3221
f 2454/6818/2454 1023/3611/1023 2526/1126/2526
f 1023/3611/1023 1024/3610/1024 2526/1126/2526
f 1024/3610/1024 4870/6819/4870 4878/5497/4878
f 4764/1135/4764 4763/214/4763 510/4390/510
f 4763/214/4763 2441/999/2441 730/1288/730
f 1024/3610/1024 4878/5497/4878 4764/1135/4764
f 3475/718/3475 1769/1124/1769 1158/935/1158
f 1769/1124/1769 2526/1126/2526 1158/935/1158
f 1158/935/1158 3474/719/3474 3475/718/3475
f 4871/6820/4871 2521/933/2521 4872/447/4872
f 2521/933/2521 1158/935/1158 4872/447/4872
f 2526/1126/2526 1024/3610/1024 510/4390/510
f 1024/3610/1024 4764/1135/4764 510/4390/510
f 2441/999/2441 247/2730/247 730/1288/730
f 247/2730/247 248/987/248 1005/828/1005
f 730/1288/730 247/2730/247 1006/6821/1006
f 4763/214/4763 730/1288/730 510/4390/510
f 4872/447/4872 1158/935/1158 4875/2005/4875
f 1158/935/1158 2526/1126/2526 510/4390/510
f 4875/2005/4875 1158/935/1158 510/4390/510
f 4875/2005/4875 4650/6822/4650 4649/448/4649
f 4875/2005/4875 4649/448/4649 4872/447/4872
f 2189/1130/2189 2188/5356/2188 4324/826/4324
f 2188/5356/2188 4876/1003/4876 4324/826/4324
f 248/987/248 2189/1130/2189 1005/828/1005
f 247/2730/247 1005/828/1005 1006/6821/1006
f 1006/6821/1006 1843/1289/1843 730/1288/730
f 2189/1130/2189 4324/826/4324 1005/828/1005
f 510/4390/510 2933/228/2933 4875/2005/4875
f 2933/228/2933 2110/3402/2110 548/6823/548
f 2110/3402/2110 4261/6824/4261 548/6823/548
f 2933/228/2933 548/6823/548 2929/2253/2929
f 4261/6824/4261 1214/6825/1214 548/6823/548
f 2416/6826/2416 4875/2005/4875 2933/228/2933
f 2496/6827/2496 2495/6828/2495 2933/228/2933
f 2495/6828/2495 2574/1734/2574 2933/228/2933
f 2933/228/2933 2929/2253/2929 2496/6827/2496
f 2573/1735/2573 2416/6826/2416 2933/228/2933
f 3504/1737/3504 1225/6829/1225 3700/6830/3700
f 1225/6829/1225 506/6831/506 1226/6832/1226
f 1226/6832/1226 3895/6833/3895 3700/6830/3700
f 1225/6829/1225 1226/6832/1226 3700/6830/3700
f 3504/1737/3504 3700/6830/3700 3375/1738/3375
f 3399/1736/3399 4387/6834/4387 3504/1737/3504
f 3375/1738/3375 4732/6835/4732 3399/1736/3399
f 1754/1739/1754 1753/6836/1753 3264/1740/3264
f 3997/6837/3997 4532/1743/4532 1695/1742/1695
f 4532/1743/4532 4492/493/4492 320/495/320
f 2457/1746/2457 2459/6838/2459 4197/6649/4197
f 4197/6649/4197 288/1744/288 2457/1746/2457
f 288/1744/288 992/6839/992 289/1745/289
f 289/1745/289 1872/6840/1872 2457/1746/2457
f 1872/6840/1872 2458/6841/2458 2457/1746/2457
f 776/1747/776 2193/5541/2193 2194/1748/2194
f 1140/1749/1140 938/6842/938 2072/1750/2072
f 2072/1750/2072 2073/6843/2073 2214/1751/2214
f 2214/1751/2214 4470/6844/4470 917/743/917
f 917/743/917 1140/1749/1140 2214/1751/2214
f 2324/6845/2324 2323/6846/2323 4466/6847/4466
f 4466/6847/4466 4951/6848/4951 3240/2959/3240
f 3240/2959/3240 288/1744/288 2324/6845/2324
f 288/1744/288 4197/6649/4197 3646/6647/3646
f 3646/6647/3646 1231/6849/1231 2324/6845/2324
f 1231/6849/1231 1209/6850/1209 3598/6851/3598
f 288/1744/288 3646/6647/3646 2324/6845/2324
f 2324/6845/2324 4466/6847/4466 3240/2959/3240
f 3598/6851/3598 3514/6852/3514 2324/6845/2324
f 3598/6851/3598 2324/6845/2324 1231/6849/1231
f 1209/6850/1209 4530/6853/4530 2952/6854/2952
f 4530/6853/4530 4194/6855/4194 3508/6856/3508
f 4530/6853/4530 3508/6856/3508 2952/6854/2952
f 2952/6854/2952 3598/6851/3598 1209/6850/1209
f 3960/6857/3960 3961/6858/3961 3842/6859/3842
f 3842/6859/3842 2952/6854/2952 1283/6860/1283
f 2952/6854/2952 3508/6856/3508 2620/6861/2620
f 2620/6861/2620 4078/6862/4078 3347/1757/3347
f 2952/6854/2952 2620/6861/2620 1283/6860/1283
f 2516/6863/2516 3960/6857/3960 3842/6859/3842
f 4562/6864/4562 1644/6865/1644 1283/6860/1283
f 1283/6860/1283 2516/6863/2516 3842/6859/3842
f 2620/6861/2620 3347/1757/3347 4676/1756/4676
f 1283/6860/1283 2620/6861/2620 4562/6864/4562
f 3031/2151/3031 1885/2153/1885 4038/6866/4038
f 4562/6864/4562 2620/6861/2620 4676/1756/4676
f 3347/1757/3347 3031/2151/3031 4792/6867/4792
f 3031/2151/3031 4038/6866/4038 4792/6867/4792
f 4038/6866/4038 2972/6868/2972 4792/6867/4792
f 4792/6867/4792 3889/6869/3889 3347/1757/3347
f 3889/6869/3889 1853/6870/1853 4762/1755/4762
f 1853/6870/1853 1809/6871/1809 4762/1755/4762
f 1809/6871/1809 1808/6872/1808 4762/1755/4762
f 1808/6872/1808 4499/2173/4499 4762/1755/4762
f 4762/1755/4762 4304/6873/4304 4676/1756/4676
f 4676/1756/4676 2586/6874/2586 4562/6864/4562
f 3889/6869/3889 4762/1755/4762 3347/1757/3347
f 4173/1758/4173 2158/6875/2158 245/1759/245
f 4016/1761/4016 1337/6393/1337 1338/1762/1338
f 942/1716/942 4620/1718/4620 130/1767/130
f 4620/1718/4620 3397/6876/3397 4730/1766/4730
f 3397/6876/3397 4352/6877/4352 4730/1766/4730
f 546/5940/546 2378/5939/2378 2824/2181/2824
f 1806/6878/1806 1385/6879/1385 3564/203/3564
f 546/5940/546 2824/2181/2824 1806/6878/1806
f 4364/6880/4364 546/5940/546 1806/6878/1806
f 1806/6878/1806 3564/203/3564 924/205/924
f 924/205/924 922/204/922 923/2845/923
f 1834/2844/1834 4202/6881/4202 3553/6882/3553
f 924/205/924 923/2845/923 1627/6883/1627
f 923/2845/923 1834/2844/1834 1627/6883/1627
f 4364/6880/4364 1806/6878/1806 1407/1768/1407
f 1806/6878/1806 924/205/924 2280/6884/2280
f 1407/1768/1407 1806/6878/1806 2280/6884/2280
f 663/5942/663 2506/5941/2506 4745/6885/4745
f 2506/5941/2506 2897/6886/2897 4745/6885/4745
f 4744/4627/4744 663/5942/663 4745/6885/4745
f 2017/4623/2017 2016/4625/2016 4746/6887/4746
f 4746/6887/4746 4745/6885/4745 2897/6886/2897
f 4746/6887/4746 2897/6886/2897 4364/6880/4364
f 3055/2193/3055 2017/4623/2017 3289/2191/3289
f 2017/4623/2017 4746/6887/4746 536/1770/536
f 3289/2191/3289 2017/4623/2017 536/1770/536
f 4746/6887/4746 4364/6880/4364 536/1770/536
f 924/205/924 1627/6883/1627 2280/6884/2280
f 1834/2844/1834 3553/6882/3553 3207/6888/3207
f 3553/6882/3553 4325/6889/4325 3207/6888/3207
f 88/2043/88 89/2045/89 90/6890/90
f 89/2045/89 4946/2093/4946 90/6890/90
f 4325/6889/4325 88/2043/88 3433/2583/3433
f 3207/6888/3207 4325/6889/4325 3433/2583/3433
f 536/1770/536 4364/6880/4364 1407/1768/1407
f 296/1769/296 295/4618/295 536/1770/536
f 4946/2093/4946 266/1161/266 3925/1163/3925
f 90/6890/90 4946/2093/4946 3925/1163/3925
f 1627/6883/1627 1834/2844/1834 3199/6891/3199
f 2467/4592/2467 297/4589/297 296/1769/296
f 90/6890/90 3433/2583/3433 88/2043/88
f 3207/6888/3207 3224/6892/3224 3199/6891/3199
f 3199/6891/3199 3200/6893/3200 1627/6883/1627
f 1627/6883/1627 1071/6894/1071 2280/6884/2280
f 2280/6884/2280 197/4610/197 1407/1768/1407
f 1407/1768/1407 2467/4592/2467 296/1769/296
f 3207/6888/3207 3199/6891/3199 1834/2844/1834
f 706/6895/706 4204/1771/4204 4616/1773/4616
f 4204/1771/4204 3767/6896/3767 2090/6897/2090
f 2090/6897/2090 542/6898/542 4204/1771/4204
f 542/6898/542 1879/1772/1879 4204/1771/4204
f 754/1776/754 2801/3830/2801 2802/1774/2802
f 2801/3830/2801 832/1977/832 2802/1774/2802
f 1281/1777/1281 3471/6899/3471 3567/1778/3567
f 1879/1772/1879 542/6898/542 4220/1780/4220
f 4859/6900/4859 2480/6901/2480 4462/6902/4462
f 2480/6901/2480 3315/6903/3315 3190/6904/3190
f 2480/6901/2480 3190/6904/3190 4462/6902/4462
f 3315/6903/3315 1550/6905/1550 890/6906/890
f 3190/6904/3190 3315/6903/3315 890/6906/890
f 2128/6907/2128 4633/6908/4633 4859/6900/4859
f 2127/736/2127 1215/738/1215 2128/6907/2128
f 1679/288/1679 1680/737/1680 2397/6909/2397
f 1680/737/1680 2127/736/2127 3766/6910/3766
f 2397/6909/2397 1680/737/1680 3766/6910/3766
f 1650/6911/1650 1649/3501/1649 284/6912/284
f 1649/3501/1649 1679/288/1679 284/6912/284
f 4664/6913/4664 1632/6914/1632 284/6912/284
f 2127/736/2127 2128/6907/2128 4859/6900/4859
f 284/6912/284 1679/288/1679 4664/6913/4664
f 4664/6913/4664 1679/288/1679 597/6915/597
f 597/6915/597 598/6916/598 4664/6913/4664
f 597/6915/597 1679/288/1679 2969/6917/2969
f 2127/736/2127 4859/6900/4859 4462/6902/4462
f 2127/736/2127 4462/6902/4462 4295/6918/4295
f 577/1784/577 700/6919/700 3336/6920/3336
f 1550/6905/1550 577/1784/577 3907/6921/3907
f 4134/6922/4134 1679/288/1679 2397/6909/2397
f 2969/6917/2969 2124/6923/2124 597/6915/597
f 4134/6922/4134 3048/6924/3048 2969/6917/2969
f 2563/6925/2563 636/6926/636 4134/6922/4134
f 3766/6910/3766 4515/6927/4515 2397/6909/2397
f 2397/6909/2397 2563/6925/2563 4134/6922/4134
f 4134/6922/4134 2969/6917/2969 1679/288/1679
f 577/1784/577 3336/6920/3336 624/6928/624
f 3336/6920/3336 2588/6929/2588 2741/6930/2741
f 624/6928/624 3336/6920/3336 746/6931/746
f 2588/6929/2588 241/6932/241 1577/516/1577
f 1576/515/1576 1630/514/1630 1575/6933/1575
f 2588/6929/2588 1577/516/1577 1576/515/1576
f 2127/736/2127 4295/6918/4295 3766/6910/3766
f 4295/6918/4295 3976/6934/3976 3766/6910/3766
f 2588/6929/2588 1576/515/1576 4698/1146/4698
f 1576/515/1576 1575/6933/1575 4698/1146/4698
f 4698/1146/4698 1496/1145/1496 3303/6935/3303
f 1496/1145/1496 3809/6936/3809 3303/6935/3303
f 3303/6935/3303 2811/6937/2811 2741/6930/2741
f 2588/6929/2588 4698/1146/4698 3303/6935/3303
f 746/6931/746 3336/6920/3336 2741/6930/2741
f 4462/6902/4462 4769/6938/4769 4295/6918/4295
f 991/6939/991 990/6940/990 4462/6902/4462
f 3190/6904/3190 2171/6941/2171 991/6939/991
f 890/6906/890 4051/6942/4051 3190/6904/3190
f 3907/6921/3907 891/6943/891 890/6906/890
f 4248/1783/4248 3132/6944/3132 3907/6921/3907
f 2713/1782/2713 4091/6945/4091 4248/1783/4248
f 302/6946/302 1184/6947/1184 2713/1782/2713
f 624/6928/624 301/6948/301 302/6946/302
f 746/6931/746 625/6949/625 624/6928/624
f 2741/6930/2741 3656/6950/3656 746/6931/746
f 3303/6935/3303 2741/6930/2741 2588/6929/2588
f 3190/6904/3190 991/6939/991 4462/6902/4462
f 1550/6905/1550 3907/6921/3907 890/6906/890
f 624/6928/624 302/6946/302 577/1784/577
f 302/6946/302 2713/1782/2713 577/1784/577
f 3907/6921/3907 577/1784/577 4248/1783/4248
f 112/78/112 115/77/115 2996/87/2996
f 1226/1014/1226 506/6050/506 2696/1015/2696
f 506/6050/506 2779/1033/2779 2696/1015/2696
f 620/6951/620 2206/6952/2206 4473/6953/4473
f 4473/6953/4473 382/6954/382 960/6955/960
f 960/6955/960 2732/5507/2732 2976/6956/2976
f 2732/5507/2732 162/1785/162 2157/1787/2157
f 162/1785/162 2419/3558/2419 1312/3557/1312
f 2419/3558/2419 2994/3556/2994 1312/3557/1312
f 1312/3557/1312 1311/3530/1311 349/6957/349
f 1311/3530/1311 348/3555/348 349/6957/349
f 4473/6953/4473 960/6955/960 2154/6958/2154
f 2732/5507/2732 2157/1787/2157 2976/6956/2976
f 2154/6958/2154 960/6955/960 2976/6956/2976
f 3193/6959/3193 4312/6960/4312 3728/6961/3728
f 4312/6960/4312 620/6951/620 3728/6961/3728
f 620/6951/620 4473/6953/4473 2154/6958/2154
f 162/1785/162 1312/3557/1312 349/6957/349
f 349/6957/349 2270/2283/2270 2269/6962/2269
f 2269/6962/2269 2577/6963/2577 2316/1786/2316
f 349/6957/349 2269/6962/2269 162/1785/162
f 2154/6958/2154 2221/6964/2221 3728/6961/3728
f 2976/6956/2976 1823/6965/1823 2154/6958/2154
f 2157/1787/2157 3590/6966/3590 2976/6956/2976
f 2316/1786/2316 3039/6967/3039 2157/1787/2157
f 162/1785/162 2269/6962/2269 2316/1786/2316
f 2154/6958/2154 3728/6961/3728 620/6951/620
f 4843/437/4843 3265/6968/3265 4685/1788/4685
f 1898/1792/1898 3441/3817/3441 2954/4902/2954
f 3441/3817/3441 3192/3816/3192 3164/4903/3164
f 2954/4902/2954 3441/3817/3441 3164/4903/3164
f 3192/3816/3192 1100/3815/1100 509/3819/509
f 509/3819/509 3164/4903/3164 3192/3816/3192
f 2954/4902/2954 611/1790/611 1898/1792/1898
f 2172/1794/2172 4941/6969/4941 4940/5467/4940
f 4940/5467/4940 263/1795/263 2172/1794/2172
f 263/1795/263 4478/5469/4478 4371/1793/4371
f 4369/1798/4369 3463/6970/3463 3770/5232/3770
f 3770/5232/3770 3901/1796/3901 4369/1798/4369
f 3067/550/3067 2436/6971/2436 1786/1799/1786
f 4489/1802/4489 1654/6972/1654 1906/6973/1906
f 1906/6973/1906 123/6974/123 655/6975/655
f 655/6975/655 4447/6976/4447 1185/1800/1185
f 1185/1800/1185 1864/6977/1864 2237/1801/2237
f 2237/1801/2237 2758/6978/2758 4489/1802/4489
f 4489/1802/4489 1906/6973/1906 655/6975/655
f 655/6975/655 1185/1800/1185 4489/1802/4489
f 3576/163/3576 2307/209/2307 518/207/518
f 1058/6979/1058 1059/2658/1059 1784/1806/1784
f 1059/2658/1059 3043/2660/3043 1784/1806/1784
f 3043/2660/3043 3740/1804/3740 1784/1806/1784
f 1375/1810/1375 1374/5553/1374 875/1811/875
f 4003/1813/4003 515/6980/515 516/1814/516
f 4483/1820/4483 3875/6981/3875 3911/1821/3911
f 364/2662/364 365/6982/365 4844/1823/4844
f 365/6982/365 4846/578/4846 4844/1823/4844
f 3881/1824/3881 2142/6983/2142 3963/1825/3963
f 1755/6984/1755 4846/6985/4846 3227/1829/3227
f 4846/6985/4846 2790/1827/2790 3227/1829/3227
f 639/1830/639 2328/6986/2328 460/210/460
f 4661/1834/4661 1208/6987/1208 4778/1832/4778
f 1208/6987/1208 3690/6988/3690 4778/1832/4778
f 1886/1835/1886 3031/6989/3031 3347/6990/3347
f 4078/1836/4078 2620/6991/2620 3508/6992/3508
f 1886/1835/1886 3347/6990/3347 4078/1836/4078
f 4194/1837/4194 1497/6993/1497 1886/1835/1886
f 4078/1836/4078 3508/6992/3508 4194/1837/4194
f 82/65/82 1795/253/1795 86/66/86
f 1795/253/1795 957/5177/957 4284/1838/4284
f 4630/1839/4630 1265/6994/1265 525/1840/525
f 3445/1844/3445 1756/6995/1756 4819/1842/4819
f 1756/6995/1756 3227/6996/3227 4819/1842/4819
f 578/1331/578 579/1847/579 2967/1846/2967
f 579/1847/579 3761/5089/3761 3108/1845/3108
f 3761/5089/3761 4265/1365/4265 4564/5895/4564
f 4564/5895/4564 4523/2213/4523 3761/5089/3761
f 4523/2213/4523 3108/1845/3108 3761/5089/3761
f 2677/1848/2677 4284/1838/4284 43/1849/43
f 4897/1853/4897 1948/6997/1948 1853/1851/1853
f 1948/6997/1948 4717/6998/4717 1809/6999/1809
f 1853/1851/1853 1948/6997/1948 1809/6999/1809
f 4717/6998/4717 1808/7000/1808 1809/6999/1809
f 4792/7001/4792 2972/7002/2972 3889/1852/3889
f 2972/7002/2972 4897/1853/4897 3889/1852/3889
f 4684/1858/4684 3531/3803/3531 3532/1859/3532
f 237/7003/237 238/7004/238 4580/7005/4580
f 4580/7005/4580 1623/7006/1623 237/7003/237
f 1623/7006/1623 2227/7007/2227 4932/7008/4932
f 237/7003/237 1623/7006/1623 3148/7009/3148
f 4932/7008/4932 3148/7009/3148 1623/7006/1623
f 2809/7010/2809 586/567/586 237/7003/237
f 586/567/586 585/566/585 518/7011/518
f 237/7003/237 586/567/586 518/7011/518
f 3148/7009/3148 2809/7010/2809 237/7003/237
f 390/7012/390 518/7011/518 585/566/585
f 999/7013/999 4628/7014/4628 389/1862/389
f 389/1862/389 390/7012/390 1757/603/1757
f 996/7015/996 999/7013/999 205/7016/205
f 999/7013/999 389/1862/389 205/7016/205
f 390/7012/390 585/566/585 1758/4192/1758
f 1758/4192/1758 1757/603/1757 390/7012/390
f 1757/603/1757 1025/605/1025 389/1862/389
f 3367/7017/3367 996/7015/996 1836/7018/1836
f 205/7016/205 1836/7018/1836 996/7015/996
f 4308/1861/4308 3608/7019/3608 205/7016/205
f 4810/7020/4810 3295/7021/3295 1025/605/1025
f 3295/7021/3295 4308/1861/4308 1025/605/1025
f 1025/605/1025 468/604/468 4810/7020/4810
f 4308/1861/4308 205/7016/205 389/1862/389
f 692/7022/692 558/4136/558 3314/1865/3314
f 558/4136/558 4492/493/4492 3314/1865/3314
f 3996/7023/3996 2740/1864/2740 4491/1863/4491
f 2740/1864/2740 692/7022/692 3314/1865/3314
f 2842/2570/2842 134/2572/134 1045/1866/1045
f 134/2572/134 3513/5705/3513 1045/1866/1045
f 1045/1866/1045 4517/7024/4517 2732/1867/2732
f 1501/5708/1501 4175/2571/4175 2842/2570/2842
f 4473/7025/4473 2206/5710/2206 1501/5708/1501
f 2732/1867/2732 960/7026/960 382/1868/382
f 382/1868/382 4473/7025/4473 1501/5708/1501
f 1501/5708/1501 2842/2570/2842 382/1868/382
f 2842/2570/2842 1045/1866/1045 382/1868/382
f 1011/7027/1011 4579/7028/4579 2472/7029/2472
f 2472/7029/2472 4422/1330/4422 402/1329/402
f 402/1329/402 1128/5815/1128 1106/7030/1106
f 1128/5815/1128 4544/7031/4544 1106/7030/1106
f 1106/7030/1106 3117/7032/3117 3116/7033/3116
f 3117/7032/3117 3115/7034/3115 3116/7033/3116
f 1011/7027/1011 2472/7029/2472 402/1329/402
f 3285/6419/3285 3701/1567/3701 343/1592/343
f 3701/1567/3701 3163/1569/3163 299/7035/299
f 343/1592/343 3701/1567/3701 299/7035/299
f 1152/7036/1152 2421/6420/2421 343/1592/343
f 299/7035/299 1151/2408/1151 1152/7036/1152
f 4217/7037/4217 3910/2409/3910 299/7035/299
f 4246/7038/4246 4245/7039/4245 4217/7037/4217
f 771/7040/771 770/7041/770 4246/7038/4246
f 225/7042/225 772/7043/772 771/7040/771
f 226/7044/226 227/7045/227 225/7042/225
f 367/7046/367 366/7047/366 226/7044/226
f 1707/7048/1707 368/7049/368 367/7046/367
f 2150/7050/2150 3348/7051/3348 1707/7048/1707
f 158/7052/158 3421/7053/3421 2150/7050/2150
f 2946/7054/2946 157/7055/157 158/7052/158
f 500/7056/500 2947/7057/2947 2946/7054/2946
f 1573/7058/1573 2395/7059/2395 500/7056/500
f 3832/7060/3832 1574/7061/1574 1573/7058/1573
f 1063/7062/1063 3655/7063/3655 3832/7060/3832
f 2886/7064/2886 1064/7065/1064 1063/7062/1063
f 3588/7066/3588 1975/7067/1975 2886/7064/2886
f 946/7068/946 1598/7069/1598 3588/7066/3588
f 936/7070/936 947/7071/947 946/7068/946
f 2759/7072/2759 1751/7073/1751 936/7070/936
f 3334/7074/3334 2760/7075/2760 2759/7072/2759
f 860/7076/860 1826/7077/1826 3334/7074/3334
f 1295/7078/1295 859/7079/859 860/7076/860
f 1196/7080/1196 2557/7081/2557 1295/7078/1295
f 15/7082/15 1195/7083/1195 1196/7080/1196
f 424/7084/424 14/7085/14 15/7082/15
f 10/7086/10 1324/7087/1324 424/7084/424
f 1075/7088/1075 9/7089/9 10/7086/10
f 1601/110/1601 1291/7090/1291 1075/7088/1075
f 3866/3162/3866 1684/3161/1684 2030/3168/2030
f 2030/3168/2030 1601/110/1601 271/7091/271
f 1601/110/1601 1075/7088/1075 4901/7092/4901
f 3723/7093/3723 1601/110/1601 4901/7092/4901
f 1075/7088/1075 10/7086/10 2242/5827/2242
f 10/7086/10 424/7084/424 2242/5827/2242
f 424/7084/424 15/7082/15 2242/5827/2242
f 1901/7094/1901 3866/3162/3866 271/7091/271
f 3866/3162/3866 2030/3168/2030 271/7091/271
f 1601/110/1601 3723/7093/3723 271/7091/271
f 15/7082/15 1196/7080/1196 2148/5828/2148
f 3545/7095/3545 1768/7096/1768 4901/7092/4901
f 1768/7096/1768 3723/7093/3723 4901/7092/4901
f 4901/7092/4901 1075/7088/1075 3709/7097/3709
f 1196/7080/1196 1295/7078/1295 2148/5828/2148
f 3709/7097/3709 1075/7088/1075 3036/7098/3036
f 1295/7078/1295 860/7076/860 3334/7074/3334
f 1295/7078/1295 3334/7074/3334 2759/7072/2759
f 3036/7098/3036 1075/7088/1075 502/7099/502
f 2934/7100/2934 4045/7101/4045 3709/7097/3709
f 3036/7098/3036 2934/7100/2934 3709/7097/3709
f 1075/7088/1075 2242/5827/2242 502/7099/502
f 1295/7078/1295 2759/7072/2759 936/7070/936
f 936/7070/936 946/7068/946 3588/7066/3588
f 3588/7066/3588 2886/7064/2886 1011/7027/1011
f 2886/7064/2886 1063/7062/1063 1011/7027/1011
f 3588/7066/3588 1011/7027/1011 402/1329/402
f 1063/7062/1063 3832/7060/3832 1011/7027/1011
f 2242/5827/2242 15/7082/15 2148/5828/2148
f 1295/7078/1295 936/7070/936 937/1698/937
f 936/7070/936 3588/7066/3588 402/1329/402
f 1573/7058/1573 500/7056/500 2946/7054/2946
f 3832/7060/3832 1573/7058/1573 1011/7027/1011
f 3493/7102/3493 3035/7103/3035 3036/7098/3036
f 502/7099/502 3379/7104/3379 3036/7098/3036
f 3379/7104/3379 3493/7102/3493 3036/7098/3036
f 2242/5827/2242 4342/5834/4342 502/7099/502
f 937/1698/937 234/6642/234 2148/5828/2148
f 110/1219/110 937/1698/937 936/7070/936
f 937/1698/937 2148/5828/2148 1295/7078/1295
f 4767/7105/4767 422/7106/422 2230/7107/2230
f 422/7106/422 3157/5635/3157 2230/7107/2230
f 3157/5635/3157 110/1219/110 1537/3000/1537
f 1573/7058/1573 2946/7054/2946 1011/7027/1011
f 2946/7054/2946 158/7052/158 1011/7027/1011
f 158/7052/158 2150/7050/2150 3163/1569/3163
f 1011/7027/1011 158/7052/158 3163/1569/3163
f 1707/7048/1707 367/7046/367 226/7044/226
f 2150/7050/2150 1707/7048/1707 226/7044/226
f 225/7042/225 771/7040/771 4246/7038/4246
f 2150/7050/2150 226/7044/226 3163/1569/3163
f 226/7044/226 225/7042/225 4246/7038/4246
f 3163/1569/3163 226/7044/226 4217/7037/4217
f 1537/3000/1537 110/1219/110 936/7070/936
f 3157/5635/3157 1537/3000/1537 2230/7107/2230
f 936/7070/936 402/1329/402 1106/7030/1106
f 4246/7038/4246 4217/7037/4217 226/7044/226
f 4217/7037/4217 299/7035/299 3163/1569/3163
f 299/7035/299 1152/7036/1152 343/1592/343
f 2082/7108/2082 3742/7109/3742 3548/7110/3548
f 3742/7109/3742 1867/7111/1867 1620/7112/1620
f 1867/7111/1867 2230/7107/2230 4059/7113/4059
f 1537/3000/1537 936/7070/936 652/2997/652
f 3742/7109/3742 1620/7112/1620 3548/7110/3548
f 4631/7114/4631 1331/7115/1331 3548/7110/3548
f 1331/7115/1331 2082/7108/2082 3548/7110/3548
f 1620/7112/1620 1619/7116/1619 3548/7110/3548
f 2230/7107/2230 1537/3000/1537 4059/7113/4059
f 936/7070/936 1106/7030/1106 652/2997/652
f 473/7117/473 475/7118/475 1620/7112/1620
f 4059/7113/4059 474/7119/474 473/7117/473
f 1790/7120/1790 1791/7121/1791 3498/7122/3498
f 1791/7121/1791 1792/7123/1792 3498/7122/3498
f 4059/7113/4059 473/7117/473 1867/7111/1867
f 473/7117/473 1620/7112/1620 1867/7111/1867
f 1870/2999/1870 3498/7122/3498 1792/7123/1792
f 1870/2999/1870 1792/7123/1792 4059/7113/4059
f 652/2997/652 1538/2996/1538 1537/3000/1537
f 1537/3000/1537 1870/2999/1870 4059/7113/4059
f 1106/7030/1106 3116/7033/3116 652/2997/652
f 3116/7033/3116 688/7124/688 1326/1869/1326
f 688/7124/688 4899/7125/4899 1512/7126/1512
f 688/7124/688 1512/7126/1512 1996/7127/1996
f 2063/1871/2063 4117/2998/4117 652/2997/652
f 688/7124/688 1996/7127/1996 1325/2946/1325
f 1326/1869/1326 688/7124/688 1325/2946/1325
f 1996/7127/1996 1997/7128/1997 1325/2946/1325
f 1326/1869/1326 2294/2947/2294 2180/1870/2180
f 2063/1871/2063 652/2997/652 1326/1869/1326
f 652/2997/652 3116/7033/3116 1326/1869/1326
f 2180/1870/2180 4215/1912/4215 2063/1871/2063
f 4765/1872/4765 4766/2731/4766 4763/1873/4763
f 338/1875/338 337/7129/337 2993/1876/2993
f 337/7129/337 3738/7130/3738 2993/1876/2993
f 2993/1876/2993 3040/7131/3040 4259/7132/4259
f 2991/7133/2991 4939/7134/4939 338/1875/338
f 117/7135/117 4596/7136/4596 2991/7133/2991
f 4259/7132/4259 2238/7137/2238 2993/1876/2993
f 2238/7137/2238 464/1877/464 2993/1876/2993
f 464/1877/464 117/7135/117 2991/7133/2991
f 2991/7133/2991 338/1875/338 464/1877/464
f 4/4/4 48/1919/48 4586/7138/4586
f 4586/7138/4586 3374/1878/3374 4/4/4
f 2587/1883/2587 2187/1947/2187 2188/1884/2188
f 639/1886/639 4809/7139/4809 3575/1887/3575
f 2071/4601/2071 4376/6370/4376 1354/1890/1354
f 4376/6370/4376 2152/7140/2152 1354/1890/1354
f 2151/1891/2151 146/7141/146 2112/4597/2112
f 146/7141/146 3673/4599/3673 2112/4597/2112
f 2152/7140/2152 2151/1891/2151 1354/1890/1354
f 2112/4597/2112 1355/1889/1355 2151/1891/2151
f 967/1892/967 1474/1984/1474 1844/1893/1844
f 3649/1897/3649 4612/2287/4612 4533/2290/4533
f 4533/2290/4533 2456/1895/2456 3649/1897/3649
f 3470/300/3470 4022/7142/4022 4021/1898/4021
f 3346/1900/3346 1131/7143/1131 3653/1901/3653
f 4364/1903/4364 2897/3614/2897 2506/1904/2506
f 3439/7144/3439 642/7145/642 4321/1908/4321
f 642/7145/642 4751/7146/4751 4321/1908/4321
f 4320/1906/4320 2207/7147/2207 4274/1907/4274
f 2207/7147/2207 4372/7148/4372 4274/1907/4274
f 4538/7149/4538 4539/7150/4539 4274/1907/4274
f 4539/7150/4539 4321/1908/4321 4274/1907/4274
f 4321/1908/4321 4751/7146/4751 4320/1906/4320
f 895/1911/895 894/138/894 4291/140/4291
f 4291/140/4291 4355/1909/4355 895/1911/895
f 3795/1914/3795 1244/7151/1244 1243/1915/1243
f 4587/2993/4587 285/2991/285 3560/7152/3560
f 1954/7153/1954 4117/2998/4117 2063/1871/2063
f 4587/2993/4587 3560/7152/3560 3827/1913/3827
f 3560/7152/3560 1954/7153/1954 3827/1913/3827
f 4108/7154/4108 3072/7155/3072 4107/7156/4107
f 3072/7155/3072 4587/2993/4587 4107/7156/4107
f 608/20/608 4723/7157/4723 4107/7156/4107
f 1954/7153/1954 2063/1871/2063 3827/1913/3827
f 608/20/608 4107/7156/4107 606/18/606
f 4107/7156/4107 4587/2993/4587 606/18/606
f 847/1918/847 4643/2975/4643 3827/1913/3827
f 4643/2975/4643 606/18/606 3827/1913/3827
f 4587/2993/4587 3827/1913/3827 606/18/606
f 3827/1913/3827 4215/1912/4215 847/1918/847
f 2911/1920/2911 1337/6393/1337 934/1921/934
f 4899/1923/4899 3758/7158/3758 4164/1924/4164
f 832/1926/832 831/7159/831 2406/1927/2406
f 4775/1929/4775 4772/7160/4772 4773/1930/4773
f 1078/1932/1078 2085/7161/2085 3420/1933/3420
f 3618/1935/3618 1716/5213/1716 2175/1936/2175
f 3325/1938/3325 3324/7162/3324 138/1939/138
f 566/1941/566 442/5155/442 1821/1302/1821
f 442/5155/442 3657/5816/3657 1822/5798/1822
f 1822/5798/1822 1821/1302/1821 442/5155/442
f 497/1942/497 2233/3799/2233 2065/1943/2065
f 4339/1945/4339 4759/7163/4759 4340/1946/4340
f 1203/7164/1203 4195/7165/4195 1249/1948/1249
f 4195/7165/4195 1336/7166/1336 738/6514/738
f 1249/1948/1249 4195/7165/4195 738/6514/738
f 738/6514/738 1162/46/1162 1249/1948/1249
f 1249/1948/1249 2247/45/2247 551/1949/551
f 2247/45/2247 2248/6532/2248 551/1949/551
f 2910/7167/2910 1203/7164/1203 3093/1950/3093
f 3093/1950/3093 1203/7164/1203 1249/1948/1249
f 769/7168/769 3943/7169/3943 3093/1950/3093
f 551/1949/551 769/7168/769 3093/1950/3093
f 3817/1953/3817 4933/7170/4933 907/1951/907
f 907/1951/907 905/7171/905 906/1952/906
f 3366/1954/3366 4701/7172/4701 4889/1955/4889
f 4543/1956/4543 511/4044/511 4279/1957/4279
f 1854/3522/1854 583/320/583 1391/3518/1391
f 1391/3518/1391 4575/3517/4575 4652/7173/4652
f 4652/7173/4652 3479/1978/3479 1391/3518/1391
f 3479/1978/3479 273/1959/273 1391/3518/1391
f 273/1959/273 3091/1980/3091 2909/1492/2909
f 2712/1494/2712 2711/1493/2711 708/7174/708
f 273/1959/273 2909/1492/2909 2712/1494/2712
f 1877/720/1877 1878/321/1878 1854/3522/1854
f 1391/3518/1391 273/1959/273 2541/1961/2541
f 273/1959/273 2712/1494/2712 802/3138/802
f 1391/3518/1391 2777/4030/2777 470/4029/470
f 1877/720/1877 1854/3522/1854 1391/3518/1391
f 930/3103/930 357/5430/357 470/4029/470
f 357/5430/357 4404/7175/4404 1391/3518/1391
f 470/4029/470 357/5430/357 1391/3518/1391
f 4404/7175/4404 1877/720/1877 1391/3518/1391
f 2712/1494/2712 708/7174/708 1678/3134/1678
f 708/7174/708 376/3133/376 1678/3134/1678
f 2777/4030/2777 1391/3518/1391 2541/1961/2541
f 929/3104/929 930/3103/930 470/4029/470
f 470/4029/470 1978/4028/1978 929/3104/929
f 2777/4030/2777 2778/429/2778 470/4029/470
f 2541/1961/2541 1453/430/1453 2777/4030/2777
f 2665/1960/2665 2131/3144/2131 2541/1961/2541
f 3426/3146/3426 1534/3145/1534 2665/1960/2665
f 841/3523/841 709/324/709 791/3147/791
f 841/3523/841 791/3147/791 3426/3146/3426
f 1051/3153/1051 3283/3148/3283 841/3523/841
f 713/3154/713 2097/3152/2097 1051/3153/1051
f 204/3157/204 1437/3155/1437 713/3154/713
f 1899/5898/1899 3678/3158/3678 204/3157/204
f 2119/5900/2119 1900/5899/1900 1899/5898/1899
f 480/5901/480 1219/1373/1219 2119/5900/2119
f 341/3124/341 481/3149/481 480/5901/480
f 4244/3141/4244 2858/3129/2858 480/5901/480
f 2858/3129/2858 341/3124/341 480/5901/480
f 4516/3139/4516 1211/3142/1211 4244/3141/4244
f 802/3138/802 2876/3137/2876 2377/3140/2377
f 4516/3139/4516 4244/3141/4244 713/3154/713
f 2377/3140/2377 4516/3139/4516 841/3523/841
f 4244/3141/4244 480/5901/480 2119/5900/2119
f 1899/5898/1899 4244/3141/4244 2119/5900/2119
f 4244/3141/4244 1899/5898/1899 204/3157/204
f 713/3154/713 4244/3141/4244 204/3157/204
f 1255/3136/1255 801/3135/801 802/3138/802
f 802/3138/802 2377/3140/2377 2665/1960/2665
f 4516/3139/4516 713/3154/713 1051/3153/1051
f 1051/3153/1051 841/3523/841 4516/3139/4516
f 2377/3140/2377 841/3523/841 3426/3146/3426
f 2377/3140/2377 3426/3146/3426 2665/1960/2665
f 1678/3134/1678 1254/3127/1254 1255/3136/1255
f 1255/3136/1255 802/3138/802 2712/1494/2712
f 802/3138/802 2665/1960/2665 273/1959/273
f 1255/3136/1255 2712/1494/2712 1678/3134/1678
f 376/3133/376 2087/3132/2087 1678/3134/1678
f 474/7176/474 4059/7177/4059 1791/7178/1791
f 4059/7177/4059 1792/7179/1792 1791/7178/1791
f 1791/7178/1791 1903/499/1903 474/7176/474
f 1903/499/1903 4894/501/4894 474/7176/474
f 475/7180/475 473/7181/473 474/7176/474
f 1619/7182/1619 1620/7183/1620 475/7180/475
f 4631/7184/4631 3548/7185/3548 1619/7182/1619
f 1332/1228/1332 1331/1227/1331 4631/7184/4631
f 3448/5648/3448 3958/5647/3958 2531/5652/2531
f 2531/5652/2531 1332/1228/1332 4631/7184/4631
f 1619/7182/1619 475/7180/475 2046/7186/2046
f 475/7180/475 474/7176/474 4894/501/4894
f 2531/5652/2531 4631/7184/4631 3448/5648/3448
f 4631/7184/4631 1619/7182/1619 3448/5648/3448
f 1069/1963/1069 2568/5637/2568 1068/1964/1068
f 2568/5637/2568 3448/5648/3448 1068/1964/1068
f 475/7180/475 4894/501/4894 1208/2814/1208
f 1208/2814/1208 4661/7187/4661 2046/7186/2046
f 2046/7186/2046 475/7180/475 1208/2814/1208
f 3448/5648/3448 1619/7182/1619 2046/7186/2046
f 1068/1964/1068 3448/5648/3448 2137/7188/2137
f 4425/5639/4425 4019/5638/4019 3125/1962/3125
f 4019/5638/4019 1069/1963/1069 3125/1962/3125
f 2046/7186/2046 2137/7188/2137 3448/5648/3448
f 2809/1967/2809 3148/457/3148 2808/456/2808
f 2808/456/2808 587/1965/587 2809/1967/2809
f 3971/7189/3971 1800/7190/1800 493/1968/493
f 493/1968/493 3523/7191/3523 4720/7192/4720
f 4720/7192/4720 2707/7193/2707 2706/7194/2706
f 1507/7195/1507 4731/7196/4731 872/7197/872
f 4720/7192/4720 2706/7194/2706 1507/7195/1507
f 493/1968/493 4720/7192/4720 3230/1969/3230
f 4720/7192/4720 1507/7195/1507 872/7197/872
f 872/7197/872 871/7198/871 1890/7199/1890
f 4720/7192/4720 872/7197/872 3230/1969/3230
f 4508/7200/4508 3841/7201/3841 2650/7202/2650
f 3841/7201/3841 3971/7189/3971 2650/7202/2650
f 3971/7189/3971 493/1968/493 2651/1970/2651
f 872/7197/872 1890/7199/1890 3230/1969/3230
f 3230/1969/3230 270/7203/270 2651/1970/2651
f 270/7203/270 2652/7204/2652 2651/1970/2651
f 2651/1970/2651 2650/7202/2650 3971/7189/3971
f 1611/7205/1611 697/7206/697 696/3977/696
f 696/3977/696 3287/3976/3287 1611/7205/1611
f 3287/3976/3287 1840/1971/1840 3170/642/3170
f 1611/7205/1611 3287/3976/3287 3170/642/3170
f 1840/1971/1840 1682/3955/1682 3188/7207/3188
f 1682/3955/1682 1683/3954/1683 3188/7207/3188
f 1612/7208/1612 1613/7209/1613 1611/7205/1611
f 1617/7210/1617 396/7211/396 1612/7208/1612
f 3170/642/3170 1618/4393/1618 1617/7210/1617
f 1874/7212/1874 1875/643/1875 1876/1972/1876
f 1875/643/1875 3170/642/3170 1876/1972/1876
f 2699/7213/2699 855/7214/855 1876/1972/1876
f 3170/642/3170 1617/7210/1617 1611/7205/1611
f 1617/7210/1617 1612/7208/1612 1611/7205/1611
f 1840/1971/1840 3188/7207/3188 3978/7215/3978
f 3978/7215/3978 4348/7216/4348 2319/7217/2319
f 3384/7218/3384 3385/3941/3385 347/3945/347
f 2319/7217/2319 3384/7218/3384 347/3945/347
f 347/3945/347 4076/3952/4076 2319/7217/2319
f 4076/3952/4076 2699/7213/2699 2319/7217/2319
f 2699/7213/2699 1876/1972/1876 3978/7215/3978
f 3978/7215/3978 2319/7217/2319 2699/7213/2699
f 1840/1971/1840 3978/7215/3978 1876/1972/1876
f 4918/1975/4918 833/7219/833 831/1976/831
f 3091/1980/3091 273/1959/273 3479/1978/3479
f 3479/1978/3479 4652/7173/4652 512/1979/512
f 233/1981/233 3987/6390/3987 113/1982/113
f 1474/1984/1474 3505/7220/3505 1472/1985/1472
f 2149/7221/2149 4109/519/4109 3328/1712/3328
f 4109/519/4109 2791/521/2791 3328/1712/3328
f 3328/1712/3328 2980/1681/2980 2149/7221/2149
f 1520/6633/1520 2375/141/2375 3206/2126/3206
f 2980/1681/2980 1520/6633/1520 2889/7222/2889
f 2149/7221/2149 2980/1681/2980 2889/7222/2889
f 1520/6633/1520 3206/2126/3206 1704/2917/1704
f 3206/2126/3206 792/1987/792 1704/2917/1704
f 792/1987/792 2349/408/2349 1013/6009/1013
f 2349/408/2349 1256/407/1256 1013/6009/1013
f 1013/6009/1013 1744/6000/1744 2057/1988/2057
f 1744/6000/1744 2056/6008/2056 2057/1988/2057
f 792/1987/792 1013/6009/1013 2057/1988/2057
f 2889/7222/2889 1520/6633/1520 1704/2917/1704
f 2486/2035/2486 2487/2036/2487 2889/7222/2889
f 1880/1989/1880 1881/2915/1881 1704/2917/1704
f 1880/1989/1880 1704/2917/1704 792/1987/792
f 1704/2917/1704 2486/2035/2486 2889/7222/2889
f 4161/1990/4161 4158/7223/4158 4159/1991/4159
f 4121/7224/4121 4120/7225/4120 2043/7226/2043
f 4120/7225/4120 3569/3978/3569 2043/7226/2043
f 3569/3978/3569 696/3977/696 2043/7226/2043
f 696/3977/696 697/7206/697 4887/7227/4887
f 840/1490/840 696/3977/696 2703/7228/2703
f 697/7206/697 1611/7205/1611 1613/7209/1613
f 1613/7209/1613 1612/7208/1612 396/7211/396
f 396/7211/396 1617/7210/1617 1618/4393/1618
f 3338/1994/3338 1272/4392/1272 3948/7229/3948
f 396/7211/396 1618/4393/1618 3338/1994/3338
f 697/7206/697 1613/7209/1613 2644/1993/2644
f 1613/7209/1613 396/7211/396 2644/1993/2644
f 840/1490/840 4547/1489/4547 2043/7226/2043
f 1253/7230/1253 4449/6156/4449 3578/7231/3578
f 840/1490/840 2043/7226/2043 696/3977/696
f 2703/7228/2703 696/3977/696 4887/7227/4887
f 396/7211/396 3338/1994/3338 2644/1993/2644
f 3338/1994/3338 3948/7229/3948 3689/7232/3689
f 3689/7232/3689 4589/7233/4589 63/7234/63
f 3689/7232/3689 63/7234/63 255/7235/255
f 3338/1994/3338 3689/7232/3689 2537/1992/2537
f 2442/7236/2442 3689/7232/3689 255/7235/255
f 3578/7231/3578 840/1490/840 2703/7228/2703
f 4123/7237/4123 3296/7238/3296 1253/7230/1253
f 1253/7230/1253 3578/7231/3578 2704/7239/2704
f 3689/7232/3689 2442/7236/2442 2537/1992/2537
f 2442/7236/2442 255/7235/255 1377/7240/1377
f 2384/7241/2384 3754/5821/3754 3753/7242/3753
f 255/7235/255 2384/7241/2384 1377/7240/1377
f 2602/7243/2602 4124/7244/4124 4123/7237/4123
f 4573/7245/4573 2601/7246/2601 2602/7243/2602
f 1846/7247/1846 4056/7248/4056 4573/7245/4573
f 4788/7249/4788 4789/7250/4789 2989/7251/2989
f 2989/7251/2989 1846/7247/1846 4573/7245/4573
f 2989/7251/2989 4573/7245/4573 2990/7252/2990
f 4573/7245/4573 2602/7243/2602 2990/7252/2990
f 2990/7252/2990 4788/7249/4788 2989/7251/2989
f 3880/7253/3880 3529/7254/3529 2990/7252/2990
f 2704/7239/2704 3957/7255/3957 3880/7253/3880
f 3057/7256/3057 1221/7257/1221 4888/7258/4888
f 1221/7257/1221 2703/7228/2703 4888/7258/4888
f 2704/7239/2704 3880/7253/3880 4123/7237/4123
f 3880/7253/3880 2990/7252/2990 4123/7237/4123
f 4123/7237/4123 2990/7252/2990 2602/7243/2602
f 4887/7227/4887 4888/7258/4888 2703/7228/2703
f 2384/7241/2384 3753/7242/3753 3755/5826/3755
f 731/5825/731 732/7259/732 2961/7260/2961
f 2384/7241/2384 3755/5826/3755 2961/7260/2961
f 3755/5826/3755 731/5825/731 2961/7260/2961
f 2704/7239/2704 4123/7237/4123 1253/7230/1253
f 2703/7228/2703 2704/7239/2704 3578/7231/3578
f 2961/7260/2961 3887/7261/3887 2370/3927/2370
f 2370/3927/2370 1400/3926/1400 2384/7241/2384
f 1400/3926/1400 3619/7262/3619 2384/7241/2384
f 2370/3927/2370 2384/7241/2384 2961/7260/2961
f 1188/7263/1188 1399/3925/1399 2983/7264/2983
f 1188/7263/1188 2983/7264/2983 2477/7265/2477
f 3619/7262/3619 1188/7263/1188 2476/7266/2476
f 1188/7263/1188 2477/7265/2477 2476/7266/2476
f 2476/7266/2476 2866/7267/2866 1377/7240/1377
f 2384/7241/2384 3619/7262/3619 1377/7240/1377
f 2644/1993/2644 3621/7268/3621 4887/7227/4887
f 3619/7262/3619 2476/7266/2476 1377/7240/1377
f 2442/7236/2442 3820/7269/3820 2537/1992/2537
f 3820/7269/3820 2536/7270/2536 2537/1992/2537
f 2644/1993/2644 4887/7227/4887 697/7206/697
f 4579/7028/4579 1011/7027/1011 300/1996/300
f 1011/7027/1011 3163/1569/3163 300/1996/300
f 3163/1569/3163 3323/1568/3323 4457/1995/4457
f 2956/2004/2956 576/7271/576 4875/2005/4875
f 4875/2005/4875 2416/6826/2416 784/2003/784
f 2416/6826/2416 2415/7272/2415 2792/7273/2792
f 784/2003/784 2416/6826/2416 2792/7273/2792
f 2262/2006/2262 3137/3788/3137 3386/2007/3386
f 3460/2009/3460 4340/4875/4340 4759/2010/4759
f 4050/2014/4050 4559/7274/4559 733/2012/733
f 4559/7274/4559 3884/5236/3884 733/2012/733
f 3794/7275/3794 1981/7276/1981 3627/7277/3627
f 3627/7277/3627 2744/7278/2744 2743/7279/2743
f 429/2015/429 809/7280/809 834/7281/834
f 3794/7275/3794 3627/7277/3627 2743/7279/2743
f 3794/7275/3794 2743/7279/2743 1720/7282/1720
f 2743/7279/2743 429/2015/429 1720/7282/1720
f 1065/7283/1065 1521/7284/1521 1720/7282/1720
f 834/7281/834 2464/7285/2464 4130/2016/4130
f 429/2015/429 834/7281/834 4130/2016/4130
f 4130/2016/4130 1967/7286/1967 2672/2017/2672
f 2672/2017/2672 3849/2707/3849 1720/7282/1720
f 3849/2707/3849 3695/7287/3695 1067/7288/1067
f 3695/7287/3695 165/7289/165 1067/7288/1067
f 1066/7290/1066 1065/7283/1065 1720/7282/1720
f 3849/2707/3849 1067/7288/1067 1066/7290/1066
f 1066/7290/1066 1720/7282/1720 3849/2707/3849
f 1720/7282/1720 429/2015/429 2672/2017/2672
f 2229/6385/2229 1470/2019/1470 1561/2018/1561
f 1470/2019/1470 2452/6391/2452 2451/2020/2451
f 4951/2023/4951 3937/7291/3937 4726/2021/4726
f 3937/7291/3937 2393/7292/2393 4726/2021/4726
f 2393/7292/2393 370/7293/370 4726/2021/4726
f 1363/3042/1363 2471/5752/2471 1306/3044/1306
f 2471/5752/2471 1673/5751/1673 1739/2334/1739
f 1306/3044/1306 2471/5752/2471 1739/2334/1739
f 1673/5751/1673 2099/2729/2099 1781/7294/1781
f 2099/2729/2099 1782/2335/1782 1781/7294/1781
f 1306/3044/1306 785/3043/785 1363/3042/1363
f 1696/536/1696 786/535/786 2437/2026/2437
f 3067/7295/3067 1696/536/1696 2436/2025/2436
f 1696/536/1696 2437/2026/2437 2436/2025/2436
f 2437/2026/2437 1306/3044/1306 4830/2024/4830
f 1673/5751/1673 1781/7294/1781 1739/2334/1739
f 1739/2334/1739 1783/7296/1783 1306/3044/1306
f 1783/7296/1783 4830/2024/4830 1306/3044/1306
f 1752/2027/1752 4943/7297/4943 128/2028/128
f 964/2031/964 818/7298/818 4374/7299/4374
f 4374/7299/4374 4324/826/4324 964/2031/964
f 4324/826/4324 4876/1003/4876 964/2031/964
f 764/7300/764 4595/2033/4595 692/2032/692
f 4595/2033/4595 3266/7301/3266 558/2034/558
f 2486/2035/2486 4484/7302/4484 4909/520/4909
f 3452/2037/3452 2427/7303/2427 2928/2038/2928
f 2701/31/2701 43/33/43 4820/30/4820
f 3115/2040/3115 2069/7304/2069 688/2041/688
f 88/2043/88 4325/6889/4325 3037/2044/3037
f 4707/7305/4707 4014/5809/4014 4706/7306/4706
f 4014/5809/4014 3911/1315/3911 3584/1670/3584
f 3280/6546/3280 4014/5809/4014 3584/1670/3584
f 3280/6546/3280 4706/7306/4706 4014/5809/4014
f 4706/7306/4706 1743/7307/1743 4011/7308/4011
f 4912/4060/4912 1133/472/1133 877/7309/877
f 1133/472/1133 174/2047/174 876/2046/876
f 877/7309/877 1133/472/1133 876/2046/876
f 4706/7306/4706 4011/7308/4011 4707/7305/4707
f 1743/7307/1743 4912/4060/4912 4012/7310/4012
f 4011/7308/4011 1743/7307/1743 4012/7310/4012
f 174/2047/174 516/1814/516 515/6980/515
f 515/6980/515 4003/1813/4003 2314/680/2314
f 4003/1813/4003 4004/7311/4004 2314/680/2314
f 4004/7311/4004 3291/7312/3291 2226/2146/2226
f 3291/7312/3291 1217/2147/1217 2226/2146/2226
f 2226/2146/2226 609/7313/609 4004/7311/4004
f 609/7313/609 3194/678/3194 2314/680/2314
f 174/2047/174 515/6980/515 627/313/627
f 2314/680/2314 4004/7311/4004 609/7313/609
f 2314/680/2314 1488/679/1488 2288/2202/2288
f 1488/679/1488 3006/7314/3006 4415/2200/4415
f 2288/2202/2288 1488/679/1488 4415/2200/4415
f 3006/7314/3006 3392/7315/3392 4415/2200/4415
f 2288/2202/2288 2289/2201/2289 627/313/627
f 2288/2202/2288 627/313/627 515/6980/515
f 627/313/627 628/315/628 3659/2048/3659
f 2288/2202/2288 515/6980/515 2314/680/2314
f 628/315/628 963/314/963 2483/1314/2483
f 2483/1314/2483 4110/5808/4110 628/315/628
f 4110/5808/4110 777/7316/777 628/315/628
f 3659/2048/3659 4917/7317/4917 876/2046/876
f 628/315/628 777/7316/777 3659/2048/3659
f 4012/7310/4012 4912/4060/4912 877/7309/877
f 627/313/627 3659/2048/3659 174/2047/174
f 4212/2049/4212 3357/7318/3357 4172/2050/4172
f 4114/7319/4114 3965/731/3965 592/7320/592
f 3965/731/3965 2443/4493/2443 592/7320/592
f 2443/4493/2443 3858/7321/3858 2710/6046/2710
f 3858/7321/3858 3894/6047/3894 2710/6046/2710
f 2710/6046/2710 3142/1436/3142 1314/1207/1314
f 3142/1436/3142 4414/1435/4414 1314/1207/1314
f 2530/1522/2530 2885/7322/2885 592/7320/592
f 1493/3583/1493 2530/1522/2530 592/7320/592
f 592/7320/592 2443/4493/2443 2710/6046/2710
f 4414/1435/4414 1313/1205/1313 1314/1207/1314
f 1314/1207/1314 1572/1206/1572 977/6524/977
f 1572/1206/1572 3565/6525/3565 977/6524/977
f 1493/3583/1493 592/7320/592 2710/6046/2710
f 2554/3582/2554 1060/3581/1060 2140/3584/2140
f 2140/3584/2140 1493/3583/1493 1314/1207/1314
f 1493/3583/1493 2710/6046/2710 1314/1207/1314
f 2951/3580/2951 1076/3551/1076 2554/3582/2554
f 2554/3582/2554 2140/3584/2140 2913/2598/2913
f 2140/3584/2140 1314/1207/1314 977/6524/977
f 977/6524/977 3903/6523/3903 2833/6521/2833
f 2140/3584/2140 977/6524/977 2913/2598/2913
f 1157/3579/1157 2950/3550/2950 2951/3580/2951
f 2951/3580/2951 2554/3582/2554 2913/2598/2913
f 2833/6521/2833 2729/6520/2729 2728/6519/2728
f 977/6524/977 2833/6521/2833 2913/2598/2913
f 715/3578/715 3393/3552/3393 1157/3579/1157
f 1157/3579/1157 2951/3580/2951 659/2054/659
f 2728/6519/2728 1897/6518/1897 4094/6517/4094
f 2951/3580/2951 2913/2598/2913 659/2054/659
f 2833/6521/2833 2728/6519/2728 4074/2599/4074
f 2913/2598/2913 2833/6521/2833 4074/2599/4074
f 1057/3575/1057 716/3553/716 715/3578/715
f 715/3578/715 1157/3579/1157 1602/2053/1602
f 4094/6517/4094 1636/6515/1636 4597/6516/4597
f 2728/6519/2728 4094/6517/4094 4074/2599/4074
f 3989/3576/3989 1057/3575/1057 1602/2053/1602
f 1057/3575/1057 715/3578/715 1602/2053/1602
f 1602/2053/1602 3876/7323/3876 3989/3576/3989
f 2875/7324/2875 2874/7325/2874 3974/2052/3974
f 2874/7325/2874 1602/2053/1602 3974/2052/3974
f 1392/488/1392 4485/4063/4485 3974/2052/3974
f 4094/6517/4094 4597/6516/4597 2268/690/2268
f 4597/6516/4597 738/6514/738 1336/7166/1336
f 1336/7166/1336 3007/4448/3007 4597/6516/4597
f 3007/4448/3007 2268/690/2268 4597/6516/4597
f 2268/690/2268 2267/692/2267 4074/2599/4074
f 2913/2598/2913 2912/7326/2912 659/2054/659
f 2268/690/2268 4074/2599/4074 4094/6517/4094
f 1602/2053/1602 1157/3579/1157 659/2054/659
f 1392/488/1392 3974/2052/3974 659/2054/659
f 4878/2055/4878 4877/7327/4877 221/2056/221
f 2282/2058/2282 3797/7328/3797 1971/7329/1971
f 3632/2059/3632 3636/7330/3636 821/7331/821
f 2282/2058/2282 1971/7329/1971 3632/2059/3632
f 4044/7332/4044 1989/7333/1989 1327/2060/1327
f 1989/7333/1989 2282/2058/2282 1327/2060/1327
f 1327/2060/1327 3909/7334/3909 4044/7332/4044
f 3632/2059/3632 821/7331/821 1327/2060/1327
f 3679/7335/3679 844/1308/844 3340/1668/3340
f 3340/1668/3340 3339/1669/3339 3313/7336/3313
f 3313/7336/3313 4328/904/4328 3340/1668/3340
f 4328/904/4328 2485/186/2485 2591/1688/2591
f 4328/904/4328 2591/1688/2591 3340/1668/3340
f 2485/186/2485 2373/185/2373 2591/1688/2591
f 3679/7335/3679 3340/1668/3340 2591/1688/2591
f 1767/2061/1767 2205/154/2205 3679/7335/3679
f 1419/2435/1419 1715/960/1715 2750/2433/2750
f 1715/960/1715 1767/2061/1767 2750/2433/2750
f 1767/2061/1767 3679/7335/3679 2591/1688/2591
f 2373/185/2373 853/894/853 2591/1688/2591
f 853/894/853 3595/893/3595 2060/1686/2060
f 3595/893/3595 1420/2434/1420 2060/1686/2060
f 2749/1687/2749 2750/2433/2750 1767/2061/1767
f 853/894/853 2060/1686/2060 2591/1688/2591
f 4278/2062/4278 1536/7337/1536 4518/2063/4518
f 3676/2065/3676 673/7338/673 4927/2066/4927
f 4089/7339/4089 2909/7340/2909 3091/7341/3091
f 512/7342/512 4652/7343/4652 4575/7344/4575
f 4089/7339/4089 3091/7341/3091 3786/7345/3786
f 3091/7341/3091 512/7342/512 3787/7346/3787
f 3786/7345/3786 3091/7341/3091 3787/7346/3787
f 376/7347/376 708/7348/708 2086/7349/2086
f 708/7348/708 2711/7350/2711 2086/7349/2086
f 2711/7350/2711 4089/7339/4089 1338/2068/1338
f 2086/7349/2086 2711/7350/2711 1338/2068/1338
f 941/7351/941 4373/7352/4373 2086/7349/2086
f 512/7342/512 4575/7344/4575 1639/7353/1639
f 1338/2068/1338 4089/7339/4089 3786/7345/3786
f 106/2070/106 941/7351/941 2086/7349/2086
f 2714/7354/2714 1405/7355/1405 3954/7356/3954
f 1405/7355/1405 106/2070/106 3954/7356/3954
f 4169/7357/4169 4883/7358/4883 3954/7356/3954
f 106/2070/106 2086/7349/2086 1338/2068/1338
f 512/7342/512 1639/7353/1639 4868/7359/4868
f 4868/7359/4868 4867/7360/4867 3722/7361/3722
f 3722/7361/3722 1750/7362/1750 4377/7363/4377
f 4377/7363/4377 4388/7364/4388 3787/7346/3787
f 4388/7364/4388 4619/7365/4619 3787/7346/3787
f 512/7342/512 4868/7359/4868 3722/7361/3722
f 3722/7361/3722 4377/7363/4377 512/7342/512
f 4377/7363/4377 3787/7346/3787 512/7342/512
f 3786/7345/3786 3788/7366/3788 4017/7367/4017
f 4169/7357/4169 3954/7356/3954 106/2070/106
f 3275/7368/3275 4584/7369/4584 4169/7357/4169
f 1338/2068/1338 1337/7370/1337 2911/2069/2911
f 2911/2069/2911 3275/7368/3275 4169/7357/4169
f 4169/7357/4169 106/2070/106 2911/2069/2911
f 3786/7345/3786 4017/7367/4017 1338/2068/1338
f 2797/2071/2797 483/7371/483 482/2072/482
f 4945/2078/4945 3386/6291/3386 1583/2079/1583
f 2875/2085/2875 3974/7372/3974 4485/2083/4485
f 4485/2083/4485 4305/2600/4305 4936/2084/4936
f 1846/3695/1846 1845/3687/1845 4056/7373/4056
f 1845/3687/1845 3670/7374/3670 4056/7373/4056
f 3671/2087/3671 1150/7375/1150 1149/2088/1149
f 2601/2086/2601 4573/7376/4573 4056/7373/4056
f 4124/7377/4124 2602/7378/2602 2601/2086/2601
f 3296/7379/3296 4123/7380/4123 4124/7377/4124
f 4449/7381/4449 1253/7382/1253 1343/7383/1343
f 1253/7382/1253 3296/7379/3296 1343/7383/1343
f 3098/7384/3098 4294/5486/4294 1835/7385/1835
f 4294/5486/4294 1343/7383/1343 1835/7385/1835
f 3296/7379/3296 4124/7377/4124 1149/2088/1149
f 4124/7377/4124 2601/2086/2601 1149/2088/1149
f 2601/2086/2601 4056/7373/4056 3671/2087/3671
f 4056/7373/4056 3670/7374/3670 3671/2087/3671
f 1343/7383/1343 3296/7379/3296 1149/2088/1149
f 1149/2088/1149 1095/7386/1095 1343/7383/1343
f 1095/7386/1095 1835/7385/1835 1343/7383/1343
f 1655/2089/1655 1656/3689/1656 2412/2090/2412
f 2500/2094/2500 3402/7387/3402 1668/7388/1668
f 1668/7388/1668 267/2092/267 2500/2094/2500
f 3129/7389/3129 2037/4820/2037 2038/4818/2038
f 2038/4818/2038 727/4817/727 105/4823/105
f 105/4823/105 3932/4822/3932 3941/7390/3941
f 3941/7390/3941 4537/7391/4537 2877/1441/2877
f 2878/1440/2878 4571/6048/4571 3129/7389/3129
f 4571/6048/4571 3449/1037/3449 3129/7389/3129
f 3941/7390/3941 2877/1441/2877 105/4823/105
f 2877/1441/2877 2878/1440/2878 2038/4818/2038
f 2038/4818/2038 105/4823/105 2877/1441/2877
f 2873/7392/2873 3326/7393/3326 331/927/331
f 3326/7393/3326 3129/7389/3129 331/927/331
f 3129/7389/3129 2038/4818/2038 2878/1440/2878
f 1721/1039/1721 332/5179/332 331/927/331
f 3449/1037/3449 1721/1039/1721 3129/7389/3129
f 331/927/331 3129/7389/3129 1721/1039/1721
f 3808/2096/3808 4898/7394/4898 2676/2097/2676
f 2676/2097/2676 2873/7392/2873 1930/7395/1930
f 3134/929/3134 4406/7396/4406 1930/7395/1930
f 2873/7392/2873 331/927/331 3134/929/3134
f 3134/929/3134 1930/7395/1930 2873/7392/2873
f 1930/7395/1930 3213/1421/3213 2676/2097/2676
f 3213/1421/3213 931/6033/931 562/2095/562
f 562/2095/562 932/7397/932 3808/2096/3808
f 3213/1421/3213 562/2095/562 2676/2097/2676
f 1218/2100/1218 2380/1432/2380 4829/7398/4829
f 2380/1432/2380 3450/7399/3450 4829/7398/4829
f 3450/7399/3450 3359/7400/3359 3187/7401/3187
f 3187/7401/3187 3028/7402/3028 3066/7403/3066
f 3066/7403/3066 4254/7404/4254 4253/7405/4253
f 4253/7405/4253 2738/7406/2738 2580/7407/2580
f 2580/7407/2580 3776/7408/3776 4617/7409/4617
f 4617/7409/4617 2190/7410/2190 4714/7411/4714
f 4714/7411/4714 3615/7412/3615 2342/7413/2342
f 2342/7413/2342 2670/7414/2670 4738/7415/4738
f 4738/7415/4738 4481/7416/4481 560/7417/560
f 4481/7416/4481 561/7418/561 560/7417/560
f 560/7417/560 4036/7419/4036 1699/7420/1699
f 4036/7419/4036 4338/7421/4338 1699/7420/1699
f 4714/7411/4714 2342/7413/2342 4738/7415/4738
f 2580/7407/2580 4617/7409/4617 560/7417/560
f 4617/7409/4617 4714/7411/4714 560/7417/560
f 3066/7403/3066 4253/7405/4253 3006/7422/3006
f 4253/7405/4253 2580/7407/2580 3006/7422/3006
f 3006/7422/3006 2580/7407/2580 560/7417/560
f 3450/7399/3450 3187/7401/3187 4771/7423/4771
f 3187/7401/3187 3066/7403/3066 4771/7423/4771
f 4247/7424/4247 1851/7425/1851 1218/2100/1218
f 3006/7422/3006 560/7417/560 1699/7420/1699
f 4714/7411/4714 4738/7415/4738 560/7417/560
f 1699/7420/1699 3392/7426/3392 3006/7422/3006
f 3006/7422/3006 1488/7427/1488 4771/7423/4771
f 4771/7423/4771 3194/7428/3194 3450/7399/3450
f 3194/7428/3194 609/7429/609 4829/7398/4829
f 3194/7428/3194 4829/7398/4829 3450/7399/3450
f 3006/7422/3006 4771/7423/4771 3066/7403/3066
f 1852/2099/1852 4247/7424/4247 1218/2100/1218
f 1217/2098/1217 3291/7430/3291 1852/2099/1852
f 4829/7398/4829 1217/2098/1217 1218/2100/1218
f 1974/2101/1974 2772/3833/2772 4343/2102/4343
f 193/5602/193 131/1212/131 191/2105/191
f 131/1212/131 122/1211/122 4812/2104/4812
f 122/1211/122 4919/7431/4919 4812/2104/4812
f 846/1002/846 607/7432/607 4643/2109/4643
f 895/1911/895 3030/7433/3030 4666/2111/4666
f 2327/2113/2327 2328/7434/2328 639/2114/639
f 3070/7435/3070 2702/2118/2702 114/2117/114
f 2702/2118/2702 980/343/980 979/342/979
f 2962/2116/2962 2702/2118/2702 979/342/979
f 2366/4415/2366 2813/4414/2813 2424/4416/2424
f 2424/4416/2424 2423/4413/2423 2435/4417/2435
f 2435/4417/2435 386/4404/386 3636/7436/3636
f 386/4404/386 821/1405/821 3636/7436/3636
f 3636/7436/3636 3632/7437/3632 1971/7438/1971
f 2424/4416/2424 2435/4417/2435 3636/7436/3636
f 2424/4416/2424 3636/7436/3636 1971/7438/1971
f 282/3956/282 674/3962/674 2366/4415/2366
f 2366/4415/2366 2424/4416/2424 283/3957/283
f 2424/4416/2424 1971/7438/1971 3887/7261/3887
f 732/7259/732 2424/4416/2424 3887/7261/3887
f 3797/7439/3797 2282/7440/2282 1989/7441/1989
f 2424/4416/2424 732/7259/732 283/3957/283
f 1971/7438/1971 3797/7439/3797 902/3929/902
f 283/3957/283 282/3956/282 2366/4415/2366
f 519/3936/519 281/3935/281 283/3957/283
f 596/3938/596 2362/3937/2362 519/3936/519
f 29/3940/29 595/3939/595 596/3938/596
f 4350/3944/4350 3034/3942/3034 104/703/104
f 3034/3942/3034 29/3940/29 104/703/104
f 1736/7442/1736 986/704/986 1737/7443/1737
f 986/704/986 104/703/104 1737/7443/1737
f 29/3940/29 596/3938/596 3050/5823/3050
f 596/3938/596 519/3936/519 732/7259/732
f 933/5824/933 596/3938/596 732/7259/732
f 519/3936/519 283/3957/283 732/7259/732
f 104/703/104 29/3940/29 3050/5823/3050
f 596/3938/596 933/5824/933 3050/5823/3050
f 3050/5823/3050 3772/5822/3772 1737/7443/1737
f 933/5824/933 3051/1339/3051 3050/5823/3050
f 732/7259/732 731/5825/731 933/5824/933
f 3887/7261/3887 2961/7260/2961 732/7259/732
f 901/3928/901 2370/3927/2370 902/3929/902
f 2370/3927/2370 3887/7261/3887 902/3929/902
f 3929/1381/3929 3666/1380/3666 902/3929/902
f 902/3929/902 3887/7261/3887 1971/7438/1971
f 3050/5823/3050 1737/7443/1737 104/703/104
f 1989/7441/1989 4044/4419/4044 466/4418/466
f 3797/7439/3797 1989/7441/1989 742/2123/742
f 1989/7441/1989 466/4418/466 2891/3483/2891
f 466/4418/466 1790/3843/1790 2891/3483/2891
f 902/3929/902 3797/7439/3797 3929/1381/3929
f 3929/1381/3929 3797/7439/3797 742/2123/742
f 1790/3843/1790 3498/3482/3498 2891/3483/2891
f 2891/3483/2891 3233/3481/3233 3234/7444/3234
f 186/3910/186 187/412/187 2199/3934/2199
f 2199/3934/2199 3929/1381/3929 3456/2125/3456
f 1989/7441/1989 2891/3483/2891 3234/7444/3234
f 3234/7444/3234 4536/3486/4536 2968/7445/2968
f 4536/3486/4536 2527/3485/2527 2968/7445/2968
f 2968/7445/2968 4817/7446/4817 1824/7447/1824
f 3929/1381/3929 742/2123/742 3456/2125/3456
f 1989/7441/1989 3234/7444/3234 1824/7447/1824
f 742/2123/742 1989/7441/1989 1824/7447/1824
f 2764/7448/2764 4210/3912/4210 186/3910/186
f 186/3910/186 2199/3934/2199 3456/2125/3456
f 186/3910/186 3456/2125/3456 2764/7448/2764
f 3234/7444/3234 2968/7445/2968 1824/7447/1824
f 1824/7447/1824 2719/7449/2719 742/2123/742
f 742/2123/742 2343/7450/2343 1172/2124/1172
f 1172/2124/1172 1101/7451/1101 1239/7452/1239
f 1239/7452/1239 491/7453/491 817/7454/817
f 817/7454/817 816/7455/816 4632/1599/4632
f 1529/6473/1529 3818/6472/3818 3749/7456/3749
f 817/7454/817 4632/1599/4632 1529/6473/1529
f 1529/6473/1529 3749/7456/3749 3302/7457/3302
f 3302/7457/3302 3918/7458/3918 4461/7459/4461
f 4568/7460/4568 2361/7461/2361 4561/7462/4561
f 2361/7461/2361 3046/7463/3046 4561/7462/4561
f 3302/7457/3302 4461/7459/4461 1529/6473/1529
f 4461/7459/4461 4568/7460/4568 817/7454/817
f 817/7454/817 1529/6473/1529 4461/7459/4461
f 1239/7452/1239 817/7454/817 4568/7460/4568
f 1172/2124/1172 1239/7452/1239 3456/2125/3456
f 1239/7452/1239 4568/7460/4568 4561/7462/4561
f 3456/2125/3456 1239/7452/1239 4561/7462/4561
f 3456/2125/3456 2922/7464/2922 2764/7448/2764
f 2349/408/2349 792/1987/792 2864/2128/2864
f 792/1987/792 3206/2126/3206 2864/2128/2864
f 3206/2126/3206 3205/143/3205 4607/2127/4607
f 2185/2129/2185 199/7465/199 124/2130/124
f 3247/2132/3247 3248/7466/3248 3029/2133/3029
f 1521/2134/1521 1981/7467/1981 3794/2135/3794
f 3154/2137/3154 3810/7468/3810 3510/2138/3510
f 3972/2144/3972 3973/6713/3973 3906/2142/3906
f 3906/2142/3906 4663/6710/4663 3517/2143/3517
f 4829/2145/4829 609/7313/609 2226/2146/2226
f 1666/2149/1666 4814/7469/4814 3687/5655/3687
f 4814/7469/4814 2774/5656/2774 3687/5655/3687
f 3687/5655/3687 2263/7470/2263 1666/2149/1666
f 1182/2150/1182 2756/7471/2756 4521/7472/4521
f 2756/7471/2756 4522/7473/4522 4521/7472/4521
f 2263/7470/2263 1182/2150/1182 1666/2149/1666
f 4521/7472/4521 1667/2148/1667 1182/2150/1182
f 3031/2151/3031 1886/7474/1886 1884/2152/1884
f 4280/2155/4280 4440/7475/4440 3297/2156/3297
f 3918/2160/3918 3302/7476/3302 3749/2158/3749
f 3749/2158/3749 1528/1514/1528 1113/2159/1113
f 3951/2161/3951 1029/7477/1029 805/2162/805
f 1029/7477/1029 3660/2940/3660 2849/996/2849
f 2849/996/2849 3660/2940/3660 2848/2944/2848
f 3660/2940/3660 4941/2942/4941 2848/2944/2848
f 2849/996/2849 805/2162/805 1029/7477/1029
f 805/2162/805 1209/995/1209 1231/2163/1231
f 1231/2163/1231 3646/7478/3646 3951/2161/3951
f 3646/7478/3646 2678/7479/2678 3951/2161/3951
f 3406/2164/3406 4416/7480/4416 4417/2165/4417
f 4269/2167/4269 4625/1376/4625 4702/2168/4702
f 4786/2170/4786 2132/7481/2132 964/2171/964
f 4499/2173/4499 1808/6872/1808 4717/2174/4717
f 4776/1584/4776 4553/7482/4553 2438/2176/2438
f 1074/2178/1074 2079/4048/2079 2300/2179/2300
f 2525/4999/2525 2453/5003/2453 2454/7483/2454
f 1385/6879/1385 1806/6878/1806 2823/2183/2823
f 1806/6878/1806 2824/2181/2824 2823/2183/2823
f 318/2185/318 2548/6495/2548 2559/2186/2559
f 2548/6495/2548 2547/7484/2547 2559/2186/2559
f 2559/2186/2559 2208/7485/2208 319/2184/319
f 2208/7485/2208 120/7486/120 319/2184/319
f 120/7486/120 3715/7487/3715 319/2184/319
f 774/7488/774 1168/7489/1168 478/7490/478
f 1168/7489/1168 3536/7491/3536 478/7490/478
f 3536/7491/3536 3537/7492/3537 478/7490/478
f 2798/7493/2798 1426/7494/1426 3779/7495/3779
f 2798/7493/2798 3779/7495/3779 3512/2187/3512
f 774/7488/774 478/7490/478 2798/7493/2798
f 2691/2189/2691 2834/7496/2834 774/7488/774
f 3016/7497/3016 172/7498/172 2691/2189/2691
f 4654/2188/4654 4319/7499/4319 3016/7497/3016
f 3512/2187/3512 613/7500/613 4654/2188/4654
f 774/7488/774 2798/7493/2798 3512/2187/3512
f 3016/7497/3016 2691/2189/2691 4654/2188/4654
f 2691/2189/2691 774/7488/774 3512/2187/3512
f 3571/2190/3571 4884/7501/4884 4530/3028/4530
f 4530/3028/4530 3570/68/3570 3571/2190/3571
f 287/3186/287 3140/3191/3140 3269/7502/3269
f 3140/3191/3140 3270/7503/3270 3269/7502/3269
f 2945/2195/2945 2863/3192/2863 3268/2196/3268
f 2863/3192/2863 287/3186/287 3269/7502/3269
f 3268/2196/3268 2863/3192/2863 3269/7502/3269
f 2174/7504/2174 1269/2194/1269 3268/2196/3268
f 4903/2197/4903 2735/7505/2735 3272/2198/3272
f 4415/2200/4415 4916/7506/4916 2289/2201/2289
f 1774/2205/1774 2566/2986/2566 4430/2988/4430
f 4430/2988/4430 1137/2203/1137 1774/2205/1774
f 1111/2206/1111 1113/2159/1113 373/1513/373
f 1113/2159/1113 1528/1514/1528 373/1513/373
f 4276/7507/4276 4191/7508/4191 4229/7509/4229
f 4191/7508/4191 1629/7510/1629 4229/7509/4229
f 1629/7510/1629 4381/7511/4381 3768/7512/3768
f 3768/7512/3768 1735/7513/1735 3408/7514/3408
f 3408/7514/3408 1078/7515/1078 4185/7516/4185
f 4185/7516/4185 3420/7517/3420 4908/7518/4908
f 3420/7517/3420 3825/7519/3825 4908/7518/4908
f 3825/7519/3825 3229/7520/3229 4908/7518/4908
f 4908/7518/4908 1605/7521/1605 1606/7522/1606
f 1606/7522/1606 1655/7523/1655 4908/7518/4908
f 1655/7523/1655 2413/7524/2413 4908/7518/4908
f 2413/7524/2413 2412/7525/2412 2299/7526/2299
f 3425/7527/3425 4210/7528/4210 2764/7529/2764
f 2413/7524/2413 2299/7526/2299 3425/7527/3425
f 1629/7510/1629 3768/7512/3768 3408/7514/3408
f 4185/7516/4185 4908/7518/4908 2413/7524/2413
f 1629/7510/1629 3408/7514/3408 3994/2852/3994
f 4229/7509/4229 1629/7510/1629 1201/7530/1201
f 3408/7514/3408 4185/7516/4185 3994/2852/3994
f 4185/7516/4185 2413/7524/2413 3425/7527/3425
f 3425/7527/3425 2764/7529/2764 4185/7516/4185
f 2764/7529/2764 2922/5797/2922 3994/2852/3994
f 1629/7510/1629 3994/2852/3994 1201/7530/1201
f 1201/7530/1201 3333/7531/3333 4229/7509/4229
f 3994/2852/3994 4185/7516/4185 2764/7529/2764
f 2922/5797/2922 3046/1298/3046 1434/2853/1434
f 3994/2852/3994 2922/5797/2922 1434/2853/1434
f 3046/1298/3046 2361/48/2361 3317/50/3317
f 3317/50/3317 4461/49/4461 3918/2160/3918
f 3918/2160/3918 1113/2159/1113 1111/2206/1111
f 1111/2206/1111 4135/1603/4135 3317/50/3317
f 4135/1603/4135 4247/1602/4247 1852/7532/1852
f 1852/7532/1852 3291/2207/3291 4135/1603/4135
f 3291/2207/3291 1434/2853/1434 3317/50/3317
f 3317/50/3317 3918/2160/3918 1111/2206/1111
f 3046/1298/3046 3317/50/3317 1434/2853/1434
f 1798/7533/1798 1230/7534/1230 1201/7530/1201
f 3604/7535/3604 2372/7536/2372 1798/7533/1798
f 2767/7537/2767 3603/7538/3603 3604/7535/3604
f 3994/2852/3994 528/7539/528 3604/7535/3604
f 528/7539/528 527/7540/527 3604/7535/3604
f 527/7540/527 2767/7537/2767 3604/7535/3604
f 3604/7535/3604 1798/7533/1798 3994/2852/3994
f 1798/7533/1798 1201/7530/1201 3994/2852/3994
f 4158/2208/4158 4218/7541/4218 4424/2209/4424
f 2533/2212/2533 2574/7542/2574 2495/890/2495
f 2495/890/2495 2497/892/2497 2498/2211/2498
f 4523/2213/4523 4688/7543/4688 2966/2214/2966
f 1309/7544/1309 1275/7545/1275 4584/6392/4584
f 4584/6392/4584 1511/6389/1511 1309/7544/1309
f 1511/6389/1511 213/6388/213 1309/7544/1309
f 213/6388/213 1522/6386/1522 2184/7546/2184
f 1522/6386/1522 411/6387/411 2184/7546/2184
f 2184/7546/2184 945/7547/945 2695/2217/2695
f 1039/7548/1039 3559/7549/3559 4610/2215/4610
f 3559/7549/3559 1310/2216/1310 4610/2215/4610
f 1310/2216/1310 1309/7544/1309 213/6388/213
f 213/6388/213 2184/7546/2184 2695/2217/2695
f 2695/2217/2695 2694/7550/2694 4610/2215/4610
f 4610/2215/4610 3216/7551/3216 1039/7548/1039
f 1310/2216/1310 213/6388/213 2695/2217/2695
f 1234/2220/1234 1087/7552/1087 1357/2218/1357
f 1087/7552/1087 1212/7553/1212 1357/2218/1357
f 1357/2218/1357 3999/7554/3999 4000/2219/4000
f 3013/6455/3013 3965/7555/3965 4114/7556/4114
f 4114/7556/4114 592/7557/592 2885/7558/2885
f 2885/7558/2885 4950/7559/4950 4114/7556/4114
f 4950/7559/4950 4093/7560/4093 4471/7561/4471
f 4950/7559/4950 4471/7561/4471 4114/7556/4114
f 2327/6452/2327 3013/6455/3013 468/7562/468
f 3013/6455/3013 4114/7556/4114 71/7563/71
f 468/7562/468 3013/6455/3013 4810/7564/4810
f 4114/7556/4114 4471/7561/4471 71/7563/71
f 2328/7565/2328 2327/6452/2327 468/7562/468
f 1882/2223/1882 460/7566/460 3759/2221/3759
f 460/7566/460 2328/7565/2328 468/7562/468
f 2095/455/2095 2371/7567/2371 2808/456/2808
f 2371/7567/2371 4228/7568/4228 587/1965/587
f 460/7566/460 468/7562/468 3759/2221/3759
f 2371/7567/2371 587/1965/587 2808/456/2808
f 4228/7568/4228 1882/2223/1882 2431/2222/2431
f 2431/2222/2431 587/1965/587 4228/7568/4228
f 71/7563/71 4810/7564/4810 3013/6455/3013
f 4719/2224/4719 830/7569/830 2399/2225/2399
f 1198/5930/1198 2730/4199/2730 3822/7570/3822
f 2730/4199/2730 645/586/645 646/7571/646
f 3822/7570/3822 2730/4199/2730 646/7571/646
f 3822/7570/3822 3821/7572/3821 4640/7573/4640
f 4640/7573/4640 1552/7574/1552 4773/7575/4773
f 1552/7574/1552 4648/7576/4648 4773/7575/4773
f 1992/7577/1992 3688/7578/3688 385/7579/385
f 3688/7578/3688 383/7580/383 385/7579/385
f 385/7579/385 384/7581/384 4752/7582/4752
f 4753/7583/4753 1390/1510/1390 324/5945/324
f 1390/1510/1390 4770/1512/4770 2138/7584/2138
f 324/5945/324 1390/1510/1390 2138/7584/2138
f 1992/7577/1992 385/7579/385 4752/7582/4752
f 4770/1512/4770 401/7585/401 2138/7584/2138
f 1992/7577/1992 4752/7582/4752 4753/7583/4753
f 4648/7576/4648 1992/7577/1992 4753/7583/4753
f 4773/7575/4773 4772/435/4772 4640/7573/4640
f 4772/435/4772 400/434/400 4640/7573/4640
f 400/434/400 1198/5930/1198 3822/7570/3822
f 400/434/400 3822/7570/3822 4640/7573/4640
f 1458/4033/1458 4775/436/4775 4774/7586/4774
f 4774/7586/4774 4773/7575/4773 4648/7576/4648
f 4774/7586/4774 4648/7576/4648 4753/7583/4753
f 2501/4031/2501 1458/4033/1458 4774/7586/4774
f 1589/5944/1589 1590/4032/1590 324/5945/324
f 1590/4032/1590 2501/4031/2501 324/5945/324
f 145/5947/145 4249/5946/4249 324/5945/324
f 2501/4031/2501 4774/7586/4774 4753/7583/4753
f 2501/4031/2501 4753/7583/4753 324/5945/324
f 1174/7587/1174 1389/1511/1389 2100/7588/2100
f 1389/1511/1389 3133/7589/3133 2100/7588/2100
f 145/5947/145 324/5945/324 2018/7590/2018
f 1007/7591/1007 324/5945/324 2138/7584/2138
f 4466/5949/4466 144/5948/144 145/5947/145
f 2393/7292/2393 3937/7291/3937 145/5947/145
f 3937/7291/3937 4466/5949/4466 145/5947/145
f 371/7592/371 370/7293/370 2393/7292/2393
f 2018/7590/2018 3731/7593/3731 371/7592/371
f 1007/7591/1007 1659/7594/1659 2018/7590/2018
f 2297/7595/2297 1008/7596/1008 1007/7591/1007
f 2960/7597/2960 4446/7598/4446 2297/7595/2297
f 1082/7599/1082 2959/7600/2959 2960/7597/2960
f 4663/7601/4663 286/7602/286 3517/7603/3517
f 286/7602/286 2138/7584/2138 3517/7603/3517
f 2138/7584/2138 1082/7599/1082 2960/7597/2960
f 2960/7597/2960 2297/7595/2297 2138/7584/2138
f 2297/7595/2297 1007/7591/1007 2138/7584/2138
f 1007/7591/1007 2018/7590/2018 324/5945/324
f 2018/7590/2018 371/7592/371 145/5947/145
f 371/7592/371 2393/7292/2393 145/5947/145
f 675/7604/675 3973/7605/3973 3972/7606/3972
f 3517/7603/3517 2138/7584/2138 401/7585/401
f 3647/7607/3647 675/7604/675 3863/2319/3863
f 675/7604/675 3972/7606/3972 3863/2319/3863
f 3972/7606/3972 3517/7603/3517 3863/2319/3863
f 4793/1054/4793 3647/7607/3647 3863/2319/3863
f 3517/7603/3517 401/7585/401 3863/2319/3863
f 3863/2319/3863 401/7585/401 543/2317/543
f 401/7585/401 1174/7587/1174 3254/7608/3254
f 599/2229/599 438/5391/438 236/2227/236
f 438/5391/438 543/2317/543 236/2227/236
f 401/7585/401 3254/7608/3254 235/7609/235
f 3133/7589/3133 2898/7610/2898 2100/7588/2100
f 3254/7608/3254 4734/7611/4734 3793/7612/3793
f 1174/7587/1174 2100/7588/2100 3254/7608/3254
f 3254/7608/3254 3793/7612/3793 235/7609/235
f 543/2317/543 401/7585/401 235/7609/235
f 236/2227/236 543/2317/543 235/7609/235
f 2605/2228/2605 600/5389/600 599/2229/599
f 236/2227/236 2010/7613/2010 2605/2228/2605
f 1215/738/1215 1680/737/1680 2259/287/2259
f 4737/686/4737 1969/1323/1969 838/2231/838
f 2754/2232/2754 4082/7614/4082 2575/7615/2575
f 4082/7614/4082 4083/7616/4083 2575/7615/2575
f 2575/7615/2575 4729/7617/4729 2585/7618/2585
f 1403/2234/1403 4728/7619/4728 2754/2232/2754
f 4222/7620/4222 3215/7621/3215 1403/2234/1403
f 2575/7615/2575 2585/7618/2585 4510/2233/4510
f 4510/2233/4510 4222/7620/4222 1403/2234/1403
f 2754/2232/2754 2575/7615/2575 4510/2233/4510
f 4929/2235/4929 1266/950/1266 4927/2236/4927
f 2902/2237/2902 790/3775/790 2438/2176/2438
f 2649/2239/2649 4507/7622/4507 4508/2240/4508
f 2431/2222/2431 3759/2221/3759 1757/2245/1757
f 4407/2249/4407 1393/7623/1393 3612/7624/3612
f 3612/7624/3612 4920/7625/4920 3557/7626/3557
f 4920/7625/4920 4525/7627/4525 3557/7626/3557
f 3557/7626/3557 3556/7628/3556 4407/2249/4407
f 3556/7628/3556 4611/7629/4611 3540/7630/3540
f 4519/7631/4519 1631/7632/1631 3819/7633/3819
f 1631/7632/1631 4407/2249/4407 2517/2248/2517
f 3819/7633/3819 1631/7632/1631 2517/2248/2517
f 4407/2249/4407 3612/7624/3612 3557/7626/3557
f 3556/7628/3556 3540/7630/3540 4407/2249/4407
f 3540/7630/3540 3539/7634/3539 3912/7635/3912
f 3540/7630/3540 3912/7635/3912 1893/2247/1893
f 3365/7636/3365 704/7637/704 2517/2248/2517
f 704/7637/704 3819/7633/3819 2517/2248/2517
f 3540/7630/3540 1893/2247/1893 4407/2249/4407
f 4333/2250/4333 1812/7638/1812 2629/2251/2629
f 2929/2253/2929 548/6823/548 4865/2254/4865
f 4754/2256/4754 3305/2896/3305 1973/2257/1973
f 2291/2259/2291 3995/7639/3995 2290/2260/2290
f 4444/4196/4444 4133/4195/4133 869/526/869
f 4133/4195/4133 1871/545/1871 869/526/869
f 2515/2263/2515 3721/544/3721 4675/5943/4675
f 1871/545/1871 2515/2263/2515 3629/482/3629
f 869/526/869 1871/545/1871 3629/482/3629
f 869/526/869 4552/4178/4552 4444/4196/4444
f 3629/482/3629 868/527/868 869/526/869
f 4675/5943/4675 2261/2262/2261 2515/2263/2515
f 3840/2264/3840 3774/7640/3774 405/2265/405
f 1123/2267/1123 4884/1643/4884 3366/2268/3366
f 1952/2270/1952 1953/7641/1953 1950/2271/1950
f 3949/7642/3949 4501/7643/4501 4267/7644/4267
f 2751/7645/2751 2752/7646/2752 2400/2273/2400
f 2752/7646/2752 1918/7647/1918 2400/2273/2400
f 3949/7642/3949 4267/7644/4267 4755/2275/4755
f 4267/7644/4267 2751/7645/2751 2400/2273/2400
f 4755/2275/4755 4267/7644/4267 2400/2273/2400
f 2578/7648/2578 2776/7649/2776 3102/2274/3102
f 2776/7649/2776 4755/2275/4755 3102/2274/3102
f 387/2279/387 388/7650/388 968/2280/968
f 301/7651/301 624/7652/624 625/7653/625
f 625/7653/625 746/7654/746 3656/7655/3656
f 3656/7655/3656 2741/7656/2741 2811/7657/2811
f 2811/7657/2811 3303/7658/3303 3809/7659/3809
f 3809/7659/3809 1496/476/1496 3111/475/3111
f 3111/475/3111 3193/6959/3193 3809/7659/3809
f 3193/6959/3193 3728/6961/3728 2221/6964/2221
f 2221/6964/2221 2154/6958/2154 3656/7655/3656
f 2154/6958/2154 1823/6965/1823 3656/7655/3656
f 3193/6959/3193 2221/6964/2221 2811/7657/2811
f 2811/7657/2811 3809/7659/3809 3193/6959/3193
f 301/7651/301 625/7653/625 1823/6965/1823
f 625/7653/625 3656/7655/3656 1823/6965/1823
f 3656/7655/3656 2811/7657/2811 2221/6964/2221
f 1184/7660/1184 302/7661/302 301/7651/301
f 1823/6965/1823 2976/6956/2976 3590/6966/3590
f 4091/7662/4091 2713/7663/2713 1184/7660/1184
f 1184/7660/1184 301/7651/301 3590/6966/3590
f 301/7651/301 1823/6965/1823 3590/6966/3590
f 3590/6966/3590 2157/1787/2157 3039/6967/3039
f 3132/7664/3132 4248/7665/4248 4091/7662/4091
f 4091/7662/4091 1184/7660/1184 3590/6966/3590
f 3039/6967/3039 2316/1786/2316 2577/6963/2577
f 4091/7662/4091 3590/6966/3590 3132/7664/3132
f 3590/6966/3590 3039/6967/3039 3132/7664/3132
f 891/7666/891 3907/7667/3907 3132/7664/3132
f 2577/6963/2577 2269/6962/2269 2270/2283/2270
f 3132/7664/3132 3039/6967/3039 891/7666/891
f 3039/6967/3039 2577/6963/2577 2171/7668/2171
f 891/7666/891 3039/6967/3039 4051/7669/4051
f 4051/7669/4051 890/7670/890 891/7666/891
f 4051/7669/4051 3039/6967/3039 2171/7668/2171
f 2270/2283/2270 349/6957/349 1625/7671/1625
f 349/6957/349 1624/7672/1624 1625/7671/1625
f 2577/6963/2577 2270/2283/2270 2562/1210/2562
f 2171/7668/2171 3190/7673/3190 4051/7669/4051
f 2171/7668/2171 2577/6963/2577 990/7674/990
f 1625/7671/1625 2867/7675/2867 623/7676/623
f 623/7676/623 306/2612/306 307/2282/307
f 307/2282/307 4043/2611/4043 2618/7677/2618
f 2618/7677/2618 1650/7678/1650 1632/7679/1632
f 1650/7678/1650 284/7680/284 1632/7679/1632
f 1632/7679/1632 4664/7681/4664 598/7682/598
f 307/2282/307 2618/7677/2618 2562/1210/2562
f 2618/7677/2618 1632/7679/1632 598/7682/598
f 598/7682/598 597/7683/597 2124/7684/2124
f 2618/7677/2618 598/7682/598 2124/7684/2124
f 2270/2283/2270 1625/7671/1625 623/7676/623
f 623/7676/623 307/2282/307 2270/2283/2270
f 2618/7677/2618 2124/7684/2124 3048/7685/3048
f 2124/7684/2124 2969/7686/2969 3048/7685/3048
f 2618/7677/2618 3048/7685/3048 636/7687/636
f 2562/1210/2562 2618/7677/2618 636/7687/636
f 990/7674/990 991/7688/991 2171/7668/2171
f 990/7674/990 2577/6963/2577 4769/7689/4769
f 3048/7685/3048 4134/7690/4134 636/7687/636
f 636/7687/636 2563/1208/2563 2562/1210/2562
f 2562/1210/2562 4515/1209/4515 3976/7691/3976
f 4515/1209/4515 3766/7692/3766 3976/7691/3976
f 3976/7691/3976 4295/7693/4295 4769/7689/4769
f 4769/7689/4769 2577/6963/2577 2562/1210/2562
f 4769/7689/4769 4462/7694/4462 990/7674/990
f 2562/1210/2562 3976/7691/3976 4769/7689/4769
f 3419/2284/3419 1132/7695/1132 3727/2285/3727
f 4370/7696/4370 4084/7697/4084 2296/4472/2296
f 2296/4472/2296 132/4469/132 4370/7696/4370
f 132/4469/132 580/4467/580 4370/7696/4370
f 3191/2967/3191 3201/2966/3201 1381/700/1381
f 580/4467/580 3191/2967/3191 3217/7698/3217
f 4370/7696/4370 580/4467/580 3217/7698/3217
f 1381/700/1381 1329/699/1329 550/7699/550
f 3191/2967/3191 1381/700/1381 3217/7698/3217
f 1206/7700/1206 4132/7701/4132 3217/7698/3217
f 1381/700/1381 550/7699/550 3883/7702/3883
f 3577/7703/3577 2605/7704/2605 2010/7705/2010
f 1381/700/1381 3883/7702/3883 4734/7706/4734
f 3883/7702/3883 3577/7703/3577 3793/7707/3793
f 1206/7700/1206 3217/7698/3217 646/7708/646
f 3217/7698/3217 1381/700/1381 646/7708/646
f 646/7708/646 645/7709/645 1206/7700/1206
f 3821/7710/3821 3822/7711/3822 646/7708/646
f 1552/7712/1552 4640/7713/4640 3821/7710/3821
f 1992/7714/1992 4648/7715/4648 1552/7712/1552
f 3688/7716/3688 1992/7714/1992 1552/7712/1552
f 1552/7712/1552 3821/7710/3821 646/7708/646
f 3883/7702/3883 3793/7707/3793 4734/7706/4734
f 3577/7703/3577 2010/7705/2010 3793/7707/3793
f 2010/7705/2010 236/7717/236 3793/7707/3793
f 236/7717/236 235/7718/235 3793/7707/3793
f 646/7708/646 1381/700/1381 3688/7716/3688
f 3688/7716/3688 1552/7712/1552 646/7708/646
f 384/2292/384 385/7719/385 383/2293/383
f 383/2293/383 3688/7716/3688 1381/700/1381
f 4734/7706/4734 3254/7720/3254 2100/7721/2100
f 1381/700/1381 4734/7706/4734 2898/7722/2898
f 3133/7723/3133 1381/700/1381 2898/7722/2898
f 4734/7706/4734 2100/7721/2100 2898/7722/2898
f 3133/7723/3133 1389/7724/1389 1388/2291/1388
f 4753/7725/4753 4752/7726/4752 384/2292/384
f 1388/2291/1388 1390/7727/1390 384/2292/384
f 1390/7727/1390 4753/7725/4753 384/2292/384
f 1381/700/1381 3133/7723/3133 383/2293/383
f 3133/7723/3133 1388/2291/1388 383/2293/383
f 2609/2295/2609 888/7728/888 2430/2296/2430
f 2430/2296/2430 1498/1253/1498 4884/2954/4884
f 4884/2954/4884 1123/2294/1123 2430/2296/2430
f 2535/3317/2535 4841/3811/4841 2534/2298/2534
f 4841/3811/4841 1322/3810/1322 2534/2298/2534
f 1322/3810/1322 355/1321/355 2534/2298/2534
f 355/1321/355 356/1320/356 2534/2298/2534
f 2557/7081/2557 1196/7080/1196 1195/7083/1195
f 1195/7083/1195 15/7082/15 14/7085/14
f 14/7085/14 424/7084/424 1324/7087/1324
f 1324/7087/1324 10/7086/10 9/7089/9
f 9/7089/9 1075/7088/1075 1291/7090/1291
f 1291/7090/1291 1601/110/1601 1600/109/1600
f 1600/109/1600 1599/108/1599 3642/7729/3642
f 3642/7729/3642 3643/7730/3643 3644/7731/3644
f 219/7732/219 91/7733/91 220/7734/220
f 3644/7731/3644 219/7732/219 1525/7735/1525
f 219/7732/219 220/7734/220 1525/7735/1525
f 1291/7090/1291 1600/109/1600 3642/7729/3642
f 3644/7731/3644 1525/7735/1525 2829/7736/2829
f 9/7089/9 1291/7090/1291 1281/7737/1281
f 1291/7090/1291 3642/7729/3642 1281/7737/1281
f 3642/7729/3642 3644/7731/3644 2829/7736/2829
f 4459/7738/4459 1524/7739/1524 2468/7740/2468
f 1524/7739/1524 2597/7741/2597 2468/7740/2468
f 3642/7729/3642 2829/7736/2829 3471/7742/3471
f 1281/7737/1281 3642/7729/3642 3471/7742/3471
f 1324/7087/1324 9/7089/9 1465/7743/1465
f 1324/7087/1324 1465/7743/1465 245/1759/245
f 2829/7736/2829 4459/7738/4459 4223/7744/4223
f 4459/7738/4459 2468/7740/2468 4223/7744/4223
f 2469/7745/2469 3172/7746/3172 321/7747/321
f 2468/7740/2468 2469/7745/2469 4223/7744/4223
f 14/7085/14 1324/7087/1324 2158/6875/2158
f 14/7085/14 2158/6875/2158 1195/7083/1195
f 2557/7081/2557 1195/7083/1195 2545/7748/2545
f 2545/7748/2545 1195/7083/1195 2158/6875/2158
f 859/7079/859 1295/7078/1295 2557/7081/2557
f 1826/7077/1826 860/7076/860 859/7079/859
f 2760/7075/2760 3334/7074/3334 1826/7077/1826
f 1751/7073/1751 2759/7072/2759 2760/7075/2760
f 947/7071/947 936/7070/936 1751/7073/1751
f 1598/7069/1598 946/7068/946 947/7071/947
f 1975/7067/1975 3588/7066/3588 1598/7069/1598
f 1064/7065/1064 2886/7064/2886 1975/7067/1975
f 3655/7063/3655 1063/7062/1063 1064/7065/1064
f 1574/7061/1574 3832/7060/3832 3655/7063/3655
f 2395/7059/2395 1573/7058/1573 1574/7061/1574
f 2947/7057/2947 500/7056/500 2395/7059/2395
f 157/7055/157 2946/7054/2946 2947/7057/2947
f 3421/7053/3421 158/7052/158 157/7055/157
f 3348/7051/3348 2150/7050/2150 3421/7053/3421
f 368/7049/368 1707/7048/1707 3348/7051/3348
f 366/7047/366 367/7046/367 368/7049/368
f 227/7045/227 226/7044/226 366/7047/366
f 772/7043/772 225/7042/225 227/7045/227
f 770/7041/770 771/7040/771 772/7043/772
f 4245/7039/4245 4246/7038/4246 734/7749/734
f 4246/7038/4246 770/7041/770 734/7749/734
f 3992/6626/3992 734/7749/734 770/7041/770
f 4061/6628/4061 3211/1678/3211 1042/6627/1042
f 1042/6627/1042 3992/6626/3992 770/7041/770
f 1042/6627/1042 770/7041/770 772/7043/772
f 772/7043/772 227/7045/227 1042/6627/1042
f 227/7045/227 366/7047/366 1042/6627/1042
f 368/7049/368 3348/7051/3348 3438/7750/3438
f 3348/7051/3348 3421/7053/3421 2672/7751/2672
f 3348/7051/3348 2672/7751/2672 3438/7750/3438
f 3421/7053/3421 157/7055/157 2672/7751/2672
f 1042/6627/1042 366/7047/366 4061/6628/4061
f 366/7047/366 368/7049/368 4061/6628/4061
f 157/7055/157 2947/7057/2947 2672/7751/2672
f 2395/7059/2395 1574/7061/1574 2672/7751/2672
f 1574/7061/1574 3655/7063/3655 3849/7752/3849
f 2947/7057/2947 2395/7059/2395 2672/7751/2672
f 959/1679/959 4061/6628/4061 3438/7750/3438
f 4061/6628/4061 368/7049/368 3438/7750/3438
f 537/6311/537 1367/6310/1367 538/6629/538
f 537/6311/537 538/6629/538 724/6312/724
f 538/6629/538 959/1679/959 724/6312/724
f 654/6318/654 725/6313/725 724/6312/724
f 1574/7061/1574 3849/7752/3849 2672/7751/2672
f 3052/7753/3052 1975/7067/1975 1598/7069/1598
f 1975/7067/1975 3052/7753/3052 1064/7065/1064
f 3655/7063/3655 1064/7065/1064 3849/7752/3849
f 3052/7753/3052 1598/7069/1598 3427/7754/3427
f 654/6318/654 724/6312/724 959/1679/959
f 294/6320/294 653/6319/653 654/6318/654
f 2596/6322/2596 293/6321/293 294/6320/294
f 93/6324/93 92/6323/92 2596/6322/2596
f 2865/6326/2865 94/6325/94 93/6324/93
f 1379/6328/1379 3330/6327/3330 2865/6326/2865
f 1315/6330/1315 1378/6329/1378 1379/6328/1379
f 2410/6332/2410 3693/6331/3693 1315/6330/1315
f 3095/6334/3095 3681/6333/3681 2410/6332/2410
f 540/6336/540 3682/6335/3682 3095/6334/3095
f 1107/6338/1107 1268/6337/1268 540/6336/540
f 1662/6340/1662 1895/6339/1895 1107/6338/1107
f 1097/6342/1097 1096/6341/1096 1662/6340/1662
f 1429/6344/1429 1098/6343/1098 1097/6342/1097
f 441/6346/441 440/6345/440 1429/6344/1429
f 3373/6348/3373 3372/6347/3372 441/6346/441
f 1429/6344/1429 1097/6342/1097 1922/2301/1922
f 1097/6342/1097 1662/6340/1662 1107/6338/1107
f 1107/6338/1107 540/6336/540 3846/2299/3846
f 540/6336/540 3095/6334/3095 2091/7755/2091
f 3846/2299/3846 540/6336/540 2091/7755/2091
f 1097/6342/1097 1107/6338/1107 1922/2301/1922
f 3095/6334/3095 2410/6332/2410 66/7756/66
f 2410/6332/2410 1315/6330/1315 66/7756/66
f 1315/6330/1315 1379/6328/1379 66/7756/66
f 1379/6328/1379 2865/6326/2865 66/7756/66
f 2865/6326/2865 93/6324/93 959/1679/959
f 2596/6322/2596 294/6320/294 959/1679/959
f 294/6320/294 654/6318/654 959/1679/959
f 2865/6326/2865 959/1679/959 66/7756/66
f 93/6324/93 2596/6322/2596 959/1679/959
f 2091/7755/2091 3095/6334/3095 66/7756/66
f 3427/7754/3427 1598/7069/1598 947/7071/947
f 2544/7757/2544 947/7071/947 1751/7073/1751
f 1751/7073/1751 2760/7075/2760 2544/7757/2544
f 2544/7757/2544 2760/7075/2760 859/7079/859
f 2760/7075/2760 1826/7077/1826 859/7079/859
f 859/7079/859 2557/7081/2557 2545/7748/2545
f 2544/7757/2544 859/7079/859 2545/7748/2545
f 947/7071/947 2544/7757/2544 3427/7754/3427
f 1922/2301/1922 1107/6338/1107 3846/2299/3846
f 441/6346/441 1429/6344/1429 4037/7758/4037
f 2469/7745/2469 321/7747/321 4223/7744/4223
f 3462/7759/3462 2890/7760/2890 2130/7761/2130
f 2829/7736/2829 4223/7744/4223 3587/7762/3587
f 2130/7761/2130 3520/7763/3520 3521/7764/3521
f 3521/7764/3521 3025/7765/3025 4080/7766/4080
f 4080/7766/4080 684/7767/684 2220/3165/2220
f 36/3163/36 37/3164/37 1409/7768/1409
f 37/3164/37 4761/7769/4761 1409/7768/1409
f 4080/7766/4080 2220/3165/2220 36/3163/36
f 3521/7764/3521 4080/7766/4080 1409/7768/1409
f 4080/7766/4080 36/3163/36 1409/7768/1409
f 1409/7768/1409 1942/7770/1942 3784/7771/3784
f 3784/7771/3784 1259/7772/1259 4127/7773/4127
f 4127/7773/4127 1258/7774/1258 127/7775/127
f 127/7775/127 4435/7776/4435 3271/7777/3271
f 3271/7777/3271 3047/7778/3047 3587/7762/3587
f 3472/7779/3472 3568/7780/3568 3471/7742/3471
f 3568/7780/3568 3567/7781/3567 3471/7742/3471
f 3271/7777/3271 3587/7762/3587 4223/7744/4223
f 3587/7762/3587 3472/7779/3472 2829/7736/2829
f 3784/7771/3784 4127/7773/4127 3521/7764/3521
f 4127/7773/4127 127/7775/127 2130/7761/2130
f 127/7775/127 3271/7777/3271 3462/7759/3462
f 1281/7737/1281 4115/7782/4115 1394/7783/1394
f 3271/7777/3271 4223/7744/4223 3462/7759/3462
f 3472/7779/3472 3471/7742/3471 2829/7736/2829
f 1281/7737/1281 1394/7783/1394 1465/7743/1465
f 1394/7783/1394 3258/7784/3258 1465/7743/1465
f 1409/7768/1409 3784/7771/3784 3521/7764/3521
f 4127/7773/4127 2130/7761/2130 3521/7764/3521
f 245/1759/245 2158/6875/2158 1324/7087/1324
f 2158/6875/2158 4173/1758/4173 2058/7785/2058
f 4173/1758/4173 2757/7786/2757 2058/7785/2058
f 2058/7785/2058 3259/7787/3259 3591/7788/3591
f 1281/7737/1281 1465/7743/1465 9/7089/9
f 3462/7759/3462 2130/7761/2130 127/7775/127
f 2158/6875/2158 2058/7785/2058 4500/7789/4500
f 2058/7785/2058 3591/7788/3591 3934/7790/3934
f 2058/7785/2058 3934/7790/3934 4500/7789/4500
f 1027/5663/1027 2098/1236/2098 3966/5665/3966
f 1913/5662/1913 899/1237/899 4427/7791/4427
f 899/1237/899 1027/5663/1027 4427/7791/4427
f 3687/5655/3687 1914/5657/1914 1913/5662/1913
f 2756/7471/2756 1182/2150/1182 2263/7470/2263
f 2263/7470/2263 3687/5655/3687 277/7792/277
f 3687/5655/3687 1913/5662/1913 4427/7791/4427
f 1027/5663/1027 3966/5665/3966 2655/7793/2655
f 3499/7794/3499 2756/7471/2756 2263/7470/2263
f 277/7792/277 2264/7795/2264 2263/7470/2263
f 2264/7795/2264 3499/7794/3499 2263/7470/2263
f 2655/7793/2655 4453/7796/4453 4427/7791/4427
f 4427/7791/4427 277/7792/277 3687/5655/3687
f 2158/6875/2158 4500/7789/4500 3223/7797/3223
f 3223/7797/3223 1926/7798/1926 4066/7799/4066
f 3223/7797/3223 4066/7799/4066 3249/7800/3249
f 2158/6875/2158 3223/7797/3223 3249/7800/3249
f 4314/7801/4314 564/7802/564 4511/7803/4511
f 2158/6875/2158 3249/7800/3249 4314/7801/4314
f 1928/7804/1928 2724/7805/2724 2655/7793/2655
f 2655/7793/2655 4427/7791/4427 1027/5663/1027
f 1928/7804/1928 2655/7793/2655 3966/5665/3966
f 1928/7804/1928 3966/5665/3966 2855/5664/2855
f 4614/7806/4614 3859/7807/3859 1927/7808/1927
f 1927/7808/1927 1928/7804/1928 2855/5664/2855
f 1927/7808/1927 2855/5664/2855 3373/6348/3373
f 4296/7809/4296 1117/7810/1117 4614/7806/4614
f 4614/7806/4614 1927/7808/1927 2660/7811/2660
f 1927/7808/1927 3373/6348/3373 2660/7811/2660
f 2660/7811/2660 3373/6348/3373 2800/7812/2800
f 3373/6348/3373 441/6346/441 2800/7812/2800
f 2736/7813/2736 4637/7814/4637 4296/7809/4296
f 441/6346/441 4037/7758/4037 2800/7812/2800
f 1429/6344/1429 1922/2301/1922 4037/7758/4037
f 2009/7815/2009 270/7203/270 4296/7809/4296
f 2736/7813/2736 4296/7809/4296 3058/7816/3058
f 4296/7809/4296 4614/7806/4614 2009/7815/2009
f 3058/7816/3058 4296/7809/4296 270/7203/270
f 3058/7816/3058 3662/7817/3662 2736/7813/2736
f 3923/7818/3923 1718/7819/1718 447/7820/447
f 1890/7199/1890 3923/7818/3923 447/7820/447
f 270/7203/270 2009/7815/2009 2652/7204/2652
f 3230/1969/3230 1890/7199/1890 447/7820/447
f 3230/1969/3230 447/7820/447 270/7203/270
f 447/7820/447 3058/7816/3058 270/7203/270
f 2158/6875/2158 4314/7801/4314 4511/7803/4511
f 2158/6875/2158 4511/7803/4511 2545/7748/2545
f 2650/7202/2650 2651/1970/2651 2652/7204/2652
f 2544/7757/2544 2546/7821/2546 3427/7754/3427
f 1064/7065/1064 3052/7753/3052 3849/7752/3849
f 2650/7202/2650 2652/7204/2652 2649/7822/2649
f 2649/7822/2649 2652/7204/2652 2009/7815/2009
f 3427/7754/3427 4693/7823/4693 1796/7824/1796
f 1796/7824/1796 2111/7825/2111 1036/7826/1036
f 1036/7826/1036 1037/7827/1037 1035/7828/1035
f 1035/7828/1035 3136/7829/3136 4055/7830/4055
f 4055/7830/4055 4054/7831/4054 3052/7753/3052
f 3052/7753/3052 4477/7832/4477 2120/7833/2120
f 2120/7833/2120 739/7834/739 2123/7835/2123
f 2123/7835/2123 4498/7836/4498 520/7837/520
f 520/7837/520 694/7838/694 693/7839/693
f 4777/7840/4777 3764/7841/3764 3765/7842/3765
f 3765/7842/3765 3732/7843/3732 3733/7844/3733
f 3733/7844/3733 1987/7845/1987 3765/7842/3765
f 1987/7845/1987 1988/7846/1988 3765/7842/3765
f 2593/7847/2593 1103/7848/1103 55/7849/55
f 4777/7840/4777 3765/7842/3765 1988/7846/1988
f 4777/7840/4777 1988/7846/1988 2593/7847/2593
f 55/7849/55 2376/7850/2376 2860/7851/2860
f 693/7839/693 4777/7840/4777 2593/7847/2593
f 2593/7847/2593 55/7849/55 2981/5401/2981
f 55/7849/55 2860/7851/2860 3457/7852/3457
f 3457/7852/3457 2981/5401/2981 55/7849/55
f 2981/5401/2981 2385/5399/2385 2593/7847/2593
f 520/7837/520 693/7839/693 2593/7847/2593
f 2123/7835/2123 520/7837/520 3849/7752/3849
f 520/7837/520 2593/7847/2593 2385/5399/2385
f 3849/7752/3849 520/7837/520 2385/5399/2385
f 2120/7833/2120 2123/7835/2123 3849/7752/3849
f 1035/7828/1035 4055/7830/4055 3052/7753/3052
f 3052/7753/3052 2120/7833/2120 3849/7752/3849
f 2672/7751/2672 1967/7853/1967 2671/7854/2671
f 2672/7751/2672 2671/7854/2671 3438/7750/3438
f 1036/7826/1036 1035/7828/1035 3427/7754/3427
f 1035/7828/1035 3052/7753/3052 3427/7754/3427
f 3427/7754/3427 1796/7824/1796 1036/7826/1036
f 4507/7855/4507 2649/7822/2649 1001/7856/1001
f 3096/7857/3096 4508/7200/4508 4507/7855/4507
f 2009/7815/2009 3197/7858/3197 1001/7856/1001
f 1001/7856/1001 3096/7857/3096 4507/7855/4507
f 835/7859/835 4614/7806/4614 1017/7860/1017
f 4683/7861/4683 3214/7862/3214 2009/7815/2009
f 2009/7815/2009 1001/7856/1001 2649/7822/2649
f 4614/7806/4614 835/7859/835 3416/7863/3416
f 66/7756/66 4330/7864/4330 2091/7755/2091
f 959/1679/959 3438/7750/3438 66/7756/66
f 1402/7865/1402 4683/7861/4683 2009/7815/2009
f 2528/7866/2528 4140/7867/4140 1402/7865/1402
f 3416/7863/3416 4768/7868/4768 2528/7866/2528
f 835/7859/835 2705/7869/2705 3416/7863/3416
f 1017/7860/1017 873/7870/873 835/7859/835
f 2660/7811/2660 1018/7871/1018 1017/7860/1017
f 2800/7812/2800 4113/7872/4113 2660/7811/2660
f 4037/7758/4037 3446/7873/3446 2800/7812/2800
f 1922/2301/1922 4487/7874/4487 4037/7758/4037
f 3061/2300/3061 1921/7875/1921 1922/2301/1922
f 3846/2299/3846 3959/7876/3959 3061/2300/3061
f 2091/7755/2091 1441/7877/1441 3846/2299/3846
f 1402/7865/1402 2009/7815/2009 4614/7806/4614
f 1402/7865/1402 4614/7806/4614 3416/7863/3416
f 3416/7863/3416 2528/7866/2528 1402/7865/1402
f 2660/7811/2660 1017/7860/1017 4614/7806/4614
f 4361/2302/4361 2368/7878/2368 2367/2303/2367
f 3272/2305/3272 2921/7879/2921 3273/2306/3273
f 4489/1802/4489 2758/6978/2758 962/7880/962
f 2758/6978/2758 4335/7881/4335 3415/7882/3415
f 920/7883/920 2758/6978/2758 3415/7882/3415
f 4335/7881/4335 363/7884/363 3415/7882/3415
f 3415/7882/3415 921/7885/921 920/7883/920
f 920/7883/920 4686/7886/4686 4569/7887/4569
f 962/7880/962 2623/7888/2623 529/7889/529
f 920/7883/920 4569/7887/4569 962/7880/962
f 2758/6978/2758 920/7883/920 962/7880/962
f 962/7880/962 529/7889/529 4489/1802/4489
f 3256/7890/3256 1517/7891/1517 2538/7892/2538
f 529/7889/529 3256/7890/3256 4489/1802/4489
f 3256/7890/3256 2538/7892/2538 3292/7893/3292
f 3292/7893/3292 4151/7894/4151 4152/7895/4152
f 4152/7895/4152 1316/7896/1316 4354/2309/4354
f 4354/2309/4354 1588/7897/1588 1883/7898/1883
f 1883/7898/1883 3837/7899/3837 4722/7900/4722
f 4493/7901/4493 3789/7902/3789 2814/7903/2814
f 4354/2309/4354 1883/7898/1883 2715/7904/2715
f 1883/7898/1883 4722/7900/4722 3355/7905/3355
f 3899/7906/3899 4722/7900/4722 4733/7907/4733
f 4493/7901/4493 2814/7903/2814 4273/7908/4273
f 2814/7903/2814 3618/7909/3618 4273/7908/4273
f 4273/7908/4273 2175/7910/2175 2176/7911/2176
f 948/7912/948 3884/7913/3884 4559/7914/4559
f 4493/7901/4493 4273/7908/4273 2348/7915/2348
f 4273/7908/4273 2176/7911/2176 2348/7915/2348
f 2176/7911/2176 948/7912/948 2838/7916/2838
f 948/7912/948 4559/7914/4559 2838/7916/2838
f 4050/7917/4050 3435/7918/3435 3434/7919/3434
f 4559/7914/4559 4050/7917/4050 2838/7916/2838
f 4050/7917/4050 3434/7919/3434 2838/7916/2838
f 3434/7919/3434 3945/7920/3945 3630/7921/3630
f 2838/7916/2838 3566/7922/3566 2481/7923/2481
f 3434/7919/3434 3630/7921/3630 2838/7916/2838
f 2176/7911/2176 2838/7916/2838 2481/7923/2481
f 4722/7900/4722 4493/7901/4493 4733/7907/4733
f 2176/7911/2176 2481/7923/2481 2348/7915/2348
f 3292/7893/3292 4152/7895/4152 3256/7890/3256
f 4152/7895/4152 4354/2309/4354 4489/1802/4489
f 3256/7890/3256 4152/7895/4152 4489/1802/4489
f 4722/7900/4722 3899/7906/3899 3355/7905/3355
f 2481/7923/2481 1220/7924/1220 2348/7915/2348
f 4493/7901/4493 2348/7915/2348 4733/7907/4733
f 2348/7915/2348 3801/7925/3801 4733/7907/4733
f 4733/7907/4733 4231/7926/4231 3899/7906/3899
f 3899/7906/3899 2186/7927/2186 3355/7905/3355
f 3355/7905/3355 3354/7928/3354 3369/7929/3369
f 3369/7929/3369 3368/7930/3368 3418/7931/3418
f 3418/7931/3418 2608/7932/2608 3306/7933/3306
f 3306/7933/3306 2770/7934/2770 2715/7904/2715
f 2715/7904/2715 3580/7935/3580 4455/7936/4455
f 4455/7936/4455 4520/7937/4520 2388/7938/2388
f 2388/7938/2388 4067/7939/4067 3041/7940/3041
f 3041/7940/3041 3988/3514/3988 4885/2737/4885
f 4885/2737/4885 4926/2736/4926 3357/7318/3357
f 4926/2736/4926 4172/2050/4172 3357/7318/3357
f 3357/7318/3357 4212/2049/4212 1956/2308/1956
f 2388/7938/2388 3041/7940/3041 3357/7318/3357
f 3041/7940/3041 4885/2737/4885 3357/7318/3357
f 2715/7904/2715 4455/7936/4455 4354/2309/4354
f 4455/7936/4455 2388/7938/2388 4354/2309/4354
f 3418/7931/3418 3306/7933/3306 2715/7904/2715
f 3355/7905/3355 3369/7929/3369 1883/7898/1883
f 3369/7929/3369 3418/7931/3418 1883/7898/1883
f 3418/7931/3418 2715/7904/2715 1883/7898/1883
f 1956/2308/1956 2606/619/2606 2607/4282/2607
f 2388/7938/2388 3357/7318/3357 1956/2308/1956
f 2388/7938/2388 1956/2308/1956 4354/2309/4354
f 1956/2308/1956 2607/4282/2607 4489/1802/4489
f 2607/4282/2607 4864/1055/4864 4489/1802/4489
f 4864/1055/4864 1041/5393/1041 4489/1802/4489
f 1041/5393/1041 3767/6896/3767 1654/6972/1654
f 3767/6896/3767 4204/1771/4204 3451/7941/3451
f 4204/1771/4204 4205/7942/4205 3451/7941/3451
f 3451/7941/3451 3495/7943/3495 3496/7944/3496
f 3496/7944/3496 1907/7945/1907 1654/6972/1654
f 1907/7945/1907 1906/6973/1906 1654/6972/1654
f 3767/6896/3767 3451/7941/3451 3496/7944/3496
f 3496/7944/3496 1654/6972/1654 3767/6896/3767
f 1654/6972/1654 4489/1802/4489 1041/5393/1041
f 4190/2314/4190 3173/4397/3173 1500/2315/1500
f 543/2317/543 438/5391/438 439/2318/439
f 1727/7946/1727 336/7947/336 1814/1194/1814
f 336/7947/336 335/7948/335 4910/7949/4910
f 4910/7949/4910 1028/7950/1028 336/7947/336
f 336/7947/336 1028/7950/1028 1814/1194/1814
f 1028/7950/1028 1622/7951/1622 4060/7952/4060
f 4060/7952/4060 1866/7953/1866 1028/7950/1028
f 1866/7953/1866 3073/2320/3073 1814/1194/1814
f 1028/7950/1028 1866/7953/1866 1814/1194/1814
f 3073/2320/3073 1909/3510/1909 2963/1195/2963
f 1814/1194/1814 989/1197/989 1727/7946/1727
f 3351/4107/3351 1416/4106/1416 1415/4109/1415
f 1415/4109/1415 2571/4108/2571 2570/4110/2570
f 2570/4110/2570 2394/492/2394 1033/4252/1033
f 2394/492/2394 1034/4246/1034 1033/4252/1033
f 1033/4252/1033 3683/4251/3683 3308/4253/3308
f 1415/4109/1415 2570/4110/2570 3308/4253/3308
f 2570/4110/2570 1033/4252/1033 3308/4253/3308
f 3308/4253/3308 2658/4234/2658 194/4255/194
f 2353/4105/2353 1626/4104/1626 3351/4107/3351
f 3351/4107/3351 1415/4109/1415 194/4255/194
f 1415/4109/1415 3308/4253/3308 194/4255/194
f 194/4255/194 3640/4254/3640 2632/4256/2632
f 1019/4103/1019 1658/4102/1658 2353/4105/2353
f 2353/4105/2353 3351/4107/3351 290/2321/290
f 3351/4107/3351 194/4255/194 290/2321/290
f 2632/4256/2632 3544/4247/3544 2643/4258/2643
f 194/4255/194 2632/4256/2632 290/2321/290
f 1703/2323/1703 1657/4101/1657 1019/4103/1019
f 1019/4103/1019 2353/4105/2353 290/2321/290
f 2632/4256/2632 2643/4258/2643 290/2321/290
f 4176/2322/4176 3017/4100/3017 1703/2323/1703
f 1703/2323/1703 1019/4103/1019 290/2321/290
f 1546/7954/1546 3747/7955/3747 353/2329/353
f 3747/7955/3747 2012/6410/2012 353/2329/353
f 2012/6410/2012 1348/6406/1348 1793/6417/1793
f 1348/6406/1348 252/6400/252 1793/6417/1793
f 1793/6417/1793 1508/6395/1508 987/6416/987
f 352/7956/352 1546/7954/1546 353/2329/353
f 1962/6412/1962 3901/7957/3901 353/2329/353
f 2012/6410/2012 1793/6417/1793 987/6416/987
f 987/6416/987 375/6415/375 1401/6414/1401
f 1401/6414/1401 3068/6397/3068 1200/6413/1200
f 1200/6413/1200 648/1574/648 3458/2327/3458
f 3458/2327/3458 3737/1573/3737 2211/2328/2211
f 2211/2328/2211 3913/6401/3913 1962/6412/1962
f 1962/6412/1962 353/2329/353 2211/2328/2211
f 353/2329/353 2012/6410/2012 3458/2327/3458
f 2012/6410/2012 987/6416/987 1401/6414/1401
f 1401/6414/1401 1200/6413/1200 2012/6410/2012
f 1200/6413/1200 3458/2327/3458 2012/6410/2012
f 1124/2330/1124 889/7958/889 2609/2331/2609
f 1739/2334/1739 1781/7294/1781 1782/2335/1782
f 1937/1121/1937 1938/5542/1938 1787/2337/1787
f 829/1539/829 1504/7959/1504 1963/1084/1963
f 1383/2339/1383 1382/5427/1382 4031/5462/4031
f 829/1539/829 1963/1084/1963 615/1540/615
f 1963/1084/1963 1383/2339/1383 615/1540/615
f 950/1387/950 615/1540/615 3546/1097/3546
f 3547/5461/3547 3862/5908/3862 3546/1097/3546
f 3862/5908/3862 950/1387/950 3546/1097/3546
f 1383/2339/1383 4031/5462/4031 3546/1097/3546
f 4038/2340/4038 4371/7960/4371 4478/1652/4478
f 1510/7961/1510 686/7962/686 508/7963/508
f 508/7963/508 3160/7964/3160 79/7965/79
f 78/7966/78 81/7967/81 3663/7968/3663
f 508/7963/508 79/7965/79 78/7966/78
f 1510/7961/1510 508/7963/508 85/7969/85
f 508/7963/508 78/7966/78 2326/7970/2326
f 3663/7968/3663 1503/7971/1503 3650/7972/3650
f 3650/7972/3650 2569/7973/2569 2422/7974/2422
f 2422/7974/2422 3661/7975/3661 664/7976/664
f 3661/7975/3661 665/7977/665 664/7976/664
f 664/7976/664 1807/7978/1807 2014/7979/2014
f 3663/7968/3663 3650/7972/3650 269/7980/269
f 3650/7972/3650 2422/7974/2422 3322/7981/3322
f 2422/7974/2422 664/7976/664 2726/3223/2726
f 664/7976/664 2014/7979/2014 3981/7982/3981
f 2726/3223/2726 664/7976/664 3981/7982/3981
f 2014/7979/2014 2013/7983/2013 3981/7982/3981
f 3981/7982/3981 4018/7984/4018 1837/7985/1837
f 1837/7985/1837 1836/7986/1836 911/3224/911
f 1836/7986/1836 910/3225/910 911/3224/911
f 911/3224/911 1920/126/1920 2726/3223/2726
f 3981/7982/3981 1837/7985/1837 2726/3223/2726
f 1837/7985/1837 911/3224/911 2726/3223/2726
f 2726/3223/2726 2203/3222/2203 1910/3221/1910
f 3650/7972/3650 3322/7981/3322 269/7980/269
f 3322/7981/3322 2422/7974/2422 2726/3223/2726
f 78/7966/78 3663/7968/3663 2326/7970/2326
f 2726/3223/2726 1910/3221/1910 2926/7987/2926
f 1911/7988/1911 2942/7989/2942 2926/7987/2926
f 2726/3223/2726 2926/7987/2926 3322/7981/3322
f 1910/3221/1910 1911/7988/1911 2926/7987/2926
f 2926/7987/2926 633/7990/633 3322/7981/3322
f 508/7963/508 2326/7970/2326 85/7969/85
f 3322/7981/3322 177/7991/177 269/7980/269
f 3663/7968/3663 269/7980/269 2326/7970/2326
f 1/7992/1 1510/7961/1510 395/7993/395
f 269/7980/269 1428/7994/1428 2326/7970/2326
f 2326/7970/2326 3022/7995/3022 85/7969/85
f 85/7969/85 647/7996/647 64/7997/64
f 64/7997/64 2347/7998/2347 395/7993/395
f 395/7993/395 918/7999/918 3401/8000/3401
f 3401/8000/3401 4224/8001/4224 65/8002/65
f 65/8002/65 4681/8003/4681 1280/8004/1280
f 1280/8004/1280 1279/8005/1279 3389/8006/3389
f 3389/8006/3389 683/8007/683 1986/8008/1986
f 1986/8008/1986 1985/8009/1985 3760/8010/3760
f 1477/8011/1477 3403/8012/3403 3845/8013/3845
f 1986/8008/1986 3760/8010/3760 1477/8011/1477
f 3845/8013/3845 1747/8014/1747 1873/8015/1873
f 1873/8015/1873 2564/8016/2564 1980/8017/1980
f 3089/8018/3089 4234/8019/4234 278/8020/278
f 1873/8015/1873 1980/8017/1980 3089/8018/3089
f 1477/8011/1477 3845/8013/3845 3850/8021/3850
f 3845/8013/3845 1873/8015/1873 405/8022/405
f 405/8022/405 1873/8015/1873 278/8020/278
f 1986/8008/1986 1477/8011/1477 2996/8023/2996
f 3774/8024/3774 3845/8013/3845 405/8022/405
f 1873/8015/1873 3089/8018/3089 278/8020/278
f 278/8020/278 279/8025/279 405/8022/405
f 279/8025/279 280/8026/280 405/8022/405
f 3845/8013/3845 3774/8024/3774 3850/8021/3850
f 3389/8006/3389 1986/8008/1986 115/8027/115
f 3774/8024/3774 3840/8028/3840 1540/8029/1540
f 1540/8029/1540 1539/8030/1539 2178/8031/2178
f 2178/8031/2178 2177/5690/2177 1509/5689/1509
f 1509/5689/1509 1734/5688/1734 1596/5687/1596
f 1596/5687/1596 2548/8032/2548 1509/5689/1509
f 2548/8032/2548 318/8033/318 2465/8034/2465
f 2465/8034/2465 3775/8035/3775 1540/8029/1540
f 3775/8035/3775 216/8036/216 1540/8029/1540
f 2548/8032/2548 2465/8034/2465 1509/5689/1509
f 2178/8031/2178 1509/5689/1509 2465/8034/2465
f 3774/8024/3774 1540/8029/1540 216/8036/216
f 1540/8029/1540 2178/8031/2178 2465/8034/2465
f 1477/8011/1477 3850/8021/3850 2996/8023/2996
f 1280/8004/1280 3389/8006/3389 2357/377/2357
f 115/8027/115 1986/8008/1986 2996/8023/2996
f 65/8002/65 1280/8004/1280 2357/377/2357
f 2357/377/2357 3389/8006/3389 87/3840/87
f 395/7993/395 3401/8000/3401 1/7992/1
f 3401/8000/3401 65/8002/65 1/7992/1
f 1/7992/1 65/8002/65 2/2342/2
f 85/7969/85 64/7997/64 1510/7961/1510
f 64/7997/64 395/7993/395 1510/7961/1510
f 861/2522/861 862/2524/862 863/8037/863
f 863/8037/863 2/2342/2 4426/2341/4426
f 216/8036/216 207/8038/207 206/8039/206
f 3774/8024/3774 216/8036/216 192/8040/192
f 3850/8021/3850 3774/8024/3774 192/8040/192
f 861/2522/861 863/8037/863 4426/2341/4426
f 2/2342/2 65/8002/65 2357/377/2357
f 3896/2723/3896 4804/2523/4804 2701/8041/2701
f 4804/2523/4804 861/2522/861 2701/8041/2701
f 2677/8042/2677 461/8043/461 2701/8041/2701
f 216/8036/216 206/8039/206 192/8040/192
f 3850/8021/3850 4812/8044/4812 2996/8023/2996
f 4812/8044/4812 4919/8045/4919 2996/8023/2996
f 2677/8042/2677 2701/8041/2701 861/2522/861
f 2359/379/2359 2358/378/2358 4426/2341/4426
f 2358/378/2358 2677/8042/2677 4426/2341/4426
f 2677/8042/2677 861/2522/861 4426/2341/4426
f 115/8027/115 87/3840/87 3389/8006/3389
f 485/8046/485 766/2351/766 2935/2350/2935
f 766/2351/766 1430/742/1430 265/2352/265
f 2594/2353/2594 3568/3079/3568 3472/2354/3472
f 909/2356/909 3582/3744/3582 701/3743/701
f 701/3743/701 1061/101/1061 909/2356/909
f 1784/593/1784 1785/8047/1785 1786/2357/1786
f 100/2358/100 722/8048/722 721/2359/721
f 4399/2361/4399 2478/8049/2478 3516/2362/3516
f 1765/2365/1765 3769/8050/3769 3770/2366/3770
f 656/3529/656 1717/5255/1717 657/8051/657
f 1717/5255/1717 1603/2368/1603 657/8051/657
f 1603/2368/1603 2623/5254/2623 4569/2369/4569
f 2623/5254/2623 962/8052/962 4569/2369/4569
f 658/8053/658 656/3529/656 657/8051/657
f 921/8054/921 822/8055/822 2108/2370/2108
f 822/8055/822 657/8051/657 1603/2368/1603
f 2108/2370/2108 822/8055/822 1603/2368/1603
f 1901/8056/1901 271/8057/271 1768/4130/1768
f 271/8057/271 3723/8058/3723 1768/4130/1768
f 1768/4130/1768 1801/4129/1801 1901/8056/1901
f 1801/4129/1801 1468/4131/1468 1901/8056/1901
f 37/8059/37 3866/8060/3866 4761/2373/4761
f 3866/8060/3866 1901/8056/1901 1468/4131/1468
f 4761/2373/4761 3866/8060/3866 2821/2371/2821
f 1942/2372/1942 1409/8061/1409 4761/2373/4761
f 1468/4131/1468 2821/2371/2821 3866/8060/3866
f 4156/2169/4156 4702/2168/4702 4705/2375/4705
f 2415/7272/2415 2416/6826/2416 2414/2378/2414
f 2416/6826/2416 2573/1735/2573 2414/2378/2414
f 2210/8062/2210 2209/8063/2209 2939/8064/2939
f 2939/8064/2939 4393/8065/4393 886/8066/886
f 886/8066/886 1564/8067/1564 1565/8068/1565
f 3586/8069/3586 4267/8070/4267 4501/5169/4501
f 2939/8064/2939 886/8066/886 2210/8062/2210
f 886/8066/886 1565/8068/1565 4013/8071/4013
f 2210/8062/2210 886/8066/886 2675/8072/2675
f 1565/8068/1565 3586/8069/3586 3804/8073/3804
f 3586/8069/3586 4501/5169/4501 3804/8073/3804
f 2675/8072/2675 886/8066/886 4013/8071/4013
f 2656/8074/2656 707/8075/707 2210/8062/2210
f 1406/8076/1406 714/8077/714 2656/8074/2656
f 153/8078/153 1318/8079/1318 1406/8076/1406
f 62/8080/62 33/8081/33 153/8078/153
f 4831/8082/4831 61/8083/61 62/8080/62
f 159/8084/159 3782/3994/3782 4831/8082/4831
f 189/8085/189 159/8084/159 4831/8082/4831
f 4831/8082/4831 62/8080/62 153/8078/153
f 153/8078/153 1406/8076/1406 3029/8086/3029
f 1406/8076/1406 2656/8074/2656 3282/2381/3282
f 2656/8074/2656 2210/8062/2210 2135/2379/2135
f 2135/2379/2135 2210/8062/2210 2675/8072/2675
f 1565/8068/1565 3804/8073/3804 4503/8087/4503
f 4502/5168/4502 751/911/751 2702/5170/2702
f 1565/8068/1565 4503/8087/4503 3070/8088/3070
f 4503/8087/4503 4502/5168/4502 3070/8088/3070
f 4502/5168/4502 2702/5170/2702 3070/8088/3070
f 3070/8088/3070 114/8089/114 4013/8071/4013
f 1406/8076/1406 3282/2381/3282 3029/8086/3029
f 1565/8068/1565 3070/8088/3070 4013/8071/4013
f 189/8085/189 4831/8082/4831 153/8078/153
f 3247/8090/3247 3519/4001/3519 3248/8091/3248
f 3519/4001/3519 1199/4000/1199 3248/8091/3248
f 1199/4000/1199 189/8085/189 3248/8091/3248
f 189/8085/189 153/8078/153 3029/8086/3029
f 2135/2379/2135 2765/8092/2765 2134/2380/2134
f 3282/2381/3282 4924/8093/4924 3029/8086/3029
f 3029/8086/3029 3248/8091/3248 189/8085/189
f 2656/8074/2656 2135/2379/2135 3282/2381/3282
f 4074/2599/4074 2267/692/2267 1931/2597/1931
f 2267/692/2267 958/691/958 4136/8094/4136
f 1931/2597/1931 2267/692/2267 4323/2384/4323
f 958/691/958 3007/4448/3007 1336/7166/1336
f 1336/7166/1336 4195/7165/4195 4136/8094/4136
f 958/691/958 1336/7166/1336 4136/8094/4136
f 659/2054/659 2912/7326/2912 497/8095/497
f 2912/7326/2912 1931/2597/1931 2228/8096/2228
f 659/2054/659 497/8095/497 2064/8097/2064
f 3411/489/3411 1392/488/1392 659/2054/659
f 4822/8098/4822 4305/487/4305 3411/489/3411
f 2286/8099/2286 4936/8100/4936 4822/8098/4822
f 2079/8101/2079 2080/8102/2080 2286/8099/2286
f 2300/6549/2300 2079/8101/2079 2286/8099/2286
f 2286/8099/2286 4822/8098/4822 3411/489/3411
f 3411/489/3411 659/2054/659 2286/8099/2286
f 2286/8099/2286 659/2054/659 2064/8097/2064
f 2267/692/2267 4136/8094/4136 4323/2384/4323
f 1056/1673/1056 2300/6549/2300 2286/8099/2286
f 3020/8103/3020 1566/1674/1566 1056/1673/1056
f 4278/8104/4278 418/8105/418 3267/8106/3267
f 3267/8106/3267 3020/8103/3020 1056/1673/1056
f 1056/1673/1056 2286/8099/2286 2064/8097/2064
f 1931/2597/1931 4323/2384/4323 749/2383/749
f 1536/8107/1536 4278/8104/4278 4860/8108/4860
f 4278/8104/4278 3267/8106/3267 4860/8108/4860
f 3267/8106/3267 1056/1673/1056 2064/8097/2064
f 497/8095/497 2912/7326/2912 3777/8109/3777
f 228/8110/228 1203/7164/1203 2910/7167/2910
f 3777/8109/3777 2912/7326/2912 2228/8096/2228
f 4323/2384/4323 228/8110/228 2763/2382/2763
f 4684/8111/4684 4518/8112/4518 1536/8107/1536
f 228/8110/228 2910/7167/2910 1251/8113/1251
f 2910/7167/2910 4862/8114/4862 1251/8113/1251
f 1251/8113/1251 2053/8115/2053 2052/8116/2052
f 4684/8111/4684 1536/8107/1536 3531/8117/3531
f 3267/8106/3267 2064/8097/2064 4860/8108/4860
f 4860/8108/4860 3531/8117/3531 1536/8107/1536
f 2064/8097/2064 2065/8118/2065 4860/8108/4860
f 2183/8119/2183 2233/8120/2233 3777/8109/3777
f 2233/8120/2233 497/8095/497 3777/8109/3777
f 2626/8121/2626 2183/8119/2183 3777/8109/3777
f 228/8110/228 1251/8113/1251 2763/2382/2763
f 1251/8113/1251 2052/8116/2052 2763/2382/2763
f 2763/2382/2763 3725/8122/3725 2360/8123/2360
f 2228/8096/2228 1931/2597/1931 748/8124/748
f 747/8125/747 2255/8126/2255 2228/8096/2228
f 748/8124/748 1931/2597/1931 749/2383/749
f 2763/2382/2763 2360/8123/2360 749/2383/749
f 2360/8123/2360 750/8127/750 749/2383/749
f 748/8124/748 747/8125/747 2228/8096/2228
f 1661/2388/1661 4907/8128/4907 4890/1452/4890
f 2722/2392/2722 1022/375/1022 1463/3836/1463
f 1022/375/1022 680/374/680 1463/3836/1463
f 680/374/680 679/3837/679 1463/3836/1463
f 1463/3836/1463 1464/3812/1464 2722/2392/2722
f 1464/3812/1464 4068/2390/4068 2722/2392/2722
f 71/1663/71 4471/8129/4471 4093/2397/4093
f 1099/2398/1099 3503/3805/3503 3502/2399/3502
f 1301/8130/1301 1300/8131/1300 2870/8132/2870
f 1300/8131/1300 4421/8133/4421 3704/985/3704
f 2870/8132/2870 1300/8131/1300 1038/984/1038
f 4421/8133/4421 4386/8134/4386 4365/8135/4365
f 1282/8136/1282 3710/8137/3710 4193/8138/4193
f 4421/8133/4421 4365/8135/4365 3963/1825/3963
f 4365/8135/4365 1282/8136/1282 3963/1825/3963
f 1038/984/1038 1300/8131/1300 3704/985/3704
f 3792/8139/3792 3614/8140/3614 3927/4487/3927
f 3614/8140/3614 2870/8132/2870 1038/984/1038
f 3065/299/3065 3614/8140/3614 4022/7142/4022
f 3927/4487/3927 3926/4486/3926 3792/8139/3792
f 3065/299/3065 3469/298/3469 3927/4487/3927
f 4022/7142/4022 3470/300/3470 3065/299/3065
f 1038/984/1038 4129/983/4129 4022/7142/4022
f 3823/5332/3823 3704/985/3704 4421/8133/4421
f 2142/6983/2142 3579/8141/3579 3963/1825/3963
f 3579/8141/3579 3823/5332/3823 4421/8133/4421
f 3963/1825/3963 3579/8141/3579 4421/8133/4421
f 2815/2958/2815 4736/1826/4736 1276/2956/1276
f 4736/1826/4736 3963/1825/3963 1282/8136/1282
f 1276/2956/1276 4736/1826/4736 1282/8136/1282
f 1038/984/1038 4022/7142/4022 3614/8140/3614
f 2105/8142/2105 2709/8143/2709 2106/2606/2106
f 2709/8143/2709 1276/2956/1276 2197/2405/2197
f 2106/2606/2106 2709/8143/2709 2197/2405/2197
f 3127/2407/3127 4300/8144/4300 2197/2405/2197
f 4300/8144/4300 2106/2606/2106 2197/2405/2197
f 3065/299/3065 3927/4487/3927 3614/8140/3614
f 1282/8136/1282 4193/8138/4193 1276/2956/1276
f 4193/8138/4193 2197/2405/2197 1276/2956/1276
f 843/6302/843 842/6301/842 4519/8145/4519
f 842/6301/842 1631/6300/1631 4519/8145/4519
f 4519/8145/4519 3819/8146/3819 704/8147/704
f 4002/6309/4002 2181/6303/2181 843/6302/843
f 4217/7037/4217 4216/8148/4216 1530/8149/1530
f 1530/8149/1530 4002/6309/4002 843/6302/843
f 843/6302/843 4519/8145/4519 3910/2409/3910
f 4519/8145/4519 704/8147/704 3910/2409/3910
f 3365/2410/3365 2517/8150/2517 1893/8151/1893
f 1530/8149/1530 843/6302/843 3910/2409/3910
f 3365/2410/3365 1893/8151/1893 3912/8152/3912
f 704/8147/704 3365/2410/3365 3910/2409/3910
f 3910/2409/3910 4217/7037/4217 1530/8149/1530
f 1151/2408/1151 299/7035/299 3910/2409/3910
f 2421/6420/2421 1152/7036/1152 1151/2408/1151
f 4611/8153/4611 2978/6421/2978 2421/6420/2421
f 3539/8154/3539 3540/8155/3540 4611/8153/4611
f 3365/2410/3365 3912/8152/3912 1151/2408/1151
f 3912/8152/3912 3539/8154/3539 1151/2408/1151
f 4611/8153/4611 2421/6420/2421 3539/8154/3539
f 2421/6420/2421 1151/2408/1151 3539/8154/3539
f 972/2415/972 1905/8156/1905 3204/2416/3204
f 2427/6283/2427 3452/8157/3452 1748/2423/1748
f 3452/8157/3452 4238/2421/4238 1748/2423/1748
f 1763/2424/1763 4524/3996/4524 826/2425/826
f 452/2427/452 4549/8158/4549 662/2428/662
f 2622/2431/2622 2012/8159/2012 3747/2432/3747
f 3747/2432/3747 4075/2760/4075 3748/2430/3748
f 4075/2760/4075 789/5214/789 3748/2430/3748
f 3367/3449/3367 3812/239/3812 1138/238/1138
f 1138/238/1138 1807/3448/1807 2787/5144/2787
f 1807/3448/1807 664/8160/664 665/8161/665
f 665/8161/665 3661/2469/3661 1595/2468/1595
f 1807/3448/1807 665/8161/665 2787/5144/2787
f 996/8162/996 3367/3449/3367 997/8163/997
f 3367/3449/3367 1138/238/1138 997/8163/997
f 2293/336/2293 998/335/998 426/5154/426
f 998/335/998 997/8163/997 330/5150/330
f 2293/336/2293 426/5154/426 427/171/427
f 665/8161/665 1595/2468/1595 2784/5141/2784
f 1138/238/1138 2787/5144/2787 181/5146/181
f 1595/2468/1595 2569/8164/2569 2785/5140/2785
f 2569/8164/2569 3650/8165/3650 1503/8166/1503
f 1503/8166/1503 3663/75/3663 27/76/27
f 2569/8164/2569 1503/8166/1503 149/5138/149
f 2785/5140/2785 2569/8164/2569 149/5138/149
f 997/8163/997 1138/238/1138 1653/5148/1653
f 997/8163/997 1653/5148/1653 330/5150/330
f 639/2114/639 2293/336/2293 4811/2115/4811
f 4811/2115/4811 2293/336/2293 427/171/427
f 427/171/427 431/170/431 4811/2115/4811
f 1503/8166/1503 27/76/27 150/5136/150
f 426/5154/426 998/335/998 450/5152/450
f 566/1941/566 432/172/432 427/171/427
f 426/5154/426 565/5153/565 427/171/427
f 565/5153/565 566/1941/566 427/171/427
f 450/5152/450 2523/5151/2523 426/5154/426
f 330/5150/330 329/5149/329 450/5152/450
f 1653/5148/1653 328/5147/328 330/5150/330
f 181/5146/181 180/5145/180 1653/5148/1653
f 2787/5144/2787 182/5143/182 181/5146/181
f 1353/5142/1353 1352/864/1352 2787/5144/2787
f 2784/5141/2784 793/865/793 1353/5142/1353
f 2785/5140/2785 2786/5139/2786 2784/5141/2784
f 149/5138/149 3844/5137/3844 2785/5140/2785
f 150/5136/150 148/5135/148 149/5138/149
f 3522/5134/3522 3717/5127/3717 150/5136/150
f 2466/5133/2466 4412/5130/4412 3522/5134/3522
f 952/2458/952 2739/5131/2739 67/2456/67
f 2739/5131/2739 2466/5133/2466 67/2456/67
f 661/2429/661 662/2428/662 67/2456/67
f 2466/5133/2466 3522/5134/3522 80/62/80
f 3522/5134/3522 150/5136/150 27/76/27
f 2466/5133/2466 80/62/80 39/148/39
f 150/5136/150 149/5138/149 1503/8166/1503
f 2785/5140/2785 2784/5141/2784 1595/2468/1595
f 2784/5141/2784 1353/5142/1353 665/8161/665
f 181/5146/181 1653/5148/1653 1138/238/1138
f 1353/5142/1353 2787/5144/2787 665/8161/665
f 67/2456/67 2466/5133/2466 3374/147/3374
f 39/148/39 80/62/80 3160/8167/3160
f 330/5150/330 450/5152/450 998/335/998
f 80/62/80 79/61/79 3160/8167/3160
f 27/76/27 80/62/80 3522/5134/3522
f 661/2429/661 67/2456/67 3374/147/3374
f 77/8168/77 452/2427/452 661/2429/661
f 3483/8169/3483 453/8170/453 77/8168/77
f 74/56/74 3484/8171/3484 3483/8169/3483
f 47/37/47 49/40/49 72/54/72
f 72/54/72 74/56/74 3483/8169/3483
f 77/8168/77 661/2429/661 47/37/47
f 2466/5133/2466 39/148/39 3374/147/3374
f 72/54/72 3483/8169/3483 77/8168/77
f 3374/147/3374 4586/38/4586 47/37/47
f 47/37/47 72/54/72 77/8168/77
f 3160/8167/3160 508/8172/508 39/148/39
f 508/8172/508 686/149/686 39/148/39
f 4086/92/4086 4429/226/4429 4931/1073/4931
f 2750/2433/2750 2749/1687/2749 1420/2434/1420
f 4200/681/4200 4167/8173/4167 199/8174/199
f 4167/8173/4167 3562/2824/3562 2629/2251/2629
f 199/8174/199 4167/8173/4167 124/297/124
f 3562/2824/3562 3741/2826/3741 4311/5488/4311
f 3633/1111/3633 4286/1113/4286 2509/1456/2509
f 4286/1113/4286 3221/8175/3221 3506/8176/3506
f 2509/1456/2509 4286/1113/4286 3506/8176/3506
f 3562/2824/3562 4311/5488/4311 3633/1111/3633
f 199/8174/199 2185/4446/2185 4200/681/4200
f 124/297/124 4167/8173/4167 2629/2251/2629
f 3562/2824/3562 3633/1111/3633 2509/1456/2509
f 3221/8175/3221 4850/8177/4850 4048/8178/4048
f 4048/8178/4048 4506/2505/4506 2015/8179/2015
f 4506/2505/4506 2646/2504/2646 2015/8179/2015
f 2646/2504/2646 2648/8180/2648 4318/8181/4318
f 4318/8181/4318 4679/8182/4679 3252/8183/3252
f 3252/8183/3252 3250/8184/3250 3251/8185/3251
f 3251/8185/3251 3813/8186/3813 2015/8179/2015
f 2015/8179/2015 3506/8176/3506 3221/8175/3221
f 3506/8176/3506 2510/1454/2510 2509/1456/2509
f 4318/8181/4318 3252/8183/3252 3251/8185/3251
f 3251/8185/3251 2015/8179/2015 2646/2504/2646
f 4913/1455/4913 4015/8187/4015 2075/235/2075
f 4015/8187/4015 4014/8188/4014 2075/235/2075
f 4318/8181/4318 3251/8185/3251 2646/2504/2646
f 2509/1456/2509 4913/1455/4913 2075/235/2075
f 4014/8188/4014 4707/3445/4707 2075/235/2075
f 2075/235/2075 1339/234/1339 2509/1456/2509
f 1339/234/1339 2628/2252/2628 2629/2251/2629
f 2629/2251/2629 1812/7638/1812 1811/295/1811
f 1339/234/1339 2629/2251/2629 3562/2824/3562
f 2509/1456/2509 1339/234/1339 3562/2824/3562
f 3221/8175/3221 4048/8178/4048 2015/8179/2015
f 570/2438/570 571/8189/571 568/1546/568
f 569/1545/569 2827/8190/2827 570/2438/570
f 2827/8190/2827 3127/2436/3127 570/2438/570
f 570/2438/570 568/1546/568 569/1545/569
f 3186/2439/3186 1121/8191/1121 3836/2440/3836
f 2535/3317/2535 1941/3306/1941 1940/2443/1940
f 1941/3306/1941 2718/2442/2718 1940/2443/1940
f 2718/2442/2718 4344/3832/4344 2717/1262/2717
f 4344/3832/4344 2089/3834/2089 2717/1262/2717
f 1940/2443/1940 4065/8192/4065 2535/3317/2535
f 2920/8193/2920 3802/1063/3802 4439/8194/4439
f 3802/1063/3802 2769/2901/2769 4439/8194/4439
f 2769/2901/2769 412/1062/412 870/2141/870
f 412/1062/412 4935/1061/4935 870/2141/870
f 870/2141/870 4119/2140/4119 4546/8195/4546
f 4087/8196/4087 3869/8197/3869 2078/8198/2078
f 3869/8197/3869 4439/8194/4439 2078/8198/2078
f 2470/8199/2470 2078/8198/2078 1982/2446/1982
f 1982/2446/1982 2078/8198/2078 2978/2444/2978
f 3556/1090/3556 3555/1092/3555 4611/2445/4611
f 3555/1092/3555 1982/2446/1982 4611/2445/4611
f 4439/8194/4439 2769/2901/2769 2978/2444/2978
f 2769/2901/2769 870/2141/870 919/5210/919
f 870/2141/870 4546/8195/4546 919/5210/919
f 4546/8195/4546 3278/5211/3278 919/5210/919
f 919/5210/919 2978/2444/2978 2769/2901/2769
f 2078/8198/2078 4439/8194/4439 2978/2444/2978
f 1500/8200/1500 3571/2448/3571 1497/2447/1497
f 3571/2448/3571 1884/8201/1884 1886/2449/1886
f 3710/8202/3710 1282/8203/1282 2298/2452/2298
f 1282/8203/1282 4365/2450/4365 2298/2452/2298
f 68/2455/68 4337/8204/4337 2542/2453/2542
f 4337/8204/4337 622/8205/622 590/8206/590
f 2931/8207/2931 397/8208/397 3773/1474/3773
f 4337/8204/4337 590/8206/590 2542/2453/2542
f 622/8205/622 2931/8207/2931 1690/8209/1690
f 590/8206/590 622/8205/622 1690/8209/1690
f 1424/8210/1424 4495/8211/4495 4079/8212/4079
f 4495/8211/4495 68/2455/68 4079/8212/4079
f 3417/2454/3417 2799/8213/2799 4079/8212/4079
f 2931/8207/2931 3773/1474/3773 3664/6145/3664
f 3417/2454/3417 4079/8212/4079 68/2455/68
f 2542/2453/2542 2641/8214/2641 3417/2454/3417
f 590/8206/590 2543/8215/2543 2542/2453/2542
f 2244/8216/2244 1691/8217/1691 2245/8218/2245
f 1691/8217/1691 1690/8209/1690 2931/8207/2931
f 2245/8218/2245 1691/8217/1691 2931/8207/2931
f 1448/6148/1448 2244/8216/2244 2245/8218/2245
f 3664/6145/3664 1449/1473/1449 2245/8218/2245
f 3664/6145/3664 2245/8218/2245 2931/8207/2931
f 67/2456/67 662/2428/662 2048/2457/2048
f 3836/2459/3836 4539/8219/4539 4538/2460/4538
f 1973/8220/1973 292/733/292 4934/8221/4934
f 292/733/292 676/3255/676 1761/3253/1761
f 4934/8221/4934 292/733/292 4721/8222/4721
f 676/3255/676 1762/3254/1762 1761/3253/1761
f 1761/3253/1761 1502/3252/1502 1560/2462/1560
f 1560/2462/1560 1293/3251/1293 1294/3250/1294
f 1294/3250/1294 3033/3249/3033 2050/3248/2050
f 2050/3248/2050 2107/3247/2107 3724/3271/3724
f 3724/3271/3724 3141/3270/3141 446/4284/446
f 446/4284/446 3112/4288/3112 1362/2463/1362
f 3112/4288/3112 465/4290/465 1362/2463/1362
f 1362/2463/1362 4556/4291/4556 292/733/292
f 4556/4291/4556 4721/8222/4721 292/733/292
f 2050/3248/2050 3724/3271/3724 1362/2463/1362
f 3724/3271/3724 446/4284/446 1362/2463/1362
f 1294/3250/1294 2050/3248/2050 1362/2463/1362
f 1294/3250/1294 1362/2463/1362 1560/2462/1560
f 4721/8222/4721 1963/8223/1963 1504/8224/1504
f 1504/8224/1504 4754/8225/4754 4934/8221/4934
f 292/733/292 1761/3253/1761 1560/2462/1560
f 4721/8222/4721 1504/8224/1504 4934/8221/4934
f 3379/2466/3379 502/8226/502 2202/2464/2202
f 502/8226/502 501/8227/501 2997/8228/2997
f 2997/8228/2997 2998/8229/2998 2202/2464/2202
f 2998/8229/2998 912/8230/912 2202/2464/2202
f 502/8226/502 2997/8228/2997 2202/2464/2202
f 2422/2467/2422 2569/8164/2569 1595/2468/1595
f 4542/2471/4542 2470/8199/2470 4179/504/4179
f 2470/8199/2470 1982/2446/1982 3555/1092/3555
f 3555/1092/3555 4525/1091/4525 2330/2837/2330
f 4525/1091/4525 4920/8231/4920 4922/2835/4922
f 2330/2837/2330 4525/1091/4525 4922/2835/4922
f 2470/8199/2470 3555/1092/3555 2330/2837/2330
f 4179/504/4179 2470/8199/2470 2330/2837/2330
f 4256/8232/4256 2258/8233/2258 4180/2470/4180
f 2258/8233/2258 4542/2471/4542 4180/2470/4180
f 1517/2472/1517 3256/8234/3256 529/2473/529
f 764/8235/764 692/7022/692 2740/1864/2740
f 2740/1864/2740 4310/1498/4310 2746/1500/2746
f 2746/1500/2746 3838/1499/3838 3839/8236/3839
f 3839/8236/3839 4164/1924/4164 3758/7158/3758
f 4899/1923/4899 688/2041/688 2069/7304/2069
f 2746/1500/2746 3839/8236/3839 3758/7158/3758
f 2740/1864/2740 2746/1500/2746 764/8235/764
f 2746/1500/2746 3758/7158/3758 4397/8237/4397
f 764/8235/764 2746/1500/2746 4397/8237/4397
f 4397/8237/4397 4595/8238/4595 764/8235/764
f 3758/7158/3758 4899/1923/4899 4397/8237/4397
f 4397/8237/4397 4899/1923/4899 1553/1433/1553
f 4899/1923/4899 2069/7304/2069 1553/1433/1553
f 1851/7425/1851 4247/7424/4247 3897/8239/3897
f 3897/8239/3897 4397/8237/4397 1851/7425/1851
f 3115/2040/3115 3117/8240/3117 4544/8241/4544
f 3117/8240/3117 1106/8242/1106 4544/8241/4544
f 4397/8237/4397 1553/1433/1553 1851/7425/1851
f 2069/7304/2069 3115/2040/3115 340/602/340
f 1553/1433/1553 2069/7304/2069 4533/2290/4533
f 2380/1432/2380 1218/2100/1218 1851/7425/1851
f 4544/8241/4544 1128/8243/1128 1129/8244/1129
f 4422/8245/4422 2472/8246/2472 1228/150/1228
f 2472/8246/2472 4579/8247/4579 3284/8248/3284
f 3115/2040/3115 4544/8241/4544 1664/523/1664
f 4544/8241/4544 1129/8244/1129 1664/523/1664
f 3115/2040/3115 1664/523/1664 340/602/340
f 1129/8244/1129 4422/8245/4422 1228/150/1228
f 2472/8246/2472 3284/8248/3284 3413/8249/3413
f 4579/8247/4579 300/8250/300 1216/8251/1216
f 1216/8251/1216 2854/8252/2854 3284/8248/3284
f 3284/8248/3284 2915/8253/2915 3413/8249/3413
f 3413/8249/3413 3412/8254/3412 858/3246/858
f 1228/150/1228 3394/152/3394 4058/524/4058
f 3413/8249/3413 858/3246/858 1228/150/1228
f 1216/8251/1216 3284/8248/3284 4579/8247/4579
f 2472/8246/2472 3413/8249/3413 1228/150/1228
f 1553/1433/1553 2380/1432/2380 1851/7425/1851
f 4456/8255/4456 1902/1431/1902 4533/2290/4533
f 1902/1431/1902 1553/1433/1553 4533/2290/4533
f 4533/2290/4533 4613/2289/4613 4456/8255/4456
f 339/4206/339 2456/1895/2456 340/602/340
f 2456/1895/2456 4533/2290/4533 340/602/340
f 4533/2290/4533 2069/7304/2069 340/602/340
f 1228/150/1228 4058/524/4058 1664/523/1664
f 1664/523/1664 1665/4177/1665 1663/433/1663
f 1228/150/1228 1664/523/1664 1129/8244/1129
f 1664/523/1664 1663/433/1663 2336/432/2336
f 2149/2475/2149 2889/8256/2889 2487/2476/2487
f 2386/2478/2386 3038/1612/3038 2552/2479/2552
f 1731/2480/1731 1732/8257/1732 1766/2481/1766
f 4284/2483/4284 2677/8258/2677 2358/2484/2358
f 3699/2486/3699 40/8259/40 1787/2337/1787
f 3667/2488/3667 2391/958/2391 2392/2489/2392
f 1846/2491/1846 4725/8260/4725 2716/2492/2716
f 4469/8261/4469 4587/8262/4587 2892/8263/2892
f 4587/8262/4587 916/8264/916 2892/8263/2892
f 2004/8265/2004 2003/8266/2003 3790/2496/3790
f 916/8264/916 2004/8265/2004 2892/8263/2892
f 4398/8267/4398 3511/8268/3511 2892/8263/2892
f 2892/8263/2892 2004/8265/2004 4398/8267/4398
f 2004/8265/2004 3790/2496/3790 4921/2495/4921
f 4398/8267/4398 2004/8265/2004 4460/8269/4460
f 4460/8269/4460 2165/8270/2165 4398/8267/4398
f 4460/8269/4460 2004/8265/2004 4921/2495/4921
f 4329/8271/4329 3363/8272/3363 3364/8273/3364
f 3363/8272/3363 3898/8274/3898 3364/8273/3364
f 3790/2496/3790 4329/8271/4329 4923/8275/4923
f 717/8276/717 492/8277/492 4921/2495/4921
f 492/8277/492 4460/8269/4460 4921/2495/4921
f 3364/8273/3364 4592/8278/4592 4593/8279/4593
f 4923/8275/4923 3818/8280/3818 160/8281/160
f 3364/8273/3364 4593/8279/4593 4923/8275/4923
f 3790/2496/3790 4923/8275/4923 1161/2494/1161
f 4329/8271/4329 3364/8273/3364 4923/8275/4923
f 4923/8275/4923 160/8281/160 1161/2494/1161
f 4739/8282/4739 3161/8283/3161 2392/8284/2392
f 4756/8285/4756 3476/8286/3476 744/8287/744
f 4739/8282/4739 2392/8284/2392 4756/8285/4756
f 3778/2499/3778 2265/8288/2265 4739/8282/4739
f 1764/8289/1764 4005/8290/4005 4111/2498/4111
f 4005/8290/4005 3778/2499/3778 4111/2498/4111
f 4112/8291/4112 4001/8292/4001 4111/2498/4111
f 3778/2499/3778 4739/8282/4739 4756/8285/4756
f 4756/8285/4756 744/8287/744 3166/2497/3166
f 3166/2497/3166 4112/8291/4112 4111/2498/4111
f 3778/2499/3778 4756/8285/4756 3166/2497/3166
f 121/2500/121 1364/829/1364 1365/2501/1365
f 2647/2503/2647 2648/8180/2648 2646/2504/2646
f 3669/8293/3669 1125/8294/1125 2382/8295/2382
f 3053/2506/3053 619/2771/619 618/8296/618
f 3669/8293/3669 2382/8295/2382 3053/2506/3053
f 2447/8297/2447 2308/8298/2308 3669/8293/3669
f 1585/8299/1585 2196/8300/2196 2447/8297/2447
f 2663/8301/2663 374/8302/374 1585/8299/1585
f 3153/8303/3153 1960/8304/1960 2663/8301/2663
f 1726/8305/1726 2036/8306/2036 3153/8303/3153
f 3702/8307/3702 2844/8308/2844 1726/8305/1726
f 4261/6824/4261 2252/8309/2252 1214/6825/1214
f 2252/8309/2252 3702/8307/3702 1214/6825/1214
f 4472/8310/4472 548/6823/548 4143/8311/4143
f 548/6823/548 1214/6825/1214 4143/8311/4143
f 3702/8307/3702 1726/8305/1726 4633/2691/4633
f 1726/8305/1726 3153/8303/3153 2480/2689/2480
f 3702/8307/3702 4633/2691/4633 2128/8312/2128
f 2663/8301/2663 1585/8299/1585 3138/130/3138
f 1585/8299/1585 2447/8297/2447 2977/8313/2977
f 3138/130/3138 1585/8299/1585 241/131/241
f 3153/8303/3153 2663/8301/2663 700/1615/700
f 1214/6825/1214 3702/8307/3702 2128/8312/2128
f 4633/2691/4633 1726/8305/1726 2480/2689/2480
f 2447/8297/2447 3669/8293/3669 2734/2508/2734
f 3669/8293/3669 3053/2506/3053 2734/2508/2734
f 2447/8297/2447 2734/2508/2734 2977/8313/2977
f 1585/8299/1585 2977/8313/2977 241/131/241
f 1215/8314/1215 4143/8311/4143 1214/6825/1214
f 2128/8312/2128 1215/8314/1215 1214/6825/1214
f 618/8296/618 1273/8315/1273 1274/8316/1274
f 3153/8303/3153 1551/1617/1551 3315/8317/3315
f 3315/8317/3315 2480/2689/2480 3153/8303/3153
f 1551/1617/1551 3153/8303/3153 700/1615/700
f 3053/2506/3053 618/8296/618 4825/2507/4825
f 618/8296/618 1274/8316/1274 900/1173/900
f 4825/2507/4825 618/8296/618 900/1173/900
f 107/8318/107 4728/8319/4728 2795/8320/2795
f 4728/8319/4728 1403/8321/1403 2164/8322/2164
f 2795/8320/2795 4728/8319/4728 2164/8322/2164
f 1403/8321/1403 3215/8323/3215 2164/8322/2164
f 3215/8323/3215 3698/8324/3698 3156/8325/3156
f 3810/7468/3810 3215/8323/3215 3156/8325/3156
f 3698/8324/3698 3486/8326/3486 2962/2116/2962
f 3486/8326/3486 1444/4865/1444 114/2117/114
f 3486/8326/3486 114/2117/114 2962/2116/2962
f 1444/4865/1444 2494/4866/2494 114/2117/114
f 3215/8323/3215 3810/7468/3810 3154/2137/3154
f 3480/4867/3480 2766/365/2766 4013/8327/4013
f 2766/365/2766 2675/367/2675 4013/8327/4013
f 4013/8327/4013 114/2117/114 2494/4866/2494
f 3480/4867/3480 4013/8327/4013 2494/4866/2494
f 2962/2116/2962 979/342/979 3698/8324/3698
f 979/342/979 4188/344/4188 3698/8324/3698
f 4188/344/4188 3156/8325/3156 3698/8324/3698
f 3215/8323/3215 3154/2137/3154 3432/6505/3432
f 3215/8323/3215 3432/6505/3432 2164/8322/2164
f 1274/8316/1274 107/8318/107 4423/8328/4423
f 3432/6505/3432 34/6504/34 2164/8322/2164
f 34/6504/34 2163/2905/2163 2164/8322/2164
f 1551/1617/1551 1550/1616/1550 3315/8317/3315
f 3336/3229/3336 700/1615/700 3138/130/3138
f 3138/130/3138 700/1615/700 2663/8301/2663
f 2795/8320/2795 4423/8328/4423 107/8318/107
f 4423/8328/4423 1368/1174/1368 1274/8316/1274
f 1368/1174/1368 900/1173/900 1274/8316/1274
f 900/1173/900 3032/5527/3032 4825/2507/4825
f 4825/2507/4825 4697/497/4697 1578/8329/1578
f 1578/8329/1578 2733/8330/2733 2734/2508/2734
f 2977/8313/2977 1630/8331/1630 1577/8332/1577
f 4825/2507/4825 1578/8329/1578 2734/2508/2734
f 2977/8313/2977 1577/8332/1577 241/131/241
f 3488/2520/3488 3941/7390/3941 3932/4822/3932
f 3932/4822/3932 2407/4825/2407 3488/2520/3488
f 2407/4825/2407 672/8333/672 2693/2518/2693
f 3488/2520/3488 2407/4825/2407 2693/2518/2693
f 672/8333/672 671/8334/671 2693/2518/2693
f 4310/2526/4310 2740/8335/2740 3996/2527/3996
f 3996/2527/3996 4491/8336/4491 4532/8337/4532
f 4532/8337/4532 3997/8338/3997 3996/2527/3996
f 3997/8338/3997 2290/8339/2290 3996/2527/3996
f 2290/8339/2290 3995/2525/3995 3996/2527/3996
f 2512/2540/2512 2974/8340/2974 4238/8341/4238
f 2974/8340/2974 2973/8342/2973 4238/8341/4238
f 4238/8341/4238 4178/2538/4178 2512/2540/2512
f 1371/2545/1371 808/8343/808 46/2543/46
f 808/8343/808 806/3785/806 807/3784/807
f 46/2543/46 808/8343/808 807/3784/807
f 2290/2260/2290 3997/6837/3997 2881/2261/2881
f 3997/6837/3997 1695/1742/1695 2881/2261/2881
f 3895/1013/3895 4027/1012/4027 3561/2558/3561
f 4428/2564/4428 3735/2536/3735 4931/2565/4931
f 1752/2567/1752 677/2920/677 4944/2568/4944
f 1629/2823/1629 4191/8344/4191 3743/1555/3743
f 4191/8344/4191 2126/8345/2126 3743/1555/3743
f 2126/8345/2126 1396/8346/1396 3071/8347/3071
f 3815/8348/3815 1122/8349/1122 360/8350/360
f 2126/8345/2126 3071/8347/3071 3815/8348/3815
f 3744/1557/3744 1629/2823/1629 3743/1555/3743
f 3768/8351/3768 4381/1556/4381 3743/1555/3743
f 2126/8345/2126 3815/8348/3815 3743/1555/3743
f 3815/8348/3815 360/8350/360 3743/1555/3743
f 360/8350/360 1156/8352/1156 4006/8353/4006
f 360/8350/360 4006/8353/4006 3383/8354/3383
f 1735/8355/1735 3768/8351/3768 3743/1555/3743
f 1078/1932/1078 3408/8356/3408 1735/8355/1735
f 3825/8357/3825 3420/1933/3420 2085/7161/2085
f 2085/7161/2085 1078/1932/1078 2116/3683/2116
f 1078/1932/1078 1735/8355/1735 2116/3683/2116
f 1735/8355/1735 3743/1555/3743 995/3897/995
f 3743/1555/3743 360/8350/360 496/3900/496
f 995/3897/995 3743/1555/3743 1081/3898/1081
f 360/8350/360 3383/8354/3383 496/3900/496
f 3383/8354/3383 3871/8358/3871 496/3900/496
f 3871/8358/3871 3870/8359/3870 4937/8360/4937
f 3870/8359/3870 4779/8361/4779 4937/8360/4937
f 4937/8360/4937 3436/8362/3436 935/3358/935
f 3436/8362/3436 344/3359/344 935/3358/935
f 3743/1555/3743 496/3900/496 1081/3898/1081
f 3229/5653/3229 3825/8357/3825 2085/7161/2085
f 2116/3683/2116 1735/8355/1735 995/3897/995
f 3871/8358/3871 4937/8360/4937 935/3358/935
f 3228/1231/3228 3229/5653/3229 2085/7161/2085
f 1692/3686/1692 2117/3685/2117 2116/3683/2116
f 2116/3683/2116 3228/1231/3228 2085/7161/2085
f 3871/8358/3871 935/3358/935 361/3355/361
f 935/3358/935 2232/3356/2232 361/3355/361
f 361/3355/361 539/3354/539 2426/3353/2426
f 2426/3353/2426 2425/3352/2425 108/3351/108
f 108/3351/108 168/3341/168 799/3350/799
f 799/3350/799 798/3342/798 214/3349/214
f 214/3349/214 4227/3883/4227 2218/3889/2218
f 2218/3889/2218 1731/3888/1731 2820/3904/2820
f 3014/3903/3014 3015/3893/3015 1163/3902/1163
f 2218/3889/2218 2820/3904/2820 3014/3903/3014
f 799/3350/799 214/3349/214 2218/3889/2218
f 2426/3353/2426 108/3351/108 2667/3901/2667
f 108/3351/108 799/3350/799 2667/3901/2667
f 361/3355/361 2426/3353/2426 3871/8358/3871
f 3670/7374/3670 1845/3687/1845 1692/3686/1692
f 3871/8358/3871 2426/3353/2426 496/3900/496
f 799/3350/799 2218/3889/2218 3014/3903/3014
f 799/3350/799 3014/3903/3014 1163/3902/1163
f 3670/7374/3670 1692/3686/1692 994/3896/994
f 1692/3686/1692 2116/3683/2116 994/3896/994
f 1150/7375/1150 3671/2087/3671 3670/7374/3670
f 1095/7386/1095 1149/2088/1149 1150/7375/1150
f 3098/7384/3098 1835/7385/1835 1095/7386/1095
f 4121/1106/4121 4294/5486/4294 3098/7384/3098
f 3489/479/3489 4120/8363/4120 4121/1106/4121
f 3324/7162/3324 2418/478/2418 2213/480/2213
f 2213/480/2213 3489/479/3489 1095/7386/1095
f 3489/479/3489 4121/1106/4121 3098/7384/3098
f 1095/7386/1095 3489/479/3489 3098/7384/3098
f 1095/7386/1095 1150/7375/1150 2638/3894/2638
f 1150/7375/1150 3670/7374/3670 2638/3894/2638
f 799/3350/799 1163/3902/1163 2667/3901/2667
f 1163/3902/1163 3097/3890/3097 2667/3901/2667
f 2667/3901/2667 845/3892/845 496/3900/496
f 496/3900/496 495/3899/495 1081/3898/1081
f 1081/3898/1081 1794/3895/1794 995/3897/995
f 2426/3353/2426 2667/3901/2667 496/3900/496
f 138/1939/138 3324/7162/3324 2213/480/2213
f 136/8364/136 137/1940/137 138/1939/138
f 4353/3878/4353 200/2886/200 201/2575/201
f 201/2575/201 136/8364/136 138/1939/138
f 138/1939/138 2213/480/2213 2499/2573/2499
f 2213/480/2213 1095/7386/1095 2499/2573/2499
f 2499/2573/2499 1095/7386/1095 2638/3894/2638
f 3745/3877/3745 4353/3878/4353 3299/3879/3299
f 4353/3878/4353 201/2575/201 3299/3879/3299
f 201/2575/201 138/1939/138 2499/2573/2499
f 2219/3881/2219 2584/3880/2584 3299/3879/3299
f 2224/406/2224 2369/3882/2369 2219/3881/2219
f 2499/2573/2499 556/3886/556 982/2574/982
f 982/2574/982 2224/406/2224 2219/3881/2219
f 2219/3881/2219 3299/3879/3299 982/2574/982
f 3299/3879/3299 201/2575/201 982/2574/982
f 2116/3683/2116 995/3897/995 994/3896/994
f 2638/3894/2638 2383/3891/2383 2499/2573/2499
f 994/3896/994 2638/3894/2638 3670/7374/3670
f 2771/8365/2771 4349/8366/4349 2408/8367/2408
f 4349/8366/4349 4813/8368/4813 554/312/554
f 4349/8366/4349 554/312/554 2408/8367/2408
f 2092/2577/2092 2408/8367/2408 554/312/554
f 28/1377/28 2857/8369/2857 2092/2577/2092
f 4903/2197/4903 3857/6498/3857 3856/2576/3856
f 3856/2576/3856 28/1377/28 2092/2577/2092
f 1558/311/1558 3785/3512/3785 3856/2576/3856
f 3785/3512/3785 4026/8370/4026 3856/2576/3856
f 2092/2577/2092 554/312/554 1558/311/1558
f 4903/2197/4903 3856/2576/3856 4026/8370/4026
f 2773/2578/2773 2775/8371/2775 3253/2579/3253
f 906/1952/906 905/7171/905 151/6380/151
f 1048/6378/1048 1047/1571/1047 1224/6377/1224
f 906/1952/906 151/6380/151 4000/8372/4000
f 151/6380/151 1048/6378/1048 4000/8372/4000
f 4306/8373/4306 3817/1953/3817 906/1952/906
f 4565/8374/4565 4307/8375/4307 345/8376/345
f 4307/8375/4307 4306/8373/4306 345/8376/345
f 4594/8377/4594 346/8378/346 345/8376/345
f 4306/8373/4306 906/1952/906 345/8376/345
f 345/8376/345 906/1952/906 4594/8377/4594
f 1224/6377/1224 1223/1570/1223 4182/6376/4182
f 4594/8377/4594 906/1952/906 4000/8372/4000
f 1048/6378/1048 1224/6377/1224 1234/2581/1234
f 1224/6377/1224 4182/6376/4182 1234/2581/1234
f 4182/6376/4182 1979/6375/1979 2041/6373/2041
f 2041/6373/2041 2278/6372/2278 2277/6371/2277
f 2277/6371/2277 4376/6370/4376 2071/4601/2071
f 2277/6371/2277 2071/4601/2071 2826/4602/2826
f 4182/6376/4182 2041/6373/2041 2826/4602/2826
f 2041/6373/2041 2277/6371/2277 2826/4602/2826
f 4182/6376/4182 2826/4602/2826 1234/2581/1234
f 4576/8379/4576 4594/8377/4594 4053/8380/4053
f 4053/8380/4053 4594/8377/4594 4000/8372/4000
f 531/5970/531 4432/2701/4432 4053/8380/4053
f 2826/4602/2826 2825/2582/2825 1234/2581/1234
f 2825/2582/2825 3654/4603/3654 1176/4605/1176
f 1176/4605/1176 1177/4604/1177 1175/4606/1175
f 1175/4606/1175 3209/4598/3209 1859/4609/1859
f 1859/4609/1859 3005/4600/3005 1581/4611/1581
f 197/4610/197 2280/6884/2280 1071/6894/1071
f 1859/4609/1859 1581/4611/1581 197/4610/197
f 1176/4605/1176 1175/4606/1175 3433/2583/3433
f 1175/4606/1175 1859/4609/1859 3200/6893/3200
f 3200/6893/3200 1859/4609/1859 1071/6894/1071
f 4000/8372/4000 1048/6378/1048 1234/2581/1234
f 1859/4609/1859 197/4610/197 1071/6894/1071
f 2825/2582/2825 1176/4605/1176 3433/2583/3433
f 3607/5973/3607 531/5970/531 1212/5974/1212
f 531/5970/531 4053/8380/4053 3999/8381/3999
f 1357/8382/1357 1212/5974/1212 3999/8381/3999
f 3999/8381/3999 1212/5974/1212 531/5970/531
f 1071/6894/1071 1627/6883/1627 3200/6893/3200
f 3200/6893/3200 3199/6891/3199 3224/6892/3224
f 3224/6892/3224 3207/6888/3207 3433/2583/3433
f 3433/2583/3433 90/6890/90 3925/1163/3925
f 3925/1163/3925 1923/1162/1923 3433/2583/3433
f 1923/1162/1923 1925/1707/1925 3433/2583/3433
f 1925/1707/1925 1088/2374/1088 1087/5976/1087
f 1088/2374/1088 1086/5977/1086 1087/5976/1087
f 3200/6893/3200 3224/6892/3224 1175/4606/1175
f 3224/6892/3224 3433/2583/3433 1175/4606/1175
f 4000/8372/4000 3999/8381/3999 4053/8380/4053
f 3433/2583/3433 1925/1707/1925 1234/2581/1234
f 1925/1707/1925 1087/5976/1087 1234/2581/1234
f 1145/4553/1145 2762/4552/2762 2446/4551/2446
f 2446/4551/2446 795/4550/795 794/4549/794
f 794/4549/794 1248/4548/1248 292/8383/292
f 292/8383/292 1973/2257/1973 1197/8384/1197
f 1973/2257/1973 3305/2896/3305 1197/8384/1197
f 1197/8384/1197 3105/8385/3105 2745/8386/2745
f 2446/4551/2446 794/4549/794 1197/8384/1197
f 794/4549/794 292/8383/292 1197/8384/1197
f 2901/4555/2901 3534/4554/3534 1145/4553/1145
f 1145/4553/1145 2446/4551/2446 2745/8386/2745
f 2745/8386/2745 2446/4551/2446 1197/8384/1197
f 2745/8386/2745 3423/8387/3423 1545/4558/1545
f 3423/8387/3423 1046/8388/1046 399/4562/399
f 1046/8388/1046 754/8389/754 755/8390/755
f 755/8390/755 2802/1928/2802 2406/1927/2406
f 2406/1927/2406 831/7159/831 610/4564/610
f 831/7159/831 833/1429/833 610/4564/610
f 2654/2585/2654 2653/1428/2653 3796/8391/3796
f 833/1429/833 2654/2585/2654 610/4564/610
f 3423/8387/3423 399/4562/399 499/4560/499
f 1046/8388/1046 755/8390/755 399/4562/399
f 755/8390/755 2406/1927/2406 399/4562/399
f 1236/4556/1236 2901/4555/2901 1145/4553/1145
f 1545/4558/1545 1621/4557/1621 1236/4556/1236
f 499/4560/499 897/4559/897 1545/4558/1545
f 399/4562/399 398/4561/398 499/4560/499
f 2482/2584/2482 83/4563/83 610/4564/610
f 499/4560/499 1545/4558/1545 3423/8387/3423
f 1545/4558/1545 1236/4556/1236 2745/8386/2745
f 1236/4556/1236 1145/4553/1145 2745/8386/2745
f 2654/2585/2654 3796/8391/3796 3414/2586/3414
f 3796/8391/3796 2027/5753/2027 2028/1280/2028
f 3796/8391/3796 2028/1280/2028 2834/84/2834
f 399/4562/399 2406/1927/2406 610/4564/610
f 3796/8391/3796 2834/84/2834 1350/4572/1350
f 2028/1280/2028 775/85/775 2834/84/2834
f 2834/84/2834 171/1701/171 760/4579/760
f 760/4579/760 763/4578/763 3239/4577/3239
f 3239/4577/3239 2636/4573/2636 1350/4572/1350
f 760/4579/760 3239/4577/3239 2834/84/2834
f 3414/2586/3414 3796/8391/3796 1350/4572/1350
f 2482/2584/2482 610/4564/610 2654/2585/2654
f 3414/2586/3414 1397/4565/1397 2482/2584/2482
f 1350/4572/1350 3244/4568/3244 3414/2586/3414
f 3239/4577/3239 1350/4572/1350 2834/84/2834
f 3173/2588/3173 4190/8392/4190 2659/8393/2659
f 3528/2589/3528 4938/8394/4938 3692/2587/3692
f 4938/8394/4938 4660/8395/4660 3692/2587/3692
f 3173/2588/3173 2659/8393/2659 3528/2589/3528
f 1052/2590/1052 1053/2780/1053 607/2591/607
f 1630/514/1630 1578/518/1578 1575/6933/1575
f 1578/518/1578 4697/2596/4697 4696/2595/4696
f 1575/6933/1575 1578/518/1578 4696/2595/4696
f 1931/2597/1931 2912/7326/2912 2913/2598/2913
f 4428/2605/4428 2105/8142/2105 2106/2606/2106
f 4335/8396/4335 2758/8397/2758 1864/8398/1864
f 2758/8397/2758 2237/8399/2237 1864/8398/1864
f 1864/8398/1864 1185/8400/1185 4447/8401/4447
f 921/8054/921 3415/8402/3415 363/8403/363
f 363/8403/363 4335/8396/4335 822/8055/822
f 4335/8396/4335 1864/8398/1864 1624/7672/1624
f 4447/8401/4447 655/8404/655 123/2613/123
f 4335/8396/4335 1624/7672/1624 822/8055/822
f 1864/8398/1864 4447/8401/4447 306/2612/306
f 1624/7672/1624 1864/8398/1864 2867/7675/2867
f 822/8055/822 921/8054/921 363/8403/363
f 658/8053/658 657/8051/657 822/8055/822
f 403/3531/403 656/3529/656 658/8053/658
f 348/3555/348 404/3532/404 403/3531/403
f 1624/7672/1624 349/6957/349 403/3531/403
f 349/6957/349 348/3555/348 403/3531/403
f 2867/7675/2867 1625/7671/1625 1624/7672/1624
f 306/2612/306 623/7676/623 2867/7675/2867
f 4043/2611/4043 307/2282/307 306/2612/306
f 1650/7678/1650 2618/7677/2618 4043/2611/4043
f 1651/8405/1651 1649/8406/1649 1650/7678/1650
f 706/8407/706 4616/8408/4616 1651/8405/1651
f 4205/8409/4205 4204/8410/4204 706/8407/706
f 3495/8411/3495 3451/8412/3451 4205/8409/4205
f 1907/8413/1907 3496/8414/3496 3495/8411/3495
f 123/2613/123 1906/8415/1906 1907/8413/1907
f 4447/8401/4447 123/2613/123 306/2612/306
f 658/8053/658 822/8055/822 1624/7672/1624
f 403/3531/403 658/8053/658 1624/7672/1624
f 2867/7675/2867 1864/8398/1864 306/2612/306
f 123/2613/123 1907/8413/1907 4043/2611/4043
f 1907/8413/1907 3495/8411/3495 4043/2611/4043
f 3495/8411/3495 4205/8409/4205 1650/7678/1650
f 706/8407/706 1651/8405/1651 1650/7678/1650
f 3495/8411/3495 1650/7678/1650 4043/2611/4043
f 4205/8409/4205 706/8407/706 1650/7678/1650
f 4620/8416/4620 941/7351/941 3397/8417/3397
f 941/7351/941 106/2070/106 3397/8417/3397
f 3396/1361/3396 4352/1363/4352 3397/8417/3397
f 3396/1361/3396 3397/8417/3397 106/2070/106
f 3396/1361/3396 106/2070/106 1405/7355/1405
f 4448/1362/4448 3396/1361/3396 1405/7355/1405
f 2714/7354/2714 3954/7356/3954 4883/7358/4883
f 1292/2634/1292 4448/1362/4448 1405/7355/1405
f 2714/7354/2714 4883/7358/4883 965/2635/965
f 1292/2634/1292 1405/7355/1405 965/2635/965
f 1405/7355/1405 2714/7354/2714 965/2635/965
f 312/4162/312 3012/4161/3012 1292/2634/1292
f 1333/4159/1333 1334/505/1334 312/4162/312
f 1090/4158/1090 1277/4157/1277 1278/4160/1278
f 4590/4138/4590 1091/4152/1091 139/5595/139
f 1091/4152/1091 1090/4158/1090 139/5595/139
f 3387/1398/3387 1523/6012/1523 4590/4138/4590
f 2198/1198/2198 736/1399/736 3387/1398/3387
f 139/5595/139 1531/1199/1531 4590/4138/4590
f 1531/1199/1531 2198/1198/2198 4590/4138/4590
f 723/8418/723 1827/5593/1827 139/5595/139
f 4468/808/4468 1970/807/1970 723/8418/723
f 3419/2284/3419 4577/806/4577 1278/4160/1278
f 4577/806/4577 4468/808/4468 1090/4158/1090
f 3419/2284/3419 1278/4160/1278 1333/4159/1333
f 3184/8419/3184 3727/2285/3727 1132/7695/1132
f 1132/7695/1132 3419/2284/3419 312/4162/312
f 4468/808/4468 723/8418/723 139/5595/139
f 2198/1198/2198 3387/1398/3387 4590/4138/4590
f 1090/4158/1090 1278/4160/1278 4577/806/4577
f 4468/808/4468 139/5595/139 1090/4158/1090
f 621/5814/621 3184/8419/3184 1292/2634/1292
f 3184/8419/3184 1132/7695/1132 312/4162/312
f 1292/2634/1292 3184/8419/3184 312/4162/312
f 1040/1325/1040 621/5814/621 1292/2634/1292
f 3419/2284/3419 1333/4159/1333 312/4162/312
f 1039/8420/1039 1040/1325/1040 965/2635/965
f 965/2635/965 3559/8421/3559 1039/8420/1039
f 2873/2644/2873 2676/8422/2676 4898/2645/4898
f 575/1559/575 4147/8423/4147 4649/8424/4649
f 4649/8424/4649 4650/2647/4650 575/1559/575
f 4351/2655/4351 1183/4086/1183 2831/2656/2831
f 2988/3827/2988 3423/3829/3423 2381/1079/2381
f 3423/3829/3423 2745/2674/2745 2381/1079/2381
f 2745/2674/2745 3105/3825/3105 2627/1080/2627
f 4917/8425/4917 3888/8426/3888 4914/8427/4914
f 4914/8427/4914 4110/1807/4110 1494/1809/1494
f 1494/1809/1494 568/1546/568 660/2451/660
f 568/1546/568 571/8189/571 3824/1064/3824
f 571/8189/571 570/2438/570 3126/2437/3126
f 3824/1064/3824 4193/1066/4193 3710/8202/3710
f 571/8189/571 3126/2437/3126 3824/1064/3824
f 4914/8427/4914 1494/1809/1494 35/1469/35
f 568/1546/568 3824/1064/3824 660/2451/660
f 876/8428/876 4917/8425/4917 35/1469/35
f 4917/8425/4917 4914/8427/4914 35/1469/35
f 35/1469/35 877/1471/877 876/8428/876
f 4454/6488/4454 3237/1764/3237 35/1469/35
f 1905/6484/1905 971/1609/971 4454/6488/4454
f 3204/6483/3204 1905/6484/1905 4454/6488/4454
f 3204/6483/3204 4454/6488/4454 35/1469/35
f 242/6474/242 3204/6483/3204 35/1469/35
f 3824/1064/3824 3710/8202/3710 2298/2452/2298
f 1494/1809/1494 660/2451/660 1302/4696/1302
f 35/1469/35 1494/1809/1494 242/6474/242
f 1233/6475/1233 242/6474/242 2869/199/2869
f 1302/4696/1302 242/6474/242 1494/1809/1494
f 3792/6479/3792 1232/6477/1232 1233/6475/1233
f 2869/199/2869 3614/198/3614 1233/6475/1233
f 3614/198/3614 3792/6479/3792 1233/6475/1233
f 1302/4696/1302 1300/767/1300 1301/197/1301
f 1302/4696/1302 1301/197/1301 2869/199/2869
f 660/2451/660 4365/2450/4365 4386/768/4386
f 1302/4696/1302 2869/199/2869 242/6474/242
f 660/2451/660 4386/768/4386 1302/4696/1302
f 2478/2676/2478 4852/8429/4852 1887/650/1887
f 4852/8429/4852 1850/648/1850 1887/650/1887
f 2195/8430/2195 1918/1178/1918 973/8431/973
f 1918/1178/1918 2752/8432/2752 973/8431/973
f 2752/8432/2752 2751/8433/2751 974/635/974
f 2751/8433/2751 4267/8434/4267 3586/4364/3586
f 974/635/974 2751/8433/2751 3586/4364/3586
f 974/635/974 975/2694/975 2752/8432/2752
f 567/8435/567 2161/8436/2161 2006/8437/2006
f 2006/8437/2006 487/8438/487 489/8439/489
f 489/8439/489 488/8440/488 1591/8441/1591
f 1591/8441/1591 1939/2761/1939 699/8442/699
f 699/8442/699 1634/2763/1634 56/8443/56
f 56/8443/56 1839/8444/1839 1229/8445/1229
f 1229/8445/1229 169/8446/169 476/2692/476
f 476/2692/476 2529/8447/2529 666/2693/666
f 666/2693/666 667/8448/667 973/8431/973
f 973/8431/973 2752/8432/2752 975/2694/975
f 975/2694/975 567/8435/567 699/8442/699
f 567/8435/567 2006/8437/2006 1591/8441/1591
f 699/8442/699 567/8435/567 1591/8441/1591
f 2006/8437/2006 489/8439/489 1591/8441/1591
f 699/8442/699 56/8443/56 975/2694/975
f 56/8443/56 1229/8445/1229 975/2694/975
f 975/2694/975 1229/8445/1229 476/2692/476
f 973/8431/973 975/2694/975 666/2693/666
f 2258/2697/2258 4256/5524/4256 4915/1803/4915
f 4915/1803/4915 2657/2695/2657 2258/2697/2258
f 3914/2700/3914 1456/8449/1456 1779/2698/1779
f 1456/8449/1456 1780/3780/1780 1779/2698/1779
f 4432/2701/4432 531/5970/531 4634/2702/4634
f 1438/2705/1438 527/7540/527 528/7539/528
f 528/7539/528 3994/2852/3994 1433/2854/1433
f 1433/2854/1433 1434/2853/1434 3291/2207/3291
f 3291/2207/3291 4004/8450/4004 188/2704/188
f 188/2704/188 517/8451/517 416/8452/416
f 1438/2705/1438 528/7539/528 1433/2854/1433
f 188/2704/188 416/8452/416 1438/2705/1438
f 1433/2854/1433 3291/2207/3291 1438/2705/1438
f 1610/2706/1610 3695/7287/3695 3849/2707/3849
f 2033/2720/2033 769/7168/769 2032/2718/2032
f 769/7168/769 551/1949/551 2248/6532/2248
f 2032/2718/2032 769/7168/769 2248/6532/2248
f 1966/897/1966 16/896/16 4339/8453/4339
f 16/896/16 17/8454/17 4759/8455/4759
f 4339/8453/4339 16/896/16 4759/8455/4759
f 17/8454/17 2508/8456/2508 4759/8455/4759
f 4339/8453/4339 4715/8457/4715 4928/8458/4928
f 3502/8459/3502 4855/898/4855 1966/897/1966
f 4339/8453/4339 4928/8458/4928 1966/897/1966
f 4928/8458/4928 4927/2066/4927 3502/8459/3502
f 673/7338/673 3676/2065/3676 4010/8460/4010
f 4928/8458/4928 3502/8459/3502 1966/897/1966
f 4927/2066/4927 673/7338/673 4543/1956/4543
f 3502/8459/3502 4927/2066/4927 4543/1956/4543
f 511/4044/511 4543/1956/4543 673/7338/673
f 3395/4045/3395 1990/4041/1990 511/4044/511
f 1457/2680/1457 856/2682/856 3395/4045/3395
f 3076/1071/3076 857/2681/857 1457/2680/1457
f 4184/8461/4184 3989/8462/3989 3876/5394/3876
f 3876/5394/3876 3076/1071/3076 4184/8461/4184
f 3076/1071/3076 1457/2680/1457 3388/350/3388
f 1457/2680/1457 3395/4045/3395 4857/2418/4857
f 3395/4045/3395 511/4044/511 4857/2418/4857
f 673/7338/673 4010/8460/4010 511/4044/511
f 4010/8460/4010 2146/8463/2146 511/4044/511
f 3076/1071/3076 3388/350/3388 3030/2630/3030
f 1673/5811/1673 4184/8461/4184 3030/2630/3030
f 3030/2630/3030 4184/8461/4184 3076/1071/3076
f 1669/2721/1669 1673/5811/1673 3030/2630/3030
f 1457/2680/1457 4857/2418/4857 908/2420/908
f 4857/2418/4857 511/4044/511 2146/8463/2146
f 908/2420/908 3388/350/3388 1457/2680/1457
f 3388/350/3388 4666/352/4666 3030/2630/3030
f 4356/2632/4356 4848/8464/4848 1587/1316/1587
f 4848/8464/4848 1586/8465/1586 1587/1316/1587
f 4356/2632/4356 1587/1316/1587 1669/2721/1669
f 58/2722/58 57/8466/57 4804/2523/4804
f 3561/2558/3561 3708/696/3708 3375/2724/3375
f 3708/696/3708 2035/4452/2035 4732/8467/4732
f 3375/2724/3375 3708/696/3708 4732/8467/4732
f 2035/4452/2035 2634/2874/2634 4732/8467/4732
f 2634/2874/2634 3399/8468/3399 4732/8467/4732
f 1527/2594/1527 1368/8469/1368 882/2725/882
f 1368/8469/1368 4423/8470/4423 882/2725/882
f 4423/8470/4423 4101/8471/4101 882/2725/882
f 4101/8471/4101 2930/8472/2930 882/2725/882
f 4840/2639/4840 4490/2643/4490 1782/2335/1782
f 4265/1365/4265 2312/5080/2312 2311/2740/2311
f 3868/2744/3868 3867/8473/3867 690/8474/690
f 3867/8473/3867 4602/8475/4602 690/8474/690
f 690/8474/690 2590/8476/2590 689/8477/689
f 2590/8476/2590 4452/8478/4452 689/8477/689
f 1556/2743/1556 4609/8479/4609 3868/2744/3868
f 2862/8480/2862 2204/8481/2204 2379/2742/2379
f 2204/8481/2204 1556/2743/1556 2379/2742/2379
f 689/8477/689 1321/8482/1321 690/8474/690
f 1321/8482/1321 2379/2742/2379 690/8474/690
f 3868/2744/3868 690/8474/690 2379/2742/2379
f 2992/1154/2992 2991/1153/2991 4596/8483/4596
f 2992/1154/2992 4596/8483/4596 1622/8484/1622
f 4596/8483/4596 101/8485/101 1622/8484/1622
f 4910/8486/4910 4939/1155/4939 2992/1154/2992
f 1622/8484/1622 1028/8487/1028 2992/1154/2992
f 1028/8487/1028 4910/8486/4910 2992/1154/2992
f 4068/2753/4068 4060/8488/4060 101/8485/101
f 4060/8488/4060 1622/8484/1622 101/8485/101
f 4068/2753/4068 101/8485/101 103/2751/103
f 4032/8489/4032 2722/8490/2722 2856/2752/2856
f 102/8491/102 4032/8489/4032 2856/2752/2856
f 103/2751/103 102/8491/102 2856/2752/2856
f 1741/2754/1741 1742/8492/1742 4629/2755/4629
f 976/2756/976 2776/8493/2776 2578/2757/2578
f 567/8435/567 975/2694/975 212/3728/212
f 975/2694/975 974/635/974 4393/634/4393
f 4393/634/4393 2939/5523/2939 198/5522/198
f 975/2694/975 4393/634/4393 3087/5518/3087
f 212/3728/212 975/2694/975 4293/372/4293
f 487/8438/487 2006/8437/2006 2161/8436/2161
f 4393/634/4393 198/5522/198 3087/5518/3087
f 198/5522/198 3491/1160/3491 2333/5519/2333
f 2333/5519/2333 2334/1159/2334 3087/5518/3087
f 3087/5518/3087 1593/5517/1593 1592/8494/1592
f 1592/8494/1592 4293/372/4293 3087/5518/3087
f 3087/5518/3087 4293/372/4293 975/2694/975
f 212/3728/212 1604/371/1604 147/8495/147
f 4125/1192/4125 1687/4168/1687 1958/4170/1958
f 1958/4170/1958 2861/510/2861 2070/4175/2070
f 2070/4175/2070 1260/4174/1260 1261/4173/1261
f 1261/4173/1261 381/509/381 2161/8436/2161
f 381/509/381 469/2762/469 487/8438/487
f 2161/8436/2161 381/509/381 487/8438/487
f 926/4172/926 2511/4171/2511 1347/1482/1347
f 2511/4171/2511 850/5173/850 4028/8496/4028
f 1347/1482/1347 2511/4171/2511 3361/6151/3361
f 851/5172/851 3082/5171/3082 2616/5174/2616
f 4262/921/4262 1597/2561/1597 3083/2563/3083
f 2616/5174/2616 4262/921/4262 3236/5013/3236
f 4262/921/4262 3083/2563/3083 1121/8191/1121
f 4282/6634/4282 3332/146/3332 2417/145/2417
f 2417/145/2417 3848/3244/3848 1645/6581/1645
f 1645/6581/1645 1646/6579/1646 3286/6607/3286
f 3286/6607/3286 3152/6582/3152 1738/6609/1738
f 1738/6609/1738 354/6608/354 1608/6611/1608
f 1608/6611/1608 2937/6610/2937 166/876/166
f 533/5156/533 4250/875/4250 3538/1589/3538
f 1608/6611/1608 166/876/166 533/5156/533
f 1645/6581/1645 3286/6607/3286 4282/6634/4282
f 3286/6607/3286 1738/6609/1738 3083/2563/3083
f 4282/6634/4282 3286/6607/3286 3083/2563/3083
f 1738/6609/1738 1608/6611/1608 3083/2563/3083
f 1608/6611/1608 533/5156/533 3083/2563/3083
f 533/5156/533 3538/1589/3538 2061/1588/2061
f 2061/1588/2061 2062/6418/2062 472/1400/472
f 640/1402/640 641/1401/641 642/8497/642
f 2061/1588/2061 472/1400/472 640/1402/640
f 533/5156/533 2061/1588/2061 3083/2563/3083
f 2061/1588/2061 640/1402/640 3083/2563/3083
f 640/1402/640 642/8497/642 3439/1042/3439
f 141/1041/141 4539/5363/4539 3836/2440/3836
f 640/1402/640 3439/1042/3439 141/1041/141
f 640/1402/640 141/1041/141 3083/2563/3083
f 3083/2563/3083 141/1041/141 1121/8191/1121
f 141/1041/141 3836/2440/3836 1121/8191/1121
f 1121/8191/1121 3186/2439/3186 3185/8498/3185
f 4392/846/4392 4258/845/4258 1121/8191/1121
f 4258/845/4258 3236/5013/3236 4262/921/4262
f 1121/8191/1121 4258/845/4258 4262/921/4262
f 1121/8191/1121 3185/8498/3185 4392/846/4392
f 3236/5013/3236 2266/5012/2266 3177/6016/3177
f 479/1408/479 2473/1410/2473 2067/6601/2067
f 3236/5013/3236 3177/6016/3177 2616/5174/2616
f 3177/6016/3177 479/1408/479 4275/5559/4275
f 2616/5174/2616 3177/6016/3177 4275/5559/4275
f 479/1408/479 2067/6601/2067 4275/5559/4275
f 2067/6601/2067 3518/6600/3518 1026/6599/1026
f 1026/6599/1026 559/6598/559 3601/5560/3601
f 4275/5559/4275 3437/5547/3437 2145/5558/2145
f 1026/6599/1026 3601/5560/3601 4275/5559/4275
f 2067/6601/2067 1026/6599/1026 4275/5559/4275
f 2417/145/2417 1645/6581/1645 4282/6634/4282
f 4275/5559/4275 2145/5558/2145 2616/5174/2616
f 2145/5558/2145 1010/5548/1010 25/2872/25
f 25/2872/25 4028/8496/4028 850/5173/850
f 4028/8496/4028 1555/8499/1555 2511/4171/2511
f 1555/8499/1555 3361/6151/3361 2511/4171/2511
f 2145/5558/2145 25/2872/25 850/5173/850
f 1347/1482/1347 4402/1481/4402 926/4172/926
f 4402/1481/4402 4403/1283/4403 926/4172/926
f 851/5172/851 2616/5174/2616 2145/5558/2145
f 850/5173/850 851/5172/851 2145/5558/2145
f 4403/1283/4403 176/5755/176 3589/3841/3589
f 3589/3841/3589 2402/380/2402 970/8500/970
f 2402/380/2402 1554/8501/1554 970/8500/970
f 3484/8171/3484 74/56/74 722/8048/722
f 74/56/74 73/55/73 722/8048/722
f 722/8048/722 73/55/73 721/2359/721
f 73/55/73 4437/286/4437 721/2359/721
f 1554/8501/1554 3484/8171/3484 722/8048/722
f 722/8048/722 100/2358/100 970/8500/970
f 4403/1283/4403 3589/3841/3589 926/4172/926
f 1554/8501/1554 722/8048/722 970/8500/970
f 970/8500/970 120/7486/120 926/4172/926
f 2208/7485/2208 2559/2186/2559 2547/7484/2547
f 970/8500/970 926/4172/926 3589/3841/3589
f 120/7486/120 2208/7485/2208 926/4172/926
f 926/4172/926 2208/7485/2208 2547/7484/2547
f 2547/7484/2547 2548/6495/2548 51/1629/51
f 51/1629/51 2771/8365/2771 2408/8367/2408
f 2408/8367/2408 2092/2577/2092 2857/8369/2857
f 2857/8369/2857 28/1377/28 2592/2557/2592
f 2592/2557/2592 594/2556/594 4269/2167/4269
f 594/2556/594 4625/1376/4625 4269/2167/4269
f 2408/8367/2408 2857/8369/2857 2195/8430/2195
f 2857/8369/2857 2592/2557/2592 3103/5536/3103
f 2547/7484/2547 51/1629/51 926/4172/926
f 51/1629/51 2408/8367/2408 926/4172/926
f 2857/8369/2857 3103/5536/3103 2195/8430/2195
f 2592/2557/2592 4269/2167/4269 3103/5536/3103
f 4156/2169/4156 4155/2376/4155 852/2758/852
f 4269/2167/4269 4156/2169/4156 2578/2757/2578
f 3103/5536/3103 4269/2167/4269 2578/2757/2578
f 469/2762/469 926/4172/926 1634/2763/1634
f 926/4172/926 2408/8367/2408 2529/8447/2529
f 1634/2763/1634 926/4172/926 1839/8444/1839
f 1958/4170/1958 2070/4175/2070 567/8435/567
f 2070/4175/2070 1261/4173/1261 567/8435/567
f 4156/2169/4156 852/2758/852 2578/2757/2578
f 2578/2757/2578 3102/1179/3102 3103/5536/3103
f 3103/5536/3103 1918/1178/1918 2195/8430/2195
f 4125/1192/4125 1958/4170/1958 567/8435/567
f 212/3728/212 147/8495/147 567/8435/567
f 147/8495/147 4125/1192/4125 567/8435/567
f 198/5522/198 2333/5519/2333 3087/5518/3087
f 567/8435/567 1261/4173/1261 2161/8436/2161
f 2195/8430/2195 973/8431/973 667/8448/667
f 487/8438/487 469/2762/469 488/8440/488
f 2408/8367/2408 2195/8430/2195 667/8448/667
f 667/8448/667 666/2693/666 2529/8447/2529
f 2529/8447/2529 476/2692/476 169/8446/169
f 169/8446/169 1229/8445/1229 1839/8444/1839
f 1839/8444/1839 56/8443/56 1634/2763/1634
f 1634/2763/1634 699/8442/699 1939/2761/1939
f 1939/2761/1939 1591/8441/1591 488/8440/488
f 488/8440/488 489/8439/489 487/8438/487
f 488/8440/488 469/2762/469 1939/2761/1939
f 2408/8367/2408 667/8448/667 2529/8447/2529
f 2529/8447/2529 169/8446/169 926/4172/926
f 169/8446/169 1839/8444/1839 926/4172/926
f 927/2684/927 928/8502/928 1109/8503/1109
f 1108/8504/1108 1110/8505/1110 4673/8506/4673
f 4400/2685/4400 927/2684/927 908/675/908
f 927/2684/927 1109/8503/1109 908/675/908
f 4666/2111/4666 430/677/430 601/676/601
f 601/676/601 908/675/908 1109/8503/1109
f 601/676/601 1109/8503/1109 1108/8504/1108
f 896/2112/896 4666/2111/4666 601/676/601
f 894/138/894 895/1911/895 896/2112/896
f 3045/1403/3045 3044/139/3044 3730/3243/3730
f 3730/3243/3730 894/138/894 896/2112/896
f 896/2112/896 601/676/601 3730/3243/3730
f 601/676/601 1108/8504/1108 3730/3243/3730
f 4673/8506/4673 202/8507/202 203/8508/203
f 1108/8504/1108 4673/8506/4673 3219/6014/3219
f 3730/3243/3730 1108/8504/1108 3219/6014/3219
f 3219/6014/3219 3045/1403/3045 3730/3243/3730
f 203/8508/203 3198/8509/3198 3196/8510/3196
f 4673/8506/4673 203/8508/203 837/8511/837
f 3219/6014/3219 4673/8506/4673 2839/8512/2839
f 1969/1323/1969 3218/1322/3218 3219/6014/3219
f 2839/8512/2839 4673/8506/4673 837/8511/837
f 3196/8510/3196 3494/8513/3494 3069/8514/3069
f 203/8508/203 3196/8510/3196 837/8511/837
f 3219/6014/3219 2839/8512/2839 1148/8515/1148
f 838/2231/838 1969/1323/1969 2042/8516/2042
f 1969/1323/1969 3219/6014/3219 1148/8515/1148
f 3515/2363/3515 2212/684/2212 681/8517/681
f 2212/684/2212 838/2231/838 681/8517/681
f 681/8517/681 4399/2361/4399 3515/2363/3515
f 2042/8516/2042 2011/8518/2011 681/8517/681
f 1148/8515/1148 4226/8519/4226 2042/8516/2042
f 2839/8512/2839 359/8520/359 1148/8515/1148
f 837/8511/837 4677/8521/4677 2839/8512/2839
f 4410/8522/4410 3000/8523/3000 837/8511/837
f 4424/2209/4424 3713/8524/3713 4159/2210/4159
f 3713/8524/3713 4410/8522/4410 4159/2210/4159
f 4159/2210/4159 4410/8522/4410 4160/8525/4160
f 4410/8522/4410 837/8511/837 4160/8525/4160
f 1148/8515/1148 2042/8516/2042 1969/1323/1969
f 2042/8516/2042 681/8517/681 838/2231/838
f 4160/8525/4160 837/8511/837 3069/8514/3069
f 3069/8514/3069 837/8511/837 3196/8510/3196
f 4218/7541/4218 4158/2208/4158 3635/2766/3635
f 4158/2208/4158 4161/8526/4161 2551/2764/2551
f 3635/2766/3635 4158/2208/4158 2551/2764/2551
f 4161/8526/4161 4160/8525/4160 3069/8514/3069
f 2669/8527/2669 4100/8528/4100 2986/2765/2986
f 4100/8528/4100 3635/2766/3635 2986/2765/2986
f 249/8529/249 2668/8530/2668 2669/8527/2669
f 1345/8531/1345 1346/8532/1346 2669/8527/2669
f 1346/8532/1346 249/8529/249 2669/8527/2669
f 1164/8533/1164 1961/8534/1961 2986/2765/2986
f 1961/8534/1961 1345/8531/1345 2986/2765/2986
f 3069/8514/3069 2024/8535/2024 3288/8536/3288
f 3288/8536/3288 743/8537/743 4161/8526/4161
f 743/8537/743 2551/2764/2551 4161/8526/4161
f 4161/8526/4161 3069/8514/3069 3288/8536/3288
f 2986/2765/2986 1345/8531/1345 2669/8527/2669
f 4008/8538/4008 1073/8539/1073 1633/8540/1633
f 1633/8540/1633 573/8541/573 2987/8542/2987
f 2619/8543/2619 1000/8544/1000 3600/8545/3600
f 1633/8540/1633 2987/8542/2987 2619/8543/2619
f 1568/8546/1568 768/8547/768 4008/8538/4008
f 4008/8538/4008 1633/8540/1633 2619/8543/2619
f 3600/8545/3600 4639/8548/4639 3915/8549/3915
f 4008/8538/4008 2619/8543/2619 3600/8545/3600
f 4207/8550/4207 1567/8551/1567 1568/8546/1568
f 1568/8546/1568 4008/8538/4008 961/8552/961
f 4008/8538/4008 3600/8545/3600 961/8552/961
f 3915/8549/3915 1387/8553/1387 2721/8554/2721
f 1387/8553/1387 1491/8555/1491 2721/8554/2721
f 3600/8545/3600 3915/8549/3915 3524/8556/3524
f 961/8552/961 3600/8545/3600 3524/8556/3524
f 3181/8557/3181 3092/8558/3092 4207/8550/4207
f 4207/8550/4207 1568/8546/1568 2893/8559/2893
f 2721/8554/2721 2720/8560/2720 3524/8556/3524
f 961/8552/961 1799/8561/1799 4791/8562/4791
f 3915/8549/3915 2721/8554/2721 3524/8556/3524
f 3181/8557/3181 4207/8550/4207 3182/8563/3182
f 1568/8546/1568 961/8552/961 2893/8559/2893
f 3179/8564/3179 3180/8565/3180 3182/8563/3182
f 3180/8565/3180 3181/8557/3181 3182/8563/3182
f 3182/8563/3182 4207/8550/4207 2893/8559/2893
f 4791/8562/4791 3327/8566/3327 4383/8567/4383
f 961/8552/961 4791/8562/4791 2036/8306/2036
f 2893/8559/2893 961/8552/961 1120/2749/1120
f 4383/8567/4383 3672/8568/3672 3799/8569/3799
f 4791/8562/4791 4383/8567/4383 2036/8306/2036
f 3861/8570/3861 2894/8571/2894 2893/8559/2893
f 1120/2749/1120 961/8552/961 2036/8306/2036
f 3799/8569/3799 3706/8572/3706 3705/8573/3705
f 4383/8567/4383 3799/8569/3799 1960/8304/1960
f 3624/8574/3624 4741/8575/4741 3861/8570/3861
f 3861/8570/3861 2893/8559/2893 1120/2749/1120
f 3705/8573/3705 2317/8576/2317 2318/8577/2318
f 3799/8569/3799 3705/8573/3705 1960/8304/1960
f 4383/8567/4383 1960/8304/1960 2036/8306/2036
f 3226/5160/3226 3624/8574/3624 1120/2749/1120
f 3624/8574/3624 3861/8570/3861 1120/2749/1120
f 1120/2749/1120 4514/909/4514 3226/5160/3226
f 1547/5161/1547 1119/2748/1119 2844/8308/2844
f 1119/2748/1119 1120/2749/1120 2844/8308/2844
f 3241/230/3241 2129/640/2129 1547/5161/1547
f 4261/6824/4261 2110/3402/2110 2252/8309/2252
f 2110/3402/2110 3908/3401/3908 2252/8309/2252
f 3908/3401/3908 3241/230/3241 1547/5161/1547
f 3908/3401/3908 1547/5161/1547 2252/8309/2252
f 2844/8308/2844 3702/8307/3702 2252/8309/2252
f 2036/8306/2036 1726/8305/1726 2844/8308/2844
f 1960/8304/1960 3153/8303/3153 2036/8306/2036
f 374/8302/374 2663/8301/2663 1960/8304/1960
f 2196/8300/2196 1585/8299/1585 374/8302/374
f 2308/8298/2308 2447/8297/2447 2196/8300/2196
f 1125/8294/1125 3669/8293/3669 2308/8298/2308
f 619/2771/619 3053/2506/3053 2382/8295/2382
f 1125/8294/1125 2308/8298/2308 1126/8578/1126
f 2308/8298/2308 2196/8300/2196 2460/8579/2460
f 1126/8578/1126 2308/8298/2308 2460/8579/2460
f 2196/8300/2196 374/8302/374 1386/8580/1386
f 374/8302/374 1960/8304/1960 2318/8577/2318
f 3062/8581/3062 374/8302/374 2318/8577/2318
f 374/8302/374 3062/8581/3062 1386/8580/1386
f 2844/8308/2844 2252/8309/2252 1547/5161/1547
f 2844/8308/2844 1120/2749/1120 2036/8306/2036
f 3705/8573/3705 2318/8577/2318 1960/8304/1960
f 2318/8577/2318 682/8582/682 3062/8581/3062
f 3062/8581/3062 2630/8583/2630 1386/8580/1386
f 1386/8580/1386 2598/8584/2598 2460/8579/2460
f 2460/8579/2460 3967/8585/3967 1126/8578/1126
f 1126/8578/1126 2059/8586/2059 1125/8294/1125
f 2059/8586/2059 3063/8587/3063 2382/8295/2382
f 3063/8587/3063 1894/8588/1894 3668/2772/3668
f 3668/2772/3668 254/8589/254 4232/8590/4232
f 4232/8590/4232 2882/8591/2882 2883/8592/2883
f 2883/8592/2883 1733/8593/1733 940/8594/940
f 940/8594/940 939/8595/939 229/8596/229
f 229/8596/229 230/8597/230 1446/8598/1446
f 230/8597/230 2690/8599/2690 1446/8598/1446
f 1445/8600/1445 3100/8601/3100 3101/8602/3101
f 2690/8599/2690 1445/8600/1445 1446/8598/1446
f 2883/8592/2883 940/8594/940 4729/8603/4729
f 940/8594/940 229/8596/229 2585/8604/2585
f 4232/8590/4232 2883/8592/2883 4729/8603/4729
f 940/8594/940 2585/8604/2585 4729/8603/4729
f 1445/8600/1445 3101/8602/3101 1446/8598/1446
f 229/8596/229 1446/8598/1446 4334/8605/4334
f 4334/8605/4334 1475/8606/1475 3486/8326/3486
f 1475/8606/1475 3829/8607/3829 3486/8326/3486
f 229/8596/229 4334/8605/4334 2585/8604/2585
f 3668/2772/3668 4232/8590/4232 4083/2770/4083
f 3829/8607/3829 4382/8608/4382 4270/8609/4270
f 4270/8609/4270 3944/8610/3944 3878/830/3878
f 3829/8607/3829 4270/8609/4270 1366/2502/1366
f 3063/8587/3063 3668/2772/3668 2382/8295/2382
f 1386/8580/1386 2460/8579/2460 2196/8300/2196
f 4232/8590/4232 4729/8603/4729 4083/2770/4083
f 3829/8607/3829 1366/2502/1366 1444/4865/1444
f 2585/8604/2585 4334/8605/4334 4222/8611/4222
f 2059/8586/2059 2382/8295/2382 1125/8294/1125
f 4270/8609/4270 3878/830/3878 121/2500/121
f 1366/2502/1366 1365/2501/1365 1444/4865/1444
f 4270/8609/4270 121/2500/121 1366/2502/1366
f 1444/4865/1444 3486/8326/3486 3829/8607/3829
f 3486/8326/3486 3698/8324/3698 4334/8605/4334
f 3698/8324/3698 3215/8323/3215 4334/8605/4334
f 4222/8611/4222 4510/8612/4510 2585/8604/2585
f 3215/8323/3215 4222/8611/4222 4334/8605/4334
f 2382/8295/2382 3668/2772/3668 619/2771/619
f 4729/8603/4729 2575/8613/2575 4083/2770/4083
f 4082/8614/4082 2754/8615/2754 4728/8319/4728
f 4728/8319/4728 107/8318/107 4082/8614/4082
f 107/8318/107 1274/8316/1274 1273/8315/1273
f 1273/8315/1273 618/8296/618 619/2771/619
f 107/8318/107 1273/8315/1273 4082/8614/4082
f 4082/8614/4082 1273/8315/1273 4083/2770/4083
f 1273/8315/1273 619/2771/619 4083/2770/4083
f 3383/2773/3383 4006/3734/4006 3870/2774/3870
f 789/2776/789 1466/8616/1466 2941/2777/2941
f 4595/2033/4595 4397/8617/4397 372/8618/372
f 372/8618/372 3798/8619/3798 1297/8620/1297
f 3798/8619/3798 1298/8621/1298 1297/8620/1297
f 1297/8620/1297 3301/8622/3301 3898/8274/3898
f 1140/8623/1140 3266/7301/3266 938/8624/938
f 3266/7301/3266 4595/2033/4595 938/8624/938
f 4595/2033/4595 372/8618/372 3072/8625/3072
f 372/8618/372 1297/8620/1297 3072/8625/3072
f 1297/8620/1297 3898/8274/3898 2002/8626/2002
f 3898/8274/3898 3363/8272/3363 2002/8626/2002
f 3363/8272/3363 2003/8266/2003 2002/8626/2002
f 2002/8626/2002 916/8264/916 3072/8625/3072
f 916/8264/916 4587/8262/4587 3072/8625/3072
f 938/8624/938 4595/2033/4595 2073/8627/2073
f 2073/8627/2073 2072/8628/2072 938/8624/938
f 1297/8620/1297 2002/8626/2002 3072/8625/3072
f 4108/8629/4108 4107/8630/4107 4723/2779/4723
f 4595/2033/4595 3072/8625/3072 2073/8627/2073
f 3072/8625/3072 4108/8629/4108 2073/8627/2073
f 4470/8631/4470 2214/8632/2214 2073/8627/2073
f 4723/2779/4723 608/8633/608 607/2591/607
f 2073/8627/2073 4108/8629/4108 4470/8631/4470
f 4108/8629/4108 4723/2779/4723 1803/2781/1803
f 4470/8631/4470 4108/8629/4108 1803/2781/1803
f 1803/2781/1803 917/8634/917 4470/8631/4470
f 4723/2779/4723 607/2591/607 1053/2780/1053
f 1053/2780/1053 1052/2590/1052 1803/2781/1803
f 4627/1392/4627 4879/4402/4879 305/2787/305
f 685/2790/685 4524/8635/4524 591/812/591
f 4524/8635/4524 1763/3297/1763 591/812/591
f 1763/3297/1763 2274/813/2274 591/812/591
f 591/812/591 1723/814/1723 1724/2791/1724
f 1724/2791/1724 1685/3296/1685 126/3295/126
f 126/3295/126 317/698/317 98/2717/98
f 98/2717/98 99/2716/99 97/4451/97
f 97/4451/97 2356/8636/2356 98/2717/98
f 2356/8636/2356 1614/2789/1614 98/2717/98
f 1614/2789/1614 410/8637/410 685/2790/685
f 410/8637/410 4747/8638/4747 685/2790/685
f 1724/2791/1724 126/3295/126 1614/2789/1614
f 126/3295/126 98/2717/98 1614/2789/1614
f 685/2790/685 591/812/591 1724/2791/1724
f 758/2792/758 1373/3783/1373 756/2793/756
f 2631/2797/2631 1089/3185/1089 2449/2798/2449
f 1841/2806/1841 3264/8639/3264 1753/2807/1753
f 1753/2807/1753 4842/8640/4842 1842/2805/1842
f 797/2809/797 154/6596/154 155/2810/155
f 2434/2815/2434 2432/5227/2432 2433/2816/2433
f 3562/2824/3562 4167/8173/4167 4434/2825/4434
f 2767/7537/2767 527/7540/527 4126/2831/4126
f 527/7540/527 1438/2705/1438 1562/2829/1562
f 1438/2705/1438 416/8452/416 3195/8641/3195
f 416/8452/416 1439/8642/1439 3195/8641/3195
f 3603/7538/3603 2767/7537/2767 4271/8643/4271
f 527/7540/527 1562/2829/1562 4126/2831/4126
f 1562/2829/1562 1438/2705/1438 3195/8641/3195
f 2372/7536/2372 3604/7535/3604 3603/7538/3603
f 1230/7534/1230 1798/7533/1798 2372/7536/2372
f 3333/7531/3333 1201/7530/1201 1230/7534/1230
f 4276/7507/4276 4229/7509/4229 4540/8644/4540
f 4229/7509/4229 3333/7531/3333 4540/8644/4540
f 1749/8645/1749 2192/8646/2192 4540/8644/4540
f 4540/8644/4540 3333/7531/3333 1749/8645/1749
f 3333/7531/3333 1230/7534/1230 1749/8645/1749
f 1749/8645/1749 1230/7534/1230 4389/8647/4389
f 811/8648/811 4104/8649/4104 4389/8647/4389
f 1287/8650/1287 810/8651/810 811/8648/811
f 1286/8652/1286 1287/8650/1287 1235/2927/1235
f 1287/8650/1287 811/8648/811 1235/2927/1235
f 811/8648/811 4389/8647/4389 2372/7536/2372
f 1235/2927/1235 811/8648/811 2372/7536/2372
f 2411/2929/2411 909/8653/909 2352/8654/2352
f 2352/8654/2352 1286/8652/1286 2411/2929/2411
f 2411/2929/2411 1286/8652/1286 1235/2927/1235
f 4389/8647/4389 1230/7534/1230 2372/7536/2372
f 2372/7536/2372 3603/7538/3603 1127/449/1127
f 1127/449/1127 3603/7538/3603 4911/450/4911
f 1127/449/1127 3583/4040/3583 1235/2927/1235
f 1562/2829/1562 1563/8655/1563 173/2830/173
f 2767/7537/2767 4126/2831/4126 4271/8643/4271
f 1127/449/1127 1235/2927/1235 2372/7536/2372
f 4271/8643/4271 4911/450/4911 3603/7538/3603
f 4922/2835/4922 4881/8656/4881 4618/2836/4618
f 4307/2842/4307 4565/8657/4565 437/8658/437
f 437/8658/437 2550/8659/2550 156/8660/156
f 2550/8659/2550 3481/8661/3481 156/8660/156
f 156/8660/156 1689/8662/1689 1688/4681/1688
f 3817/2841/3817 4306/8663/4306 4307/2842/4307
f 4307/2842/4307 437/8658/437 258/2840/258
f 437/8658/437 156/8660/156 258/2840/258
f 156/8660/156 1688/4681/1688 258/2840/258
f 981/2843/981 4202/6881/4202 1834/2844/1834
f 889/2414/889 1124/2401/1124 2430/2403/2430
f 1830/2860/1830 2635/8664/2635 4356/2861/4356
f 2635/8664/2635 4849/8665/4849 4848/8666/4848
f 4848/8666/4848 4356/2861/4356 2635/8664/2635
f 4355/2862/4355 4291/8667/4291 1059/2658/1059
f 4291/8667/4291 4292/2659/4292 1059/2658/1059
f 1059/2658/1059 1829/8668/1829 4355/2862/4355
f 1829/8668/1829 1830/2860/1830 4355/2862/4355
f 311/5545/311 2576/5544/2576 4529/8669/4529
f 2576/5544/2576 1492/5543/1492 4529/8669/4529
f 1492/5543/1492 4475/8670/4475 4529/8669/4529
f 4529/8669/4529 3622/8671/3622 311/5545/311
f 3622/8671/3622 52/8672/52 311/5545/311
f 52/8672/52 1838/8673/1838 1002/8674/1002
f 1002/8674/1002 1003/8675/1003 4272/8676/4272
f 4272/8676/4272 3933/8677/3933 3246/8678/3246
f 3246/8678/3246 455/8679/455 457/2870/457
f 3605/2871/3605 456/8680/456 3535/8681/3535
f 3605/2871/3605 3535/8681/3535 3606/8682/3606
f 3606/8682/3606 4405/8683/4405 4624/8684/4624
f 4624/8684/4624 2201/8685/2201 3962/8686/3962
f 3962/8686/3962 1933/8687/1933 4028/8496/4028
f 4028/8496/4028 25/2872/25 3962/8686/3962
f 25/2872/25 24/5555/24 457/2870/457
f 3962/8686/3962 25/2872/25 4624/8684/4624
f 24/5555/24 23/5552/23 1408/5551/1408
f 1408/5551/1408 2304/5550/2304 53/5549/53
f 53/5549/53 54/5546/54 52/8672/52
f 54/5546/54 311/5545/311 52/8672/52
f 52/8672/52 1002/8674/1002 53/5549/53
f 1002/8674/1002 4272/8676/4272 1408/5551/1408
f 53/5549/53 1002/8674/1002 1408/5551/1408
f 24/5555/24 1408/5551/1408 3246/8678/3246
f 1408/5551/1408 4272/8676/4272 3246/8678/3246
f 4624/8684/4624 25/2872/25 3606/8682/3606
f 457/2870/457 24/5555/24 3246/8678/3246
f 3606/8682/3606 25/2872/25 3605/2871/3605
f 4387/2873/4387 3399/8468/3399 2634/2874/2634
f 2493/2876/2493 2490/508/2490 2491/2877/2491
f 4925/2883/4925 2953/225/2953 3424/8688/3424
f 2953/225/2953 2122/227/2122 1137/8689/1137
f 3424/8688/3424 2953/225/2953 4430/8690/4430
f 2122/227/2122 4429/226/4429 4086/92/4086
f 4086/92/4086 1136/8691/1136 2122/227/2122
f 1136/8691/1136 1137/8689/1137 2122/227/2122
f 4430/8690/4430 4782/8692/4782 3424/8688/3424
f 1137/8689/1137 4430/8690/4430 2953/225/2953
f 454/2884/454 544/8693/544 1813/2882/1813
f 544/8693/544 3232/8694/3232 1813/2882/1813
f 3424/8688/3424 454/2884/454 4925/2883/4925
f 3232/8694/3232 4047/8695/4047 4678/8696/4678
f 4678/8696/4678 2975/2887/2975 3232/8694/3232
f 2975/2887/2975 1813/2882/1813 3232/8694/3232
f 4015/1720/4015 4913/2849/4913 1945/2851/1945
f 1080/2885/1080 136/8364/136 201/2575/201
f 4925/2883/4925 1813/2882/1813 2975/2887/2975
f 1439/2889/1439 416/8697/416 517/8698/517
f 516/2890/516 174/4399/174 1563/2891/1563
f 174/4399/174 173/4398/173 1563/2891/1563
f 1439/2889/1439 517/8698/517 516/2890/516
f 1562/8699/1562 3195/8700/3195 1439/2889/1439
f 1563/2891/1563 1562/8699/1562 1439/2889/1439
f 3945/2892/3945 3434/8701/3434 3435/2893/3435
f 1504/2895/1504 829/8702/829 3305/2896/3305
f 1140/1749/1140 917/743/917 484/8703/484
f 917/743/917 766/2351/766 485/8046/485
f 485/8046/485 484/8703/484 917/743/917
f 484/8703/484 1484/1667/1484 1140/1749/1140
f 320/2897/320 3266/8704/3266 1140/1749/1140
f 2094/1133/2094 1695/5496/1695 1615/1666/1615
f 1695/5496/1695 320/2897/320 1615/1666/1615
f 1484/1667/1484 1615/1666/1615 1140/1749/1140
f 3485/2900/3485 3300/8705/3300 1361/1553/1361
f 3300/8705/3300 1360/1554/1360 1361/1553/1361
f 1361/1553/1361 2292/6292/2292 2313/4076/2313
f 2292/6292/2292 2835/1348/2835 767/4080/767
f 767/4080/767 2835/1348/2835 2162/1347/2162
f 4741/8706/4741 3151/8707/3151 3179/8708/3179
f 3151/8707/3151 4322/8709/4322 1567/8710/1567
f 4741/8706/4741 2894/8711/2894 3861/8712/3861
f 3485/2900/3485 1361/1553/1361 425/2898/425
f 2313/4076/2313 2292/6292/2292 767/4080/767
f 2894/8711/2894 4741/8706/4741 3179/8708/3179
f 4285/4072/4285 1361/1553/1361 2313/4076/2313
f 3179/8708/3179 3151/8707/3151 3180/8713/3180
f 4322/8709/4322 3485/2900/3485 1073/8714/1073
f 3182/8715/3182 2893/8716/2893 2894/8711/2894
f 3180/8713/3180 3151/8707/3151 3092/8717/3092
f 2162/1347/2162 1242/5838/1242 767/4080/767
f 1242/5838/1242 1241/8718/1241 1641/4082/1641
f 767/4080/767 1242/5838/1242 1641/4082/1641
f 3092/8717/3092 3151/8707/3151 1567/8710/1567
f 1361/1553/1361 4285/4072/4285 425/2898/425
f 3179/8708/3179 3182/8715/3182 2894/8711/2894
f 3092/8717/3092 3181/8719/3181 3180/8713/3180
f 1567/8710/1567 4207/8720/4207 3092/8717/3092
f 1567/8710/1567 4322/8709/4322 768/8721/768
f 1073/8714/1073 3485/2900/3485 574/2899/574
f 1241/8718/1241 379/4085/379 1641/4082/1641
f 767/4080/767 3104/4077/3104 2313/4076/2313
f 1568/8722/1568 1567/8710/1567 768/8721/768
f 768/8721/768 4322/8709/4322 1073/8714/1073
f 1073/8714/1073 4008/8723/4008 768/8721/768
f 2313/4076/2313 3762/4073/3762 4285/4072/4285
f 4285/4072/4285 1307/4068/1307 425/2898/425
f 425/2898/425 222/4066/222 2979/4067/2979
f 2979/4067/2979 572/4304/572 574/2899/574
f 574/2899/574 573/4306/573 1073/8714/1073
f 573/4306/573 1633/8724/1633 1073/8714/1073
f 425/2898/425 2979/4067/2979 574/2899/574
f 3814/2904/3814 1404/8725/1404 2163/2905/2163
f 1404/8725/1404 4390/8726/4390 2163/2905/2163
f 4390/8726/4390 1044/8727/1044 2164/8322/2164
f 1044/8727/1044 4886/8728/4886 2795/8320/2795
f 2795/8320/2795 2164/8322/2164 1044/8727/1044
f 2163/2905/2163 34/6504/34 1104/2906/1104
f 34/6504/34 3273/1639/3273 1104/2906/1104
f 2164/8322/2164 2163/2905/2163 4390/8726/4390
f 3273/1639/3273 2921/8729/2921 1104/2906/1104
f 1104/2906/1104 881/8730/881 4669/8731/4669
f 1104/2906/1104 4669/8731/4669 3814/2904/3814
f 4662/1833/4662 2661/8732/2661 2137/2908/2137
f 4085/8733/4085 4300/2914/4300 11/2913/11
f 4300/2914/4300 3127/2436/3127 3631/2912/3631
f 3127/2436/3127 2827/8190/2827 3631/2912/3631
f 2827/8190/2827 4567/8734/4567 3631/2912/3631
f 1984/8735/1984 4157/8736/4157 1946/2081/1946
f 4157/8736/4157 4464/2082/4464 1946/2081/1946
f 1946/2081/1946 2681/750/2681 1134/5413/1134
f 2681/750/2681 1819/751/1819 2680/5414/2680
f 1752/2567/1752 1984/8735/1984 1134/5413/1134
f 1984/8735/1984 1946/2081/1946 1134/5413/1134
f 2681/750/2681 2680/5414/2680 1134/5413/1134
f 1134/5413/1134 84/5400/84 1344/5411/1344
f 1134/5413/1134 1344/5411/1344 1968/5412/1968
f 1134/5413/1134 1968/5412/1968 4636/8737/4636
f 677/2920/677 1752/2567/1752 4938/2918/4938
f 1752/2567/1752 1134/5413/1134 4636/8737/4636
f 1889/5197/1889 3985/5196/3985 4692/8738/4692
f 1752/2567/1752 4636/8737/4636 4938/2918/4938
f 1889/5197/1889 4692/8738/4692 1888/2919/1888
f 4692/8738/4692 677/2920/677 1888/2919/1888
f 3528/8739/3528 2659/5762/2659 1888/2919/1888
f 4938/2918/4938 3528/8739/3528 1888/2919/1888
f 453/858/453 3483/8740/3483 3484/2921/3484
f 920/2926/920 921/8054/921 2108/2370/2108
f 1235/2927/1235 3583/4040/3583 3581/2928/3581
f 634/2932/634 3624/8741/3624 3226/2933/3226
f 4873/2935/4873 262/8742/262 3474/2936/3474
f 1450/8743/1450 3443/8744/3443 1303/8745/1303
f 3443/8744/3443 1304/8746/1304 1303/8745/1303
f 1004/8747/1004 3733/8748/3733 1450/8743/1450
f 4657/2938/4657 4615/8749/4615 4327/8750/4327
f 4327/8750/4327 1004/8747/1004 1450/8743/1450
f 1450/8743/1450 1303/8745/1303 4327/8750/4327
f 1303/8745/1303 253/8751/253 735/8752/735
f 4327/8750/4327 1303/8745/1303 4657/2938/4657
f 253/8751/253 4317/8753/4317 4930/8754/4930
f 4317/8753/4317 4566/8755/4566 4930/8754/4930
f 4930/8754/4930 4474/8756/4474 735/8752/735
f 4657/2938/4657 1303/8745/1303 2329/2939/2329
f 4622/2937/4622 3106/8757/3106 4657/2938/4657
f 2329/2939/2329 1303/8745/1303 735/8752/735
f 253/8751/253 4930/8754/4930 735/8752/735
f 735/8752/735 737/8758/737 2329/2939/2329
f 2329/2939/2329 3526/8759/3526 4622/2937/4622
f 3526/8759/3526 2475/8760/2475 4622/2937/4622
f 1325/2946/1325 3680/8761/3680 2294/2947/2294
f 1276/2956/1276 2709/8143/2709 3335/2957/3335
f 1984/2963/1984 128/8762/128 4748/2964/4748
f 189/8085/189 1199/4000/1199 159/8084/159
f 1199/4000/1199 76/414/76 159/8084/159
f 75/2969/75 1857/413/1857 3128/3998/3128
f 76/414/76 75/2969/75 159/8084/159
f 2249/2968/2249 3782/3994/3782 159/8084/159
f 3128/3998/3128 1640/3991/1640 2250/2970/2250
f 159/8084/159 75/2969/75 2249/2968/2249
f 75/2969/75 3128/3998/3128 2250/2970/2250
