# Blender 5.1.0
# www.blender.org
mtllib mossy_green_rock18_LOW_RES.mtl
o mossy_green_rock18_LOW_RES
v 5.821624 0.209406 -0.392867
v 5.823324 0.214085 -0.393980
v 5.879158 0.211213 -0.392712
v 6.233557 0.045503 0.295713
v 5.706687 0.502158 -0.133988
v 5.644828 0.096079 -0.101199
v 6.234175 0.500418 0.279337
v 6.492688 0.325864 0.183324
v 6.275099 0.061703 0.338017
v 6.280323 0.062189 0.342817
v 6.276892 0.065513 0.341558
v 6.392954 0.187428 -0.184189
v 6.172540 0.443556 0.358979
v 6.168611 0.448298 0.362669
v 6.167777 0.443654 0.359800
v 5.558122 0.121782 0.118346
v 6.448080 0.490773 -0.351159
v 6.345003 0.048662 -0.123443
v 5.663455 0.492465 -0.260810
v 5.662024 0.493890 -0.253868
v 6.429411 0.513379 -0.333078
v 6.478539 0.515294 -0.260044
v 6.418821 0.412228 0.280364
v 6.418318 0.406305 0.285304
v 6.321172 0.126792 0.403174
v 6.160081 0.561365 0.254025
v 5.724137 0.413111 0.353126
v 6.487958 0.265125 0.264703
v 6.452078 0.213977 0.013056
v 6.447088 0.212239 0.018446
v 6.298525 0.117727 0.406825
v 6.469830 0.422689 -0.099959
v 5.795100 0.039355 -0.321619
v 6.453402 0.544791 -0.241068
v 6.447921 0.544739 -0.244906
v 6.448585 0.545689 -0.240384
v 5.623163 0.258840 -0.349039
v 5.560143 0.118272 0.119339
v 6.092021 0.370056 0.351728
v 6.350994 0.204823 -0.412422
v 5.553924 0.391385 -0.282461
v 5.575637 0.397826 -0.051088
v 6.369678 0.219365 -0.191254
v 5.551893 0.086278 0.009084
v 6.490959 0.359435 -0.090703
v 6.480852 0.405324 -0.097948
v 6.482773 0.404894 -0.093262
v 6.448262 0.552785 -0.208159
v 5.910826 0.159681 0.448079
v 5.909801 0.164279 0.448827
v 5.780000 0.488113 -0.297052
v 6.478023 0.429679 -0.134422
v 6.478441 0.434258 -0.132647
v 6.477470 0.427712 -0.129679
v 6.358718 0.494124 0.255026
v 6.357701 0.494957 0.259727
v 6.360607 0.491106 0.261097
v 5.579011 0.403597 -0.065827
v 6.076083 0.072662 0.276373
v 6.206856 0.349600 0.349458
v 6.468305 0.211324 0.095541
v 6.468246 0.212738 0.100381
v 6.426838 0.191543 0.250507
v 6.096496 0.505650 -0.307474
v 6.488271 0.328157 0.051484
v 6.456539 0.248634 0.290678
v 6.304762 0.563527 0.247484
v 5.640028 0.476984 -0.263678
v 5.638901 0.477171 -0.258951
v 6.269424 0.087265 0.353102
v 6.395072 0.172710 0.178702
v 6.378794 0.051383 0.028129
v 5.705500 0.033659 -0.154534
v 5.619340 0.242283 0.386484
v 6.434579 0.171377 0.130797
v 6.390256 0.234551 -0.169204
v 6.048005 0.358417 0.400209
v 6.075488 0.069265 0.273059
v 6.114081 0.108192 -0.445877
v 5.516500 0.320279 -0.203314
v 6.434410 0.546643 -0.160478
v 6.367624 0.097863 -0.026134
v 6.497762 0.321486 0.234249
v 6.498521 0.316772 0.235713
v 6.446532 0.393497 0.108347
v 6.437296 0.405521 0.142396
v 5.922543 0.168146 0.441036
v 6.220769 0.402087 0.347786
v 6.481601 0.468493 -0.150776
v 5.593141 0.318742 -0.332863
v 5.766228 0.173922 0.437019
v 5.765593 0.170248 0.432675
v 6.190684 0.389647 0.335168
v 6.491092 0.333449 0.018450
v 6.368406 0.026089 0.042630
v 6.372297 0.029039 0.041411
v 6.262912 0.057107 -0.267063
v 6.117598 0.398293 0.342692
v 6.122989 0.403190 0.342073
v 6.118127 0.403236 0.343687
v 6.423014 0.453454 -0.388179
v 5.737100 0.106848 -0.303231
v 6.479422 0.398042 -0.104572
v 6.247804 0.118304 0.370515
v 5.806602 0.011692 0.244329
v 5.674295 0.494567 -0.263943
v 6.291443 0.004080 -0.197612
v 6.159037 0.007008 0.095961
v 5.736589 0.120181 0.311139
v 5.788859 0.412259 0.394353
v 6.312100 0.034639 0.129490
v 6.070477 0.055326 0.268604
v 6.070285 0.060334 0.269340
v 5.571372 0.180953 0.232926
v 5.575737 0.179740 0.238401
v 6.442344 0.272138 0.330903
v 6.402872 0.142381 0.105856
v 5.694022 0.457046 0.235580
v 5.694999 0.455326 0.240169
v 5.735108 0.131760 -0.329835
v 5.731105 0.132897 -0.324021
v 5.587883 0.206487 -0.196164
v 6.078209 0.005008 0.208480
v 6.077310 0.004089 0.203669
v 6.037168 0.232559 0.423015
v 6.379692 0.126145 -0.124513
v 6.380830 0.125703 -0.120409
v 6.361250 0.160410 0.222166
v 6.359270 0.157262 0.227990
v 6.039924 0.319105 0.419732
v 6.457825 0.205562 0.226790
v 6.363945 0.173680 -0.190542
v 6.361443 0.169407 -0.190608
v 5.803742 0.010823 0.234907
v 5.527357 0.154897 -0.012161
v 5.525671 0.160697 -0.015357
v 5.526714 0.155964 -0.016812
v 6.103640 0.105129 -0.442761
v 5.965986 0.163226 0.412687
v 5.589698 0.401762 -0.001767
v 6.398862 0.069607 0.050915
v 6.397319 0.071720 0.055126
v 5.636986 0.453137 -0.016280
v 6.441270 0.166710 0.096786
v 6.439128 0.162017 0.096894
v 6.258420 0.009518 0.274141
v 6.496641 0.263335 0.248592
v 6.108750 0.539471 0.273575
v 6.495026 0.225181 0.208793
v 6.495371 0.228455 0.212959
v 5.744133 0.429023 0.338549
v 5.810483 0.104098 0.417403
v 6.190944 0.079782 -0.452793
v 6.186091 0.080756 -0.451882
v 6.187116 0.085498 -0.452876
v 6.021948 0.001140 0.233218
v 5.567758 0.389454 -0.031308
v 6.303026 0.098680 0.388073
v 6.307912 0.097000 0.388322
v 6.341809 0.514876 0.258161
v 6.319256 0.048636 0.131839
v 6.044458 0.244689 0.431427
v 6.449530 0.389557 0.109078
v 6.450288 0.389314 0.103781
v 5.679397 0.452233 0.231538
v 5.680445 0.450391 0.236080
v 5.983794 0.000675 0.246277
v 5.989536 0.003587 0.249612
v 6.496046 0.308829 0.042110
v 6.169258 0.196782 0.425666
v 5.682892 0.027619 0.078800
v 5.678716 0.029800 0.080234
v 5.500234 0.297693 -0.067267
v 5.500080 0.302544 -0.066106
v 6.404809 0.129594 -0.100336
v 6.400678 0.126742 -0.099749
v 6.343267 0.128381 -0.189922
v 6.392706 0.069575 0.060008
v 5.598675 0.257024 -0.311171
v 5.697789 0.237491 -0.375680
v 5.696413 0.232634 -0.374865
v 6.257698 0.180644 0.402387
v 5.589534 0.057396 0.001928
v 5.589288 0.057376 -0.003350
v 6.304173 0.185507 -0.455019
v 6.300889 0.188900 -0.455443
v 6.481001 0.254612 0.258873
v 6.478634 0.199994 0.172992
v 6.480401 0.203608 0.170739
v 6.066685 0.303758 0.410547
v 6.066689 0.299364 0.412994
v 5.923774 0.507460 0.296444
v 5.924450 0.505700 0.301114
v 6.150105 0.272122 -0.417272
v 5.656175 0.369300 0.374790
v 5.652192 0.365992 0.374894
v 6.266789 0.009525 0.190782
v 6.453051 0.484821 -0.336791
v 6.453728 0.491204 -0.336862
v 5.571549 0.397668 -0.071716
v 5.787310 0.018009 0.224602
v 5.574431 0.160069 0.202813
v 6.479128 0.464311 -0.141965
v 6.476303 0.468183 -0.140981
v 5.619330 0.426056 0.053334
v 5.545475 0.199605 -0.143793
v 5.613695 0.048257 0.005986
v 5.724858 0.491334 -0.295375
v 6.395032 0.209232 -0.172677
v 6.489452 0.339331 0.230830
v 5.699705 0.457120 0.239774
v 5.561909 0.403115 -0.231330
v 6.327482 0.213759 0.371082
v 6.324609 0.218906 0.366979
v 5.855339 0.489655 0.291761
v 6.466492 0.388354 -0.009796
v 6.469445 0.384248 -0.009424
v 6.349234 0.569118 0.020149
v 6.349829 0.568405 0.015019
v 5.724367 0.150295 -0.332568
v 5.646365 0.430389 0.236862
v 6.414566 0.211733 0.297235
v 6.330110 0.571343 0.076654
v 5.564903 0.255128 -0.237030
v 5.687943 0.479132 -0.057115
v 6.189868 0.385269 0.335469
v 6.083413 0.045519 0.255919
v 6.060663 0.317218 0.403419
v 6.061445 0.313261 0.406768
v 6.065529 0.311794 0.404111
v 5.518052 0.332006 -0.204518
v 5.516774 0.330405 -0.199965
v 6.411958 0.558307 -0.131750
v 6.050274 0.555288 0.229085
v 6.334239 0.161854 0.390652
v 6.451718 0.388887 0.093103
v 6.364590 0.048242 0.006859
v 6.200808 0.030787 -0.437360
v 6.199370 0.033777 -0.441469
v 6.204183 0.034819 -0.442420
v 6.389196 0.486273 0.093252
v 6.386326 0.490270 0.092369
v 6.496307 0.358985 -0.058760
v 6.497275 0.354122 -0.059536
v 5.720025 0.114067 0.270037
v 6.039867 0.540284 0.208530
v 6.112454 0.432547 0.367151
v 5.699664 0.124755 -0.261288
v 5.702951 0.121021 -0.262231
v 6.453950 0.388723 0.077972
v 5.969843 0.205170 0.426502
v 5.581440 0.247007 -0.258068
v 5.578340 0.250758 -0.257413
v 6.444755 0.268462 0.329181
v 6.332406 0.168119 0.387296
v 6.478948 0.436281 -0.137377
v 6.059886 0.447049 0.394254
v 6.353372 0.018912 0.036474
v 6.357051 0.021823 0.035554
v 6.396684 0.151195 0.136767
v 5.502835 0.289101 -0.146695
v 5.960815 0.181481 0.420146
v 5.727381 0.404139 0.376069
v 5.559265 0.382326 -0.296308
v 5.588583 0.314642 -0.324248
v 6.453477 0.502657 -0.145239
v 6.363764 0.163078 0.216127
v 6.361874 0.163910 0.211558
v 6.367831 0.090323 -0.017696
v 6.369109 0.094746 -0.020036
v 6.416947 0.240161 -0.163359
v 6.029943 0.504979 -0.285054
v 6.053451 0.543715 0.200989
v 5.746483 0.025263 0.155690
v 5.742618 0.027680 0.157399
v 6.354207 0.019042 0.076075
v 6.462764 0.204441 0.102342
v 6.464171 0.205048 0.107110
v 6.461971 0.200529 0.108121
v 6.024734 0.507673 -0.281224
v 6.029695 0.507977 -0.280921
v 6.160284 0.011666 0.115698
v 6.092525 0.029120 -0.414059
v 6.408257 0.127073 0.065302
v 6.317919 0.548136 0.252018
v 6.049362 0.038485 -0.400395
v 6.299368 0.520419 -0.333631
v 5.617552 0.451727 -0.267306
v 5.811225 0.023007 0.276578
v 5.521365 0.190527 -0.032831
v 5.520897 0.195371 -0.031711
v 5.520435 0.196504 -0.036455
v 6.433130 0.148880 0.051223
v 6.432289 0.149914 0.056160
v 5.755740 0.027940 0.177581
v 5.759596 0.025113 0.176325
v 6.407744 0.470071 -0.010663
v 6.426043 0.420108 0.184441
v 5.755774 0.084400 -0.324704
v 5.608624 0.426659 -0.028769
v 5.612107 0.430693 -0.032858
v 5.701537 0.026504 0.098313
v 5.697227 0.027293 0.100244
v 5.638178 0.460999 -0.084967
v 5.558817 0.078080 -0.008516
v 6.432340 0.412463 0.161270
v 5.638789 0.441087 0.209407
v 5.639736 0.440093 0.214338
v 5.644197 0.442330 0.213990
v 5.878415 0.080042 0.378185
v 6.195491 0.431275 0.352979
v 6.200284 0.430379 0.353195
v 6.201046 0.435431 0.354076
v 6.196220 0.436258 0.354463
v 5.547123 0.103197 0.047324
v 6.405593 0.210797 0.307719
v 6.409612 0.213821 0.306665
v 5.881136 0.119744 0.430197
v 5.880355 0.116601 0.426449
v 6.290293 0.512861 -0.350691
v 6.296609 0.132493 0.412336
v 6.298257 0.136287 0.412127
v 6.463263 0.468380 -0.123765
v 6.313148 0.023334 -0.135149
v 6.425227 0.555701 -0.153035
v 5.816141 0.074392 0.369687
v 5.570686 0.383725 -0.308199
v 6.388579 0.488732 0.017495
v 6.362135 0.496562 0.172577
v 5.938527 0.453176 -0.326449
v 6.381769 0.181712 0.286280
v 6.333212 0.199604 -0.441456
v 6.426800 0.166587 0.134206
v 5.992317 0.182722 0.404094
v 5.762218 0.074477 -0.326954
v 5.757970 0.077456 -0.324659
v 6.473614 0.396002 -0.113728
v 6.473648 0.400649 -0.112295
v 6.476040 0.399220 -0.108234
v 5.996658 0.233324 0.425413
v 5.605647 0.432186 -0.137573
v 5.941415 0.518096 0.220403
v 5.726184 0.407263 0.366685
v 6.083889 0.130121 -0.438969
v 6.418823 0.518032 -0.331507
v 5.714373 0.505367 -0.109583
v 5.506156 0.320791 -0.102502
v 5.505219 0.325431 -0.102305
v 6.103418 0.195963 0.391938
v 6.109328 0.198050 0.395100
v 6.123164 0.521783 0.287525
v 6.124045 0.518032 0.290614
v 6.101369 0.206117 0.403807
v 5.525475 0.373373 -0.193709
v 5.529090 0.376701 -0.192598
v 5.607507 0.253403 -0.321489
v 5.604298 0.257021 -0.321009
v 6.437251 0.405942 0.111430
v 5.758101 0.140036 0.374197
v 5.717367 0.182148 -0.350255
v 5.968188 0.008089 0.257873
v 6.249022 0.066101 0.321647
v 6.249819 0.069711 0.325233
v 5.567056 0.407598 -0.219106
v 6.146401 0.525135 0.276642
v 6.419637 0.200351 0.275297
v 6.419291 0.203500 0.279294
v 5.737715 0.406532 0.380187
v 6.113215 0.561543 0.252461
v 5.667217 0.226077 -0.362170
v 5.564866 0.205343 -0.170217
v 5.592308 0.270688 0.334630
v 6.278459 0.507505 -0.356173
v 6.442956 0.476966 -0.095406
v 6.434166 0.433373 -0.006020
v 6.156011 0.298135 -0.401374
v 6.161178 0.297398 -0.400574
v 6.302285 0.080344 0.371128
v 5.508085 0.323674 -0.121535
v 5.506903 0.328377 -0.121317
v 6.257770 0.116575 0.374297
v 6.211713 0.408283 0.349171
v 6.212430 0.413127 0.350386
v 6.207544 0.413840 0.350392
v 6.422996 0.214943 0.290560
v 5.672058 0.092168 -0.138404
v 6.472115 0.194267 0.165790
v 6.090611 0.319463 0.372679
v 5.625594 0.436949 -0.015964
v 5.944636 0.021564 0.281382
v 6.166582 0.399376 0.334805
v 6.482949 0.523457 -0.246254
v 6.482973 0.524284 -0.241546
v 5.811820 0.061673 0.355524
v 5.810702 0.058612 0.352207
v 5.815654 0.057732 0.351455
v 6.381826 0.479768 -0.381487
v 6.386645 0.478578 -0.382376
v 6.385189 0.474359 -0.384834
v 5.873536 0.079678 0.379617
v 6.389050 0.453287 0.237950
v 6.381713 0.486361 0.121789
v 5.927152 0.160070 0.435016
v 6.463228 0.381179 0.053956
v 5.689561 0.033233 -0.141527
v 6.087015 0.341201 0.359639
v 6.357136 0.157637 0.223386
v 5.928483 0.043339 0.315101
v 5.920315 0.177856 -0.400116
v 6.442539 0.159838 0.087609
v 5.618369 0.438072 0.175205
v 5.619140 0.427408 0.113883
v 6.335536 0.058733 0.121208
v 5.745568 0.493563 0.027898
v 6.358404 0.130809 -0.180074
v 6.356222 0.126270 -0.180573
v 5.646646 0.276087 0.417545
v 6.061076 0.054283 0.271213
v 6.061110 0.059095 0.272760
v 5.613323 0.193911 -0.217956
v 6.485409 0.389944 -0.092159
v 6.211440 0.115576 0.343349
v 5.749897 0.133532 0.351210
v 5.604870 0.423326 -0.029312
v 6.228301 0.011216 -0.330958
v 5.810771 0.208409 -0.390024
v 5.564145 0.376989 -0.304903
v 6.096629 0.374481 0.348868
v 6.301336 0.062207 0.352336
v 5.844523 0.026273 0.314127
v 6.373356 0.052159 0.019741
v 6.372531 0.047248 0.019884
v 6.471291 0.511261 -0.191262
v 6.383637 0.211110 -0.181702
v 5.552850 0.387070 -0.109428
v 6.004395 0.004308 0.246586
v 6.348719 0.092934 -0.137597
v 6.384578 0.494252 0.086666
v 5.527452 0.373799 -0.178000
v 5.559565 0.401058 -0.237403
v 5.558497 0.399910 -0.232746
v 5.589862 0.426578 -0.212947
v 5.593669 0.429940 -0.212022
v 6.378291 0.178470 0.287487
v 6.376193 0.178339 0.282533
v 6.380247 0.180870 0.280878
v 6.457082 0.217673 0.016346
v 5.608032 0.428798 -0.043295
v 5.608159 0.428105 -0.038417
v 5.611905 0.431467 -0.037850
v 6.224262 0.391607 0.346800
v 6.495340 0.360709 -0.068702
v 6.101903 0.388906 0.346473
v 5.728378 0.232218 -0.381120
v 5.729820 0.236695 -0.381999
v 6.402215 0.446994 0.160274
v 5.845039 0.488307 0.287292
v 5.845763 0.486633 0.292065
v 5.810828 0.009177 0.242978
v 6.143378 0.035700 0.237108
v 5.726583 0.083582 0.229201
v 6.139097 0.008336 0.208160
v 5.841928 0.057998 0.356992
v 6.423004 0.206105 0.277740
v 6.259511 0.016683 0.294500
v 5.725603 0.031172 -0.216396
v 6.276357 0.034115 0.325740
v 6.411381 0.472021 -0.020035
v 5.678229 0.067448 -0.137943
v 5.676822 0.061275 -0.135048
v 5.675394 0.065999 -0.134108
v 6.164579 0.198787 0.426382
v 5.558233 0.400214 -0.248196
v 6.228987 0.024427 0.278967
v 5.549033 0.247372 -0.205587
v 5.565898 0.131363 0.151415
v 6.266420 0.060291 -0.262161
v 6.268997 0.058648 -0.258240
v 6.265117 0.055589 -0.262901
v 6.462078 0.381014 0.063843
v 6.465722 0.377183 0.059262
v 6.287971 0.001158 -0.196810
v 5.611390 0.445958 -0.295171
v 6.243960 0.065049 0.316643
v 5.749138 0.513171 -0.063683
v 6.390923 0.485175 0.026668
v 6.255392 0.109180 0.365143
v 6.406032 0.170918 0.160426
v 6.402156 0.168561 0.162691
v 5.801380 0.077019 0.370275
v 5.643692 0.247749 -0.361237
v 5.639874 0.250332 -0.358675
v 5.960824 0.185987 0.422019
v 5.956106 0.185333 0.423673
v 5.601967 0.253553 0.361320
v 6.188293 0.547279 0.044453
v 6.428998 0.416182 0.185518
v 6.288612 0.084184 0.364145
v 5.790845 0.053810 0.321223
v 6.421582 0.149297 0.106918
v 6.422123 0.152984 0.111346
v 5.730474 0.051903 0.181445
v 5.571836 0.406387 -0.131738
v 5.652743 0.428866 0.245766
v 5.653811 0.427011 0.250354
v 5.658178 0.429292 0.250063
v 6.283310 0.031016 -0.239707
v 6.285356 0.030020 -0.235335
v 6.349637 0.144502 0.201833
v 6.350966 0.150707 0.204669
v 6.347732 0.146706 0.205525
v 6.124571 0.438977 0.370652
v 6.125895 0.442164 0.374311
v 5.575154 0.341327 -0.304944
v 5.635188 0.250575 -0.354765
v 5.817184 0.049070 0.338721
v 6.425613 0.491588 -0.361024
v 6.387387 0.464096 0.171082
v 5.792122 0.459549 0.308846
v 5.676694 0.119185 -0.201964
v 5.582075 0.395309 -0.006756
v 5.522099 0.188204 -0.023293
v 5.965175 0.200121 0.425788
v 5.535777 0.377816 -0.146060
v 6.367071 0.495372 0.153352
v 6.365833 0.495622 0.158144
v 6.092437 0.123082 -0.440328
v 6.368285 0.165826 0.260922
v 6.318344 0.114232 0.396838
v 5.516352 0.341771 -0.202035
v 5.516185 0.340366 -0.197237
v 5.515763 0.346645 -0.200805
v 5.822693 0.126395 0.454831
v 6.452322 0.239234 0.273462
v 6.197164 0.570195 0.237715
v 5.664801 0.427762 0.258873
v 5.669238 0.429989 0.258571
v 5.663686 0.429658 0.254325
v 5.606313 0.420942 -0.015359
v 6.032391 0.198556 0.401055
v 5.549370 0.176216 -0.126463
v 6.465429 0.373075 0.084477
v 6.418296 0.559717 -0.145056
v 6.491298 0.238853 0.056629
v 6.493743 0.243360 0.056319
v 6.491412 0.239256 0.061534
v 6.384336 0.493690 0.039488
v 6.070235 0.407466 0.381237
v 5.726345 0.122549 0.296611
v 6.460495 0.202524 0.081689
v 6.471662 0.456086 -0.125521
v 5.678927 0.096090 -0.162672
v 6.496521 0.323006 0.296221
v 6.376929 0.119851 -0.097378
v 5.998975 0.039766 -0.375500
v 6.447790 0.260179 0.316690
v 6.253322 0.028061 0.299806
v 5.936706 0.110711 0.381977
v 5.708770 0.450703 0.256976
v 5.713283 0.452694 0.256679
v 6.494265 0.251682 0.237980
v 5.516477 0.325289 -0.201643
v 5.654700 0.221945 0.398847
v 6.406319 0.245891 0.344367
v 6.481114 0.460192 -0.143554
v 6.481363 0.455786 -0.145659
v 5.747040 0.115138 -0.331898
v 5.743276 0.118524 -0.330199
v 5.745315 0.121343 -0.333446
v 6.427566 0.148189 0.061066
v 6.078146 0.089756 0.293581
v 6.485680 0.348891 0.278517
v 6.400096 0.418893 0.287672
v 6.169800 0.267388 -0.413498
v 6.085304 0.016465 0.229028
v 6.015538 0.500864 -0.290490
v 5.545654 0.380492 -0.110681
v 5.575523 0.240778 0.274946
v 5.831261 0.044151 -0.337359
v 6.294591 0.060766 0.349858
v 6.134006 0.562568 0.255347
v 6.059779 0.321177 0.400137
v 6.438044 0.157250 0.097710
v 6.435851 0.158675 0.101964
v 6.433904 0.154519 0.102924
v 6.435668 0.153148 0.098097
v 5.591146 0.316799 -0.328365
v 5.502434 0.296147 -0.113770
v 5.669385 0.449485 0.227265
v 6.433054 0.432824 -0.001349
v 6.144260 0.417743 0.339943
v 5.883203 0.015594 0.285741
v 5.884470 0.017186 0.290295
v 6.387314 0.131462 -0.126109
v 6.334763 0.110459 -0.192607
v 6.336745 0.114996 -0.191863
v 6.337460 0.108648 -0.188854
v 6.414575 0.530583 -0.312604
v 6.409086 0.531719 -0.311626
v 6.401436 0.207989 0.308549
v 5.634298 0.473935 -0.254854
v 6.392815 0.530750 -0.318630
v 6.328901 0.055597 -0.128574
v 5.679080 0.352666 0.408858
v 5.675598 0.354083 0.405571
v 6.414963 0.229345 -0.160880
v 6.418291 0.226982 -0.158170
v 5.841143 0.531645 -0.041713
v 5.841409 0.533746 -0.036983
v 5.846127 0.534253 -0.037328
v 5.813451 0.110350 0.430845
v 6.083548 0.028660 -0.407567
v 6.341097 0.200030 -0.421840
v 6.341881 0.199512 -0.416867
v 6.458264 0.377660 0.112252
v 6.270406 0.063469 -0.257549
v 6.271612 0.064928 0.336602
v 6.488424 0.325224 0.143237
v 5.839307 0.066010 0.364804
v 5.634212 0.270726 0.413564
v 6.173018 0.533003 0.035801
v 5.630546 0.256452 0.411926
v 5.628937 0.260466 0.411167
v 5.725500 0.096280 -0.274757
v 6.478119 0.405050 -0.102308
v 5.836963 0.074518 0.371742
v 6.095674 0.319158 0.371271
v 6.470205 0.197680 0.147945
v 5.670377 0.447795 0.231908
v 6.488707 0.234936 0.061912
v 5.678285 0.112520 -0.193017
v 5.829647 0.473257 0.310790
v 5.828947 0.475011 0.306249
v 5.824900 0.471693 0.310738
v 5.819654 0.519047 -0.046960
v 6.168918 0.543607 0.042732
v 6.402930 0.202350 0.300697
v 5.913543 0.506022 0.292054
v 5.914207 0.504326 0.296702
v 6.375418 0.487053 0.145747
v 5.561347 0.260255 0.170351
v 6.395191 0.427816 0.287649
v 6.192235 0.026900 -0.431140
v 6.067193 0.422690 0.390632
v 6.063648 0.422964 0.393590
v 6.405859 0.174173 0.164293
v 6.402069 0.171920 0.166486
v 5.853462 0.134017 0.458262
v 5.853121 0.138431 0.458432
v 6.290112 0.042897 -0.227753
v 5.821804 0.034741 -0.325579
v 6.092790 0.389285 0.351450
v 6.088677 0.389229 0.354651
v 5.822377 0.031955 -0.321478
v 5.953325 0.514904 0.299578
v 5.952686 0.516337 0.294820
v 6.454931 0.381921 0.241762
v 5.663977 0.070669 -0.120812
v 5.712608 0.233103 -0.378040
v 5.713943 0.237445 -0.378936
v 5.884027 0.355966 -0.357614
v 5.886205 0.359449 -0.354636
v 6.357353 0.177131 -0.197290
v 6.341987 0.020465 0.090092
v 5.742187 0.500131 0.004821
v 6.014566 0.252543 0.432044
v 6.014533 0.257578 0.432835
v 5.549369 0.135938 -0.071693
v 6.490021 0.312993 0.124413
v 6.133188 0.564764 0.251018
v 6.126278 0.446792 0.375576
v 5.664809 0.494037 -0.258644
v 5.666197 0.495806 -0.254128
v 5.670122 0.495734 -0.259132
v 5.620916 0.326967 0.354280
v 6.370625 0.173092 0.295406
v 6.366355 0.171946 0.301352
v 6.366062 0.169819 0.296846
v 5.993007 0.218588 0.422534
v 5.992640 0.223166 0.424263
v 5.988374 0.217675 0.424568
v 5.927001 0.164684 0.436779
v 5.778905 0.504109 0.027049
v 5.624237 0.461750 -0.274412
v 5.625097 0.462968 -0.279117
v 6.271650 0.001314 -0.245604
v 5.758783 0.181968 0.436020
v 5.580209 0.406089 -0.299816
v 5.577821 0.407290 -0.294936
v 6.077840 0.376928 0.363972
v 5.627811 0.447927 -0.011905
v 6.216923 0.019618 0.262419
v 5.500906 0.303405 -0.091775
v 5.500841 0.302422 -0.086808
v 5.500667 0.307244 -0.085819
v 5.724522 0.064355 0.191796
v 6.407897 0.082414 0.048690
v 6.086260 0.077662 0.277446
v 6.090807 0.073881 0.273949
v 5.729963 0.119055 0.297048
v 6.173867 0.533309 0.030438
v 6.178971 0.531990 0.036282
v 5.639739 0.467474 -0.286431
v 6.039831 0.354123 -0.372199
v 6.336597 0.082922 -0.140593
v 6.104379 0.199019 0.395749
v 6.099446 0.200016 0.396369
v 6.480823 0.374336 -0.022831
v 6.331387 0.002122 -0.128106
v 6.327525 0.006879 -0.132962
v 6.344282 0.565944 0.040009
v 5.636347 0.468564 -0.283116
v 6.421552 0.531045 -0.309099
v 6.417120 0.532119 -0.308226
v 6.075672 0.292672 0.411667
v 6.043963 0.335322 0.407792
v 6.047540 0.333815 0.404407
v 5.797418 0.094677 0.389665
v 5.800970 0.092049 0.390715
v 5.619214 0.425816 0.083684
v 6.135192 0.433247 0.357642
v 6.442647 0.162882 0.070649
v 6.444028 0.167592 0.070236
v 6.443413 0.163270 0.075898
v 6.116435 0.383266 0.341481
v 6.111409 0.383490 0.342788
v 6.111308 0.378506 0.343471
v 6.479405 0.347699 0.140856
v 5.746994 0.490483 0.037011
v 6.328137 0.571680 0.087387
v 6.449578 0.233410 0.270865
v 6.453221 0.236470 0.269179
v 6.220985 0.021341 0.267706
v 6.284207 0.037876 0.333367
v 6.009727 0.252815 0.430778
v 6.009532 0.257795 0.431250
v 6.056451 0.058337 0.274321
v 6.039508 0.336293 0.409718
v 5.996802 0.535743 0.261323
v 5.997605 0.534641 0.266232
v 6.385873 0.160234 0.170806
v 5.560741 0.188360 -0.152254
v 6.435974 0.170672 0.119349
v 6.396776 0.207520 0.313714
v 6.086004 0.031526 0.241971
v 5.568516 0.367684 -0.310076
v 6.267068 0.006312 -0.260271
v 6.177320 0.087536 -0.451461
v 5.795321 0.464811 0.299034
v 6.301168 0.092716 0.380433
v 6.305929 0.091190 0.380573
v 6.328301 0.517541 -0.340212
v 6.284801 0.073825 0.354134
v 6.281047 0.076674 0.352333
v 6.279628 0.073073 0.349362
v 5.539050 0.380040 -0.140597
v 6.317418 0.227714 0.365258
v 6.312755 0.229819 0.365202
v 6.316001 0.224100 0.368327
v 6.406570 0.117720 -0.018094
v 6.031397 0.543769 0.223851
v 6.343244 0.013258 0.023432
v 5.921352 0.117610 0.401134
v 5.795441 0.490945 -0.295763
v 6.444719 0.556431 -0.194898
v 5.996964 0.183393 0.402329
v 5.992343 0.187481 0.405853
v 5.942150 0.015249 0.274049
v 5.944224 0.159144 0.424118
v 6.331168 0.526045 -0.329275
v 6.159138 0.565061 0.251019
v 6.466634 0.539925 -0.232430
v 6.305088 0.266364 0.351305
v 6.306368 0.270892 0.349721
v 6.137896 0.171265 0.369530
v 6.058321 0.342810 0.381897
v 6.077545 0.082654 0.287313
v 5.575594 0.192586 0.259220
v 6.440022 0.156007 0.092901
v 5.538551 0.381975 -0.231664
v 6.054419 0.388723 0.396413
v 6.058212 0.393355 0.392023
v 5.744564 0.028478 -0.248845
v 6.008072 0.541298 0.238331
v 6.003398 0.540056 0.239681
v 6.008301 0.542514 0.242562
v 6.031115 0.538270 0.215515
v 6.031469 0.540676 0.219855
v 5.829266 0.052051 0.345419
v 6.069927 0.442436 0.393029
v 6.308206 0.035360 -0.142176
v 5.669920 0.220709 -0.359832
v 5.585938 0.398764 -0.006685
v 6.200084 0.006785 0.240642
v 5.747866 0.437405 0.324665
v 6.057655 0.310426 0.412199
v 6.057750 0.306043 0.414610
v 6.362461 0.179832 -0.193040
v 5.743009 0.430921 0.334078
v 5.748233 0.433055 0.333820
v 6.459092 0.478013 -0.127530
v 6.395105 0.561663 -0.112259
v 5.579688 0.415772 -0.190396
v 6.037548 0.337796 -0.377418
v 6.038008 0.341269 -0.376429
v 6.485744 0.343637 0.071465
v 6.486861 0.338810 0.071586
v 6.113822 0.275145 0.405272
v 6.414648 0.109235 0.053295
v 6.489130 0.309603 0.134971
v 6.489392 0.314342 0.134373
v 6.289255 0.048927 0.342732
v 6.194530 0.033114 -0.440337
v 6.195906 0.029757 -0.436606
v 5.572107 0.412682 -0.273427
v 6.495917 0.341236 -0.010453
v 5.851228 0.032886 -0.334050
v 5.850771 0.036026 -0.337942
v 6.377607 0.530772 -0.320977
v 6.303994 0.120536 0.409369
v 6.310191 0.124131 0.410054
v 5.589375 0.425732 -0.277052
v 5.538896 0.206694 -0.141487
v 5.539701 0.209014 -0.145891
v 5.567647 0.142632 0.167783
v 5.715840 0.035714 -0.190441
v 5.713847 0.039160 -0.191357
v 6.490090 0.303570 0.307967
v 6.165306 0.540279 0.022855
v 6.170322 0.540666 0.022848
v 6.170136 0.541691 0.017941
v 6.477785 0.525737 -0.251863
v 5.728240 0.027001 0.136335
v 5.724178 0.028898 0.138159
v 5.503220 0.288339 -0.157502
v 6.490813 0.328272 0.036748
v 6.370368 0.124278 0.128711
v 6.164320 0.513138 0.280553
v 6.361334 0.178774 0.341085
v 5.891961 0.147685 0.458217
v 5.894083 0.154167 0.457057
v 5.889811 0.151957 0.458300
v 5.665402 0.223307 0.412734
v 6.208723 0.384250 0.342807
v 6.214008 0.388344 0.344747
v 6.209357 0.389191 0.343396
v 6.420312 0.389739 -0.356708
v 5.864691 0.067008 0.366091
v 5.869585 0.067256 0.364825
v 6.475643 0.460040 -0.133643
v 5.622504 0.429355 0.063584
v 6.494341 0.365593 -0.067896
v 6.112706 0.398401 0.344291
v 6.395172 0.191574 0.292964
v 5.692219 0.481800 -0.057374
v 5.523988 0.167682 -0.023410
v 6.370893 0.508011 0.037285
v 6.327441 0.225952 0.360741
v 6.333482 0.206166 -0.455741
v 6.231241 0.004391 -0.290456
v 6.366879 0.085921 -0.015317
v 6.369481 0.087231 -0.011836
v 6.113947 0.435757 0.370657
v 6.391377 0.373117 -0.416393
v 6.387028 0.374446 -0.417584
v 6.283453 0.083542 0.359245
v 5.961672 0.005550 0.255176
v 5.958495 0.008515 0.260471
v 6.498292 0.298839 0.041675
v 6.126959 0.187198 0.385708
v 6.480927 0.224431 0.083105
v 6.483711 0.228496 0.082529
v 6.331397 0.072300 0.135924
v 6.355101 0.207907 -0.412691
v 6.480347 0.226280 0.092889
v 5.646440 0.091782 -0.102267
v 6.473386 0.237396 0.240205
v 6.381965 0.199359 0.332255
v 5.899849 0.194526 -0.395054
v 6.480219 0.373691 -0.018173
v 6.404700 0.102539 -0.005100
v 5.599401 0.432410 -0.284238
v 5.600448 0.432835 -0.289081
v 6.342634 0.164808 0.371807
v 6.490281 0.243713 0.230962
v 6.490680 0.240604 0.226980
v 6.243984 0.512551 -0.338870
v 6.123421 0.004327 0.203679
v 5.502230 0.295136 -0.108877
v 5.502011 0.300446 -0.107891
v 6.357914 0.565091 -0.010513
v 6.373828 0.509925 0.078140
v 6.063302 0.512115 -0.282281
v 6.345060 0.167606 0.358643
v 6.377338 0.153235 0.169271
v 5.636432 0.232848 0.389766
v 6.402756 0.473436 -0.001153
v 6.110153 0.506979 -0.313061
v 6.373249 0.225806 -0.182235
v 6.375221 0.230128 -0.180540
v 6.378075 0.227665 -0.177102
v 6.339963 0.076213 -0.131135
v 5.538686 0.380743 -0.258506
v 6.419548 0.454909 -0.390999
v 6.413945 0.451820 -0.394420
v 6.410635 0.438064 -0.399430
v 6.414371 0.436174 -0.396634
v 6.385036 0.140057 0.134463
v 6.384208 0.142373 0.138722
v 6.350907 0.117688 -0.180793
v 5.558860 0.077330 -0.003347
v 5.707377 0.038365 -0.172548
v 6.473039 0.358648 0.228816
v 6.473477 0.357414 0.223893
v 6.457650 0.238666 0.268059
v 5.529177 0.342625 -0.241221
v 6.472620 0.393208 -0.120062
v 6.473535 0.391479 -0.115330
v 6.446017 0.472897 -0.095507
v 6.310680 0.512033 -0.349641
v 5.844918 0.528644 -0.045864
v 5.639496 0.182097 -0.239493
v 5.654869 0.246771 -0.365122
v 5.652575 0.242440 -0.364053
v 5.596520 0.299475 -0.338582
v 5.905537 0.213471 -0.397036
v 5.705498 0.493684 -0.284144
v 6.422633 0.237197 0.324642
v 6.421633 0.239661 0.328953
v 6.088289 0.094454 0.294992
v 6.087723 0.091529 0.291080
v 6.325468 0.524190 -0.331166
v 6.326424 0.526768 -0.326764
v 5.636019 0.078103 -0.059972
v 5.639257 0.074808 -0.061279
v 6.332887 0.149993 0.380690
v 6.014092 0.243051 0.428596
v 5.567996 0.379917 -0.308371
v 6.082719 0.231347 0.427338
v 5.721009 0.073607 0.201433
v 5.724482 0.069851 0.201257
v 6.391459 0.151944 0.146559
v 6.495861 0.335572 -0.006025
v 6.387543 0.112602 0.092665
v 6.453447 0.486083 -0.127403
v 6.236207 0.114057 0.358428
v 6.237040 0.117002 0.362165
v 6.383291 0.483808 -0.378663
v 5.590912 0.428368 -0.222633
v 6.427892 0.248850 0.330890
v 5.552303 0.085349 0.013644
v 6.367227 0.530017 -0.324127
v 5.960145 0.003196 0.250986
v 5.836070 0.031830 0.319476
v 5.591292 0.202938 -0.196942
v 5.589526 0.200222 -0.193060
v 5.586164 0.203801 -0.192278
v 5.630654 0.457660 -0.135436
v 6.301126 0.259868 0.354707
v 6.463217 0.543493 -0.227885
v 5.751700 0.026619 -0.262769
v 5.747161 0.028241 -0.263686
v 5.572886 0.184240 0.242157
v 6.053970 0.545173 0.205782
v 6.310101 0.092176 0.378568
v 5.905204 0.108581 0.400122
v 6.367186 0.506301 0.117373
v 6.370039 0.502264 0.118229
v 6.185871 0.520576 0.265638
v 6.493103 0.341436 -0.075883
v 6.497477 0.314412 0.211205
v 6.496361 0.319509 0.209937
v 6.371894 0.120327 -0.097379
v 5.815275 0.012177 0.261631
v 6.193693 0.547434 0.034779
v 6.306407 0.183550 -0.450080
v 6.495759 0.319270 0.007630
v 6.494778 0.324213 0.007930
v 6.154967 0.510806 -0.319979
v 6.265454 0.434321 0.332106
v 6.098413 0.213451 0.411495
v 6.093471 0.214900 0.411626
v 5.680556 0.368344 0.401590
v 5.519411 0.202459 -0.040188
v 6.347777 0.513313 -0.343468
v 6.346786 0.510454 -0.347244
v 5.858346 0.131356 0.453422
v 5.522652 0.344358 -0.231939
v 5.524471 0.345690 -0.236546
v 5.526283 0.340854 -0.237423
v 6.359681 0.158990 -0.187567
v 6.454761 0.549131 -0.220990
v 6.459139 0.547494 -0.219739
v 6.495508 0.324582 0.002987
v 5.665446 0.026757 0.019156
v 5.574759 0.278964 0.259734
v 6.470928 0.503618 -0.276674
v 5.599525 0.262786 0.355146
v 6.428764 0.546873 -0.152065
v 6.430916 0.543021 -0.151478
v 5.538923 0.123433 0.025482
v 6.109617 0.062826 0.262703
v 5.644738 0.387028 0.323464
v 6.342266 0.006732 -0.127772
v 6.337486 0.006267 -0.130066
v 6.341076 0.495837 -0.366359
v 6.489802 0.326227 0.107805
v 5.588631 0.417137 -0.292064
v 5.590433 0.416566 -0.296462
v 6.244966 0.427867 0.347499
v 6.474223 0.408704 -0.120321
v 5.742342 0.046024 0.194786
v 6.012729 0.540283 0.232715
v 6.380697 0.560239 -0.056802
v 6.378011 0.563363 -0.057097
v 5.949225 0.051728 0.314824
v 5.799420 0.012883 0.236429
v 5.721182 0.067978 0.192068
v 5.571824 0.156723 0.193784
v 6.336422 0.002263 -0.127407
v 6.341042 0.002574 -0.125730
v 6.403746 0.556268 -0.113969
v 6.455507 0.384868 0.088397
v 6.458549 0.380930 0.088741
v 5.550767 0.089498 0.023670
v 6.461126 0.205568 0.066549
v 5.613082 0.428017 0.013779
v 6.385942 0.191610 0.303941
v 6.381651 0.188987 0.304945
v 6.415416 0.271984 -0.161629
v 6.434598 0.168486 0.126595
v 6.438907 0.173217 0.129266
v 5.841096 0.071729 0.373119
v 5.674212 0.343825 0.409743
v 6.089478 0.219315 0.415536
v 6.005666 0.496311 -0.306773
v 5.701335 0.035135 -0.156859
v 5.732152 0.122158 -0.312470
v 5.728746 0.125566 -0.311043
v 6.461420 0.237004 0.257340
v 6.461796 0.238831 0.261883
v 6.457906 0.236280 0.263543
v 5.637850 0.461257 -0.079939
v 5.636768 0.462042 -0.074796
v 6.282959 0.432789 0.321784
v 5.652284 0.031004 0.031605
v 5.651439 0.030633 0.026600
v 6.491993 0.248553 0.031570
v 6.189486 0.524781 0.261088
v 6.190536 0.520543 0.263849
v 5.719691 0.477638 0.037020
v 6.060071 0.413216 0.394871
v 6.450043 0.437750 -0.047530
v 6.413546 0.433156 0.146471
v 6.409862 0.437727 0.150715
v 6.257784 0.049402 -0.272530
v 6.289717 0.007787 0.092652
v 5.617815 0.430546 -0.005679
v 5.614056 0.427101 -0.010538
v 5.612956 0.428755 -0.006058
v 6.219022 0.538939 -0.116889
v 6.268554 0.012005 0.269246
v 6.264101 0.009830 0.270026
v 5.677629 0.491271 -0.272363
v 5.673655 0.492340 -0.267875
v 5.678375 0.493410 -0.268595
v 6.284455 0.035922 0.254671
v 6.395161 0.193791 0.297847
v 6.341749 0.011479 -0.005556
v 5.863967 0.108557 0.423600
v 5.859775 0.112052 0.428236
v 6.491368 0.324469 0.173379
v 6.490778 0.329445 0.172787
v 5.774683 0.168009 0.436159
v 6.249279 0.031115 0.298220
v 6.378174 0.473363 0.183759
v 6.463682 0.209267 0.061130
v 5.631289 0.404627 0.269995
v 5.612537 0.438533 -0.116874
v 5.608952 0.435088 -0.117178
v 5.741517 0.124630 -0.332425
v 5.813289 0.425429 0.390668
v 6.158140 0.007185 0.105782
v 6.262057 0.113939 0.374672
v 6.465302 0.203852 0.198344
v 5.986259 0.035411 -0.363911
v 6.456696 0.388914 0.058066
v 5.819070 0.032825 0.306422
v 5.530229 0.375099 -0.167213
v 5.533890 0.378406 -0.166182
v 5.678987 0.498347 -0.230707
v 6.048752 0.022258 -0.255963
v 6.053377 0.024404 -0.257066
v 6.246767 0.058665 0.315113
v 6.243183 0.061587 0.312976
v 5.513836 0.311331 -0.196176
v 6.393878 0.495113 -0.364502
v 6.266606 0.424999 0.334998
v 6.165149 0.539535 0.028278
v 5.707961 0.429292 0.298100
v 5.649389 0.368067 0.365472
v 5.719063 0.507014 -0.110213
v 5.602457 0.417655 -0.010944
v 6.420414 0.251996 0.338982
v 6.052155 0.003758 0.232609
v 5.681842 0.092293 -0.162463
v 5.816494 0.120786 0.447704
v 6.465591 0.539679 -0.223132
v 6.464354 0.539112 -0.218562
v 6.467221 0.534984 -0.218424
v 5.981074 0.010423 0.259397
v 5.546587 0.155920 -0.096627
v 6.408676 0.561029 -0.133226
v 6.481054 0.453776 -0.140914
v 6.478307 0.455998 -0.134631
v 6.174588 0.130152 0.336264
v 6.387832 0.456807 0.231926
v 6.010562 0.170867 0.391894
v 6.010689 0.175683 0.393481
v 6.340211 0.130279 -0.193565
v 6.481754 0.476230 -0.157765
v 5.616731 0.267071 -0.347222
v 5.619748 0.270390 -0.349273
v 6.287562 0.044094 -0.232020
v 6.060313 0.246449 0.431327
v 6.059198 0.241731 0.431254
v 6.314872 0.112490 0.399615
v 6.239636 0.489065 0.287904
v 5.936492 0.191498 0.433095
v 5.937540 0.186876 0.433517
v 5.767281 0.026282 0.199540
v 6.214874 0.507254 0.271772
v 5.833534 0.519285 -0.063454
v 5.984253 0.212018 0.424797
v 5.988848 0.213067 0.422757
v 6.489232 0.374996 -0.091751
v 6.365362 0.163089 0.220810
v 5.999727 0.277043 0.423401
v 6.004449 0.277083 0.424626
v 6.004466 0.281937 0.423394
v 5.684558 0.499399 -0.226444
v 6.379550 0.116260 0.105911
v 6.439431 0.353200 0.295542
v 6.139760 0.442254 0.369356
v 6.476575 0.447623 -0.127465
v 6.385729 0.350514 -0.422736
v 6.352939 0.091864 -0.127850
v 6.356081 0.095310 -0.128935
v 6.356615 0.090638 -0.123886
v 6.493184 0.320976 0.184076
v 6.305196 0.522355 -0.330207
v 5.737749 0.511265 -0.077006
v 6.440218 0.170127 0.108299
v 6.437357 0.165887 0.109678
v 6.438008 0.164270 0.105251
v 5.587321 0.259507 0.321409
v 6.388226 0.488832 0.022165
v 5.857055 0.102259 0.417018
v 5.756322 0.053772 -0.316282
v 5.759149 0.050350 -0.318969
v 5.891510 0.512773 -0.119728
v 5.916275 0.493870 -0.313818
v 5.921273 0.493948 -0.314467
v 5.915874 0.491486 -0.317811
v 6.477035 0.352552 0.220339
v 5.618614 0.431494 0.138974
v 5.857789 0.060407 0.359648
v 6.266634 0.018112 0.283267
v 6.262350 0.015246 0.284277
v 6.474703 0.210924 0.197955
v 6.308808 0.100275 0.392010
v 6.410194 0.131737 -0.029600
v 6.372564 0.299581 -0.437525
v 5.936202 0.024839 0.288219
v 6.491762 0.338382 0.242423
v 6.479419 0.513507 -0.209920
v 6.479865 0.509089 -0.211773
v 5.560091 0.124145 0.128279
v 6.395154 0.202611 -0.180504
v 6.069040 0.417614 0.386346
v 6.398251 0.169560 0.168954
v 6.394314 0.170138 0.174858
v 6.361216 0.171716 0.322307
v 6.134219 0.156808 0.351701
v 6.384379 0.117407 0.100905
v 6.202702 0.038216 -0.446114
v 6.340698 0.515242 0.262796
v 6.343579 0.511328 0.263807
v 5.826064 0.073102 0.368547
v 5.831018 0.072490 0.367945
v 5.520008 0.201372 -0.035393
v 5.625880 0.252104 -0.347124
v 6.109807 0.290989 0.393175
v 6.114426 0.289762 0.391902
v 5.636423 0.474151 -0.264644
v 6.329447 0.190928 -0.416073
v 5.567285 0.385670 -0.305419
v 5.965481 0.195554 0.424365
v 5.970271 0.200565 0.425167
v 5.573133 0.271539 0.257921
v 6.351301 0.082138 -0.125898
v 5.955604 0.194533 0.426496
v 5.667971 0.030422 -0.100942
v 6.334280 0.021076 0.098549
v 6.331057 0.017829 0.097841
v 6.041999 0.029816 -0.299557
v 5.678235 0.034876 -0.124768
v 5.678981 0.030449 -0.119300
v 6.112461 0.563179 0.248019
v 5.997089 0.228516 0.424370
v 5.997406 0.223891 0.422671
v 5.836993 0.481708 0.296993
v 6.200766 0.003254 0.237360
v 5.545855 0.251106 -0.204867
v 6.297381 0.185254 -0.455630
v 5.635807 0.419267 0.246714
v 5.636450 0.417704 0.251450
v 5.639968 0.421728 0.246523
v 6.403343 0.420538 0.284708
v 6.406211 0.416445 0.285435
v 6.437741 0.459291 -0.358334
v 5.542803 0.356998 -0.264675
v 6.456530 0.207999 0.052392
v 5.556460 0.390356 -0.108834
v 5.556482 0.391071 -0.113831
v 5.946111 0.193260 0.429913
v 6.133652 0.430005 0.353896
v 5.721166 0.062396 0.182608
v 6.433769 0.184126 -0.000489
v 6.271955 0.176505 0.402554
v 6.044497 0.131325 -0.430239
v 6.045394 0.136025 -0.430864
v 6.158094 0.012021 0.076824
v 6.162659 0.013976 0.076989
v 5.644327 0.221095 0.385722
v 5.991795 0.496446 -0.307403
v 6.170064 0.435794 0.351996
v 6.043857 0.359207 0.401045
v 6.383349 0.468477 0.174970
v 5.658758 0.094816 -0.119673
v 5.903127 0.051544 0.335809
v 6.455315 0.381575 0.146553
v 5.669230 0.220162 0.413502
v 5.605908 0.421307 -0.010713
v 6.336156 0.073707 0.130934
v 5.589077 0.429000 -0.242936
v 6.058228 0.554577 0.253054
v 5.648467 0.426504 0.246021
v 6.439376 0.256539 0.322897
v 6.438411 0.259107 0.327068
v 6.381093 0.113805 0.101723
v 5.574850 0.406526 -0.106087
v 6.480806 0.250397 0.250021
v 5.581689 0.325039 -0.313954
v 5.555885 0.258578 -0.226940
v 5.642166 0.277937 0.416065
v 5.965880 0.158523 0.410995
v 5.867625 0.366506 -0.355670
v 6.354038 0.022766 0.079826
v 6.151483 0.280724 -0.412461
v 5.680752 0.116820 -0.207388
v 5.679912 0.115343 -0.202599
v 5.502774 0.291079 -0.135651
v 5.796774 0.461356 0.308863
v 6.228704 0.033238 -0.403754
v 5.678348 0.056562 -0.135836
v 5.757289 0.453005 0.296025
v 5.762662 0.453039 0.300437
v 5.761962 0.454610 0.295724
v 6.072625 0.509450 -0.287353
v 6.310543 0.034519 -0.137513
v 6.478555 0.500376 -0.198975
v 6.465122 0.208600 0.065875
v 5.650331 0.195507 -0.281223
v 6.397838 0.240240 0.346579
v 6.404948 0.200247 -0.158133
v 6.402865 0.196138 -0.159760
v 6.403037 0.196498 0.289006
v 5.812462 0.050857 0.339082
v 5.722807 0.033241 -0.197923
v 6.395307 0.455275 0.163200
v 6.398275 0.451396 0.164282
v 5.503810 0.290981 -0.161929
v 5.503500 0.296704 -0.160086
v 6.452528 0.384487 0.235717
v 6.326742 0.020801 0.106172
v 5.661030 0.235803 -0.364807
v 5.832241 0.022417 0.308090
v 5.551124 0.337152 -0.268204
v 5.597216 0.432386 -0.206234
v 5.601729 0.258468 0.360575
v 6.201630 0.042522 -0.448497
v 5.852261 0.365838 -0.356522
v 5.920955 0.491033 -0.318052
v 5.704221 0.491085 -0.057868
v 6.388317 0.236716 -0.171376
v 5.649932 0.222627 0.394148
v 6.332694 0.009049 0.004697
v 5.671641 0.485253 -0.277857
v 5.645196 0.303249 0.412059
v 5.854585 0.491419 0.286795
v 5.923048 0.187416 -0.401460
v 6.057444 0.556088 0.248347
v 6.337310 0.056248 0.117308
v 6.373149 0.183569 0.307029
v 6.372891 0.185653 0.311588
v 6.368498 0.181244 0.307844
v 6.456839 0.203743 0.222364
v 6.419319 0.189058 0.258408
v 6.112137 0.393491 0.343319
v 6.143651 0.010501 0.212959
v 6.138522 0.014578 0.215620
v 5.706967 0.184298 -0.346361
v 5.966517 0.159697 -0.411810
v 5.940719 0.012509 0.270181
v 5.784543 0.017940 0.215007
v 6.150123 0.330670 -0.401388
v 6.430900 0.171874 0.136702
v 6.484679 0.206959 0.179518
v 5.725957 0.117564 -0.298613
v 6.214732 0.539941 -0.117077
v 6.434699 0.504806 -0.342704
v 6.367536 0.564617 -0.034014
v 5.725527 0.097913 0.252182
v 6.360377 0.053623 0.004097
v 6.123491 0.408160 0.343097
v 6.128374 0.408163 0.341550
v 6.128959 0.413092 0.342865
v 6.041745 0.105260 0.322045
v 6.038255 0.104981 0.323155
v 6.471289 0.384166 -0.123139
v 6.460855 0.377039 0.093978
v 5.567389 0.399422 -0.102125
v 6.440711 0.155389 0.087313
v 6.031299 0.546720 0.228011
v 5.756564 0.454579 0.291338
v 5.751911 0.452965 0.291660
v 5.548604 0.118789 -0.046008
v 5.813416 0.010508 0.252148
v 6.450931 0.463838 -0.091090
v 6.446991 0.262618 0.321025
v 5.542765 0.340349 -0.259183
v 5.513533 0.316139 -0.194532
v 5.823104 0.129668 0.458637
v 6.123226 0.275959 0.399099
v 6.122583 0.271723 0.401527
v 6.303483 0.064417 0.356686
v 6.033013 0.032681 -0.382642
v 6.031658 0.034258 -0.387245
v 6.352855 0.166762 0.325183
v 6.029433 0.139966 0.362568
v 6.287327 0.080640 0.360855
v 5.931411 0.024875 0.289800
v 5.885342 0.214461 -0.393552
v 6.048595 0.316838 0.414438
v 6.487576 0.335947 0.107118
v 5.716302 0.447323 0.270230
v 5.545096 0.107932 0.042131
v 5.841729 0.483334 0.296915
v 5.837732 0.479907 0.301603
v 6.230113 0.110175 0.350199
v 5.662993 0.086237 -0.120772
v 5.734487 0.028754 0.150047
v 5.558401 0.392318 -0.290936
v 6.337791 0.071326 0.126925
v 6.228538 0.012980 0.268621
v 6.015273 0.171321 0.390334
v 6.156210 0.139575 0.337644
v 6.228479 0.016731 0.272210
v 6.480436 0.492168 -0.185585
v 6.370674 0.484682 0.175751
v 5.502692 0.293638 -0.145402
v 5.918588 0.055190 0.334840
v 6.398757 0.220963 0.334531
v 6.424507 0.546312 -0.143160
v 6.470747 0.508741 -0.277646
v 6.380700 0.162749 0.189100
v 6.447770 0.554131 -0.192928
v 6.216596 0.407606 0.349020
v 6.299408 0.583187 0.226243
v 6.298288 0.583633 0.230220
v 5.707043 0.108507 -0.250515
v 6.402758 0.464452 -0.389485
v 5.660748 0.026764 0.024997
v 5.660370 0.027116 0.019788
v 5.675729 0.108322 -0.178564
v 6.224967 0.396469 0.347158
v 6.220092 0.397250 0.346984
v 6.432021 0.461267 -0.048211
v 5.824764 0.488320 -0.301248
v 5.652337 0.227862 0.401931
v 6.045688 0.249441 0.433045
v 5.812461 0.213020 -0.391154
v 5.996856 0.178658 0.400496
v 5.938315 0.167343 -0.404903
v 5.939414 0.172210 -0.405591
v 6.425495 0.419380 0.129217
v 5.611370 0.434490 -0.057557
v 6.249649 0.018264 0.289555
v 6.486793 0.347594 0.274385
v 6.160923 0.282596 -0.406242
v 6.166053 0.281831 -0.405749
v 6.280794 0.133318 0.412721
v 6.497846 0.352479 -0.049561
v 6.323863 0.188914 -0.425845
v 6.450417 0.526056 -0.172891
v 6.204268 0.424487 0.352479
v 6.097515 0.311208 0.377733
v 6.388092 0.103992 0.085602
v 6.278787 0.129597 0.410108
v 6.414135 0.170917 0.150798
v 5.864928 0.516529 -0.096355
v 5.864068 0.513598 -0.100378
v 5.694714 0.102449 -0.214125
v 5.501827 0.310114 -0.102047
v 6.313323 0.044453 -0.137005
v 6.401683 0.473331 0.008702
v 6.055898 0.322566 0.403235
v 5.833348 0.128633 0.457018
v 5.616789 0.249065 0.391142
v 5.616025 0.244930 0.387033
v 5.620687 0.244937 0.390702
v 6.321609 0.526592 -0.325186
v 6.372272 0.506174 0.098484
v 6.371032 0.506203 0.103252
v 5.710298 0.104795 -0.251377
v 5.530774 0.143273 -0.005389
v 5.529091 0.149080 -0.008839
v 5.530171 0.144304 -0.010159
v 6.473380 0.420837 -0.087824
v 6.037175 0.133670 0.352378
v 6.038027 0.137226 0.355893
v 6.162687 0.014538 0.072079
v 6.167253 0.016592 0.072140
v 6.262771 0.430626 0.337362
v 5.701754 0.484032 -0.294537
v 5.648014 0.033710 0.032290
v 6.346311 0.526027 -0.328772
v 5.811857 0.015997 0.261857
v 6.292446 0.516746 -0.341713
v 5.615872 0.433967 -0.032122
v 5.615590 0.434889 -0.037236
v 6.307192 0.013161 0.112487
v 6.463104 0.370931 0.229739
v 5.777073 0.044589 0.275878
v 5.773611 0.048312 0.275993
v 5.906219 0.111876 0.403757
v 5.738441 0.026532 0.148297
v 6.106342 0.378762 0.344876
v 6.365636 0.250387 -0.449445
v 6.368380 0.254329 -0.443532
v 6.327912 0.170296 0.386139
v 6.325500 0.166979 0.389557
v 6.330068 0.164948 0.390698
v 6.372186 0.167868 0.259273
v 6.335066 0.521164 -0.332934
v 6.338899 0.517208 -0.337510
v 6.334072 0.518553 -0.336724
v 6.370589 0.029025 0.036581
v 6.451980 0.247772 0.295247
v 5.711252 0.032532 -0.103658
v 5.628890 0.043802 0.015022
v 5.624284 0.045814 0.015263
v 5.623691 0.045217 0.010488
v 5.861764 0.363221 -0.356929
v 6.361424 0.156995 0.232784
v 6.365139 0.160120 0.231409
v 6.366721 0.160672 0.236173
v 6.362908 0.157958 0.237719
v 6.127939 0.190211 0.389625
v 6.124098 0.194579 0.393769
v 5.593287 0.428925 -0.207256
v 5.741386 0.423049 0.347676
v 6.381362 0.155882 0.167784
v 5.823270 0.014157 0.291626
v 5.827757 0.012807 0.290455
v 5.723511 0.110500 0.270142
v 5.826565 0.011986 0.285528
v 5.972236 0.494466 -0.314240
v 5.971910 0.497716 -0.309990
v 5.642778 0.266615 0.417087
v 6.473942 0.228962 0.227779
v 5.517189 0.218306 -0.041926
v 5.746502 0.452968 0.287345
v 5.751167 0.454516 0.286977
v 6.139728 0.205488 0.424252
v 6.354253 0.095502 -0.133849
v 5.581207 0.335801 -0.312506
v 5.916661 0.116697 0.403325
v 5.917672 0.120090 0.406877
v 6.451712 0.501276 -0.140729
v 5.584457 0.252611 -0.277254
v 6.348038 0.119648 -0.184509
v 6.345287 0.115432 -0.184618
v 6.342271 0.117438 -0.188066
v 6.143438 0.032326 0.233338
v 6.143500 0.028934 0.229584
v 6.482027 0.464152 -0.152806
v 5.636629 0.471607 -0.275911
v 5.634451 0.471364 -0.270671
v 5.638006 0.474209 -0.269405
v 6.351114 0.067353 0.104220
v 6.219280 0.538162 -0.122061
v 6.269127 0.103182 0.367109
v 6.401736 0.166072 0.157706
v 6.082343 0.029442 0.244810
v 5.657128 0.308498 0.416587
v 5.819975 0.101140 0.411800
v 5.824174 0.098406 0.406881
v 5.825069 0.100754 0.411247
v 6.452827 0.371158 0.285843
v 5.710182 0.127240 -0.285072
v 5.709265 0.125048 -0.280798
v 5.555171 0.396567 -0.265452
v 5.556579 0.397349 -0.270124
v 6.305400 0.014704 0.117011
v 6.315713 0.053160 0.139992
v 6.370185 0.096543 0.100849
v 6.426427 0.155998 0.111006
v 5.621142 0.256582 0.398490
v 6.286784 0.174640 -0.454055
v 6.333608 0.116946 -0.195266
v 6.487433 0.255641 -0.002905
v 5.578455 0.190246 0.259029
v 6.050554 0.336926 0.398534
v 6.446795 0.460690 -0.076739
v 6.406051 0.129006 -0.095426
v 6.402467 0.529060 -0.320173
v 6.403380 0.530884 -0.315524
v 6.408310 0.529853 -0.316329
v 5.661352 0.026093 -0.055734
v 5.616132 0.442325 -0.121546
v 5.745745 0.454466 0.282649
v 5.847497 0.075128 0.382199
v 5.563749 0.397681 -0.112647
v 5.733480 0.110252 -0.301638
v 5.734198 0.113190 -0.305638
v 5.720591 0.449687 0.270110
v 6.276973 0.156714 -0.451658
v 6.438173 0.400458 0.276224
v 6.386231 0.120823 -0.058066
v 6.390275 0.510348 -0.341486
v 6.442154 0.158570 0.076142
v 6.443008 0.163890 0.081192
v 5.669415 0.493555 -0.263295
v 5.531940 0.226479 -0.156060
v 6.067961 0.197107 0.394364
v 5.502775 0.295810 -0.134438
v 6.447443 0.530095 -0.173236
v 6.449165 0.525238 -0.168179
v 5.648645 0.215242 -0.311609
v 6.492866 0.253213 0.021393
v 6.118777 0.009835 0.212659
v 6.229725 0.009414 -0.312073
v 6.129323 0.056225 0.253280
v 6.108342 0.194922 0.391297
v 6.449722 0.456866 -0.076931
v 6.055384 0.024458 -0.247858
v 6.464522 0.279729 0.320075
v 6.462148 0.282788 0.322581
v 6.232945 0.022228 0.281102
v 6.236949 0.016495 0.279442
v 6.085392 0.020202 0.232582
v 5.574003 0.275947 0.258929
v 5.565741 0.402570 -0.287549
v 5.550299 0.390421 -0.273915
v 5.824086 0.519562 -0.052700
v 6.495064 0.317761 0.195040
v 5.569248 0.253270 -0.242185
v 6.271009 0.580168 0.236346
v 6.405384 0.159502 0.144693
v 5.923843 0.111948 0.391708
v 5.732880 0.404834 0.380558
v 5.737100 0.407864 0.375331
v 6.102483 0.310852 0.376514
v 5.708528 0.502970 -0.119017
v 5.713188 0.504737 -0.119614
v 6.447347 0.429724 -0.028654
v 6.359448 0.491868 0.265785
v 5.870561 0.070383 0.368472
v 5.875434 0.070629 0.367128
v 6.248960 0.186721 0.399268
v 5.629006 0.462285 -0.175077
v 5.821559 0.042617 -0.332245
v 6.432437 0.282508 -0.154787
v 6.430615 0.285328 -0.158791
v 6.350986 0.135132 -0.185613
v 6.354730 0.132960 -0.182899
v 6.352700 0.128437 -0.183621
v 5.706076 0.031967 -0.103191
v 5.707426 0.032188 -0.111525
v 6.330817 0.220755 0.364872
v 5.541855 0.385447 -0.229820
v 6.190004 0.075123 -0.451758
v 6.450374 0.469926 -0.100400
v 6.488246 0.323289 0.056634
v 6.489156 0.323214 0.051587
v 5.600347 0.422845 -0.048926
v 5.659253 0.427437 0.254644
v 5.611598 0.451300 -0.290481
v 5.617601 0.454125 -0.292687
v 6.399060 0.139390 0.105986
v 6.455160 0.488021 -0.131872
v 5.924653 0.178628 0.439281
v 5.926019 0.174051 0.439368
v 5.680275 0.098221 -0.170465
v 5.662480 0.023417 -0.065924
v 6.200662 0.026984 0.253664
v 6.104530 0.110080 -0.443449
v 6.431755 0.413213 0.166144
v 6.366326 0.178008 -0.190472
v 6.442741 0.177848 0.116536
v 6.376439 0.070536 0.011812
v 6.373616 0.066893 0.014213
v 6.370052 0.067186 0.010535
v 5.780640 0.491719 -0.293713
v 6.155362 0.334615 -0.398737
v 6.193277 0.548316 0.039703
v 5.662730 0.494754 -0.243985
v 6.495738 0.255642 0.235522
v 6.377377 0.186307 0.305972
v 6.096755 0.369690 0.350093
v 5.545444 0.388372 -0.243953
v 6.381053 0.121123 -0.057974
v 6.275377 0.008672 -0.252246
v 5.647326 0.265071 0.418596
v 6.431659 0.411392 0.207027
v 6.433780 0.408340 0.212973
v 6.484235 0.262211 0.266084
v 6.484113 0.264341 0.270582
v 5.622085 0.252151 0.399468
v 6.491706 0.340005 0.290402
v 6.176292 0.397163 0.335211
v 5.538673 0.376093 -0.260519
v 5.536577 0.374588 -0.256234
v 6.461595 0.376991 0.089071
v 6.475869 0.322730 -0.100282
v 6.193381 0.037375 -0.442867
v 5.833294 0.025671 0.311916
v 6.274553 0.014418 0.201493
v 6.373055 0.109009 0.107615
v 6.134769 0.178543 0.377492
v 6.087799 0.402163 0.363149
v 6.403176 0.194133 0.285212
v 6.328008 0.531418 -0.317728
v 5.820924 0.045659 0.333779
v 5.819837 0.043733 0.329339
v 5.824601 0.042238 0.328807
v 5.875444 0.527814 -0.037123
v 6.352180 0.024631 0.016891
v 5.556307 0.381275 -0.047150
v 6.315247 0.127777 0.408950
v 6.314678 0.123784 0.407896
v 6.318169 0.124691 0.405551
v 5.548591 0.227398 -0.180595
v 6.162095 0.255783 -0.422735
v 6.158248 0.261542 -0.420627
v 6.163106 0.260068 -0.419983
v 5.687237 0.109006 -0.208509
v 5.532933 0.376511 -0.156518
v 6.497984 0.321179 0.291931
v 6.068959 0.432751 0.391163
v 6.069460 0.437739 0.391771
v 6.264141 0.086290 0.348545
v 6.372563 0.471490 0.273002
v 6.409468 0.452987 -0.394356
v 6.410667 0.457341 -0.392241
v 6.436461 0.407079 0.152374
v 5.502551 0.306359 -0.112364
v 6.455221 0.204020 0.062705
v 6.059879 0.333797 0.386423
v 6.056698 0.334564 0.390451
v 5.592189 0.424097 -0.188938
v 6.169471 0.099220 -0.452453
v 6.168424 0.094444 -0.451190
v 5.540697 0.122634 0.036943
v 5.965432 0.154852 -0.411160
v 6.262392 0.425517 0.337788
v 6.387435 0.490257 0.087604
v 6.483351 0.292224 0.312399
v 5.744094 0.231037 -0.383550
v 5.869542 0.051425 0.345760
v 6.402056 0.105487 -0.014526
v 5.501623 0.283295 -0.049852
v 5.502384 0.282637 -0.044817
v 6.352360 0.096095 -0.138625
v 6.148516 0.151646 0.348566
v 5.598763 0.428978 -0.294656
v 5.600829 0.428512 -0.299137
v 6.456952 0.384789 0.078381
v 6.430653 0.166047 0.128278
v 5.676062 0.428274 0.267245
v 5.953669 0.008687 0.261895
v 5.972228 0.521136 0.293152
v 6.350105 0.205513 -0.417363
v 5.872045 0.121245 0.437268
v 6.074180 0.437629 0.389690
v 6.297887 0.098194 0.383220
v 6.070004 0.065794 0.269234
v 6.473286 0.251075 0.265988
v 5.501215 0.298585 -0.092757
v 6.331104 0.567793 0.087930
v 5.650770 0.051365 -0.027195
v 6.398046 0.078198 0.058027
v 6.448427 0.449200 -0.062533
v 6.496704 0.330550 -0.006467
v 5.825589 0.469941 0.315277
v 6.199943 0.014770 0.245897
v 6.374731 0.139313 0.143898
v 6.247806 0.010458 0.272717
v 6.468434 0.369111 0.084822
v 6.472823 0.534429 -0.237373
v 6.473113 0.534031 -0.232488
v 6.410568 0.094061 0.022023
v 6.432953 0.410687 0.120789
v 5.993544 0.532365 0.271643
v 5.741168 0.411250 0.370291
v 5.740415 0.413049 0.365700
v 5.560040 0.401045 -0.221808
v 6.310927 0.029105 0.125533
v 6.308871 0.030820 0.129718
v 5.552983 0.183826 -0.139102
v 6.300518 0.576505 0.236676
v 6.397579 0.090584 0.015795
v 6.404788 0.091848 0.018097
v 5.568228 0.404717 -0.192939
v 6.413556 0.141893 0.067207
v 6.182140 0.536386 0.026379
v 6.187431 0.537579 0.026045
v 6.367805 0.488618 0.174703
v 5.547366 0.338002 -0.263778
v 5.518004 0.217130 -0.037068
v 6.494614 0.329546 0.003359
v 5.727555 0.508521 -0.080656
v 6.461526 0.391106 0.005030
v 6.464648 0.387080 0.005154
v 6.375811 0.506093 0.083889
v 6.279133 0.167766 -0.454959
v 6.456905 0.372672 0.283378
v 6.483974 0.390967 -0.096901
v 6.138344 0.438855 0.365744
v 6.094432 0.217950 0.415293
v 6.444446 0.433775 -0.028691
v 5.771181 0.023384 0.198376
v 6.207263 0.513801 0.266122
v 6.208582 0.510007 0.269368
v 5.660675 0.033558 -0.025588
v 5.658686 0.036392 -0.025542
v 5.659833 0.033380 -0.030818
v 6.468709 0.250823 0.271071
v 6.409982 0.168086 0.151784
v 5.651731 0.095630 -0.110421
v 5.656641 0.093317 -0.115158
v 6.450235 0.496628 -0.341233
v 5.659523 0.027594 -0.066068
v 5.662406 0.024685 -0.060821
v 5.659931 0.027547 -0.060957
v 5.987553 0.034169 -0.359229
v 5.843729 0.111150 0.425528
v 5.554702 0.396918 -0.249794
v 5.655535 0.076158 -0.110981
v 6.111883 0.547480 0.266725
v 6.372280 0.511761 0.057254
v 6.474096 0.375132 0.005492
v 5.985413 0.527311 0.282238
v 5.622515 0.432574 0.128840
v 5.653158 0.310375 0.413487
v 5.986613 0.139100 -0.416303
v 5.987663 0.143947 -0.416961
v 6.369651 0.079448 -0.003296
v 6.366117 0.078780 -0.006716
v 6.450433 0.203524 0.235406
v 6.450826 0.206220 0.239684
v 6.049744 0.448301 0.394589
v 6.487304 0.267829 0.268934
v 6.207057 0.001238 0.234544
v 6.371708 0.127892 -0.044865
v 6.471010 0.379137 0.005433
v 5.531124 0.377076 -0.176958
v 6.187048 0.516666 0.268747
v 6.280572 0.057715 -0.241478
v 6.282106 0.062524 -0.240843
v 6.356745 0.509093 -0.349164
v 5.589436 0.411619 -0.301145
v 5.680541 0.430424 0.266919
v 6.105717 0.502790 -0.313398
v 6.366076 0.199343 -0.193085
v 6.202509 0.445349 0.356587
v 6.338932 0.518883 0.257103
v 6.420176 0.520782 -0.327402
v 6.448132 0.179596 0.130391
v 6.391179 0.125131 -0.032951
v 5.817882 0.008046 0.251158
v 5.713500 0.123647 -0.286246
v 6.446506 0.396698 0.087152
v 6.082928 0.125078 -0.438290
v 5.765235 0.489414 -0.295669
v 6.445905 0.289530 -0.145404
v 5.787153 0.162030 0.439020
v 6.178655 0.544586 0.043712
v 5.767876 0.045593 -0.320561
v 6.109251 0.301783 0.382658
v 6.109472 0.298050 0.386078
v 6.114467 0.297236 0.385225
v 5.711335 0.504121 -0.134585
v 5.604471 0.424682 -0.038889
v 6.384707 0.182202 0.279278
v 6.010909 0.499164 -0.295703
v 6.010605 0.500634 -0.290659
v 5.559083 0.077171 0.001789
v 6.082696 0.091086 0.291803
v 6.438980 0.401541 0.220094
v 6.438126 0.402460 0.224927
v 6.423092 0.174433 0.148007
v 6.366068 0.022948 0.065898
v 5.627721 0.438372 0.200511
v 6.358645 0.142086 -0.181274
v 6.099531 0.495421 -0.318619
v 6.100296 0.499172 -0.315487
v 6.450644 0.230448 0.266977
v 5.688647 0.028943 0.092819
v 6.381566 0.135119 0.130779
v 5.641737 0.254376 0.417728
v 5.639483 0.250904 0.415958
v 5.604867 0.317537 0.315970
v 5.663611 0.157301 -0.245066
v 6.481431 0.244907 0.241755
v 6.162581 0.405268 0.335271
v 5.540670 0.344640 -0.258546
v 6.217463 0.056003 0.288610
v 6.461145 0.348928 -0.136747
v 5.732404 0.090009 -0.278979
v 5.728758 0.092435 -0.275275
v 5.624993 0.314791 0.376819
v 5.627851 0.319070 0.372198
v 6.367579 0.275582 -0.443646
v 6.406370 0.208019 0.303795
v 6.199502 0.425397 0.352049
v 5.563483 0.120817 0.128614
v 6.049992 0.553332 0.224365
v 6.165199 0.436537 0.352479
v 6.166602 0.439848 0.356302
v 5.980344 0.007178 0.255444
v 5.593184 0.208724 0.313804
v 5.653409 0.042495 -0.013938
v 5.643928 0.202925 -0.279321
v 6.459364 0.211453 0.046886
v 5.670235 0.085105 -0.129628
v 6.457376 0.261043 0.306560
v 6.456525 0.263397 0.310823
v 6.306012 0.111314 0.403154
v 5.707001 0.175177 -0.340413
v 6.482726 0.519213 -0.245234
v 6.294516 0.550500 -0.061961
v 6.455040 0.382091 0.149998
v 6.454764 0.382606 0.153443
v 6.468420 0.193412 0.149916
v 5.655949 0.162648 -0.238846
v 6.214975 0.543435 -0.082149
v 6.376347 0.303665 -0.433844
v 6.372781 0.304110 -0.435587
v 5.560043 0.384619 -0.046913
v 5.665650 0.093710 -0.128919
v 6.172913 0.516882 0.274116
v 5.996111 0.035128 -0.366119
v 5.598949 0.220789 0.338778
v 5.623884 0.435058 0.200809
v 5.532388 0.371712 -0.242107
v 6.304189 0.520307 -0.334780
v 5.632626 0.414979 0.251453
v 5.833683 0.476616 0.306251
v 5.705110 0.126597 -0.275370
v 5.705935 0.128647 -0.279661
v 6.284905 0.012173 0.163102
v 5.629651 0.467865 -0.266985
v 5.676376 0.030199 -0.114933
v 5.841007 0.485043 0.292202
v 5.564657 0.404703 -0.204189
v 5.564340 0.403061 -0.199206
v 5.615676 0.422198 0.073521
v 5.619173 0.425636 0.073564
v 5.500712 0.285429 -0.059722
v 5.500448 0.290255 -0.058563
v 5.500359 0.291561 -0.063471
v 6.247819 0.182652 0.401901
v 5.509016 0.318330 -0.111912
v 6.468668 0.252551 0.275325
v 6.104983 0.104301 0.303551
v 5.632569 0.473404 -0.244718
v 6.003726 0.001228 0.243046
v 6.388425 0.176635 0.269233
v 6.387297 0.167856 0.183449
v 6.399267 0.084911 0.025292
v 6.398716 0.080165 0.030741
v 6.045659 0.147067 0.365865
v 6.427910 0.418363 0.114334
v 6.359584 0.160466 0.217469
v 6.309074 0.024399 -0.138382
v 6.333887 0.142778 0.380133
v 6.297273 0.516588 -0.342794
v 5.856008 0.099038 0.413261
v 6.303628 0.015939 0.121673
v 6.299572 0.013308 0.120732
v 6.279767 0.017519 -0.246814
v 6.281926 0.016722 -0.242231
v 5.629614 0.437062 0.048842
v 5.569407 0.411520 -0.263964
v 5.572860 0.414971 -0.262582
v 6.460074 0.204182 0.215885
v 5.739285 0.426906 0.338759
v 6.005585 0.539379 0.255418
v 6.006459 0.538105 0.260256
v 5.921185 0.049031 0.325880
v 5.922280 0.052195 0.329565
v 5.917495 0.051992 0.331173
v 5.536346 0.212568 -0.144768
v 6.420320 0.141899 0.060514
v 6.377636 0.078986 0.003526
v 6.186725 0.006762 0.231941
v 6.220837 0.017517 0.264565
v 6.220861 0.013740 0.261460
v 6.349944 0.132808 0.182997
v 6.219381 0.539113 -0.096852
v 5.563720 0.386869 -0.036535
v 5.585096 0.415723 -0.094629
v 5.599606 0.257792 0.355798
v 6.363880 0.502964 0.141850
v 6.242112 0.012347 0.276806
v 6.242821 0.011561 0.271916
v 5.574214 0.403959 -0.295844
v 5.602924 0.433716 -0.188163
v 6.468394 0.289686 0.318760
v 5.732993 0.123699 0.310661
v 6.432793 0.502487 -0.346524
v 5.727566 0.416961 0.348386
v 6.116648 0.388311 0.341110
v 5.864742 0.493085 0.289991
v 6.164718 0.268400 -0.413809
v 6.387225 0.561597 -0.080933
v 6.086983 0.510042 -0.295384
v 6.368283 0.214631 -0.193239
v 6.370866 0.212744 -0.189595
v 5.678860 0.104634 -0.179255
v 6.200511 0.545428 0.016320
v 6.197896 0.451296 0.355592
v 5.586689 0.343413 -0.321341
v 6.464640 0.373048 0.089381
v 6.462558 0.510303 -0.290480
v 6.352925 0.064865 0.100339
v 6.429062 0.246210 0.326730
v 6.165016 0.012553 0.116395
v 6.430347 0.555508 -0.161766
v 6.432776 0.555840 -0.166316
v 6.430569 0.559742 -0.167304
v 6.473781 0.215459 0.207059
v 6.380012 0.204796 0.340602
v 5.883887 0.209753 -0.393238
v 5.920265 0.114339 0.397496
v 5.915602 0.113475 0.399641
v 6.416684 0.429287 0.147174
v 6.310416 0.115127 0.405156
v 5.750112 0.103063 -0.328353
v 5.751470 0.106598 -0.331473
v 5.666451 0.227617 0.421324
v 6.338059 0.047125 0.110670
v 6.335332 0.042939 0.111796
v 5.826417 0.025654 0.307950
v 6.134891 0.159655 0.355101
v 6.276650 0.019015 0.211056
v 6.277112 0.018487 0.206133
v 6.293630 0.526012 -0.312081
v 6.294350 0.528142 -0.307452
v 5.548990 0.105655 -0.029650
v 6.075632 0.296964 0.409204
v 6.319894 0.129584 0.406004
v 5.721627 0.507002 -0.090095
v 6.057537 0.006976 0.235685
v 6.406966 0.205351 0.299790
v 5.796179 0.493863 -0.291741
v 5.728631 0.415068 0.352828
v 5.979402 0.151180 -0.415009
v 5.978324 0.146333 -0.414405
v 6.335405 0.146575 0.377489
v 6.171330 0.032415 -0.434807
v 5.667363 0.496357 -0.244350
v 6.403465 0.118028 -0.022204
v 5.559063 0.399320 -0.195397
v 5.560203 0.400060 -0.200409
v 5.710106 0.504258 -0.144456
v 6.268327 0.083749 0.349524
v 6.273339 0.084441 0.354587
v 6.257878 0.002976 -0.266810
v 6.254687 0.001340 -0.264112
v 6.353376 0.188391 0.376631
v 6.324387 0.061705 -0.135244
v 6.273654 0.444030 0.315440
v 6.278246 0.444188 0.313290
v 5.732315 0.510059 -0.081333
v 5.732940 0.509863 -0.076288
v 6.399126 0.230257 0.340545
v 6.395975 0.226736 0.341828
v 6.397211 0.223958 0.338037
v 6.110146 0.284582 0.400937
v 6.109792 0.287437 0.396796
v 6.319638 0.522740 -0.334540
v 6.303457 0.262241 0.352563
v 5.720699 0.035191 -0.206924
v 5.723882 0.031339 -0.206462
v 5.619310 0.445020 -0.091382
v 5.615596 0.441624 -0.091701
v 5.650852 0.306057 0.414247
v 6.405215 0.166463 0.151929
v 6.374691 0.210924 -0.187567
v 5.705653 0.491603 -0.288717
v 6.400120 0.075951 0.054185
v 6.395417 0.073840 0.058968
v 5.862067 0.102171 0.415993
v 6.025464 0.135342 -0.426023
v 6.435400 0.407277 0.126571
v 6.432304 0.411141 0.125799
v 6.333887 0.068251 -0.131896
v 6.167349 0.192705 0.424528
v 5.627670 0.230015 0.376641
v 5.625890 0.227901 0.372504
v 5.631186 0.226614 0.376781
v 6.022201 0.540283 0.226386
v 6.026889 0.541887 0.225167
v 6.405632 0.086249 0.027938
v 6.364402 0.147576 0.194495
v 6.360879 0.145178 0.195181
v 5.556221 0.341677 -0.275522
v 6.366426 0.067355 0.007023
v 6.361755 0.062222 0.004033
v 5.516174 0.349362 -0.210541
v 5.515801 0.354306 -0.209362
v 5.616877 0.440862 -0.106591
v 6.261300 0.578443 0.236243
v 6.146689 0.281560 -0.413526
v 6.048687 0.312466 0.416671
v 5.939600 0.527293 -0.049197
v 5.939302 0.526132 -0.054065
v 5.836678 0.031630 -0.327608
v 5.836163 0.034072 -0.331393
v 6.085494 0.223648 0.419577
v 6.090435 0.222435 0.419150
v 6.086543 0.226729 0.423260
v 6.480398 0.447257 -0.138304
v 6.480752 0.449330 -0.143009
v 5.754674 0.080486 -0.322028
v 6.079021 0.447693 0.390625
v 6.368659 0.199106 0.366586
v 6.346963 0.528632 -0.325140
v 6.347646 0.530633 -0.320997
v 6.397170 0.205306 0.309331
v 5.628827 0.265659 0.410293
v 5.582359 0.415064 -0.120054
v 6.479905 0.528620 -0.242265
v 6.362244 0.020110 0.068423
v 6.360615 0.019456 0.064026
v 6.123299 0.003240 0.198526
v 5.541864 0.378164 -0.116209
v 5.822357 0.038269 0.319977
v 6.466574 0.501342 -0.290349
v 6.466884 0.496603 -0.289847
v 6.352873 0.016389 0.051721
v 6.243425 0.047422 0.305567
v 6.270795 0.004878 -0.256712
v 6.267959 0.001415 -0.255256
v 6.121737 0.447234 0.377448
v 6.083112 0.005355 0.207377
v 6.434541 0.476502 -0.076576
v 6.437605 0.472376 -0.076569
v 5.994952 0.037062 -0.370532
v 6.203470 0.419534 0.351351
v 6.208303 0.418737 0.351579
v 6.068577 0.553643 0.212757
v 5.785709 0.152364 0.427796
v 6.322169 0.062350 -0.139251
v 6.246100 0.112773 0.363409
v 6.466213 0.367212 0.231038
v 5.877609 0.124839 0.439396
v 5.872598 0.124157 0.440842
v 5.524131 0.166514 -0.018587
v 5.508329 0.315316 -0.131698
v 5.841306 0.528541 -0.045895
v 5.837693 0.528437 -0.045925
v 5.836848 0.530754 -0.041312
v 6.383885 0.207932 -0.185889
v 6.078913 0.518709 -0.269875
v 5.855236 0.052281 0.349958
v 6.286751 0.034560 0.328328
v 6.361362 0.128956 -0.176387
v 6.468837 0.518425 -0.273459
v 6.471914 0.514461 -0.274145
v 5.823760 0.134291 0.458875
v 6.493517 0.299084 0.058484
v 5.668722 0.495542 -0.234551
v 5.673505 0.497091 -0.235020
v 5.686486 0.421345 0.289599
v 5.522333 0.178427 -0.025659
v 6.386483 0.162184 0.175359
v 5.632616 0.265888 0.413198
v 5.571733 0.405670 -0.126693
v 6.040517 0.250175 0.432894
v 6.498482 0.325811 0.263419
v 6.119981 0.439028 0.372394
v 6.441458 0.480768 -0.364481
v 6.442600 0.484419 -0.362177
v 6.357169 0.044307 -0.000813
v 6.356663 0.185031 0.375370
v 5.634668 0.223247 0.376955
v 6.001445 0.179352 0.398590
v 6.364613 0.495921 0.162948
v 6.051023 0.332416 0.400891
v 6.047503 0.338379 0.402573
v 5.885731 0.036135 -0.343807
v 6.120772 0.451019 0.374353
v 6.424198 0.445028 -0.002401
v 6.399030 0.189400 0.282589
v 6.398815 0.192396 0.286617
v 6.338538 0.502344 -0.357627
v 6.345735 0.510278 0.254647
v 5.825776 0.492338 -0.296975
v 5.525158 0.161787 -0.020062
v 5.628964 0.298850 0.396009
v 6.431828 0.143261 0.041694
v 6.490371 0.317306 0.118835
v 6.490274 0.322282 0.118319
v 6.490219 0.317917 0.123846
v 6.317624 0.516737 -0.342470
v 5.550015 0.089461 0.018944
v 5.548199 0.093933 0.024272
v 6.178410 0.092304 -0.452548
v 5.854354 0.514915 -0.098982
v 5.604424 0.188404 -0.200334
v 5.605896 0.190769 -0.204468
v 6.325955 0.134209 0.390793
v 5.604114 0.254472 0.366061
v 6.466891 0.369089 0.094599
v 5.743843 0.435767 0.324863
v 5.579432 0.062574 -0.008265
v 5.630905 0.470430 -0.255766
v 6.440756 0.294462 -0.151948
v 6.490303 0.243753 0.031677
v 5.868493 0.135725 0.455741
v 5.929574 0.046488 0.318783
v 5.921090 0.517078 0.223381
v 6.490664 0.374130 -0.087020
v 6.454116 0.504991 -0.312693
v 6.479450 0.440754 -0.135550
v 6.405625 0.556693 -0.118497
v 5.924841 0.046153 0.320518
v 5.699570 0.428094 0.288831
v 5.568110 0.401703 -0.292109
v 6.006099 0.238548 0.426452
v 6.005545 0.243302 0.427548
v 6.000809 0.243296 0.426759
v 6.001185 0.238440 0.426186
v 6.067088 0.074827 0.282518
v 6.338432 0.017612 0.089454
v 6.344777 0.018008 0.083921
v 6.008955 0.415941 -0.342446
v 5.693702 0.032401 -0.139435
v 6.371190 0.026713 0.052518
v 5.723860 0.399808 0.386007
v 5.724672 0.398202 0.390632
v 5.948220 0.018343 0.276099
v 6.159154 0.265745 -0.417889
v 6.439649 0.172088 0.113095
v 5.636137 0.225209 0.381314
v 6.477071 0.242786 0.242865
v 5.674851 0.430277 0.262781
v 6.433947 0.165041 0.118285
v 6.059657 0.352652 0.380096
v 5.597795 0.430494 -0.195623
v 6.496911 0.336191 -0.010946
v 5.731744 0.029481 -0.230958
v 5.732832 0.030113 -0.235915
v 5.737400 0.029069 -0.234916
v 6.460920 0.206062 0.220325
v 5.665736 0.369667 0.385523
v 5.568066 0.403176 -0.132345
v 5.770691 0.053152 -0.326708
v 6.090252 0.397956 0.357860
v 5.803596 0.149904 0.451364
v 5.618873 0.429000 0.128991
v 6.015170 0.166493 0.388793
v 6.345687 0.014416 -0.005796
v 6.482410 0.472344 -0.159820
v 6.422758 0.171005 0.144033
v 6.368667 0.491637 0.159159
v 6.367457 0.491939 0.163977
v 5.701947 0.425564 0.298222
v 5.822799 0.029365 0.307026
v 5.609222 0.424506 0.013692
v 6.258185 0.009889 0.278685
v 6.459070 0.384926 0.063450
v 5.591587 0.329704 -0.325544
v 5.592327 0.332683 -0.329279
v 5.543369 0.346329 -0.262456
v 5.538801 0.349077 -0.257842
v 5.541493 0.350747 -0.261751
v 6.100749 0.073018 0.273962
v 5.626407 0.449635 -0.065747
v 6.469544 0.246161 0.263100
v 5.574770 0.404403 -0.091143
v 6.371703 0.164643 0.239332
v 6.367969 0.161819 0.240890
v 5.655204 0.171919 -0.251691
v 5.651209 0.173831 -0.246158
v 5.583069 0.404632 -0.050618
v 5.837472 0.060189 0.356506
v 5.503491 0.309651 -0.112412
v 6.447260 0.393233 0.103140
v 5.536643 0.379862 -0.155495
v 5.597903 0.204434 -0.205746
v 5.944015 0.009897 0.264511
v 6.100865 0.502467 -0.311965
v 6.095858 0.502723 -0.311283
v 6.223073 0.046514 -0.457645
v 6.224737 0.044148 -0.455502
v 5.738060 0.504807 -0.034723
v 5.742809 0.506331 -0.035028
v 6.368429 0.513563 0.046731
v 6.154243 0.267015 -0.418794
v 6.366694 0.498937 0.142826
v 5.584990 0.353678 -0.318876
v 6.250288 0.329701 -0.401116
v 5.931026 0.037374 0.306002
v 5.935770 0.037596 0.304299
v 6.156594 0.009817 0.150953
v 6.314001 0.233398 0.361971
v 6.389910 0.186560 0.284301
v 6.024549 0.130576 -0.425272
v 6.310935 0.016225 0.112970
v 5.775619 0.037248 -0.313032
v 5.932872 0.185789 0.435560
v 5.933825 0.181132 0.435067
v 6.144415 0.009074 0.208525
v 5.677832 0.358091 0.405509
v 5.898516 0.512890 0.244710
v 6.334816 0.067508 0.127980
v 6.492271 0.329873 0.212575
v 6.215888 0.402800 0.347881
v 5.944255 0.163843 0.425785
v 6.446407 0.392045 0.233297
v 6.094472 0.012235 0.218443
v 6.059047 0.551352 0.213963
v 5.536604 0.369679 -0.257956
v 5.668174 0.030938 0.056910
v 5.672472 0.028649 0.055671
v 6.338289 0.208284 -0.455312
v 6.147429 0.521288 0.279687
v 6.133556 0.037000 0.235923
v 5.722363 0.080106 0.215334
v 6.154204 0.416876 0.338033
v 6.155062 0.421576 0.340155
v 6.489714 0.333188 0.036530
v 5.596575 0.419491 -0.049256
v 5.633326 0.449866 -0.016467
v 6.360193 0.157129 0.244212
v 6.315448 0.510665 -0.350107
v 5.820856 0.103517 0.416151
v 6.414162 0.214271 0.301429
v 6.418294 0.217225 0.300349
v 6.223213 0.050519 -0.458542
v 6.030379 0.143018 0.366501
v 6.025464 0.143518 0.367130
v 6.165770 0.136516 0.338617
v 5.724808 0.441331 0.293127
v 6.021945 0.545810 0.234444
v 5.685753 0.490567 -0.279348
v 5.670388 0.428091 0.263099
v 6.307235 0.114996 0.406397
v 6.420235 0.237766 -0.160636
v 6.282600 0.080396 0.355372
v 6.258020 0.142286 0.415806
v 6.253394 0.144272 0.415835
v 5.866520 0.362132 -0.357365
v 6.260188 0.047944 -0.268436
v 6.059659 0.026882 -0.228833
v 5.980546 0.526182 0.282697
v 5.981281 0.524809 0.287497
v 6.343433 0.501514 -0.358518
v 6.355853 0.027534 0.015591
v 6.483642 0.227874 0.077602
v 5.592306 0.415803 -0.300797
v 5.640585 0.040682 0.033228
v 6.190145 0.543728 0.035106
v 6.187341 0.002828 0.228386
v 6.393615 0.159044 0.154928
v 5.503541 0.272626 -0.047416
v 6.402506 0.294457 0.324407
v 6.224804 0.030517 -0.403869
v 6.356708 0.160445 0.207783
v 6.357868 0.160769 0.212801
v 5.646297 0.439548 0.223531
v 6.160355 0.509420 0.285368
v 6.159337 0.513278 0.282306
v 6.353739 0.498832 0.222388
v 6.499139 0.321997 0.280974
v 6.469954 0.299743 -0.097319
v 5.920406 0.518727 0.218656
v 6.054568 0.552291 0.219176
v 5.613407 0.047847 0.001039
v 5.607429 0.243043 0.373502
v 6.228932 0.041645 -0.437685
v 6.408950 0.089591 0.027133
v 5.629988 0.446149 -0.016562
v 6.368148 0.510211 0.102442
v 6.333057 0.069936 0.131918
v 6.024833 0.256981 0.434089
v 5.604269 0.425439 -0.043723
v 6.470477 0.385114 -0.014210
v 5.590429 0.401598 -0.011628
v 6.424524 0.456501 -0.024580
v 6.406138 0.095728 0.012660
v 5.548885 0.162975 -0.110072
v 6.254120 0.426560 0.343450
v 6.498566 0.326499 0.279198
v 6.477129 0.524226 -0.218599
v 6.292271 0.010915 0.134177
v 5.952119 0.006549 0.257610
v 6.212110 0.040019 -0.448556
v 5.527129 0.375203 -0.203343
v 5.580333 0.212934 -0.195256
v 5.843756 0.537874 -0.001069
v 6.206223 0.058409 -0.455081
v 6.089160 0.406647 0.364793
v 5.892374 0.127995 0.433960
v 6.363667 0.149684 0.199404
v 5.775121 0.502007 0.016494
v 5.537823 0.128287 0.026605
v 5.619041 0.428811 -0.010326
v 5.833466 0.523892 -0.049619
v 5.833631 0.521366 -0.053757
v 5.829139 0.518229 -0.052907
v 5.556495 0.387634 -0.292020
v 5.559415 0.387833 -0.295902
v 6.431575 0.539577 -0.270785
v 5.713090 0.184816 -0.349922
v 5.711188 0.181580 -0.346698
v 5.953992 0.527685 -0.055880
v 6.175551 0.392531 0.333547
v 5.706593 0.454649 0.248106
v 5.572377 0.411292 -0.201962
v 6.080735 0.376509 0.359986
v 5.846466 0.536024 -0.032478
v 6.214624 0.393205 0.345548
v 5.682629 0.217664 0.429676
v 5.868975 0.512713 -0.101207
v 5.756095 0.044817 -0.312241
v 6.439128 0.464002 -0.358189
v 6.337127 0.223005 0.363342
v 6.042857 0.137415 0.354476
v 6.406030 0.129216 0.069134
v 6.102397 0.393796 0.347130
v 6.167243 0.567634 0.242429
v 5.863053 0.139012 0.458868
v 5.736485 0.451161 0.283354
v 5.537030 0.353612 -0.257143
v 5.691569 0.499682 -0.212456
v 6.398667 0.159718 0.149531
v 6.399428 0.560194 -0.110358
v 5.563514 0.135232 0.150226
v 6.035223 0.251068 0.432449
v 6.036555 0.255774 0.434206
v 5.799543 0.145187 0.452299
v 6.436000 0.152550 0.056149
v 5.775094 0.500558 0.026523
v 6.401131 0.560595 -0.115027
v 6.407530 0.129822 -0.029084
v 6.406445 0.127126 -0.023586
v 6.302746 0.116114 0.406858
v 6.429996 0.506788 -0.341787
v 6.432002 0.509109 -0.337892
v 6.083452 0.235488 0.428816
v 5.630343 0.452903 -0.006528
v 5.522595 0.177275 -0.020757
v 5.686814 0.498041 -0.211859
v 5.656826 0.164520 -0.243422
v 6.347463 0.056934 0.102864
v 6.465710 0.241437 0.260363
v 6.017369 0.539039 0.227443
v 6.016776 0.537454 0.222829
v 5.531375 0.377248 -0.218062
v 6.337788 0.519125 0.261793
v 6.344615 0.134506 0.198516
v 6.459348 0.514103 -0.289945
v 5.525364 0.323380 -0.221511
v 6.478849 0.501760 -0.203841
v 6.478869 0.495842 -0.200459
v 6.359766 0.251862 -0.451191
v 5.683368 0.350628 0.410570
v 6.159165 0.416137 0.337583
v 5.797646 0.079863 0.368915
v 5.679718 0.497994 -0.225823
v 6.430778 0.194098 0.248802
v 6.429820 0.192396 0.244067
v 5.581583 0.412947 -0.100069
v 6.487873 0.335303 0.097064
v 6.486115 0.339969 0.096835
v 5.848811 0.110525 0.425080
v 5.849627 0.113380 0.429159
v 6.401200 0.099376 -0.003028
v 5.505587 0.271259 -0.037486
v 6.382442 0.159470 0.177010
v 6.084414 0.401784 0.367134
v 6.436482 0.152168 0.081993
v 6.272201 0.080913 0.350971
v 6.276435 0.078463 0.352050
v 6.410124 0.132004 -0.096074
v 5.626885 0.454154 -0.135653
v 5.759068 0.060836 -0.321416
v 5.756149 0.063598 -0.318868
v 6.490237 0.321740 0.113295
v 6.489950 0.326723 0.112840
v 5.627779 0.254775 0.407497
v 6.454781 0.384964 0.093469
v 5.636698 0.083739 -0.073980
v 5.633663 0.087271 -0.072528
v 5.659268 0.035617 -0.020496
v 6.331398 0.146058 0.383298
v 5.623353 0.441701 -0.036045
v 5.692692 0.377146 0.399248
v 6.476961 0.423009 -0.131455
v 6.476404 0.421212 -0.126656
v 6.409089 0.417832 0.281818
v 6.409021 0.412311 0.286068
v 5.603725 0.051429 0.001263
v 5.615547 0.448785 -0.273780
v 6.164557 0.542330 0.037605
v 6.164803 0.540271 0.033195
v 6.150474 0.007660 0.159894
v 6.434826 0.541509 -0.261459
v 6.072247 0.549675 0.198146
v 5.811490 0.041252 -0.327271
v 5.811458 0.036932 -0.324290
v 6.137845 0.521809 0.283325
v 6.404851 0.474258 -0.010944
v 6.049612 0.517413 -0.268038
v 6.054604 0.517194 -0.267887
v 6.054425 0.513944 -0.271713
v 6.491273 0.223997 0.210675
v 6.491806 0.227335 0.214604
v 6.460464 0.266269 0.310014
v 6.461317 0.263959 0.305751
v 6.375645 0.177063 0.299344
v 6.377888 0.183820 0.301656
v 6.374105 0.180531 0.303033
v 6.476553 0.349803 0.288082
v 6.377157 0.122693 -0.120206
v 5.776340 0.039776 -0.317083
v 6.474511 0.413357 -0.118685
v 5.944623 0.526800 -0.049398
v 5.945090 0.530176 -0.044848
v 5.553547 0.339742 -0.271787
v 5.661214 0.068936 -0.117109
v 5.622766 0.461098 -0.285436
v 5.621634 0.459784 -0.280675
v 5.724658 0.115138 -0.294461
v 5.595901 0.427260 -0.188609
v 6.130630 0.163131 0.358950
v 6.332309 0.188847 -0.395892
v 5.545861 0.107967 0.047264
v 5.861995 0.121599 0.440183
v 5.601046 0.200642 -0.206695
v 6.486144 0.241420 0.232252
v 6.473288 0.405445 -0.110768
v 6.474736 0.474016 -0.144376
v 5.868928 0.108885 0.422235
v 6.000439 0.252985 0.427030
v 5.603899 0.205219 -0.215102
v 6.391678 0.446365 0.249877
v 5.625984 0.433610 0.048706
v 5.634993 0.447134 0.029467
v 5.632112 0.319278 0.371353
v 6.254142 0.004209 -0.270135
v 6.251981 0.001317 -0.268410
v 6.438443 0.163109 0.101334
v 5.555946 0.082030 -0.007145
v 5.629487 0.440140 -0.020965
v 5.627361 0.441783 -0.016388
v 5.503131 0.292007 -0.156336
v 6.402213 0.473372 0.003798
v 6.405275 0.469347 0.004197
v 6.349580 0.026021 0.007649
v 6.493167 0.367434 -0.078019
v 5.595618 0.289895 -0.326590
v 5.630903 0.468367 -0.271842
v 5.653129 0.371407 0.365355
v 5.733535 0.403492 0.385453
v 5.518209 0.327089 -0.206022
v 6.392025 0.199721 -0.185544
v 5.949307 0.522143 0.265367
v 5.853863 0.109640 0.424806
v 5.858907 0.108832 0.424443
v 5.704416 0.429152 0.293475
v 6.388093 0.217619 0.351217
v 6.436809 0.404497 0.214114
v 5.632980 0.276303 0.411646
v 6.273549 0.014715 0.211208
v 6.224134 0.536730 -0.122232
v 6.110959 0.551188 0.263656
v 6.109873 0.280921 0.404253
v 6.271935 0.576455 0.239518
v 6.224128 0.538140 -0.096608
v 5.596288 0.310712 -0.340524
v 6.282695 0.034264 0.329977
v 6.288766 0.037107 0.332058
v 6.409925 0.099004 0.011878
v 6.373478 0.206502 -0.189363
v 5.564300 0.136526 0.154912
v 6.373116 0.120929 -0.087039
v 6.368278 0.122084 -0.086752
v 5.627205 0.445935 -0.040727
v 5.631131 0.448436 -0.040651
v 5.899763 0.151215 0.453476
v 6.290891 0.580705 0.236092
v 6.291959 0.576935 0.239248
v 6.470103 0.385778 -0.127698
v 6.326929 0.573359 0.070147
v 6.024600 0.252086 0.432567
v 6.075265 0.064915 0.271006
v 6.127666 0.030607 -0.424539
v 6.480255 0.520500 -0.219033
v 5.589491 0.326492 -0.322410
v 5.824072 0.522993 -0.043683
v 6.155776 0.339385 -0.396951
v 6.150592 0.335549 -0.399612
v 6.372862 0.070851 0.008032
v 5.666906 0.061469 -0.122886
v 6.408823 0.094689 0.017116
v 5.569169 0.160567 0.192444
v 5.720542 0.152932 -0.332038
v 5.577123 0.393474 -0.016399
v 5.576416 0.394412 -0.021201
v 5.572639 0.391005 -0.021373
v 6.419866 0.197211 0.271248
v 6.415923 0.194740 0.272866
v 6.398197 0.106063 -0.017226
v 6.396226 0.102447 -0.014981
v 5.670578 0.027686 -0.095258
v 5.671480 0.028026 -0.100306
v 5.677081 0.101690 -0.169200
v 5.848537 0.078237 0.385992
v 5.546028 0.179732 -0.125256
v 5.762673 0.047114 -0.321178
v 5.660531 0.444838 0.227557
v 5.659474 0.446565 0.222912
v 5.629469 0.224479 0.372622
v 6.389542 0.507216 -0.345540
v 6.447191 0.391011 0.228475
v 6.444146 0.394805 0.227274
v 6.466782 0.366029 0.226138
v 5.543879 0.112750 0.042147
v 5.543169 0.112824 0.037070
v 5.996614 0.164279 0.395549
v 6.443352 0.387154 0.282675
v 6.439488 0.385223 0.285365
v 6.431219 0.174950 0.140585
v 5.686749 0.492872 -0.275150
v 6.124920 0.514289 0.293708
v 6.147619 0.005144 0.123880
v 6.359135 0.495164 0.197991
v 6.362018 0.491258 0.199129
v 6.001324 0.494135 -0.305083
v 5.774864 0.503829 0.011744
v 6.350431 0.092665 -0.132588
v 6.318339 0.135358 0.405316
v 5.600787 0.296538 -0.343549
v 5.599561 0.300682 -0.342758
v 5.608658 0.425675 -0.001112
v 6.419008 0.206667 0.283304
v 6.044501 0.514197 -0.271993
v 6.371342 0.121597 -0.034681
v 6.327488 0.161417 0.393638
v 6.362500 0.192384 0.371156
v 6.399202 0.450838 0.159156
v 5.645151 0.378981 0.337291
v 5.648896 0.382368 0.337043
v 6.123080 0.191557 0.389874
v 6.408353 0.499937 -0.353713
v 5.576666 0.247627 -0.248043
v 5.646163 0.483555 -0.253246
v 5.646603 0.482869 -0.257968
v 5.733174 0.092228 -0.283092
v 5.532995 0.136606 0.003015
v 5.549222 0.384593 -0.115003
v 6.120613 0.068784 0.270066
v 5.561774 0.402422 -0.210589
v 5.504263 0.314851 -0.103202
v 5.505209 0.317821 -0.102852
v 6.475754 0.416476 -0.128388
v 5.629893 0.450598 -0.045256
v 5.632566 0.455335 -0.049813
v 6.166930 0.254184 -0.422316
v 6.221115 0.021052 -0.384804
v 6.225679 0.024293 -0.384689
v 6.252175 0.482506 0.289923
v 6.061334 0.067519 0.276789
v 6.151878 0.006045 0.149997
v 6.466967 0.203479 0.126253
v 5.566441 0.365401 -0.306824
v 5.566363 0.370589 -0.308186
v 6.226059 0.506375 0.273888
v 6.409658 0.465560 -0.005334
v 5.990347 0.006835 0.253535
v 5.606596 0.250821 0.371654
v 5.638238 0.403957 0.284505
v 5.597607 0.428797 -0.289862
v 6.317226 0.048665 -0.132530
v 6.321318 0.047417 -0.129706
v 6.185199 0.542677 0.040650
v 6.188787 0.545996 0.039531
v 5.885161 0.086900 0.383892
v 6.225241 0.008620 -0.330961
v 6.440269 0.489494 -0.359524
v 5.748003 0.513864 -0.073502
v 6.362373 0.530253 -0.323312
v 6.361645 0.527415 -0.327205
v 6.245146 0.011258 -0.280634
v 5.512348 0.246528 -0.034184
v 5.511106 0.247711 -0.038953
v 6.207120 0.063370 -0.455883
v 5.704954 0.427429 0.298161
v 6.376398 0.134701 0.135551
v 6.372033 0.132211 0.136084
v 6.497485 0.277224 0.264030
v 6.036030 0.499675 -0.307968
v 6.494106 0.346404 -0.075410
v 6.106943 0.546966 0.267453
v 6.353123 0.173713 0.343895
v 6.352719 0.172114 0.339126
v 6.378749 0.090583 -0.009703
v 5.711001 0.163833 -0.334231
v 5.713040 0.166545 -0.337885
v 5.855028 0.527934 -0.045882
v 6.044443 0.508821 -0.280247
v 6.478394 0.230816 0.226598
v 6.478495 0.227938 0.222393
v 6.054875 0.554338 0.223819
v 6.465129 0.198939 0.127564
v 6.462471 0.372091 0.234602
v 6.362582 0.175141 0.316083
v 6.365026 0.174592 0.320784
v 6.164842 0.337513 -0.395430
v 6.024225 0.451971 0.392312
v 5.969232 0.530667 0.218176
v 6.347139 0.016224 0.022806
v 5.668615 0.089712 -0.128861
v 5.666022 0.088069 -0.124606
v 5.832982 0.478346 0.301666
v 5.740853 0.491811 0.028121
v 6.350513 0.123985 -0.184147
v 6.346830 0.126227 -0.186939
v 6.349357 0.054388 0.099074
v 6.397555 0.428806 0.283426
v 6.471851 0.286198 0.317936
v 5.808167 0.110709 0.431546
v 6.464132 0.346257 -0.127692
v 6.094312 0.009107 0.214534
v 6.081328 0.014820 0.232251
v 5.500234 0.296409 -0.062335
v 5.594188 0.207707 -0.205253
v 5.612257 0.418770 0.078666
v 5.615884 0.422057 0.078623
v 6.298384 0.526897 -0.313428
v 6.404181 0.468565 -0.387091
v 6.044550 0.507291 -0.284870
v 5.608684 0.441638 -0.296251
v 5.714154 0.029110 0.125997
v 5.874758 0.515660 -0.097533
v 6.480822 0.474431 -0.153660
v 6.272589 0.037516 0.324897
v 5.655204 0.237618 0.419155
v 5.503802 0.319630 -0.098349
v 5.504505 0.324350 -0.097510
v 6.197142 0.027845 -0.431870
v 6.405118 0.077911 0.049377
v 5.629930 0.277385 0.409304
v 6.492262 0.372315 -0.077114
v 5.950291 0.198642 0.428787
v 6.498472 0.347574 -0.050299
v 5.672345 0.214965 -0.357006
v 5.674260 0.218087 -0.360232
v 6.403271 0.139919 0.091504
v 6.466262 0.205703 0.202783
v 6.470275 0.208410 0.200410
v 6.041884 0.255066 0.432808
v 5.719908 0.106271 0.256574
v 6.189987 0.544270 0.017227
v 5.890071 0.525872 -0.043472
v 5.874822 0.197082 -0.391551
v 5.550957 0.097332 -0.022388
v 6.202438 0.513208 0.267238
v 6.201211 0.517154 0.264124
v 6.108432 0.026514 -0.413771
v 6.141697 0.007213 0.188926
v 6.397690 0.477277 0.017996
v 6.472122 0.386485 -0.021287
v 6.475183 0.382562 -0.022053
v 6.360628 0.505423 -0.354023
v 5.646239 0.308217 0.410012
v 5.642184 0.067938 -0.053130
v 5.639221 0.071484 -0.051778
v 6.374323 0.119463 -0.116926
v 5.739594 0.510236 -0.061830
v 6.344848 0.016767 0.003693
v 5.717884 0.122381 -0.291701
v 6.378425 0.176875 0.271165
v 6.383493 0.176525 0.270737
v 6.372146 0.563082 -0.033272
v 6.368986 0.107412 -0.029719
v 6.480486 0.487436 -0.187064
v 6.292446 0.081210 0.365846
v 6.075321 0.060247 0.269566
v 6.334769 0.506044 -0.352821
v 6.334999 0.153946 0.378376
v 5.670243 0.367358 0.394697
v 5.557220 0.348456 -0.277950
v 5.554370 0.346632 -0.274272
v 6.387424 0.459459 0.221082
v 6.390284 0.455689 0.222619
v 6.388227 0.170555 0.187189
v 6.281037 0.031142 0.325568
v 6.451298 0.215992 0.017747
v 6.456186 0.216933 0.012225
v 5.689306 0.488705 -0.284924
v 5.674202 0.496715 -0.230142
v 6.225849 0.051108 0.291967
v 6.486300 0.232110 0.077058
v 6.003024 0.538666 0.234661
v 5.748861 0.043174 0.203869
v 5.650983 0.089484 -0.107230
v 6.393171 0.443003 0.255833
v 6.396062 0.439134 0.256928
v 6.394506 0.442444 0.251013
v 6.403311 0.199867 0.296501
v 5.560080 0.383368 -0.036834
v 6.363990 0.226964 -0.203443
v 6.091599 0.048636 0.251204
v 6.395026 0.481222 0.012875
v 6.395405 0.481278 0.008010
v 6.363161 0.160239 0.226772
v 6.308040 0.007871 -0.139588
v 6.481291 0.204647 0.181713
v 6.278766 0.155420 -0.447437
v 5.556077 0.104354 0.086605
v 5.553080 0.108299 0.086174
v 6.374330 0.473667 0.236228
v 6.373359 0.474537 0.241119
v 6.377212 0.469843 0.237563
v 5.577384 0.344023 -0.308743
v 6.491119 0.342102 0.282916
v 6.178704 0.125540 0.333507
v 5.545537 0.381387 -0.115598
v 6.283858 0.070702 0.350501
v 6.287436 0.067587 0.352198
v 6.173110 0.565116 0.245199
v 5.630867 0.456811 -0.059738
v 6.355946 0.168476 0.319048
v 6.356415 0.170120 0.323642
v 6.264601 0.016630 0.293795
v 5.765873 0.492351 -0.291741
v 5.598060 0.432187 -0.279434
v 6.087460 0.365679 0.354725
v 6.226889 0.012904 -0.345534
v 6.223344 0.010250 -0.345654
v 5.567602 0.396896 -0.087256
v 5.594734 0.251169 -0.297377
v 6.420435 0.129111 0.053241
v 5.795475 0.042144 -0.323687
v 5.608262 0.447208 -0.291742
v 6.442546 0.176157 0.111693
v 6.494237 0.322305 0.194129
v 5.667013 0.229831 0.425531
v 6.326408 0.498611 -0.363711
v 6.387702 0.147441 0.142489
v 6.438489 0.283532 -0.151260
v 6.113232 0.103285 -0.445209
v 6.114389 0.531688 -0.162558
v 6.453539 0.204929 0.058002
v 6.104427 0.495062 -0.319123
v 5.598450 0.423959 -0.299761
v 6.358038 0.179721 0.351747
v 6.357390 0.178226 0.347041
v 5.532140 0.376784 -0.224172
v 6.454113 0.528207 -0.187087
v 6.456900 0.524282 -0.186838
v 6.154114 0.005526 0.095769
v 5.845756 0.040772 -0.340296
v 6.026618 0.549547 0.237736
v 6.237516 0.042670 0.297429
v 6.188858 0.001839 0.224427
v 6.464408 0.269164 0.309209
v 6.463483 0.271443 0.313436
v 5.898683 0.155717 0.455952
v 5.701394 0.117551 -0.253254
v 6.417894 0.497320 -0.355642
v 6.449347 0.384710 0.280316
v 5.653569 0.191839 -0.282173
v 6.278010 0.007657 -0.247621
v 5.572045 0.408637 -0.191801
v 5.551408 0.094698 0.042364
v 6.464373 0.205578 0.081280
v 6.387942 0.488999 0.026349
v 6.466414 0.540000 -0.227742
v 5.598553 0.322322 -0.339494
v 6.470459 0.267147 0.300251
v 5.940228 0.521299 0.216205
v 5.613474 0.437112 -0.106844
v 5.591886 0.420788 -0.291282
v 6.461661 0.234435 0.253203
v 5.780667 0.020807 0.216269
v 6.221189 0.114511 0.348663
v 5.615017 0.438668 -0.062108
v 6.428949 0.476068 -0.376057
v 6.458424 0.185635 0.145752
v 6.116335 0.075225 0.278321
v 6.111192 0.074989 0.278271
v 6.401247 0.215013 -0.165363
v 5.951624 0.534359 -0.031351
v 6.255576 0.431455 0.344344
v 6.217920 0.034723 0.275165
v 6.388467 0.463631 0.166147
v 5.809669 0.056307 0.348296
v 6.342456 0.006271 -0.094575
v 6.464252 0.495790 -0.299316
v 6.415800 0.189030 0.264525
v 6.416032 0.191717 0.268793
v 6.309072 0.084555 0.371857
v 5.588552 0.403372 -0.021240
v 5.701967 0.452839 0.248491
v 6.247224 0.012627 0.282018
v 6.079479 0.442485 0.389815
v 6.383257 0.173813 0.267118
v 6.331008 0.571482 0.071612
v 6.420992 0.424208 0.138261
v 6.444371 0.176841 0.132149
v 5.635883 0.252682 -0.356079
v 5.632880 0.256162 -0.353452
v 5.658322 0.078053 -0.114699
v 6.443047 0.545148 -0.243910
v 5.556120 0.080457 0.002680
v 5.557136 0.079687 0.007473
v 6.361458 0.174529 0.332144
v 5.612377 0.183402 -0.206284
v 6.369087 0.515522 0.056699
v 5.865874 0.490339 0.297695
v 6.427126 0.440950 -0.001974
v 6.495360 0.240746 0.221473
v 5.718888 0.124780 -0.295927
v 6.405875 0.469443 -0.000764
v 5.568308 0.388495 -0.026428
v 6.469717 0.426103 -0.093020
v 6.470168 0.424930 -0.087161
v 5.635182 0.408077 0.270226
v 6.392375 0.204554 -0.182966
v 6.040589 0.544541 0.217552
v 6.040569 0.541670 0.213338
v 6.301018 0.500589 -0.363328
v 6.302419 0.504606 -0.360719
v 6.101115 0.221932 0.422992
v 5.662444 0.029836 -0.030597
v 6.477274 0.489765 -0.164866
v 5.640280 0.393268 0.307787
v 5.653964 0.080624 -0.109755
v 6.219502 0.541898 -0.081825
v 6.327226 0.529272 -0.322256
v 6.167429 0.404295 0.335521
v 6.312793 0.517484 -0.341515
v 6.342021 0.080634 -0.131517
v 6.381761 0.060916 0.026960
v 6.277928 0.001895 -0.242679
v 6.381960 0.496262 0.023169
v 6.071008 0.302386 0.408400
v 6.494186 0.335923 0.290871
v 6.492200 0.336876 0.292649
v 5.574175 0.178011 0.233935
v 6.470851 0.307515 -0.097252
v 6.475943 0.517737 -0.265389
v 5.873174 0.139918 0.458435
v 5.868035 0.139591 0.458919
v 6.101327 0.505999 -0.308724
v 5.627213 0.452674 -0.120755
v 5.623475 0.449281 -0.120989
v 6.422533 0.279516 -0.159869
v 6.429132 0.465246 -0.048282
v 5.575961 0.413447 -0.196074
v 5.824484 0.519836 -0.047744
v 5.829100 0.521366 -0.048611
v 5.880364 0.086421 0.385506
v 6.395908 0.081600 0.026617
v 6.496315 0.313893 0.032172
v 6.462155 0.203283 0.204879
v 6.384490 0.468036 0.170063
v 6.456161 0.486690 -0.327404
v 5.728485 0.051313 0.176804
v 5.731762 0.047526 0.176261
v 5.587496 0.248712 -0.277843
v 6.434653 0.407518 0.208151
v 5.718199 0.027141 0.124308
v 6.131799 0.185840 0.385505
v 6.480916 0.350589 0.286172
v 5.884333 0.114289 0.420831
v 6.468184 0.481258 -0.143365
v 5.806234 0.075833 0.370468
v 6.438053 0.404051 0.132360
v 5.704387 0.042392 -0.173073
v 5.879127 0.051280 0.343014
v 6.221998 0.053853 0.289921
v 5.770653 0.147223 0.403884
v 5.533692 0.218422 -0.148120
v 5.537039 0.214796 -0.149257
v 5.640213 0.193845 -0.256387
v 5.559077 0.254789 -0.227635
v 6.021538 0.146539 0.372089
v 6.443660 0.168771 0.080690
v 6.152324 0.005676 0.119668
v 6.155139 0.008967 0.125005
v 6.468276 0.200398 0.136717
v 6.250666 0.149964 0.417566
v 5.969573 0.041970 -0.368175
v 6.288174 0.001232 -0.191424
v 5.567671 0.396063 -0.082286
v 6.078525 0.337995 0.366336
v 6.078388 0.342723 0.364776
v 5.726762 0.405515 0.371318
v 6.160004 0.420903 0.339619
v 6.226141 0.033990 0.282852
v 5.572040 0.182585 0.237645
v 6.066242 0.307781 0.407506
v 6.488625 0.310959 0.144912
v 5.751204 0.094062 -0.322991
v 5.796398 0.155082 0.448242
v 5.794338 0.151618 0.446697
v 5.745691 0.235576 -0.384443
v 5.557314 0.191911 -0.151079
v 5.596629 0.223071 0.338427
v 6.034188 0.104535 0.324613
v 6.308087 0.025042 0.125964
v 6.356405 0.160840 -0.190905
v 5.631190 0.443715 0.029352
v 5.623363 0.448772 -0.111047
v 5.701783 0.130231 -0.274277
v 5.819097 0.009422 0.266331
v 5.815916 0.013241 0.266519
v 6.478332 0.506265 -0.202276
v 6.059283 0.514675 -0.272266
v 6.433275 0.473628 -0.375477
v 5.885182 0.117471 0.424594
v 6.050294 0.389083 0.398257
v 6.133021 0.172391 0.369885
v 5.759915 0.144308 0.383352
v 6.065069 0.412740 0.389489
v 6.431620 0.150379 0.097604
v 6.456181 0.491429 -0.327461
v 6.405265 0.162557 0.148725
v 5.979315 0.211161 0.426038
v 6.490519 0.340882 0.252063
v 6.487445 0.344509 0.250500
v 5.775417 0.023632 0.212723
v 6.495267 0.273374 0.266271
v 5.740912 0.029933 -0.254809
v 5.610214 0.257554 -0.330730
v 6.367670 0.511869 0.036839
v 5.959969 0.011734 0.264129
v 5.638802 0.454317 -0.035128
v 6.272444 0.047285 0.330597
v 5.643485 0.190164 -0.257302
v 6.341918 0.569832 0.039023
v 5.666278 0.029045 -0.096133
v 6.329245 0.217252 0.368056
v 5.639622 0.222045 0.381391
v 5.571234 0.403255 -0.106597
v 6.359083 0.054108 -0.000839
v 6.373261 0.094700 -0.017701
v 6.412432 0.414250 0.283041
v 5.592184 0.422974 -0.184103
v 5.595714 0.426436 -0.183739
v 6.072988 0.552961 0.207520
v 6.068192 0.551883 0.208087
v 6.479225 0.372675 -0.008760
v 5.879509 0.113462 0.422656
v 5.878654 0.110241 0.418916
v 6.377065 0.190214 0.315125
v 6.476721 0.247901 0.251348
v 6.231894 0.055868 0.299999
v 6.026345 0.146773 0.370864
v 5.531922 0.138522 -0.006688
v 5.779794 0.146364 0.414742
v 5.775869 0.149211 0.413466
v 5.792852 0.457760 0.313659
v 5.566104 0.257042 -0.241490
v 6.441037 0.174985 0.122803
v 5.618490 0.046486 0.005857
v 5.592527 0.417064 -0.054385
v 5.617788 0.252682 -0.336696
v 6.401877 0.499158 -0.357184
v 6.406719 0.497679 -0.357954
v 6.405089 0.494938 -0.361911
v 6.361982 0.488463 0.231022
v 6.361333 0.489606 0.235884
v 6.453706 0.203365 0.228890
v 6.115517 0.068557 0.270493
v 5.674505 0.367584 0.398131
v 5.725266 0.494151 -0.291467
v 6.355977 0.018045 0.066092
v 6.387425 0.489931 0.040147
v 5.979950 0.206467 0.424594
v 6.247640 0.440974 0.345865
v 6.030568 0.503059 -0.304700
v 6.393507 0.076019 0.062742
v 5.795739 0.013846 0.221858
v 5.571187 0.408777 -0.182120
v 5.830316 0.015816 0.300237
v 5.831468 0.019034 0.304176
v 6.474248 0.507464 -0.191798
v 6.481664 0.242126 0.237592
v 6.477391 0.239921 0.238779
v 5.625018 0.330016 0.354845
v 5.591644 0.255066 -0.296873
v 6.375402 0.137214 0.139621
v 6.279396 0.510851 -0.352806
v 6.261697 0.033754 0.312106
v 5.634293 0.291758 0.409065
v 6.364214 0.499354 0.152345
v 6.244162 0.489642 0.286183
v 6.488975 0.343284 0.019391
v 6.332922 0.567401 0.077733
v 6.419797 0.191467 0.262846
v 6.477096 0.198131 0.168146
v 5.666259 0.481614 -0.279551
v 5.670662 0.482266 -0.281396
v 5.664947 0.478464 -0.283111
v 5.659637 0.232800 -0.361508
v 5.671227 0.058396 -0.127456
v 5.669675 0.063041 -0.126621
v 5.876182 0.530897 -0.033476
v 6.272818 0.128722 0.406450
v 5.820074 0.070641 0.365398
v 6.104098 0.302647 0.383539
v 6.238004 0.571608 0.239230
v 6.390676 0.191599 0.298622
v 6.389897 0.557445 -0.080520
v 6.406072 0.458733 -0.392024
v 6.407407 0.462946 -0.389853
v 6.414154 0.134696 -0.030196
v 6.344341 0.074430 -0.127979
v 6.090573 0.113156 -0.438993
v 5.853351 0.130770 0.454192
v 5.865307 0.491734 0.293946
v 6.295757 0.014656 0.134987
v 6.297605 0.524745 -0.318023
v 6.165171 0.133464 0.334859
v 5.696008 0.205892 -0.359978
v 6.022933 0.001702 0.237594
v 5.508989 0.253501 -0.042424
v 6.260391 0.018909 0.298426
v 5.769225 0.142722 0.395236
v 5.765392 0.145697 0.393812
v 5.855494 0.530778 -0.041735
v 6.389098 0.095336 0.078847
v 6.054018 0.509868 -0.280724
v 5.729185 0.093879 -0.278399
v 6.038468 0.344742 -0.375441
v 6.265408 0.018024 0.297802
v 5.638531 0.039936 0.018972
v 6.263572 0.010304 0.274755
v 6.221777 0.032559 0.277431
v 6.040511 0.547533 0.221648
v 5.651801 0.239312 -0.359528
v 6.465544 0.365851 0.282860
v 6.461391 0.364114 0.285768
v 5.656936 0.227117 0.406987
v 6.368546 0.024671 0.059201
v 6.367103 0.023873 0.053796
v 5.791678 0.162819 0.444493
v 5.545588 0.166485 -0.108840
v 6.403056 0.446356 0.154964
v 6.472583 0.504448 -0.182348
v 5.542027 0.385201 -0.245786
v 6.298334 0.012246 0.125422
v 5.622818 0.429507 0.053548
v 6.485781 0.208414 0.183973
v 6.337349 0.202561 -0.441572
v 6.304765 0.558953 0.251110
v 5.633943 0.315177 0.380926
v 5.633066 0.410889 0.260817
v 6.276251 0.002747 -0.247608
v 6.273874 0.003470 -0.252347
v 6.299494 0.060970 0.347822
v 5.553408 0.357510 -0.276300
v 6.165485 0.509309 0.283617
v 5.626148 0.432816 0.063703
v 5.608787 0.435568 -0.122181
v 5.774096 0.165023 0.432563
v 5.655849 0.224515 0.402913
v 6.221142 0.010333 0.258506
v 6.200335 0.033848 0.260753
v 6.196056 0.035243 0.258659
v 6.368102 0.129160 0.137014
v 6.293696 0.056954 -0.225474
v 5.779270 0.020725 0.211504
v 6.413007 0.433817 0.151162
v 6.306948 0.079820 0.370372
v 6.169520 0.541212 0.038356
v 6.169148 0.537229 0.034545
v 6.441248 0.431727 -0.019617
v 6.438370 0.435817 -0.019693
v 5.603139 0.429916 -0.163134
v 5.681450 0.108712 -0.193626
v 6.378320 0.469100 0.232658
v 6.049622 0.034643 -0.397753
v 6.431664 0.546645 -0.156215
v 6.156008 0.008635 0.120162
v 6.225809 0.006344 -0.311492
v 6.386379 0.091394 0.080088
v 6.380364 0.231795 -0.175571
v 6.343715 0.136370 0.203086
v 6.073217 0.432855 0.387858
v 5.726315 0.508674 -0.090734
v 5.566726 0.148323 0.171078
v 6.202471 0.063893 -0.454221
v 6.203613 0.069427 -0.454987
v 6.376430 0.476814 0.177835
v 5.988704 0.531207 0.272127
v 6.480776 0.485942 -0.165957
v 6.381493 0.496520 0.028605
v 6.367881 0.517800 0.076722
v 6.085853 0.073978 0.274271
v 6.082470 0.075771 0.279707
v 6.499243 0.321210 0.265194
v 6.386867 0.486318 0.102759
v 6.389729 0.482300 0.103614
v 5.744609 0.123906 0.329616
v 5.567418 0.398615 -0.097158
v 6.434700 0.196697 0.247129
v 6.433666 0.195131 0.242443
v 5.757591 0.067393 -0.321465
v 6.337026 0.197037 -0.421624
v 6.334570 0.052346 0.118387
v 6.026982 0.227132 -0.412723
v 6.256061 0.021735 0.297802
v 6.406699 0.081240 0.038610
v 5.971525 0.522507 0.288377
v 5.609540 0.205748 -0.224671
v 6.164023 0.415050 0.338032
v 6.378836 0.142198 0.143189
v 5.753623 0.091048 -0.325353
v 6.320916 0.168721 0.388317
v 6.318264 0.165360 0.392010
v 6.323000 0.163576 0.392925
v 6.156858 0.142699 0.341489
v 6.474536 0.509892 -0.268489
v 6.370987 0.120121 -0.067119
v 5.545387 0.122291 -0.044623
v 5.700070 0.101061 -0.223813
v 6.391718 0.449293 0.239144
v 6.390267 0.449760 0.243906
v 6.404609 0.212534 -0.162797
v 5.839275 0.096804 0.405451
v 5.654765 0.235203 0.414793
v 6.152019 0.144076 0.341090
v 6.320965 0.543948 0.253527
v 6.347895 0.083341 -0.128325
v 5.904218 0.054691 0.339508
v 6.356761 0.075167 0.101815
v 6.355038 0.077604 0.105766
v 6.371392 0.091010 -0.014683
v 6.446224 0.523191 -0.159008
v 5.862791 0.060901 0.358912
v 6.137419 0.004379 0.198782
v 5.753213 0.044962 0.218404
v 5.949626 0.203393 0.428686
v 6.432939 0.544495 -0.155857
v 5.510192 0.252209 -0.037660
v 6.386144 0.526768 -0.326503
v 6.330415 0.151608 0.391460
v 6.466769 0.479404 -0.139420
v 6.415911 0.560369 -0.151453
v 6.168894 0.262833 -0.416368
v 5.752839 0.087521 -0.322122
v 5.634806 0.450769 -0.035236
v 5.645678 0.061566 -0.044882
v 6.451757 0.432790 -0.042629
v 5.833207 0.078963 0.375535
v 5.828134 0.079364 0.376191
v 6.452039 0.508234 -0.149626
v 6.389835 0.141012 0.129438
v 5.630559 0.252217 -0.352762
v 5.626618 0.255148 -0.350930
v 6.414641 0.174338 0.155724
v 6.402184 0.073534 0.050134
v 5.876762 0.103845 0.411410
v 5.882535 0.107830 0.413386
v 5.877717 0.107051 0.415153
v 6.481489 0.278374 0.302143
v 5.619004 0.047125 0.010674
v 5.575288 0.400972 -0.071249
v 5.575362 0.400174 -0.066230
v 5.921623 0.172740 0.441821
v 5.568263 0.201789 -0.171305
v 6.217064 0.023427 0.265525
v 6.393889 0.087382 0.017260
v 6.313066 0.101611 0.389669
v 6.381906 0.129795 -0.129644
v 6.383390 0.128985 -0.125281
v 5.951573 0.034798 -0.356508
v 6.358192 0.204897 -0.392495
v 6.393268 0.215495 -0.172715
v 6.440585 0.155050 0.081812
v 6.390220 0.194214 0.302983
v 5.675141 0.116352 -0.192369
v 5.688148 0.110490 -0.213283
v 5.593838 0.320549 -0.338254
v 5.803897 0.100656 0.408649
v 5.800500 0.103292 0.407592
v 6.337155 0.150379 0.374997
v 6.003042 0.499012 -0.295305
v 5.647149 0.199221 -0.280256
v 5.643249 0.201158 -0.274706
v 6.231739 0.116253 0.357696
v 6.495160 0.318794 0.022473
v 5.714832 0.187978 -0.353310
v 6.124870 0.557612 0.259640
v 5.725857 0.076324 0.215269
v 6.384567 0.482337 0.122659
v 6.372943 0.162722 -0.183545
v 6.376569 0.160443 -0.180741
v 5.640321 0.451765 -0.025533
v 6.280650 0.010037 0.167508
v 6.370039 0.152808 -0.178634
v 6.399989 0.218239 0.330671
v 5.529274 0.329597 -0.234669
v 5.945550 0.012006 0.268772
v 6.460670 0.246656 0.276829
v 6.056533 0.062811 0.276177
v 5.549818 0.152456 -0.097847
v 5.639024 0.451493 -0.020667
v 5.592190 0.420720 -0.078967
v 5.838862 0.080213 0.379985
v 5.665712 0.223671 -0.359097
v 5.588746 0.419060 -0.094191
v 6.478049 0.519318 -0.260813
v 6.479920 0.520841 -0.256235
v 6.314920 0.008753 0.084048
v 5.728911 0.033414 -0.231258
v 5.658481 0.168239 -0.252597
v 6.252743 0.041393 -0.277953
v 6.254984 0.040164 -0.273652
v 6.401010 0.123103 -0.026709
v 6.402066 0.126824 -0.033028
v 5.571108 0.146340 0.176562
v 6.063015 0.509591 -0.286494
v 6.390461 0.452810 0.233204
v 5.560378 0.197414 -0.158792
v 5.794808 0.167511 0.443815
v 6.138337 0.202770 0.420538
v 6.486086 0.231112 0.067264
v 5.542869 0.194368 -0.135581
v 6.497650 0.308938 0.032094
v 6.026761 0.544847 0.229234
v 5.674448 0.360092 0.402219
v 6.239218 0.064308 -0.456301
v 5.629487 0.440263 -0.026231
v 6.471265 0.421741 -0.095714
v 6.346470 0.502539 0.269881
v 6.201725 0.116455 0.337890
v 5.931252 0.494084 -0.315933
v 6.462638 0.391784 -0.004983
v 5.787521 0.415931 0.391076
v 6.430573 0.151107 0.102750
v 5.883076 0.128867 0.441584
v 6.298758 0.101207 0.387064
v 6.021269 0.498439 -0.309600
v 5.831301 0.033630 0.319882
v 5.565088 0.381430 -0.305266
v 5.945349 0.198023 0.429933
v 6.487487 0.384397 -0.088962
v 6.445558 0.446820 -0.052630
v 6.448441 0.442801 -0.052575
v 6.397145 0.233341 0.343994
v 6.442608 0.399302 0.154246
v 6.095834 0.289018 0.406043
v 6.202720 0.569871 0.238898
v 6.270122 0.106464 0.371015
v 5.748169 0.028989 -0.268564
v 6.417220 0.255826 0.340088
v 5.621291 0.434044 -0.005854
v 5.539464 0.381171 -0.145148
v 6.051013 0.022226 -0.246635
v 5.702983 0.178082 -0.339884
v 6.348320 0.138036 0.199043
v 5.738368 0.511048 -0.071975
v 6.468753 0.373244 0.059606
v 5.642214 0.231914 0.394988
v 5.647402 0.228543 0.397028
v 5.556983 0.200979 -0.157624
v 6.298493 0.583587 0.221449
v 6.301435 0.582030 0.222025
v 5.571553 0.405230 -0.291030
v 5.571342 0.399362 -0.081717
v 5.638485 0.424758 0.237053
v 6.454978 0.496882 -0.140955
v 6.078502 0.092997 0.296993
v 6.210556 0.042996 -0.452247
v 5.630393 0.454890 -0.080210
v 5.634097 0.458185 -0.079977
v 5.550365 0.110499 -0.038535
v 6.353266 0.566606 0.016709
v 5.892965 0.352233 -0.359447
v 5.646528 0.058718 -0.035226
v 6.276078 0.043913 0.331899
v 5.654599 0.475237 -0.282808
v 6.378246 0.483025 0.146691
v 6.449817 0.180542 0.134869
v 5.556354 0.085650 -0.016459
v 6.434862 0.174277 0.134817
v 6.431009 0.168609 0.132761
v 6.162054 0.010347 0.106010
v 6.429472 0.414456 0.201091
v 6.024981 0.504555 -0.285284
v 6.353364 0.027883 0.011399
v 6.283997 0.013199 0.167863
v 5.824242 0.031455 0.311340
v 5.595981 0.316051 -0.340406
v 5.626747 0.447465 -0.045686
v 5.604508 0.249974 0.366877
v 6.481767 0.521971 -0.251265
v 6.438938 0.268629 0.332621
v 5.616015 0.198408 -0.226409
v 6.388229 0.104213 -0.021193
v 6.012400 0.538381 0.228269
v 5.757053 0.177384 0.435128
v 5.563992 0.402582 -0.282748
v 5.683755 0.237639 -0.373407
v 5.654550 0.046311 -0.028880
v 6.434920 0.407890 0.131584
v 6.260035 0.508990 -0.347016
v 6.261324 0.511973 -0.343257
v 6.059748 0.520299 -0.264040
v 6.059547 0.516894 -0.267797
v 6.054760 0.520540 -0.264126
v 6.367628 0.113551 -0.111458
v 6.020551 0.501030 -0.305724
v 5.719175 0.185443 -0.353550
v 5.752624 0.128303 0.347590
v 5.753604 0.130240 0.351949
v 6.092134 0.365293 0.353069
v 6.115211 0.214101 0.419253
v 6.423351 0.202913 0.273635
v 6.296024 0.577658 0.237636
v 5.970168 0.037935 -0.365177
v 6.270665 0.019803 0.299082
v 6.356726 0.019415 0.050838
v 5.816172 0.047307 0.334222
v 6.366581 0.234804 -0.198662
v 6.373097 0.107651 -0.027332
v 5.984642 0.528713 0.277432
v 5.989481 0.529923 0.276985
v 6.359733 0.491206 0.224865
v 6.443843 0.242066 0.296238
v 6.469337 0.248293 0.267290
v 5.929933 0.034250 0.302324
v 5.832717 0.061622 0.356545
v 5.700258 0.502082 -0.143219
v 5.779378 0.504583 0.016930
v 5.719285 0.034863 -0.200715
v 5.550992 0.355959 -0.272202
v 5.738990 0.049817 0.195248
v 5.649943 0.182745 -0.259177
v 6.327613 0.501391 -0.359797
v 5.549268 0.383761 -0.110056
v 5.737470 0.498522 0.005271
v 6.436425 0.152491 0.092694
v 5.828255 0.028001 0.312112
v 6.465446 0.239500 0.255907
v 6.385461 0.132782 -0.130314
v 6.310284 0.036292 0.133801
v 6.440495 0.401723 0.143225
v 6.201071 0.113226 0.334028
v 6.075225 0.300810 0.406185
v 6.415063 0.140352 0.063506
v 6.314441 0.137669 0.406717
v 5.631709 0.250932 0.407524
v 5.634405 0.253898 0.413751
v 6.447886 0.244903 0.295582
v 6.448638 0.242231 0.290715
v 5.692616 0.026740 0.091170
v 5.786747 0.158844 0.435197
v 6.389857 0.183460 0.280179
v 6.413555 0.216933 0.305547
v 6.360504 0.164013 0.206539
v 5.821553 0.038473 -0.329075
v 6.245827 0.151253 0.417772
v 6.171851 0.028228 -0.431904
v 5.535862 0.380906 -0.221740
v 6.325064 0.056515 -0.130969
v 6.398709 0.493564 -0.365126
v 6.420452 0.559977 -0.149464
v 6.364584 0.177839 0.309617
v 6.248790 0.146236 0.415569
v 6.363836 0.043381 0.006968
v 5.627812 0.454198 -0.060078
v 5.650959 0.238363 0.413999
v 5.651698 0.241110 0.418194
v 5.522886 0.370000 -0.215051
v 5.526233 0.373348 -0.213836
v 6.348376 0.072976 -0.125417
v 6.440226 0.474759 -0.086006
v 6.087294 0.545488 0.270780
v 6.498651 0.323843 0.285596
v 6.497789 0.325684 0.290097
v 5.679657 0.062699 -0.138865
v 5.728709 0.138627 -0.326910
v 5.534201 0.131929 0.001815
v 6.045347 0.554262 0.229637
v 5.754094 0.099848 -0.330436
v 6.397392 0.487728 -0.011314
v 6.155005 0.271147 -0.416195
v 6.333505 0.187591 -0.391046
v 6.334636 0.186460 -0.386187
v 5.640954 0.224152 0.385671
v 6.455121 0.548431 -0.205515
v 5.658457 0.231932 0.415600
v 6.375405 0.504221 0.027661
v 5.653686 0.097174 -0.115020
v 5.813884 0.421429 0.394006
v 5.818550 0.423919 0.393443
v 5.614518 0.256007 -0.336014
v 6.493452 0.301250 0.305123
v 6.370327 0.099154 -0.022346
v 5.584668 0.340440 -0.318205
v 5.632746 0.441498 0.039020
v 5.628990 0.438109 0.038906
v 5.528425 0.150134 -0.013527
v 6.394343 0.455817 0.168223
v 6.373064 0.151043 -0.175072
v 6.191707 0.516599 0.266952
v 6.486019 0.385271 -0.093562
v 6.182436 0.540701 0.041688
v 6.183601 0.536368 0.039871
v 6.096411 0.207125 0.404339
v 5.593065 0.425039 -0.286011
v 5.842961 0.077367 0.381332
v 5.843980 0.080274 0.385287
v 5.745296 0.112496 -0.328173
v 6.473543 0.272428 0.303656
v 6.385296 0.497583 0.064269
v 6.314781 0.012603 0.104048
v 6.322281 0.543800 0.249050
v 5.502703 0.291054 -0.114913
v 5.653594 0.245224 0.421220
v 6.238105 0.060638 0.308055
v 6.494722 0.253067 0.036324
v 6.492686 0.248382 0.036501
v 6.125465 0.239304 0.414273
v 6.260859 0.110384 0.370669
v 5.574945 0.402762 -0.081196
v 6.151916 0.005757 0.124547
v 5.714528 0.125977 -0.290460
v 5.824491 0.023798 0.303627
v 6.467311 0.382790 0.010201
v 6.463703 0.386555 0.014997
v 6.466803 0.382512 0.015073
v 5.572023 0.412721 -0.227630
v 6.469501 0.206158 0.196135
v 5.970106 0.011224 0.261526
v 6.214617 0.052355 -0.457291
v 6.215488 0.057115 -0.458079
v 6.461685 0.488712 -0.142255
v 5.616247 0.442509 -0.126539
v 6.373204 0.087073 -0.009380
v 6.371592 0.083281 -0.006221
v 6.367563 0.083351 -0.008962
v 5.622798 0.429212 0.083672
v 5.585196 0.416278 -0.099596
v 5.740026 0.434094 0.325033
v 6.143599 0.412778 0.338625
v 6.355851 0.153902 0.228913
v 6.174103 0.513034 0.277181
v 5.729234 0.028510 -0.215726
v 5.599219 0.428201 -0.173489
v 6.253307 0.063262 0.323155
v 6.248213 0.062582 0.317960
v 6.252158 0.059730 0.319699
v 6.452463 0.388789 0.088018
v 5.650958 0.225097 0.398132
v 6.486922 0.338714 0.293497
v 6.430366 0.454219 -0.034032
v 6.273148 0.180420 0.399616
v 5.814520 0.019346 0.276449
v 6.135543 0.162302 0.358402
v 5.833445 0.132409 0.459530
v 6.001668 0.233641 0.425088
v 6.045628 0.555893 0.234570
v 5.736578 0.088927 -0.284645
v 5.730632 0.116710 -0.304122
v 5.899439 0.210147 -0.395760
v 5.900867 0.214882 -0.396141
v 6.366710 0.154831 -0.181773
v 5.546118 0.139381 -0.070427
v 5.549704 0.340381 -0.267560
v 6.352250 0.071894 -0.122672
v 5.570758 0.413256 -0.253175
v 6.375495 0.218973 -0.181567
v 5.534495 0.380455 -0.216630
v 5.533566 0.379372 -0.211680
v 5.536747 0.382965 -0.210459
v 5.537728 0.383871 -0.215265
v 6.059375 0.553386 0.218581
v 6.365304 0.071302 0.001260
v 6.426677 0.446311 -0.011203
v 5.722901 0.147515 -0.328797
v 6.386989 0.125424 -0.043796
v 6.475734 0.500543 -0.183092
v 6.410444 0.228530 0.326996
v 6.420117 0.459742 -0.019662
v 5.551969 0.089996 0.028299
v 6.405638 0.168647 0.156139
v 5.527131 0.347250 -0.240605
v 5.639752 0.229909 0.389619
v 6.220445 0.111415 0.344855
v 5.614286 0.448242 -0.268652
v 6.381171 0.465273 0.234026
v 5.630539 0.312720 0.380242
v 6.257508 0.471126 0.298496
v 6.376763 0.528576 -0.325355
v 6.228842 0.047366 -0.455935
v 6.224794 0.038650 -0.437599
v 6.446425 0.495607 -0.349508
v 6.375292 0.477299 0.182731
v 6.184967 0.543736 0.018527
v 5.632750 0.465658 -0.174829
v 6.398580 0.477310 0.008332
v 5.563714 0.396170 -0.102687
v 5.883448 0.111059 0.417108
v 5.992758 0.533547 0.266750
v 6.001289 0.174614 0.396763
v 5.761223 0.043099 -0.318086
v 6.417198 0.138104 0.059806
v 5.728644 0.111127 -0.296075
v 6.461524 0.466721 -0.119488
v 6.464390 0.462655 -0.119935
v 6.466213 0.464366 -0.124165
v 6.393027 0.445810 0.245069
v 6.052551 0.006798 0.236423
v 5.621991 0.434732 0.138835
v 6.370579 0.165450 0.199244
v 5.555883 0.109109 0.096218
v 5.590243 0.321739 -0.325747
v 6.116392 0.528727 0.282071
v 6.488785 0.235390 0.066797
v 5.664770 0.027996 -0.091269
v 6.230256 0.032111 0.285146
v 6.437966 0.483780 -0.366332
v 5.616597 0.190242 -0.218852
v 6.109658 0.535816 0.276749
v 6.110555 0.532103 0.279876
v 6.115489 0.532469 0.278980
v 6.468843 0.367198 0.278900
v 6.183681 0.545491 0.044319
v 6.427310 0.417581 0.195170
v 5.718246 0.194655 -0.359763
v 5.721248 0.393187 0.394485
v 6.380580 0.166728 0.192010
v 6.374423 0.503982 0.032676
v 5.615328 0.454720 -0.288637
v 6.435141 0.286480 -0.153499
v 6.333641 0.503195 -0.356706
v 5.748927 0.131625 0.346911
v 6.115694 0.217357 0.422895
v 6.470430 0.378780 0.010275
v 6.427344 0.193882 0.255019
v 5.896955 0.350759 -0.361653
v 5.727801 0.136247 -0.322651
v 6.168423 0.565089 0.246889
v 6.424733 0.137748 0.051994
v 6.491286 0.290396 0.304107
v 6.118224 0.521525 0.288575
v 6.119104 0.517778 0.291657
v 6.418743 0.212244 0.291704
v 6.474262 0.445658 -0.123354
v 6.418619 0.214712 0.296040
v 5.910919 0.112638 0.401740
v 6.369788 0.563259 -0.023706
v 6.366088 0.564717 -0.018516
v 5.507265 0.325015 -0.130749
v 6.268648 0.024067 0.309743
v 5.549592 0.187353 -0.137910
v 6.457805 0.380996 0.093738
v 5.600704 0.421313 -0.039294
v 6.429696 0.162172 0.119502
v 6.429288 0.146243 0.051063
v 6.364456 0.250813 -0.451169
v 5.845916 0.044930 -0.343289
v 5.547155 0.114021 -0.037077
v 6.178112 0.122365 0.329678
v 6.451132 0.250315 0.299559
v 6.455428 0.213056 0.032333
v 5.924753 0.528018 -0.048175
v 5.925049 0.531046 -0.044104
v 6.451852 0.385661 0.240527
v 6.418222 0.463852 -0.387524
v 6.397470 0.161686 0.153944
v 6.252056 0.024731 0.296486
v 5.636421 0.390198 0.307226
v 5.575701 0.412556 -0.191106
v 5.639090 0.099195 -0.096289
v 5.662843 0.031424 -0.020681
v 6.338864 0.037596 0.104105
v 5.626815 0.451266 -0.080614
v 6.366932 0.163347 0.225456
v 6.496503 0.313880 0.022302
v 6.407430 0.142694 0.091548
v 6.466251 0.377244 0.054308
v 6.148882 0.008153 0.169818
v 6.144930 0.004719 0.169211
v 5.924922 0.115162 0.395361
v 6.121333 0.529122 0.281185
v 5.745167 0.032950 -0.268856
v 5.551486 0.387228 -0.283376
v 5.553373 0.085450 0.018291
v 5.605120 0.432594 -0.132575
v 5.601395 0.429187 -0.132908
v 6.291614 0.065119 0.353309
v 5.596321 0.420383 -0.054098
v 5.863373 0.131912 0.452755
v 6.054886 0.393656 0.396573
v 5.596052 0.428386 -0.193244
v 5.649494 0.374740 0.351005
v 5.634265 0.474189 -0.204084
v 5.601820 0.253217 -0.311628
v 5.632332 0.459304 -0.075156
v 5.656296 0.478277 -0.279209
v 5.745472 0.047042 0.204381
v 5.619430 0.444100 -0.081523
v 6.024453 0.448244 0.395418
v 6.385182 0.460781 0.230575
v 5.626773 0.295184 0.396125
v 6.372895 0.510070 0.083120
v 6.378403 0.173297 0.267663
v 5.632965 0.471120 -0.265758
v 5.757165 0.040327 0.217750
v 6.081459 0.320915 0.376636
v 5.569493 0.144537 0.172210
v 5.736713 0.134523 -0.333544
v 5.650733 0.475710 -0.280171
v 6.390252 0.086742 0.072388
v 6.086437 0.397483 0.361796
v 5.607648 0.431062 -0.057954
v 6.236869 0.056839 0.305022
v 6.232943 0.059531 0.303229
v 6.224658 0.015252 0.266660
v 6.224984 0.011365 0.262774
v 6.455354 0.252966 0.299147
v 6.366944 0.561119 -0.013873
v 5.635895 0.476673 -0.244234
v 5.851028 0.100227 0.413317
v 6.127819 0.026563 -0.421680
v 5.580016 0.062072 -0.002535
v 5.611036 0.420969 0.043089
v 6.441061 0.250007 0.309349
v 6.167212 0.014562 0.087074
v 5.535285 0.222793 -0.157169
v 5.723051 0.095161 0.243017
v 6.129909 0.179726 0.377764
v 6.492031 0.267783 0.263397
v 6.491568 0.270318 0.267821
v 6.460300 0.486904 -0.138271
v 5.739673 0.029674 -0.249923
v 6.459387 0.255873 0.298498
v 5.588836 0.357162 -0.319957
v 6.241699 0.057672 0.310204
v 5.556059 0.397831 -0.238911
v 6.428653 0.417052 0.165128
v 6.363976 0.159561 0.242473
v 6.426099 0.468735 -0.382122
v 6.419991 0.454049 -0.008961
v 6.188336 0.537194 0.031030
v 5.568598 0.409545 -0.228778
v 6.384865 0.205182 0.335250
v 6.385836 0.202536 0.331157
v 6.274423 0.131589 0.410470
v 6.463425 0.214470 0.046182
v 6.437165 0.478945 -0.085974
v 6.221718 0.007375 0.255874
v 6.392453 0.492297 -0.368530
v 6.109313 0.059654 0.258909
v 5.602932 0.431501 -0.173093
v 6.410260 0.211128 0.302640
v 6.269561 0.011463 0.210944
v 6.490977 0.215500 0.196337
v 6.465695 0.387744 -0.004792
v 6.297513 0.114559 0.402907
v 6.362030 0.182327 0.350224
v 6.462774 0.543603 -0.223465
v 6.464669 0.492292 -0.299109
v 5.612572 0.439075 -0.126859
v 5.548692 0.093865 0.028991
v 6.372025 0.125781 -0.037001
v 6.479967 0.528378 -0.237382
v 6.026819 0.538982 0.221124
v 6.256189 0.435807 0.343549
v 5.649605 0.055497 -0.036513
v 5.814498 0.054746 0.347849
v 5.668242 0.217682 0.409343
v 6.357345 0.171754 0.333522
v 5.567642 0.133270 0.155740
v 6.080978 0.007362 0.223103
v 5.788417 0.165677 0.442175
v 6.377936 0.122628 -0.116400
v 5.653200 0.377982 0.350792
v 5.678286 0.371094 0.397616
v 5.740963 0.127349 0.329117
v 6.408944 0.438824 0.158319
v 6.227815 0.041073 0.288153
v 6.332169 0.212252 0.372537
v 6.210740 0.112413 0.339506
v 5.599496 0.426453 -0.163569
v 6.326727 0.002896 -0.130586
v 5.563962 0.392813 -0.082880
v 5.563966 0.393569 -0.087846
v 5.587131 0.319191 -0.322283
v 5.629333 0.332721 0.349516
v 5.624194 0.331985 0.350244
v 6.374864 0.119860 -0.111900
v 5.683134 0.111475 -0.203191
v 6.106304 0.373839 0.345677
v 5.694234 0.202513 -0.356983
v 6.258474 0.436709 0.338839
v 5.621887 0.334861 0.340507
v 5.626112 0.337863 0.341231
v 6.391856 0.211256 -0.174954
v 5.821685 0.013210 0.286465
v 5.757558 0.040585 -0.314250
v 5.572020 0.391951 -0.026207
v 6.118648 0.006423 0.208555
v 6.391335 0.214456 0.336737
v 6.469870 0.302859 -0.097526
v 5.583621 0.338450 -0.315404
v 6.218137 0.004534 0.250298
v 6.049744 0.520213 -0.263932
v 5.811229 0.121909 0.447688
v 5.816973 0.124012 0.451525
v 5.811335 0.125273 0.451340
v 5.740005 0.100517 -0.301001
v 6.446262 0.529369 -0.168525
v 6.443836 0.487485 -0.359586
v 5.651243 0.078613 -0.106008
v 5.641229 0.429537 0.232410
v 5.723362 0.102763 0.256674
v 6.297426 0.008124 0.093655
v 6.159914 0.510984 -0.320787
v 5.654473 0.170129 -0.247066
v 6.105763 0.072482 0.274081
v 6.407445 0.090595 0.022327
v 6.344767 0.002851 -0.122381
v 6.476123 0.376681 -0.008808
v 5.605185 0.421968 -0.006085
v 6.219728 0.508453 0.271071
v 6.221216 0.504924 0.274433
v 5.626495 0.436168 -0.020919
v 5.806801 0.062548 0.355666
v 6.381608 0.175432 -0.186444
v 6.489380 0.343744 0.287839
v 5.628844 0.452088 -0.050116
v 6.178615 0.534737 0.040515
v 6.375916 0.298750 -0.434587
v 6.147818 0.148486 0.344615
v 6.273223 0.022322 0.292262
v 6.269217 0.018945 0.293012
v 6.422507 0.560074 -0.153828
v 5.523674 0.371757 -0.204525
v 6.237519 0.574567 0.236708
v 6.439427 0.540933 -0.262437
v 6.339863 0.520009 -0.333871
v 5.704645 0.113845 -0.254189
v 5.838561 0.525204 -0.049780
v 5.844246 0.525359 -0.049717
v 6.329705 0.203217 -0.455905
v 6.335307 0.204082 -0.451337
v 6.331077 0.201255 -0.451302
v 6.056603 0.318563 0.406316
v 5.571067 0.401890 -0.096618
v 6.138551 0.153282 0.348095
v 6.386749 0.440587 0.285752
v 5.675204 0.088006 -0.138314
v 6.385388 0.492535 0.020796
v 6.476840 0.245434 0.247064
v 5.650316 0.171930 -0.241607
v 6.256737 0.113401 0.370287
v 6.466397 0.196019 0.138335
v 5.664488 0.220846 0.408532
v 5.646398 0.225755 0.393734
v 6.262264 0.573996 0.240179
v 5.696655 0.105516 -0.223690
v 5.567560 0.149711 0.175847
v 5.879363 0.083244 0.381806
v 6.298378 0.060442 0.348748
v 6.486324 0.343012 0.229488
v 6.379791 0.139719 0.139135
v 5.658559 0.088928 -0.115875
v 6.478801 0.294225 0.314432
v 5.586114 0.398166 -0.001891
v 6.093425 0.027518 -0.410020
v 5.630499 0.435712 0.210040
v 6.388550 0.145116 0.138185
v 6.394277 0.229691 0.345326
v 6.368989 0.071347 0.004750
v 6.371572 0.075015 0.002160
v 6.375547 0.074552 0.005496
v 6.362634 0.141678 0.180011
v 6.307202 0.002981 -0.137825
v 5.874040 0.512212 -0.101638
v 6.376670 0.102477 -0.023434
v 5.631044 0.418530 0.237090
v 5.634001 0.401057 0.284471
v 6.409355 0.171709 0.154220
v 6.409788 0.173749 0.157784
v 6.139270 0.156398 0.351861
v 6.365148 0.167415 -0.187882
v 6.415722 0.457496 -0.004339
v 6.493481 0.243860 0.224863
v 6.479897 0.442823 -0.140256
v 6.226643 0.048885 -0.458390
v 5.809484 0.134626 0.456894
v 6.247690 0.437267 0.348954
v 6.410105 0.502670 -0.349843
v 6.460223 0.526229 -0.196004
v 5.950868 0.038893 -0.359417
v 6.364792 0.021932 0.061708
v 5.827484 0.021035 0.304290
v 6.060591 0.064082 0.273434
v 6.064560 0.065709 0.270035
v 6.065400 0.069031 0.274148
v 6.432395 0.438061 -0.010862
v 6.433874 0.438928 -0.015328
v 6.429525 0.442183 -0.011031
v 6.196195 0.032000 0.255124
v 6.389657 0.181247 0.277573
v 6.348644 0.048178 -0.120909
v 6.355649 0.506222 -0.353052
v 6.263927 0.050714 0.323942
v 6.368536 0.098968 0.104892
v 6.410081 0.138327 0.067029
v 6.483130 0.229242 0.221342
v 5.956657 0.498191 -0.312043
v 6.396227 0.080213 0.061716
v 5.722130 0.101395 0.252102
v 5.740254 0.122305 -0.328500
v 6.066195 0.417684 0.390052
v 6.456290 0.379587 0.232103
v 6.434898 0.159533 0.106323
v 6.434106 0.161898 0.110483
v 6.430185 0.158948 0.110772
v 6.173542 0.535691 0.038864
v 6.099249 0.064032 0.262619
v 5.890798 0.121588 0.426421
v 5.889962 0.118391 0.422663
v 5.894705 0.119326 0.420671
v 5.895601 0.122553 0.424425
v 6.358063 0.157486 0.203482
v 5.956870 0.495654 -0.316033
v 5.584413 0.327740 -0.317256
v 5.737929 0.033860 -0.255192
v 6.292070 0.002046 -0.192382
v 5.691441 0.482503 -0.062246
v 5.695841 0.485366 -0.057382
v 5.695143 0.485984 -0.062360
v 6.357222 0.176137 0.342520
v 5.630238 0.455639 -0.100531
v 6.485277 0.342958 0.290884
v 6.459442 0.216167 0.031743
v 6.476624 0.353764 0.225296
v 6.457753 0.529906 -0.196157
v 5.943437 0.018356 0.277740
v 6.148459 0.517491 0.282780
v 6.142621 0.521515 0.281480
v 6.143583 0.517713 0.284555
v 5.575195 0.408389 -0.121121
v 6.463844 0.373040 0.094255
v 6.425177 0.464126 -0.384828
v 6.311669 0.577321 0.175187
v 5.681911 0.233284 -0.372009
v 6.428156 0.153555 0.106905
v 5.565711 0.405644 -0.276435
v 6.413675 0.559542 -0.136376
v 6.038986 0.140426 0.359737
v 5.933211 0.043659 0.313358
v 6.474175 0.515587 -0.269772
v 5.674003 0.059829 -0.131248
v 5.675578 0.055155 -0.131991
v 6.174081 0.540160 0.040294
v 6.173743 0.544066 0.043048
v 5.722966 0.087388 0.229231
v 6.302942 0.003119 -0.143189
v 6.066452 0.071607 0.278617
v 6.062030 0.070903 0.280429
v 5.553128 0.089193 -0.015046
v 5.934706 0.034412 0.300660
v 6.477829 0.478185 -0.152837
v 6.390434 0.217079 0.340714
v 5.878057 0.048132 0.339319
v 6.475300 0.498994 -0.178271
v 6.213438 0.510838 0.268404
v 6.393126 0.202334 0.310363
v 6.422898 0.217516 0.294952
v 5.625285 0.437566 -0.026154
v 6.422885 0.127132 0.049247
v 5.726331 0.091719 0.243067
v 6.491715 0.296919 0.306732
v 6.461886 0.188280 0.143248
v 5.733175 0.137839 -0.332377
v 5.731943 0.135249 -0.328345
v 6.439601 0.403241 0.153298
v 6.371683 0.103337 -0.024941
v 6.218754 0.046941 -0.456931
v 6.219738 0.043590 -0.454732
v 5.629542 0.044317 0.019754
v 5.976845 0.497337 -0.309316
v 6.473636 0.421375 -0.092348
v 6.358160 0.499629 -0.361797
v 5.677775 0.342436 0.412901
v 6.383379 0.562839 -0.081782
v 6.447804 0.467819 -0.090907
v 6.426196 0.418936 0.124252
v 5.589849 0.421410 -0.286905
v 6.308316 0.560029 0.248561
v 6.349289 0.503617 0.266336
v 6.464035 0.206695 0.213823
v 6.467669 0.212345 0.060423
v 6.396169 0.123809 -0.029795
v 5.627013 0.452217 -0.110794
v 6.229315 0.499192 0.280241
v 6.369246 0.182214 0.312805
v 5.649413 0.093860 -0.106092
v 6.076680 0.004692 0.224476
v 6.426423 0.405541 0.282058
v 6.429040 0.406894 0.278286
v 6.455774 0.265672 0.315190
v 5.571965 0.410096 -0.196935
v 6.378268 0.106751 -0.025986
v 5.835945 0.071504 0.367732
v 5.781701 0.154962 0.426497
v 6.474324 0.381810 -0.017878
v 5.558457 0.399952 -0.263786
v 6.286391 0.064372 0.347887
v 6.293572 0.007955 0.093153
v 6.371660 0.509834 0.047246
v 5.705180 0.172419 -0.336714
v 6.150131 0.560927 0.257177
v 6.445494 0.453126 -0.062449
v 6.452459 0.491928 -0.131843
v 5.589719 0.212162 0.314112
v 6.026563 0.547659 0.233277
v 6.484734 0.257499 0.257421
v 5.613217 0.253898 -0.331428
v 6.163045 0.011764 0.086659
v 6.167661 0.012994 0.091811
v 6.163514 0.010196 0.091388
v 6.394486 0.181847 0.276215
v 6.253955 0.016178 0.290253
v 5.612878 0.439357 -0.136864
v 5.622732 0.430859 0.113754
v 5.526620 0.371404 -0.223138
v 5.528818 0.374395 -0.220518
v 6.314334 0.507903 -0.354075
v 5.935034 0.021707 0.284567
v 6.417030 0.107275 0.049490
v 5.564059 0.385993 -0.031565
v 5.681005 0.030678 -0.124047
v 5.804133 0.069679 0.362923
v 6.381726 0.225453 -0.174532
v 6.261933 0.471410 0.296230
v 6.356537 0.030972 0.010044
v 6.371258 0.134382 0.140394
v 5.552833 0.387858 -0.114409
v 6.328102 0.130644 0.387842
v 6.195357 0.544506 0.025614
v 6.191801 0.540433 0.025726
v 6.385212 0.173334 -0.183677
v 6.267758 0.013740 0.274174
v 6.473303 0.380935 -0.013669
v 6.391058 0.134260 -0.126807
v 5.588497 0.417314 -0.079340
v 6.315510 0.545582 0.256346
v 5.831204 0.039943 -0.334145
v 6.452459 0.205093 0.052965
v 5.568282 0.401399 -0.122253
v 6.447103 0.441746 -0.047645
v 6.337629 0.066696 -0.129363
v 6.393743 0.199751 0.306186
v 6.452796 0.552286 -0.206937
v 6.086333 0.548692 0.267144
v 6.380449 0.472406 0.173955
v 6.382413 0.464648 0.229137
v 6.332218 0.224485 0.361920
v 6.256475 0.139517 0.411961
v 5.834940 0.068343 0.363848
v 6.264383 0.027093 0.309606
v 6.452271 0.385716 0.276418
v 6.449702 0.499399 -0.336275
v 6.328197 0.185949 -0.395627
v 6.329405 0.184718 -0.390775
v 6.391901 0.528863 -0.323244
v 6.387155 0.529552 -0.322444
v 5.763613 0.141020 0.384199
v 5.891102 0.106123 0.406030
v 5.812918 0.128188 0.455156
v 6.422515 0.423336 0.128428
v 6.408923 0.465407 -0.000325
v 6.401915 0.208508 -0.163615
v 5.645211 0.473507 -0.280635
v 6.358912 0.492217 0.229748
v 5.874534 0.082789 0.383345
v 6.394714 0.067307 0.056183
v 5.648664 0.099350 -0.110321
v 5.548152 0.098477 0.042351
v 5.706121 0.106941 -0.245904
v 5.702920 0.110605 -0.245023
v 6.365131 0.166073 0.205174
v 5.868490 0.048319 0.342071
v 6.118493 0.435842 0.368739
v 6.432496 0.410592 0.202206
v 6.119021 0.284888 0.394149
v 5.607010 0.201430 -0.216037
v 6.260423 0.053977 0.322270
v 6.331539 0.572031 0.066526
v 5.612819 0.202102 -0.225497
v 6.469616 0.454262 -0.121355
v 6.494034 0.294430 0.302874
v 6.427907 0.446984 -0.015549
v 6.341968 0.013278 0.003959
v 6.284242 0.102528 0.376796
v 6.345768 0.140939 0.201778
v 5.610883 0.449870 -0.237888
v 6.163612 0.433077 0.348879
v 5.634358 0.438841 0.209834
v 5.629685 0.272415 0.410073
v 6.237017 0.012977 0.275857
v 6.232574 0.014639 0.274161
v 6.472736 0.253555 0.270010
v 6.325374 0.188008 -0.415802
v 6.159140 0.508010 -0.324792
v 5.570456 0.163395 0.202078
v 6.474199 0.451861 -0.126420
v 6.417956 0.428120 0.137457
v 6.357126 0.154996 0.234091
v 6.384587 0.108810 0.093639
v 5.556751 0.386118 -0.084202
v 5.925949 0.049290 0.324217
v 5.629312 0.463295 -0.287851
v 6.440315 0.399628 0.230915
v 6.443350 0.395826 0.232095
v 6.415571 0.410438 0.284204
v 5.869808 0.112064 0.426029
v 5.594569 0.199302 -0.197791
v 5.633722 0.303490 0.395459
v 6.371485 0.508026 0.032278
v 6.285090 0.105492 0.380801
v 5.631294 0.451828 -0.011849
v 5.736406 0.103823 -0.299310
v 6.369437 0.510218 0.097689
v 6.435589 0.399386 0.280202
v 6.114236 0.285871 0.395148
v 5.552268 0.102169 -0.031131
v 5.775438 0.499303 0.036632
v 6.100192 0.218893 0.419332
v 5.570126 0.155478 0.189085
v 6.398170 0.172868 0.172405
v 6.402834 0.174341 0.170452
v 6.239555 0.050250 0.303802
v 5.780803 0.050189 -0.326471
v 5.603727 0.437750 -0.293191
v 6.362609 0.190464 -0.194761
v 5.545393 0.342050 -0.263113
v 6.204698 0.025202 0.255972
v 6.204546 0.028699 0.259405
v 6.428246 0.559640 -0.162617
v 6.459834 0.245940 0.271571
v 6.396451 0.213243 -0.170128
v 6.383461 0.229879 -0.172024
v 6.338371 0.062603 0.120133
v 6.427417 0.458240 -0.034090
v 5.596924 0.305534 -0.340965
v 6.405246 0.206177 -0.160884
v 5.858503 0.134423 0.457357
v 6.158986 0.432705 0.350658
v 6.486525 0.341659 0.224593
v 5.580961 0.396919 -0.016225
v 5.578624 0.406099 -0.080745
v 6.174004 0.127138 0.332571
v 5.546789 0.364814 -0.271572
v 5.561666 0.258867 -0.236379
v 5.602555 0.417640 -0.015613
v 6.113689 0.539951 0.272808
v 6.114593 0.536266 0.275957
v 6.152690 0.147229 0.344953
v 6.376375 0.087031 -0.006871
v 6.428138 0.441410 -0.006589
v 6.449265 0.255483 0.307950
v 6.448467 0.257881 0.312275
v 6.444418 0.255128 0.313009
v 6.445042 0.252909 0.308515
v 6.378539 0.316568 -0.430721
v 5.614681 0.424409 0.043180
v 6.474479 0.270082 0.299470
v 6.399655 0.101914 -0.012168
v 6.350010 0.199015 -0.392102
v 5.541141 0.361613 -0.264027
v 6.471324 0.264789 0.296100
v 5.825270 0.490329 -0.299112
v 6.435952 0.405381 0.218937
v 6.311916 0.191946 -0.455294
v 6.441154 0.398647 0.226090
v 6.054013 0.383820 0.395659
v 6.270634 0.011768 0.201274
v 5.643643 0.089730 -0.098385
v 5.641873 0.094186 -0.097179
v 5.663384 0.218285 0.404357
v 5.774516 0.144267 0.405205
v 5.834658 0.028806 0.315678
v 5.707163 0.100474 -0.237548
v 6.485987 0.244294 0.236441
v 6.125823 0.553924 0.262795
v 6.459668 0.385000 0.058493
v 6.385276 0.100135 0.086675
v 5.840988 0.016696 0.302478
v 5.584792 0.400172 -0.021198
v 6.103853 0.010394 0.212542
v 5.808333 0.130988 0.453550
v 6.475064 0.196357 0.163653
v 5.662665 0.366466 0.387042
v 5.688363 0.485528 -0.288773
v 6.416251 0.494695 -0.359543
v 6.370063 0.471414 0.277343
v 5.568226 0.406447 -0.197982
v 6.427127 0.511288 -0.337051
v 5.701534 0.487647 -0.292617
v 6.394300 0.156649 0.150541
v 5.626645 0.452184 -0.100775
v 6.247673 0.482006 0.291878
v 6.488683 0.342027 0.240822
v 5.648724 0.472729 -0.283560
v 6.056675 0.353658 0.384039
v 6.389214 0.189414 -0.187518
v 6.424088 0.488943 -0.364835
v 5.815096 0.071330 0.365944
v 6.478410 0.495098 -0.179254
v 6.141210 0.007398 0.198792
v 6.138000 0.004874 0.204000
v 5.667274 0.083412 -0.125813
v 5.542602 0.383263 -0.139993
v 6.282086 0.165322 -0.452631
v 5.809071 0.068810 0.362791
v 6.450378 0.506885 -0.145142
v 6.350736 0.198336 -0.387045
v 6.292925 0.068098 0.357072
v 5.706703 0.032107 -0.107265
v 6.258451 0.183824 0.399321
v 6.253643 0.185002 0.398683
v 6.252699 0.181380 0.402083
v 6.319785 0.186031 -0.425566
v 5.753953 0.029004 -0.282473
v 6.457410 0.476355 -0.123237
v 5.704056 0.104071 -0.236720
v 5.659649 0.034874 -0.015422
v 6.362300 0.023779 0.071706
v 5.779578 0.046410 -0.323559
v 5.998607 0.043890 -0.378361
v 6.329324 0.520339 -0.336265
v 5.634676 0.421735 0.237109
v 6.366028 0.162859 0.200773
v 6.312174 0.021626 0.117397
v 6.061882 0.413038 0.393629
v 6.339666 0.505190 -0.353726
v 6.366421 0.188664 -0.191992
v 6.315758 0.043631 -0.132557
v 6.057726 0.329891 0.393492
v 5.642105 0.099582 -0.100949
v 6.057893 0.010134 0.239406
v 6.437487 0.172003 0.124554
v 5.560974 0.401298 -0.205535
v 5.565383 0.405790 -0.209245
v 5.606071 0.437206 -0.297195
v 6.326027 0.222299 0.363755
v 5.604985 0.422034 -0.001192
v 6.153207 0.030585 0.234984
v 6.153125 0.033951 0.238711
v 6.453609 0.183308 0.133148
v 6.427505 0.452472 -0.024638
v 5.575383 0.408996 -0.126130
v 6.430324 0.413705 0.196269
v 6.435967 0.406759 0.121542
v 5.887416 0.126940 0.435912
v 6.157437 0.429392 0.346841
v 6.435390 0.408571 0.162253
v 5.779195 0.502979 0.037038
v 6.200405 0.030388 0.257216
v 6.044593 0.517145 -0.267989
v 6.114482 0.279346 0.402707
v 6.118692 0.277382 0.400605
v 6.077282 0.013019 0.235367
v 6.119587 0.059142 0.258400
v 6.442382 0.292204 -0.147809
v 6.409516 0.230940 0.331197
v 6.414172 0.163842 0.142412
v 6.346750 0.009166 -0.095417
v 5.622248 0.445087 -0.051012
v 5.625799 0.448479 -0.050618
v 5.890705 0.527372 -0.038806
v 5.891087 0.530459 -0.034606
v 6.457154 0.501202 -0.313128
v 6.362952 0.564543 -0.009405
v 6.364546 0.564577 -0.013997
v 6.010331 0.504028 -0.286359
v 6.015116 0.504023 -0.286162
v 5.642816 0.065174 -0.043457
v 5.793286 0.157996 0.446502
v 5.821101 0.073723 0.369143
v 5.587193 0.424988 -0.223574
v 5.927767 0.027943 0.295069
v 5.571767 0.404857 -0.121688
v 6.395679 0.094695 0.069664
v 6.414247 0.166965 0.146765
v 6.217247 0.008076 0.253712
v 6.447342 0.473988 -0.100215
v 5.787221 0.057333 0.320600
v 6.429837 0.465607 -0.380006
v 6.106108 0.075468 0.277850
v 6.445693 0.489578 -0.356179
v 6.403125 0.080153 0.053644
v 5.567127 0.406157 -0.281310
v 5.932530 0.028016 0.293434
v 6.348688 0.506377 0.255855
v 6.446016 0.516634 -0.149747
v 6.483037 0.226115 0.217075
v 5.623157 0.432378 -0.015781
v 6.392026 0.208023 -0.178957
v 5.878098 0.127798 0.443099
v 6.399720 0.477521 -0.001476
v 5.611330 0.435205 -0.062502
v 6.382222 0.133210 0.126397
v 6.378219 0.130246 0.127121
v 6.227850 0.058505 0.298254
v 5.571106 0.401101 -0.091650
v 5.556116 0.081435 0.012753
v 6.147384 0.003922 0.153990
v 6.151350 0.007180 0.154991
v 6.400566 0.221620 -0.167156
v 6.403725 0.219170 -0.164388
v 6.422500 0.220053 0.299290
v 6.421966 0.222554 0.303608
v 5.722309 0.156063 -0.335508
v 6.393601 0.097014 0.073575
v 6.454518 0.205666 0.233234
v 6.073214 0.516049 -0.279492
v 6.078095 0.515290 -0.280031
v 6.077729 0.512034 -0.283505
v 6.072905 0.513195 -0.283780
v 6.426929 0.169577 0.138461
v 6.375209 0.175473 0.289134
v 6.369967 0.171233 0.290787
v 6.448777 0.436777 -0.042717
v 6.484108 0.350802 0.271714
v 6.070411 0.306190 0.405177
v 5.888261 0.133070 0.443734
v 5.883474 0.131910 0.445441
v 6.129898 0.160163 0.355392
v 5.570370 0.255104 -0.246699
v 6.313760 0.574804 0.175593
v 5.574494 0.416710 -0.251877
v 5.615095 0.439318 -0.067099
v 6.349683 0.505596 0.251196
v 5.554292 0.093882 -0.023802
v 6.388426 0.493677 0.064430
v 6.080452 0.324860 0.373583
v 6.404984 0.213292 0.311857
v 6.400848 0.210448 0.312747
v 6.231689 0.038301 0.289898
v 5.661462 0.090746 -0.119818
v 6.390232 0.154254 0.151143
v 6.385511 0.194045 0.308277
v 6.366219 0.255430 -0.448632
v 6.374703 0.106482 0.103399
v 6.449168 0.519041 -0.158778
v 5.885808 0.040096 -0.346614
v 5.648574 0.202818 -0.289461
v 5.651817 0.199168 -0.290405
v 6.473301 0.417810 -0.097545
v 6.476013 0.417991 -0.093887
v 6.480451 0.280665 0.306400
v 5.621619 0.255673 -0.345868
v 5.633701 0.423313 0.232483
v 5.754433 0.143324 0.373341
v 5.648492 0.231036 0.401018
v 6.391891 0.485113 0.012644
v 6.391574 0.485002 0.017429
v 5.630469 0.470936 -0.204370
v 6.431540 0.156872 0.106640
v 6.096183 0.292530 0.402431
v 5.566107 0.375914 -0.307800
v 5.618820 0.429307 -0.015628
v 6.266532 0.029593 0.313430
v 6.184024 0.534105 0.030971
v 6.184385 0.534052 0.035819
v 5.570718 0.409404 -0.187017
v 5.566753 0.405136 -0.188028
v 5.567580 0.406024 -0.182855
v 6.303064 0.575296 0.233006
v 6.444765 0.488532 -0.357883
v 5.554825 0.081964 0.008069
v 6.477367 0.217075 0.205551
v 6.425072 0.276304 -0.158162
v 6.380791 0.170410 0.195568
v 5.754936 0.070108 -0.318983
v 6.297145 0.580864 0.234337
v 6.295533 0.580987 0.234761
v 6.461786 0.543424 -0.218924
v 5.639214 0.247366 -0.355159
v 5.750997 0.032912 -0.283438
v 5.622249 0.433396 -0.020889
v 6.409538 0.132024 -0.024510
v 6.339511 0.207035 -0.451210
v 6.403597 0.126779 -0.028254
v 6.385042 0.492577 0.023890
v 6.191583 0.541505 0.030620
vn -0.1484 -0.4022 -0.9035
vn -0.1282 0.0465 -0.9907
vn -0.0390 -0.1436 -0.9889
vn -0.6055 -0.3966 0.6900
vn -0.1640 0.9865 0.0025
vn -0.7258 -0.3462 -0.5944
vn -0.0411 0.5647 0.8243
vn 0.9697 0.2286 -0.0865
vn -0.6131 -0.3042 0.7291
vn -0.5655 -0.3612 0.7414
vn -0.5719 -0.4511 0.6852
vn 0.7955 -0.2824 -0.5362
vn 0.0688 -0.5979 0.7986
vn 0.2308 -0.2621 0.9370
vn 0.2008 -0.6223 0.7566
vn -0.9395 -0.2333 0.2508
vn 0.8916 0.1299 -0.4338
vn 0.4281 -0.0485 -0.9024
vn -0.4272 0.8191 -0.3829
vn -0.4816 0.8634 -0.1506
vn 0.3973 0.7896 -0.4676
vn 0.9349 -0.2392 -0.2622
vn 0.5391 0.7198 0.4373
vn 0.3378 0.4072 0.8486
vn 0.8564 -0.2239 0.4652
vn 0.2927 0.5436 0.7867
vn -0.3840 0.8350 0.3940
vn 0.6121 -0.6505 0.4497
vn 0.5729 -0.6854 0.4494
vn 0.7939 -0.6079 0.0110
vn -0.2345 -0.6069 0.7594
vn 0.9844 0.1744 -0.0235
vn -0.1890 -0.6387 -0.7459
vn 0.3261 0.8803 -0.3447
vn 0.2107 0.9238 -0.3197
vn 0.0831 0.9753 -0.2045
vn -0.5697 -0.2326 -0.7882
vn -0.6601 -0.6578 0.3626
vn 0.4598 0.1152 0.8805
vn 0.5715 -0.7939 -0.2077
vn -0.7527 0.5917 -0.2889
vn -0.6528 0.7507 0.1015
vn 0.8835 0.0093 -0.4684
vn -0.8868 -0.4584 -0.0591
vn 0.9191 -0.0607 -0.3892
vn 0.8458 0.3340 -0.4161
vn 0.9452 0.3207 0.0614
vn 0.1486 0.9646 -0.2179
vn 0.5850 -0.2928 0.7563
vn 0.2883 0.3076 0.9068
vn -0.0766 0.5256 -0.8473
vn 0.9869 -0.1578 -0.0323
vn 0.9741 -0.0525 0.2199
vn 0.9726 -0.0500 0.2269
vn 0.7923 0.6099 0.0169
vn 0.7713 0.6308 0.0846
vn 0.8064 0.5864 0.0766
vn -0.7179 0.6835 0.1323
vn 0.2063 -0.7771 0.5946
vn 0.1131 0.2878 0.9510
vn 0.7791 -0.6191 0.0986
vn 0.7758 -0.6304 -0.0284
vn 0.4952 -0.8509 0.1753
vn -0.2432 0.8190 -0.5197
vn 0.9877 0.1031 0.1174
vn 0.5993 -0.7143 0.3615
vn 0.3110 0.6369 0.7055
vn -0.5027 0.8290 -0.2452
vn -0.6066 0.7834 -0.1355
vn -0.5280 -0.5553 0.6425
vn 0.5120 -0.8314 0.2158
vn 0.7496 -0.3860 -0.5377
vn -0.1385 -0.9820 -0.1281
vn -0.4757 -0.6984 0.5348
vn 0.5701 -0.6809 0.4598
vn 0.4289 -0.0580 -0.9015
vn 0.2536 0.0902 0.9631
vn 0.0842 -0.6236 0.7772
vn -0.1579 0.0323 -0.9869
vn -0.9254 0.0120 -0.3787
vn 0.8052 0.3983 0.4394
vn 0.9168 -0.3009 -0.2624
vn 0.9610 0.2681 -0.0671
vn 0.9980 0.0493 -0.0397
vn 0.7971 0.6010 0.0588
vn 0.7658 0.6423 -0.0317
vn 0.5729 -0.1135 0.8117
vn 0.0403 -0.1311 0.9906
vn 0.9391 0.2048 0.2760
vn -0.9557 -0.0139 -0.2940
vn -0.3421 -0.4157 0.8427
vn -0.4348 -0.7013 0.5649
vn -0.2494 -0.1196 0.9610
vn 0.9663 0.2281 0.1196
vn 0.5004 -0.8510 -0.1596
vn 0.7375 -0.6531 -0.1718
vn 0.8594 -0.3949 -0.3247
vn 0.2838 -0.1972 0.9384
vn 0.2764 -0.1946 0.9411
vn 0.4056 -0.3526 0.8433
vn 0.7861 -0.0282 -0.6174
vn -0.7620 -0.4867 -0.4272
vn 0.8399 0.1918 -0.5078
vn -0.3411 -0.7574 0.5568
vn -0.4748 -0.8321 0.2867
vn -0.0614 0.9556 -0.2881
vn 0.8535 -0.4584 -0.2479
vn 0.4390 -0.8961 -0.0651
vn -0.7045 -0.5893 0.3955
vn -0.1281 0.4188 0.8990
vn 0.6708 -0.5058 0.5424
vn 0.2573 -0.4397 0.8605
vn 0.0895 -0.0685 0.9936
vn -0.9225 -0.3120 0.2272
vn -0.5900 -0.6902 0.4190
vn 0.2857 0.2025 0.9367
vn 0.4928 -0.8363 0.2404
vn -0.2876 0.9304 0.2271
vn -0.3548 0.8074 0.4714
vn -0.7304 -0.4403 -0.5222
vn -0.7436 -0.5155 -0.4258
vn -0.6087 -0.5557 -0.5664
vn 0.1303 -0.9839 0.1221
vn 0.0804 -0.9905 0.1120
vn -0.0195 -0.5343 0.8451
vn 0.6715 -0.7162 -0.1901
vn 0.5084 -0.8102 -0.2916
vn 0.4959 -0.8408 -0.2170
vn 0.5509 -0.7964 -0.2495
vn 0.1083 0.3103 0.9445
vn 0.6651 -0.6824 0.3032
vn 0.5341 -0.2595 -0.8046
vn 0.5368 -0.3105 -0.7845
vn -0.1711 -0.9831 -0.0650
vn -0.9684 -0.2309 0.0945
vn -0.9756 -0.1808 0.1247
vn -0.9525 -0.2995 -0.0561
vn -0.3280 -0.1942 -0.9245
vn 0.4778 -0.2675 0.8368
vn -0.7320 0.6810 0.0216
vn 0.8150 -0.5328 0.2279
vn 0.7553 -0.3698 0.5411
vn -0.3240 0.8931 -0.3122
vn 0.9267 -0.3205 0.1961
vn 0.8868 -0.2985 0.3529
vn -0.0007 -1.0000 -0.0079
vn 0.9237 -0.3224 0.2072
vn 0.0700 0.6535 0.7537
vn 0.8749 -0.4483 0.1833
vn 0.8922 -0.3300 0.3083
vn -0.3183 0.8352 0.4484
vn -0.0403 -0.9082 0.4167
vn -0.2964 -0.2052 -0.9328
vn -0.1724 -0.1424 -0.9747
vn -0.1237 -0.0683 -0.9900
vn 0.0412 -0.9983 0.0401
vn -0.6405 0.7530 0.1511
vn -0.3882 -0.6719 0.6308
vn 0.1222 -0.7795 0.6144
vn 0.7898 0.6008 0.1238
vn 0.6833 -0.4340 0.5872
vn -0.1190 -0.4197 0.8998
vn 0.7939 0.6050 0.0612
vn 0.7866 0.6118 0.0837
vn -0.3564 0.9063 0.2273
vn -0.3918 0.7940 0.4648
vn 0.0048 -0.9670 0.2548
vn 0.1129 -0.8014 0.5874
vn 0.9441 0.2472 0.2183
vn 0.1859 0.1688 0.9680
vn -0.2303 -0.9686 0.0935
vn -0.5906 -0.7368 0.3291
vn -0.9991 -0.0329 -0.0269
vn -0.9440 0.2865 0.1634
vn 0.5725 -0.7390 -0.3552
vn 0.4093 -0.8910 -0.1962
vn 0.6296 -0.2280 -0.7427
vn 0.7254 -0.3332 0.6023
vn -0.7900 -0.4172 -0.4492
vn -0.1867 0.0402 -0.9816
vn -0.1768 -0.3113 -0.9337
vn 0.0015 0.2207 0.9753
vn -0.4354 -0.8797 0.1911
vn -0.3197 -0.9113 -0.2595
vn 0.3331 -0.4237 -0.8423
vn -0.0553 0.1258 -0.9905
vn 0.6390 -0.6869 0.3461
vn 0.6878 -0.7117 0.1428
vn 0.9090 -0.3556 -0.2173
vn 0.4916 0.5007 0.7125
vn 0.4007 0.3427 0.8497
vn -0.2635 0.9118 0.3149
vn -0.2193 0.8481 0.4824
vn 0.0534 0.3497 -0.9353
vn -0.4992 0.7804 0.3764
vn -0.7299 0.5151 0.4494
vn 0.1900 -0.9806 0.0482
vn 0.9255 -0.2330 -0.2987
vn 0.9413 0.1601 -0.2971
vn -0.6623 0.7389 0.1242
vn -0.5289 -0.8275 0.1884
vn -0.5036 -0.7495 0.4297
vn 0.8182 0.3632 0.4457
vn 0.7346 0.4549 0.5034
vn -0.6606 0.7448 0.0946
vn -0.6684 -0.5006 -0.5502
vn -0.3580 -0.9209 0.1540
vn -0.0588 0.4514 -0.8904
vn 0.7839 0.3134 -0.5360
vn 0.8147 0.5652 -0.1294
vn -0.2622 0.9093 0.3233
vn -0.6944 0.7192 0.0230
vn 0.0927 0.5191 0.8497
vn 0.3172 0.6566 0.6843
vn -0.2667 0.8918 0.3654
vn 0.8012 0.5337 0.2705
vn 0.7632 0.6145 0.1997
vn 0.2132 0.9765 0.0323
vn 0.1464 0.9861 -0.0783
vn -0.6157 -0.5278 -0.5851
vn -0.4800 0.7527 0.4507
vn 0.6395 -0.6316 0.4384
vn 0.6321 0.7676 0.1064
vn -0.7309 -0.5087 -0.4551
vn -0.4473 0.8733 0.1929
vn -0.1308 0.2434 0.9611
vn 0.4170 -0.5734 0.7052
vn 0.5908 0.5838 0.5569
vn 0.5560 0.5671 0.6077
vn 0.5801 0.5948 0.5565
vn -0.9641 -0.0573 -0.2591
vn -0.9453 0.0660 -0.3193
vn 0.6722 0.6182 0.4074
vn -0.0697 0.9741 -0.2149
vn 0.5002 0.0956 0.8606
vn 0.7858 0.6115 0.0929
vn 0.7708 -0.0320 -0.6362
vn 0.1891 -0.8703 -0.4548
vn -0.0463 -0.7185 -0.6940
vn 0.1295 -0.8058 -0.5779
vn 0.8159 0.5577 0.1523
vn 0.7754 0.6036 0.1858
vn 0.9371 0.3435 0.0617
vn 0.9909 0.0783 -0.1095
vn -0.5625 -0.7203 0.4059
vn -0.4007 0.8781 -0.2616
vn 0.3472 -0.6339 0.6911
vn -0.7241 -0.5842 -0.3666
vn -0.7531 -0.5567 -0.3506
vn 0.7857 0.6081 0.1134
vn 0.1513 -0.1940 0.9693
vn -0.7001 -0.6495 -0.2965
vn -0.7435 -0.5978 -0.2997
vn 0.5409 -0.3668 0.7569
vn 0.0828 0.5350 0.8408
vn 0.9838 -0.1670 -0.0657
vn 0.1137 0.3440 0.9321
vn 0.5957 -0.7952 -0.1137
vn 0.5402 -0.8200 -0.1891
vn 0.5227 -0.7724 0.3607
vn -0.9716 -0.2363 0.0099
vn 0.4486 -0.2722 0.8512
vn -0.3059 0.9067 0.2904
vn -0.8637 -0.0355 -0.5027
vn -0.8564 -0.1203 -0.5021
vn 0.7130 0.5292 0.4600
vn 0.4702 -0.8576 -0.2086
vn 0.4031 -0.8848 -0.2336
vn 0.7441 -0.4439 -0.4993
vn 0.6357 -0.5178 -0.5725
vn 0.3922 -0.1005 -0.9144
vn -0.0981 0.9275 -0.3606
vn -0.3600 0.8982 -0.2524
vn -0.2397 -0.9621 0.1303
vn -0.4756 -0.8034 0.3583
vn 0.4455 -0.8077 0.3861
vn 0.8786 -0.4695 -0.0880
vn 0.8354 -0.5219 -0.1726
vn 0.8197 -0.5528 -0.1502
vn -0.0041 0.8059 -0.5921
vn -0.0375 0.8252 -0.5636
vn 0.4244 -0.8981 0.1149
vn -0.2713 -0.6720 -0.6891
vn 0.7433 -0.2150 0.6335
vn 0.6404 0.6479 0.4125
vn -0.3565 -0.4317 -0.8286
vn -0.1214 0.9377 -0.3256
vn -0.7670 0.6384 -0.0651
vn -0.6225 -0.7071 0.3354
vn -0.9789 -0.1825 -0.0923
vn -0.9920 -0.1148 0.0522
vn -0.9777 -0.1984 -0.0683
vn 0.7911 -0.6055 0.0871
vn 0.5547 -0.7910 0.2581
vn -0.5613 -0.7743 0.2923
vn -0.3377 -0.9291 0.1506
vn 0.7610 0.5759 0.2986
vn 0.7638 0.6446 0.0329
vn -0.7308 -0.2682 -0.6277
vn -0.6293 0.7484 0.2095
vn -0.6712 0.7262 0.1489
vn -0.0385 -0.9980 0.0510
vn -0.3033 -0.9190 0.2520
vn -0.5198 0.8542 0.0136
vn -0.6811 -0.6796 -0.2726
vn 0.7720 0.6353 -0.0221
vn -0.3063 0.9452 0.1131
vn -0.4794 0.7993 0.3624
vn -0.3396 0.9271 0.1589
vn 0.2642 -0.7665 0.5853
vn -0.1221 -0.2980 0.9467
vn -0.0785 -0.1791 0.9807
vn -0.1015 -0.2214 0.9699
vn 0.0174 -0.3047 0.9523
vn -0.9277 -0.3337 0.1674
vn 0.5794 -0.6369 0.5085
vn 0.6154 -0.6139 0.4943
vn 0.3360 -0.7580 0.5591
vn 0.3273 -0.7591 0.5627
vn -0.0214 0.8194 -0.5728
vn 0.0525 -0.1452 0.9880
vn 0.2095 0.1969 0.9578
vn 0.7142 0.4883 0.5014
vn 0.4661 0.0711 -0.8819
vn 0.7730 0.4551 0.4420
vn -0.0481 -0.7571 0.6516
vn -0.3035 0.3532 -0.8850
vn 0.8145 0.5629 0.1404
vn 0.8159 0.5598 0.1449
vn -0.0500 0.2974 -0.9534
vn 0.5895 -0.7928 0.1548
vn 0.5283 -0.8142 -0.2408
vn 0.4778 -0.7657 0.4307
vn 0.4229 -0.3027 0.8541
vn -0.4153 -0.2076 -0.8857
vn -0.6422 -0.2049 -0.7386
vn 0.9390 0.0994 -0.3293
vn 0.9682 0.0745 -0.2387
vn 0.8062 0.2823 -0.5199
vn 0.3034 -0.2644 0.9155
vn -0.6580 0.7512 -0.0519
vn -0.1863 0.9345 0.3034
vn -0.3530 0.8534 0.3835
vn -0.1478 0.0601 -0.9872
vn 0.1519 0.7611 -0.6306
vn -0.4374 0.8971 0.0624
vn -0.9413 0.0833 -0.3271
vn -0.9770 0.1999 -0.0742
vn -0.0271 -0.7361 0.6763
vn -0.1133 -0.7777 0.6183
vn 0.1648 0.6589 0.7340
vn 0.1664 0.6505 0.7411
vn -0.1369 -0.7676 0.6261
vn -0.7784 0.6253 0.0558
vn -0.6439 0.7639 0.0429
vn -0.6490 -0.6456 -0.4025
vn -0.7696 -0.4371 -0.4654
vn 0.8053 0.5886 0.0714
vn -0.7010 -0.5786 0.4170
vn -0.4100 -0.5142 -0.7533
vn 0.0798 -0.8069 0.5853
vn -0.5514 -0.5295 0.6446
vn -0.4745 -0.5686 0.6719
vn -0.6785 0.7338 0.0355
vn 0.3583 0.5072 0.7838
vn 0.6081 -0.6022 0.5173
vn 0.6010 -0.6056 0.5216
vn -0.2629 0.9055 0.3330
vn -0.1414 0.8590 0.4920
vn -0.4234 -0.4998 -0.7556
vn -0.6063 -0.5617 -0.5629
vn -0.9241 0.1995 0.3261
vn -0.2375 0.5205 -0.8201
vn 0.7767 0.5068 0.3741
vn 0.7700 0.5692 0.2884
vn 0.4285 0.2075 -0.8794
vn 0.0617 0.2365 -0.9697
vn -0.1409 -0.6123 0.7780
vn -0.9887 -0.1450 0.0369
vn -0.9864 0.1636 -0.0149
vn -0.4009 -0.7312 0.5519
vn -0.1278 -0.2849 0.9500
vn 0.0576 -0.1793 0.9821
vn -0.1490 -0.3009 0.9419
vn 0.6358 -0.6497 0.4166
vn -0.7092 -0.5973 -0.3746
vn 0.4446 -0.8826 0.1528
vn 0.3210 0.6126 0.7223
vn -0.8550 0.4638 -0.2321
vn 0.2286 -0.7525 0.6177
vn 0.0468 -0.0771 0.9959
vn 0.9278 0.3091 -0.2090
vn 0.9640 0.2628 0.0400
vn -0.0617 -0.7258 0.6851
vn -0.1511 -0.7856 0.6000
vn -0.0542 -0.7565 0.6517
vn -0.0400 0.5386 -0.8416
vn 0.0792 0.5810 -0.8100
vn -0.0574 0.4129 -0.9090
vn 0.2121 -0.7765 0.5933
vn 0.7955 0.5795 0.1774
vn 0.7737 0.6020 0.1974
vn 0.5144 -0.4415 0.7352
vn 0.7845 0.6127 0.0959
vn -0.5415 -0.7330 -0.4116
vn 0.2598 0.3657 0.8938
vn 0.6855 -0.6974 -0.2091
vn 0.2653 -0.7708 0.5792
vn -0.2945 -0.1426 -0.9450
vn 0.9721 -0.1919 0.1351
vn -0.6275 0.7786 0.0018
vn -0.6281 0.7742 -0.0784
vn 0.7018 -0.3884 0.5972
vn -0.2527 0.9146 0.3157
vn 0.6641 -0.1493 -0.7326
vn 0.6435 -0.3059 -0.7016
vn -0.2308 0.0871 0.9691
vn 0.2158 -0.4781 0.8514
vn 0.4101 -0.1595 0.8980
vn -0.7120 -0.4947 -0.4984
vn 0.9398 0.1624 -0.3008
vn -0.4006 -0.6900 0.6028
vn -0.5767 -0.6986 0.4235
vn -0.6926 0.7027 0.1628
vn 0.7691 -0.6245 -0.1363
vn -0.1968 -0.2898 -0.9366
vn -0.8407 0.0312 -0.5405
vn 0.4258 0.0955 0.8998
vn 0.5355 -0.8190 0.2064
vn 0.0218 -0.7850 0.6192
vn 0.7988 -0.1564 -0.5809
vn 0.8185 -0.3277 -0.4719
vn 0.7306 0.5763 0.3661
vn 0.4601 0.6436 -0.6116
vn -0.6806 0.7222 0.1229
vn 0.2182 -0.6973 0.6828
vn 0.6565 -0.7225 -0.2167
vn 0.7810 0.6057 0.1521
vn -0.7643 0.6385 0.0907
vn -0.6949 0.7185 0.0303
vn -0.6730 0.7394 0.0164
vn -0.6538 0.7538 0.0662
vn -0.6787 0.7285 0.0931
vn 0.6884 -0.7253 -0.0002
vn 0.6328 -0.7743 0.0002
vn 0.4482 -0.8805 0.1544
vn 0.5705 -0.8194 -0.0560
vn -0.6762 0.7253 0.1290
vn -0.6773 0.7243 0.1287
vn -0.6813 0.7191 0.1366
vn 0.1011 -0.0696 0.9924
vn 0.9841 0.1122 -0.1375
vn 0.4107 -0.0822 0.9081
vn -0.1831 -0.2942 -0.9380
vn -0.1676 0.1005 -0.9807
vn 0.7781 0.6246 0.0662
vn -0.2872 0.9142 0.2859
vn -0.2756 0.8890 0.3657
vn -0.2386 -0.9706 0.0313
vn -0.2039 -0.7041 0.6802
vn -0.7016 -0.6190 0.3529
vn 0.1305 -0.8735 0.4690
vn -0.1827 -0.7757 0.6041
vn 0.6504 -0.5894 0.4791
vn -0.1515 -0.8753 0.4592
vn -0.7350 -0.6521 -0.1859
vn -0.4896 -0.5617 0.6669
vn 0.7677 0.5119 0.3856
vn -0.8641 -0.1435 -0.4825
vn -0.7732 -0.1305 -0.6206
vn -0.7776 -0.0924 -0.6220
vn 0.0838 0.0934 0.9921
vn -0.7008 0.7133 0.0084
vn -0.6232 -0.4661 0.6280
vn -0.6552 -0.5818 -0.4818
vn -0.5050 -0.7449 0.4360
vn 0.8288 -0.3910 -0.4002
vn 0.8000 -0.0861 -0.5938
vn 0.8106 -0.0993 -0.5771
vn 0.7816 0.6144 0.1084
vn 0.7827 0.6141 0.1010
vn 0.2722 -0.9573 -0.0971
vn -0.3290 0.4649 -0.8220
vn -0.5085 -0.5591 0.6548
vn -0.1819 0.9741 0.1344
vn 0.7625 0.6469 -0.0093
vn -0.3940 -0.6511 0.6487
vn 0.6726 -0.6229 0.3994
vn 0.6133 -0.6724 0.4143
vn -0.4532 -0.7148 0.5326
vn -0.5291 -0.1263 -0.8391
vn -0.5261 -0.0160 -0.8503
vn 0.3158 -0.3418 0.8851
vn 0.4129 -0.2248 0.8826
vn -0.9250 -0.0436 0.3775
vn -0.3450 0.9177 -0.1970
vn 0.8009 0.5978 0.0350
vn -0.5571 -0.4919 0.6691
vn -0.5602 -0.7379 0.3764
vn 0.3281 -0.8484 0.4155
vn 0.4394 -0.7719 0.4594
vn -0.6920 -0.6276 0.3567
vn -0.6332 0.7724 0.0498
vn -0.4292 0.7846 0.4475
vn -0.4035 0.8146 0.4166
vn -0.4138 0.7893 0.4536
vn 0.8605 0.0200 -0.5091
vn 0.9311 -0.0899 -0.3534
vn 0.4296 -0.4789 0.7656
vn 0.6882 -0.5487 0.4747
vn 0.8597 -0.4833 0.1653
vn 0.2167 -0.7889 0.5750
vn 0.2145 -0.5474 0.8089
vn -0.8133 -0.1561 -0.5605
vn -0.5970 -0.4313 -0.6764
vn -0.1935 -0.8635 0.4657
vn 0.1695 0.7612 -0.6260
vn 0.7771 0.6227 0.0908
vn -0.3166 0.8736 0.3696
vn -0.7458 -0.5942 -0.3011
vn -0.7014 0.6841 0.2001
vn -0.9864 -0.0736 0.1468
vn 0.1536 -0.2532 0.9551
vn -0.7414 0.6591 0.1263
vn 0.7761 0.6056 0.1755
vn 0.7842 0.5980 0.1655
vn -0.1703 0.0468 -0.9843
vn 0.5744 -0.8018 0.1648
vn 0.8029 -0.4700 0.3667
vn -0.9882 -0.1283 -0.0832
vn -0.9855 -0.0759 -0.1516
vn -0.9855 -0.1271 -0.1123
vn -0.0205 -0.7710 0.6365
vn 0.6612 -0.6368 0.3967
vn -0.0810 0.9805 0.1791
vn -0.3764 0.8248 0.4220
vn -0.3956 0.7927 0.4639
vn -0.4007 0.7922 0.4603
vn -0.6296 0.7748 0.0564
vn 0.1733 -0.5112 0.8418
vn -0.6353 -0.5820 -0.5076
vn 0.7819 0.6120 0.1186
vn 0.4985 0.8157 0.2935
vn 0.8051 -0.5859 -0.0928
vn 0.9670 -0.2276 0.1145
vn 0.9383 -0.2967 0.1775
vn 0.7577 0.6480 -0.0770
vn 0.7297 -0.2185 0.6480
vn -0.5972 -0.7162 0.3610
vn 0.6454 -0.7552 -0.1146
vn 0.7540 0.3717 0.5416
vn -0.7455 -0.5946 -0.3011
vn 0.7780 0.2372 0.5818
vn 0.0945 -0.9953 -0.0204
vn -0.2846 -0.6633 -0.6922
vn 0.5768 -0.6799 0.4528
vn -0.6027 -0.4633 0.6497
vn 0.3739 -0.6734 0.6377
vn -0.3657 0.8138 0.4517
vn -0.3998 0.7884 0.4675
vn 0.7944 -0.5198 0.3140
vn -0.9513 0.1236 -0.2824
vn -0.5939 -0.6107 0.5237
vn 0.2596 0.0135 0.9656
vn 0.9550 0.1438 0.2593
vn 0.9983 -0.0523 0.0251
vn -0.6372 -0.3748 -0.6734
vn -0.7073 -0.4058 -0.5788
vn -0.4825 -0.3290 -0.8118
vn 0.5162 -0.8443 0.1440
vn 0.3643 -0.6748 0.6418
vn 0.6533 0.7519 0.0886
vn 0.4064 0.3467 0.8454
vn -0.0862 0.5186 -0.8507
vn 0.5406 -0.6037 0.5860
vn -0.1301 0.9298 -0.3444
vn -0.7180 0.6736 0.1752
vn -0.9766 -0.0271 0.2136
vn -0.3160 -0.4736 -0.8221
vn -0.1330 -0.6398 0.7570
vn -0.0843 0.8049 0.5874
vn 0.6132 0.5754 0.5412
vn 0.8425 -0.3153 0.4368
vn 0.8625 -0.3661 0.3493
vn 0.6939 -0.5342 0.4829
vn 0.7048 -0.6329 0.3204
vn -0.8996 -0.0190 -0.4362
vn -0.9991 -0.0184 -0.0384
vn -0.3438 0.9198 0.1892
vn 0.7951 0.5785 0.1818
vn 0.2251 -0.4665 0.8554
vn 0.0373 -0.9639 0.2636
vn 0.1130 -0.8879 0.4459
vn 0.4561 -0.7918 -0.4063
vn 0.7316 -0.1814 -0.6571
vn 0.6577 -0.2212 -0.7201
vn 0.7457 -0.4243 -0.5137
vn 0.1572 0.8841 -0.4402
vn 0.0765 0.9525 -0.2947
vn 0.5435 -0.6659 0.5110
vn -0.6693 0.7364 -0.0989
vn 0.0614 0.9503 -0.3052
vn 0.3477 -0.2790 -0.8951
vn -0.3532 0.3998 0.8458
vn -0.6030 0.3416 0.7210
vn 0.4249 -0.2290 -0.8758
vn 0.7536 -0.3578 -0.5514
vn -0.0971 0.8648 -0.4926
vn -0.3173 0.9204 -0.2282
vn 0.0234 0.9095 -0.4151
vn 0.0398 -0.8722 0.4875
vn -0.2299 -0.9276 -0.2945
vn 0.5772 -0.7930 -0.1951
vn 0.5602 -0.8092 -0.1769
vn 0.7914 0.6080 0.0641
vn 0.8140 -0.4044 -0.4171
vn -0.5565 -0.4402 0.7047
vn 0.9992 -0.0289 -0.0271
vn -0.4638 -0.6721 0.5773
vn -0.4639 0.1159 0.8783
vn 0.4847 0.8308 -0.2737
vn -0.6188 -0.2715 0.7371
vn -0.7040 -0.0286 0.7096
vn -0.7543 -0.5513 -0.3567
vn 0.7388 0.3854 -0.5528
vn -0.3991 -0.6806 0.6144
vn 0.0734 0.5402 0.8383
vn 0.8449 -0.4636 -0.2667
vn -0.4118 0.7968 0.4423
vn 0.7843 -0.6156 -0.0770
vn -0.7587 -0.5785 -0.2995
vn -0.2794 0.8750 0.3953
vn -0.3175 0.8767 0.3613
vn -0.3228 0.8716 0.3689
vn -0.2592 0.9595 -0.1104
vn 0.0105 0.9522 -0.3053
vn 0.5595 -0.6551 0.5078
vn -0.2585 0.9222 0.2878
vn -0.2638 0.9013 0.3435
vn 0.7770 0.6012 0.1865
vn -0.9809 -0.0914 0.1714
vn 0.5329 0.3636 0.7640
vn 0.0005 -0.9414 -0.3374
vn 0.6762 -0.2093 0.7064
vn 0.4286 -0.0515 0.9020
vn 0.4140 -0.8609 0.2958
vn 0.6448 -0.6413 0.4158
vn 0.1424 -0.4373 0.8880
vn -0.0084 0.1132 0.9935
vn 0.9070 -0.1413 -0.3967
vn -0.2502 -0.7531 -0.6085
vn 0.5580 -0.1832 0.8094
vn 0.6695 -0.2116 0.7120
vn -0.1309 -0.9426 -0.3073
vn -0.1880 0.8514 0.4896
vn -0.2434 0.9328 0.2659
vn 0.7736 0.6329 -0.0312
vn -0.7717 -0.0774 -0.6313
vn -0.1943 -0.2964 -0.9351
vn -0.1730 0.0760 -0.9820
vn 0.2479 0.7583 -0.6029
vn 0.0292 0.4289 -0.9029
vn 0.8556 -0.2622 -0.4463
vn 0.5761 -0.5776 0.5784
vn -0.2293 0.9489 0.2167
vn -0.1712 -0.2521 0.9524
vn -0.1887 0.0807 0.9787
vn -0.6000 -0.6653 -0.4443
vn 0.9958 -0.0673 0.0625
vn -0.1006 0.9740 0.2028
vn 0.3277 0.1400 0.9343
vn -0.5236 0.8226 -0.2219
vn -0.2657 0.9563 -0.1223
vn -0.0887 0.9695 -0.2284
vn -0.7522 0.5361 0.3831
vn 0.5841 -0.7878 0.1954
vn 0.6632 -0.6490 0.3729
vn 0.5558 -0.8042 0.2104
vn 0.3879 -0.3378 0.8576
vn 0.3701 -0.2753 0.8873
vn 0.4234 -0.2773 0.8625
vn 0.5705 -0.2109 0.7938
vn -0.5679 0.8202 0.0691
vn -0.7656 0.6395 0.0700
vn -0.6527 0.7576 0.0103
vn 0.1148 -0.9893 -0.0900
vn -0.1359 0.0259 0.9904
vn -0.5009 0.5872 -0.6359
vn -0.5417 0.7089 -0.4517
vn 0.7477 -0.1097 0.6550
vn -0.8240 0.4909 -0.2828
vn -0.5812 -0.5076 0.6360
vn -0.9987 -0.0134 -0.0490
vn -0.9989 -0.0356 -0.0320
vn -0.9938 0.1104 -0.0144
vn -0.6834 -0.6316 0.3662
vn 0.8757 -0.4073 0.2595
vn 0.2764 -0.6399 0.7170
vn -0.0248 -0.5090 0.8604
vn -0.6999 -0.6100 0.3715
vn 0.2709 0.8952 0.3538
vn -0.0709 0.9738 -0.2160
vn -0.2789 0.8246 -0.4921
vn -0.1720 0.3552 -0.9188
vn 0.6963 -0.5787 -0.4247
vn -0.0695 -0.7651 0.6401
vn -0.0208 -0.7477 0.6637
vn 0.8430 0.5146 0.1566
vn 0.1043 -0.9159 -0.3877
vn 0.3022 -0.2207 -0.9273
vn 0.8255 0.5097 0.2425
vn -0.3412 0.8337 -0.4341
vn 0.3370 0.8637 -0.3748
vn 0.1106 0.9484 -0.2972
vn 0.3280 0.3624 0.8724
vn 0.5969 0.3339 0.7296
vn 0.7154 0.3420 0.6092
vn -0.6988 -0.5843 0.4126
vn -0.3878 -0.7741 0.5003
vn -0.6969 0.7165 -0.0322
vn 0.1910 -0.8055 0.5610
vn 0.9380 -0.3014 -0.1715
vn 0.9575 -0.2714 -0.0980
vn 0.9795 -0.2015 0.0056
vn 0.1301 0.1721 0.9765
vn 0.3066 0.0450 0.9508
vn 0.1608 0.2715 0.9489
vn 0.6389 0.7650 0.0817
vn -0.3235 0.9232 0.2077
vn 0.6655 0.7420 0.0807
vn 0.6973 -0.5349 0.4771
vn 0.6038 -0.5946 0.5308
vn -0.6272 -0.4842 0.6100
vn -0.1887 -0.6314 0.7522
vn -0.2976 -0.1798 0.9376
vn -0.3520 0.0697 0.9334
vn 0.2839 -0.4595 0.8416
vn 0.1918 0.3527 0.9159
vn -0.2293 0.9470 0.2250
vn -0.1991 0.9485 0.2463
vn 0.5938 -0.7500 0.2914
vn -0.6426 -0.5221 -0.5608
vn 0.8296 -0.5360 0.1566
vn 0.6409 -0.6865 0.3435
vn 0.6515 -0.4946 0.5752
vn -0.5967 -0.1002 -0.7962
vn 0.6624 -0.2541 -0.7047
vn -0.2064 -0.2153 -0.9545
vn -0.3203 0.8697 0.3756
vn -0.3801 -0.6283 0.6788
vn 0.1017 -0.7346 0.6708
vn 0.1049 0.7907 -0.6032
vn -0.6292 -0.4366 0.6430
vn -0.4276 -0.4853 0.7627
vn -0.4397 -0.5317 0.7239
vn -0.6884 0.7139 0.1283
vn 0.3596 0.5650 0.7426
vn 0.2441 0.5056 0.8275
vn 0.2504 0.5172 0.8184
vn 0.8080 -0.3837 -0.4471
vn -0.4435 0.7166 -0.5383
vn 0.5235 -0.8488 -0.0742
vn 0.3661 -0.7510 0.5496
vn -0.0594 0.7579 -0.6496
vn 0.2096 0.9771 -0.0359
vn 0.3114 -0.4115 0.8566
vn 0.3555 -0.4095 0.8402
vn 0.1532 -0.8015 0.5780
vn 0.4577 -0.4479 0.7681
vn -0.0186 0.7868 -0.6170
vn 0.1350 0.8349 0.5335
vn 0.5949 0.7902 -0.1470
vn 0.2840 0.2339 0.9299
vn 0.1946 0.3043 0.9325
vn -0.2547 -0.7630 0.5941
vn 0.7597 0.2070 0.6164
vn 0.2832 -0.6384 0.7157
vn -0.8458 -0.4139 0.3367
vn 0.8288 -0.4553 0.3252
vn -0.7356 0.6696 -0.1025
vn 0.6245 -0.1334 0.7695
vn 0.7635 -0.1537 0.6272
vn -0.1151 -0.9933 -0.0127
vn -0.3137 0.9023 -0.2956
vn -0.3034 0.9383 -0.1660
vn -0.3811 0.8898 -0.2510
vn 0.3761 0.9035 0.2056
vn -0.4234 0.7621 -0.4898
vn -0.0867 -0.8140 0.5743
vn 0.1821 -0.1260 0.9752
vn 0.9130 -0.2374 -0.3317
vn -0.5274 -0.5922 -0.6092
vn -0.6115 0.7871 0.0805
vn -0.3881 -0.6307 0.6720
vn -0.3301 0.8575 0.3945
vn 0.5174 0.4755 0.7115
vn 0.4244 0.3370 0.8404
vn 0.5987 -0.1446 -0.7878
vn -0.3693 0.8349 0.4082
vn -0.3008 0.8492 0.4340
vn 0.7121 0.5013 0.4915
vn 0.0504 0.9987 -0.0041
vn -0.5841 0.8044 0.1085
vn -0.2164 0.3040 -0.9278
vn 0.3044 0.2202 -0.9268
vn 0.9783 0.2067 0.0157
vn 0.9834 0.1807 -0.0175
vn 0.3994 0.3694 0.8390
vn 0.7418 -0.2342 0.6284
vn 0.9950 -0.0887 0.0451
vn 0.9972 -0.0121 0.0739
vn -0.0932 -0.5537 0.8275
vn -0.1308 -0.6678 -0.7328
vn -0.0533 -0.8402 -0.5397
vn -0.6534 0.7402 -0.1590
vn 0.9389 0.3020 0.1653
vn -0.0731 -0.9109 -0.4061
vn -0.1584 -0.6808 -0.7152
vn 0.0290 0.9501 -0.3107
vn -0.0139 -0.3777 0.9258
vn 0.2286 -0.2389 0.9438
vn -0.6134 0.7638 -0.2011
vn -0.8223 -0.4830 -0.3009
vn -0.6835 -0.5582 -0.4704
vn -0.7134 -0.5193 0.4705
vn -0.6667 -0.7109 -0.2239
vn -0.8354 -0.4583 -0.3035
vn 0.4761 0.2231 0.8506
vn -0.0965 0.9910 0.0932
vn 0.0340 0.9171 0.3972
vn -0.1644 0.9836 0.0741
vn 0.5527 0.7332 -0.3961
vn -0.1953 -0.9723 0.1282
vn -0.4545 -0.8111 0.3681
vn -0.9465 -0.2572 -0.1949
vn 0.9551 0.2631 0.1365
vn 0.6724 -0.5565 0.4881
vn 0.2624 0.6431 0.7194
vn 0.6590 -0.6938 0.2905
vn 0.3749 -0.3394 0.8627
vn 0.2050 0.3152 0.9266
vn 0.0415 0.2686 0.9624
vn -0.6200 -0.6399 0.4540
vn -0.3430 0.0833 0.9357
vn -0.1751 -0.2192 0.9598
vn -0.3348 -0.1375 0.9322
vn 0.9228 -0.2762 -0.2686
vn 0.1932 -0.7742 0.6027
vn 0.1889 -0.7635 0.6175
vn 0.7485 0.3900 0.5363
vn -0.7088 0.7054 0.0045
vn 0.9319 0.3592 0.0497
vn 0.3927 -0.3406 0.8543
vn 0.4984 -0.8184 0.2861
vn -0.5949 0.7776 0.2036
vn -0.9636 -0.2159 -0.1579
vn 0.7610 0.6463 -0.0555
vn 0.0577 0.3851 0.9211
vn 0.2304 -0.3309 -0.9151
vn 0.1912 -0.9681 -0.1622
vn 0.8934 -0.3795 -0.2402
vn 0.5763 -0.6541 -0.4899
vn 0.2242 -0.7054 0.6724
vn 0.6665 0.0182 -0.7453
vn 0.0453 0.2256 -0.9732
vn -0.5046 -0.5792 0.6402
vn 0.1010 -0.8705 0.4818
vn 0.1071 -0.8226 0.5584
vn 0.9933 0.0245 0.1127
vn -0.1501 -0.7494 0.6449
vn 0.7859 -0.6161 0.0535
vn 0.8821 -0.4450 0.1543
vn 0.7345 -0.4918 0.4675
vn 0.7529 -0.5995 -0.2717
vn 0.8957 -0.4058 0.1817
vn -0.7640 -0.1149 -0.6349
vn 0.6213 -0.6375 0.4557
vn 0.7126 -0.6190 0.3302
vn -0.1795 0.0409 -0.9829
vn 0.5640 0.8041 0.1879
vn 0.7110 -0.6110 -0.3482
vn -0.7615 0.6397 -0.1040
vn -0.8450 0.5189 -0.1293
vn 0.8412 -0.5330 0.0913
vn 0.6186 -0.6411 0.4542
vn 0.6461 -0.5536 0.5254
vn -0.1809 0.7194 -0.6706
vn -0.0331 -0.9502 0.3100
vn -0.9980 -0.0334 -0.0533
vn -0.9975 0.0005 -0.0704
vn -0.0043 0.9977 -0.0673
vn 0.7831 0.6168 0.0800
vn -0.2421 0.8701 -0.4294
vn 0.8435 -0.5241 0.1178
vn 0.6489 -0.7168 0.2553
vn -0.5384 -0.6549 0.5303
vn 0.7828 0.6039 0.1499
vn -0.2385 0.7388 -0.6303
vn 0.8316 0.0220 -0.5549
vn 0.7476 -0.3504 -0.5642
vn 0.6695 0.0215 -0.7425
vn 0.5930 -0.3600 -0.7203
vn -0.8612 0.4601 -0.2159
vn 0.5370 0.2638 -0.8013
vn 0.2762 0.2941 -0.9150
vn 0.2974 0.2071 -0.9320
vn 0.7756 -0.0707 -0.6273
vn 0.5369 -0.7115 0.4533
vn 0.4860 -0.7140 0.5040
vn 0.6899 -0.5095 -0.5142
vn -0.7037 -0.7084 -0.0554
vn -0.7141 -0.6333 -0.2983
vn 0.7682 0.6337 -0.0911
vn 0.7749 0.6267 -0.0828
vn 0.5621 -0.6390 0.5250
vn -0.7527 -0.2756 -0.5980
vn 0.9796 -0.0656 -0.1899
vn 0.9281 0.0989 -0.3589
vn 0.7536 0.5623 0.3404
vn 0.0764 0.7940 -0.6032
vn 0.0255 0.7917 -0.6103
vn -0.6582 -0.6017 -0.4525
vn -0.2689 0.0326 -0.9626
vn -0.4276 -0.3795 -0.8205
vn -0.8817 -0.2294 -0.4122
vn -0.1707 0.0933 -0.9809
vn -0.1536 0.9481 -0.2784
vn 0.6403 -0.6254 0.4461
vn 0.5737 -0.5725 0.5858
vn 0.2004 -0.8176 0.5399
vn 0.0970 -0.7409 0.6645
vn 0.0102 0.8554 -0.5178
vn -0.1496 0.8717 -0.4667
vn -0.5582 -0.7165 -0.4184
vn -0.8230 -0.5257 -0.2150
vn 0.8911 -0.1368 0.4327
vn -0.0525 -0.3719 0.9268
vn -0.4970 0.2222 -0.8388
vn -0.0250 -0.5254 0.8505
vn -0.5971 -0.6995 0.3927
vn -0.6914 -0.6270 0.3589
vn 0.4697 -0.7628 0.4444
vn 0.9640 0.1499 0.2195
vn 0.7677 -0.4021 0.4989
vn 0.7669 0.4717 0.4352
vn -0.4103 -0.6703 0.6184
vn -0.3599 -0.7417 0.5660
vn 0.0669 0.6614 -0.7470
vn -0.6894 0.7205 0.0754
vn 0.6198 -0.4721 0.6269
vn -0.7943 -0.6032 0.0724
vn 0.0102 0.8796 -0.4756
vn -0.0318 -0.9647 0.2614
vn -0.1431 -0.7592 0.6349
vn -0.6513 -0.4866 -0.5822
vn -0.6492 -0.4621 -0.6042
vn -0.6164 -0.5106 -0.5994
vn -0.6137 0.7843 0.0910
vn 0.3147 0.3501 0.8823
vn 0.6035 0.7933 -0.0803
vn -0.0194 -0.9982 0.0573
vn -0.4911 -0.8460 -0.2074
vn -0.8317 -0.4361 0.3436
vn -0.3750 0.8728 -0.3125
vn 0.6877 -0.5798 0.4370
vn 0.3709 -0.7466 0.5523
vn 0.7915 0.5793 0.1947
vn 0.7746 0.6007 0.1976
vn 0.3136 0.5894 0.7445
vn 0.9290 -0.2326 -0.2877
vn 0.9936 0.0468 -0.1025
vn 0.9570 0.2782 -0.0823
vn 0.1809 -0.9704 0.1601
vn -0.6891 -0.6946 0.2065
vn -0.4825 0.8215 -0.3037
vn 0.6253 -0.6685 -0.4027
vn 0.9964 0.0705 0.0468
vn 0.9714 0.2010 0.1268
vn -0.1331 0.8977 -0.4201
vn 0.6391 0.4018 0.6559
vn -0.2210 -0.7406 0.6345
vn -0.1139 -0.7072 0.6978
vn -0.3271 0.5148 0.7925
vn -0.9791 -0.1787 -0.0973
vn 0.0605 0.8293 -0.5555
vn 0.0118 0.7843 -0.6203
vn 0.1761 -0.7742 0.6080
vn -0.9320 -0.1089 -0.3457
vn -0.8834 0.0612 -0.4647
vn -0.7892 -0.2948 -0.5388
vn 0.5458 -0.3107 -0.7782
vn 0.2793 0.9370 -0.2100
vn 0.6260 0.7729 -0.1034
vn 0.9422 0.2345 0.2394
vn -0.0425 -0.9968 -0.0680
vn -0.9555 0.2611 0.1370
vn 0.9567 -0.1794 -0.2291
vn -0.9082 0.1446 0.3928
vn 0.7793 0.4280 0.4577
vn 0.7660 0.4673 0.4414
vn -0.9574 -0.2698 0.1024
vn -0.0614 -0.7748 0.6293
vn -0.4695 0.7754 0.4224
vn 0.6424 -0.1961 -0.7409
vn 0.3194 -0.2660 -0.9095
vn 0.0309 0.7942 -0.6069
vn 0.9872 0.1589 -0.0157
vn -0.5902 0.7025 -0.3977
vn -0.6518 0.6472 -0.3953
vn 0.2575 -0.2075 0.9437
vn 0.9931 -0.1126 0.0311
vn -0.6673 -0.6856 0.2910
vn -0.2995 0.8530 -0.4274
vn 0.8140 0.5323 0.2324
vn 0.3543 0.9334 0.0567
vn 0.3103 -0.6959 0.6477
vn -0.4796 -0.8540 0.2015
vn -0.5833 -0.7007 0.4108
vn -0.7140 -0.5809 0.3908
vn 0.1391 -0.8940 -0.4260
vn 0.3341 -0.8387 -0.4301
vn 0.7835 0.5115 0.3529
vn 0.7825 0.6136 0.1059
vn 0.7823 0.6134 0.1087
vn -0.7577 -0.6182 0.2092
vn 0.4758 -0.8517 -0.2197
vn -0.5749 0.8142 0.0815
vn 0.5367 -0.7037 0.4656
vn 0.5541 -0.7263 0.4067
vn 0.5870 -0.3151 -0.7457
vn 0.6872 -0.6830 0.2476
vn 0.5446 -0.8089 0.2216
vn -0.5118 -0.6471 0.5651
vn -0.5963 0.3816 0.7063
vn -0.0860 -0.7083 0.7007
vn -0.3507 0.3352 -0.8744
vn -0.3207 -0.8844 -0.3390
vn -0.7532 -0.5018 -0.4254
vn -0.7000 -0.5434 -0.4634
vn 0.6628 -0.6581 0.3573
vn 0.6063 -0.7284 0.3193
vn 0.6389 -0.6603 0.3946
vn -0.4588 0.8769 -0.1434
vn -0.4206 0.9046 -0.0694
vn 0.3332 0.5409 0.7723
vn -0.4253 -0.8817 0.2043
vn -0.4853 -0.8743 -0.0048
vn 0.9230 -0.3682 -0.1117
vn 0.1971 0.4894 0.8495
vn 0.2285 0.6020 0.7651
vn -0.4322 0.8918 0.1335
vn 0.3549 -0.0308 0.9344
vn 0.7892 0.5449 0.2832
vn 0.7901 0.6120 0.0339
vn 0.8032 0.5927 0.0596
vn 0.8746 -0.3392 -0.3463
vn -0.0030 -0.9999 0.0111
vn -0.5556 0.8035 -0.2138
vn -0.4609 0.8509 -0.2519
vn -0.4508 0.8858 -0.1100
vn 0.2749 0.9589 -0.0699
vn 0.6810 -0.7065 0.1927
vn 0.2663 -0.9611 0.0734
vn -0.3146 0.8282 -0.4637
vn -0.2905 0.8314 -0.4737
vn -0.1474 0.9418 -0.3021
vn 0.8427 -0.5373 0.0347
vn 0.5246 -0.7304 0.4373
vn 0.4739 -0.8760 0.0893
vn 0.1430 -0.7610 0.6328
vn 0.0367 -0.7706 0.6362
vn 0.9879 0.0889 -0.1270
vn 0.9878 0.1381 -0.0721
vn -0.4128 -0.6515 0.6365
vn -0.5635 -0.4676 0.6810
vn 0.7665 0.6363 0.0874
vn 0.5167 -0.8062 -0.2882
vn -0.8068 0.5340 0.2530
vn -0.6976 0.7082 0.1090
vn -0.6466 0.7587 0.0791
vn -0.6258 -0.3984 -0.6705
vn -0.1885 0.7789 0.5982
vn 0.4936 -0.8646 0.0934
vn -0.4320 -0.6936 0.5764
vn 0.4775 -0.8426 0.2491
vn -0.1428 -0.9241 -0.3546
vn 0.7923 0.6002 0.1091
vn -0.5597 -0.7153 0.4184
vn -0.7457 0.6574 0.1085
vn -0.6473 0.7595 0.0639
vn -0.1996 0.9799 -0.0021
vn 0.1797 -0.9792 -0.0939
vn 0.1864 -0.9789 -0.0837
vn -0.5750 -0.4015 0.7129
vn -0.6182 -0.4261 0.6606
vn -0.8134 -0.3491 -0.4653
vn 0.1115 0.8082 -0.5782
vn 0.4620 0.1226 0.8784
vn 0.2109 0.9732 0.0917
vn -0.4709 0.8021 0.3673
vn -0.7738 0.5458 0.3213
vn -0.2044 0.9780 -0.0427
vn -0.7633 0.6416 -0.0753
vn 0.4739 -0.2608 0.8411
vn 0.1302 -0.9123 0.3883
vn -0.8595 -0.4362 -0.2665
vn -0.0428 -0.8179 0.5737
vn 0.8056 0.5549 0.2077
vn 0.8009 0.5080 0.3170
vn 0.7312 0.5845 0.3517
vn 0.1578 -0.7303 0.6646
vn -0.8437 -0.4415 -0.3055
vn 0.2056 0.9713 0.1194
vn 0.9777 0.0218 0.2089
vn 0.8568 0.2405 0.4561
vn -0.3742 -0.7219 0.5821
vn 0.7989 0.5800 0.1592
vn 0.3438 -0.2835 0.8952
vn 0.2710 -0.4082 0.8717
vn 0.7821 -0.3675 -0.5033
vn 0.9305 0.2622 0.2559
vn -0.6445 -0.2638 -0.7176
vn -0.4247 -0.0769 -0.9021
vn 0.8341 -0.0246 -0.5511
vn 0.1722 0.1464 0.9741
vn 0.0071 -0.3315 0.9434
vn 0.5784 -0.5531 0.5996
vn 0.2469 0.6961 0.6742
vn 0.1817 0.2042 0.9619
vn 0.4131 0.0075 0.9107
vn -0.5848 -0.7794 0.2247
vn 0.0586 0.7622 0.6447
vn -0.1421 0.9767 -0.1608
vn 0.3666 -0.2883 0.8846
vn 0.4952 -0.3650 0.7884
vn 0.9210 0.1504 -0.3594
vn 0.4275 -0.8930 -0.1408
vn -0.1619 0.1537 0.9748
vn -0.2686 0.2433 0.9320
vn -0.0905 0.2261 0.9699
vn -0.1178 0.9930 0.0068
vn 0.6636 -0.5634 0.4921
vn 0.2164 0.3319 0.9182
vn 0.2666 -0.5789 0.7706
vn 0.8729 0.1260 0.4714
vn 0.4664 0.0898 -0.8800
vn 0.6329 -0.5255 -0.5687
vn 0.7705 -0.5422 -0.3353
vn 0.8641 -0.3220 -0.3869
vn 0.9867 0.0941 -0.1326
vn -0.1381 0.9349 -0.3269
vn -0.2678 0.9609 0.0704
vn 0.8504 -0.4615 0.2526
vn 0.8091 -0.5112 0.2901
vn 0.8396 -0.4721 0.2685
vn -0.9594 0.0198 0.2813
vn 0.7790 0.6256 0.0425
vn -0.0106 -0.7589 0.6511
vn -0.8438 -0.1665 -0.5102
vn -0.7246 -0.2164 -0.6543
vn -0.0710 0.9901 -0.1209
vn -0.0853 0.9416 -0.3256
vn -0.0667 0.8440 -0.5322
vn -0.1094 0.5426 -0.8329
vn 0.7942 0.6049 -0.0570
vn -0.8628 0.4903 -0.1232
vn 0.1116 -0.7897 0.6032
vn 0.6517 -0.7494 0.1172
vn 0.5346 -0.8044 0.2590
vn 0.4613 -0.7691 0.4424
vn 0.1641 -0.7376 0.6550
vn 0.5905 -0.8062 -0.0371
vn 0.2830 0.2674 -0.9211
vn 0.1961 -0.7696 0.6077
vn 0.9019 0.4274 -0.0628
vn 0.9318 0.2323 0.2788
vn 0.9974 -0.0555 0.0455
vn -0.8554 -0.4094 0.3173
vn 0.8477 0.2527 -0.4664
vn 0.7343 -0.2356 0.6366
vn 0.5979 -0.6418 0.4802
vn 0.6499 -0.6574 0.3815
vn 0.5411 -0.8402 0.0346
vn -0.0076 -0.7315 0.6818
vn 0.7052 -0.5197 0.4823
vn -0.1243 -0.6197 -0.7750
vn 0.6996 0.6150 0.3638
vn 0.7070 0.6141 0.3507
vn -0.0257 -0.7576 0.6522
vn -0.0550 -0.7406 0.6697
vn -0.9909 -0.1148 0.0704
vn -0.5897 -0.6500 -0.4793
vn 0.4075 0.6484 0.6430
vn 0.3343 0.6148 0.7143
vn -0.6061 0.7805 -0.1531
vn 0.5596 -0.8139 -0.1563
vn -0.5518 0.4245 -0.7179
vn 0.3032 -0.3631 0.8811
vn 0.2650 -0.3808 0.8859
vn -0.9813 0.0936 0.1684
vn 0.5594 -0.2151 -0.8005
vn 0.2798 -0.2036 0.9382
vn -0.7178 -0.5721 -0.3969
vn 0.6121 -0.5357 0.5817
vn 0.4460 -0.7980 0.4053
vn -0.0232 -0.9928 -0.1174
vn -0.7818 -0.4252 -0.4560
vn -0.3300 -0.9154 -0.2305
vn -0.1068 0.9907 0.0848
vn 0.2400 -0.2672 0.9333
vn 0.3362 -0.3038 0.8915
vn -0.3164 0.8790 0.3568
vn -0.1455 -0.7975 0.5855
vn -0.7670 -0.4410 -0.4662
vn -0.0435 -0.0164 -0.9989
vn -0.5430 0.7886 0.2885
vn -0.4750 0.7941 0.3792
vn -0.4732 0.8112 0.3436
vn 0.5170 0.4782 0.7099
vn 0.5173 0.4713 0.7143
vn 0.8296 -0.2240 -0.5114
vn -0.7166 -0.1888 -0.6715
vn 0.5038 -0.8299 -0.2397
vn -0.6796 0.7245 0.1153
vn -0.6674 0.7401 0.0828
vn 0.3547 -0.0496 0.9336
vn 0.2727 -0.6883 0.6722
vn -0.5855 -0.6919 0.4224
vn 0.9106 -0.3778 -0.1672
vn 0.2388 0.4658 0.8521
vn -0.2387 -0.1846 -0.9534
vn -0.2153 0.0395 -0.9757
vn 0.1847 -0.9683 -0.1679
vn 0.4076 -0.9015 -0.1456
vn -0.5494 -0.7024 0.4525
vn 0.2334 0.7002 -0.6747
vn -0.0720 -0.6212 0.7803
vn 0.1585 0.1554 0.9751
vn 0.7705 0.6301 0.0967
vn -0.7086 -0.5073 -0.4905
vn 0.1960 -0.7937 0.5758
vn 0.8100 0.5852 -0.0373
vn -0.6468 -0.6058 0.4633
vn -0.6558 0.7339 -0.1771
vn 0.7232 -0.4402 0.5322
vn -0.6625 0.7491 -0.0005
vn -0.1655 0.8680 0.4682
vn -0.4173 0.8051 0.4215
vn 0.6630 -0.5984 0.4498
vn 0.6231 -0.5028 0.5991
vn 0.6828 -0.4773 0.5532
vn -0.6930 0.7169 0.0760
vn 0.5110 -0.7376 0.4413
vn -0.8316 -0.0467 -0.5534
vn -0.7623 -0.4266 -0.4868
vn -0.3641 0.1340 0.9217
vn 0.4632 -0.4878 0.7399
vn 0.0752 0.3048 -0.9494
vn 0.6420 -0.4487 0.6218
vn 0.3372 0.4466 -0.8288
vn -0.7453 -0.5865 -0.3170
vn -0.7542 -0.5811 -0.3057
vn -0.9788 -0.2046 0.0134
vn -0.3403 0.8671 0.3637
vn 0.7348 -0.6515 -0.1887
vn -0.7517 -0.1991 -0.6288
vn -0.2982 0.8845 0.3587
vn -0.3037 0.8809 0.3630
vn -0.2979 0.8870 0.3529
vn -0.0198 0.9507 -0.3096
vn 0.7995 -0.0939 -0.5932
vn 0.9763 0.1826 0.1159
vn 0.6504 -0.7400 -0.1715
vn -0.7508 -0.5653 -0.3416
vn 0.3489 0.0475 0.9359
vn 0.8358 -0.2116 -0.5066
vn 0.8883 -0.3709 -0.2711
vn 0.5832 -0.7204 0.3754
vn -0.3499 -0.8526 0.3881
vn -0.2295 -0.9720 0.0495
vn 0.7911 0.6015 0.1113
vn 0.7668 0.6407 0.0381
vn -0.7496 -0.4982 -0.4357
vn -0.9845 0.1178 -0.1297
vn 0.7814 0.6232 -0.0334
vn 0.5390 -0.5755 0.6150
vn -0.4307 -0.3905 -0.8137
vn -0.2576 -0.7161 0.6487
vn -0.7887 -0.2284 -0.5708
vn -0.7060 0.6960 0.1309
vn -0.8953 0.0797 0.4384
vn -0.3331 -0.3830 -0.8616
vn -0.0626 0.3309 -0.9416
vn 0.0093 0.4931 -0.8699
vn -0.5141 0.8414 0.1667
vn 0.6413 -0.3653 -0.6747
vn -0.5954 -0.6165 0.5152
vn 0.2414 -0.9695 0.0425
vn -0.3562 0.7787 -0.5165
vn -0.5786 0.3380 0.7423
vn -0.2741 0.9244 0.2653
vn -0.2175 0.0161 -0.9759
vn -0.1544 0.9750 0.1599
vn 0.7539 -0.3568 0.5516
vn 0.5614 -0.7045 0.4342
vn 0.6615 -0.7082 0.2468
vn 0.5836 -0.7285 0.3589
vn 0.5112 -0.8383 0.1895
vn 0.5009 -0.8349 0.2283
vn 0.3187 -0.1702 0.9325
vn -0.2400 -0.8531 0.4632
vn -0.1220 -0.7099 0.6936
vn -0.3342 -0.5783 -0.7442
vn -0.2125 0.0355 -0.9765
vn 0.0819 -0.8634 0.4978
vn -0.4301 -0.9008 0.0603
vn 0.1125 0.2310 -0.9664
vn 0.6096 -0.6317 0.4789
vn 0.8406 -0.5211 -0.1479
vn -0.7005 -0.5048 -0.5044
vn 0.1063 0.9837 -0.1447
vn 0.3348 0.7903 -0.5132
vn 0.0696 0.9973 -0.0220
vn -0.7121 -0.6098 0.3480
vn 0.7728 -0.0756 -0.6302
vn 0.4041 -0.3656 0.8384
vn 0.2317 -0.1805 0.9559
vn 0.3521 -0.4363 0.8280
vn 0.2427 -0.6925 0.6794
vn 0.1277 -0.9885 0.0809
vn 0.9263 -0.0413 -0.3745
vn 0.7889 0.6061 0.1017
vn -0.6586 0.7447 0.1078
vn 0.7936 -0.6044 0.0702
vn -0.4043 0.7814 -0.4754
vn -0.2954 0.8871 0.3546
vn -0.2945 0.8853 0.3599
vn -0.6195 -0.6207 -0.4805
vn -0.4881 -0.8263 0.2809
vn 0.7931 0.5083 0.3356
vn 0.5966 -0.6059 0.5262
vn -0.7539 -0.3057 -0.5815
vn -0.9698 0.0846 -0.2289
vn -0.0831 -0.4420 0.8932
vn 0.2949 0.4538 0.8409
vn 0.3895 0.4060 0.8267
vn 0.4627 -0.8008 0.3804
vn -0.1583 -0.9758 -0.1509
vn -0.3033 -0.8317 -0.4652
vn 0.8102 -0.5382 0.2322
vn 0.2553 -0.7176 0.6479
vn -0.6178 -0.4337 0.6560
vn 0.1691 -0.7891 0.5905
vn -0.1097 0.0792 -0.9908
vn 0.5573 0.4314 0.7095
vn 0.9636 0.2673 -0.0017
vn -0.4318 0.8043 0.4083
vn -0.9553 -0.2756 0.1069
vn -0.2801 0.8787 0.3866
vn -0.2789 0.8784 0.3882
vn -0.4249 -0.6405 0.6397
vn -0.7628 -0.0765 -0.6420
vn -0.4625 -0.8012 0.3798
vn -0.7126 0.5320 -0.4574
vn 0.7531 -0.3789 0.5378
vn -0.4105 -0.7694 0.4895
vn 0.2993 -0.3862 0.8725
vn -0.2212 -0.6972 0.6818
vn -0.6096 -0.5251 0.5939
vn 0.9793 0.1405 0.1458
vn 0.7828 0.6060 0.1415
vn -0.9944 0.1050 -0.0155
vn 0.2765 -0.7122 0.6452
vn 0.6456 -0.4816 0.5927
vn 0.7889 0.4536 0.4147
vn 0.9023 0.0775 -0.4240
vn 0.7083 -0.5219 0.4754
vn 0.7501 0.5888 0.3011
vn 0.0683 -0.1796 0.9814
vn 0.6181 0.7796 0.1008
vn 0.3855 0.8818 0.2718
vn -0.7450 -0.5717 -0.3438
vn 0.0320 0.4429 -0.8960
vn -0.1924 -0.9801 0.0487
vn -0.2916 -0.9437 -0.1562
vn -0.6615 -0.6690 -0.3391
vn 0.1445 -0.1111 0.9832
vn -0.0815 -0.1600 0.9837
vn 0.7420 0.5618 0.3658
vn -0.1027 0.5593 -0.8226
vn -0.6355 -0.5597 0.5319
vn 0.0298 -0.0837 0.9960
vn -0.1788 0.0194 -0.9837
vn 0.4078 -0.3209 0.8548
vn -0.3133 -0.1900 -0.9305
vn -0.2233 0.0142 -0.9747
vn 0.7773 0.6278 0.0396
vn -0.6961 0.7091 0.1123
vn -0.4536 -0.5806 0.6761
vn 0.7888 0.6142 -0.0214
vn 0.2849 0.4265 -0.8585
vn -0.0066 0.4086 -0.9127
vn -0.0327 -0.4327 0.9010
vn 0.9551 0.2829 0.0884
vn 0.5449 -0.8101 -0.2165
vn 0.7539 0.5831 0.3027
vn -0.0136 -0.1749 0.9845
vn 0.3131 0.6861 0.6567
vn 0.7790 -0.3363 0.5292
vn -0.1995 -0.6005 0.7743
vn 0.5158 -0.6789 0.5226
vn -0.0068 0.9212 -0.3890
vn 0.1093 0.9688 -0.2223
vn -0.7975 -0.4924 -0.3487
vn -0.9720 0.1993 -0.1242
vn 0.8825 -0.3537 -0.3102
vn 0.7816 0.6189 0.0784
vn 0.6375 0.5147 0.5733
vn 0.1180 -0.7100 0.6942
vn -0.7749 -0.2704 0.5713
vn -0.6084 -0.5594 0.5629
vn -0.5052 -0.6337 0.5858
vn -0.1585 0.9041 -0.3969
vn 0.7773 0.5989 0.1927
vn 0.7727 0.6008 0.2049
vn -0.7682 -0.5476 -0.3318
vn -0.9672 -0.2458 0.0642
vn -0.9681 -0.2330 0.0921
vn -0.9493 -0.3108 -0.0473
vn 0.8417 0.5037 0.1946
vn 0.2700 -0.6900 0.6715
vn 0.2352 -0.7393 0.6309
vn 0.3212 -0.9462 -0.0390
vn 0.2128 -0.9760 0.0459
vn 0.7072 0.2074 0.6759
vn -0.1529 0.3010 -0.9413
vn -0.5727 -0.7913 0.2142
vn 0.0136 0.7247 -0.6890
vn -0.6177 -0.7237 0.3078
vn -0.1001 0.9332 -0.3450
vn -0.6125 0.7422 0.2722
vn -0.6811 0.7146 0.1596
vn 0.3644 -0.8640 0.3474
vn 0.7761 0.6281 -0.0563
vn -0.6078 -0.7261 0.3215
vn -0.7208 -0.6140 0.3216
vn 0.3639 -0.7379 0.5685
vn -0.4166 -0.8507 0.3205
vn 0.3275 0.0877 0.9408
vn 0.8611 -0.2673 -0.4326
vn 0.9639 -0.1657 -0.2084
vn 0.1218 0.4870 0.8649
vn 0.0922 0.6649 0.7412
vn 0.2373 0.5688 0.7875
vn 0.4541 -0.8666 0.2067
vn 0.0886 0.7273 -0.6805
vn 0.0692 0.8442 -0.5316
vn 0.1685 0.8079 -0.5647
vn 0.6685 -0.6735 -0.3155
vn 0.5431 -0.6969 0.4683
vn 0.0388 -0.9991 -0.0173
vn -0.3278 -0.9445 0.0195
vn -0.4158 -0.8826 0.2193
vn -0.2743 -0.9610 0.0339
vn 0.1053 0.5424 -0.8335
vn 0.5006 -0.8574 -0.1192
vn 0.6299 -0.7572 -0.1726
vn 0.6176 -0.7846 -0.0543
vn 0.5365 -0.8422 0.0536
vn -0.2957 -0.7817 0.5491
vn -0.2614 -0.7929 0.5505
vn -0.6519 0.7491 0.1179
vn -0.3219 0.8345 0.4473
vn 0.5857 -0.7466 0.3155
vn -0.5452 -0.7453 0.3838
vn -0.0732 -0.9676 0.2416
vn -0.7036 -0.6128 0.3599
vn -0.0651 -0.9839 0.1667
vn 0.1339 0.5705 -0.8103
vn 0.0984 0.9361 -0.3377
vn -0.3229 0.0715 0.9437
vn 0.5986 -0.6433 0.4773
vn -0.9786 -0.2013 -0.0417
vn -0.2916 0.8885 0.3544
vn -0.2910 0.8881 0.3557
vn -0.2325 -0.4642 0.8546
vn 0.6762 -0.6611 -0.3252
vn -0.7724 0.0143 -0.6350
vn 0.3786 -0.7311 0.5676
vn 0.4204 -0.6647 0.6176
vn 0.7425 0.5034 0.4419
vn -0.8283 -0.4355 -0.3524
vn 0.6016 -0.2992 -0.7406
vn 0.6106 -0.2923 -0.7360
vn 0.6078 -0.2449 -0.7554
vn -0.2063 -0.7289 0.6528
vn -0.2040 -0.6718 0.7121
vn 0.9962 -0.0810 -0.0323
vn -0.4571 0.8507 -0.2597
vn -0.5920 0.7855 -0.1804
vn -0.4726 0.8481 -0.2395
vn 0.7602 -0.3550 0.5442
vn 0.1863 0.9647 -0.1862
vn -0.4038 -0.6306 0.6628
vn 0.5763 -0.7554 0.3118
vn 0.5452 -0.5155 0.6611
vn -0.2717 0.2344 0.9334
vn -0.0295 -0.8882 0.4585
vn -0.0610 -0.8704 0.4885
vn 0.0017 -0.8593 0.5115
vn 0.3156 0.3589 0.8784
vn -0.7204 -0.5428 -0.4318
vn -0.7387 -0.5331 -0.4124
vn -0.7056 0.7049 -0.0730
vn -0.7065 0.6977 -0.1187
vn 0.5324 -0.7174 0.4492
vn 0.7834 -0.4693 0.4075
vn 0.6899 -0.4254 0.5857
vn 0.5572 -0.6952 0.4541
vn -0.8603 0.0426 0.5080
vn -0.0273 -0.0361 -0.9990
vn 0.7331 -0.2469 -0.6338
vn 0.8401 -0.4604 -0.2868
vn -0.6384 -0.6540 0.4059
vn 0.8074 0.2836 0.5174
vn 0.7443 0.5660 0.3545
vn 0.5319 -0.8460 -0.0361
vn 0.1402 0.8708 -0.4712
vn 0.1032 0.9285 -0.3566
vn 0.1619 0.8857 -0.4351
vn -0.4200 -0.8918 0.1681
vn -0.6878 0.7253 0.0278
vn -0.3069 0.8857 0.3485
vn -0.1404 -0.7692 0.6234
vn -0.6632 0.7471 0.0449
vn -0.6955 -0.5049 -0.5113
vn -0.7457 -0.5013 -0.4390
vn -0.3934 0.8359 0.3829
vn 0.7821 -0.3649 -0.5051
vn 0.6554 0.7013 0.2803
vn 0.1572 -0.9813 0.1113
vn 0.0619 0.7476 -0.6612
vn 0.9252 -0.3732 -0.0682
vn 0.9898 -0.1225 0.0731
vn -0.3010 0.8379 -0.4553
vn -0.8350 -0.4465 -0.3215
vn 0.0820 -0.6347 0.7684
vn -0.9905 0.1313 -0.0400
vn 0.8132 0.4909 0.3126
vn 0.7923 0.5175 0.3233
vn -0.6367 -0.6755 -0.3719
vn 0.9407 -0.2941 -0.1690
vn 0.0144 -0.7166 0.6973
vn 0.7386 -0.6495 -0.1805
vn 0.0376 -0.6783 0.7339
vn -0.0821 -0.7365 0.6714
vn 0.8063 0.4979 0.3194
vn 0.2809 -0.9597 0.0112
vn 0.5050 -0.4132 0.7578
vn 0.3829 0.0200 0.9236
vn -0.5422 -0.4890 0.6832
vn -0.4477 -0.6225 0.6419
vn 0.5602 -0.5548 0.6151
vn -0.8620 0.0995 0.4971
vn -0.6521 0.6726 -0.3499
vn -0.7475 0.6334 -0.2001
vn -0.0343 0.9959 -0.0831
vn 0.9908 0.0613 -0.1209
vn -0.7362 -0.5305 -0.4201
vn -0.1277 0.9095 0.3956
vn 0.4665 -0.7596 0.4532
vn 0.3653 -0.7460 0.5568
vn -0.3180 0.9061 0.2791
vn -0.3420 0.8909 0.2990
vn 0.1149 0.5785 0.8075
vn -0.4304 0.9001 0.0672
vn -0.3610 0.9326 -0.0009
vn 0.7638 0.5316 0.3660
vn 0.7598 0.6046 0.2392
vn 0.2008 -0.7739 0.6006
vn 0.1973 -0.7625 0.6162
vn 0.2698 0.4104 0.8711
vn -0.7157 0.6863 0.1291
vn -0.3081 -0.5418 -0.7820
vn 0.6170 -0.2556 -0.7443
vn 0.6717 -0.5373 -0.5099
vn 0.6030 -0.2038 -0.7713
vn 0.5553 -0.1043 -0.8251
vn 0.5503 -0.1492 -0.8215
vn 0.0975 -0.9940 -0.0486
vn 0.1160 -0.9928 -0.0293
vn -0.0131 0.6589 0.7522
vn -0.6740 0.7361 -0.0620
vn -0.2812 -0.1996 -0.9387
vn 0.7568 0.5527 0.3490
vn 0.9853 0.1597 0.0600
vn 0.9549 0.2240 0.1950
vn -0.6612 0.7360 0.1454
vn -0.3841 0.8193 0.4257
vn -0.7041 0.6838 -0.1915
vn -0.0918 0.4816 -0.8716
vn 0.6821 -0.6765 0.2775
vn 0.7183 0.4937 0.4902
vn 0.2061 0.3083 0.9287
vn 0.5150 -0.0139 0.8571
vn -0.8148 -0.5087 -0.2780
vn -0.3132 -0.9470 0.0711
vn -0.4755 -0.5320 0.7006
vn -0.2749 -0.0451 -0.9604
vn 0.7864 0.6177 0.0087
vn 0.3518 -0.1980 -0.9149
vn 0.7673 -0.6399 -0.0412
vn 0.5754 -0.6280 -0.5240
vn 0.5593 -0.5703 -0.6016
vn 0.5958 -0.4886 -0.6374
vn -0.0537 0.7564 -0.6519
vn 0.2817 0.2126 -0.9357
vn -0.2786 0.9522 -0.1254
vn -0.4627 0.8805 0.1034
vn 0.9859 -0.1676 0.0003
vn 0.5640 -0.7081 0.4248
vn 0.3073 0.2791 0.9098
vn -0.6761 0.7368 -0.0036
vn -0.1018 -0.9711 0.2157
vn 0.7737 -0.0686 -0.6298
vn -0.2394 0.0757 0.9680
vn 0.7589 0.6477 0.0669
vn 0.7475 0.6609 0.0665
vn 0.6639 -0.6426 0.3826
vn 0.7062 -0.6328 0.3175
vn -0.7266 -0.3308 0.6021
vn 0.6449 0.6141 0.4548
vn -0.1795 -0.3197 0.9304
vn -0.8788 0.0878 -0.4691
vn -0.9386 0.1630 -0.3040
vn 0.7809 0.6136 0.1170
vn 0.8126 -0.3164 -0.4894
vn -0.2565 -0.4213 -0.8699
vn -0.2113 -0.7232 0.6576
vn 0.6192 -0.7735 0.1355
vn 0.7258 -0.4817 0.4911
vn -0.2793 -0.7685 0.5757
vn 0.6853 -0.4082 0.6031
vn 0.5089 -0.7064 0.4919
vn -0.0986 0.9695 -0.2245
vn -0.1669 -0.8622 0.4783
vn -0.3061 -0.8610 0.4061
vn -0.2059 -0.8323 0.5147
vn 0.0985 0.8761 -0.4719
vn 0.6898 -0.6767 -0.2574
vn -0.7430 0.6578 0.1231
vn 0.4294 -0.0381 0.9023
vn 0.4919 -0.3880 0.7794
vn 0.6473 -0.3841 0.6584
vn -0.6096 -0.6114 -0.5046
vn 0.0864 0.2933 -0.9521
vn 0.0743 0.3810 -0.9216
vn 0.2633 0.4912 -0.8303
vn -0.7490 -0.5844 -0.3121
vn -0.7465 0.6565 0.1086
vn 0.9828 0.0014 0.1846
vn 0.4926 -0.0933 0.8652
vn 0.2727 -0.2276 0.9348
vn -0.4449 -0.5942 0.6701
vn 0.7873 0.5548 0.2691
vn -0.0045 0.3546 -0.9350
vn 0.1233 0.4362 -0.8914
vn 0.7688 0.6389 -0.0278
vn -0.9815 0.1545 -0.1128
vn 0.6897 -0.6685 -0.2782
vn 0.6638 0.4941 0.5614
vn 0.7644 0.4218 0.4876
vn -0.6120 0.7736 0.1644
vn -0.1154 -0.0215 -0.9931
vn -0.1750 -0.2386 -0.9552
vn -0.9704 -0.1612 0.1797
vn -0.3291 -0.2003 -0.9228
vn 0.5539 -0.1895 0.8107
vn 0.8079 0.5722 0.1412
vn 0.4405 -0.2745 0.8548
vn -0.1795 -0.2754 -0.9444
vn 0.1533 -0.7695 0.6200
vn 0.6164 -0.5425 -0.5708
vn -0.9865 -0.0067 0.1637
vn -0.8098 0.5417 0.2255
vn 0.6770 -0.6600 -0.3257
vn -0.2718 -0.7657 0.5829
vn -0.7904 0.5307 -0.3061
vn -0.5147 0.4408 -0.7354
vn 0.7812 0.6141 0.1125
vn 0.5230 -0.7799 0.3438
vn -0.3545 0.8255 0.4392
vn 0.0978 -0.8575 0.5051
vn -0.1050 0.8843 0.4550
vn 0.6569 -0.6988 -0.2832
vn 0.2220 -0.7790 0.5864
vn 0.3424 -0.3712 0.8631
vn -0.4934 -0.6204 0.6096
vn -0.0455 -0.3854 0.9216
vn 0.6308 -0.6643 0.4009
vn -0.9973 -0.0574 -0.0456
vn 0.8026 0.5834 0.1243
vn -0.6134 -0.7078 -0.3505
vn 0.7137 -0.3872 0.5837
vn 0.7978 0.5048 0.3296
vn 0.9912 0.0526 0.1211
vn -0.2837 0.8561 0.4321
vn -0.4779 -0.4915 0.7280
vn 0.6098 -0.7026 0.3667
vn -0.0915 -0.9862 0.1382
vn 0.7510 0.6493 0.1200
vn 0.5795 0.8006 -0.1523
vn 0.6985 0.7015 0.1412
vn 0.8433 -0.4912 -0.2181
vn 0.7917 0.6078 0.0612
vn -0.1595 0.9409 0.2988
vn -0.2884 0.8847 0.3662
vn -0.3066 0.8535 0.4214
vn -0.6597 0.7515 0.0049
vn 0.6708 -0.4956 0.5517
vn 0.7233 -0.4949 0.4816
vn -0.6287 -0.5579 -0.5418
vn 0.5520 0.6737 0.4914
vn 0.4082 -0.8033 -0.4337
vn 0.3645 -0.7903 -0.4924
vn -0.6306 0.7759 -0.0200
vn 0.5500 -0.7820 0.2932
vn -0.0581 0.7997 0.5976
vn -0.3680 0.8065 0.4627
vn 0.7835 0.6048 0.1428
vn -0.7500 -0.2968 -0.5911
vn -0.9859 -0.1641 0.0317
vn 0.9665 0.1590 0.2013
vn -0.3864 0.9116 0.1401
vn 0.8018 0.5877 0.1081
vn 0.7792 0.6157 0.1172
vn 0.7818 0.6048 0.1518
vn 0.1506 -0.0418 -0.9877
vn 0.4136 0.4774 0.7753
vn 0.9167 0.1034 -0.3860
vn 0.1976 -0.7936 0.5755
vn -0.2326 -0.7453 0.6249
vn 0.7408 0.5641 0.3648
vn -0.5317 -0.8241 0.1956
vn 0.0014 0.5620 0.8271
vn 0.1201 0.7634 0.6347
vn -0.8074 -0.5814 0.1007
vn -0.8897 -0.4542 0.0471
vn -0.8643 -0.4938 0.0957
vn 0.5487 -0.7331 0.4018
vn 0.4395 -0.6503 0.6196
vn -0.7202 -0.4190 -0.5529
vn -0.7550 -0.3586 -0.5490
vn 0.7480 0.5741 -0.3329
vn -0.8684 -0.4923 -0.0589
vn -0.1995 -0.9522 0.2314
vn -0.8444 -0.5312 0.0695
vn -0.0311 -0.9841 -0.1749
vn 0.0118 -0.8330 0.5532
vn -0.6818 0.7315 -0.0093
vn -0.7995 -0.2037 -0.5650
vn -0.0096 0.6319 0.7750
vn 0.7642 0.6377 -0.0966
vn 0.7108 0.6927 0.1226
vn -0.1701 0.9330 0.3172
vn -0.6246 0.7648 -0.1583
vn -0.5423 0.4758 0.6925
vn -0.3407 -0.2381 -0.9095
vn -0.2258 0.0135 -0.9741
vn 0.5332 -0.6365 -0.5573
vn 0.8064 -0.4636 -0.3671
vn 0.5486 -0.7606 0.3471
vn 0.6404 -0.6198 0.4536
vn 0.0588 0.4580 0.8870
vn 0.6511 -0.6458 0.3988
vn -0.0363 -0.9868 0.1578
vn 0.5323 -0.8456 0.0406
vn 0.7731 0.6180 0.1431
vn -0.6406 0.7648 0.0689
vn 0.2568 0.6848 0.6820
vn 0.8030 -0.0728 -0.5915
vn 0.7772 -0.2092 -0.5935
vn 0.0510 0.8297 -0.5559
vn -0.4347 0.4780 -0.7633
vn -0.3834 0.8006 0.4604
vn -0.3685 0.5980 -0.7118
vn 0.6474 -0.1077 -0.7545
vn 0.1663 0.0580 0.9844
vn 0.8009 0.5910 0.0959
vn 0.2460 0.8097 -0.5328
vn 0.5925 -0.8009 -0.0867
vn 0.1929 -0.8418 -0.5042
vn -0.1864 -0.9795 0.0765
vn -0.7284 -0.5145 -0.4524
vn 0.7999 0.5912 0.1033
vn -0.2209 -0.0859 -0.9715
vn -0.0124 0.6185 -0.7857
vn 0.7845 -0.1300 -0.6064
vn -0.6526 -0.4357 0.6199
vn -0.0769 0.8466 -0.5267
vn -0.1000 -0.6401 -0.7617
vn 0.2203 0.6569 0.7211
vn 0.2457 0.6814 0.6894
vn 0.1160 0.6180 0.7775
vn -0.2393 0.9709 0.0062
vn -0.6740 0.7265 0.1338
vn 0.2859 -0.8625 0.4175
vn -0.0872 0.9946 -0.0558
vn 0.0543 0.8768 -0.4778
vn -0.6430 -0.7625 0.0712
vn 0.2906 -0.7308 0.6176
vn 0.7797 0.6257 0.0241
vn 0.7391 0.6714 0.0539
vn 0.3879 -0.8242 0.4125
vn 0.7249 -0.6291 0.2807
vn -0.4859 0.8436 0.2288
vn 0.5814 -0.2464 -0.7754
vn -0.0886 0.5075 -0.8571
vn -0.0964 0.6702 -0.7359
vn 0.6800 -0.5303 0.5064
vn -0.5227 -0.7706 0.3647
vn 0.5426 -0.7135 0.4433
vn -0.3664 -0.0614 0.9284
vn -0.5138 -0.4015 0.7582
vn -0.8826 0.3863 0.2680
vn -0.7089 -0.6048 -0.3628
vn 0.4895 -0.7122 0.5032
vn 0.0474 -0.1029 0.9936
vn -0.7667 -0.2606 -0.5868
vn -0.4261 -0.5813 0.6932
vn 0.9343 -0.2129 -0.2860
vn -0.7704 -0.4112 -0.4873
vn -0.7889 -0.4551 -0.4129
vn -0.5757 0.6077 0.5471
vn -0.1432 0.8174 0.5580
vn 0.3077 0.2006 -0.9301
vn 0.5881 -0.6119 0.5289
vn -0.1963 -0.2618 0.9449
vn -0.5015 -0.7604 0.4127
vn -0.2942 0.8586 -0.4198
vn 0.1324 -0.7607 0.6355
vn 0.1623 -0.7190 0.6758
vn 0.0715 -0.7887 0.6106
vn -0.4523 -0.7783 0.4355
vn -0.5961 -0.7593 -0.2610
vn -0.6737 -0.6521 -0.3477
vn 0.5339 -0.8069 -0.2528
vn -0.8048 -0.1702 -0.5686
vn 0.5601 -0.6502 0.5134
vn 0.5687 -0.6769 0.4674
vn -0.0387 -0.7115 0.7016
vn -0.4499 -0.5244 -0.7229
vn 0.9561 -0.2836 -0.0744
vn -0.1346 0.9869 -0.0890
vn 0.8672 0.4932 -0.0684
vn 0.8073 0.5902 -0.0061
vn 0.7616 -0.6130 -0.2104
vn -0.7170 -0.6011 -0.3530
vn 0.1459 0.9876 -0.0581
vn 0.5996 0.0799 -0.7963
vn 0.1486 0.3195 -0.9359
vn -0.6564 0.7493 0.0871
vn -0.6742 -0.6105 -0.4157
vn 0.2702 0.6397 0.7196
vn -0.0930 -0.9712 -0.2193
vn -0.5327 -0.6710 0.5158
vn -0.8464 0.4460 0.2910
vn -0.8776 0.4397 -0.1909
vn -0.0789 0.9103 -0.4064
vn -0.7057 0.6500 0.2820
vn -0.2791 0.8761 0.3931
vn -0.7254 -0.5732 -0.3812
vn -0.7318 -0.5425 -0.4126
vn 0.7052 -0.6685 0.2364
vn -0.7320 0.6786 -0.0615
vn -0.3616 -0.8900 -0.2777
vn -0.3176 0.8866 0.3363
vn -0.6824 0.7204 0.1239
vn -0.6255 0.7680 0.1376
vn -0.6724 0.7386 0.0478
vn -0.7158 0.6982 0.0128
vn -0.9866 -0.1631 -0.0080
vn -0.9942 0.0101 0.1075
vn -0.9982 -0.0555 -0.0214
vn 0.2688 0.7643 0.5861
vn -0.9789 0.1412 -0.1475
vn 0.6178 -0.7187 0.3189
vn 0.3032 -0.6282 0.7166
vn -0.7173 0.6957 -0.0390
vn 0.1162 -0.9183 0.3784
vn 0.3258 -0.8910 0.3162
vn 0.6644 -0.6541 0.3615
vn 0.4138 -0.7346 -0.5378
vn 0.5793 -0.5856 -0.5669
vn 0.2503 -0.6411 0.7255
vn 0.8205 0.5632 0.0976
vn 0.4705 -0.8573 -0.2092
vn 0.7359 -0.0554 -0.6748
vn 0.9301 -0.1895 0.3146
vn -0.0147 0.9045 -0.4263
vn 0.0123 -0.7879 0.6157
vn 0.6249 -0.6884 0.3681
vn 0.6804 -0.6825 0.2669
vn 0.8350 -0.0175 -0.5500
vn 0.9302 -0.1259 -0.3448
vn -0.5479 0.8229 0.1502
vn -0.7090 0.7018 -0.0695
vn -0.6417 0.7644 -0.0628
vn 0.5195 -0.8347 0.1828
vn -0.3777 0.8318 0.4066
vn -0.2410 0.9348 0.2608
vn -0.1934 0.9320 0.3064
vn 0.2225 -0.7846 0.5787
vn 0.2841 -0.7385 0.6115
vn 0.2221 -0.7728 0.5945
vn -0.8271 -0.5010 -0.2548
vn 0.5868 -0.6116 0.5307
vn 0.6184 -0.5686 -0.5424
vn -0.3800 -0.6065 0.6984
vn -0.6155 -0.4943 0.6139
vn -0.5669 -0.5439 0.6187
vn 0.7036 -0.6383 0.3122
vn 0.3502 0.9319 -0.0941
vn -0.6615 0.7412 0.1141
vn -0.6999 0.7085 0.0903
vn -0.9326 -0.0175 0.3604
vn 0.8112 0.5605 0.1667
vn -0.2536 -0.9143 0.3159
vn -0.2416 -0.9085 0.3409
vn -0.5639 0.6243 -0.5407
vn -0.7211 0.6790 0.1378
vn 0.2388 0.2432 0.9401
vn -0.6104 -0.7009 0.3691
vn 0.1886 0.7657 -0.6150
vn -0.3863 0.8319 0.3984
vn 0.0989 -0.0127 0.9950
vn -0.2518 0.9205 0.2988
vn 0.2457 0.5228 -0.8163
vn 0.5619 0.8041 0.1941
vn -0.1359 0.9158 -0.3780
vn 0.8378 -0.0845 -0.5394
vn 0.7116 0.0969 -0.6958
vn -0.7554 -0.5814 -0.3023
vn -0.1460 0.9856 -0.0856
vn 0.2123 0.5867 0.7815
vn -0.8233 -0.0316 -0.5667
vn 0.7813 0.6110 0.1277
vn 0.7455 0.4807 -0.4617
vn 0.7184 -0.3364 0.6089
vn 0.6906 -0.5631 0.4539
vn 0.1001 -0.9950 0.0072
vn 0.7738 0.4465 0.4492
vn 0.7806 0.4781 0.4026
vn 0.3652 0.9252 0.1031
vn 0.6095 -0.6969 0.3779
vn 0.7574 -0.5581 0.3390
vn -0.1382 -0.0323 -0.9899
vn 0.3868 -0.7416 0.5481
vn 0.3829 -0.7478 0.5424
vn 0.7614 0.6482 -0.0139
vn 0.4058 -0.5476 0.7318
vn -0.7427 -0.3804 -0.5511
vn -0.5314 -0.3198 -0.7844
vn -0.6342 -0.6510 0.4172
vn 0.7620 -0.3275 0.5587
vn 0.6885 -0.3907 0.6110
vn -0.5273 -0.6454 0.5526
vn -0.0681 -0.7665 0.6386
vn 0.7670 -0.6300 0.1215
vn 0.8074 -0.5718 0.1457
vn -0.1432 0.9177 -0.3706
vn -0.1145 0.9736 -0.1975
vn -0.8481 -0.4487 -0.2818
vn 0.4095 0.5214 0.7486
vn 0.7068 -0.0206 0.7071
vn -0.4309 0.8971 0.0975
vn 0.1851 -0.7884 0.5866
vn 0.6220 -0.6445 0.4447
vn -0.0294 0.9389 -0.3428
vn -0.3360 0.8371 0.4317
vn -0.2103 0.0351 -0.9770
vn -0.3640 -0.1922 -0.9113
vn 0.9263 -0.1860 0.3276
vn -0.1714 -0.4537 -0.8745
vn -0.2034 0.9790 0.0155
vn 0.5930 -0.4430 -0.6724
vn -0.5844 0.8115 0.0030
vn -0.5971 0.8011 0.0410
vn -0.1372 0.9905 0.0011
vn -0.5382 -0.5251 0.6592
vn -0.4789 -0.5420 0.6905
vn 0.4929 -0.6257 -0.6046
vn 0.0503 -0.9948 -0.0885
vn 0.3300 0.2763 0.9026
vn 0.6156 -0.5427 -0.5714
vn 0.4137 0.6482 0.6393
vn 0.2045 0.6089 0.7664
vn -0.2700 0.9619 0.0430
vn -0.3476 0.9278 0.1354
vn 0.6535 -0.3832 0.6527
vn 0.6689 -0.4227 0.6115
vn 0.6573 -0.4381 0.6132
vn 0.4746 0.6608 0.5814
vn 0.4672 0.6917 0.5507
vn -0.0237 0.8715 -0.4898
vn 0.4270 0.1628 0.8895
vn -0.8370 -0.4911 -0.2415
vn -0.4942 -0.8687 0.0327
vn -0.6897 0.7240 0.0085
vn -0.6612 0.7498 -0.0236
vn -0.4572 0.2992 0.8375
vn 0.4183 -0.7182 0.5561
vn 0.4618 0.3931 -0.7951
vn -0.2134 0.8426 -0.4944
vn 0.7169 -0.3778 0.5859
vn 0.7485 -0.3377 0.5707
vn 0.1929 -0.8100 0.5538
vn -0.2343 0.0106 -0.9721
vn 0.7870 0.6169 0.0079
vn 0.7793 0.6262 0.0261
vn 0.5461 -0.4166 -0.7267
vn -0.2064 -0.5025 0.8396
vn -0.5151 -0.6682 0.5368
vn -0.5130 -0.7107 0.4814
vn -0.6039 -0.5918 0.5338
vn -0.3213 0.8192 -0.4750
vn -0.4182 0.7324 -0.5374
vn 0.5058 -0.7407 -0.4421
vn 0.6374 -0.7048 0.3115
vn 0.5631 -0.7549 0.3363
vn -0.8097 -0.0454 -0.5851
vn 0.6604 -0.4431 -0.6063
vn 0.8942 -0.2730 -0.3549
vn -0.9783 -0.0859 -0.1888
vn -0.8877 0.4595 -0.0283
vn -0.7372 0.6749 0.0313
vn -0.1571 0.9258 0.3439
vn 0.0683 0.3550 -0.9324
vn 0.3729 0.2626 0.8899
vn 0.0418 0.9095 -0.4135
vn -0.0490 0.9847 -0.1675
vn -0.1170 -0.9491 -0.2925
vn -0.2447 -0.7328 -0.6350
vn -0.1019 -0.7049 0.7020
vn -0.1967 -0.7507 0.6307
vn -0.2001 -0.7439 0.6376
vn 0.9814 -0.0345 0.1889
vn 0.9865 -0.1469 -0.0723
vn -0.8045 -0.2046 -0.5577
vn 0.2742 0.3742 0.8859
vn 0.5150 0.0954 0.8519
vn -0.0208 0.8629 -0.5050
vn -0.0175 0.9505 -0.3103
vn 0.5558 -0.6790 0.4797
vn -0.7619 0.1106 0.6382
vn -0.6435 0.7654 0.0083
vn 0.6616 0.7297 -0.1729
vn 0.5581 -0.7842 0.2712
vn 0.4194 -0.9074 -0.0283
vn 0.0124 -0.9954 0.0946
vn -0.7329 0.6547 0.1851
vn -0.3984 -0.8024 0.4444
vn 0.9031 0.1988 -0.3807
vn 0.9730 -0.0837 -0.2151
vn 0.3955 -0.9180 -0.0276
vn -0.5564 -0.4564 0.6943
vn 0.6219 -0.3546 -0.6982
vn 0.3065 -0.8937 -0.3276
vn 0.2897 0.1005 0.9518
vn 0.0946 -0.9649 0.2448
vn 0.7752 0.5195 0.3594
vn 0.7433 0.5650 0.3582
vn -0.2024 -0.8489 -0.4883
vn -0.1853 -0.2670 0.9457
vn 0.0299 -0.1532 0.9877
vn -0.1666 0.9594 -0.2276
vn -0.7193 -0.4801 0.5020
vn 0.7738 -0.5152 -0.3686
vn -0.3945 -0.6637 0.6355
vn 0.7695 0.6348 -0.0705
vn 0.3103 -0.7678 0.5606
vn 0.2117 -0.7630 0.6108
vn -0.9791 -0.1376 0.1498
vn -0.9953 0.0756 0.0611
vn -0.0167 0.7832 -0.6215
vn -0.2066 0.7970 -0.5676
vn -0.3918 0.8727 -0.2914
vn 0.3677 0.5261 -0.7668
vn -0.0518 0.9821 -0.1810
vn 0.0306 -0.8079 0.5885
vn 0.5590 -0.7884 0.2569
vn 0.7493 -0.4015 -0.5267
vn 0.5423 0.6888 -0.4810
vn 0.8065 0.3293 -0.4911
vn -0.0810 0.1729 0.9816
vn 0.9875 0.0568 0.1470
vn -0.3819 0.9109 0.1560
vn -0.2196 0.9752 0.0276
vn -0.3888 0.8326 0.3945
vn -0.9832 -0.1456 -0.1104
vn 0.6551 -0.6936 0.2996
vn -0.4931 0.0674 0.8674
vn -0.6837 0.7207 0.1144
vn -0.0480 -0.2145 0.9756
vn 0.9388 0.3412 -0.0469
vn 0.1326 -0.6676 0.7326
vn 0.8665 -0.0037 -0.4992
vn 0.8095 0.1798 -0.5589
vn 0.9116 -0.2877 -0.2937
vn 0.6557 -0.1170 0.7459
vn -0.5635 -0.6966 0.4441
vn 0.3246 -0.4173 0.8488
vn 0.7853 0.5975 0.1619
vn 0.7420 0.4069 0.5327
vn 0.7749 0.1915 0.6023
vn -0.1407 -0.5806 -0.8020
vn 0.2175 0.7031 0.6770
vn 0.7925 0.5763 0.1995
vn 0.4261 -0.7255 0.5404
vn 0.4924 -0.7740 0.3982
vn 0.0327 0.8067 -0.5900
vn 0.7812 0.6229 0.0410
vn -0.0545 0.9110 -0.4088
vn -0.9556 -0.2789 -0.0949
vn -0.6367 0.5444 0.5461
vn 0.9499 -0.3112 0.0280
vn 0.9994 0.0106 0.0339
vn 0.9967 0.0763 0.0288
vn 0.9984 0.0138 0.0556
vn 0.0528 0.7899 -0.6110
vn -0.8825 -0.4694 0.0305
vn -0.9029 -0.4233 0.0751
vn -0.0991 -0.0943 -0.9906
vn -0.0368 0.9873 -0.1544
vn -0.6890 -0.4295 -0.5838
vn -0.7015 -0.4843 -0.5228
vn 0.9011 -0.0499 0.4307
vn -0.8964 0.0653 0.4383
vn 0.7601 0.6409 0.1073
vn -0.1505 0.4587 0.8758
vn -0.4550 -0.8227 -0.3408
vn -0.7349 0.6725 -0.0872
vn 0.8351 -0.3713 -0.4060
vn 0.8106 -0.5539 -0.1900
vn 0.1908 -0.6857 0.7025
vn 0.2917 -0.7554 0.5868
vn -0.0252 0.9805 0.1951
vn 0.9640 0.1826 -0.1933
vn 0.6668 0.6676 -0.3312
vn 0.9800 -0.0641 0.1885
vn 0.7627 0.5336 0.3654
vn 0.2219 -0.7914 0.5696
vn -0.4453 0.8102 0.3811
vn -0.5924 0.6160 -0.5192
vn -0.0234 -0.2840 0.9585
vn -0.1653 -0.1807 0.9695
vn -0.0668 -0.0691 0.9954
vn -0.0413 -0.1738 0.9839
vn 0.2348 -0.7226 0.6502
vn 0.3931 -0.8351 0.3849
vn 0.4278 -0.8247 0.3700
vn -0.0749 0.3706 -0.9258
vn -0.0198 -0.9927 -0.1191
vn 0.7257 -0.6879 0.0110
vn -0.3884 0.8652 0.3173
vn -0.1366 0.7479 0.6496
vn 0.1930 -0.7643 0.6153
vn 0.2925 0.5022 -0.8138
vn 0.8142 -0.5024 0.2909
vn -0.6121 -0.5974 0.5180
vn 0.5508 -0.6832 0.4794
vn -0.3794 0.7926 0.4773
vn 0.7427 -0.6111 0.2738
vn 0.7313 -0.0385 0.6810
vn -0.6751 0.7204 0.1591
vn 0.9878 0.0984 0.1208
vn -0.4881 -0.8525 -0.1870
vn -0.5564 -0.7976 -0.2331
vn -0.1013 -0.9934 -0.0534
vn 0.6821 -0.6777 0.2746
vn -0.4784 0.7820 0.3995
vn -0.6428 0.7613 0.0855
vn -0.1845 -0.2742 -0.9438
vn 0.5797 -0.4324 0.6906
vn -0.1592 0.3389 0.9272
vn -0.8504 0.5219 -0.0662
vn 0.3762 -0.3901 0.8404
vn 0.7892 -0.6075 0.0896
vn 0.9997 -0.0159 -0.0175
vn 0.4937 -0.6761 0.5470
vn 0.7768 0.6070 0.1679
vn 0.7821 0.6023 0.1597
vn -0.4519 0.8184 0.3551
vn -0.6380 -0.5539 0.5350
vn -0.7298 0.6743 0.1123
vn 0.1095 -0.9476 0.3000
vn 0.7820 0.6134 0.1107
vn -0.9081 -0.0362 -0.4172
vn -0.9154 -0.0667 -0.3969
vn -0.7301 -0.2127 -0.6494
vn -0.7776 -0.2259 -0.5867
vn -0.7337 -0.1848 -0.6538
vn -0.0108 -0.7529 0.6580
vn -0.7798 0.6256 -0.0233
vn 0.6067 -0.7014 0.3741
vn -0.6912 0.7115 0.1264
vn 0.5250 -0.8507 0.0243
vn 0.5722 -0.8151 0.0913
vn -0.7429 -0.5820 -0.3307
vn -0.7159 -0.5904 -0.3728
vn -0.7050 0.6935 0.1482
vn -0.3288 -0.6717 0.6639
vn -0.9108 0.3832 -0.1534
vn 0.7961 0.5993 0.0838
vn -0.6489 0.7573 0.0736
vn -0.6607 -0.5410 -0.5203
vn 0.0038 -0.9095 0.4157
vn -0.1533 0.7066 -0.6908
vn -0.1095 0.7683 -0.6306
vn -0.0313 -0.4658 -0.8844
vn 0.2752 -0.8064 -0.5235
vn -0.3754 0.9151 0.1476
vn -0.2183 0.9619 0.1649
vn 0.8397 0.5202 -0.1560
vn 0.0868 0.3624 -0.9280
vn 0.7779 0.6013 0.1824
vn -0.5431 0.1030 -0.8333
vn -0.1522 0.3094 -0.9387
vn 0.2534 -0.7726 0.5822
vn 0.2644 -0.7531 0.6024
vn 0.2953 -0.9554 -0.0070
vn 0.4002 0.4750 0.7837
vn 0.4209 -0.8211 0.3856
vn -0.2665 -0.2372 -0.9342
vn 0.5048 -0.6712 0.5429
vn -0.1758 -0.8650 -0.4699
vn 0.2963 0.1554 0.9424
vn 0.4849 -0.0674 0.8720
vn -0.0608 -0.9773 0.2028
vn -0.4779 0.3835 0.7902
vn -0.2282 0.9646 0.1322
vn 0.6996 -0.4188 0.5789
vn 0.8853 0.4602 -0.0672
vn -0.0510 -0.2363 0.9703
vn 0.4979 -0.2293 0.8363
vn 0.7814 0.6236 -0.0247
vn 0.3128 -0.7446 0.5897
vn -0.2964 0.8659 -0.4030
vn -0.8814 0.0580 -0.4687
vn -0.3054 -0.9450 0.1169
vn -0.3063 -0.9427 0.1325
vn 0.4571 -0.3893 -0.7997
vn 0.2839 0.6437 0.7107
vn -0.0562 -0.6898 0.7219
vn -0.6794 -0.6368 0.3646
vn 0.0930 -0.3046 0.9479
vn 0.1064 -0.5662 0.8173
vn 0.9787 0.1837 0.0915
vn -0.6952 0.6951 0.1831
vn -0.5899 0.5853 -0.5562
vn 0.7094 -0.7025 0.0565
vn 0.1286 0.7764 -0.6170
vn 0.0400 -0.8773 0.4783
vn 0.6152 -0.6330 0.4700
vn 0.5768 -0.6745 0.4609
vn 0.0021 0.0136 -0.9999
vn 0.1321 -0.7439 0.6551
vn 0.1998 -0.6963 0.6894
vn -0.3475 -0.7396 0.5763
vn -0.4262 0.8181 0.3860
vn -0.4035 0.8049 -0.4351
vn -0.2979 0.8394 -0.4545
vn -0.3595 0.8268 0.4326
vn 0.1475 -0.5724 0.8066
vn 0.6755 -0.2248 -0.7023
vn -0.5015 -0.5117 0.6976
vn -0.1222 -0.4751 0.8714
vn -0.2531 -0.5518 0.7947
vn -0.0236 0.1504 -0.9883
vn 0.7936 -0.0931 -0.6012
vn -0.0195 -0.9989 0.0423
vn -0.2188 0.9372 0.2716
vn -0.1125 0.8936 0.4345
vn -0.0058 0.8013 -0.5982
vn 0.5458 -0.7659 -0.3399
vn 0.7955 -0.6059 0.0016
vn -0.5342 0.4678 -0.7042
vn -0.5941 -0.7858 0.1718
vn -0.7021 0.5173 -0.4894
vn -0.2788 -0.8658 0.4156
vn 0.5644 -0.7304 0.3846
vn -0.9718 -0.2301 0.0509
vn 0.1247 0.3759 0.9182
vn 0.4717 -0.8383 -0.2733
vn 0.7728 -0.6157 0.1543
vn 0.6932 -0.7015 -0.1654
vn -0.4790 0.7644 0.4315
vn 0.2333 0.7232 0.6501
vn 0.2688 0.6384 0.7212
vn 0.8134 0.5791 0.0552
vn 0.9973 0.0038 0.0740
vn 0.8190 -0.2423 -0.5201
vn -0.1109 0.9749 0.1929
vn -0.3066 0.8565 -0.4151
vn -0.3101 -0.9257 -0.2166
vn -0.8425 -0.2596 0.4720
vn 0.7304 -0.6593 -0.1785
vn 0.8012 -0.5553 -0.2231
vn -0.6541 0.5035 -0.5644
vn 0.7853 0.5873 0.1960
vn 0.6978 -0.4406 0.5647
vn -0.0288 0.0642 0.9975
vn -0.6677 0.7316 0.1380
vn 0.7744 0.5653 0.2841
vn -0.6691 0.7384 0.0844
vn 0.7662 0.5548 0.3244
vn 0.4627 -0.7868 -0.4085
vn -0.6318 -0.6195 -0.4660
vn 0.4438 -0.3112 0.8403
vn 0.9572 0.2893 0.0119
vn 0.7144 0.6096 0.3434
vn 0.8513 -0.3801 0.3616
vn -0.0055 -0.9053 0.4247
vn 0.0447 -0.8520 -0.5216
vn -0.6671 0.7445 -0.0285
vn -0.5837 -0.6340 -0.5074
vn -0.2442 0.9695 0.0210
vn -0.4021 -0.1716 -0.8994
vn 0.5474 -0.4204 0.7236
vn 0.4740 -0.6846 0.5538
vn 0.5408 -0.4701 0.6975
vn -0.3467 0.9019 0.2575
vn -0.9721 -0.1618 0.1700
vn -0.5389 0.8222 -0.1835
vn -0.3698 0.7593 -0.5355
vn -0.4181 0.8419 -0.3412
vn -0.1251 0.9589 -0.2546
vn -0.8328 0.2167 -0.5094
vn -0.7280 0.3235 -0.6044
vn 0.1699 0.9453 -0.2784
vn -0.3829 -0.5504 -0.7419
vn -0.3926 -0.5099 -0.7655
vn -0.0883 0.9835 -0.1577
vn -0.0215 0.0257 0.9994
vn -0.3205 0.8191 0.4758
vn -0.6539 0.7508 0.0930
vn 0.7505 -0.0125 0.6608
vn -0.0951 0.9738 -0.2066
vn -0.1940 -0.1720 0.9658
vn -0.3713 -0.3878 0.8437
vn 0.1193 0.9724 -0.2002
vn -0.8900 -0.1894 -0.4147
vn 0.9093 -0.2415 -0.3389
vn 0.1194 0.4678 0.8757
vn 0.1727 -0.7459 0.6433
vn 0.8355 -0.2982 0.4616
vn 0.4365 -0.3409 0.8326
vn -0.0063 0.9849 0.1729
vn 0.0372 -0.1820 0.9826
vn -0.3380 0.8797 0.3345
vn -0.8067 -0.1340 -0.5755
vn -0.1399 0.9901 -0.0057
vn 0.4682 -0.7115 0.5239
vn 0.5593 0.7964 0.2299
vn -0.9408 -0.2329 0.2462
vn -0.0925 -0.3829 0.9192
vn 0.0651 0.0236 0.9976
vn -0.6223 -0.0388 0.7818
vn 0.8049 -0.5884 -0.0772
vn -0.4658 0.8769 0.1185
vn 0.5242 0.8149 0.2474
vn 0.6213 -0.7743 -0.1203
vn 0.6346 -0.5288 -0.5636
vn -0.1700 -0.5892 0.7899
vn 0.1663 0.7741 -0.6108
vn 0.3544 0.7831 -0.5111
vn 0.2258 -0.0680 0.9718
vn -0.4765 0.8778 0.0490
vn -0.9835 -0.0489 0.1744
vn -0.3657 0.9246 0.1069
vn -0.7305 -0.5729 -0.3717
vn 0.7655 -0.3183 0.5592
vn 0.6281 -0.7164 0.3037
vn -0.2743 0.8775 -0.3934
vn -0.1727 0.9734 -0.1506
vn -0.6747 0.7318 -0.0963
vn 0.6831 0.6102 0.4014
vn 0.7585 -0.5703 0.3154
vn 0.5620 0.7038 -0.4347
vn -0.9642 0.1763 -0.1983
vn 0.9777 0.1057 0.1816
vn 0.9971 -0.0006 -0.0756
vn -0.0523 0.2439 -0.9684
vn -0.0558 0.3164 0.9470
vn -0.0394 -0.3007 0.9529
vn -0.6940 -0.5849 0.4199
vn -0.3063 0.9413 0.1420
vn 0.6029 -0.7610 0.2396
vn 0.5255 -0.8485 0.0627
vn -0.7053 0.7049 0.0758
vn 0.9643 0.2646 -0.0068
vn 0.9871 0.1583 -0.0235
vn -0.0698 -0.7837 0.6171
vn -0.0054 -0.8232 0.5677
vn 0.4645 -0.8211 -0.3317
vn -0.9602 -0.1768 0.2162
vn 0.6549 -0.7092 0.2608
vn 0.6803 -0.2988 0.6693
vn 0.4762 -0.8792 0.0163
vn -0.5485 -0.5282 0.6482
vn -0.3929 -0.5625 0.7275
vn 0.8225 -0.5328 -0.1991
vn -0.7005 0.7080 0.0894
vn -0.6777 -0.1728 -0.7148
vn -0.8219 -0.1595 -0.5468
vn 0.9979 0.0652 0.0036
vn 0.9849 0.1730 0.0077
vn -0.7043 -0.3926 0.5914
vn 0.7855 0.6118 0.0931
vn -0.7861 -0.5374 -0.3055
vn -0.5970 -0.6717 -0.4387
vn -0.8112 -0.5834 -0.0389
vn 0.8949 -0.0909 0.4369
vn -0.5537 0.7706 0.3156
vn -0.2522 0.6278 0.7364
vn 0.9867 -0.1627 -0.0011
vn 0.9851 -0.0701 0.1572
vn 0.5418 0.6537 0.5283
vn 0.4060 0.4268 0.8081
vn -0.3339 -0.9320 -0.1407
vn -0.7597 0.6470 0.0654
vn -0.1537 0.9179 -0.3658
vn 0.2199 0.9434 -0.2483
vn 0.5629 -0.8144 0.1414
vn 0.0016 0.9788 -0.2046
vn -0.2206 0.9462 -0.2367
vn -0.2436 -0.6280 -0.7391
vn -0.2328 -0.6870 -0.6884
vn 0.2531 0.5894 0.7672
vn 0.7906 0.5098 0.3393
vn 0.0105 0.7980 -0.6025
vn 0.0089 0.7846 -0.6200
vn -0.0719 0.8425 -0.5339
vn 0.3526 -0.7768 0.5218
vn 0.4115 -0.6444 0.6445
vn 0.5855 -0.6601 0.4706
vn 0.5684 -0.6469 0.5084
vn 0.6960 -0.6093 0.3799
vn 0.6958 -0.5995 0.3954
vn 0.5522 -0.5344 0.6399
vn 0.2445 0.5484 0.7997
vn 0.7087 -0.6982 -0.1016
vn -0.2236 -0.7441 -0.6296
vn 0.9870 -0.0361 0.1569
vn -0.1496 0.9158 -0.3726
vn -0.0602 0.9155 -0.3978
vn -0.7858 -0.0980 -0.6107
vn -0.8249 -0.2084 -0.5255
vn -0.5557 0.8049 -0.2083
vn -0.7386 0.6639 0.1175
vn -0.7146 -0.5061 -0.4829
vn -0.6627 0.7379 0.1281
vn -0.0899 -0.7569 0.6473
vn 0.5380 -0.8062 -0.2462
vn -0.9577 -0.2352 0.1658
vn 0.1002 -0.7939 0.5997
vn -0.7094 -0.4630 -0.5313
vn 0.5178 -0.6752 0.5253
vn 0.9862 0.1581 -0.0501
vn 0.6932 0.5044 0.5148
vn 0.2589 -0.7723 0.5801
vn -0.2311 0.0346 0.9723
vn -0.6703 -0.5890 -0.4514
vn 0.8100 0.5727 0.1263
vn -0.7236 0.6864 0.0723
vn -0.4747 0.8412 0.2591
vn -0.4955 0.6996 0.5148
vn 0.4724 -0.5030 -0.7237
vn 0.0177 -0.9742 -0.2250
vn 0.8653 -0.4412 0.2380
vn -0.8422 -0.5210 -0.1385
vn -0.7750 0.6021 -0.1922
vn -0.8366 0.3424 -0.4277
vn -0.9976 0.0088 -0.0682
vn 0.7870 0.6094 0.0968
vn 0.7922 0.6016 0.1020
vn 0.8529 -0.4792 -0.2071
vn 0.9815 0.1202 -0.1492
vn -0.8646 -0.2864 -0.4129
vn -0.6310 0.7658 -0.1240
vn -0.5506 0.7600 0.3454
vn -0.2545 0.8626 0.4372
vn -0.9195 0.0909 -0.3824
vn 0.5868 0.1529 -0.7952
vn -0.2600 0.9563 0.1340
vn -0.0817 -0.7646 0.6393
vn 0.0005 -0.7587 0.6514
vn -0.4921 0.7964 0.3516
vn 0.8139 -0.3821 0.4377
vn 0.7852 0.6189 0.0209
vn -0.5143 0.1779 0.8390
vn 0.7240 -0.6866 0.0661
vn 0.0661 0.9910 -0.1165
vn -0.0263 0.6834 0.7296
vn 0.3888 0.4845 0.7836
vn -0.0549 0.5724 0.8182
vn 0.0419 0.9920 -0.1191
vn -0.6680 0.0140 -0.7441
vn -0.0961 -0.7163 0.6912
vn 0.5756 -0.7214 0.3852
vn 0.7926 -0.5136 -0.3288
vn 0.3314 0.1452 -0.9323
vn -0.8867 -0.3262 0.3276
vn -0.1682 -0.9853 0.0283
vn 0.5222 -0.8518 -0.0417
vn -0.5761 0.7708 0.2719
vn -0.6952 0.6702 0.2598
vn 0.5985 -0.4566 0.6583
vn 0.0434 0.7807 0.6234
vn 0.0775 0.6172 0.7830
vn 0.9658 -0.1538 -0.2088
vn 0.0964 0.9950 -0.0261
vn -0.0284 -0.3539 0.9348
vn -0.1456 -0.3004 0.9426
vn -0.2059 -0.4367 -0.8757
vn 0.9108 0.3321 0.2452
vn -0.7964 0.1102 -0.5947
vn -0.4534 0.8246 -0.3383
vn 0.1463 0.4936 -0.8573
vn 0.0126 0.4502 -0.8928
vn 0.4441 -0.7076 -0.5496
vn -0.8138 -0.2291 -0.5340
vn 0.5970 -0.6920 -0.4058
vn -0.9440 -0.2375 0.2291
vn -0.4990 -0.5676 -0.6549
vn -0.6367 0.7450 0.1990
vn -0.6136 0.7721 0.1653
vn -0.6655 0.7115 0.2257
vn 0.6348 -0.6152 0.4675
vn 0.5605 -0.6469 0.5171
vn 0.4300 -0.5492 -0.7166
vn 0.3782 -0.7331 -0.5652
vn -0.0700 -0.9883 -0.1353
vn -0.1895 -0.9635 -0.1893
vn -0.7380 -0.5987 -0.3114
vn -0.0897 -0.7834 0.6151
vn -0.8320 -0.4226 -0.3593
vn -0.4055 -0.4086 -0.8177
vn -0.4278 0.7894 0.4402
vn -0.3578 0.9123 0.1993
vn -0.6211 -0.6943 0.3637
vn 0.0837 0.8134 -0.5756
vn 0.7831 0.6219 0.0003
vn 0.7801 0.6255 0.0151
vn 0.7837 0.6204 -0.0306
vn -0.9611 -0.2338 0.1473
vn -0.9568 -0.2726 0.1016
vn 0.3979 -0.4344 0.8081
vn 0.4445 0.4552 0.7715
vn 0.3366 0.3468 0.8755
vn 0.4418 -0.8091 0.3875
vn -0.1851 0.9383 -0.2921
vn 0.2262 0.7125 0.6642
vn 0.1366 -0.9898 0.0400
vn 0.8166 0.5665 0.1106
vn 0.7760 0.6246 0.0873
vn -0.0353 0.6626 -0.7481
vn -0.2313 0.9505 0.2074
vn 0.6410 -0.6705 -0.3736
vn 0.5033 0.2651 0.8224
vn -0.5376 -0.1104 -0.8360
vn -0.4991 0.0020 -0.8665
vn -0.6155 0.7881 0.0090
vn 0.5916 -0.6520 0.4743
vn -0.0081 0.8237 -0.5669
vn 0.6943 -0.4047 -0.5951
vn 0.3046 0.3395 0.8899
vn 0.5029 0.1419 0.8526
vn 0.7940 0.5977 0.1109
vn -0.7200 0.5609 0.4087
vn -0.5040 0.7649 0.4011
vn -0.1338 -0.7516 0.6460
vn 0.1798 0.7886 -0.5880
vn -0.7023 -0.6228 -0.3448
vn -0.5678 0.8181 -0.0917
vn -0.5233 0.8118 -0.2591
vn -0.7229 -0.5158 -0.4597
vn -0.9689 -0.2258 0.1013
vn -0.6723 0.7276 0.1363
vn 0.5264 -0.5221 0.6711
vn -0.6578 0.7524 0.0354
vn -0.8662 0.3834 -0.3206
vn -0.6676 0.2694 -0.6940
vn 0.9853 -0.1672 0.0343
vn -0.6810 0.6322 0.3696
vn -0.5238 0.8150 0.2480
vn 0.0797 0.3567 -0.9308
vn 0.4142 -0.8661 -0.2796
vn 0.7090 -0.6749 -0.2047
vn 0.1442 0.5683 0.8101
vn 0.5403 -0.6767 0.5001
vn 0.5326 -0.8433 0.0721
vn 0.9247 -0.3590 -0.1268
vn -0.8094 -0.2303 -0.5402
vn -0.7976 -0.0621 -0.6000
vn -0.1454 0.5694 0.8091
vn 0.7724 0.6010 0.2053
vn 0.1796 -0.7063 0.6847
vn -0.8976 0.0423 0.4387
vn -0.4471 0.8090 0.3815
vn -0.7699 0.6102 -0.1871
vn 0.7062 -0.3426 -0.6196
vn 0.3888 -0.0926 -0.9166
vn -0.5602 0.4743 -0.6791
vn -0.6018 0.7175 -0.3508
vn 0.2966 -0.7429 0.6002
vn 0.2690 -0.9547 -0.1275
vn 0.2857 0.6891 -0.6660
vn -0.1458 0.9892 -0.0116
vn -0.0219 0.9206 -0.3898
vn -0.0007 0.7329 -0.6803
vn 0.7378 -0.3074 -0.6010
vn -0.9585 -0.1999 0.2033
vn -0.9530 -0.2288 0.1986
vn -0.3022 -0.0499 -0.9519
vn -0.4085 0.6879 0.5999
vn 0.4816 -0.7114 0.5118
vn 0.5582 -0.6672 0.4932
vn 0.9781 -0.1776 0.1089
vn -0.0443 0.5365 -0.8427
vn 0.9676 -0.1047 -0.2299
vn 0.0541 0.6473 0.7603
vn 0.6716 -0.7187 0.1797
vn 0.6503 -0.7077 0.2763
vn 0.4276 -0.7451 -0.5119
vn -0.5834 -0.5793 -0.5692
vn -0.4388 -0.5309 -0.7250
vn 0.0581 0.9089 -0.4129
vn -0.0747 0.8972 -0.4353
vn 0.4520 -0.6984 0.5549
vn 0.3738 -0.7662 0.5227
vn -0.0613 0.9702 -0.2344
vn 0.8257 -0.5233 -0.2108
vn 0.7698 0.6363 -0.0515
vn 0.7231 -0.6874 -0.0673
vn 0.6905 -0.7210 -0.0575
vn 0.0894 0.3328 -0.9387
vn -0.0146 0.7440 0.6680
vn -0.2438 0.9684 0.0521
vn 0.6675 -0.7295 -0.1494
vn -0.7844 -0.3601 -0.5051
vn -0.7837 -0.2217 -0.5803
vn -0.3134 0.8788 0.3599
vn -0.3723 0.8639 0.3391
vn 0.5649 -0.2474 -0.7872
vn 0.5509 -0.1708 -0.8169
vn 0.7291 -0.2999 0.6152
vn 0.7067 0.5837 0.3998
vn 0.4982 -0.2131 0.8405
vn -0.4337 -0.7376 0.5176
vn 0.8786 -0.1700 -0.4462
vn 0.2583 -0.8869 0.3831
vn 0.6402 -0.5748 0.5097
vn -0.9924 0.0452 0.1147
vn -0.5988 -0.6487 -0.4698
vn -0.7980 0.5981 0.0738
vn -0.6940 0.7196 -0.0243
vn -0.2194 0.9072 -0.3590
vn 0.1160 0.5664 -0.8159
vn -0.1156 0.9663 -0.2299
vn -0.4252 0.4060 -0.8090
vn -0.4733 -0.8021 0.3643
vn -0.0992 0.9262 -0.3639
vn 0.8607 0.3570 0.3629
vn -0.6063 -0.4359 0.6652
vn -0.6385 -0.4972 0.5875
vn -0.9442 0.2269 -0.2386
vn -0.9282 0.3718 -0.0155
vn 0.1943 -0.9488 -0.2489
vn 0.8245 -0.4980 0.2686
vn -0.7489 0.1749 0.6392
vn 0.9327 0.3597 0.0281
vn 0.3390 0.0278 0.9404
vn 0.9984 -0.0164 -0.0550
vn -0.5909 -0.5873 -0.5531
vn -0.3296 -0.5250 -0.7847
vn 0.7012 -0.6702 0.2430
vn 0.6308 -0.7444 0.2189
vn 0.6184 -0.7169 0.3218
vn 0.2124 0.1548 0.9648
vn -0.5606 -0.7157 0.4165
vn -0.1446 0.9821 0.1207
vn -0.0295 0.9703 -0.2402
vn -0.1147 -0.1595 -0.9805
vn -0.8481 -0.4582 -0.2661
vn 0.1620 0.7078 0.6876
vn 0.0740 0.5426 0.8367
vn -0.0860 -0.9794 -0.1826
vn 0.1516 -0.9876 0.0397
vn 0.7992 0.5984 0.0570
vn 0.8107 0.5275 0.2538
vn 0.7999 0.5680 0.1938
vn 0.0594 0.8149 -0.5765
vn -0.5866 0.5883 0.5566
vn -0.8617 -0.5033 -0.0652
vn -0.5517 -0.7451 -0.3747
vn 0.7170 -0.6965 0.0279
vn -0.3484 0.9249 0.1523
vn 0.8154 -0.5750 0.0668
vn -0.7258 -0.5077 -0.4641
vn 0.5404 -0.6948 0.4745
vn 0.1194 -0.8348 0.5374
vn 0.6573 0.7329 0.1755
vn 0.8533 -0.3086 -0.4202
vn 0.9946 -0.0597 -0.0845
vn -0.5390 -0.4662 0.7016
vn -0.0878 -0.1686 0.9818
vn 0.0582 0.7765 -0.6274
vn 0.8539 -0.2868 0.4344
vn -0.6107 0.5319 0.5866
vn -0.8098 -0.1860 -0.5564
vn -0.7476 -0.1453 -0.6481
vn 0.7727 0.6309 0.0702
vn 0.7699 0.6287 0.1095
vn 0.4839 -0.8337 0.2661
vn 0.0481 -0.8905 0.4524
vn 0.5174 -0.8527 0.0717
vn 0.7282 -0.6784 0.0973
vn -0.2992 0.8103 -0.5039
vn -0.3399 0.9268 0.1598
vn -0.6222 -0.3888 0.6795
vn 0.9325 -0.3306 0.1456
vn -0.1606 0.9513 -0.2633
vn -0.6675 -0.6949 0.2675
vn -0.7670 -0.1258 -0.6292
vn 0.7993 0.5787 0.1619
vn 0.7272 0.6608 0.1855
vn 0.7568 0.6333 0.1617
vn 0.6469 -0.6775 0.3500
vn -0.7525 0.6337 0.1792
vn 0.9610 -0.1859 -0.2047
vn 0.4289 -0.6285 0.6489
vn 0.7773 0.6251 0.0706
vn 0.8162 0.5570 0.1538
vn 0.5443 -0.8025 -0.2443
vn 0.5007 -0.1073 -0.8589
vn 0.4992 -0.8209 0.2773
vn 0.7647 -0.4790 -0.4311
vn -0.6036 -0.7370 0.3042
vn -0.9009 -0.3713 0.2248
vn 0.7751 0.6307 0.0394
vn 0.7959 0.6036 0.0481
vn 0.7981 0.5961 0.0874
vn -0.7825 -0.2640 -0.5639
vn 0.8453 0.5342 0.0138
vn -0.3788 -0.6930 0.6134
vn -0.6643 0.7337 0.1428
vn -0.5877 -0.4833 0.6489
vn -0.5959 -0.5279 0.6052
vn 0.1700 0.6607 0.7312
vn -0.5669 0.8168 0.1071
vn 0.7502 -0.6400 0.1660
vn 0.5605 -0.8081 0.1812
vn 0.2384 -0.9527 0.1887
vn -0.0071 0.9243 -0.3817
vn -0.6602 0.7355 -0.1523
vn 0.5418 0.0956 0.8351
vn 0.7501 -0.6351 -0.1845
vn 0.2316 -0.9565 -0.1773
vn -0.6791 0.7218 0.1336
vn -0.6732 -0.6360 -0.3772
vn 0.7301 -0.2419 0.6391
vn -0.1927 -0.5936 -0.7814
vn -0.7512 0.6075 -0.2582
vn 0.9063 -0.3993 0.1388
vn 0.9687 0.2360 -0.0776
vn -0.4881 -0.3234 0.8107
vn 0.0704 0.8077 -0.5854
vn 0.5082 -0.7327 0.4525
vn 0.6057 -0.0542 -0.7939
vn -0.2132 -0.2015 -0.9560
vn -0.0389 0.9956 -0.0858
vn 0.7334 -0.6213 -0.2758
vn -0.1243 0.4775 -0.8698
vn -0.5830 0.4395 -0.6833
vn 0.6891 -0.6671 0.2830
vn 0.6019 -0.7662 0.2249
vn -0.7045 0.6905 -0.1640
vn 0.8081 0.4622 0.3652
vn 0.7301 0.5989 0.3291
vn 0.0276 -0.9790 -0.2018
vn -0.2321 -0.5842 -0.7777
vn -0.3395 0.9356 -0.0972
vn -0.5649 -0.4542 0.6889
vn -0.0843 -0.9960 0.0313
vn 0.5571 -0.6680 0.4935
vn 0.5854 -0.5933 0.5526
vn 0.2767 0.1709 0.9457
vn -0.7345 -0.5814 -0.3499
vn 0.1151 0.7854 -0.6082
vn 0.5354 0.5073 0.6753
vn -0.7254 -0.5873 -0.3588
vn 0.8795 -0.2243 -0.4198
vn -0.7183 0.6940 -0.0480
vn -0.6298 -0.7419 0.2299
vn 0.6749 -0.7379 -0.0068
vn 0.7763 0.6303 0.0085
vn 0.7390 0.6595 0.1379
vn -0.2721 0.3092 -0.9112
vn 0.5539 -0.6641 0.5022
vn -0.1851 0.8999 0.3949
vn -0.6730 0.7393 0.0217
vn -0.6987 0.6242 -0.3495
vn 0.6905 -0.5821 0.4294
vn -0.5783 -0.7893 0.2063
vn -0.4141 -0.6721 0.6139
vn -0.6929 0.7174 0.0727
vn 0.2555 0.5960 -0.7612
vn 0.4564 -0.8874 0.0655
vn 0.4709 -0.5158 0.7157
vn -0.0502 -0.7218 0.6902
vn 0.6364 -0.1296 -0.7604
vn 0.0047 0.9886 -0.1506
vn 0.5735 -0.0852 0.8148
vn -0.5859 -0.4641 0.6643
vn 0.7892 0.5979 0.1401
vn -0.3404 -0.8086 0.4799
vn 0.5210 -0.8454 0.1180
vn 0.9089 0.1920 -0.3701
vn 0.5116 -0.7873 0.3442
vn 0.5621 -0.6878 0.4593
vn 0.7004 -0.5334 0.4741
vn -0.6873 0.6969 0.2046
vn -0.3358 0.8039 0.4909
vn -0.2736 -0.8483 0.4533
vn 0.3947 -0.2574 0.8820
vn 0.2994 -0.8829 0.3617
vn 0.6141 0.7774 0.1363
vn 0.7677 0.6405 0.0207
vn 0.4817 -0.8575 0.1804
vn -0.5717 0.0492 -0.8190
vn -0.4853 -0.0844 -0.8703
vn -0.7674 -0.0664 -0.6377
vn -0.0053 0.9793 -0.2023
vn -0.7908 -0.6117 -0.0210
vn -0.6360 -0.7638 0.1101
vn 0.6597 -0.7125 0.2389
vn -0.6960 -0.4696 -0.5432
vn 0.8415 0.5341 -0.0811
vn -0.2543 0.8744 0.4132
vn 0.7894 0.5886 0.1745
vn 0.9081 -0.2098 0.3625
vn -0.7128 -0.5227 -0.4677
vn 0.7836 0.6057 0.1381
vn -0.6928 0.6779 0.2457
vn 0.8980 0.4367 0.0541
vn 0.8110 0.5651 0.1514
vn -0.5340 0.7741 0.3401
vn 0.6085 0.4910 -0.6234
vn -0.4222 0.7490 -0.5107
vn -0.4179 0.8312 -0.3666
vn -0.1139 0.4303 -0.8955
vn 0.0495 0.7681 -0.6385
vn -0.2353 -0.7315 0.6400
vn -0.3287 -0.9301 0.1637
vn 0.7137 0.5812 0.3910
vn -0.4825 0.7661 0.4246
vn -0.7710 -0.0826 -0.6314
vn 0.1324 0.9834 -0.1243
vn -0.1319 0.8975 -0.4209
vn -0.1275 -0.2141 0.9685
vn -0.0289 0.8417 -0.5391
vn 0.6345 -0.4158 -0.6515
vn 0.6614 -0.3526 -0.6620
vn 0.6205 -0.7512 -0.2250
vn 0.7906 0.5977 0.1335
vn 0.5047 0.5465 0.6683
vn 0.8519 0.4295 0.2997
vn 0.5059 0.4641 0.7271
vn -0.5839 -0.6992 0.4125
vn 0.8267 -0.1740 -0.5350
vn 0.7917 0.3860 -0.4736
vn 0.1842 -0.4563 0.8706
vn 0.0447 -0.2978 0.9536
vn -0.2924 0.7057 -0.6454
vn -0.7242 0.6883 0.0433
vn -0.6877 0.7245 0.0469
vn 0.5495 -0.4726 -0.6890
vn 0.7645 0.5347 0.3600
vn -0.6373 0.7641 0.1000
vn -0.2787 0.9008 -0.3331
vn -0.3921 0.7392 -0.5476
vn 0.2703 -0.7678 0.5808
vn 0.5893 -0.5859 -0.5563
vn 0.9524 0.2891 0.0966
vn 0.4784 -0.8656 0.1478
vn 0.7899 0.5963 0.1429
vn 0.9520 -0.1558 -0.2633
vn -0.6497 -0.6437 0.4044
vn -0.6500 -0.6655 0.3668
vn -0.6961 -0.6500 -0.3049
vn 0.7910 0.6112 0.0272
vn -0.2626 -0.9443 0.1985
vn -0.3686 -0.7547 0.5427
vn 0.4761 0.6963 0.5372
vn 0.3523 -0.7489 0.5613
vn 0.6815 0.5348 0.4995
vn -0.1213 -0.7643 0.6333
vn 0.7920 0.6095 -0.0345
vn -0.8027 -0.4629 -0.3759
vn 0.1794 -0.7649 0.6186
vn -0.5363 -0.4822 0.6927
vn -0.6076 -0.6622 0.4386
vn -0.8512 -0.4695 -0.2347
vn -0.6868 -0.5797 -0.4385
vn -0.6944 -0.6053 -0.3891
vn -0.6888 -0.5682 -0.4502
vn 0.2907 -0.6216 0.7274
vn 0.9756 -0.1994 0.0918
vn 0.3687 -0.9274 0.0636
vn 0.5398 -0.8365 0.0948
vn 0.9076 -0.3401 -0.2462
vn 0.0373 0.0084 0.9993
vn -0.2603 -0.5065 -0.8220
vn 0.0325 -0.9990 0.0302
vn -0.6689 0.7314 0.1329
vn 0.5433 0.3866 0.7452
vn 0.5987 0.1706 0.7826
vn -0.1905 0.9179 0.3482
vn -0.1466 -0.5020 0.8524
vn -0.6206 -0.4034 0.6723
vn -0.8803 -0.3752 0.2905
vn 0.5369 0.5572 0.6334
vn 0.9993 -0.0238 -0.0303
vn -0.8414 -0.3086 -0.4436
vn -0.3630 0.1057 0.9258
vn -0.7491 -0.1862 0.6357
vn -0.1191 0.0859 -0.9892
vn -0.6866 -0.4496 -0.5713
vn -0.8188 -0.3642 0.4438
vn 0.3211 -0.6626 0.6767
vn 0.7182 -0.4809 0.5029
vn 0.6317 -0.2975 -0.7159
vn -0.7572 0.6268 0.1838
vn -0.7133 0.6999 0.0370
vn -0.7257 -0.5651 -0.3924
vn -0.3534 -0.9199 0.1697
vn -0.7333 -0.6273 0.2625
vn 0.9416 0.1960 0.2740
vn -0.2119 0.8789 -0.4274
vn 0.7054 0.1754 -0.6868
vn 0.3581 -0.7497 0.5565
vn 0.2521 0.0141 0.9676
vn -0.1176 -0.7495 0.6515
vn -0.6327 -0.6548 0.4134
vn 0.7525 -0.2027 0.6266
vn 0.4169 -0.8956 0.1552
vn 0.9400 0.1887 -0.2843
vn 0.4315 -0.6808 0.5918
vn 0.1907 -0.1726 0.9664
vn 0.8232 0.5662 -0.0418
vn 0.7665 0.6385 -0.0690
vn -0.5865 -0.7757 0.2332
vn 0.8027 -0.4998 0.3255
vn -0.5676 -0.7982 -0.2016
vn -0.7726 -0.4127 -0.4824
vn 0.8642 0.4943 0.0939
vn 0.1312 -0.7976 0.5887
vn -0.4826 0.8289 0.2829
vn -0.6258 -0.3362 0.7037
vn -0.7342 -0.5688 -0.3706
vn 0.3917 0.9167 0.0797
vn -0.6413 -0.6853 -0.3452
vn 0.0099 0.6562 0.7545
vn -0.5558 -0.7059 0.4391
vn -0.6596 0.7472 0.0814
vn 0.9666 -0.2191 -0.1331
vn 0.3286 -0.6705 -0.6652
vn 0.4101 0.5924 0.6935
vn -0.6205 0.7737 0.1278
vn -0.6832 0.7210 0.1157
vn -0.0673 0.9531 -0.2952
vn -0.2832 0.8996 -0.3323
vn 0.6296 0.7622 0.1506
vn 0.3248 -0.7573 0.5665
vn 0.3217 -0.7564 0.5695
vn 0.6674 -0.7186 0.1955
vn 0.6114 -0.7037 0.3620
vn -0.6002 -0.4104 0.6865
vn 0.1844 -0.6632 0.7253
vn -0.9426 -0.3307 -0.0464
vn -0.6950 -0.5094 0.5075
vn -0.5796 -0.6524 0.4883
vn -0.3138 0.8595 0.4035
vn -0.7605 -0.4347 -0.4824
vn 0.6473 -0.7572 -0.0874
vn -0.2601 -0.9652 0.0263
vn -0.7101 0.6801 0.1821
vn -0.6270 -0.6573 -0.4181
vn 0.1162 0.8249 -0.5532
vn 0.1603 0.8133 -0.5594
vn 0.1439 0.7778 -0.6119
vn 0.7723 0.6350 -0.0182
vn 0.7832 0.6205 -0.0391
vn 0.5225 -0.8183 0.2397
vn 0.0075 -0.7768 0.6297
vn -0.5251 0.5114 0.6802
vn -0.0365 0.9345 -0.3540
vn 0.2709 -0.9588 0.0853
vn 0.7194 0.6876 -0.0984
vn 0.3430 -0.3817 0.8583
vn 0.4004 0.6626 0.6330
vn -0.1027 0.9017 -0.4200
vn 0.7230 -0.3415 0.6005
vn -0.2206 -0.9719 -0.0818
vn -0.5836 0.8058 0.1002
vn -0.2006 -0.8515 0.4845
vn -0.2214 -0.7020 0.6769
vn 0.8324 0.4925 0.2540
vn 0.4945 -0.7038 0.5099
vn 0.5383 -0.6698 0.5114
vn -0.2669 0.8244 0.4992
vn -0.8353 -0.3874 -0.3901
vn 0.5048 -0.7159 0.4823
vn -0.1235 0.8326 -0.5400
vn -0.6259 -0.4286 0.6515
vn -0.6367 0.3245 0.6995
vn 0.8107 0.5619 0.1645
vn 0.0986 0.5772 0.8106
vn 0.9555 0.2754 0.1056
vn 0.7914 0.5913 0.1552
vn 0.6150 -0.6869 0.3873
vn 0.7619 -0.6459 -0.0487
vn -0.3225 0.7794 -0.5371
vn -0.3547 0.7665 -0.5354
vn -0.2955 0.7800 -0.5516
vn -0.5674 -0.5236 -0.6355
vn -0.7799 -0.2227 -0.5850
vn -0.7703 -0.1196 -0.6264
vn 0.0551 0.5739 -0.8171
vn -0.3367 -0.7544 0.5635
vn -0.0336 -0.7454 0.6658
vn 0.3328 0.6880 0.6449
vn -0.0694 0.5555 0.8286
vn 0.4699 -0.7911 0.3915
vn 0.8263 0.4761 0.3009
vn 0.0008 0.3812 -0.9245
vn 0.1120 0.4665 -0.8774
vn 0.7837 -0.6157 0.0821
vn 0.4795 -0.2497 -0.8412
vn -0.3127 -0.1779 -0.9330
vn 0.1473 -0.7851 0.6016
vn -0.8488 0.4462 0.2837
vn 0.7332 -0.6066 0.3074
vn -0.1702 0.9301 -0.3254
vn -0.2845 -0.6833 0.6724
vn -0.2506 -0.5092 -0.8234
vn 0.1452 -0.8845 0.4434
vn -0.9647 -0.2599 0.0434
vn -0.2879 -0.7772 0.5595
vn -0.7028 -0.5562 0.4435
vn -0.6242 -0.6596 0.4188
vn 0.1514 0.8513 -0.5024
vn 0.7559 -0.3344 0.5628
vn -0.1529 0.9174 -0.3674
vn -0.7431 -0.5261 -0.4134
vn -0.2278 0.3121 -0.9223
vn 0.0919 -0.9269 0.3639
vn -0.4543 -0.8884 -0.0668
vn 0.4274 -0.8664 0.2584
vn -0.6346 -0.4652 0.6172
vn -0.3866 0.7691 -0.5089
vn -0.5982 -0.6442 -0.4766
vn 0.4579 0.5261 0.7166
vn 0.3041 0.4055 0.8620
vn -0.6204 -0.6083 0.4950
vn 0.7189 -0.6911 0.0742
vn 0.4955 -0.8647 -0.0831
vn -0.5154 0.1568 0.8425
vn -0.8552 -0.4033 -0.3256
vn 0.8000 0.5912 0.1027
vn 0.7356 0.5910 0.3312
vn -0.7406 0.6714 -0.0275
vn 0.3290 -0.9438 0.0299
vn -0.7150 0.6967 0.0585
vn 0.6404 -0.7430 0.1942
vn 0.5776 -0.7848 -0.2248
vn 0.1643 0.5221 0.8369
vn -0.6902 0.5513 0.4687
vn -0.5765 0.7390 0.3485
vn 0.6100 -0.6956 -0.3794
vn 0.6547 -0.6070 -0.4505
vn 0.7852 -0.6147 0.0745
vn -0.8128 -0.2267 -0.5365
vn 0.2170 0.7368 0.6404
vn -0.5655 0.8221 0.0660
vn -0.6947 0.7168 0.0598
vn -0.4398 -0.6842 0.5818
vn -0.6189 -0.5683 0.5422
vn -0.4749 -0.6158 0.6287
vn -0.5154 -0.5537 0.6541
vn -0.3933 -0.6355 0.6645
vn 0.6957 -0.5755 0.4298
vn 0.8502 -0.2179 -0.4793
vn -0.5510 -0.8161 0.1743
vn 0.7652 0.6434 -0.0201
vn 0.4619 -0.5493 0.6964
vn 0.4419 0.7090 -0.5496
vn 0.6699 0.6679 -0.3243
vn 0.7592 0.5401 0.3632
vn 0.7445 0.5691 0.3490
vn -0.7196 0.6917 0.0614
vn -0.7526 -0.5850 -0.3023
vn 0.7702 0.6337 0.0724
vn -0.3307 -0.6727 -0.6619
vn 0.7489 0.4510 0.4855
vn 0.6565 -0.7378 0.1570
vn 0.2058 -0.9691 -0.1360
vn 0.7073 -0.3805 0.5958
vn 0.6858 -0.3702 -0.6265
vn 0.8700 -0.4428 0.2169
vn 0.5210 -0.3191 0.7917
vn -0.2847 0.9582 0.0292
vn -0.9320 -0.2423 0.2695
vn -0.3702 -0.1475 -0.9172
vn -0.1999 0.0026 -0.9798
vn 0.7851 0.6071 0.1229
vn -0.2279 0.9408 0.2511
vn 0.9035 0.3675 0.2204
vn 0.7575 0.6525 0.0217
vn 0.8168 0.5691 0.0945
vn 0.1621 -0.5855 0.7943
vn 0.4008 -0.6630 0.6323
vn 0.9983 0.0561 -0.0137
vn 0.7740 0.6014 0.1984
vn 0.8060 0.5617 0.1866
vn -0.6914 -0.5775 0.4341
vn -0.6768 0.7246 0.1299
vn 0.6258 -0.7173 0.3064
vn 0.5348 -0.8380 0.1083
vn -0.7036 -0.1648 -0.6912
vn 0.5635 -0.8068 -0.1776
vn 0.6968 -0.3752 0.6113
vn -0.1388 0.2226 -0.9650
vn -0.5472 -0.5729 0.6101
vn 0.8229 -0.5218 -0.2248
vn -0.2184 0.9403 0.2610
vn -0.6616 -0.6230 -0.4173
vn -0.2014 -0.3535 0.9135
vn 0.5325 -0.7157 0.4519
vn -0.7897 -0.2848 -0.5434
vn 0.2056 0.5172 0.8308
vn 0.2040 0.5459 0.8126
vn 0.0870 0.5647 0.8207
vn -0.2984 -0.7348 0.6091
vn 0.9405 -0.1980 -0.2762
vn 0.6564 -0.7543 -0.0122
vn -0.8520 -0.4348 -0.2916
vn -0.7970 -0.4707 -0.3784
vn 0.7741 0.6056 0.1845
vn 0.8052 0.5751 0.1450
vn 0.5065 -0.1767 -0.8439
vn -0.1164 -0.8054 0.5812
vn -0.6354 -0.6321 0.4436
vn -0.1882 -0.7086 0.6801
vn 0.6599 0.6088 0.4402
vn 0.5624 -0.3257 -0.7601
vn 0.2297 -0.7395 0.6327
vn 0.7086 -0.3774 0.5962
vn 0.7421 -0.4113 0.5293
vn 0.4890 -0.6347 -0.5984
vn 0.7786 0.5121 0.3628
vn 0.1627 -0.7684 0.6189
vn 0.3082 -0.9505 -0.0384
vn -0.7219 -0.6232 0.3007
vn 0.1310 0.0628 0.9894
vn 0.7613 0.4516 0.4653
vn -0.9524 -0.2370 0.1918
vn 0.0853 0.7365 -0.6710
vn 0.8137 -0.1742 0.5545
vn 0.6875 0.5208 0.5061
vn -0.0434 0.9969 -0.0653
vn 0.0832 0.5026 -0.8605
vn -0.8460 -0.2627 -0.4640
vn -0.6691 0.6735 0.3141
vn -0.8573 -0.5146 -0.0136
vn 0.7904 0.5300 0.3073
vn -0.1095 -0.8458 0.5221
vn -0.0522 -0.8178 0.5731
vn 0.7219 0.5477 0.4228
vn 0.6191 -0.7016 0.3528
vn -0.5068 -0.4213 -0.7521
vn -0.5640 -0.2235 -0.7949
vn 0.3256 -0.8624 0.3876
vn 0.7962 -0.5577 0.2346
vn 0.2903 -0.7761 0.5597
vn 0.3331 -0.7538 0.5663
vn 0.3177 -0.7587 0.5688
vn 0.6456 -0.6387 0.4186
vn -0.3640 -0.9169 0.1638
vn -0.6779 0.7220 0.1382
vn -0.6757 0.7264 0.1251
vn 0.4612 0.0754 0.8841
vn -0.6575 -0.4797 -0.5810
vn -0.5749 -0.5048 0.6439
vn 0.5666 -0.6747 -0.4730
vn 0.7160 -0.5887 0.3752
vn 0.6435 -0.7151 -0.2729
vn 0.4976 -0.8025 -0.3291
vn -0.1183 -0.9025 -0.4142
vn 0.8103 -0.5775 -0.0993
vn 0.5178 0.2071 -0.8300
vn 0.7728 -0.6347 -0.0041
vn 0.5314 -0.6839 0.4999
vn -0.6785 -0.6376 -0.3649
vn -0.7512 -0.5680 -0.3362
vn -0.7802 0.1643 -0.6035
vn -0.3692 -0.8181 0.4408
vn -0.7190 -0.5626 0.4081
vn 0.9220 -0.2528 0.2933
vn 0.1000 0.8795 -0.4652
vn -0.7547 -0.5637 -0.3357
vn -0.6866 -0.6391 -0.3468
vn -0.3995 -0.7137 0.5753
vn 0.9576 0.2819 0.0591
vn -0.3407 -0.5833 -0.7373
vn -0.0803 0.7208 0.6884
vn -0.7013 -0.6184 0.3546
vn 0.7911 0.5793 0.1965
vn 0.3088 -0.4189 -0.8539
vn 0.6260 -0.5199 -0.5813
vn -0.6003 0.7974 0.0619
vn 0.3366 -0.9353 0.1091
vn 0.4880 -0.4835 -0.7267
vn 0.6797 -0.5766 0.4534
vn -0.8094 -0.3196 -0.4926
vn 0.1016 -0.8423 0.5294
vn 0.5932 -0.7827 0.1885
vn 0.4286 -0.4737 0.7693
vn -0.5888 -0.6556 -0.4727
vn -0.5124 0.8238 -0.2424
vn -0.6647 0.7417 0.0900
vn -0.3727 -0.7526 0.5428
vn -0.5901 -0.6320 -0.5024
vn -0.6489 0.7599 0.0385
vn 0.7852 0.3915 -0.4798
vn 0.8240 0.3685 -0.4304
vn 0.1835 -0.9780 0.0989
vn -0.8476 -0.4439 -0.2907
vn -0.7384 -0.5790 -0.3456
vn 0.8883 -0.3176 -0.3316
vn 0.7937 -0.1168 -0.5970
vn 0.5226 -0.5784 -0.6264
vn 0.4422 -0.8691 -0.2215
vn -0.4896 -0.7303 0.4764
vn -0.1428 0.9322 -0.3325
vn 0.8210 0.5512 0.1487
vn -0.6749 -0.4508 -0.5841
vn -0.1294 0.2560 0.9580
vn -0.3617 -0.7406 0.5663
vn 0.7859 -0.6174 -0.0345
vn -0.8238 -0.4357 -0.3627
vn 0.9937 0.1123 -0.0005
vn -0.4280 0.7308 -0.5318
vn -0.6132 0.3280 0.7187
vn 0.7203 -0.3274 -0.6116
vn -0.6273 0.7538 0.1956
vn 0.7993 0.5149 -0.3100
vn 0.3625 0.5104 0.7798
vn -0.3969 -0.6865 0.6092
vn -0.0228 0.6497 -0.7599
vn 0.7990 0.5632 0.2107
vn -0.2729 0.7286 0.6282
vn 0.4940 -0.7714 0.4011
vn 0.3560 -0.7566 0.5485
vn -0.4773 -0.6500 0.5914
vn -0.1103 0.5907 -0.7993
vn -0.3183 -0.7542 0.5744
vn -0.7261 0.2038 -0.6566
vn 0.3239 -0.0307 0.9456
vn 0.9484 0.3135 -0.0480
vn 0.7441 0.5652 0.3562
vn 0.7936 0.5266 0.3048
vn 0.6376 -0.3553 0.6835
vn 0.8048 0.5934 0.0113
vn 0.3578 0.4992 0.7892
vn -0.0221 0.6615 0.7496
vn -0.3925 -0.6841 0.6148
vn -0.5865 -0.7757 -0.2329
vn 0.1857 0.2176 0.9582
vn -0.8164 0.5654 -0.1172
vn -0.6628 0.7427 0.0954
vn 0.1945 -0.9791 0.0602
vn -0.5351 -0.5986 -0.5961
vn 0.5757 -0.6038 0.5513
vn -0.2789 0.9555 0.0959
vn 0.7636 0.6370 0.1058
vn -0.5940 -0.6123 0.5218
vn -0.6152 -0.5363 0.5778
vn -0.6409 -0.5278 -0.5574
vn 0.1205 0.9899 -0.0742
vn 0.7018 0.7053 0.1000
vn -0.5530 0.7135 -0.4302
vn -0.6820 0.7187 0.1354
vn -0.5641 0.7406 0.3651
vn 0.7211 0.5155 0.4629
vn 0.2442 -0.7490 0.6160
vn -0.2667 -0.5830 -0.7674
vn -0.7205 0.6917 -0.0502
vn -0.6150 0.7551 -0.2273
vn -0.6073 -0.5993 -0.5215
vn 0.7236 0.6606 0.2000
vn -0.0328 0.7676 -0.6401
vn -0.5497 -0.7575 -0.3521
vn -0.5429 -0.4038 0.7364
vn -0.2630 0.7812 -0.5662
vn 0.7846 0.5928 0.1816
vn 0.4831 -0.8725 0.0731
vn -0.6278 -0.6287 -0.4589
vn 0.4630 -0.7895 0.4029
vn 0.6107 -0.6659 0.4285
vn 0.5440 -0.8329 0.1016
vn 0.7625 0.6445 0.0570
vn -0.0863 0.9035 -0.4197
vn 0.5928 -0.7428 -0.3112
vn 0.7495 -0.6140 0.2475
vn -0.5802 -0.6331 0.5125
vn -0.2845 0.0473 -0.9575
vn -0.6718 0.6716 0.3124
vn -0.9253 -0.0445 0.3767
vn 0.9027 0.2728 -0.3327
vn 0.3421 -0.0018 0.9397
vn -0.6726 -0.4612 -0.5787
vn 0.3205 -0.6070 -0.7272
vn -0.1588 0.9384 -0.3069
vn -0.3700 -0.4913 0.7885
vn -0.7146 0.6666 -0.2122
vn -0.2078 0.0711 -0.9756
vn -0.8770 -0.4767 -0.0607
vn 0.7763 0.6302 -0.0164
vn -0.3114 0.5591 -0.7684
vn -0.1305 0.8813 -0.4542
vn -0.0473 -0.7389 0.6722
vn 0.0303 0.9461 -0.3223
vn 0.0890 0.9358 -0.3410
vn 0.7691 -0.6234 0.1409
vn -0.1884 0.9225 -0.3370
vn -0.3197 -0.5180 -0.7934
vn -0.6993 -0.5732 0.4271
vn -0.7041 -0.5815 0.4075
vn 0.3511 0.2114 0.9122
vn -0.2924 -0.7411 0.6044
vn 0.6630 -0.5806 0.4725
vn 0.2340 0.6483 0.7245
vn -0.1115 -0.7511 -0.6507
vn 0.4647 -0.8706 0.1615
vn 0.5197 -0.8440 -0.1327
vn -0.3321 -0.8663 0.3733
vn 0.8902 -0.3393 -0.3039
vn 0.2927 -0.4805 -0.8267
vn -0.2295 0.9346 0.2718
vn -0.1745 0.9335 0.3134
vn 0.7697 0.6373 0.0365
vn 0.6172 -0.6507 0.4423
vn 0.5088 -0.7250 0.4642
vn 0.1986 -0.7803 0.5930
vn -0.1209 -0.7204 0.6829
vn -0.3611 0.9291 0.0797
vn -0.4601 0.8839 0.0834
vn -0.6714 -0.7332 -0.1080
vn -0.7456 -0.2171 -0.6300
vn -0.7027 -0.6312 0.3284
vn -0.7437 -0.5778 -0.3363
vn 0.0881 0.7880 -0.6093
vn -0.6797 0.7222 0.1281
vn -0.4150 0.8815 0.2251
vn 0.5885 -0.7963 0.1399
vn -0.4459 -0.6526 0.6126
vn 0.6218 -0.7045 0.3422
vn 0.5391 -0.7465 -0.3900
vn 0.7762 -0.4669 0.4237
vn 0.7914 0.6101 -0.0385
vn -0.4000 -0.6501 0.6460
vn 0.4780 0.6234 0.6188
vn 0.5695 -0.5878 0.5745
vn 0.3558 0.3150 0.8799
vn -0.5693 -0.6121 0.5489
vn -0.5652 -0.3386 0.7522
vn 0.5463 -0.6902 0.4745
vn 0.4629 -0.8259 0.3218
vn -0.1596 -0.9851 0.0648
vn -0.6991 -0.5072 0.5040
vn 0.1959 -0.7643 0.6144
vn 0.5933 -0.6520 0.4721
vn 0.5904 -0.7722 0.2350
vn -0.2758 -0.6237 -0.7314
vn 0.0199 -0.1158 0.9931
vn -0.0696 -0.7726 -0.6311
vn -0.6958 0.7078 -0.1221
vn 0.4630 -0.4547 -0.7608
vn 0.1716 0.7354 -0.6555
vn 0.4573 0.8509 0.2583
vn 0.8495 -0.4757 0.2283
vn -0.2941 -0.6247 0.7233
vn 0.7633 -0.3585 -0.5374
vn -0.7327 0.6716 -0.1098
vn -0.6145 -0.6252 0.4811
vn -0.5844 -0.4675 0.6632
vn -0.9542 0.1654 -0.2495
vn -0.6638 0.7416 -0.0970
vn 0.4928 -0.1890 -0.8494
vn 0.7504 0.5617 0.3484
vn 0.1175 0.7406 0.6615
vn 0.9918 0.0826 0.0971
vn 0.9530 0.2331 0.1937
vn -0.8236 -0.1988 -0.5312
vn -0.7045 -0.5345 -0.4670
vn -0.9448 -0.3275 0.0078
vn -0.3376 0.8744 -0.3484
vn -0.5210 -0.3404 -0.7827
vn 0.8370 0.4445 0.3192
vn 0.3158 0.4782 -0.8196
vn 0.5273 -0.7871 -0.3200
vn 0.6101 -0.7471 -0.2640
vn -0.6116 -0.5868 0.5308
vn 0.8493 0.4305 0.3054
vn -0.6392 -0.6333 0.4364
vn 0.8216 0.5091 0.2565
vn -0.6651 -0.6204 -0.4156
vn -0.1204 0.3892 0.9133
vn -0.0793 0.5614 0.8238
vn -0.7296 -0.4764 -0.4906
vn 0.8296 0.0265 0.5578
vn 0.5455 -0.5608 -0.6228
vn -0.8052 -0.1503 -0.5737
vn -0.5140 0.8108 0.2802
vn -0.7244 0.6781 0.1245
vn -0.9505 -0.3074 -0.0447
vn 0.7668 0.6387 0.0631
vn 0.7102 -0.4484 -0.5428
vn 0.2300 0.7074 0.6683
vn 0.9182 0.1882 -0.3485
vn -0.2513 0.2392 -0.9379
vn -0.5181 0.5024 -0.6922
vn -0.0468 -0.7271 0.6850
vn -0.6890 0.6594 -0.3008
vn -0.5194 -0.6323 0.5749
vn -0.4631 -0.7007 0.5427
vn -0.7609 -0.4194 -0.4951
vn 0.5638 -0.6291 0.5351
vn 0.7713 0.6364 -0.0141
vn 0.3180 -0.8923 0.3206
vn 0.7975 0.5800 0.1659
vn -0.9783 -0.2020 -0.0473
vn -0.4003 -0.1395 0.9057
vn -0.5617 -0.4779 0.6753
vn 0.9776 -0.1998 -0.0656
vn 0.9181 -0.3702 -0.1418
vn 0.2620 0.3883 0.8835
vn -0.4069 -0.6588 0.6328
vn -0.6806 0.7194 0.1388
vn 0.2254 -0.6825 0.6952
vn -0.7102 -0.5389 -0.4530
vn -0.6457 -0.5628 0.5160
vn 0.7806 0.6137 0.1185
vn 0.7979 0.5945 0.0998
vn 0.7819 0.6148 0.1028
vn -0.6660 0.7440 0.0542
vn 0.5570 -0.7367 0.3834
vn 0.0912 -0.7805 0.6185
vn -0.3023 -0.2083 -0.9302
vn -0.1673 -0.0191 -0.9857
vn 0.7003 0.5197 0.4893
vn -0.6990 0.7148 0.0224
vn 0.4105 -0.6805 -0.6069
vn 0.4638 -0.6556 -0.5959
vn 0.6712 -0.5484 -0.4987
vn -0.5873 0.8093 -0.0117
vn -0.6530 0.7561 0.0438
vn -0.7052 -0.5089 0.4936
vn 0.1961 -0.1420 0.9702
vn 0.8233 -0.5495 -0.1422
vn 0.2309 0.6876 0.6884
vn -0.2731 -0.9616 0.0277
vn -0.6882 0.7140 0.1285
vn -0.5362 -0.4866 0.6897
vn -0.5435 -0.4469 0.7106
vn -0.5619 -0.4397 0.7007
vn 0.7842 0.6112 0.1073
vn -0.6246 -0.5422 0.5620
vn 0.2494 0.4917 0.8343
vn 0.7417 0.5718 0.3506
vn 0.1979 0.5064 0.8393
vn -0.7448 -0.6357 0.2029
vn -0.0952 -0.7663 0.6353
vn 0.0515 -0.1868 0.9810
vn 0.0953 -0.3131 0.9449
vn -0.2182 0.9739 -0.0628
vn -0.8239 -0.3464 -0.4485
vn -0.6992 -0.5170 -0.4938
vn -0.1710 -0.0391 -0.9845
vn -0.1579 0.1050 -0.9818
vn 0.4341 -0.3956 -0.8093
vn -0.8463 -0.4352 -0.3072
vn -0.7401 -0.2034 -0.6410
vn 0.8322 -0.2017 -0.5165
vn -0.7003 0.7139 0.0074
vn 0.6623 0.3176 -0.6786
vn -0.7110 0.7008 -0.0579
vn -0.6941 0.7151 -0.0824
vn -0.6548 0.7557 -0.0118
vn -0.6646 0.7460 -0.0425
vn -0.1617 0.9539 -0.2529
vn 0.7588 -0.5120 -0.4026
vn 0.7723 0.5564 0.3066
vn -0.6313 -0.5625 -0.5340
vn -0.0883 -0.9827 0.1627
vn 0.8306 0.5160 0.2096
vn 0.6254 -0.6310 0.4590
vn 0.7595 0.5649 0.3227
vn -0.6485 -0.7259 0.2291
vn 0.6046 -0.6998 0.3805
vn -0.8597 -0.0515 -0.5083
vn -0.5983 -0.5889 0.5433
vn -0.4254 -0.6411 0.6388
vn -0.6864 0.7201 -0.1018
vn 0.7907 0.5974 0.1338
vn -0.3441 0.7401 0.5778
vn 0.3810 0.6773 0.6293
vn 0.0522 0.7916 -0.6088
vn 0.6512 -0.5870 -0.4810
vn 0.4170 -0.8690 -0.2662
vn 0.5563 0.6651 -0.4981
vn 0.7857 0.6066 0.1211
vn -0.1062 0.9566 0.2713
vn -0.5750 0.8047 0.1475
vn 0.7797 0.6202 0.0864
vn -0.6761 0.7267 0.1220
vn 0.3471 -0.7469 0.5671
vn -0.2226 0.9478 0.2284
vn 0.3854 -0.3093 0.8694
vn -0.3981 -0.5449 -0.7380
vn 0.6401 -0.3977 0.6573
vn -0.7043 -0.5066 -0.4974
vn 0.7625 0.4912 0.4210
vn 0.7786 0.4583 0.4286
vn 0.7312 0.4398 0.5215
vn 0.7657 0.6194 0.1734
vn 0.1442 -0.7816 0.6069
vn -0.5354 0.8385 -0.1012
vn 0.5572 -0.5022 0.6613
vn -0.6905 -0.6272 0.3602
vn -0.8595 0.1478 -0.4893
vn 0.0978 0.6683 0.7374
vn 0.8483 -0.5283 0.0364
vn -0.6289 -0.7282 -0.2723
vn -0.5544 -0.4361 0.7089
vn 0.4227 0.5504 -0.7200
vn -0.6791 -0.5249 -0.5131
vn 0.0716 0.6564 0.7510
vn 0.0882 0.6568 0.7489
vn 0.0824 0.6379 0.7657
vn 0.6778 0.6589 0.3263
vn -0.2112 0.8955 -0.3917
vn 0.7610 0.6458 0.0617
vn -0.2315 -0.5201 -0.8221
vn -0.1881 0.5964 0.7804
vn 0.6096 -0.5300 0.5895
vn 0.7629 0.6419 0.0773
vn -0.6573 0.7489 -0.0845
vn 0.6779 -0.2359 -0.6963
vn 0.0610 0.8001 -0.5968
vn -0.6289 -0.6455 0.4333
vn -0.3317 -0.8216 0.4637
vn 0.7733 0.6237 0.1140
vn 0.6391 -0.6703 0.3772
vn -0.0442 0.4282 -0.9026
vn -0.7037 -0.5454 -0.4553
vn 0.2110 0.8038 0.5562
vn 0.7795 -0.3282 0.5335
vn 0.7193 -0.4729 0.5089
vn 0.0652 0.6508 0.7564
vn 0.1671 0.7058 0.6884
vn 0.6022 -0.6682 0.4370
vn 0.8891 0.1792 0.4211
vn 0.5883 -0.6850 0.4296
vn 0.3719 -0.7416 0.5584
vn 0.7069 0.6821 0.1872
vn 0.4259 0.8895 0.1655
vn -0.9997 0.0211 -0.0081
vn -0.2557 -0.8182 0.5149
vn -0.6905 -0.4905 -0.5316
vn 0.7865 0.6098 0.0981
vn -0.7007 0.6964 0.1552
vn 0.5686 -0.7605 0.3137
vn 0.6677 -0.6489 0.3648
vn 0.4819 0.0292 -0.8758
vn -0.2184 -0.4357 -0.8732
vn -0.8474 -0.4443 -0.2908
vn -0.3336 -0.6610 0.6722
vn 0.5082 -0.6859 0.5207
vn 0.5298 -0.8061 -0.2639
vn -0.0887 0.8176 -0.5689
vn -0.0578 0.9168 -0.3952
vn 0.7690 0.6390 -0.0167
vn 0.2617 0.4538 -0.8518
vn 0.5572 -0.7406 0.3756
vn -0.5906 -0.4814 0.6477
vn -0.7459 0.5507 0.3747
vn -0.6539 0.7562 -0.0245
vn -0.6299 -0.6310 -0.4528
vn -0.4800 -0.8771 -0.0171
vn 0.7087 -0.3566 0.6087
vn -0.7025 0.7098 0.0511
vn 0.4979 -0.8591 -0.1186
vn 0.9934 0.1097 -0.0330
vn 0.4400 -0.8871 0.1393
vn 0.7828 0.6151 0.0946
vn 0.3187 -0.9469 0.0416
vn 0.3670 -0.9226 0.1183
vn 0.3308 -0.7770 0.5355
vn 0.1123 0.6324 0.7665
vn -0.8187 -0.4472 -0.3603
vn -0.8654 0.2342 -0.4430
vn -0.6618 -0.7176 0.2169
vn -0.6738 0.7376 -0.0444
vn -0.6273 0.7783 -0.0262
vn -0.3674 -0.6826 0.6317
vn -0.6575 0.7396 0.1439
vn 0.1831 -0.7631 0.6198
vn 0.5917 -0.0751 0.8027
vn -0.6614 0.7337 0.1554
vn -0.7215 0.6031 0.3401
vn -0.5319 0.8348 0.1423
vn -0.6588 -0.6351 -0.4033
vn -0.6783 0.7222 -0.1352
vn -0.3308 0.8150 -0.4757
vn -0.7114 -0.6320 0.3073
vn -0.6748 0.7354 0.0614
vn -0.0070 0.3737 0.9275
vn 0.7923 0.5954 0.1337
vn -0.8207 0.3144 0.4770
vn 0.7734 0.6145 0.1556
vn 0.2615 -0.8424 0.4712
vn -0.6517 0.7491 -0.1187
vn -0.6607 -0.7024 0.2647
vn 0.4838 0.6396 0.5974
vn -0.6914 -0.5519 0.4663
vn -0.5406 -0.4003 -0.7399
vn -0.3136 0.8495 -0.4244
vn 0.7196 -0.3424 0.6041
vn 0.7465 -0.3266 0.5798
vn -0.6689 0.7324 0.1272
vn -0.6215 -0.3794 0.6854
vn -0.5324 -0.5277 0.6619
vn -0.6161 -0.5390 0.5744
vn -0.4247 -0.7046 0.5685
vn 0.5373 -0.6793 0.4999
vn 0.8301 0.4607 0.3143
vn -0.6237 0.7816 -0.0145
vn -0.1607 -0.7674 0.6207
vn -0.1088 -0.8805 -0.4613
vn -0.5190 -0.8505 0.0853
vn -0.7051 0.7016 0.1026
vn 0.6395 -0.6250 0.4477
vn 0.2602 -0.9344 -0.2432
vn -0.6910 -0.5576 -0.4600
vn -0.6777 -0.6373 0.3668
vn -0.1300 -0.7507 0.6477
vn 0.6336 -0.6544 0.4127
vn 0.6139 -0.6685 0.4199
vn 0.7068 0.5128 0.4873
vn -0.4650 -0.8647 -0.1900
vn 0.5743 -0.6600 0.4843
vn -0.4150 0.2792 -0.8659
vn -0.6304 -0.3425 0.6966
vn -0.6718 0.7406 0.0148
vn 0.7599 0.6497 -0.0207
vn 0.5629 -0.8158 0.1328
vn 0.3982 0.4410 -0.8043
vn 0.7692 0.5642 0.2999
vn -0.7176 0.6867 -0.1163
vn -0.6927 0.7201 0.0386
vn 0.6356 -0.5596 0.5318
vn 0.6624 -0.6474 0.3769
vn -0.2113 -0.6596 0.7213
vn 0.6146 -0.7453 -0.2586
vn 0.7820 0.5067 0.3628
vn -0.3513 -0.7190 0.5997
vn 0.1384 0.7378 -0.6607
vn -0.0223 -0.7242 0.6893
vn -0.7146 0.6899 0.1157
vn 0.6337 -0.6018 0.4860
vn 0.4194 -0.9068 0.0425
vn 0.7766 -0.6160 0.1318
vn 0.7769 0.6101 0.1553
vn -0.3302 -0.7274 0.6015
vn 0.6478 -0.6096 0.4568
vn 0.7320 0.6754 0.0897
vn 0.9637 -0.0984 -0.2482
vn -0.6735 0.7392 0.0067
vn -0.8507 -0.5124 0.1172
vn 0.5435 -0.7156 -0.4388
vn 0.7703 0.6254 0.1244
vn -0.2664 0.9160 -0.3001
vn 0.7309 0.3289 0.5980
vn -0.8375 -0.5450 -0.0406
vn -0.1477 -0.8124 0.5640
vn -0.5706 -0.6904 0.4447
vn 0.5098 -0.8162 0.2718
vn -0.4330 -0.7369 0.5192
vn 0.4897 -0.7927 0.3630
vn -0.4373 -0.1682 0.8834
vn 0.5368 -0.8267 -0.1686
vn -0.5079 0.7763 0.3734
vn -0.4371 0.7311 0.5239
vn -0.5861 -0.6985 0.4105
vn 0.7650 0.6440 -0.0080
vn -0.6171 -0.3860 0.6857
vn 0.0605 0.4692 0.8810
vn -0.4193 -0.6448 0.6391
vn -0.6392 0.7674 0.0496
vn 0.2842 -0.6061 -0.7429
vn -0.6810 0.7200 0.1338
vn -0.6806 0.7217 0.1257
vn -0.8033 0.0589 -0.5926
vn -0.5324 0.6645 0.5243
vn -0.3843 0.8183 0.4274
vn 0.6061 -0.7954 0.0004
vn -0.7515 -0.5848 -0.3055
vn 0.1615 0.3019 0.9396
vn -0.3111 -0.5869 -0.7475
vn 0.6675 0.4820 0.5675
vn -0.6810 0.7256 0.0987
vn -0.7497 0.5476 0.3716
vn 0.5813 0.4593 -0.6717
vn -0.5442 -0.7920 0.2767
vn -0.6212 -0.5371 -0.5707
vn -0.6318 0.7558 0.1720
vn -0.0606 -0.8919 0.4481
vn 0.6405 -0.5451 0.5410
vn 0.7139 -0.1195 -0.6900
vn -0.8145 -0.1288 -0.5657
vn -0.2037 -0.8905 0.4069
vn -0.0742 0.9411 -0.3300
vn -0.4969 -0.6703 0.5512
vn -0.1161 -0.7390 0.6636
vn -0.4411 -0.6488 0.6201
vn -0.8202 -0.4054 -0.4038
vn 0.8066 0.5031 0.3104
vn 0.6132 0.4129 -0.6734
vn -0.8366 -0.2507 -0.4871
vn -0.5455 0.7049 0.4533
vn -0.6648 -0.6454 0.3762
vn -0.0000 -0.0000 -0.0000
vn -0.1040 0.9249 -0.3657
vn -0.7450 -0.5620 -0.3594
vn -0.0984 -0.7779 0.6206
vn 0.5388 -0.7319 -0.4171
vn 0.6995 -0.6832 -0.2098
vn 0.7607 0.6310 0.1526
vn -0.7225 0.6814 -0.1167
vn -0.1374 0.5838 0.8002
vn -0.0873 0.6557 0.7500
vn -0.6823 0.7293 0.0503
vn -0.3633 -0.7362 0.5710
vn 0.3280 -0.3020 -0.8951
vn 0.6221 0.6912 0.3678
vn -0.6952 0.6657 0.2713
vn 0.0468 0.5781 -0.8146
vn 0.9153 -0.0233 -0.4022
vn -0.1593 -0.7222 0.6731
vn 0.6732 -0.7379 -0.0480
vn 0.5280 -0.8491 -0.0127
vn 0.4266 0.8787 0.2143
vn -0.8226 0.5686 -0.0098
vn -0.1085 0.9238 0.3672
vn 0.2633 0.8961 -0.3573
vn 0.0338 0.7333 -0.6791
vn -0.7438 -0.5704 -0.3484
vn -0.0858 0.7529 -0.6525
vn -0.0886 0.8791 -0.4683
vn 0.2253 -0.3213 -0.9198
vn 0.5117 -0.7735 -0.3741
vn 0.4979 -0.7896 -0.3586
vn 0.5528 0.5617 0.6155
vn -0.6655 0.7383 0.1098
vn -0.0658 -0.7251 0.6855
vn 0.5778 0.4969 0.6474
vn -0.8329 -0.3557 -0.4240
vn 0.7858 0.6030 0.1377
vn 0.5783 -0.6825 0.4470
vn -0.6757 -0.5737 -0.4630
vn -0.4245 -0.6445 0.6359
vn 0.7982 -0.5437 -0.2596
vn -0.6094 -0.6047 0.5128
vn -0.6190 -0.5601 0.5506
vn -0.0850 0.5623 0.8225
vn -0.7504 -0.5619 -0.3482
vn -0.8471 -0.4190 0.3269
vn 0.2623 -0.7598 0.5949
vn 0.3655 -0.8083 0.4617
vn 0.7679 0.6289 -0.1220
vn 0.4898 -0.7045 0.5135
vn -0.7578 -0.1693 -0.6302
vn 0.3629 0.0747 0.9288
vn -0.6374 0.7697 0.0356
vn -0.1277 -0.9759 -0.1769
vn -0.6041 0.6767 0.4208
vn 0.5561 -0.6953 0.4552
vn 0.8168 -0.3585 0.4521
vn 0.4708 -0.6857 -0.5551
vn 0.4712 -0.6258 -0.6216
vn 0.5692 -0.6073 -0.5543
vn 0.6346 -0.7335 0.2436
vn 0.2348 -0.8877 -0.3961
vn -0.1460 0.9374 -0.3161
vn 0.1998 -0.5886 -0.7834
vn -0.7508 0.5840 0.3085
vn -0.7197 0.6109 0.3299
vn 0.4345 -0.6359 0.6378
vn 0.4297 -0.8458 0.3164
vn -0.1391 -0.7665 0.6270
vn 0.3638 -0.3236 -0.8735
vn 0.7760 0.5786 0.2512
vn 0.9097 -0.1886 0.3701
vn 0.9804 -0.1775 -0.0858
vn 0.2519 -0.3006 -0.9199
vn -0.3978 -0.1193 0.9097
vn 0.3521 0.2162 0.9107
vn 0.0889 0.7867 -0.6109
vn 0.7058 0.5751 0.4138
vn -0.2408 -0.4830 -0.8419
vn 0.5196 -0.8537 -0.0340
vn -0.2088 -0.1403 0.9678
vn 0.6365 -0.3643 0.6799
vn 0.4143 -0.3768 0.8285
vn 0.3336 -0.8019 0.4956
vn 0.7366 0.5869 0.3361
vn 0.7397 0.5817 0.3383
vn 0.7644 0.5517 0.3335
vn -0.4005 -0.6325 0.6631
vn 0.1617 -0.8146 0.5571
vn 0.8624 -0.1016 -0.4959
vn -0.0078 0.7979 -0.6027
vn -0.6493 -0.3391 0.6808
vn 0.7256 -0.4598 0.5120
vn 0.7631 -0.4617 0.4523
vn 0.4049 -0.6879 0.6024
vn 0.0087 0.9463 -0.3233
vn 0.7294 -0.3352 0.5964
vn -0.6652 -0.6457 0.3750
vn -0.7748 -0.4436 -0.4505
vn 0.7380 -0.2046 0.6431
vn 0.7819 0.6225 -0.0328
vn 0.7343 -0.5264 0.4286
vn 0.6853 -0.6341 0.3580
vn 0.5763 -0.7077 0.4088
vn 0.4624 0.4964 -0.7347
vn 0.1534 -0.7349 0.6606
vn 0.3716 -0.7456 0.5531
vn 0.3727 -0.7472 0.5503
vn 0.3605 -0.7453 0.5609
vn 0.4291 -0.6923 0.5802
vn 0.5704 -0.4732 0.6714
vn 0.0599 0.5746 -0.8162
vn -0.7536 0.0867 -0.6516
vn -0.8160 -0.4510 -0.3615
vn 0.6951 -0.7003 -0.1623
vn -0.5523 0.8133 0.1828
vn -0.6210 0.7578 0.2002
vn -0.6271 0.7699 0.1180
vn 0.5570 -0.7614 0.3317
vn -0.6598 0.7510 0.0259
vn 0.2801 0.6046 0.7457
vn 0.5901 -0.7709 -0.2397
vn 0.7665 0.6345 -0.0997
vn 0.7993 0.4401 0.4092
vn 0.1917 -0.7760 0.6008
vn 0.2842 0.6530 0.7020
vn 0.3056 0.6370 0.7077
vn 0.2808 0.6105 0.7405
vn -0.7012 0.7103 0.0616
vn 0.7861 0.6088 0.1067
vn 0.5161 0.2554 -0.8175
vn 0.3641 0.9313 -0.0009
vn -0.2720 -0.3399 -0.9003
vn 0.5141 -0.6067 0.6064
vn -0.7128 0.6904 -0.1237
vn 0.5966 0.7426 0.3044
vn 0.2167 -0.7758 0.5927
vn 0.2936 -0.7541 0.5874
vn 0.8288 0.2594 -0.4958
vn -0.7677 -0.1416 -0.6250
vn -0.7580 -0.2508 -0.6021
vn 0.2487 0.4345 -0.8657
vn -0.0307 0.8446 -0.5344
vn -0.6777 -0.6390 0.3640
vn 0.4787 -0.8385 -0.2602
vn 0.2854 -0.7864 0.5478
vn 0.3578 -0.6799 0.6401
vn -0.8554 -0.4676 -0.2230
vn 0.2159 -0.7653 0.6064
vn 0.7145 0.5098 0.4792
vn 0.7432 -0.5256 0.4140
vn 0.1659 -0.8026 0.5730
vn 0.7446 0.5953 0.3019
vn -0.0684 0.5838 0.8090
vn 0.6423 -0.6696 0.3729
vn 0.6329 -0.6538 0.4147
vn -0.5516 0.7669 0.3282
vn 0.8114 -0.2478 0.5293
vn -0.7129 -0.6113 0.3436
vn 0.6914 -0.1406 0.7087
vn 0.6715 -0.7206 -0.1727
vn -0.6678 -0.5009 -0.5505
vn -0.7258 -0.4886 -0.4843
vn 0.7872 0.6166 -0.0100
vn 0.4216 -0.5049 -0.7533
vn -0.2244 -0.3905 -0.8928
vn -0.0409 -0.7987 -0.6003
vn -0.4504 -0.8760 0.1724
vn 0.0600 0.9160 -0.3966
vn 0.7854 0.6027 -0.1414
vn 0.0138 0.7765 -0.6300
vn -0.2147 0.2970 0.9304
vn 0.0697 0.9975 0.0070
vn 0.7481 0.5716 0.3371
vn 0.7953 0.6006 0.0821
vn -0.6105 0.6957 -0.3785
vn 0.5356 0.6041 0.5901
vn 0.6760 0.6259 0.3889
vn 0.6876 -0.6815 0.2505
vn 0.6698 -0.7089 -0.2210
vn 0.2773 -0.6859 -0.6728
vn -0.7137 0.7004 0.0057
vn 0.0828 0.7192 0.6898
vn 0.6859 -0.7259 -0.0510
vn -0.7737 -0.2749 -0.5708
vn 0.3476 -0.8968 0.2739
vn 0.4375 0.5397 0.7193
vn 0.5352 0.7926 0.2921
vn 0.5806 -0.6172 0.5310
vn -0.6944 0.7045 0.1465
vn 0.1917 -0.5098 -0.8387
vn -0.3388 -0.7080 0.6197
vn -0.5268 -0.6468 0.5514
vn 0.7774 0.5612 0.2843
vn -0.7104 0.7015 -0.0571
vn -0.4937 -0.4917 0.7173
vn -0.0179 -0.8878 0.4598
vn 0.7519 0.6384 -0.1645
vn -0.6321 -0.5561 -0.5397
vn 0.1175 0.6466 0.7537
vn 0.7421 0.5636 0.3628
vn 0.7530 0.4869 0.4427
vn -0.8306 -0.4038 0.3836
vn -0.3607 0.8267 -0.4318
vn 0.5952 -0.6833 0.4229
vn -0.6658 -0.6223 -0.4116
vn 0.4885 -0.8335 -0.2582
vn 0.2613 -0.9523 -0.1578
vn 0.4831 -0.8571 -0.1790
vn 0.3722 -0.8046 0.4627
vn -0.3296 -0.7642 0.5544
vn -0.7143 0.6995 0.0225
vn -0.5964 0.7990 -0.0766
vn -0.6964 0.6893 -0.1996
vn -0.6866 0.7071 -0.1691
vn 0.0763 0.7463 -0.6613
vn 0.1634 -0.7877 0.5940
vn 0.8609 -0.3069 0.4058
vn -0.7098 0.6681 0.2230
vn -0.3884 -0.8871 -0.2495
vn -0.3736 -0.7307 0.5715
vn 0.5504 0.2354 -0.8010
vn 0.1824 0.5983 0.7802
vn 0.6444 -0.6011 -0.4727
vn 0.6324 -0.6777 0.3753
vn -0.6653 0.7374 0.1165
vn 0.9289 -0.2409 0.2814
vn -0.6752 0.7278 -0.1200
vn -0.6303 0.7403 0.2338
vn 0.6890 -0.5034 -0.5214
vn 0.7386 -0.5894 0.3273
vn 0.7640 0.6044 0.2260
vn 0.6393 -0.6164 -0.4596
vn -0.7159 0.6904 0.1041
vn 0.2920 0.5153 0.8057
vn -0.3010 -0.5934 -0.7465
vn 0.7908 -0.5736 -0.2137
vn -0.6632 0.7456 0.0656
vn 0.7437 0.5754 0.3403
vn 0.3977 -0.2519 -0.8822
vn 0.5505 -0.6497 0.5243
vn 0.5405 0.8413 0.0020
vn -0.0373 0.8035 0.5941
vn 0.7856 0.6022 0.1422
vn 0.7739 0.6270 0.0892
vn -0.1236 0.3887 0.9130
vn -0.3521 -0.7543 0.5542
vn -0.2531 -0.7068 0.6606
vn -0.5189 -0.5852 0.6231
vn 0.6970 0.6500 0.3027
vn 0.6778 0.6650 -0.3137
vn 0.6294 -0.7274 -0.2732
vn 0.6469 -0.6828 -0.3396
vn 0.0889 0.8305 -0.5499
vn 0.0554 0.8807 -0.4704
vn -0.7019 -0.5585 0.4421
vn 0.3499 -0.7479 0.5641
vn -0.3240 -0.5707 0.7545
vn 0.8161 0.5686 0.1039
vn 0.7912 0.5966 0.1345
vn 0.6678 -0.1510 -0.7289
vn -0.3206 0.8514 -0.4152
vn 0.7866 0.6171 -0.0208
vn 0.2334 -0.7767 0.5850
vn 0.7738 -0.3645 0.5181
vn -0.6129 -0.6755 -0.4100
vn -0.8644 -0.4790 0.1529
vn -0.7463 -0.5693 -0.3450
vn -0.7441 -0.5713 -0.3462
vn 0.3836 -0.9052 0.1829
vn 0.1189 -0.8090 0.5757
vn 0.2531 -0.7772 0.5761
vn 0.7914 0.6106 0.0291
vn 0.1774 0.5826 0.7931
vn -0.7265 -0.4842 -0.4875
vn -0.5773 -0.4084 0.7071
vn 0.5242 0.8425 0.1241
vn -0.7051 -0.5143 -0.4882
vn 0.8023 0.3834 0.4574
vn 0.8934 -0.2381 0.3810
vn 0.7631 0.5662 0.3116
vn 0.6003 -0.7965 0.0726
vn -0.4548 -0.6322 0.6273
vn 0.7412 -0.3871 0.5484
vn -0.7256 0.6876 -0.0271
vn 0.0419 -0.6680 0.7430
vn -0.4972 0.7928 0.3525
vn -0.7351 0.1322 0.6649
vn -0.3343 -0.8813 0.3339
vn -0.4390 -0.7362 0.5151
vn 0.6181 -0.6682 0.4140
vn 0.5677 -0.8074 -0.1607
vn -0.1756 0.5888 -0.7890
vn -0.8757 -0.3980 0.2735
vn 0.7720 0.3148 0.5522
vn 0.8094 0.5803 0.0896
vn 0.6911 -0.7186 -0.0770
vn 0.6997 -0.4251 0.5742
vn -0.7174 0.6862 0.1204
vn 0.2866 -0.7502 0.5959
vn -0.3272 0.7463 -0.5796
vn 0.7374 0.6742 0.0426
vn 0.7765 0.6301 0.0082
vn 0.4308 0.5184 0.7387
vn 0.2352 -0.7666 0.5976
vn -0.6659 -0.4562 -0.5902
vn -0.6397 0.5882 0.4949
vn 0.8281 0.5017 0.2501
vn -0.4354 -0.7058 0.5588
vn -0.5727 0.7361 -0.3609
vn -0.6974 -0.5051 -0.5085
vn 0.7495 0.6332 0.1930
vn 0.5351 0.5176 0.6676
vn 0.3925 0.6426 0.6581
vn -0.5955 -0.6095 -0.5233
vn -0.5329 0.8450 0.0442
vn -0.2557 -0.7392 0.6230
vn -0.7723 -0.5078 0.3816
vn 0.5265 -0.7544 0.3919
vn 0.4347 -0.8565 0.2783
vn -0.6157 -0.3984 0.6798
vn -0.1498 -0.3736 -0.9154
vn -0.8101 0.4820 -0.3337
vn 0.6710 -0.1419 -0.7277
vn -0.7434 -0.2586 -0.6169
vn -0.5637 -0.5282 0.6350
vn -0.5413 -0.5784 0.6102
vn 0.5051 0.8129 0.2899
vn 0.5979 -0.7257 0.3404
vn 0.7173 0.0377 -0.6957
vn 0.5428 0.0041 -0.8399
vn 0.7555 -0.3660 0.5434
vn 0.7601 0.5482 0.3488
vn -0.7794 -0.0627 -0.6234
vn 0.5421 -0.3306 -0.7725
vn 0.1360 -0.5577 0.8188
vn 0.2333 -0.7709 0.5926
vn 0.7831 0.5983 -0.1696
vn -0.5877 0.7927 0.1619
vn -0.7142 0.6872 0.1330
vn -0.3329 -0.6857 0.6472
vn -0.7612 -0.1671 -0.6266
vn -0.7532 -0.4292 -0.4985
vn -0.7213 0.6867 0.0909
vn 0.0178 0.6302 0.7762
vn 0.0949 0.6541 0.7504
vn -0.3196 -0.7581 0.5684
vn 0.5142 -0.6837 -0.5179
vn 0.7770 0.5631 0.2814
vn 0.5240 -0.6853 0.5057
vn 0.5548 -0.6902 0.4646
vn 0.5772 -0.6964 0.4265
vn 0.5456 -0.6788 0.4915
vn 0.5624 0.0799 -0.8230
vn -0.6647 0.7312 0.1533
vn 0.6194 -0.6559 0.4314
vn 0.3614 -0.8305 -0.4239
vn 0.5571 -0.8053 -0.2029
vn -0.7886 -0.0865 -0.6089
vn 0.6225 -0.6646 0.4133
vn -0.7797 0.5540 -0.2919
vn 0.7427 0.6669 0.0606
vn 0.3538 -0.4980 -0.7917
vn 0.7843 0.6204 0.0103
vn 0.7126 -0.0895 0.6958
vn 0.5235 -0.8518 0.0189
vn -0.8496 -0.2390 -0.4702
vn -0.8146 -0.3087 -0.4911
vn -0.5542 -0.6897 0.4660
vn -0.6949 -0.5380 0.4771
vn -0.1755 -0.7382 0.6513
vn -0.8095 -0.4518 -0.3749
vn 0.5023 -0.7103 0.4932
vn -0.0110 0.6090 0.7931
vn 0.7859 0.6097 0.1035
vn 0.7054 -0.3871 0.5938
vn 0.0405 -0.8916 0.4510
vn -0.5843 0.7944 0.1658
vn 0.0985 -0.7944 0.5994
vn -0.6948 -0.4769 0.5384
vn 0.7549 -0.6361 -0.1595
vn -0.6377 0.5251 0.5637
vn -0.3374 0.6068 -0.7196
vn 0.1474 0.7878 -0.5981
vn 0.5200 0.5112 0.6843
vn -0.6919 0.6949 0.1961
vn 0.1981 0.7657 -0.6119
vn -0.2537 0.6301 -0.7339
vn 0.5501 -0.7034 0.4502
vn -0.7078 0.7064 -0.0008
vn 0.2887 0.6923 0.6613
vn 0.7686 0.6340 -0.0854
vn -0.2598 0.7730 -0.5787
vn 0.8490 -0.0623 0.5247
vn 0.4217 -0.1002 -0.9012
vn 0.1654 0.7278 -0.6655
vn -0.0406 -0.7476 0.6629
vn 0.8874 0.4347 0.1538
vn 0.5042 -0.8614 0.0616
vn 0.3969 -0.8560 0.3313
vn -0.7789 -0.0688 -0.6233
vn -0.6490 0.7542 0.1002
vn 0.4419 -0.4254 -0.7898
vn -0.0808 -0.7354 0.6728
vn 0.7184 0.5311 0.4492
vn 0.6393 -0.7636 -0.0902
vn -0.3797 -0.6201 0.6865
vn -0.3473 -0.9342 -0.0817
vn 0.0780 0.6177 0.7826
vn 0.1600 0.5278 0.8342
vn 0.1761 0.8419 0.5101
vn 0.6091 -0.7592 -0.2295
vn -0.3976 -0.8799 -0.2602
vn 0.7539 0.4946 0.4324
vn -0.7427 -0.5687 -0.3536
vn -0.7579 -0.6498 -0.0584
vn 0.6881 -0.4127 0.5968
vn -0.1644 -0.6027 -0.7809
vn -0.3216 -0.4669 -0.8238
vn 0.1657 0.8057 -0.5687
vn -0.5971 0.7314 0.3293
vn 0.4544 -0.3144 0.8335
vn 0.5885 -0.5524 0.5903
vn 0.6585 -0.1613 0.7351
vn 0.0101 0.7870 -0.6169
vn 0.4016 -0.0898 -0.9114
vn 0.6629 -0.0975 -0.7423
vn 0.6835 0.5173 0.5151
vn -0.6133 -0.6374 -0.4665
vn 0.1851 -0.6676 0.7212
vn 0.7027 -0.7110 -0.0254
vn -0.6449 0.7589 0.0907
vn -0.6673 0.7437 0.0402
vn -0.4694 0.4476 -0.7611
vn 0.2334 0.5850 0.7767
vn -0.7579 0.6514 0.0352
vn -0.2930 -0.6568 0.6949
vn -0.2612 -0.6914 0.6736
vn 0.6540 -0.7408 -0.1530
vn 0.7557 0.5694 0.3237
vn -0.6578 0.7520 0.0425
vn 0.7894 0.6128 0.0363
vn 0.7916 0.6099 0.0382
vn 0.3679 -0.7513 0.5479
vn 0.1619 -0.6977 0.6978
vn 0.7956 0.6056 0.0126
vn -0.5167 0.8515 0.0890
vn -0.5382 -0.6177 0.5734
vn 0.0089 0.7895 -0.6137
vn 0.5121 0.5195 0.6841
vn 0.4714 0.5223 0.7106
vn 0.4376 -0.6402 0.6314
vn 0.0530 -0.7440 0.6661
vn 0.7160 -0.0962 -0.6914
vn 0.5971 -0.5571 0.5772
vn 0.4695 -0.7553 0.4573
vn 0.8620 -0.5068 0.0121
vn -0.7115 0.6866 0.1494
vn -0.7143 0.6505 0.2582
vn -0.0900 0.8899 -0.4471
vn -0.0579 0.8228 -0.5654
vn 0.8292 0.5005 -0.2491
vn 0.4902 0.8600 0.1416
vn 0.4933 0.8490 0.1890
vn 0.4206 0.2753 -0.8645
vn 0.0156 0.7917 -0.6107
vn -0.5639 -0.7567 -0.3308
vn -0.5579 0.0909 0.8249
vn -0.0276 -0.7676 0.6404
vn -0.6575 0.7501 0.0715
vn 0.1647 -0.7810 0.6024
vn -0.6999 0.7114 0.0642
vn 0.7530 -0.2748 0.5979
vn 0.4910 -0.6745 0.5514
vn -0.4846 -0.6128 0.6243
vn 0.7627 0.5287 0.3724
vn -0.7122 -0.5888 0.3821
vn 0.8075 -0.0159 -0.5897
vn -0.1159 -0.7180 0.6863
vn 0.7571 0.2981 -0.5813
vn 0.7240 -0.3634 0.5863
vn -0.6613 0.7185 -0.2155
vn 0.2123 -0.7657 0.6072
vn 0.7755 0.6249 0.0900
vn 0.7716 0.5114 0.3782
vn 0.2885 -0.7857 0.5473
vn -0.7742 0.6311 0.0472
vn 0.5873 0.6365 -0.4999
vn 0.2786 -0.7451 0.6060
vn 0.8267 0.5262 0.1993
vn -0.6747 0.7293 0.1133
vn 0.6137 -0.6817 0.3983
vn 0.5670 -0.6713 0.4773
vn -0.5195 -0.5424 0.6602
vn -0.6778 0.7231 0.1331
vn -0.5954 -0.7749 0.2121
vn 0.2963 -0.9529 0.0646
vn 0.5725 -0.7947 0.2018
vn 0.5061 0.0105 -0.8624
vn 0.5144 -0.1908 -0.8360
vn 0.6280 -0.6416 0.4405
vn 0.6273 -0.6391 0.4450
vn -0.5265 -0.5062 -0.6830
vn 0.7842 -0.2793 0.5541
vn 0.6614 -0.6435 0.3852
vn -0.0669 0.9128 -0.4030
vn 0.0037 0.8983 -0.4394
vn -0.1906 0.7859 -0.5882
vn 0.0169 0.7661 -0.6424
vn 0.5227 -0.6777 0.5172
vn 0.6338 -0.7707 -0.0661
vn 0.6149 -0.7797 0.1182
vn 0.7432 0.5778 0.3375
vn 0.7471 0.6647 0.0094
vn 0.5579 0.5979 0.5755
vn 0.4485 -0.6931 0.5644
vn 0.3303 -0.7222 0.6077
vn -0.0086 -0.7312 0.6821
vn -0.7904 -0.4526 -0.4128
vn 0.8022 0.5855 0.1167
vn -0.6505 0.7595 -0.0025
vn -0.6682 0.7402 0.0750
vn 0.7705 0.6374 -0.0052
vn -0.5886 -0.6133 -0.5268
vn 0.8175 0.5759 0.0115
vn 0.4951 0.5446 0.6770
vn 0.6063 -0.6685 0.4308
vn 0.5834 -0.7003 0.4114
vn -0.5687 -0.4244 0.7046
vn -0.7368 -0.3208 -0.5951
vn 0.5231 -0.7364 0.4291
vn 0.5884 -0.7150 0.3775
vn 0.6749 0.1335 -0.7257
vn 0.6857 -0.4623 0.5622
vn 0.7413 0.5493 0.3857
vn -0.1555 -0.4612 -0.8736
vn -0.7439 -0.5788 -0.3342
vn -0.7302 -0.5837 -0.3551
vn 0.7724 0.4961 -0.3966
vn 0.8106 0.5427 -0.2201
vn 0.5662 -0.5657 0.5996
vn -0.6832 -0.4735 -0.5560
vn -0.5699 0.7073 0.4182
vn -0.5705 -0.7029 0.4248
vn -0.6015 -0.6204 0.5033
vn 0.8221 0.5467 0.1590
vn 0.7791 0.6244 0.0562
vn -0.7036 0.7042 0.0952
vn 0.5477 -0.5878 0.5954
vn 0.4112 0.6755 0.6120
vn -0.6859 0.1127 -0.7189
vn -0.5315 0.8339 0.1487
vn -0.5447 -0.5407 0.6411
vn -0.3379 0.9057 0.2560
vn -0.5790 0.7704 -0.2670
vn -0.6464 0.7612 -0.0525
vn -0.6106 0.7817 -0.1270
vn -0.6377 0.7691 0.0432
vn 0.7735 0.5830 0.2484
vn 0.7577 0.2951 -0.5821
vn -0.7611 -0.6480 0.0276
vn 0.3866 -0.7988 0.4609
vn 0.4167 -0.1027 -0.9032
vn 0.4430 -0.8436 0.3034
vn -0.8399 -0.1779 -0.5127
vn 0.4004 0.6861 0.6074
vn 0.1715 0.7452 0.6444
vn 0.8201 0.5343 0.2046
vn -0.5740 -0.6550 -0.4915
vn -0.8311 -0.4572 -0.3165
vn -0.5948 0.7687 0.2350
vn 0.8396 -0.5396 -0.0629
vn 0.6938 -0.6426 -0.3251
vn 0.6489 -0.7108 -0.2715
vn 0.7654 0.6414 0.0521
vn -0.7638 0.5569 -0.3264
vt 0.156955 0.695038
vt 0.128944 0.685894
vt 0.162439 0.693896
vt 0.434380 0.472631
vt 0.437729 0.473707
vt 0.435985 0.474689
vt 0.683499 0.149423
vt 0.680890 0.159369
vt 0.681111 0.149357
vt 0.411459 0.563035
vt 0.409411 0.562234
vt 0.409371 0.559891
vt 0.993554 0.726299
vt 0.991493 0.726088
vt 0.993873 0.723794
vt 0.390393 0.733622
vt 0.388882 0.733670
vt 0.388916 0.731235
vt 0.376405 0.553883
vt 0.380445 0.562893
vt 0.364842 0.567007
vt 0.704277 0.058103
vt 0.711485 0.107849
vt 0.685137 0.040432
vt 0.287508 0.526456
vt 0.285282 0.523998
vt 0.287611 0.521751
vt 0.605393 0.792443
vt 0.606994 0.792687
vt 0.607427 0.795069
vt 0.176864 0.467366
vt 0.174845 0.467677
vt 0.175693 0.465455
vt 0.394211 0.731197
vt 0.392660 0.729417
vt 0.394211 0.728779
vt 0.848608 0.613516
vt 0.847297 0.610292
vt 0.849612 0.582843
vt 0.409760 0.576458
vt 0.405983 0.578463
vt 0.408118 0.571239
vt 0.409557 0.691882
vt 0.407094 0.693800
vt 0.409505 0.689376
vt 0.398304 0.785641
vt 0.398749 0.778112
vt 0.400254 0.780597
vt 0.638980 0.792443
vt 0.637377 0.794948
vt 0.636952 0.792443
vt 0.410698 0.433436
vt 0.412038 0.435644
vt 0.410758 0.435488
vt 0.598956 0.792533
vt 0.600622 0.799098
vt 0.598956 0.798238
vt 0.624949 0.590153
vt 0.618807 0.598116
vt 0.624115 0.589621
vt 0.961005 0.889787
vt 0.964138 0.893155
vt 0.959731 0.891406
vt 0.495548 0.803875
vt 0.487649 0.796801
vt 0.493542 0.794109
vt 0.838908 0.087482
vt 0.836615 0.088911
vt 0.837755 0.086695
vt 0.383718 0.729335
vt 0.385702 0.728779
vt 0.385507 0.730909
vt 0.784442 0.189381
vt 0.782898 0.186926
vt 0.784643 0.187024
vt 0.838570 0.620042
vt 0.829472 0.629829
vt 0.840788 0.607563
vt 0.634972 0.795086
vt 0.633099 0.792443
vt 0.635067 0.792443
vt 0.344906 0.803263
vt 0.344523 0.800036
vt 0.347414 0.800736
vt 0.437354 0.609216
vt 0.438546 0.610704
vt 0.436976 0.615352
vt 0.864217 0.752196
vt 0.867123 0.750250
vt 0.865951 0.754824
vt 0.914452 0.001907
vt 0.913895 0.000000
vt 0.932048 0.003963
vt 0.938945 0.359763
vt 0.936227 0.362032
vt 0.934642 0.358178
vt 0.409495 0.754764
vt 0.411134 0.754493
vt 0.409395 0.759606
vt 0.395969 0.727157
vt 0.396095 0.724771
vt 0.398036 0.722817
vt 0.482085 0.802051
vt 0.483212 0.799896
vt 0.483720 0.802655
vt 0.376765 0.240705
vt 0.383673 0.244182
vt 0.388284 0.247459
vt 0.646657 0.795003
vt 0.644808 0.792453
vt 0.646657 0.792443
vt 0.612131 0.760061
vt 0.608785 0.756231
vt 0.612138 0.756824
vt 0.411030 0.786034
vt 0.410318 0.789059
vt 0.409463 0.786691
vt 0.191552 0.710340
vt 0.184374 0.708422
vt 0.192152 0.708676
vt 0.439844 0.565200
vt 0.484462 0.559948
vt 0.458838 0.567067
vt 0.854450 0.327077
vt 0.855310 0.324983
vt 0.891946 0.345444
vt 0.010041 0.734427
vt 0.010843 0.736978
vt 0.009510 0.737617
vt 0.603622 0.631328
vt 0.608478 0.625242
vt 0.604579 0.656919
vt 0.629922 0.776513
vt 0.628820 0.778273
vt 0.626390 0.777742
vt 0.625314 0.792443
vt 0.627290 0.795167
vt 0.625314 0.794638
vt 0.598968 0.291963
vt 0.601256 0.289950
vt 0.601491 0.292152
vt 0.043282 0.537429
vt 0.043164 0.541972
vt 0.041422 0.547254
vt 0.005938 0.696185
vt 0.005132 0.722374
vt 0.001938 0.716748
vt 0.824219 0.107692
vt 0.827792 0.104065
vt 0.825901 0.108742
vt 0.631021 0.795019
vt 0.633053 0.794893
vt 0.510127 0.443247
vt 0.513607 0.432235
vt 0.520580 0.430752
vt 0.419270 0.201501
vt 0.419555 0.193741
vt 0.421350 0.201193
vt 0.397835 0.709184
vt 0.398713 0.706139
vt 0.403034 0.707043
vt 0.335455 0.365312
vt 0.336115 0.363031
vt 0.337864 0.362924
vt 0.590747 0.611891
vt 0.598044 0.619523
vt 0.586413 0.616003
vt 0.546613 0.794737
vt 0.548094 0.792443
vt 0.549586 0.797325
vt 0.411271 0.633113
vt 0.408668 0.633036
vt 0.408777 0.630701
vt 0.579144 0.798037
vt 0.581478 0.794911
vt 0.581478 0.798643
vt 0.602337 0.740014
vt 0.604449 0.738697
vt 0.605711 0.740807
vt 0.547762 0.123483
vt 0.545509 0.121916
vt 0.547747 0.121313
vt 0.627290 0.795263
vt 0.629194 0.792443
vt 0.629194 0.794977
vt 0.440907 0.540427
vt 0.438603 0.545521
vt 0.438638 0.543224
vt 0.646381 0.772334
vt 0.644478 0.772264
vt 0.644825 0.769488
vt 0.811500 0.379204
vt 0.819338 0.383045
vt 0.812109 0.392187
vt 0.063085 0.030329
vt 0.064771 0.028122
vt 0.065200 0.029795
vt 0.194436 0.566079
vt 0.197179 0.567930
vt 0.194949 0.570368
vt 0.885348 0.008790
vt 0.883258 0.008011
vt 0.885241 0.003793
vt 0.741923 0.744876
vt 0.744434 0.740712
vt 0.743370 0.745597
vt 0.882531 0.373202
vt 0.881649 0.371036
vt 0.884148 0.370073
vt 0.561959 0.794440
vt 0.563638 0.798328
vt 0.560694 0.796414
vt 0.395673 0.059129
vt 0.392356 0.052116
vt 0.400740 0.055227
vt 0.794960 0.441094
vt 0.794139 0.433663
vt 0.794689 0.428798
vt 0.412021 0.564246
vt 0.412053 0.566649
vt 0.410460 0.566134
vt 0.454958 0.519122
vt 0.438396 0.528223
vt 0.434028 0.516265
vt 0.337686 0.708846
vt 0.336319 0.708531
vt 0.338785 0.704409
vt 0.344746 0.654700
vt 0.344797 0.644542
vt 0.346885 0.647870
vt 0.410280 0.709102
vt 0.412059 0.708995
vt 0.412091 0.711491
vt 0.403660 0.498564
vt 0.402122 0.496400
vt 0.402233 0.493971
vt 0.688538 0.020845
vt 0.690912 0.023423
vt 0.677856 0.027978
vt 0.883768 0.082070
vt 0.887608 0.081448
vt 0.886039 0.081741
vt 0.348690 0.774097
vt 0.347253 0.773190
vt 0.347174 0.770982
vt 0.274145 0.691257
vt 0.282245 0.691807
vt 0.285129 0.693949
vt 0.779985 0.193856
vt 0.778221 0.196236
vt 0.778240 0.193815
vt 0.886425 0.001505
vt 0.883578 0.003296
vt 0.885473 0.000197
vt 0.365390 0.446477
vt 0.364756 0.443428
vt 0.365952 0.443988
vt 0.876369 0.488970
vt 0.875608 0.491493
vt 0.874698 0.490865
vt 0.296768 0.661074
vt 0.294967 0.659328
vt 0.296236 0.658051
vt 0.079012 0.544964
vt 0.080058 0.539349
vt 0.086949 0.541998
vt 0.613424 0.793149
vt 0.615362 0.794663
vt 0.613368 0.795320
vt 0.900627 0.473031
vt 0.885693 0.480035
vt 0.902817 0.470757
vt 0.510882 0.797631
vt 0.512685 0.802787
vt 0.507019 0.800243
vt 0.158627 0.095612
vt 0.168929 0.091514
vt 0.171298 0.093319
vt 0.277215 0.618435
vt 0.276081 0.622955
vt 0.275168 0.618364
vt 0.619305 0.792443
vt 0.617348 0.795341
vt 0.617453 0.793201
vt 0.592205 0.610213
vt 0.595519 0.598807
vt 0.603597 0.597820
vt 0.394612 0.814804
vt 0.395489 0.818087
vt 0.393372 0.822491
vt 0.007381 0.251281
vt 0.009030 0.254089
vt 0.004312 0.251935
vt 0.391348 0.706823
vt 0.392358 0.711607
vt 0.389341 0.709197
vt 0.426722 0.375465
vt 0.431450 0.376053
vt 0.428686 0.378217
vt 0.410342 0.515123
vt 0.410373 0.521908
vt 0.408968 0.521133
vt 0.169901 0.466049
vt 0.170989 0.468115
vt 0.157662 0.468095
vt 0.599226 0.629291
vt 0.593615 0.628619
vt 0.596114 0.626037
vt 0.496716 0.435698
vt 0.502265 0.431172
vt 0.503408 0.432536
vt 0.812110 0.126275
vt 0.809504 0.127609
vt 0.810737 0.125458
vt 0.405130 0.464981
vt 0.403909 0.469851
vt 0.398135 0.462032
vt 0.483207 0.565723
vt 0.482939 0.564085
vt 0.483586 0.562030
vt 0.631021 0.794889
vt 0.630728 0.792643
vt 0.346557 0.798651
vt 0.343027 0.795444
vt 0.344691 0.794121
vt 0.408531 0.730767
vt 0.406590 0.732362
vt 0.406590 0.730190
vt 0.879269 0.484690
vt 0.880334 0.481960
vt 0.881371 0.483013
vt 0.605644 0.289338
vt 0.603644 0.287129
vt 0.605717 0.286797
vt 0.415922 0.826305
vt 0.414382 0.824037
vt 0.416236 0.823813
vt 0.498612 0.794754
vt 0.502942 0.794693
vt 0.501727 0.798534
vt 0.603227 0.797402
vt 0.601001 0.794953
vt 0.603222 0.792445
vt 0.572374 0.794709
vt 0.572591 0.797309
vt 0.570565 0.797426
vt 0.588171 0.383535
vt 0.585808 0.383423
vt 0.587973 0.382426
vt 0.956603 0.221377
vt 0.955355 0.216572
vt 0.959076 0.221709
vt 0.804590 0.139015
vt 0.801304 0.143096
vt 0.803162 0.138432
vt 0.033252 0.677920
vt 0.039361 0.662917
vt 0.040195 0.664916
vt 0.534352 0.797288
vt 0.536005 0.794924
vt 0.536401 0.797345
vt 0.620759 0.769227
vt 0.612492 0.763173
vt 0.613911 0.761901
vt 0.135342 0.330626
vt 0.137984 0.335030
vt 0.135665 0.335308
vt 0.405425 0.672665
vt 0.403567 0.682497
vt 0.400820 0.667750
vt 0.882915 0.266005
vt 0.880654 0.270824
vt 0.877898 0.268359
vt 0.995371 0.731120
vt 0.995328 0.753809
vt 0.988931 0.728179
vt 0.790046 0.432016
vt 0.788122 0.444245
vt 0.785917 0.431651
vt 0.621300 0.792443
vt 0.619305 0.795287
vt 0.619418 0.793231
vt 0.410246 0.637422
vt 0.775675 0.447503
vt 0.778301 0.451663
vt 0.776240 0.451416
vt 0.036089 0.422975
vt 0.035151 0.421563
vt 0.037144 0.421548
vt 0.555283 0.395160
vt 0.567560 0.392510
vt 0.555905 0.396998
vt 0.392136 0.763470
vt 0.389017 0.764526
vt 0.389833 0.762533
vt 0.810311 0.428906
vt 0.817511 0.422336
vt 0.817043 0.438109
vt 0.918263 0.355062
vt 0.916147 0.359376
vt 0.916027 0.355472
vt 0.777088 0.440816
vt 0.777512 0.435434
vt 0.779926 0.442605
vt 0.146025 0.492880
vt 0.140231 0.487551
vt 0.140646 0.480314
vt 0.345502 0.782126
vt 0.347520 0.787586
vt 0.345421 0.788570
vt 0.407224 0.580014
vt 0.409218 0.581542
vt 0.407048 0.582380
vt 0.591575 0.800101
vt 0.593834 0.792597
vt 0.593636 0.800045
vt 0.242419 0.690611
vt 0.245361 0.685633
vt 0.249954 0.686429
vt 0.566062 0.797349
vt 0.566142 0.794870
vt 0.568323 0.800011
vt 0.376386 0.586484
vt 0.377850 0.585072
vt 0.379416 0.585745
vt 0.593905 0.793131
vt 0.595683 0.792443
vt 0.596120 0.797142
vt 0.948299 0.233525
vt 0.946395 0.233820
vt 0.948070 0.228722
vt 0.036390 0.326094
vt 0.033629 0.324934
vt 0.035367 0.323783
vt 0.410386 0.716862
vt 0.412091 0.715649
vt 0.411795 0.717759
vt 0.415637 0.669093
vt 0.413196 0.668667
vt 0.415515 0.664200
vt 0.360296 0.748835
vt 0.364339 0.751429
vt 0.362785 0.753443
vt 0.285518 0.362828
vt 0.284148 0.359650
vt 0.286354 0.360472
vt 0.446374 0.240502
vt 0.444448 0.242991
vt 0.444479 0.240537
vt 0.640870 0.794849
vt 0.638980 0.795093
vt 0.461857 0.799121
vt 0.463504 0.799109
vt 0.462710 0.801311
vt 0.496883 0.717733
vt 0.498111 0.719636
vt 0.496215 0.721302
vt 0.348784 0.708482
vt 0.347116 0.703127
vt 0.348784 0.703615
vt 0.049536 0.808570
vt 0.042918 0.804095
vt 0.045260 0.792743
vt 0.515851 0.423789
vt 0.515233 0.422827
vt 0.348849 0.734044
vt 0.347131 0.736785
vt 0.347131 0.734300
vt 0.442879 0.474157
vt 0.450526 0.470445
vt 0.451657 0.472014
vt 0.327909 0.145261
vt 0.332161 0.143245
vt 0.326791 0.163967
vt 0.958840 0.457932
vt 0.959269 0.461238
vt 0.949310 0.457659
vt 0.261696 0.448079
vt 0.216204 0.437043
vt 0.251461 0.440315
vt 0.996340 0.589011
vt 0.996453 0.573886
vt 0.998401 0.574139
vt 0.719690 0.004490
vt 0.711654 0.003205
vt 0.711192 0.001253
vt 0.438204 0.616461
vt 0.440244 0.617558
vt 0.437124 0.618260
vt 0.196521 0.563815
vt 0.198784 0.563465
vt 0.199167 0.565693
vt 0.798464 0.421684
vt 0.799900 0.421546
vt 0.799507 0.424072
vt 0.412122 0.425786
vt 0.410666 0.428349
vt 0.410662 0.425786
vt 0.651663 0.794916
vt 0.650137 0.792540
vt 0.651663 0.792443
vt 0.490702 0.439390
vt 0.497556 0.436697
vt 0.053396 0.417350
vt 0.048578 0.418312
vt 0.050470 0.416128
vt 0.579326 0.536182
vt 0.580245 0.530697
vt 0.590746 0.541434
vt 0.611368 0.792443
vt 0.613368 0.795316
vt 0.611368 0.794600
vt 0.541491 0.115319
vt 0.543768 0.117638
vt 0.541651 0.117807
vt 0.544859 0.800145
vt 0.542448 0.798984
vt 0.542420 0.797254
vt 0.287127 0.045100
vt 0.284527 0.036207
vt 0.286960 0.041040
vt 0.420778 0.685444
vt 0.422285 0.684256
vt 0.420988 0.687635
vt 0.236501 0.627641
vt 0.234176 0.628726
vt 0.235765 0.625880
vt 0.603269 0.793161
vt 0.605393 0.794762
vt 0.603269 0.797630
vt 0.374210 0.425526
vt 0.373993 0.428081
vt 0.372758 0.427643
vt 0.342773 0.762036
vt 0.338217 0.762878
vt 0.337975 0.759898
vt 0.156918 0.470438
vt 0.157693 0.478624
vt 0.153112 0.476360
vt 0.383457 0.758063
vt 0.384347 0.756038
vt 0.385953 0.758880
vt 0.551872 0.798688
vt 0.550328 0.796330
vt 0.552187 0.796346
vt 0.882333 0.270951
vt 0.885347 0.266642
vt 0.210273 0.849159
vt 0.204623 0.850698
vt 0.205466 0.849299
vt 0.343980 0.577026
vt 0.345791 0.574582
vt 0.348177 0.577081
vt 0.348784 0.713390
vt 0.347165 0.708940
vt 0.473513 0.812684
vt 0.471713 0.803713
vt 0.473115 0.803268
vt 0.631203 0.360904
vt 0.627802 0.359698
vt 0.636430 0.359389
vt 0.024669 0.781232
vt 0.023162 0.769250
vt 0.027826 0.776315
vt 0.948430 0.217222
vt 0.947945 0.219408
vt 0.945927 0.219581
vt 0.304798 0.331597
vt 0.302044 0.334001
vt 0.303230 0.329922
vt 0.347131 0.733674
vt 0.348908 0.731488
vt 0.348916 0.734044
vt 0.433385 0.473594
vt 0.424641 0.486410
vt 0.427590 0.477206
vt 0.446671 0.242943
vt 0.448235 0.240461
vt 0.501644 0.265142
vt 0.576802 0.797267
vt 0.574588 0.799832
vt 0.574678 0.797393
vt 0.247759 0.613380
vt 0.245808 0.616346
vt 0.245608 0.614418
vt 0.409606 0.668740
vt 0.409667 0.671054
vt 0.407673 0.672998
vt 0.215458 0.710400
vt 0.214839 0.712050
vt 0.210582 0.709358
vt 0.953271 0.886521
vt 0.958065 0.886005
vt 0.952903 0.888028
vt 0.432752 0.388671
vt 0.434436 0.396257
vt 0.432477 0.396032
vt 0.886966 0.270757
vt 0.886884 0.266556
vt 0.888422 0.266471
vt 0.521244 0.022284
vt 0.518552 0.021138
vt 0.520852 0.020043
vt 0.602637 0.375321
vt 0.601616 0.373740
vt 0.604129 0.373201
vt 0.339038 0.811180
vt 0.335926 0.804331
vt 0.341213 0.801054
vt 0.559494 0.620318
vt 0.560969 0.622737
vt 0.556308 0.621080
vt 0.409727 0.617729
vt 0.408980 0.621893
vt 0.407214 0.619744
vt 0.348886 0.737039
vt 0.347178 0.739247
vt 0.734241 0.307213
vt 0.731831 0.303579
vt 0.763473 0.278641
vt 0.802351 0.402086
vt 0.803517 0.409568
vt 0.802041 0.412576
vt 0.705249 0.271648
vt 0.707534 0.271953
vt 0.706933 0.274365
vt 0.202206 0.712505
vt 0.196915 0.713943
vt 0.197452 0.712292
vt 0.212340 0.390354
vt 0.160943 0.390656
vt 0.230011 0.389946
vt 0.583424 0.385489
vt 0.578187 0.384922
vt 0.398649 0.644689
vt 0.395843 0.648635
vt 0.390690 0.636817
vt 0.054601 0.411341
vt 0.466743 0.804008
vt 0.464242 0.807105
vt 0.464745 0.804240
vt 0.347116 0.698052
vt 0.348767 0.697652
vt 0.348732 0.700199
vt 0.217612 0.088681
vt 0.214643 0.086962
vt 0.219623 0.086383
vt 0.410001 0.739351
vt 0.409337 0.736947
vt 0.411414 0.738704
vt 0.360101 0.346305
vt 0.344291 0.360713
vt 0.397986 0.302779
vt 0.112655 0.466531
vt 0.123013 0.460238
vt 0.126208 0.461248
vt 0.812978 0.813958
vt 0.817621 0.819677
vt 0.817692 0.823013
vt 0.692685 0.002893
vt 0.699727 0.001436
vt 0.699947 0.003598
vt 0.337250 0.285918
vt 0.330550 0.297067
vt 0.332085 0.292212
vt 0.342354 0.268835
vt 0.336320 0.282849
vt 0.318316 0.284361
vt 0.440493 0.612067
vt 0.449022 0.611597
vt 0.448389 0.613546
vt 0.347134 0.745045
vt 0.348635 0.747112
vt 0.347131 0.747498
vt 0.438832 0.642118
vt 0.437674 0.639933
vt 0.451133 0.636481
vt 0.962947 0.253513
vt 0.965461 0.251120
vt 0.964803 0.253302
vt 0.427199 0.674097
vt 0.416029 0.672612
vt 0.421226 0.667923
vt 0.348897 0.619330
vt 0.347464 0.619499
vt 0.345772 0.617205
vt 0.144469 0.099731
vt 0.149295 0.099389
vt 0.154229 0.103606
vt 0.782348 0.449080
vt 0.783933 0.451558
vt 0.782348 0.451663
vt 0.212714 0.590577
vt 0.223040 0.590770
vt 0.203715 0.593713
vt 0.708330 0.333586
vt 0.707903 0.335961
vt 0.705778 0.337615
vt 0.558227 0.522908
vt 0.554091 0.520343
vt 0.555261 0.518042
vt 0.558508 0.177822
vt 0.550839 0.165214
vt 0.553832 0.147873
vt 0.082418 0.621511
vt 0.080390 0.623400
vt 0.081345 0.620034
vt 0.128059 0.687378
vt 0.131653 0.690712
vt 0.127118 0.689564
vt 0.280880 0.682326
vt 0.279483 0.684772
vt 0.278693 0.683267
vt 0.394524 0.653226
vt 0.391526 0.654682
vt 0.392229 0.651481
vt 0.606359 0.624117
vt 0.604242 0.623499
vt 0.605584 0.621850
vt 0.517442 0.421436
vt 0.522063 0.419370
vt 0.517989 0.422347
vt 0.243517 0.591221
vt 0.242740 0.589284
vt 0.245209 0.588936
vt 0.229643 0.631005
vt 0.232778 0.631872
vt 0.227950 0.633604
vt 0.314299 0.319247
vt 0.312781 0.318658
vt 0.316834 0.311256
vt 0.009422 0.190310
vt 0.004429 0.234080
vt 0.002307 0.234274
vt 0.414647 0.173659
vt 0.416571 0.176220
vt 0.414787 0.176181
vt 0.408977 0.524404
vt 0.411130 0.522306
vt 0.411130 0.535233
vt 0.241711 0.620319
vt 0.239581 0.621636
vt 0.241028 0.616322
vt 0.593561 0.727705
vt 0.591623 0.752248
vt 0.581133 0.745888
vt 0.582377 0.627542
vt 0.572134 0.623688
vt 0.572819 0.622313
vt 0.788575 0.446812
vt 0.790545 0.451663
vt 0.788580 0.450765
vt 0.444938 0.592679
vt 0.447100 0.591342
vt 0.447208 0.593404
vt 0.604635 0.284384
vt 0.603099 0.284222
vt 0.401887 0.643461
vt 0.403687 0.641053
vt 0.403337 0.643132
vt 0.562276 0.455004
vt 0.570521 0.455467
vt 0.562722 0.456713
vt 0.403206 0.572758
vt 0.403690 0.575620
vt 0.397010 0.577557
vt 0.327532 0.693623
vt 0.328533 0.695764
vt 0.322016 0.695289
vt 0.100257 0.542639
vt 0.099200 0.503702
vt 0.108170 0.506148
vt 0.590305 0.708762
vt 0.593788 0.705518
vt 0.597137 0.709153
vt 0.211020 0.679895
vt 0.179240 0.695667
vt 0.210127 0.663226
vt 0.517034 0.800557
vt 0.516464 0.798986
vt 0.518877 0.797411
vt 0.519011 0.799929
vt 0.346580 0.624957
vt 0.347463 0.627767
vt 0.344564 0.626945
vt 0.347189 0.742139
vt 0.348823 0.744668
vt 0.347131 0.744668
vt 0.591541 0.760646
vt 0.590452 0.762179
vt 0.586081 0.759991
vt 0.348684 0.758937
vt 0.346903 0.756072
vt 0.346886 0.753520
vt 0.850795 0.855935
vt 0.848858 0.852751
vt 0.861111 0.857078
vt 0.952445 0.221304
vt 0.952444 0.218659
vt 0.954211 0.221226
vt 0.598937 0.280839
vt 0.602262 0.282456
vt 0.600478 0.284921
vt 0.260295 0.744564
vt 0.266128 0.739247
vt 0.272879 0.743272
vt 0.305578 0.005625
vt 0.305474 0.007449
vt 0.303042 0.003658
vt 0.270158 0.616110
vt 0.260273 0.619818
vt 0.266931 0.614417
vt 0.979853 0.479451
vt 0.981921 0.481184
vt 0.978709 0.481140
vt 0.946128 0.457960
vt 0.947348 0.456408
vt 0.156798 0.105810
vt 0.156721 0.103401
vt 0.186194 0.095091
vt 0.229736 0.607276
vt 0.231951 0.604786
vt 0.231622 0.607090
vt 0.493316 0.474510
vt 0.497098 0.471760
vt 0.498032 0.472880
vt 0.695677 0.189920
vt 0.693171 0.189959
vt 0.683303 0.173858
vt 0.404980 0.730895
vt 0.403119 0.732544
vt 0.402932 0.730190
vt 0.347134 0.719591
vt 0.348872 0.721517
vt 0.347134 0.721990
vt 0.740979 0.006200
vt 0.745690 0.005137
vt 0.745827 0.007188
vt 0.551712 0.515991
vt 0.555415 0.515186
vt 0.585361 0.655624
vt 0.581955 0.656361
vt 0.583063 0.654102
vt 0.345328 0.768965
vt 0.345186 0.759046
vt 0.346850 0.761427
vt 0.412124 0.425643
vt 0.410671 0.423164
vt 0.412124 0.422975
vt 0.786395 0.451572
vt 0.784304 0.446770
vt 0.786098 0.446708
vt 0.169661 0.521273
vt 0.170136 0.526743
vt 0.168095 0.522104
vt 0.430121 0.045581
vt 0.433564 0.046675
vt 0.431258 0.046177
vt 0.563385 0.618750
vt 0.566488 0.618380
vt 0.565669 0.619656
vt 0.573852 0.089299
vt 0.578414 0.086602
vt 0.578854 0.088542
vt 0.347131 0.742094
vt 0.348753 0.739383
vt 0.348753 0.741966
vt 0.329849 0.645387
vt 0.329879 0.650701
vt 0.327876 0.651296
vt 0.608111 0.291667
vt 0.606085 0.290226
vt 0.607818 0.289348
vt 0.428963 0.498725
vt 0.427212 0.503681
vt 0.426482 0.498851
vt 0.434159 0.403463
vt 0.436128 0.408492
vt 0.434073 0.408136
vt 0.402066 0.535793
vt 0.404195 0.521234
vt 0.408833 0.516513
vt 0.514069 0.799233
vt 0.603191 0.552860
vt 0.591420 0.544826
vt 0.592583 0.542996
vt 0.452529 0.634423
vt 0.451197 0.632389
vt 0.453584 0.632868
vt 0.788374 0.451663
vt 0.786395 0.446708
vt 0.788303 0.447244
vt 0.076978 0.560919
vt 0.081773 0.564115
vt 0.079993 0.572078
vt 0.539689 0.405599
vt 0.540364 0.406750
vt 0.538210 0.407920
vt 0.379724 0.034265
vt 0.383340 0.037783
vt 0.379534 0.038449
vt 0.517007 0.632685
vt 0.479432 0.610459
vt 0.481602 0.611638
vt 0.991986 0.662490
vt 0.949711 0.679303
vt 0.971190 0.644958
vt 0.595085 0.291253
vt 0.596500 0.283704
vt 0.598871 0.289296
vt 0.402990 0.476541
vt 0.399170 0.479927
vt 0.398547 0.477572
vt 0.407757 0.698655
vt 0.408926 0.695320
vt 0.409376 0.700234
vt 0.473660 0.701716
vt 0.477602 0.704986
vt 0.459151 0.705376
vt 0.688578 0.209402
vt 0.689224 0.204689
vt 0.691272 0.204493
vt 0.591703 0.674002
vt 0.591856 0.670730
vt 0.593495 0.672337
vt 0.483634 0.470723
vt 0.482338 0.473023
vt 0.478838 0.470604
vt 0.492834 0.714407
vt 0.492970 0.717788
vt 0.491138 0.716120
vt 0.778320 0.449353
vt 0.780299 0.450885
vt 0.406590 0.732579
vt 0.405088 0.730815
vt 0.288712 0.080807
vt 0.285891 0.076108
vt 0.287686 0.074464
vt 0.174603 0.706074
vt 0.173723 0.702751
vt 0.176810 0.706547
vt 0.409473 0.766935
vt 0.410713 0.764672
vt 0.411681 0.766881
vt 0.894174 0.003307
vt 0.891261 0.001222
vt 0.893760 0.001178
vt 0.172891 0.467905
vt 0.172111 0.470201
vt 0.116916 0.539632
vt 0.110403 0.525491
vt 0.111999 0.520050
vt 0.236228 0.683106
vt 0.234232 0.685985
vt 0.234159 0.683418
vt 0.595540 0.664017
vt 0.593807 0.662396
vt 0.603103 0.658699
vt 0.147767 0.594780
vt 0.165437 0.589540
vt 0.164931 0.596982
vt 0.995199 0.527214
vt 0.989665 0.495481
vt 0.994884 0.508176
vt 0.348915 0.724826
vt 0.347134 0.724381
vt 0.344055 0.601806
vt 0.342078 0.599747
vt 0.345017 0.599687
vt 0.792377 0.449040
vt 0.790572 0.451278
vt 0.790734 0.446840
vt 0.797046 0.426471
vt 0.799234 0.433680
vt 0.875789 0.860263
vt 0.873303 0.861562
vt 0.873354 0.860094
vt 0.879273 0.487963
vt 0.877178 0.489463
vt 0.609279 0.795220
vt 0.609279 0.792771
vt 0.232646 0.578427
vt 0.231210 0.580681
vt 0.228672 0.575244
vt 0.885655 0.323660
vt 0.884392 0.315203
vt 0.887737 0.316763
vt 0.635067 0.795176
vt 0.636474 0.794684
vt 0.605698 0.292134
vt 0.603582 0.294839
vt 0.603580 0.292983
vt 0.972794 0.898024
vt 0.970987 0.897441
vt 0.973836 0.896330
vt 0.623518 0.773730
vt 0.624826 0.771805
vt 0.995226 0.566212
vt 0.998286 0.559090
vt 0.997409 0.566480
vt 0.514792 0.792443
vt 0.514365 0.794288
vt 0.512691 0.793906
vt 0.487759 0.473939
vt 0.489148 0.471926
vt 0.490079 0.473372
vt 0.218291 0.435925
vt 0.219111 0.433376
vt 0.220347 0.434714
vt 0.434374 0.816159
vt 0.438035 0.815304
vt 0.438251 0.820131
vt 0.794541 0.438481
vt 0.792586 0.439018
vt 0.791950 0.436532
vt 0.602002 0.506798
vt 0.606653 0.515163
vt 0.602362 0.509519
vt 0.199337 0.573556
vt 0.197433 0.573342
vt 0.197322 0.570625
vt 0.409503 0.552508
vt 0.409371 0.545400
vt 0.411204 0.545783
vt 0.411077 0.545245
vt 0.408833 0.545400
vt 0.408907 0.542896
vt 0.312703 0.647916
vt 0.311156 0.651150
vt 0.310611 0.648609
vt 0.748370 0.734518
vt 0.746354 0.739170
vt 0.438274 0.226155
vt 0.435008 0.219193
vt 0.445815 0.235540
vt 0.470513 0.571051
vt 0.470095 0.572756
vt 0.467717 0.571958
vt 0.280325 0.680383
vt 0.554377 0.798036
vt 0.554250 0.795426
vt 0.556287 0.797832
vt 0.348692 0.713967
vt 0.347180 0.718902
vt 0.347134 0.713843
vt 0.513772 0.796621
vt 0.516639 0.794903
vt 0.718356 0.176204
vt 0.720719 0.171348
vt 0.772879 0.190647
vt 0.071159 0.048408
vt 0.073722 0.048424
vt 0.071553 0.053221
vt 0.576802 0.793185
vt 0.579099 0.792443
vt 0.579091 0.794233
vt 0.827363 0.219527
vt 0.840800 0.228091
vt 0.830463 0.224120
vt 0.589425 0.503783
vt 0.586615 0.502514
vt 0.597753 0.473430
vt 0.623392 0.792845
vt 0.625314 0.794918
vt 0.623299 0.795252
vt 0.817126 0.117822
vt 0.819724 0.116445
vt 0.818782 0.118774
vt 0.401034 0.778113
vt 0.400059 0.775112
vt 0.400238 0.764827
vt 0.300472 0.338772
vt 0.296354 0.345467
vt 0.298676 0.338106
vt 0.319699 0.524415
vt 0.313282 0.513784
vt 0.324012 0.520534
vt 0.817139 0.535724
vt 0.814497 0.536248
vt 0.816606 0.534799
vt 0.348812 0.781349
vt 0.347040 0.780632
vt 0.347035 0.778401
vt 0.412032 0.433125
vt 0.410730 0.432179
vt 0.412032 0.431017
vt 0.202556 0.451280
vt 0.200858 0.451651
vt 0.199884 0.449427
vt 0.338406 0.283626
vt 0.335517 0.285284
vt 0.492294 0.707471
vt 0.494383 0.712711
vt 0.520833 0.795194
vt 0.522544 0.792703
vt 0.522695 0.795443
vt 0.794617 0.449195
vt 0.792483 0.447053
vt 0.794722 0.446840
vt 0.467977 0.815518
vt 0.468137 0.810764
vt 0.469968 0.812676
vt 0.029461 0.318474
vt 0.028025 0.319091
vt 0.026793 0.316679
vt 0.390468 0.728964
vt 0.392409 0.733763
vt 0.390393 0.734020
vt 0.583900 0.795189
vt 0.586483 0.798104
vt 0.581535 0.797095
vt 0.410662 0.428349
vt 0.410662 0.430809
vt 0.427132 0.050995
vt 0.425110 0.053171
vt 0.422103 0.050350
vt 0.310578 0.683434
vt 0.307403 0.685454
vt 0.309738 0.681139
vt 0.016486 0.185902
vt 0.012720 0.176037
vt 0.010079 0.161493
vt 0.409808 0.677948
vt 0.411564 0.678768
vt 0.409210 0.683187
vt 0.617348 0.795322
vt 0.615362 0.792443
vt 0.617348 0.793078
vt 0.151852 0.838657
vt 0.141680 0.838938
vt 0.129562 0.833990
vt 0.417925 0.640086
vt 0.416863 0.647457
vt 0.412124 0.652076
vt 0.907924 0.471162
vt 0.912998 0.470188
vt 0.910500 0.471200
vt 0.457085 0.472411
vt 0.462397 0.469242
vt 0.463498 0.470559
vt 0.412100 0.717855
vt 0.410264 0.720382
vt 0.410251 0.717782
vt 0.609279 0.792989
vt 0.607445 0.795277
vt 0.607427 0.792443
vt 0.598956 0.798617
vt 0.596516 0.792443
vt 0.598956 0.792961
vt 0.954437 0.223852
vt 0.475162 0.723359
vt 0.479655 0.715086
vt 0.482047 0.718946
vt 0.344905 0.660385
vt 0.345392 0.663191
vt 0.343988 0.662697
vt 0.927035 0.608283
vt 0.923432 0.617159
vt 0.921390 0.616115
vt 0.416509 0.383114
vt 0.418286 0.385995
vt 0.416304 0.385572
vt 0.531034 0.410271
vt 0.531945 0.411766
vt 0.529731 0.412879
vt 0.651552 0.776164
vt 0.650437 0.777496
vt 0.645336 0.774133
vt 0.726434 0.789378
vt 0.733099 0.788261
vt 0.728553 0.792064
vt 0.191721 0.715140
vt 0.194540 0.713745
vt 0.193607 0.717618
vt 0.591396 0.798140
vt 0.588853 0.796059
vt 0.588777 0.794236
vt 0.580907 0.058097
vt 0.577504 0.069349
vt 0.565960 0.068969
vt 0.345482 0.695454
vt 0.342840 0.693061
vt 0.345478 0.693302
vt 0.257546 0.615480
vt 0.255434 0.617215
vt 0.049020 0.419690
vt 0.043795 0.418900
vt 0.724271 0.681057
vt 0.716808 0.670120
vt 0.718022 0.668881
vt 0.527219 0.317651
vt 0.527052 0.315265
vt 0.529603 0.314892
vt 0.347133 0.730379
vt 0.348911 0.727677
vt 0.348911 0.730073
vt 0.623299 0.795277
vt 0.621440 0.794463
vt 0.707438 0.339664
vt 0.707776 0.336780
vt 0.709126 0.338242
vt 0.218632 0.627251
vt 0.225130 0.625124
vt 0.227212 0.627854
vt 0.785953 0.385630
vt 0.788581 0.381193
vt 0.790431 0.381206
vt 0.409577 0.728689
vt 0.403401 0.730190
vt 0.404645 0.722760
vt 0.432139 0.540064
vt 0.430405 0.532793
vt 0.435871 0.528566
vt 0.132706 0.693669
vt 0.137763 0.693729
vt 0.136505 0.694796
vt 0.412091 0.703833
vt 0.410306 0.708995
vt 0.410325 0.704009
vt 0.041311 0.131164
vt 0.045839 0.124983
vt 0.030992 0.148028
vt 0.032466 0.794443
vt 0.030863 0.793091
vt 0.030263 0.792186
vt 0.648607 0.792462
vt 0.646657 0.794900
vt 0.579853 0.654887
vt 0.572245 0.653188
vt 0.573402 0.651075
vt 0.603681 0.289882
vt 0.300363 0.055065
vt 0.297667 0.053123
vt 0.300182 0.053130
vt 0.064151 0.661118
vt 0.069242 0.660624
vt 0.069659 0.662986
vt 0.644777 0.794940
vt 0.642847 0.792517
vt 0.644777 0.792443
vt 0.500753 0.702068
vt 0.502134 0.704074
vt 0.499412 0.706952
vt 0.776175 0.419631
vt 0.785404 0.415380
vt 0.785088 0.417043
vt 0.782325 0.451220
vt 0.780299 0.449151
vt 0.782348 0.448707
vt 0.410001 0.579639
vt 0.411618 0.581677
vt 0.409218 0.582173
vt 0.434396 0.257802
vt 0.439816 0.252653
vt 0.441546 0.252729
vt 0.911131 0.870957
vt 0.911686 0.868919
vt 0.944203 0.881950
vt 0.164606 0.705510
vt 0.167514 0.704842
vt 0.166867 0.706414
vt 0.408787 0.733584
vt 0.410812 0.730190
vt 0.410614 0.733168
vt 0.781220 0.542725
vt 0.783150 0.540980
vt 0.787823 0.541459
vt 0.068123 0.057774
vt 0.069549 0.059966
vt 0.067339 0.060097
vt 0.519011 0.792595
vt 0.518907 0.794986
vt 0.706911 0.318851
vt 0.707239 0.306997
vt 0.708933 0.319035
vt 0.589364 0.378971
vt 0.080940 0.058260
vt 0.073096 0.056118
vt 0.078801 0.055335
vt 0.403536 0.545705
vt 0.401368 0.547911
vt 0.401070 0.545647
vt 0.347133 0.727415
vt 0.348692 0.725182
vt 0.348836 0.727677
vt 0.640870 0.792479
vt 0.642845 0.794971
vt 0.640912 0.794966
vt 0.982108 0.881365
vt 0.987357 0.871381
vt 0.991867 0.885244
vt 0.604156 0.282534
vt 0.601358 0.280434
vt 0.603526 0.280133
vt 0.345039 0.677970
vt 0.346597 0.677143
vt 0.347302 0.679556
vt 0.408245 0.650561
vt 0.406663 0.638006
vt 0.411506 0.649097
vt 0.525549 0.792443
vt 0.526241 0.794247
vt 0.526432 0.796438
vt 0.018628 0.257819
vt 0.044032 0.145550
vt 0.103148 0.164637
vt 0.525905 0.713148
vt 0.524438 0.711627
vt 0.523159 0.710359
vt 0.318132 0.726059
vt 0.327814 0.732263
vt 0.292196 0.780836
vt 0.469015 0.449397
vt 0.464644 0.446296
vt 0.475790 0.449799
vt 0.650117 0.792861
vt 0.648608 0.793261
vt 0.648743 0.792443
vt 0.717700 0.117701
vt 0.715804 0.117640
vt 0.713807 0.117588
vt 0.725316 0.056666
vt 0.725217 0.054624
vt 0.725114 0.052687
vt 0.710133 0.038040
vt 0.710019 0.036505
vt 0.709904 0.034971
vt 0.192244 0.551853
vt 0.193886 0.555973
vt 0.190926 0.555331
vt 0.407196 0.696763
vt 0.406716 0.696223
vt 0.022127 0.285772
vt 0.023811 0.288221
vt 0.022098 0.288455
vt 0.116352 0.140184
vt 0.114293 0.139567
vt 0.112800 0.139207
vt 0.343701 0.263968
vt 0.344054 0.266688
vt 0.342785 0.266361
vt 0.387735 0.652793
vt 0.389038 0.652590
vt 0.474366 0.792443
vt 0.476117 0.794388
vt 0.474973 0.794967
vt 0.317714 0.286329
vt 0.317051 0.288381
vt 0.124864 0.096696
vt 0.104271 0.085756
vt 0.127669 0.095869
vt 0.042169 0.145034
vt 0.040307 0.144517
vt 0.703862 0.338362
vt 0.701876 0.339556
vt 0.701434 0.338159
vt 0.636561 0.772931
vt 0.640035 0.775466
vt 0.636565 0.776023
vt 0.014360 0.741508
vt 0.013436 0.744366
vt 0.012467 0.741957
vt 0.086606 0.538655
vt 0.086778 0.540326
vt 0.324959 0.340032
vt 0.327401 0.337716
vt 0.331495 0.361018
vt 0.108735 0.153194
vt 0.106259 0.155224
vt 0.108040 0.148122
vt 0.599020 0.294208
vt 0.601435 0.293876
vt 0.171331 0.708752
vt 0.171743 0.713989
vt 0.168300 0.709311
vt 0.375335 0.704446
vt 0.359340 0.712725
vt 0.377086 0.696785
vt 0.995088 0.588803
vt 0.993836 0.588595
vt 0.216428 0.629703
vt 0.214419 0.632761
vt 0.214311 0.630288
vt 0.534048 0.800329
vt 0.531533 0.800576
vt 0.531483 0.798689
vt 0.407891 0.587750
vt 0.408115 0.585276
vt 0.409926 0.585457
vt 0.060646 0.659236
vt 0.062452 0.658558
vt 0.062528 0.660407
vt 0.425207 0.631226
vt 0.423272 0.629855
vt 0.424205 0.627382
vt 0.121624 0.660375
vt 0.120126 0.660507
vt 0.117758 0.660330
vt 0.910410 0.693082
vt 0.908619 0.692780
vt 0.906827 0.692479
vt 0.219642 0.712965
vt 0.220303 0.711280
vt 0.222701 0.711622
vt 0.154024 0.841758
vt 0.153943 0.842704
vt 0.151525 0.841350
vt 0.177016 0.694731
vt 0.183837 0.710373
vt 0.178532 0.709256
vt 0.176185 0.707995
vt 0.083235 0.654225
vt 0.090253 0.655905
vt 0.082935 0.656676
vt 0.109744 0.661541
vt 0.099490 0.676154
vt 0.080339 0.673632
vt 0.173111 0.704139
vt 0.170916 0.702957
vt 0.078346 0.657901
vt 0.078643 0.655512
vt 0.173332 0.697735
vt 0.171641 0.701413
vt 0.167119 0.699686
vt 0.170249 0.698699
vt 0.167945 0.698054
vt 0.076624 0.669663
vt 0.075805 0.659752
vt 0.076181 0.657294
vt 0.069270 0.658160
vt 0.072856 0.663945
vt 0.074448 0.668901
vt 0.072217 0.668228
vt 0.072661 0.666026
vt 0.075843 0.672079
vt 0.171062 0.697150
vt 0.098457 0.680873
vt 0.079650 0.675985
vt 0.174079 0.696108
vt 0.156172 0.696659
vt 0.161676 0.695512
vt 0.436210 0.472065
vt 0.683048 0.159677
vt 0.409498 0.555132
vt 0.411635 0.555738
vt 0.993409 0.728789
vt 0.989272 0.725742
vt 0.994083 0.693902
vt 0.993557 0.686642
vt 0.996271 0.691146
vt 0.995358 0.686171
vt 0.995797 0.724010
vt 0.995691 0.726481
vt 0.387427 0.731239
vt 0.387487 0.728846
vt 0.390393 0.728779
vt 0.387606 0.499020
vt 0.389215 0.499753
vt 0.389485 0.503665
vt 0.391077 0.503668
vt 0.391522 0.508736
vt 0.393162 0.509038
vt 0.393785 0.516318
vt 0.392099 0.515961
vt 0.363928 0.496810
vt 0.389120 0.483402
vt 0.389499 0.488060
vt 0.386926 0.483126
vt 0.387718 0.487327
vt 0.387751 0.524235
vt 0.392504 0.520778
vt 0.391014 0.522783
vt 0.394213 0.521154
vt 0.394461 0.523577
vt 0.391271 0.525195
vt 0.388320 0.529072
vt 0.386392 0.528389
vt 0.361023 0.504618
vt 0.386709 0.534695
vt 0.385096 0.534471
vt 0.357880 0.511199
vt 0.353154 0.533152
vt 0.378583 0.550289
vt 0.377259 0.551552
vt 0.378051 0.484535
vt 0.390116 0.479632
vt 0.390839 0.484090
vt 0.388614 0.481328
vt 0.387942 0.479462
vt 0.386323 0.481280
vt 0.377577 0.482702
vt 0.373040 0.482233
vt 0.375294 0.482507
vt 0.375759 0.484328
vt 0.374351 0.478874
vt 0.374818 0.480689
vt 0.372591 0.480395
vt 0.376036 0.477314
vt 0.376575 0.479118
vt 0.379877 0.475778
vt 0.380498 0.477586
vt 0.383639 0.474043
vt 0.384338 0.475876
vt 0.385072 0.472215
vt 0.385819 0.474080
vt 0.390744 0.470342
vt 0.391502 0.472272
vt 0.395110 0.472833
vt 0.393580 0.472367
vt 0.392903 0.470400
vt 0.395225 0.470739
vt 0.390041 0.458345
vt 0.391695 0.458256
vt 0.387294 0.451024
vt 0.388804 0.450990
vt 0.385070 0.446111
vt 0.386724 0.446067
vt 0.383135 0.441173
vt 0.384834 0.441094
vt 0.381389 0.436184
vt 0.382872 0.436140
vt 0.378130 0.431117
vt 0.380492 0.431143
vt 0.374430 0.422975
vt 0.377840 0.423557
vt 0.372044 0.430190
vt 0.365918 0.441215
vt 0.370538 0.429501
vt 0.363195 0.458307
vt 0.363594 0.445727
vt 0.363529 0.463039
vt 0.363274 0.460673
vt 0.361936 0.481509
vt 0.362025 0.473348
vt 0.363781 0.474365
vt 0.362247 0.495893
vt 0.358302 0.508265
vt 0.359597 0.503645
vt 0.355244 0.514967
vt 0.356290 0.510320
vt 0.354932 0.522166
vt 0.353100 0.523767
vt 0.353261 0.521379
vt 0.351721 0.539154
vt 0.351506 0.532315
vt 0.350511 0.545789
vt 0.350047 0.538355
vt 0.351300 0.561089
vt 0.348934 0.544676
vt 0.353460 0.560714
vt 0.357354 0.563697
vt 0.355604 0.564406
vt 0.361798 0.566108
vt 0.360388 0.566822
vt 0.363443 0.567712
vt 0.369496 0.569710
vt 0.367974 0.570408
vt 0.372753 0.570700
vt 0.371167 0.571388
vt 0.375701 0.571992
vt 0.374155 0.572619
vt 0.379382 0.575700
vt 0.377877 0.576069
vt 0.383621 0.577031
vt 0.380839 0.577529
vt 0.386169 0.578843
vt 0.384608 0.579022
vt 0.392033 0.580746
vt 0.388750 0.580744
vt 0.387971 0.578664
vt 0.383056 0.564895
vt 0.389093 0.571455
vt 0.385653 0.566984
vt 0.394554 0.582808
vt 0.393070 0.582753
vt 0.393661 0.580643
vt 0.392941 0.578340
vt 0.387548 0.541659
vt 0.387233 0.539317
vt 0.388877 0.539529
vt 0.389558 0.544207
vt 0.391224 0.544401
vt 0.392025 0.549027
vt 0.385887 0.541429
vt 0.393704 0.549222
vt 0.395074 0.555977
vt 0.394480 0.578286
vt 0.395225 0.580556
vt 0.390660 0.571387
vt 0.380271 0.550700
vt 0.393430 0.555863
vt 0.394006 0.558115
vt 0.392375 0.558025
vt 0.387272 0.566897
vt 0.393029 0.560280
vt 0.391395 0.560210
vt 0.392129 0.562445
vt 0.390490 0.562404
vt 0.391254 0.564655
vt 0.387159 0.562447
vt 0.387965 0.564646
vt 0.385321 0.562497
vt 0.378968 0.551933
vt 0.384624 0.564761
vt 0.381978 0.562698
vt 0.377933 0.553741
vt 0.479923 0.435160
vt 0.477648 0.435039
vt 0.477893 0.432580
vt 0.468529 0.431631
vt 0.468778 0.429311
vt 0.463991 0.428129
vt 0.522355 0.414768
vt 0.539935 0.316382
vt 0.560661 0.349811
vt 0.594772 0.299112
vt 0.594692 0.293820
vt 0.599128 0.296065
vt 0.540752 0.402493
vt 0.613126 0.368632
vt 0.606002 0.294402
vt 0.489851 0.437316
vt 0.479832 0.437565
vt 0.495876 0.433522
vt 0.521513 0.418154
vt 0.523575 0.416912
vt 0.541922 0.404510
vt 0.578796 0.387139
vt 0.567264 0.391260
vt 0.590172 0.381403
vt 0.628744 0.361607
vt 0.626244 0.362140
vt 0.679161 0.346900
vt 0.705950 0.306947
vt 0.707448 0.323699
vt 0.704418 0.286784
vt 0.705289 0.289473
vt 0.709113 0.267138
vt 0.709995 0.254399
vt 0.707795 0.254259
vt 0.705260 0.244095
vt 0.707511 0.244210
vt 0.678512 0.226380
vt 0.702658 0.216635
vt 0.705041 0.216753
vt 0.685564 0.223905
vt 0.683191 0.226343
vt 0.706104 0.185461
vt 0.706055 0.190356
vt 0.703604 0.190194
vt 0.607265 0.286866
vt 0.606688 0.284452
vt 0.606288 0.282064
vt 0.687658 0.202454
vt 0.687257 0.204861
vt 0.685094 0.204853
vt 0.684479 0.209726
vt 0.682062 0.209591
vt 0.681394 0.216831
vt 0.678994 0.216784
vt 0.708603 0.183134
vt 0.708587 0.185588
vt 0.711076 0.180800
vt 0.711077 0.183250
vt 0.713513 0.178463
vt 0.713532 0.180913
vt 0.715930 0.176111
vt 0.715945 0.178573
vt 0.718307 0.171271
vt 0.720575 0.161467
vt 0.722309 0.146915
vt 0.722976 0.161513
vt 0.719949 0.146853
vt 0.717256 0.141969
vt 0.719604 0.142027
vt 0.705756 0.161405
vt 0.711711 0.112676
vt 0.714222 0.112761
vt 0.692958 0.137056
vt 0.683233 0.223913
vt 0.713732 0.105530
vt 0.713899 0.107931
vt 0.715920 0.103226
vt 0.716116 0.105613
vt 0.718051 0.100927
vt 0.718254 0.103321
vt 0.720135 0.098623
vt 0.720370 0.101006
vt 0.722172 0.096317
vt 0.722432 0.098703
vt 0.722052 0.079973
vt 0.724468 0.096392
vt 0.719855 0.082239
vt 0.719618 0.079893
vt 0.711592 0.065490
vt 0.713973 0.065565
vt 0.714887 0.082089
vt 0.709140 0.063033
vt 0.711510 0.063122
vt 0.706701 0.060575
vt 0.709070 0.060674
vt 0.706653 0.058209
vt 0.704170 0.053403
vt 0.729898 0.056291
vt 0.729769 0.053641
vt 0.708470 0.046906
vt 0.731921 0.051471
vt 0.732054 0.053932
vt 0.736147 0.044958
vt 0.736471 0.051980
vt 0.738342 0.042935
vt 0.738414 0.045222
vt 0.747737 0.050476
vt 0.745411 0.050373
vt 0.745202 0.043140
vt 0.747539 0.043155
vt 0.752494 0.048161
vt 0.750046 0.048130
vt 0.752439 0.045707
vt 0.749934 0.043192
vt 0.754708 0.040850
vt 0.751640 0.011396
vt 0.754909 0.045756
vt 0.758276 0.017041
vt 0.757052 0.040985
vt 0.758354 0.015064
vt 0.756433 0.013119
vt 0.752251 0.009728
vt 0.733656 0.005193
vt 0.733725 0.007112
vt 0.726662 0.005766
vt 0.704855 0.027647
vt 0.683206 0.002722
vt 0.687895 0.002379
vt 0.683388 0.004677
vt 0.683687 0.013544
vt 0.693198 0.023755
vt 0.690852 0.021146
vt 0.688472 0.018581
vt 0.681104 0.006758
vt 0.680997 0.004631
vt 0.686092 0.016036
vt 0.681266 0.011101
vt 0.676596 0.010605
vt 0.676314 0.006566
vt 0.681347 0.013286
vt 0.683755 0.015774
vt 0.686149 0.018298
vt 0.693255 0.026039
vt 0.705110 0.034321
vt 0.707658 0.036513
vt 0.689741 0.043275
vt 0.696645 0.043973
vt 0.696793 0.046157
vt 0.689668 0.040979
vt 0.680641 0.037490
vt 0.685101 0.038079
vt 0.678270 0.034881
vt 0.680605 0.035097
vt 0.675540 0.027728
vt 0.672922 0.022918
vt 0.675284 0.023139
vt 0.670269 0.018160
vt 0.672636 0.018412
vt 0.665081 0.010942
vt 0.669936 0.011441
vt 0.662536 0.008464
vt 0.665036 0.008664
vt 0.662451 0.004205
vt 0.662532 0.006197
vt 0.657568 0.003366
vt 0.644531 0.000000
vt 0.657535 0.001376
vt 0.626671 0.003564
vt 0.621649 0.002393
vt 0.626582 0.001813
vt 0.621744 0.004284
vt 0.582236 0.071917
vt 0.599186 0.004785
vt 0.614169 0.003255
vt 0.614273 0.005118
vt 0.599347 0.006637
vt 0.589588 0.009385
vt 0.589359 0.007510
vt 0.582369 0.011947
vt 0.582131 0.010080
vt 0.577633 0.014093
vt 0.577400 0.012163
vt 0.572981 0.015811
vt 0.572745 0.013858
vt 0.552261 0.016166
vt 0.554850 0.015449
vt 0.550345 0.019242
vt 0.550079 0.017366
vt 0.548277 0.020440
vt 0.583455 0.086235
vt 0.545926 0.021335
vt 0.532551 0.047141
vt 0.583833 0.088157
vt 0.541074 0.021121
vt 0.533462 0.018792
vt 0.540833 0.019069
vt 0.528129 0.016929
vt 0.533136 0.016892
vt 0.528442 0.018483
vt 0.516270 0.023476
vt 0.518749 0.023064
vt 0.532794 0.051206
vt 0.532629 0.049333
vt 0.532954 0.055510
vt 0.568048 0.122857
vt 0.571051 0.087305
vt 0.573430 0.087154
vt 0.543971 0.115271
vt 0.544118 0.112819
vt 0.545953 0.114929
vt 0.550115 0.123421
vt 0.552599 0.125750
vt 0.550182 0.125789
vt 0.695218 0.211466
vt 0.695851 0.201740
vt 0.692734 0.214035
vt 0.692762 0.211541
vt 0.690357 0.216563
vt 0.690384 0.214092
vt 0.687989 0.219040
vt 0.688045 0.216602
vt 0.685688 0.219067
vt 0.288443 0.542684
vt 0.286504 0.542268
vt 0.276553 0.499633
vt 0.285146 0.521612
vt 0.289674 0.522172
vt 0.289273 0.526854
vt 0.607269 0.797587
vt 0.605393 0.797399
vt 0.178864 0.467081
vt 0.180029 0.468987
vt 0.175969 0.469692
vt 0.173686 0.465717
vt 0.392643 0.731811
vt 0.897781 0.749218
vt 0.872647 0.746373
vt 0.872301 0.748656
vt 0.867536 0.747920
vt 0.864795 0.749862
vt 0.861839 0.751742
vt 0.861127 0.754056
vt 0.858710 0.753548
vt 0.857907 0.755859
vt 0.862843 0.756825
vt 0.849126 0.685102
vt 0.794149 0.715160
vt 0.809716 0.809969
vt 0.779480 0.753055
vt 0.753419 0.779811
vt 0.757623 0.774579
vt 0.752461 0.777918
vt 0.754247 0.778183
vt 0.755475 0.773929
vt 0.785810 0.725623
vt 0.915327 0.693925
vt 0.764187 0.768988
vt 0.772503 0.761303
vt 0.758850 0.769879
vt 0.761092 0.770549
vt 0.761670 0.768178
vt 0.767639 0.762289
vt 0.769703 0.762982
vt 0.770395 0.760567
vt 0.773873 0.756454
vt 0.775979 0.757228
vt 0.777395 0.752292
vt 0.783574 0.724986
vt 0.784994 0.720175
vt 0.787247 0.720835
vt 0.789626 0.713800
vt 0.795582 0.710418
vt 0.797879 0.711117
vt 0.802618 0.691847
vt 0.800476 0.691197
vt 0.803373 0.681698
vt 0.801218 0.681029
vt 0.807321 0.662085
vt 0.809526 0.662819
vt 0.811215 0.658147
vt 0.813426 0.658892
vt 0.816006 0.651906
vt 0.818210 0.652657
vt 0.823406 0.638609
vt 0.825616 0.639369
vt 0.833800 0.631606
vt 0.847239 0.623661
vt 0.848134 0.621354
vt 0.845951 0.620452
vt 0.846430 0.612606
vt 0.847565 0.581769
vt 0.849719 0.577275
vt 0.847706 0.576208
vt 0.862794 0.544706
vt 0.860781 0.543700
vt 0.863992 0.536762
vt 0.862004 0.535836
vt 0.865102 0.528767
vt 0.863178 0.527898
vt 0.865906 0.520599
vt 0.863725 0.519695
vt 0.866579 0.513538
vt 0.864730 0.512389
vt 0.872695 0.499131
vt 0.870820 0.497779
vt 0.873935 0.493426
vt 0.913577 0.472654
vt 0.877530 0.486631
vt 0.886932 0.481761
vt 0.902745 0.472534
vt 0.905372 0.471310
vt 0.931755 0.465974
vt 0.933192 0.468064
vt 0.947920 0.459422
vt 0.961881 0.469340
vt 0.963874 0.470895
vt 0.967798 0.474178
vt 0.970016 0.475489
vt 0.974344 0.478297
vt 0.976545 0.479701
vt 0.926903 0.600703
vt 0.918070 0.622540
vt 0.919167 0.620500
vt 0.924726 0.607667
vt 0.925404 0.605331
vt 0.411618 0.576701
vt 0.411478 0.579205
vt 0.406873 0.568556
vt 0.408665 0.568819
vt 0.410021 0.571501
vt 0.409150 0.694290
vt 0.407846 0.686496
vt 0.409996 0.686795
vt 0.411251 0.689843
vt 0.411564 0.692536
vt 0.403170 0.809792
vt 0.404752 0.810155
vt 0.404536 0.812571
vt 0.402961 0.812226
vt 0.402753 0.814616
vt 0.401350 0.811966
vt 0.401376 0.814632
vt 0.406549 0.790647
vt 0.405230 0.802803
vt 0.402613 0.795235
vt 0.403592 0.802445
vt 0.402070 0.799696
vt 0.400069 0.804139
vt 0.399809 0.809206
vt 0.399782 0.811747
vt 0.398304 0.808907
vt 0.398464 0.803829
vt 0.400516 0.799205
vt 0.404786 0.790570
vt 0.400949 0.795268
vt 0.401346 0.790573
vt 0.405081 0.785633
vt 0.403460 0.785602
vt 0.401908 0.783095
vt 0.403563 0.783112
vt 0.402125 0.780608
vt 0.399996 0.785595
vt 0.399669 0.790629
vt 0.400600 0.778134
vt 0.638979 0.794894
vt 0.412038 0.433370
vt 0.600825 0.792443
vt 0.620547 0.599082
vt 0.965310 0.891136
vt 0.485946 0.795795
vt 0.487876 0.794336
vt 0.486132 0.793430
vt 0.487416 0.792443
vt 0.495368 0.806134
vt 0.487131 0.801405
vt 0.495230 0.794647
vt 0.837857 0.089762
vt 0.387427 0.730396
vt 0.387314 0.732790
vt 0.383591 0.733501
vt 0.782379 0.189260
vt 0.805313 0.540925
vt 0.807224 0.538960
vt 0.808448 0.539932
vt 0.811859 0.536915
vt 0.812562 0.538078
vt 0.815347 0.537537
vt 0.821810 0.533772
vt 0.821043 0.532674
vt 0.801830 0.540092
vt 0.803653 0.538877
vt 0.798698 0.540876
vt 0.800613 0.539398
vt 0.795338 0.541704
vt 0.797225 0.540042
vt 0.780476 0.545209
vt 0.783168 0.547215
vt 0.793504 0.543821
vt 0.777831 0.558907
vt 0.780209 0.551192
vt 0.781581 0.552096
vt 0.776328 0.572296
vt 0.776146 0.577431
vt 0.774932 0.566656
vt 0.776796 0.558506
vt 0.776578 0.566993
vt 0.775389 0.585033
vt 0.774792 0.571967
vt 0.774587 0.577073
vt 0.773825 0.584638
vt 0.766559 0.637653
vt 0.770310 0.604436
vt 0.771808 0.604773
vt 0.768122 0.637614
vt 0.767985 0.647459
vt 0.766465 0.647441
vt 0.766885 0.662448
vt 0.765308 0.662323
vt 0.760175 0.688560
vt 0.758704 0.688404
vt 0.823632 0.532080
vt 0.828971 0.527158
vt 0.829740 0.528191
vt 0.832126 0.527545
vt 0.749898 0.728097
vt 0.752903 0.710315
vt 0.751432 0.728326
vt 0.843700 0.528059
vt 0.831153 0.526367
vt 0.749974 0.750555
vt 0.748370 0.750500
vt 0.750768 0.762086
vt 0.749063 0.762360
vt 0.752271 0.766663
vt 0.750526 0.766905
vt 0.752853 0.775757
vt 0.751540 0.776001
vt 0.751790 0.771301
vt 0.836250 0.522167
vt 0.836991 0.523475
vt 0.840124 0.519738
vt 0.840885 0.520942
vt 0.842430 0.519033
vt 0.844410 0.521585
vt 0.842978 0.523592
vt 0.844033 0.524828
vt 0.842624 0.526864
vt 0.845033 0.525990
vt 0.847249 0.528277
vt 0.853040 0.517700
vt 0.851881 0.516535
vt 0.859274 0.507403
vt 0.858274 0.506165
vt 0.860672 0.505330
vt 0.862964 0.504318
vt 0.862276 0.503318
vt 0.866425 0.500779
vt 0.867369 0.501759
vt 0.633133 0.795021
vt 0.343027 0.801385
vt 0.431408 0.621489
vt 0.433962 0.614875
vt 0.430081 0.619585
vt 0.433012 0.613092
vt 0.439756 0.609032
vt 0.882102 0.750933
vt 0.900356 0.749533
vt 0.899937 0.751811
vt 0.902462 0.752094
vt 0.901599 0.756428
vt 0.881758 0.753419
vt 0.873884 0.753057
vt 0.865409 0.757284
vt 0.873484 0.755540
vt 0.941553 0.017123
vt 0.942034 0.023756
vt 0.940169 0.023821
vt 0.940617 0.028758
vt 0.942482 0.028719
vt 0.943288 0.036202
vt 0.945098 0.036207
vt 0.944527 0.043472
vt 0.946410 0.043498
vt 0.923273 0.040776
vt 0.921286 0.036206
vt 0.948238 0.059450
vt 0.950007 0.059055
vt 0.952465 0.071364
vt 0.910882 0.053660
vt 0.953436 0.078855
vt 0.955380 0.078639
vt 0.956233 0.083559
vt 0.957818 0.088402
vt 0.958852 0.095754
vt 0.960650 0.095649
vt 0.961170 0.098073
vt 0.964685 0.097889
vt 0.966124 0.109971
vt 0.967888 0.109956
vt 0.966858 0.114989
vt 0.965008 0.114948
vt 0.965054 0.128077
vt 0.918155 0.034176
vt 0.921510 0.041280
vt 0.919927 0.033761
vt 0.920651 0.036182
vt 0.915765 0.024583
vt 0.914266 0.019536
vt 0.912822 0.019990
vt 0.909117 0.011808
vt 0.912825 0.004002
vt 0.942775 0.012862
vt 0.943248 0.017813
vt 0.937012 0.006444
vt 0.939764 0.008486
vt 0.906569 0.011641
vt 0.913367 0.022180
vt 0.904634 0.011551
vt 0.903952 0.004475
vt 0.896608 0.003926
vt 0.896357 0.002499
vt 0.943288 0.010879
vt 0.944172 0.008782
vt 0.945222 0.011041
vt 0.939120 0.006522
vt 0.910400 0.002814
vt 0.912217 0.001476
vt 0.936662 0.004505
vt 0.931710 0.002082
vt 0.937039 0.355725
vt 0.941131 0.354780
vt 0.938996 0.357484
vt 0.941191 0.357104
vt 0.935019 0.356208
vt 0.932246 0.360607
vt 0.932612 0.358608
vt 0.931791 0.362561
vt 0.943329 0.360910
vt 0.938642 0.361790
vt 0.943633 0.359141
vt 0.411495 0.761879
vt 0.410916 0.764603
vt 0.408975 0.764613
vt 0.407602 0.759781
vt 0.407781 0.750073
vt 0.409348 0.749884
vt 0.401453 0.726112
vt 0.402859 0.726574
vt 0.400923 0.731115
vt 0.402586 0.731489
vt 0.400667 0.733809
vt 0.399059 0.733511
vt 0.398301 0.720400
vt 0.401504 0.721354
vt 0.394538 0.724331
vt 0.394737 0.721917
vt 0.397492 0.731795
vt 0.397420 0.733569
vt 0.395938 0.731750
vt 0.395940 0.729508
vt 0.394405 0.729091
vt 0.394405 0.726724
vt 0.481633 0.799349
vt 0.478763 0.798433
vt 0.479751 0.796132
vt 0.482648 0.797095
vt 0.484425 0.792443
vt 0.485946 0.792925
vt 0.480631 0.801601
vt 0.482558 0.804534
vt 0.481131 0.804247
vt 0.482162 0.809030
vt 0.480790 0.808929
vt 0.482818 0.811488
vt 0.481396 0.811371
vt 0.483653 0.814018
vt 0.482124 0.813869
vt 0.484645 0.806816
vt 0.485946 0.806825
vt 0.485324 0.803857
vt 0.484688 0.800449
vt 0.383934 0.241562
vt 0.388400 0.244577
vt 0.644777 0.795054
vt 0.610528 0.754931
vt 0.615505 0.760390
vt 0.411716 0.788454
vt 0.410869 0.791488
vt 0.407665 0.792658
vt 0.406549 0.787850
vt 0.407907 0.781846
vt 0.410176 0.783653
vt 0.409367 0.781205
vt 0.408603 0.778751
vt 0.410077 0.778113
vt 0.411716 0.782995
vt 0.460969 0.568191
vt 0.457972 0.572604
vt 0.440299 0.569705
vt 0.780682 0.208086
vt 0.779063 0.208362
vt 0.777657 0.203630
vt 0.775818 0.203890
vt 0.775675 0.201310
vt 0.775833 0.198763
vt 0.777319 0.198711
vt 0.777207 0.196244
vt 0.780221 0.196174
vt 0.782110 0.191633
vt 0.780301 0.191502
vt 0.784252 0.212271
vt 0.782685 0.212546
vt 0.787928 0.216413
vt 0.786337 0.216722
vt 0.801392 0.203396
vt 0.791626 0.220628
vt 0.790014 0.220929
vt 0.794028 0.184441
vt 0.785798 0.180303
vt 0.787470 0.180742
vt 0.795275 0.224891
vt 0.793677 0.225157
vt 0.804142 0.208079
vt 0.791947 0.181562
vt 0.792767 0.158742
vt 0.789956 0.178619
vt 0.794519 0.159376
vt 0.792233 0.178988
vt 0.802631 0.238399
vt 0.801069 0.238606
vt 0.794254 0.181893
vt 0.798718 0.185192
vt 0.798509 0.190990
vt 0.800888 0.190771
vt 0.803682 0.203137
vt 0.806476 0.207771
vt 0.806741 0.210211
vt 0.809092 0.209889
vt 0.809369 0.212294
vt 0.811717 0.211949
vt 0.812003 0.214334
vt 0.814341 0.213941
vt 0.814644 0.216346
vt 0.816981 0.215941
vt 0.817339 0.218381
vt 0.822108 0.217678
vt 0.822447 0.220163
vt 0.828051 0.224385
vt 0.830789 0.226542
vt 0.833213 0.226305
vt 0.833505 0.228759
vt 0.841121 0.230597
vt 0.855103 0.228612
vt 0.855406 0.231105
vt 0.857628 0.230770
vt 0.857987 0.233264
vt 0.866767 0.232008
vt 0.866889 0.237104
vt 0.871875 0.236432
vt 0.871936 0.238993
vt 0.872505 0.244017
vt 0.874923 0.243718
vt 0.875348 0.246203
vt 0.877784 0.245906
vt 0.878203 0.248394
vt 0.872997 0.271269
vt 0.877591 0.260888
vt 0.834944 0.279418
vt 0.880639 0.248088
vt 0.879723 0.258193
vt 0.882135 0.257971
vt 0.809683 0.252091
vt 0.826746 0.273489
vt 0.832339 0.277317
vt 0.814307 0.258710
vt 0.879995 0.260678
vt 0.875247 0.268551
vt 0.875545 0.270992
vt 0.874499 0.281099
vt 0.872111 0.281449
vt 0.872944 0.286377
vt 0.870657 0.286766
vt 0.871689 0.291630
vt 0.869833 0.292005
vt 0.888383 0.330162
vt 0.895396 0.330067
vt 0.893643 0.332316
vt 0.895961 0.332268
vt 0.894523 0.334064
vt 0.896712 0.334150
vt 0.897554 0.341866
vt 0.899719 0.341887
vt 0.898368 0.343678
vt 0.895444 0.341846
vt 0.896267 0.343659
vt 0.893422 0.341784
vt 0.894246 0.343612
vt 0.892336 0.343586
vt 0.851915 0.310248
vt 0.893484 0.345398
vt 0.855236 0.320750
vt 0.841059 0.286005
vt 0.837531 0.281560
vt 0.820158 0.267429
vt 0.893212 0.347163
vt 0.868710 0.368442
vt 0.872970 0.374765
vt 0.878419 0.376319
vt 0.875881 0.376220
vt 0.888168 0.370290
vt 0.889520 0.372225
vt 0.883229 0.375893
vt 0.873564 0.376658
vt 0.857794 0.375862
vt 0.854033 0.375861
vt 0.852516 0.374251
vt 0.852690 0.369942
vt 0.853429 0.367739
vt 0.851212 0.369868
vt 0.851771 0.367675
vt 0.851622 0.363181
vt 0.853238 0.363365
vt 0.851622 0.358740
vt 0.853335 0.358940
vt 0.850812 0.352147
vt 0.852575 0.352325
vt 0.850021 0.342950
vt 0.851792 0.343083
vt 0.849682 0.333588
vt 0.851379 0.333685
vt 0.850142 0.329042
vt 0.853519 0.329226
vt 0.852743 0.326995
vt 0.853628 0.324874
vt 0.853525 0.320664
vt 0.850229 0.310177
vt 0.839390 0.286116
vt 0.835890 0.281688
vt 0.833340 0.279542
vt 0.829129 0.277605
vt 0.823580 0.273781
vt 0.818568 0.267597
vt 0.812716 0.258894
vt 0.808111 0.252276
vt 0.007974 0.732742
vt 0.009697 0.732112
vt 0.444757 0.588618
vt 0.444885 0.590539
vt 0.442349 0.590272
vt 0.442815 0.574195
vt 0.440396 0.574336
vt 0.449218 0.592259
vt 0.446992 0.589343
vt 0.460028 0.573644
vt 0.460251 0.571794
vt 0.462373 0.572758
vt 0.443094 0.605686
vt 0.449425 0.594353
vt 0.471467 0.603944
vt 0.467333 0.573736
vt 0.440785 0.605236
vt 0.470891 0.605758
vt 0.471299 0.622552
vt 0.516247 0.634839
vt 0.473497 0.623706
vt 0.479958 0.608842
vt 0.477888 0.607648
vt 0.482277 0.609782
vt 0.545801 0.631911
vt 0.559923 0.649119
vt 0.519432 0.633517
vt 0.546440 0.564532
vt 0.463071 0.569273
vt 0.462668 0.571064
vt 0.460530 0.570006
vt 0.439483 0.535511
vt 0.433785 0.513843
vt 0.431536 0.514400
vt 0.429320 0.503331
vt 0.426272 0.493590
vt 0.423770 0.492812
vt 0.458167 0.485346
vt 0.441374 0.472416
vt 0.452868 0.474024
vt 0.458301 0.474318
vt 0.466702 0.471657
vt 0.467724 0.473644
vt 0.484590 0.472439
vt 0.486873 0.472106
vt 0.492398 0.472839
vt 0.553717 0.543235
vt 0.557617 0.545908
vt 0.556162 0.547912
vt 0.557998 0.549181
vt 0.556544 0.551219
vt 0.563011 0.557271
vt 0.564129 0.555388
vt 0.570410 0.559444
vt 0.571826 0.557473
vt 0.576036 0.559936
vt 0.557238 0.619328
vt 0.561163 0.647333
vt 0.581184 0.629084
vt 0.589997 0.659132
vt 0.592367 0.630176
vt 0.597965 0.630847
vt 0.604685 0.660317
vt 0.589002 0.689445
vt 0.590629 0.691413
vt 0.596847 0.668894
vt 0.599084 0.704252
vt 0.592132 0.696805
vt 0.588714 0.692940
vt 0.586772 0.629637
vt 0.589544 0.582700
vt 0.561231 0.617509
vt 0.577418 0.557833
vt 0.579473 0.559112
vt 0.566096 0.614588
vt 0.574093 0.613703
vt 0.589148 0.562714
vt 0.593426 0.569515
vt 0.582437 0.554999
vt 0.584513 0.556241
vt 0.585974 0.554185
vt 0.588038 0.555597
vt 0.586598 0.557637
vt 0.590670 0.560651
vt 0.594964 0.567491
vt 0.591093 0.580776
vt 0.595343 0.571147
vt 0.593790 0.573154
vt 0.595721 0.574761
vt 0.594189 0.576767
vt 0.596151 0.578361
vt 0.594647 0.580369
vt 0.598642 0.583502
vt 0.597147 0.585474
vt 0.591565 0.584299
vt 0.590024 0.586160
vt 0.592043 0.587726
vt 0.590511 0.589542
vt 0.594535 0.592536
vt 0.593028 0.594244
vt 0.595021 0.595689
vt 0.593539 0.597390
vt 0.588085 0.607916
vt 0.580867 0.614574
vt 0.578796 0.612994
vt 0.576128 0.615235
vt 0.571476 0.616109
vt 0.569239 0.614698
vt 0.568257 0.615964
vt 0.564287 0.617287
vt 0.598984 0.707657
vt 0.597287 0.705775
vt 0.600347 0.713012
vt 0.600014 0.716308
vt 0.598485 0.714356
vt 0.600990 0.721677
vt 0.598087 0.717706
vt 0.600391 0.724840
vt 0.598995 0.722900
vt 0.602558 0.731869
vt 0.598469 0.726228
vt 0.600600 0.733223
vt 0.606651 0.743048
vt 0.608727 0.753084
vt 0.604456 0.743896
vt 0.722890 0.681925
vt 0.715883 0.667637
vt 0.642499 0.773476
vt 0.640577 0.773482
vt 0.700659 0.788985
vt 0.660932 0.778667
vt 0.661901 0.776388
vt 0.742372 0.740000
vt 0.719454 0.788714
vt 0.709931 0.789812
vt 0.728014 0.783550
vt 0.738578 0.764287
vt 0.731790 0.779736
vt 0.730027 0.784530
vt 0.733882 0.780580
vt 0.746647 0.727211
vt 0.741126 0.711731
vt 0.650467 0.588001
vt 0.649453 0.589265
vt 0.613622 0.615430
vt 0.636105 0.577773
vt 0.640225 0.580727
vt 0.626742 0.585374
vt 0.627074 0.572892
vt 0.629034 0.571122
vt 0.630828 0.576098
vt 0.627809 0.580006
vt 0.629329 0.577996
vt 0.625984 0.578565
vt 0.627383 0.576466
vt 0.625084 0.584309
vt 0.620866 0.602295
vt 0.619076 0.601056
vt 0.611778 0.614331
vt 0.587987 0.628045
vt 0.564996 0.620546
vt 0.564206 0.621953
vt 0.561868 0.620994
vt 0.622225 0.775110
vt 0.627044 0.792857
vt 0.007336 0.649460
vt 0.006156 0.649842
vt 0.007318 0.638565
vt 0.007646 0.634040
vt 0.040871 0.625174
vt 0.009156 0.629404
vt 0.007781 0.629681
vt 0.008053 0.627545
vt 0.008586 0.615461
vt 0.010313 0.604688
vt 0.033500 0.603986
vt 0.008715 0.605390
vt 0.009286 0.592678
vt 0.009681 0.590210
vt 0.009923 0.587795
vt 0.011492 0.587011
vt 0.034826 0.605902
vt 0.007247 0.660396
vt 0.005567 0.660843
vt 0.003898 0.676532
vt 0.004362 0.674363
vt 0.005677 0.675771
vt 0.005182 0.677856
vt 0.031106 0.584364
vt 0.032710 0.599065
vt 0.011656 0.582134
vt 0.010139 0.582666
vt 0.011519 0.540369
vt 0.031807 0.594117
vt 0.047239 0.619635
vt 0.046459 0.624299
vt 0.045638 0.620065
vt 0.044477 0.615762
vt 0.046004 0.615321
vt 0.036120 0.607838
vt 0.010557 0.540753
vt 0.010138 0.518522
vt 0.043118 0.613786
vt 0.044612 0.613394
vt 0.009884 0.516613
vt 0.013328 0.512932
vt 0.009857 0.514746
vt 0.013106 0.511334
vt 0.026362 0.503265
vt 0.026510 0.501165
vt 0.036435 0.497790
vt 0.036519 0.495571
vt 0.041841 0.611686
vt 0.043271 0.611452
vt 0.040441 0.610341
vt 0.041895 0.609413
vt 0.039095 0.609471
vt 0.040502 0.608844
vt 0.039097 0.606832
vt 0.036420 0.605442
vt 0.034969 0.603482
vt 0.033235 0.593562
vt 0.034117 0.598527
vt 0.034299 0.580756
vt 0.034191 0.583134
vt 0.039587 0.552479
vt 0.043851 0.513569
vt 0.039718 0.498396
vt 0.038028 0.497010
vt 0.038047 0.494817
vt 0.039593 0.494061
vt 0.041251 0.497537
vt 0.041447 0.499747
vt 0.045916 0.497058
vt 0.045699 0.494828
vt 0.047216 0.493894
vt 0.047050 0.491682
vt 0.055359 0.486932
vt 0.055761 0.484991
vt 0.068691 0.479292
vt 0.067875 0.492745
vt 0.066351 0.493543
vt 0.066395 0.495808
vt 0.064837 0.496622
vt 0.064878 0.498879
vt 0.063297 0.499701
vt 0.063283 0.501929
vt 0.061670 0.502759
vt 0.061665 0.504982
vt 0.060045 0.505850
vt 0.060164 0.510233
vt 0.058436 0.506756
vt 0.058678 0.511246
vt 0.056893 0.507713
vt 0.056807 0.505407
vt 0.055294 0.506336
vt 0.055135 0.504013
vt 0.053628 0.504928
vt 0.053389 0.502601
vt 0.047535 0.506248
vt 0.047946 0.508583
vt 0.046498 0.509482
vt 0.046823 0.511816
vt 0.044648 0.525134
vt 0.046192 0.524315
vt 0.046443 0.535872
vt 0.044748 0.541209
vt 0.044683 0.543485
vt 0.043097 0.544240
vt 0.043004 0.546502
vt 0.041196 0.551745
vt 0.038865 0.563624
vt 0.037258 0.564303
vt 0.036651 0.570955
vt 0.035062 0.571613
vt 0.034839 0.573852
vt 0.036451 0.573206
vt 0.035869 0.580116
vt 0.001624 0.699261
vt 0.000000 0.699952
vt 0.000396 0.697825
vt 0.002143 0.697208
vt 0.002794 0.693313
vt 0.006331 0.694302
vt 0.007545 0.688434
vt 0.006633 0.692488
vt 0.000346 0.717662
vt 0.000254 0.711172
vt 0.003362 0.722789
vt 0.001714 0.723431
vt 0.003096 0.724949
vt 0.004647 0.724533
vt 0.826418 0.103243
vt 0.631021 0.792558
vt 0.487129 0.443243
vt 0.486881 0.441739
vt 0.489377 0.442595
vt 0.489053 0.441298
vt 0.491586 0.441738
vt 0.491817 0.443065
vt 0.485138 0.446678
vt 0.484813 0.443588
vt 0.483080 0.450205
vt 0.482696 0.446790
vt 0.505608 0.443202
vt 0.492237 0.449251
vt 0.492278 0.447758
vt 0.502412 0.437133
vt 0.502629 0.438272
vt 0.505508 0.444615
vt 0.512312 0.444272
vt 0.509934 0.444764
vt 0.519106 0.444376
vt 0.511998 0.445781
vt 0.525154 0.443795
vt 0.518758 0.446086
vt 0.529355 0.438597
vt 0.529216 0.441743
vt 0.531460 0.434549
vt 0.531249 0.437656
vt 0.529545 0.435476
vt 0.529744 0.430721
vt 0.529816 0.432258
vt 0.527588 0.431854
vt 0.525314 0.431482
vt 0.507019 0.436118
vt 0.527461 0.430402
vt 0.524913 0.428680
vt 0.515886 0.431358
vt 0.520298 0.429392
vt 0.513268 0.430864
vt 0.515550 0.430024
vt 0.506737 0.434833
vt 0.417595 0.193994
vt 0.405053 0.717121
vt 0.406220 0.719273
vt 0.401425 0.718581
vt 0.402904 0.720400
vt 0.399677 0.719226
vt 0.398694 0.716934
vt 0.407280 0.707955
vt 0.410251 0.714939
vt 0.405655 0.708669
vt 0.404675 0.706327
vt 0.398709 0.711549
vt 0.397855 0.714570
vt 0.395158 0.718337
vt 0.394405 0.715889
vt 0.397012 0.712203
vt 0.402101 0.704698
vt 0.396151 0.709844
vt 0.394405 0.705160
vt 0.397792 0.703833
vt 0.336836 0.421458
vt 0.334715 0.422374
vt 0.337357 0.419684
vt 0.330023 0.422975
vt 0.330670 0.420707
vt 0.325664 0.422550
vt 0.326531 0.420935
vt 0.322609 0.420525
vt 0.323526 0.419046
vt 0.321338 0.419022
vt 0.335217 0.396596
vt 0.334452 0.381044
vt 0.335832 0.358653
vt 0.335105 0.360902
vt 0.333699 0.365418
vt 0.334866 0.385443
vt 0.337905 0.380772
vt 0.339636 0.380648
vt 0.336607 0.385315
vt 0.336191 0.380913
vt 0.341194 0.369448
vt 0.337724 0.369696
vt 0.585041 0.617086
vt 0.601145 0.616777
vt 0.599835 0.620274
vt 0.598213 0.621617
vt 0.550251 0.799241
vt 0.547295 0.796944
vt 0.545677 0.799197
vt 0.544859 0.797137
vt 0.545782 0.793150
vt 0.550251 0.792948
vt 0.411142 0.622075
vt 0.545707 0.123709
vt 0.627310 0.792787
vt 0.437430 0.551989
vt 0.440437 0.595323
vt 0.438385 0.606830
vt 0.436731 0.607455
vt 0.436678 0.546070
vt 0.436574 0.543725
vt 0.656647 0.776830
vt 0.819400 0.398548
vt 0.821351 0.398863
vt 0.821259 0.414366
vt 0.812808 0.412661
vt 0.812733 0.410207
vt 0.810740 0.409753
vt 0.812994 0.405144
vt 0.811038 0.404746
vt 0.818053 0.393180
vt 0.820000 0.393497
vt 0.821351 0.380842
vt 0.821303 0.383371
vt 0.813768 0.395036
vt 0.819391 0.380520
vt 0.819477 0.378001
vt 0.811816 0.376658
vt 0.806448 0.388698
vt 0.807610 0.378495
vt 0.808408 0.389014
vt 0.808187 0.391526
vt 0.811830 0.394695
vt 0.062412 0.028421
vt 0.195466 0.576038
vt 0.192852 0.573523
vt 0.193035 0.576095
vt 0.193253 0.578738
vt 0.190799 0.578868
vt 0.190406 0.573756
vt 0.191900 0.565999
vt 0.196884 0.565727
vt 0.888278 0.002203
vt 0.886595 0.368735
vt 0.880612 0.369087
vt 0.882857 0.368464
vt 0.559426 0.798328
vt 0.558532 0.796566
vt 0.558927 0.792750
vt 0.563234 0.792443
vt 0.564074 0.794397
vt 0.406920 0.079573
vt 0.409518 0.092140
vt 0.407717 0.091945
vt 0.412124 0.119640
vt 0.410653 0.119462
vt 0.412060 0.128002
vt 0.410292 0.129519
vt 0.412118 0.130239
vt 0.410705 0.131782
vt 0.407969 0.146585
vt 0.409943 0.147328
vt 0.408535 0.151125
vt 0.409008 0.153526
vt 0.407435 0.159364
vt 0.409201 0.160068
vt 0.396210 0.061233
vt 0.402468 0.055270
vt 0.408085 0.079978
vt 0.356805 0.221734
vt 0.407881 0.161572
vt 0.408434 0.163831
vt 0.407378 0.169495
vt 0.409032 0.170237
vt 0.407888 0.171696
vt 0.407219 0.182802
vt 0.408935 0.183307
vt 0.400433 0.053129
vt 0.400521 0.048918
vt 0.402471 0.053310
vt 0.396332 0.044225
vt 0.398346 0.044631
vt 0.393105 0.039512
vt 0.395511 0.041050
vt 0.387052 0.039294
vt 0.387046 0.037253
vt 0.385290 0.044839
vt 0.385168 0.038539
vt 0.387184 0.045656
vt 0.389863 0.049102
vt 0.387383 0.047628
vt 0.408145 0.187539
vt 0.360677 0.222005
vt 0.408391 0.198975
vt 0.409031 0.204104
vt 0.407505 0.203562
vt 0.408096 0.225777
vt 0.406415 0.225428
vt 0.406770 0.232192
vt 0.405026 0.232186
vt 0.405274 0.234539
vt 0.403519 0.236888
vt 0.405303 0.236923
vt 0.403708 0.239253
vt 0.401685 0.239306
vt 0.365223 0.229541
vt 0.390649 0.051866
vt 0.393881 0.058710
vt 0.360644 0.229159
vt 0.367522 0.232174
vt 0.365192 0.231906
vt 0.369822 0.234851
vt 0.367458 0.234553
vt 0.372125 0.237574
vt 0.369714 0.237244
vt 0.371900 0.240021
vt 0.399084 0.246930
vt 0.399343 0.244377
vt 0.400765 0.241786
vt 0.400934 0.244244
vt 0.401994 0.241723
vt 0.410414 0.568556
vt 0.408833 0.568044
vt 0.408833 0.563214
vt 0.339213 0.745596
vt 0.337813 0.745252
vt 0.337486 0.740352
vt 0.336081 0.740043
vt 0.335801 0.735154
vt 0.337214 0.735445
vt 0.336096 0.720668
vt 0.337433 0.720910
vt 0.340733 0.748426
vt 0.339356 0.748044
vt 0.340496 0.743500
vt 0.341442 0.736418
vt 0.336704 0.713497
vt 0.338068 0.713751
vt 0.342251 0.729239
vt 0.341921 0.743892
vt 0.342771 0.736794
vt 0.343252 0.724401
vt 0.343594 0.729562
vt 0.344460 0.722092
vt 0.344583 0.724650
vt 0.345726 0.719825
vt 0.345827 0.722318
vt 0.346457 0.712748
vt 0.347110 0.720069
vt 0.345119 0.712489
vt 0.343202 0.707461
vt 0.344532 0.707699
vt 0.342595 0.697916
vt 0.342628 0.700317
vt 0.339797 0.697652
vt 0.341558 0.704874
vt 0.339786 0.700014
vt 0.341319 0.702528
vt 0.339982 0.702337
vt 0.335801 0.700404
vt 0.338657 0.702150
vt 0.344777 0.656717
vt 0.342839 0.657599
vt 0.343077 0.641255
vt 0.344790 0.640332
vt 0.346511 0.643585
vt 0.348790 0.646968
vt 0.348854 0.649041
vt 0.348853 0.651073
vt 0.346792 0.651871
vt 0.346786 0.653882
vt 0.412016 0.713968
vt 0.410260 0.714039
vt 0.408239 0.478129
vt 0.409436 0.483409
vt 0.408962 0.491112
vt 0.410649 0.490909
vt 0.407539 0.498346
vt 0.409270 0.498212
vt 0.400193 0.489507
vt 0.396734 0.477877
vt 0.398478 0.489887
vt 0.397905 0.485095
vt 0.406287 0.503040
vt 0.403028 0.503445
vt 0.400466 0.494335
vt 0.401946 0.498833
vt 0.674129 0.008264
vt 0.673808 0.004393
vt 0.676161 0.004609
vt 0.675980 0.002740
vt 0.347147 0.775487
vt 0.345631 0.774573
vt 0.345109 0.770470
vt 0.346800 0.768965
vt 0.348812 0.769493
vt 0.284734 0.690968
vt 0.268909 0.693278
vt 0.269083 0.690790
vt 0.263944 0.690394
vt 0.264095 0.688004
vt 0.274194 0.689334
vt 0.293878 0.660677
vt 0.291777 0.656738
vt 0.293483 0.656061
vt 0.297820 0.657272
vt 0.298644 0.659784
vt 0.299467 0.656524
vt 0.301937 0.663677
vt 0.300267 0.664665
vt 0.076753 0.553616
vt 0.076579 0.551189
vt 0.078055 0.550529
vt 0.077564 0.545655
vt 0.078516 0.540084
vt 0.503427 0.797749
vt 0.503770 0.795218
vt 0.505573 0.795208
vt 0.505767 0.792702
vt 0.511204 0.792443
vt 0.512691 0.797646
vt 0.503286 0.800304
vt 0.507117 0.802787
vt 0.159283 0.090443
vt 0.169086 0.089746
vt 0.171439 0.091499
vt 0.186036 0.092879
vt 0.277992 0.623127
vt 0.619305 0.794656
vt 0.603731 0.612723
vt 0.622332 0.585596
vt 0.605521 0.613319
vt 0.618066 0.588977
vt 0.622466 0.588697
vt 0.623741 0.586493
vt 0.601051 0.588357
vt 0.602830 0.589733
vt 0.602028 0.597038
vt 0.608223 0.585186
vt 0.609364 0.583061
vt 0.609706 0.586427
vt 0.605441 0.585959
vt 0.607045 0.587381
vt 0.360196 0.811554
vt 0.360688 0.809096
vt 0.362441 0.810247
vt 0.362954 0.807956
vt 0.361065 0.806818
vt 0.361585 0.804598
vt 0.357785 0.802284
vt 0.358266 0.800130
vt 0.356415 0.798950
vt 0.356951 0.796759
vt 0.355056 0.795634
vt 0.355587 0.793409
vt 0.353797 0.792248
vt 0.354293 0.790011
vt 0.352682 0.788718
vt 0.357029 0.781461
vt 0.355013 0.780267
vt 0.357624 0.779496
vt 0.355621 0.778258
vt 0.356224 0.776232
vt 0.392630 0.788656
vt 0.354477 0.774901
vt 0.355750 0.770802
vt 0.354043 0.769486
vt 0.354679 0.767447
vt 0.353126 0.766098
vt 0.357271 0.755655
vt 0.361688 0.755768
vt 0.364099 0.754572
vt 0.377872 0.759653
vt 0.393120 0.794293
vt 0.365508 0.752599
vt 0.360956 0.746784
vt 0.370487 0.753127
vt 0.394580 0.803599
vt 0.359436 0.751019
vt 0.357827 0.747581
vt 0.357422 0.752615
vt 0.355997 0.751249
vt 0.353669 0.755188
vt 0.352366 0.753754
vt 0.351482 0.755836
vt 0.350216 0.754509
vt 0.351223 0.750277
vt 0.349509 0.748631
vt 0.350650 0.746716
vt 0.349291 0.745081
vt 0.350280 0.743182
vt 0.348916 0.741565
vt 0.351257 0.741262
vt 0.351632 0.735797
vt 0.352217 0.739340
vt 0.352285 0.734044
vt 0.353150 0.737426
vt 0.354327 0.735436
vt 0.358435 0.745892
vt 0.371117 0.751133
vt 0.379128 0.755747
vt 0.379670 0.753767
vt 0.381178 0.756951
vt 0.378451 0.757752
vt 0.380565 0.758878
vt 0.350116 0.801245
vt 0.357316 0.808153
vt 0.350535 0.804735
vt 0.356726 0.809983
vt 0.350904 0.808199
vt 0.349124 0.803284
vt 0.349414 0.806799
vt 0.350422 0.813389
vt 0.348916 0.812264
vt 0.355496 0.818101
vt 0.349898 0.815406
vt 0.363740 0.819445
vt 0.363494 0.821433
vt 0.361537 0.820341
vt 0.367675 0.821397
vt 0.372179 0.823220
vt 0.369908 0.822459
vt 0.372308 0.821414
vt 0.383966 0.823101
vt 0.383820 0.825220
vt 0.390677 0.823586
vt 0.390136 0.825563
vt 0.394588 0.809311
vt 0.392856 0.824470
vt 0.384532 0.762558
vt 0.391132 0.777718
vt 0.386759 0.763541
vt 0.387544 0.761568
vt 0.391362 0.765365
vt 0.392695 0.768712
vt 0.393671 0.766547
vt 0.393900 0.770523
vt 0.393028 0.772716
vt 0.392381 0.778837
vt 0.391726 0.783278
vt 0.398304 0.822506
vt 0.397864 0.824404
vt 0.396137 0.821446
vt 0.396960 0.819335
vt 0.393318 0.784192
vt 0.396039 0.815992
vt 0.396041 0.810524
vt 0.396441 0.805069
vt 0.395428 0.801117
vt 0.396812 0.802155
vt 0.394366 0.797479
vt 0.395615 0.798843
vt 0.394750 0.795344
vt 0.394207 0.789669
vt 0.393913 0.791916
vt 0.004950 0.250582
vt 0.009516 0.252858
vt 0.392763 0.726300
vt 0.389794 0.726380
vt 0.389892 0.723916
vt 0.387152 0.723793
vt 0.387363 0.721360
vt 0.383591 0.721080
vt 0.386450 0.718837
vt 0.383901 0.718670
vt 0.387369 0.714044
vt 0.388523 0.714091
vt 0.392757 0.723800
vt 0.392942 0.718818
vt 0.393159 0.716349
vt 0.394405 0.728629
vt 0.392838 0.728779
vt 0.394175 0.723654
vt 0.394405 0.716201
vt 0.394237 0.718675
vt 0.393580 0.711471
vt 0.392660 0.706780
vt 0.388959 0.703917
vt 0.391480 0.704497
vt 0.388212 0.709166
vt 0.428092 0.385406
vt 0.426912 0.410591
vt 0.423757 0.389674
vt 0.424876 0.410366
vt 0.421402 0.394320
vt 0.423803 0.420687
vt 0.419755 0.416901
vt 0.421804 0.419955
vt 0.421342 0.424730
vt 0.419332 0.424056
vt 0.419085 0.428708
vt 0.417127 0.428088
vt 0.417588 0.418644
vt 0.419624 0.419311
vt 0.415674 0.415612
vt 0.415731 0.413217
vt 0.426248 0.385052
vt 0.413671 0.412654
vt 0.415242 0.395458
vt 0.419202 0.396414
vt 0.419428 0.393911
vt 0.426387 0.382646
vt 0.424367 0.379938
vt 0.428309 0.383003
vt 0.426367 0.380306
vt 0.430927 0.388475
vt 0.429907 0.380989
vt 0.430910 0.378524
vt 0.433179 0.378748
vt 0.438863 0.361666
vt 0.435457 0.378953
vt 0.436106 0.363943
vt 0.436537 0.361498
vt 0.433794 0.363743
vt 0.421844 0.389312
vt 0.408833 0.509756
vt 0.410259 0.510497
vt 0.410348 0.503445
vt 0.411774 0.504170
vt 0.411774 0.515870
vt 0.171990 0.503872
vt 0.172948 0.506113
vt 0.171216 0.506834
vt 0.172986 0.511364
vt 0.171281 0.512090
vt 0.172239 0.514339
vt 0.169444 0.512962
vt 0.170575 0.515112
vt 0.167649 0.513840
vt 0.165686 0.509461
vt 0.164441 0.509933
vt 0.159400 0.499342
vt 0.155549 0.493328
vt 0.158599 0.487830
vt 0.172697 0.500928
vt 0.153813 0.493733
vt 0.152520 0.491767
vt 0.151322 0.489736
vt 0.157439 0.485830
vt 0.158303 0.483047
vt 0.156566 0.483576
vt 0.162066 0.481886
vt 0.160815 0.480077
vt 0.158863 0.480642
vt 0.177396 0.478587
vt 0.173287 0.472338
vt 0.154335 0.461916
vt 0.152427 0.462034
vt 0.151489 0.459886
vt 0.149647 0.459948
vt 0.148675 0.457844
vt 0.147650 0.455789
vt 0.151557 0.455424
vt 0.150488 0.453465
vt 0.157877 0.454274
vt 0.156799 0.452337
vt 0.161993 0.453717
vt 0.163005 0.455743
vt 0.168736 0.455483
vt 0.167739 0.453505
vt 0.173939 0.452639
vt 0.175054 0.454422
vt 0.183299 0.453265
vt 0.184406 0.455184
vt 0.176588 0.463259
vt 0.173643 0.503173
vt 0.173138 0.498016
vt 0.174296 0.500203
vt 0.173410 0.495135
vt 0.174707 0.497253
vt 0.182753 0.494534
vt 0.180934 0.495050
vt 0.180107 0.492671
vt 0.181871 0.492138
vt 0.183616 0.491591
vt 0.182480 0.489345
vt 0.178844 0.480558
vt 0.184682 0.486068
vt 0.185850 0.488274
vt 0.185103 0.483438
vt 0.186377 0.485539
vt 0.182003 0.481966
vt 0.183707 0.481463
vt 0.180565 0.480013
vt 0.177691 0.476166
vt 0.179136 0.478095
vt 0.188066 0.473180
vt 0.184659 0.474545
vt 0.183091 0.470855
vt 0.187056 0.470792
vt 0.181991 0.468837
vt 0.174011 0.469983
vt 0.175134 0.472091
vt 0.184155 0.451009
vt 0.178032 0.452090
vt 0.176926 0.450222
vt 0.172727 0.451056
vt 0.171586 0.449307
vt 0.170412 0.447741
vt 0.177088 0.445237
vt 0.206693 0.444606
vt 0.203319 0.453650
vt 0.199140 0.447068
vt 0.197366 0.447522
vt 0.199055 0.452053
vt 0.202849 0.456042
vt 0.186435 0.454926
vt 0.200979 0.456416
vt 0.202246 0.461260
vt 0.200364 0.461731
vt 0.191249 0.463684
vt 0.193927 0.465723
vt 0.188263 0.466419
vt 0.184457 0.466840
vt 0.183338 0.464851
vt 0.180420 0.462950
vt 0.181387 0.465062
vt 0.178487 0.463126
vt 0.177666 0.465230
vt 0.595234 0.624066
vt 0.597394 0.624832
vt 0.602182 0.622874
vt 0.603613 0.621396
vt 0.592656 0.626351
vt 0.593922 0.625192
vt 0.589182 0.626744
vt 0.590438 0.625541
vt 0.585763 0.627114
vt 0.586924 0.625947
vt 0.583503 0.626294
vt 0.811221 0.128566
vt 0.404627 0.430137
vt 0.404809 0.427672
vt 0.406628 0.427944
vt 0.406074 0.422975
vt 0.407892 0.423073
vt 0.407882 0.452799
vt 0.409500 0.452802
vt 0.409019 0.457687
vt 0.403134 0.434853
vt 0.400255 0.439305
vt 0.401549 0.434227
vt 0.396500 0.465902
vt 0.397088 0.461759
vt 0.410649 0.457668
vt 0.406697 0.465034
vt 0.409702 0.469939
vt 0.408302 0.467532
vt 0.408080 0.469974
vt 0.406615 0.467496
vt 0.405467 0.469830
vt 0.404459 0.472216
vt 0.396981 0.468449
vt 0.396476 0.473359
vt 0.395225 0.468595
vt 0.629194 0.795381
vt 0.343542 0.789901
vt 0.346065 0.790767
vt 0.345211 0.788588
vt 0.347916 0.797324
vt 0.408787 0.733198
vt 0.878365 0.484005
vt 0.414172 0.826537
vt 0.501680 0.803177
vt 0.500124 0.802428
vt 0.499882 0.807108
vt 0.498428 0.806345
vt 0.496925 0.805609
vt 0.497031 0.800962
vt 0.495548 0.800223
vt 0.495623 0.793280
vt 0.498581 0.792443
vt 0.503285 0.799280
vt 0.601001 0.797496
vt 0.601246 0.792443
vt 0.570343 0.799862
vt 0.568323 0.799946
vt 0.568323 0.792666
vt 0.570520 0.794926
vt 0.570223 0.792443
vt 0.953430 0.216556
vt 0.965171 0.217229
vt 0.962331 0.219794
vt 0.964465 0.219717
vt 0.961379 0.221831
vt 0.958191 0.223717
vt 0.956056 0.223704
vt 0.802874 0.143913
vt 0.022331 0.711305
vt 0.021565 0.713690
vt 0.019472 0.712994
vt 0.017798 0.717573
vt 0.015742 0.716729
vt 0.012132 0.733910
vt 0.012145 0.721206
vt 0.008144 0.730329
vt 0.010738 0.721268
vt 0.018070 0.708162
vt 0.019531 0.708163
vt 0.021313 0.703617
vt 0.022800 0.703704
vt 0.023662 0.701351
vt 0.025147 0.701560
vt 0.028045 0.694520
vt 0.029444 0.694751
vt 0.033722 0.688461
vt 0.034118 0.690563
vt 0.035154 0.688601
vt 0.038894 0.682664
vt 0.037963 0.687073
vt 0.040401 0.682896
vt 0.043002 0.679039
vt 0.044612 0.679284
vt 0.047224 0.675533
vt 0.048964 0.675827
vt 0.042125 0.683490
vt 0.028493 0.705185
vt 0.026232 0.704496
vt 0.035889 0.691495
vt 0.048530 0.680862
vt 0.024465 0.711977
vt 0.039982 0.688007
vt 0.045266 0.682145
vt 0.044197 0.684474
vt 0.047426 0.683168
vt 0.051825 0.679531
vt 0.050711 0.681830
vt 0.055126 0.678131
vt 0.054026 0.680437
vt 0.058447 0.676696
vt 0.057368 0.679004
vt 0.061758 0.675242
vt 0.060761 0.677576
vt 0.065889 0.671404
vt 0.064105 0.676111
vt 0.069963 0.667540
vt 0.068152 0.672198
vt 0.062195 0.662620
vt 0.050252 0.673970
vt 0.063773 0.659103
vt 0.062801 0.656345
vt 0.087142 0.644446
vt 0.086272 0.649541
vt 0.084037 0.649204
vt 0.081896 0.623505
vt 0.090206 0.639739
vt 0.089368 0.644728
vt 0.093274 0.635036
vt 0.092426 0.640008
vt 0.099436 0.615834
vt 0.095557 0.635312
vt 0.102235 0.613614
vt 0.101744 0.615960
vt 0.105419 0.609043
vt 0.104552 0.613727
vt 0.108033 0.606738
vt 0.107702 0.609118
vt 0.110786 0.599500
vt 0.110296 0.606770
vt 0.113132 0.594593
vt 0.112992 0.599441
vt 0.115737 0.589679
vt 0.115360 0.594488
vt 0.120965 0.581738
vt 0.120281 0.589640
vt 0.109760 0.585665
vt 0.109900 0.583251
vt 0.106924 0.592884
vt 0.107480 0.585823
vt 0.104159 0.601916
vt 0.104683 0.593115
vt 0.099681 0.601695
vt 0.085160 0.623380
vt 0.061230 0.656304
vt 0.060275 0.635881
vt 0.046697 0.673418
vt 0.045509 0.675323
vt 0.042201 0.675149
vt 0.043308 0.673196
vt 0.041704 0.673234
vt 0.040633 0.675216
vt 0.037513 0.675480
vt 0.036449 0.677474
vt 0.032047 0.680002
vt 0.030495 0.680231
vt 0.027674 0.684558
vt 0.025959 0.684739
vt 0.025016 0.686832
vt 0.023359 0.687062
vt 0.022445 0.689150
vt 0.019132 0.689750
vt 0.017465 0.693968
vt 0.015822 0.694347
vt 0.014353 0.698648
vt 0.012713 0.699079
vt 0.012156 0.701313
vt 0.013743 0.700877
vt 0.012067 0.707595
vt 0.013621 0.707222
vt 0.012152 0.711489
vt 0.010680 0.711788
vt 0.006772 0.722048
vt 0.007216 0.694008
vt 0.008235 0.692000
vt 0.001814 0.689962
vt 0.001009 0.693953
vt 0.001366 0.691965
vt 0.002581 0.686050
vt 0.003449 0.683897
vt 0.040866 0.654302
vt 0.039242 0.658743
vt 0.048126 0.623900
vt 0.046615 0.628244
vt 0.047331 0.640704
vt 0.048465 0.653125
vt 0.044769 0.660059
vt 0.102608 0.563739
vt 0.102759 0.576111
vt 0.100564 0.576296
vt 0.104498 0.558526
vt 0.104647 0.563452
vt 0.108732 0.555449
vt 0.108928 0.557938
vt 0.110907 0.552690
vt 0.111111 0.555164
vt 0.113092 0.549938
vt 0.113306 0.552390
vt 0.115054 0.544789
vt 0.115503 0.549637
vt 0.117384 0.544479
vt 0.110027 0.540581
vt 0.108065 0.525867
vt 0.109689 0.520497
vt 0.111352 0.515024
vt 0.112637 0.507046
vt 0.113456 0.514475
vt 0.111812 0.494971
vt 0.114977 0.506294
vt 0.109998 0.480575
vt 0.114014 0.494154
vt 0.109852 0.472799
vt 0.112149 0.479605
vt 0.111205 0.469619
vt 0.111979 0.471844
vt 0.112007 0.464546
vt 0.110479 0.467484
vt 0.105988 0.467465
vt 0.041779 0.664737
vt 0.085605 0.621127
vt 0.081951 0.617751
vt 0.080329 0.618199
vt 0.079211 0.616159
vt 0.080786 0.615792
vt 0.060763 0.625663
vt 0.062637 0.619240
vt 0.062382 0.625367
vt 0.062480 0.629321
vt 0.060882 0.629600
vt 0.058030 0.638469
vt 0.058718 0.636190
vt 0.055725 0.641120
vt 0.056463 0.638789
vt 0.052510 0.646076
vt 0.054141 0.641406
vt 0.050978 0.646296
vt 0.046983 0.653292
vt 0.043235 0.660247
vt 0.040946 0.662694
vt 0.040884 0.658485
vt 0.042479 0.654025
vt 0.051107 0.633794
vt 0.048896 0.640410
vt 0.054002 0.629087
vt 0.052685 0.633502
vt 0.052426 0.629325
vt 0.051468 0.627275
vt 0.054369 0.621969
vt 0.059872 0.623892
vt 0.056717 0.624535
vt 0.058893 0.622144
vt 0.057250 0.622485
vt 0.060530 0.621802
vt 0.058288 0.618335
vt 0.059494 0.620060
vt 0.053291 0.620057
vt 0.535739 0.792443
vt 0.539541 0.792443
vt 0.538004 0.794939
vt 0.539935 0.794908
vt 0.538407 0.797369
vt 0.534048 0.794816
vt 0.537247 0.802215
vt 0.535232 0.802174
vt 0.619309 0.770674
vt 0.137543 0.330269
vt 0.398237 0.667581
vt 0.398546 0.660592
vt 0.406149 0.661800
vt 0.406008 0.682580
vt 0.403736 0.687666
vt 0.401224 0.687451
vt 0.870979 0.294274
vt 0.882555 0.310890
vt 0.880128 0.311425
vt 0.873866 0.293689
vt 0.884576 0.280366
vt 0.886936 0.314645
vt 0.889343 0.280482
vt 0.889553 0.314065
vt 0.894554 0.313286
vt 0.890220 0.316292
vt 0.873686 0.125339
vt 0.869466 0.071937
vt 0.881433 0.049240
vt 0.887824 0.042969
vt 0.890298 0.264323
vt 0.897473 0.315395
vt 0.895048 0.315703
vt 0.900885 0.319993
vt 0.898415 0.320288
vt 0.910086 0.342564
vt 0.907589 0.343152
vt 0.909033 0.335779
vt 0.913151 0.343847
vt 0.910767 0.344594
vt 0.891391 0.276051
vt 0.890665 0.266683
vt 0.889130 0.275828
vt 0.887890 0.264541
vt 0.895347 0.798724
vt 0.988226 0.817159
vt 0.986170 0.816756
vt 0.988540 0.807197
vt 0.991714 0.798943
vt 0.990471 0.807740
vt 0.993228 0.756033
vt 0.995200 0.756307
vt 0.784104 0.431483
vt 0.784813 0.424173
vt 0.786634 0.424390
vt 0.786826 0.421948
vt 0.788680 0.422089
vt 0.786113 0.446619
vt 0.784205 0.446401
vt 0.787954 0.446708
vt 0.791950 0.432155
vt 0.790058 0.444395
vt 0.788778 0.419631
vt 0.790565 0.419739
vt 0.621300 0.794584
vt 0.408129 0.638006
vt 0.778301 0.447338
vt 0.039655 0.421507
vt 0.037857 0.422792
vt 0.040049 0.422760
vt 0.556263 0.398214
vt 0.811480 0.420374
vt 0.813199 0.421115
vt 0.813515 0.418508
vt 0.815394 0.419264
vt 0.815651 0.416746
vt 0.819760 0.417897
vt 0.816539 0.414366
vt 0.818081 0.414952
vt 0.821643 0.415764
vt 0.821478 0.418293
vt 0.808107 0.433051
vt 0.808307 0.428754
vt 0.807132 0.435627
vt 0.806448 0.433363
vt 0.812257 0.445206
vt 0.809817 0.440178
vt 0.813659 0.444547
vt 0.808588 0.435225
vt 0.816744 0.443074
vt 0.819402 0.422783
vt 0.818838 0.437604
vt 0.819310 0.439563
vt 0.816475 0.445953
vt 0.815154 0.446700
vt 0.817654 0.445266
vt 0.821643 0.441001
vt 0.820015 0.441675
vt 0.818397 0.442336
vt 0.820906 0.438687
vt 0.918620 0.358949
vt 0.775675 0.439984
vt 0.776049 0.434667
vt 0.777887 0.430109
vt 0.776364 0.429392
vt 0.777207 0.427105
vt 0.775675 0.426445
vt 0.778935 0.422596
vt 0.778099 0.419631
vt 0.779746 0.420355
vt 0.782006 0.424113
vt 0.781342 0.426406
vt 0.782877 0.427220
vt 0.782016 0.429471
vt 0.783607 0.430303
vt 0.782582 0.432558
vt 0.784104 0.433417
vt 0.781323 0.443517
vt 0.778959 0.444900
vt 0.780348 0.445818
vt 0.778039 0.447199
vt 0.776681 0.446291
vt 0.777568 0.443997
vt 0.776198 0.443105
vt 0.135772 0.479026
vt 0.133608 0.479983
vt 0.128514 0.460828
vt 0.141576 0.477716
vt 0.139473 0.478302
vt 0.137728 0.478532
vt 0.143897 0.494004
vt 0.138840 0.480655
vt 0.150283 0.496592
vt 0.151685 0.498499
vt 0.149738 0.499345
vt 0.347687 0.781349
vt 0.409218 0.579205
vt 0.591847 0.792443
vt 0.242965 0.685692
vt 0.236093 0.685645
vt 0.240967 0.683675
vt 0.236413 0.680852
vt 0.241156 0.682200
vt 0.246028 0.680458
vt 0.245952 0.682126
vt 0.245719 0.683718
vt 0.254169 0.690936
vt 0.254255 0.688782
vt 0.250272 0.684873
vt 0.261610 0.686187
vt 0.261480 0.687913
vt 0.256733 0.686582
vt 0.256730 0.685091
vt 0.564074 0.797116
vt 0.564157 0.794524
vt 0.566465 0.792443
vt 0.568323 0.792655
vt 0.566407 0.799816
vt 0.381968 0.586132
vt 0.382306 0.589219
vt 0.383591 0.587097
vt 0.596174 0.799285
vt 0.593834 0.800211
vt 0.964815 0.243525
vt 0.960746 0.246425
vt 0.963329 0.243777
vt 0.962423 0.263542
vt 0.960929 0.253781
vt 0.960494 0.263742
vt 0.960096 0.268637
vt 0.958168 0.268846
vt 0.957992 0.273747
vt 0.959899 0.273539
vt 0.959962 0.280955
vt 0.954073 0.266716
vt 0.956932 0.259287
vt 0.963132 0.230893
vt 0.964619 0.238451
vt 0.962320 0.236161
vt 0.962782 0.238700
vt 0.964373 0.225782
vt 0.965125 0.230736
vt 0.964374 0.223471
vt 0.958023 0.226310
vt 0.956446 0.226435
vt 0.961527 0.233697
vt 0.960057 0.233888
vt 0.960799 0.238980
vt 0.960569 0.236436
vt 0.954068 0.232439
vt 0.957942 0.231647
vt 0.958897 0.239253
vt 0.951981 0.230323
vt 0.953852 0.229860
vt 0.952134 0.232829
vt 0.950350 0.235644
vt 0.952736 0.242703
vt 0.949961 0.228357
vt 0.950227 0.233204
vt 0.945723 0.221866
vt 0.947586 0.221642
vt 0.937259 0.219952
vt 0.936623 0.239789
vt 0.935804 0.224985
vt 0.937605 0.224900
vt 0.933286 0.247782
vt 0.932803 0.240203
vt 0.935210 0.247497
vt 0.943156 0.241602
vt 0.935772 0.254982
vt 0.941954 0.254161
vt 0.944817 0.238916
vt 0.931585 0.250621
vt 0.933457 0.250293
vt 0.933888 0.255296
vt 0.931973 0.255635
vt 0.930293 0.258497
vt 0.930102 0.256008
vt 0.924463 0.257222
vt 0.928252 0.256400
vt 0.928410 0.258877
vt 0.932385 0.260621
vt 0.934254 0.260279
vt 0.961925 0.280759
vt 0.962384 0.300585
vt 0.964282 0.300368
vt 0.965466 0.315314
vt 0.967309 0.315069
vt 0.966884 0.334797
vt 0.965052 0.335105
vt 0.964975 0.339986
vt 0.963004 0.340496
vt 0.953980 0.276643
vt 0.951775 0.281793
vt 0.946167 0.307412
vt 0.952448 0.332095
vt 0.952479 0.346157
vt 0.963032 0.345290
vt 0.961175 0.345963
vt 0.957513 0.349684
vt 0.950625 0.349328
vt 0.961286 0.348284
vt 0.957960 0.351996
vt 0.956115 0.352846
vt 0.956623 0.355170
vt 0.952895 0.356948
vt 0.950906 0.357946
vt 0.948634 0.358593
vt 0.941150 0.352506
vt 0.954100 0.274190
vt 0.944386 0.316630
vt 0.954817 0.244892
vt 0.925365 0.233577
vt 0.925542 0.238594
vt 0.923659 0.238807
vt 0.927126 0.230838
vt 0.927322 0.233349
vt 0.928836 0.228138
vt 0.929065 0.230624
vt 0.930552 0.225473
vt 0.930772 0.227941
vt 0.932253 0.222834
vt 0.932465 0.225293
vt 0.933872 0.217836
vt 0.934188 0.222651
vt 0.935733 0.215304
vt 0.935809 0.217702
vt 0.948663 0.214837
vt 0.937726 0.215171
vt 0.950682 0.214722
vt 0.950783 0.207350
vt 0.952342 0.192469
vt 0.952748 0.207211
vt 0.950424 0.192599
vt 0.950960 0.174925
vt 0.958593 0.150264
vt 0.954537 0.177287
vt 0.952631 0.177382
vt 0.952796 0.174855
vt 0.955792 0.187054
vt 0.953873 0.187232
vt 0.956135 0.182141
vt 0.962248 0.199070
vt 0.959766 0.194246
vt 0.957794 0.189417
vt 0.964166 0.198917
vt 0.961667 0.194094
vt 0.959719 0.189267
vt 0.958065 0.181999
vt 0.955069 0.172324
vt 0.956957 0.172247
vt 0.960566 0.150261
vt 0.959076 0.157565
vt 0.957165 0.157582
vt 0.962036 0.145503
vt 0.960243 0.145510
vt 0.885243 0.031961
vt 0.883479 0.028911
vt 0.890798 0.002910
vt 0.881059 0.012322
vt 0.880474 0.022721
vt 0.876764 0.021349
vt 0.881886 0.025837
vt 0.879724 0.025174
vt 0.881099 0.028273
vt 0.882811 0.031375
vt 0.908804 0.323090
vt 0.919876 0.270735
vt 0.910176 0.317956
vt 0.917945 0.351077
vt 0.916103 0.337590
vt 0.924263 0.357288
vt 0.924374 0.355057
vt 0.926262 0.351992
vt 0.926387 0.354310
vt 0.921902 0.349122
vt 0.929925 0.345906
vt 0.930246 0.350418
vt 0.931331 0.340600
vt 0.931893 0.345157
vt 0.932255 0.327936
vt 0.933314 0.339872
vt 0.930434 0.328582
vt 0.926035 0.325336
vt 0.929803 0.323843
vt 0.923574 0.346009
vt 0.926753 0.329985
vt 0.925334 0.333030
vt 0.924907 0.330760
vt 0.924368 0.338383
vt 0.923468 0.333856
vt 0.922463 0.339251
vt 0.921636 0.346888
vt 0.929033 0.266319
vt 0.921731 0.270337
vt 0.916909 0.329775
vt 0.917950 0.336608
vt 0.914920 0.330739
vt 0.950506 0.346873
vt 0.940634 0.335066
vt 0.941315 0.324930
vt 0.939385 0.325485
vt 0.945394 0.294908
vt 0.912303 0.327253
vt 0.914664 0.326004
vt 0.942716 0.319602
vt 0.940791 0.320156
vt 0.942400 0.317236
vt 0.943948 0.311279
vt 0.942908 0.310127
vt 0.942545 0.307803
vt 0.945730 0.299895
vt 0.943864 0.300187
vt 0.943450 0.295204
vt 0.909366 0.326865
vt 0.911087 0.325575
vt 0.910708 0.322426
vt 0.946247 0.280152
vt 0.947776 0.282292
vt 0.948164 0.279897
vt 0.911551 0.312598
vt 0.912133 0.317305
vt 0.912563 0.304763
vt 0.913839 0.299332
vt 0.913457 0.311964
vt 0.914443 0.304155
vt 0.915161 0.293958
vt 0.915733 0.298733
vt 0.916429 0.288684
vt 0.917080 0.293362
vt 0.917959 0.285881
vt 0.918344 0.288144
vt 0.918262 0.273603
vt 0.919787 0.285494
vt 0.920097 0.273205
vt 0.923775 0.272430
vt 0.921923 0.272813
vt 0.923603 0.269942
vt 0.929347 0.271286
vt 0.925602 0.272050
vt 0.925465 0.269560
vt 0.930700 0.263463
vt 0.930880 0.265946
vt 0.932556 0.263104
vt 0.932971 0.275520
vt 0.932805 0.268064
vt 0.934942 0.275177
vt 0.934656 0.267722
vt 0.938487 0.264613
vt 0.940302 0.261832
vt 0.952053 0.276888
vt 0.950301 0.274681
vt 0.952218 0.271959
vt 0.950292 0.272188
vt 0.952009 0.266891
vt 0.955022 0.259536
vt 0.956914 0.254389
vt 0.954925 0.247371
vt 0.931457 0.280933
vt 0.931033 0.275869
vt 0.933152 0.278022
vt 0.933292 0.280530
vt 0.935035 0.277654
vt 0.938708 0.274482
vt 0.940366 0.264293
vt 0.942185 0.261527
vt 0.943871 0.253888
vt 0.945032 0.241359
vt 0.946711 0.238656
vt 0.948450 0.235952
vt 0.952872 0.245172
vt 0.950806 0.242989
vt 0.035257 0.326876
vt 0.410386 0.714039
vt 0.412986 0.663875
vt 0.415926 0.662518
vt 0.415032 0.657422
vt 0.417438 0.657449
vt 0.418922 0.662630
vt 0.358370 0.753418
vt 0.283125 0.370077
vt 0.281658 0.369276
vt 0.288714 0.353346
vt 0.290113 0.356589
vt 0.291073 0.354260
vt 0.287057 0.363302
vt 0.295471 0.347852
vt 0.291636 0.357106
vt 0.293269 0.347004
vt 0.640590 0.792463
vt 0.464243 0.801219
vt 0.462347 0.811742
vt 0.464119 0.811242
vt 0.462611 0.818569
vt 0.464243 0.818124
vt 0.463806 0.820474
vt 0.463068 0.822657
vt 0.460032 0.821020
vt 0.459876 0.823430
vt 0.460530 0.818744
vt 0.458730 0.819080
vt 0.458428 0.821423
vt 0.455106 0.822070
vt 0.455176 0.819562
vt 0.453530 0.817185
vt 0.453458 0.819771
vt 0.449919 0.817054
vt 0.450173 0.814523
vt 0.446825 0.814236
vt 0.447165 0.811644
vt 0.448476 0.806881
vt 0.446884 0.806682
vt 0.455117 0.794182
vt 0.458574 0.794545
vt 0.459828 0.792443
vt 0.460270 0.794668
vt 0.461414 0.792490
vt 0.461993 0.794735
vt 0.460971 0.796905
vt 0.462712 0.796934
vt 0.499425 0.721445
vt 0.497803 0.723136
vt 0.494494 0.723100
vt 0.491180 0.719573
vt 0.494861 0.715875
vt 0.347119 0.707982
vt 0.091934 0.824366
vt 0.058370 0.814977
vt 0.058854 0.813289
vt 0.049228 0.810245
vt 0.044152 0.806828
vt 0.041844 0.805457
vt 0.038672 0.801652
vt 0.033298 0.796852
vt 0.034343 0.795640
vt 0.081054 0.792794
vt 0.120675 0.832013
vt 0.103478 0.827767
vt 0.042813 0.792597
vt 0.348750 0.736490
vt 0.394384 0.060820
vt 0.340080 0.101728
vt 0.333824 0.134302
vt 0.354595 0.221689
vt 0.354642 0.224206
vt 0.349856 0.224221
vt 0.339008 0.108146
vt 0.348584 0.208078
vt 0.392108 0.058278
vt 0.389961 0.055702
vt 0.391738 0.056081
vt 0.387934 0.053204
vt 0.389655 0.053559
vt 0.385808 0.048695
vt 0.387585 0.049242
vt 0.383782 0.046018
vt 0.385640 0.046730
vt 0.379824 0.042576
vt 0.383561 0.044007
vt 0.377776 0.039754
vt 0.379632 0.040514
vt 0.372148 0.028703
vt 0.377638 0.037706
vt 0.330486 0.019932
vt 0.330560 0.017852
vt 0.335019 0.019539
vt 0.331162 0.049195
vt 0.326178 0.019229
vt 0.326208 0.017501
vt 0.325447 0.033094
vt 0.329201 0.043898
vt 0.331603 0.060144
vt 0.319851 0.020382
vt 0.320004 0.016848
vt 0.321786 0.021384
vt 0.323606 0.028056
vt 0.327283 0.038390
vt 0.336814 0.081055
vt 0.321706 0.027064
vt 0.323577 0.032081
vt 0.325436 0.037328
vt 0.327372 0.043120
vt 0.329348 0.048416
vt 0.329892 0.061582
vt 0.329762 0.059420
vt 0.331733 0.062277
vt 0.334290 0.071493
vt 0.332458 0.070887
vt 0.335004 0.080460
vt 0.339054 0.088422
vt 0.337231 0.087847
vt 0.338297 0.101323
vt 0.345048 0.195793
vt 0.346328 0.208316
vt 0.342841 0.196139
vt 0.341042 0.188855
vt 0.338921 0.189321
vt 0.337313 0.184534
vt 0.335031 0.185157
vt 0.330861 0.170684
vt 0.328704 0.171171
vt 0.324617 0.164522
vt 0.322562 0.157367
vt 0.320440 0.157884
vt 0.319061 0.153132
vt 0.316982 0.153629
vt 0.314052 0.142254
vt 0.312003 0.142516
vt 0.309914 0.130555
vt 0.307848 0.130767
vt 0.306801 0.123398
vt 0.304754 0.123640
vt 0.304411 0.121193
vt 0.302350 0.121455
vt 0.301681 0.116529
vt 0.297240 0.117160
vt 0.296459 0.109685
vt 0.294176 0.110068
vt 0.293463 0.105244
vt 0.291231 0.105536
vt 0.290644 0.100868
vt 0.286601 0.083516
vt 0.289101 0.083436
vt 0.288846 0.093438
vt 0.290505 0.093684
vt 0.290446 0.096108
vt 0.292225 0.096352
vt 0.292034 0.089065
vt 0.293742 0.089343
vt 0.292227 0.074356
vt 0.290361 0.073692
vt 0.290003 0.071523
vt 0.288010 0.070756
vt 0.287182 0.066872
vt 0.291694 0.067598
vt 0.291305 0.063200
vt 0.293724 0.063321
vt 0.293547 0.061110
vt 0.295957 0.061278
vt 0.307642 0.069681
vt 0.310972 0.092751
vt 0.295818 0.059039
vt 0.298210 0.059250
vt 0.297917 0.054896
vt 0.302436 0.051817
vt 0.299932 0.051505
vt 0.301956 0.048326
vt 0.304419 0.048638
vt 0.288320 0.100967
vt 0.316503 0.122707
vt 0.326178 0.145185
vt 0.319652 0.130227
vt 0.322268 0.135253
vt 0.332949 0.138742
vt 0.337491 0.110050
vt 0.337241 0.107748
vt 0.336255 0.114282
vt 0.335752 0.109667
vt 0.335145 0.120859
vt 0.334572 0.113923
vt 0.334292 0.127541
vt 0.333282 0.120504
vt 0.332488 0.127214
vt 0.332023 0.134031
vt 0.331209 0.138533
vt 0.327276 0.142849
vt 0.324031 0.135375
vt 0.321438 0.130328
vt 0.318592 0.122802
vt 0.312762 0.093050
vt 0.309455 0.070349
vt 0.308437 0.035813
vt 0.308257 0.046443
vt 0.306456 0.045423
vt 0.310114 0.027854
vt 0.310166 0.036661
vt 0.305547 0.015673
vt 0.308213 0.015713
vt 0.305914 0.022329
vt 0.308462 0.027014
vt 0.298284 0.026377
vt 0.304051 0.044948
vt 0.293730 0.040671
vt 0.300766 0.024330
vt 0.300694 0.022191
vt 0.298205 0.024229
vt 0.287686 0.016005
vt 0.290238 0.016164
vt 0.285536 0.021346
vt 0.290698 0.025961
vt 0.288728 0.038061
vt 0.282535 0.013713
vt 0.287635 0.014019
vt 0.285156 0.015755
vt 0.282625 0.015551
vt 0.284350 0.034353
vt 0.283051 0.020985
vt 0.286588 0.035085
vt 0.286747 0.037022
vt 0.299078 0.044586
vt 0.299262 0.046416
vt 0.296578 0.044482
vt 0.296752 0.046311
vt 0.294073 0.044404
vt 0.291172 0.040622
vt 0.291573 0.044330
vt 0.288955 0.042095
vt 0.289107 0.044056
vt 0.959608 0.464499
vt 0.951844 0.453326
vt 0.952355 0.451663
vt 0.954710 0.452719
vt 0.959944 0.456543
vt 0.960609 0.459707
vt 0.960918 0.463096
vt 0.964888 0.469760
vt 0.236281 0.427497
vt 0.237588 0.426391
vt 0.242945 0.431352
vt 0.227025 0.431282
vt 0.247734 0.436984
vt 0.229939 0.424247
vt 0.231357 0.423298
vt 0.216653 0.429475
vt 0.228784 0.422975
vt 0.225606 0.430024
vt 0.216992 0.434574
vt 0.253994 0.441178
vt 0.208511 0.438290
vt 0.214790 0.435576
vt 0.726609 0.003824
vt 0.441489 0.615485
vt 0.442302 0.618387
vt 0.453682 0.620640
vt 0.430300 0.623031
vt 0.432601 0.624063
vt 0.441250 0.619932
vt 0.455955 0.621375
vt 0.455207 0.623010
vt 0.465935 0.622915
vt 0.465215 0.624493
vt 0.454430 0.618569
vt 0.194049 0.563954
vt 0.196280 0.561750
vt 0.197987 0.561839
vt 0.200844 0.563789
vt 0.201001 0.566236
vt 0.199322 0.568290
vt 0.412119 0.428341
vt 0.650117 0.795006
vt 0.049999 0.413913
vt 0.052451 0.413859
vt 0.052146 0.411380
vt 0.087063 0.411250
vt 0.064630 0.413207
vt 0.087012 0.412789
vt 0.064760 0.414799
vt 0.052927 0.415895
vt 0.048047 0.416286
vt 0.557105 0.542562
vt 0.555098 0.541205
vt 0.558530 0.540546
vt 0.560544 0.541928
vt 0.563987 0.541305
vt 0.561979 0.539910
vt 0.567446 0.540654
vt 0.565439 0.539269
vt 0.568898 0.538584
vt 0.570890 0.539922
vt 0.574327 0.539096
vt 0.572340 0.537820
vt 0.589563 0.548398
vt 0.588418 0.545193
vt 0.590472 0.546555
vt 0.594085 0.540977
vt 0.577807 0.538276
vt 0.575794 0.536988
vt 0.577267 0.534863
vt 0.613341 0.793162
vt 0.542196 0.792443
vt 0.544580 0.792476
vt 0.539935 0.798710
vt 0.539935 0.797168
vt 0.289259 0.045950
vt 0.287316 0.049152
vt 0.285109 0.048531
vt 0.437812 0.668833
vt 0.440039 0.669584
vt 0.431576 0.677392
vt 0.438093 0.684732
vt 0.436283 0.683783
vt 0.434779 0.685067
vt 0.432931 0.684272
vt 0.425342 0.681356
vt 0.429682 0.676866
vt 0.427242 0.681932
vt 0.423836 0.682844
vt 0.425741 0.683412
vt 0.431396 0.685541
vt 0.433225 0.686268
vt 0.428718 0.691081
vt 0.420134 0.683728
vt 0.419343 0.686365
vt 0.233712 0.627247
vt 0.237864 0.624600
vt 0.238777 0.626511
vt 0.605242 0.792443
vt 0.605299 0.796958
vt 0.372412 0.424894
vt 0.338217 0.764333
vt 0.340568 0.764666
vt 0.338207 0.765800
vt 0.340591 0.766126
vt 0.342851 0.763561
vt 0.335801 0.760581
vt 0.339329 0.774692
vt 0.341647 0.774897
vt 0.339534 0.776309
vt 0.343887 0.786696
vt 0.339558 0.781194
vt 0.342641 0.788588
vt 0.339460 0.782981
vt 0.337051 0.776685
vt 0.336196 0.748799
vt 0.339916 0.755481
vt 0.338669 0.748426
vt 0.342295 0.755809
vt 0.342456 0.757342
vt 0.344814 0.757738
vt 0.345109 0.762435
vt 0.155715 0.486237
vt 0.150198 0.487654
vt 0.148468 0.488003
vt 0.146517 0.483658
vt 0.157238 0.480860
vt 0.154802 0.484035
vt 0.152077 0.482418
vt 0.149274 0.480736
vt 0.151125 0.480386
vt 0.144641 0.484099
vt 0.142534 0.479906
vt 0.148194 0.478817
vt 0.134591 0.460482
vt 0.135516 0.462480
vt 0.139395 0.462319
vt 0.140360 0.464289
vt 0.142287 0.464200
vt 0.143267 0.466159
vt 0.149088 0.465856
vt 0.152842 0.469879
vt 0.151002 0.465833
vt 0.149251 0.476513
vt 0.150027 0.478593
vt 0.153496 0.479012
vt 0.155781 0.468120
vt 0.388376 0.759641
vt 0.385202 0.760725
vt 0.382829 0.759895
vt 0.386641 0.757309
vt 0.551815 0.800827
vt 0.550264 0.798715
vt 0.550251 0.801166
vt 0.550251 0.793706
vt 0.551981 0.792443
vt 0.554250 0.796636
vt 0.553841 0.798981
vt 0.259557 0.853735
vt 0.269037 0.854247
vt 0.268546 0.855643
vt 0.192939 0.848879
vt 0.193669 0.846254
vt 0.210729 0.846927
vt 0.346402 0.582049
vt 0.347076 0.599720
vt 0.344673 0.592051
vt 0.342711 0.591968
vt 0.348457 0.579583
vt 0.348393 0.582153
vt 0.344442 0.584494
vt 0.342443 0.584458
vt 0.342017 0.577001
vt 0.345942 0.567070
vt 0.347818 0.567226
vt 0.343826 0.574539
vt 0.477142 0.796657
vt 0.478763 0.808583
vt 0.474396 0.800358
vt 0.477061 0.809197
vt 0.477098 0.811548
vt 0.475319 0.812140
vt 0.473272 0.795669
vt 0.475266 0.814416
vt 0.473431 0.814968
vt 0.472684 0.800920
vt 0.471713 0.813259
vt 0.679479 0.347864
vt 0.636866 0.360751
vt 0.631898 0.362160
vt 0.022209 0.757282
vt 0.024467 0.756974
vt 0.025068 0.761842
vt 0.026709 0.761680
vt 0.030119 0.776252
vt 0.028122 0.781140
vt 0.031291 0.781110
vt 0.028852 0.788628
vt 0.025880 0.783611
vt 0.026742 0.787982
vt 0.018376 0.757733
vt 0.018274 0.750749
vt 0.020740 0.750217
vt 0.014639 0.746650
vt 0.017362 0.745946
vt 0.015409 0.748975
vt 0.021714 0.769306
vt 0.303657 0.334568
vt 0.347131 0.731090
vt 0.422386 0.486158
vt 0.432181 0.473293
vt 0.448532 0.242926
vt 0.572591 0.797513
vt 0.574721 0.794933
vt 0.572591 0.792620
vt 0.574557 0.792443
vt 0.576630 0.794768
vt 0.248084 0.615399
vt 0.408953 0.655860
vt 0.411372 0.656604
vt 0.411564 0.669138
vt 0.411563 0.671510
vt 0.410130 0.677948
vt 0.408107 0.677611
vt 0.216076 0.708700
vt 0.218534 0.709085
vt 0.217887 0.710882
vt 0.943618 0.883577
vt 0.951423 0.883822
vt 0.958437 0.889309
vt 0.434835 0.388843
vt 0.613751 0.369672
vt 0.343027 0.800884
vt 0.342955 0.818187
vt 0.341240 0.818268
vt 0.341162 0.820690
vt 0.339559 0.820852
vt 0.340311 0.791299
vt 0.342023 0.791048
vt 0.337578 0.799030
vt 0.338787 0.788933
vt 0.340482 0.788588
vt 0.335848 0.799358
vt 0.336994 0.811653
vt 0.407771 0.609943
vt 0.410258 0.609968
vt 0.411428 0.617209
vt 0.406711 0.631198
vt 0.348886 0.739383
vt 0.715356 0.230081
vt 0.713489 0.229857
vt 0.775321 0.203112
vt 0.775675 0.208134
vt 0.774843 0.217823
vt 0.770472 0.239669
vt 0.768871 0.239428
vt 0.727452 0.244212
vt 0.719495 0.240666
vt 0.717858 0.240454
vt 0.714696 0.240028
vt 0.719351 0.243164
vt 0.717727 0.242954
vt 0.721109 0.240873
vt 0.722509 0.243585
vt 0.720913 0.243374
vt 0.725862 0.244011
vt 0.725590 0.246521
vt 0.722319 0.246090
vt 0.761214 0.303589
vt 0.762765 0.303378
vt 0.760519 0.307836
vt 0.758293 0.309227
vt 0.738071 0.311525
vt 0.755315 0.312979
vt 0.751086 0.322152
vt 0.747417 0.318097
vt 0.746582 0.320487
vt 0.728780 0.246919
vt 0.727184 0.246721
vt 0.726460 0.264814
vt 0.724872 0.264547
vt 0.737170 0.313840
vt 0.733497 0.309556
vt 0.731203 0.305923
vt 0.727252 0.301546
vt 0.727460 0.299063
vt 0.724110 0.297923
vt 0.724141 0.295462
vt 0.722381 0.294969
vt 0.722488 0.292500
vt 0.720728 0.292035
vt 0.720963 0.289560
vt 0.719269 0.289150
vt 0.719580 0.286688
vt 0.717956 0.286321
vt 0.718879 0.281452
vt 0.717263 0.281112
vt 0.717914 0.278708
vt 0.719533 0.279051
vt 0.721480 0.271772
vt 0.723078 0.272125
vt 0.724255 0.267104
vt 0.725851 0.267445
vt 0.802070 0.384484
vt 0.801800 0.379727
vt 0.803769 0.379382
vt 0.803446 0.377006
vt 0.805276 0.376658
vt 0.806446 0.381450
vt 0.806356 0.386341
vt 0.804434 0.386623
vt 0.806113 0.401258
vt 0.798390 0.390123
vt 0.800191 0.387302
vt 0.800122 0.384878
vt 0.798275 0.387690
vt 0.796661 0.392980
vt 0.796508 0.390530
vt 0.795052 0.395880
vt 0.794789 0.393403
vt 0.794052 0.401286
vt 0.793210 0.396318
vt 0.795546 0.419915
vt 0.792162 0.401702
vt 0.801367 0.420549
vt 0.799556 0.421131
vt 0.799127 0.418686
vt 0.800972 0.418095
vt 0.802802 0.417520
vt 0.806448 0.416458
vt 0.804604 0.416975
vt 0.803913 0.412046
vt 0.805352 0.409076
vt 0.201677 0.714423
vt 0.137156 0.401336
vt 0.136789 0.398924
vt 0.154242 0.398032
vt 0.156532 0.395789
vt 0.156241 0.393473
vt 0.161268 0.393094
vt 0.230005 0.387902
vt 0.237655 0.387699
vt 0.237626 0.385724
vt 0.245174 0.385873
vt 0.245132 0.383728
vt 0.250415 0.386038
vt 0.268322 0.385066
vt 0.258729 0.385955
vt 0.268920 0.383046
vt 0.272362 0.387553
vt 0.277810 0.385029
vt 0.275774 0.386733
vt 0.274915 0.388273
vt 0.232410 0.391603
vt 0.240019 0.389581
vt 0.245119 0.387724
vt 0.105080 0.410078
vt 0.104896 0.407975
vt 0.109970 0.407501
vt 0.127539 0.405252
vt 0.127553 0.406685
vt 0.154298 0.399589
vt 0.169166 0.394937
vt 0.169323 0.396576
vt 0.178906 0.391893
vt 0.179125 0.393498
vt 0.232197 0.393189
vt 0.212177 0.391849
vt 0.239842 0.391285
vt 0.244969 0.389409
vt 0.250270 0.387632
vt 0.266387 0.388223
vt 0.258449 0.387031
vt 0.270678 0.390606
vt 0.265647 0.389683
vt 0.398882 0.596137
vt 0.397201 0.597229
vt 0.396758 0.595113
vt 0.395255 0.596345
vt 0.392228 0.598828
vt 0.392717 0.595494
vt 0.391302 0.597002
vt 0.391655 0.593316
vt 0.397337 0.586334
vt 0.396252 0.584383
vt 0.397711 0.582808
vt 0.399849 0.586797
vt 0.401333 0.585302
vt 0.405253 0.597437
vt 0.399115 0.598449
vt 0.401474 0.599536
vt 0.401829 0.601646
vt 0.398550 0.603949
vt 0.402937 0.618406
vt 0.401302 0.619240
vt 0.389070 0.602944
vt 0.392690 0.600254
vt 0.389833 0.604888
vt 0.393304 0.602089
vt 0.403772 0.625891
vt 0.401938 0.626709
vt 0.391738 0.620558
vt 0.385671 0.611127
vt 0.384897 0.609237
vt 0.385008 0.614588
vt 0.384074 0.612630
vt 0.385362 0.619807
vt 0.383591 0.616155
vt 0.389918 0.621584
vt 0.388328 0.622456
vt 0.386995 0.618389
vt 0.405245 0.638445
vt 0.403726 0.639082
vt 0.392711 0.622439
vt 0.389424 0.626108
vt 0.389824 0.623768
vt 0.389899 0.628668
vt 0.399698 0.649597
vt 0.397464 0.647879
vt 0.397983 0.650299
vt 0.388689 0.631881
vt 0.388030 0.629257
vt 0.388928 0.637729
vt 0.138311 0.357229
vt 0.097200 0.408728
vt 0.134658 0.321011
vt 0.348767 0.702743
vt 0.347183 0.703127
vt 0.218016 0.090787
vt 0.205956 0.091353
vt 0.195899 0.091544
vt 0.203422 0.089385
vt 0.195886 0.089841
vt 0.203370 0.087488
vt 0.208451 0.087268
vt 0.222110 0.086029
vt 0.222522 0.088190
vt 0.208442 0.085362
vt 0.214024 0.085116
vt 0.226680 0.083313
vt 0.227087 0.085462
vt 0.219224 0.084569
vt 0.408582 0.747463
vt 0.407602 0.742497
vt 0.410096 0.746910
vt 0.407602 0.737468
vt 0.409190 0.734567
vt 0.411014 0.734044
vt 0.411367 0.746324
vt 0.410406 0.749318
vt 0.408912 0.749884
vt 0.386591 0.332543
vt 0.389474 0.326996
vt 0.391305 0.326766
vt 0.394309 0.339465
vt 0.377298 0.344012
vt 0.373379 0.343734
vt 0.374455 0.341861
vt 0.384766 0.332734
vt 0.372668 0.341903
vt 0.371570 0.343771
vt 0.369819 0.343850
vt 0.369634 0.347803
vt 0.367701 0.347686
vt 0.364555 0.344083
vt 0.363577 0.346086
vt 0.394278 0.317414
vt 0.391435 0.323249
vt 0.389588 0.323480
vt 0.398630 0.310961
vt 0.396108 0.317171
vt 0.396824 0.311215
vt 0.399772 0.302509
vt 0.357148 0.356410
vt 0.358865 0.356296
vt 0.357246 0.352403
vt 0.358999 0.352301
vt 0.125342 0.459550
vt 0.819321 0.821536
vt 0.808816 0.811213
vt 0.692387 0.000899
vt 0.329151 0.296392
vt 0.330489 0.294188
vt 0.339481 0.281304
vt 0.315739 0.284240
vt 0.468269 0.623743
vt 0.470559 0.624575
vt 0.348635 0.744668
vt 0.452283 0.705054
vt 0.448022 0.712152
vt 0.449825 0.701122
vt 0.427676 0.699895
vt 0.429536 0.698620
vt 0.423809 0.695125
vt 0.425533 0.694023
vt 0.453782 0.703791
vt 0.419172 0.688672
vt 0.436636 0.685914
vt 0.451321 0.699875
vt 0.501112 0.658479
vt 0.497799 0.658720
vt 0.455276 0.702532
vt 0.480096 0.658026
vt 0.494467 0.658997
vt 0.498964 0.657295
vt 0.495630 0.657591
vt 0.488940 0.658253
vt 0.490088 0.656891
vt 0.483435 0.657626
vt 0.484569 0.656284
vt 0.481294 0.656620
vt 0.465931 0.650594
vt 0.470376 0.652161
vt 0.469179 0.653607
vt 0.438021 0.665068
vt 0.435708 0.668526
vt 0.462596 0.647637
vt 0.467087 0.649156
vt 0.436989 0.662925
vt 0.435853 0.664658
vt 0.459194 0.644782
vt 0.463711 0.646209
vt 0.436097 0.657049
vt 0.434851 0.662574
vt 0.435944 0.660730
vt 0.459052 0.641218
vt 0.461325 0.641924
vt 0.436331 0.653274
vt 0.433870 0.660589
vt 0.434887 0.658621
vt 0.455519 0.638307
vt 0.460078 0.639818
vt 0.433868 0.656510
vt 0.435088 0.654906
vt 0.457404 0.635628
vt 0.436571 0.641632
vt 0.435467 0.639638
vt 0.434371 0.641355
vt 0.432132 0.640819
vt 0.430852 0.637997
vt 0.428942 0.641752
vt 0.429898 0.639920
vt 0.431950 0.636514
vt 0.429744 0.636260
vt 0.430761 0.634490
vt 0.428554 0.634276
vt 0.424576 0.641111
vt 0.423221 0.639025
vt 0.422354 0.640600
vt 0.444366 0.634039
vt 0.418144 0.636824
vt 0.428364 0.625914
vt 0.430579 0.626959
vt 0.433840 0.626021
vt 0.434884 0.624582
vt 0.439599 0.629089
vt 0.440651 0.627674
vt 0.445461 0.632457
vt 0.450077 0.634141
vt 0.431665 0.656213
vt 0.432830 0.658466
vt 0.429424 0.663824
vt 0.431589 0.664105
vt 0.429221 0.667644
vt 0.427020 0.655519
vt 0.432743 0.654492
vt 0.427943 0.647577
vt 0.426696 0.645533
vt 0.427772 0.639685
vt 0.426737 0.641188
vt 0.431425 0.667953
vt 0.429173 0.671290
vt 0.423483 0.642689
vt 0.419511 0.641232
vt 0.412340 0.656940
vt 0.413189 0.655189
vt 0.414155 0.653317
vt 0.418951 0.653850
vt 0.424478 0.645587
vt 0.431324 0.671593
vt 0.429090 0.674815
vt 0.424536 0.677413
vt 0.422581 0.676867
vt 0.421254 0.653847
vt 0.425752 0.647574
vt 0.419551 0.679852
vt 0.419082 0.677643
vt 0.417555 0.678950
vt 0.414330 0.675578
vt 0.424835 0.655522
vt 0.417950 0.669353
vt 0.418906 0.667669
vt 0.413847 0.671921
vt 0.343435 0.609928
vt 0.342814 0.604917
vt 0.344252 0.604748
vt 0.343931 0.602248
vt 0.345372 0.602130
vt 0.345693 0.604586
vt 0.343196 0.620090
vt 0.342017 0.610130
vt 0.344350 0.617399
vt 0.347132 0.604433
vt 0.346782 0.601994
vt 0.348223 0.601824
vt 0.347478 0.606888
vt 0.344601 0.619878
vt 0.348897 0.606718
vt 0.347681 0.621976
vt 0.346253 0.622150
vt 0.133717 0.105049
vt 0.134052 0.102531
vt 0.136801 0.100528
vt 0.126892 0.101352
vt 0.126721 0.099324
vt 0.137103 0.098595
vt 0.149562 0.097542
vt 0.156460 0.096062
vt 0.783942 0.448996
vt 0.202707 0.589320
vt 0.202105 0.584543
vt 0.206038 0.585341
vt 0.207390 0.589158
vt 0.212112 0.588818
vt 0.238707 0.591546
vt 0.236178 0.591699
vt 0.237925 0.589619
vt 0.222436 0.589099
vt 0.709086 0.323918
vt 0.709967 0.333875
vt 0.709370 0.335989
vt 0.556396 0.516242
vt 0.560475 0.518516
vt 0.550206 0.517994
vt 0.511666 0.152010
vt 0.519762 0.142417
vt 0.521822 0.142639
vt 0.521904 0.137722
vt 0.519875 0.137436
vt 0.520070 0.132575
vt 0.551799 0.140184
vt 0.536633 0.120543
vt 0.546413 0.130502
vt 0.543972 0.125292
vt 0.541444 0.120146
vt 0.543479 0.119908
vt 0.543653 0.122472
vt 0.545905 0.125501
vt 0.548484 0.130584
vt 0.553635 0.140431
vt 0.546477 0.180095
vt 0.551492 0.175174
vt 0.549223 0.175100
vt 0.548816 0.165208
vt 0.549065 0.172609
vt 0.546639 0.172683
vt 0.549398 0.147720
vt 0.551741 0.147830
vt 0.083020 0.619511
vt 0.132690 0.689321
vt 0.281583 0.683515
vt 0.396902 0.655030
vt 0.617535 0.603004
vt 0.272202 0.585118
vt 0.270324 0.586081
vt 0.270463 0.583524
vt 0.241197 0.591372
vt 0.240336 0.589558
vt 0.242000 0.587558
vt 0.244410 0.587228
vt 0.227353 0.632104
vt 0.231866 0.629802
vt 0.308244 0.327495
vt 0.307258 0.326801
vt 0.314918 0.309770
vt 0.321807 0.303127
vt 0.323715 0.304478
vt 0.011324 0.190386
vt 0.416640 0.173706
vt 0.409387 0.535281
vt 0.409355 0.521908
vt 0.243682 0.617446
vt 0.246244 0.618357
vt 0.242429 0.622279
vt 0.240013 0.623306
vt 0.243454 0.615483
vt 0.237509 0.623094
vt 0.237167 0.621606
vt 0.538277 0.699517
vt 0.539351 0.697979
vt 0.542933 0.701340
vt 0.543972 0.699859
vt 0.545979 0.701326
vt 0.547089 0.699795
vt 0.548871 0.701489
vt 0.565995 0.703132
vt 0.568762 0.743168
vt 0.576716 0.715457
vt 0.578389 0.713674
vt 0.586026 0.722399
vt 0.587722 0.720643
vt 0.595305 0.726041
vt 0.599596 0.750663
vt 0.601112 0.752686
vt 0.609098 0.759389
vt 0.610801 0.761281
vt 0.604997 0.763771
vt 0.602060 0.759250
vt 0.600959 0.760543
vt 0.595498 0.751240
vt 0.601482 0.756034
vt 0.600330 0.757325
vt 0.599885 0.753978
vt 0.597134 0.753280
vt 0.537078 0.701147
vt 0.538366 0.761312
vt 0.593237 0.754203
vt 0.580634 0.750956
vt 0.579012 0.749091
vt 0.580041 0.747512
vt 0.790572 0.447680
vt 0.569345 0.453899
vt 0.396688 0.580225
vt 0.395225 0.578713
vt 0.395341 0.576710
vt 0.396867 0.574872
vt 0.395271 0.574151
vt 0.396766 0.572221
vt 0.395225 0.571476
vt 0.396704 0.569526
vt 0.398271 0.570316
vt 0.399885 0.568556
vt 0.404563 0.570729
vt 0.403074 0.582249
vt 0.403947 0.580529
vt 0.405834 0.580949
vt 0.404920 0.582771
vt 0.405441 0.576255
vt 0.404811 0.573453
vt 0.315707 0.691903
vt 0.327691 0.686166
vt 0.318749 0.693498
vt 0.329749 0.690530
vt 0.328094 0.691042
vt 0.329210 0.693166
vt 0.316989 0.694108
vt 0.320173 0.695820
vt 0.323308 0.697652
vt 0.050363 0.618677
vt 0.048786 0.619165
vt 0.048969 0.616768
vt 0.047399 0.617238
vt 0.047546 0.614863
vt 0.046252 0.610630
vt 0.043384 0.606953
vt 0.041902 0.607376
vt 0.041688 0.600625
vt 0.040247 0.601223
vt 0.040058 0.588610
vt 0.038557 0.588967
vt 0.040536 0.577963
vt 0.042123 0.577244
vt 0.050135 0.621088
vt 0.042315 0.574984
vt 0.043901 0.574292
vt 0.072173 0.560323
vt 0.059900 0.617862
vt 0.044287 0.569792
vt 0.045884 0.569114
vt 0.046746 0.560139
vt 0.045145 0.560824
vt 0.045892 0.549524
vt 0.047499 0.548805
vt 0.068983 0.549792
vt 0.070616 0.553843
vt 0.048002 0.535098
vt 0.052698 0.535116
vt 0.051115 0.533556
vt 0.060606 0.540758
vt 0.063098 0.617023
vt 0.051084 0.531238
vt 0.052641 0.530473
vt 0.055845 0.538261
vt 0.054259 0.536681
vt 0.079802 0.611308
vt 0.081855 0.606190
vt 0.081361 0.610969
vt 0.084718 0.607925
vt 0.083166 0.608239
vt 0.083425 0.605877
vt 0.082124 0.585543
vt 0.058996 0.539108
vt 0.062241 0.542485
vt 0.065512 0.543974
vt 0.054249 0.534356
vt 0.055816 0.535919
vt 0.058917 0.536714
vt 0.060515 0.538311
vt 0.062103 0.539940
vt 0.065191 0.540308
vt 0.067016 0.543474
vt 0.067210 0.545738
vt 0.068699 0.545114
vt 0.070507 0.549126
vt 0.072168 0.553188
vt 0.072233 0.555576
vt 0.083085 0.571119
vt 0.082807 0.575951
vt 0.084607 0.570662
vt 0.084340 0.575481
vt 0.085000 0.586992
vt 0.085965 0.609963
vt 0.084413 0.610267
vt 0.086530 0.586549
vt 0.086338 0.616561
vt 0.084786 0.616861
vt 0.104318 0.467924
vt 0.103284 0.471675
vt 0.104495 0.491547
vt 0.103562 0.486915
vt 0.102768 0.469399
vt 0.101061 0.476262
vt 0.100623 0.474325
vt 0.102171 0.487956
vt 0.099810 0.477816
vt 0.104178 0.497449
vt 0.103096 0.492607
vt 0.088219 0.583710
vt 0.083652 0.585067
vt 0.083824 0.582671
vt 0.085346 0.582210
vt 0.103339 0.500772
vt 0.102771 0.498386
vt 0.086687 0.584149
vt 0.097337 0.502270
vt 0.098727 0.501302
vt 0.089024 0.571718
vt 0.090571 0.571280
vt 0.094033 0.501759
vt 0.096857 0.499888
vt 0.092167 0.500314
vt 0.093594 0.499399
vt 0.088860 0.499754
vt 0.091746 0.497977
vt 0.086581 0.496001
vt 0.088021 0.495121
vt 0.087004 0.498309
vt 0.084424 0.502349
vt 0.084082 0.500043
vt 0.088046 0.558635
vt 0.083342 0.560981
vt 0.081801 0.561609
vt 0.076870 0.556045
vt 0.076575 0.536045
vt 0.077039 0.540817
vt 0.075061 0.536801
vt 0.074832 0.534451
vt 0.073350 0.535227
vt 0.072438 0.525941
vt 0.073982 0.525146
vt 0.073637 0.520535
vt 0.075149 0.519726
vt 0.074952 0.517423
vt 0.076458 0.516605
vt 0.076236 0.514302
vt 0.077750 0.513482
vt 0.077521 0.511181
vt 0.079017 0.510350
vt 0.090895 0.566584
vt 0.078756 0.508048
vt 0.080250 0.507209
vt 0.079973 0.504902
vt 0.081454 0.504060
vt 0.081144 0.501757
vt 0.082619 0.500906
vt 0.082954 0.503211
vt 0.559352 0.696129
vt 0.562760 0.696043
vt 0.561053 0.694303
vt 0.564453 0.694212
vt 0.567822 0.697741
vt 0.586992 0.708627
vt 0.574446 0.697710
vt 0.569501 0.695927
vt 0.571118 0.697711
vt 0.572814 0.695914
vt 0.576173 0.695933
vt 0.588652 0.706947
vt 0.590341 0.701834
vt 0.592092 0.700243
vt 0.590332 0.698368
vt 0.225079 0.711861
vt 0.223339 0.709549
vt 0.216650 0.706635
vt 0.229277 0.714517
vt 0.224441 0.713814
vt 0.225665 0.718044
vt 0.226260 0.716104
vt 0.228689 0.716593
vt 0.219006 0.714733
vt 0.218423 0.716784
vt 0.258576 0.753331
vt 0.189557 0.812559
vt 0.181843 0.715024
vt 0.186543 0.716057
vt 0.168625 0.720503
vt 0.174179 0.715042
vt 0.174816 0.713027
vt 0.165988 0.708353
vt 0.164574 0.718001
vt 0.181808 0.811797
vt 0.177643 0.813942
vt 0.204540 0.705229
vt 0.204019 0.707237
vt 0.199492 0.707816
vt 0.098870 0.648297
vt 0.096350 0.648022
vt 0.141946 0.612137
vt 0.142749 0.599716
vt 0.183199 0.614653
vt 0.212385 0.682055
vt 0.168197 0.604483
vt 0.171415 0.586995
vt 0.169498 0.586977
vt 0.234120 0.688493
vt 0.161293 0.702850
vt 0.165191 0.703502
vt 0.141006 0.696169
vt 0.162125 0.701610
vt 0.133893 0.691530
vt 0.011556 0.739565
vt 0.029663 0.791281
vt 0.127143 0.833627
vt 0.177692 0.846495
vt 0.178195 0.844367
vt 0.180746 0.839756
vt 0.180143 0.844740
vt 0.176320 0.824161
vt 0.259234 0.735633
vt 0.178038 0.826840
vt 0.183705 0.829911
vt 0.182691 0.840004
vt 0.181966 0.827201
vt 0.181751 0.829718
vt 0.198889 0.586331
vt 0.171423 0.584426
vt 0.171712 0.581969
vt 0.186583 0.556236
vt 0.187364 0.558625
vt 0.189707 0.558132
vt 0.190524 0.560435
vt 0.192945 0.559950
vt 0.193591 0.562068
vt 0.178323 0.824330
vt 0.181506 0.814352
vt 0.257789 0.744166
vt 0.190991 0.815221
vt 0.189090 0.815052
vt 0.187668 0.827730
vt 0.188571 0.817544
vt 0.190485 0.817717
vt 0.262463 0.758564
vt 0.189589 0.827896
vt 0.260550 0.755895
vt 0.191116 0.833135
vt 0.189212 0.832971
vt 0.188863 0.848450
vt 0.276535 0.828441
vt 0.272019 0.845205
vt 0.271108 0.854334
vt 0.273982 0.845467
vt 0.281471 0.819219
vt 0.278332 0.828786
vt 0.287315 0.799745
vt 0.283603 0.819612
vt 0.289772 0.792662
vt 0.289036 0.800064
vt 0.288137 0.792438
vt 0.271183 0.764615
vt 0.266754 0.761605
vt 0.291577 0.772198
vt 0.291045 0.783008
vt 0.289067 0.783007
vt 0.286655 0.766309
vt 0.289075 0.760370
vt 0.290762 0.759670
vt 0.288895 0.751924
vt 0.289248 0.758427
vt 0.286577 0.754502
vt 0.286851 0.752443
vt 0.271552 0.762309
vt 0.267211 0.759386
vt 0.262974 0.756327
vt 0.261072 0.753746
vt 0.273162 0.740948
vt 0.266443 0.736933
vt 0.285412 0.721682
vt 0.279927 0.744516
vt 0.284726 0.747413
vt 0.279753 0.746951
vt 0.287204 0.750038
vt 0.284505 0.749908
vt 0.287317 0.747509
vt 0.287266 0.721540
vt 0.287583 0.744941
vt 0.286383 0.719040
vt 0.236113 0.688251
vt 0.214278 0.681984
vt 0.218418 0.677656
vt 0.216381 0.679604
vt 0.257959 0.679694
vt 0.220234 0.661872
vt 0.277365 0.666988
vt 0.279307 0.666892
vt 0.255299 0.619753
vt 0.277310 0.608739
vt 0.224129 0.674031
vt 0.275385 0.608762
vt 0.273003 0.594214
vt 0.274955 0.594061
vt 0.273483 0.601554
vt 0.270622 0.611341
vt 0.271608 0.601738
vt 0.221092 0.651969
vt 0.251107 0.617203
vt 0.200624 0.586599
vt 0.200957 0.588957
vt 0.232309 0.602291
vt 0.236768 0.596751
vt 0.269100 0.589198
vt 0.270921 0.588239
vt 0.269597 0.591969
vt 0.267701 0.592297
vt 0.218604 0.637090
vt 0.220740 0.635969
vt 0.217526 0.641006
vt 0.211085 0.628012
vt 0.229885 0.604715
vt 0.268225 0.597384
vt 0.266301 0.597699
vt 0.266459 0.600214
vt 0.234346 0.602132
vt 0.229512 0.609692
vt 0.227449 0.609802
vt 0.228166 0.617840
vt 0.226177 0.618608
vt 0.227017 0.622485
vt 0.224963 0.623484
vt 0.218446 0.624977
vt 0.213848 0.627765
vt 0.212341 0.630408
vt 0.211079 0.630466
vt 0.209150 0.630468
vt 0.212089 0.663206
vt 0.211898 0.665729
vt 0.213797 0.665744
vt 0.212845 0.679827
vt 0.214540 0.679711
vt 0.216505 0.677488
vt 0.218400 0.675719
vt 0.220372 0.676240
vt 0.220176 0.673724
vt 0.348854 0.628199
vt 0.347457 0.635284
vt 0.348854 0.635724
vt 0.347774 0.640332
vt 0.345194 0.639320
vt 0.345398 0.637159
vt 0.344052 0.636999
vt 0.344347 0.634564
vt 0.342969 0.634302
vt 0.343415 0.631808
vt 0.342017 0.631443
vt 0.343147 0.626538
vt 0.345747 0.622150
vt 0.347146 0.622577
vt 0.347989 0.625388
vt 0.348803 0.742094
vt 0.539707 0.693226
vt 0.564847 0.678406
vt 0.536453 0.697834
vt 0.500506 0.716572
vt 0.578433 0.745617
vt 0.577401 0.747222
vt 0.575780 0.745371
vt 0.574762 0.746953
vt 0.552526 0.770167
vt 0.579783 0.769284
vt 0.558017 0.775149
vt 0.581214 0.754391
vt 0.498152 0.689579
vt 0.503399 0.702728
vt 0.587487 0.687530
vt 0.587777 0.684099
vt 0.589351 0.685977
vt 0.587943 0.680664
vt 0.589585 0.682522
vt 0.589745 0.679052
vt 0.550837 0.667016
vt 0.576420 0.664069
vt 0.477581 0.697708
vt 0.468680 0.699558
vt 0.482044 0.696699
vt 0.479395 0.699505
vt 0.483826 0.698519
vt 0.490436 0.705841
vt 0.493664 0.705948
vt 0.499008 0.700218
vt 0.500140 0.698913
vt 0.500165 0.713403
vt 0.494631 0.707899
vt 0.498961 0.714841
vt 0.499295 0.718088
vt 0.487778 0.755634
vt 0.507910 0.766320
vt 0.478058 0.740730
vt 0.483047 0.706731
vt 0.486549 0.702807
vt 0.462140 0.729077
vt 0.458915 0.725407
vt 0.463487 0.727834
vt 0.470756 0.727824
vt 0.470423 0.731177
vt 0.467218 0.734129
vt 0.469216 0.729263
vt 0.471594 0.733173
vt 0.478610 0.743787
vt 0.476791 0.742049
vt 0.496217 0.760835
vt 0.477387 0.745077
vt 0.495106 0.762229
vt 0.502806 0.764572
vt 0.501655 0.766079
vt 0.506727 0.767799
vt 0.515569 0.774622
vt 0.511666 0.771537
vt 0.516445 0.772905
vt 0.512353 0.769701
vt 0.524026 0.774315
vt 0.526892 0.774286
vt 0.522205 0.777619
vt 0.525921 0.775907
vt 0.531682 0.775857
vt 0.530724 0.777439
vt 0.534558 0.775874
vt 0.533582 0.777443
vt 0.538404 0.774368
vt 0.536417 0.777490
vt 0.536568 0.772716
vt 0.541372 0.769693
vt 0.539389 0.772814
vt 0.537580 0.771150
vt 0.544141 0.769825
vt 0.543147 0.771387
vt 0.546898 0.769962
vt 0.545912 0.771526
vt 0.549697 0.770077
vt 0.548699 0.771646
vt 0.551518 0.771749
vt 0.566323 0.784827
vt 0.557022 0.776711
vt 0.582280 0.752801
vt 0.590525 0.753775
vt 0.576344 0.778715
vt 0.569113 0.789510
vt 0.565321 0.786382
vt 0.578656 0.788497
vt 0.575977 0.792443
vt 0.576936 0.786637
vt 0.570108 0.787977
vt 0.592128 0.755698
vt 0.593741 0.757629
vt 0.596493 0.758100
vt 0.577132 0.781950
vt 0.578945 0.783678
vt 0.595382 0.759557
vt 0.592641 0.759122
vt 0.594291 0.761034
vt 0.593182 0.762545
vt 0.578158 0.780434
vt 0.582228 0.774384
vt 0.581208 0.775902
vt 0.579423 0.774138
vt 0.580481 0.772604
vt 0.581518 0.771061
vt 0.592111 0.764071
vt 0.591043 0.765610
vt 0.346944 0.748426
vt 0.348687 0.748770
vt 0.346893 0.750969
vt 0.346917 0.758619
vt 0.345143 0.755760
vt 0.345108 0.753187
vt 0.848265 0.855031
vt 0.280805 0.074269
vt 0.285672 0.074177
vt 0.258743 0.079486
vt 0.258478 0.077197
vt 0.228804 0.081048
vt 0.229176 0.082977
vt 0.226019 0.079695
vt 0.280095 0.068554
vt 0.233205 0.076557
vt 0.228498 0.079227
vt 0.228234 0.077440
vt 0.284763 0.066680
vt 0.285125 0.068565
vt 0.265807 0.054386
vt 0.232955 0.074765
vt 0.235434 0.074327
vt 0.270730 0.053715
vt 0.237675 0.072078
vt 0.235208 0.072547
vt 0.237257 0.068531
vt 0.253251 0.054433
vt 0.289694 0.049513
vt 0.290401 0.054964
vt 0.277920 0.050885
vt 0.271582 0.035760
vt 0.277523 0.046163
vt 0.274715 0.042688
vt 0.282871 0.019152
vt 0.280322 0.019298
vt 0.271421 0.033942
vt 0.272772 0.020561
vt 0.277522 0.015929
vt 0.280062 0.015599
vt 0.272058 0.041195
vt 0.234784 0.069017
vt 0.234586 0.067240
vt 0.241323 0.060270
vt 0.237045 0.066731
vt 0.236625 0.063133
vt 0.239078 0.062600
vt 0.238869 0.060799
vt 0.241107 0.058459
vt 0.243572 0.057971
vt 0.243361 0.056168
vt 0.245835 0.055710
vt 0.245625 0.053918
vt 0.253043 0.052623
vt 0.265609 0.052580
vt 0.270540 0.051912
vt 0.275012 0.046185
vt 0.272214 0.042972
vt 0.277425 0.014088
vt 0.272422 0.015102
vt 0.268773 0.032568
vt 0.269561 0.041519
vt 0.269078 0.036130
vt 0.268937 0.034371
vt 0.272636 0.018741
vt 0.266299 0.033037
vt 0.265353 0.022261
vt 0.270147 0.019293
vt 0.270030 0.017487
vt 0.272509 0.016913
vt 0.269927 0.015683
vt 0.269843 0.013861
vt 0.272342 0.013264
vt 0.272290 0.011452
vt 0.267287 0.012681
vt 0.269749 0.008398
vt 0.267182 0.009039
vt 0.270020 0.004660
vt 0.272339 0.005966
vt 0.272482 0.004125
vt 0.274884 0.005542
vt 0.274798 0.007316
vt 0.277318 0.008656
vt 0.277362 0.006939
vt 0.282495 0.007944
vt 0.282930 0.001949
vt 0.285447 0.001961
vt 0.297988 0.001887
vt 0.287956 0.001920
vt 0.285716 0.000099
vt 0.288260 0.000000
vt 0.308092 0.007864
vt 0.303180 0.001848
vt 0.307925 0.004245
vt 0.308372 0.006154
vt 0.247505 0.611283
vt 0.249541 0.604312
vt 0.257203 0.608426
vt 0.254726 0.608468
vt 0.254530 0.603899
vt 0.245363 0.612270
vt 0.235124 0.608332
vt 0.235120 0.622840
vt 0.237784 0.603517
vt 0.233100 0.608786
vt 0.235751 0.603930
vt 0.238180 0.601252
vt 0.259990 0.615449
vt 0.268835 0.613977
vt 0.268747 0.611712
vt 0.983742 0.483055
vt 0.982841 0.484378
vt 0.975215 0.476939
vt 0.926463 0.466571
vt 0.925523 0.465291
vt 0.939433 0.456572
vt 0.940025 0.457860
vt 0.941725 0.456798
vt 0.944332 0.456847
vt 0.920098 0.469398
vt 0.945293 0.455758
vt 0.949156 0.453071
vt 0.126791 0.103952
vt 0.124024 0.108590
vt 0.124982 0.103765
vt 0.120952 0.118009
vt 0.119114 0.117529
vt 0.118624 0.125317
vt 0.113977 0.126332
vt 0.117601 0.122295
vt 0.116804 0.124637
vt 0.116160 0.127029
vt 0.437657 0.250260
vt 0.437594 0.245453
vt 0.426934 0.230138
vt 0.425925 0.225178
vt 0.433235 0.221917
vt 0.430217 0.215922
vt 0.430419 0.219848
vt 0.432902 0.219473
vt 0.441562 0.250296
vt 0.439429 0.250299
vt 0.439690 0.245436
vt 0.440001 0.240704
vt 0.437472 0.236162
vt 0.436284 0.226417
vt 0.436649 0.228875
vt 0.439756 0.235908
vt 0.446615 0.252694
vt 0.425485 0.295285
vt 0.425636 0.292787
vt 0.448078 0.237956
vt 0.421937 0.203599
vt 0.416350 0.181247
vt 0.420411 0.127929
vt 0.419333 0.127743
vt 0.421500 0.113015
vt 0.419478 0.112789
vt 0.419741 0.105360
vt 0.419967 0.097948
vt 0.455526 0.057236
vt 0.417997 0.097768
vt 0.418033 0.077829
vt 0.448226 0.054460
vt 0.420666 0.067643
vt 0.416084 0.077765
vt 0.418413 0.067906
vt 0.416283 0.065976
vt 0.417531 0.059203
vt 0.419477 0.059544
vt 0.420771 0.337937
vt 0.423469 0.295040
vt 0.417253 0.361514
vt 0.419476 0.346749
vt 0.421804 0.362211
vt 0.426153 0.365314
vt 0.421513 0.364656
vt 0.424183 0.057870
vt 0.428141 0.368074
vt 0.425828 0.367762
vt 0.422057 0.057539
vt 0.427010 0.053396
vt 0.429107 0.051162
vt 0.429185 0.048686
vt 0.431279 0.048873
vt 0.445831 0.051889
vt 0.443417 0.049361
vt 0.433489 0.044551
vt 0.438428 0.044419
vt 0.438475 0.046770
vt 0.443413 0.046932
vt 0.445875 0.049452
vt 0.436366 0.403707
vt 0.434278 0.398701
vt 0.438304 0.411132
vt 0.435975 0.410872
vt 0.448295 0.051997
vt 0.455588 0.054812
vt 0.490332 0.058096
vt 0.490209 0.063090
vt 0.495173 0.063198
vt 0.495241 0.060820
vt 0.502764 0.060993
vt 0.502697 0.063373
vt 0.507735 0.063467
vt 0.507654 0.065861
vt 0.517773 0.066115
vt 0.517686 0.068509
vt 0.522753 0.068611
vt 0.522653 0.071039
vt 0.525190 0.071090
vt 0.525072 0.073541
vt 0.527602 0.073590
vt 0.527322 0.078507
vt 0.532258 0.078558
vt 0.532705 0.073668
vt 0.546191 0.073823
vt 0.440383 0.416219
vt 0.438036 0.415962
vt 0.442604 0.418870
vt 0.440237 0.418683
vt 0.444699 0.422692
vt 0.442402 0.421618
vt 0.444495 0.424912
vt 0.529288 0.312795
vt 0.546108 0.071420
vt 0.565970 0.071366
vt 0.577626 0.071736
vt 0.519717 0.139893
vt 0.546627 0.311224
vt 0.594050 0.283882
vt 0.539569 0.314061
vt 0.547024 0.313421
vt 0.596250 0.281207
vt 0.688000 0.197353
vt 0.690475 0.194927
vt 0.690315 0.197447
vt 0.692691 0.194906
vt 0.697346 0.192259
vt 0.695239 0.192333
vt 0.404980 0.733281
vt 0.348914 0.719057
vt 0.740861 0.004267
vt 0.548242 0.516792
vt 0.551454 0.513779
vt 0.584126 0.657821
vt 0.348512 0.761316
vt 0.348795 0.763826
vt 0.348593 0.766316
vt 0.346884 0.766354
vt 0.347090 0.768782
vt 0.346905 0.758937
vt 0.784104 0.451577
vt 0.172130 0.525745
vt 0.347151 0.739540
vt 0.313656 0.642292
vt 0.315694 0.641705
vt 0.316464 0.644050
vt 0.326594 0.639755
vt 0.320384 0.643185
vt 0.326747 0.642171
vt 0.328653 0.641925
vt 0.328874 0.644237
vt 0.318349 0.643628
vt 0.314510 0.644698
vt 0.309896 0.646138
vt 0.405323 0.545986
vt 0.399111 0.542960
vt 0.406096 0.506191
vt 0.407903 0.506364
vt 0.407022 0.516425
vt 0.403887 0.548057
vt 0.403533 0.550684
vt 0.405741 0.550992
vt 0.405066 0.553495
vt 0.407229 0.553735
vt 0.406405 0.556289
vt 0.408542 0.556549
vt 0.405056 0.561145
vt 0.406830 0.563689
vt 0.408833 0.563858
vt 0.406396 0.566143
vt 0.408041 0.566105
vt 0.405710 0.568556
vt 0.403860 0.568555
vt 0.401375 0.558776
vt 0.397169 0.549887
vt 0.397790 0.556706
vt 0.401008 0.561311
vt 0.399405 0.558936
vt 0.399081 0.561412
vt 0.397126 0.561488
vt 0.395833 0.556769
vt 0.395225 0.549807
vt 0.395400 0.547483
vt 0.397198 0.547563
vt 0.397074 0.545235
vt 0.397210 0.542795
vt 0.400076 0.535623
vt 0.404576 0.503445
vt 0.406440 0.503666
vt 0.402312 0.521078
vt 0.518161 0.802656
vt 0.516343 0.803285
vt 0.590392 0.551856
vt 0.591287 0.550077
vt 0.599891 0.559578
vt 0.600759 0.557829
vt 0.609680 0.565657
vt 0.610532 0.563938
vt 0.608728 0.562393
vt 0.609588 0.560683
vt 0.612139 0.557023
vt 0.610168 0.555673
vt 0.608661 0.557518
vt 0.607741 0.559172
vt 0.602239 0.554623
vt 0.786395 0.451055
vt 0.075336 0.556684
vt 0.075260 0.554271
vt 0.083299 0.563529
vt 0.086259 0.567819
vt 0.089360 0.567025
vt 0.089197 0.569364
vt 0.087665 0.569788
vt 0.087795 0.567429
vt 0.083194 0.568673
vt 0.086136 0.570222
vt 0.084714 0.568221
vt 0.379795 0.032215
vt 0.385315 0.036428
vt 0.383371 0.041997
vt 0.477406 0.609042
vt 0.899538 0.867676
vt 0.882319 0.863304
vt 0.875750 0.861916
vt 0.952081 0.881646
vt 0.964133 0.869902
vt 0.955226 0.880050
vt 0.954437 0.882284
vt 0.827862 0.840746
vt 0.825527 0.836345
vt 0.826885 0.838313
vt 0.820578 0.827096
vt 0.958386 0.878483
vt 0.957520 0.880747
vt 0.981400 0.828052
vt 0.960662 0.879207
vt 0.967260 0.868255
vt 0.966469 0.870644
vt 0.969561 0.868974
vt 0.983662 0.828751
vt 0.993251 0.678690
vt 0.992535 0.676370
vt 0.993961 0.664608
vt 0.993505 0.671867
vt 0.994147 0.662216
vt 0.992387 0.642292
vt 0.992610 0.655029
vt 0.990835 0.637200
vt 0.992729 0.637270
vt 0.991188 0.634690
vt 0.998110 0.538959
vt 1.000000 0.539051
vt 0.996340 0.558880
vt 0.997203 0.527133
vt 0.987675 0.490246
vt 0.407060 0.475726
vt 0.401710 0.474841
vt 0.405695 0.473941
vt 0.411027 0.694290
vt 0.411169 0.699641
vt 0.408776 0.702380
vt 0.406716 0.702836
vt 0.530444 0.639449
vt 0.529697 0.640954
vt 0.542936 0.643196
vt 0.578579 0.657065
vt 0.555638 0.651093
vt 0.548721 0.647891
vt 0.541690 0.644592
vt 0.549737 0.646425
vt 0.556625 0.649569
vt 0.552380 0.651384
vt 0.553407 0.649878
vt 0.588323 0.661026
vt 0.592061 0.664245
vt 0.588775 0.667931
vt 0.549104 0.651701
vt 0.550111 0.650219
vt 0.589983 0.672304
vt 0.544779 0.653642
vt 0.546823 0.650570
vt 0.589842 0.675616
vt 0.540575 0.655313
vt 0.542599 0.652348
vt 0.537376 0.655510
vt 0.538399 0.654024
vt 0.529599 0.649031
vt 0.536223 0.652719
vt 0.535187 0.654239
vt 0.528600 0.650524
vt 0.525359 0.650862
vt 0.526371 0.649384
vt 0.521068 0.652694
vt 0.523138 0.649732
vt 0.516770 0.654422
vt 0.518890 0.651494
vt 0.511432 0.657397
vt 0.514597 0.653197
vt 0.513539 0.658743
vt 0.509461 0.659931
vt 0.510481 0.658623
vt 0.512486 0.660116
vt 0.506384 0.659803
vt 0.507511 0.658377
vt 0.502279 0.657042
vt 0.451863 0.721921
vt 0.445043 0.714328
vt 0.453333 0.720582
vt 0.591585 0.677418
vt 0.478900 0.703679
vt 0.690030 0.199924
vt 0.689656 0.202346
vt 0.693995 0.199508
vt 0.686561 0.209584
vt 0.693642 0.201898
vt 0.691657 0.202140
vt 0.593783 0.665789
vt 0.780299 0.448611
vt 0.405010 0.733189
vt 0.286386 0.081025
vt 0.408420 0.776638
vt 0.407602 0.774606
vt 0.409901 0.776801
vt 0.407602 0.766826
vt 0.409725 0.771843
vt 0.408969 0.764613
vt 0.411300 0.771922
vt 0.170660 0.559390
vt 0.171068 0.561846
vt 0.166353 0.562440
vt 0.166969 0.564810
vt 0.158213 0.565276
vt 0.158912 0.570037
vt 0.156594 0.570131
vt 0.156842 0.572560
vt 0.154458 0.572649
vt 0.154844 0.577484
vt 0.152436 0.577533
vt 0.152604 0.579943
vt 0.150176 0.579948
vt 0.150323 0.582370
vt 0.147838 0.582364
vt 0.145294 0.592250
vt 0.145236 0.594736
vt 0.142775 0.592211
vt 0.171310 0.549724
vt 0.173129 0.559031
vt 0.172767 0.544442
vt 0.173748 0.549189
vt 0.173982 0.538736
vt 0.175137 0.543760
vt 0.174214 0.530601
vt 0.176290 0.537874
vt 0.173160 0.528240
vt 0.163396 0.513383
vt 0.167311 0.519832
vt 0.150967 0.500842
vt 0.156798 0.504943
vt 0.158371 0.506998
vt 0.164721 0.606863
vt 0.164303 0.604767
vt 0.165852 0.604522
vt 0.166670 0.606756
vt 0.175617 0.529766
vt 0.179498 0.541637
vt 0.181238 0.540658
vt 0.182803 0.547232
vt 0.184631 0.546663
vt 0.185242 0.548996
vt 0.187062 0.548406
vt 0.188256 0.553261
vt 0.172018 0.572186
vt 0.190160 0.552657
vt 0.166115 0.582171
vt 0.170055 0.572104
vt 0.168309 0.579658
vt 0.170279 0.579619
vt 0.168106 0.582115
vt 0.167408 0.589492
vt 0.166940 0.596986
vt 0.990721 0.493662
vt 0.993257 0.498095
vt 0.992402 0.499963
vt 0.994266 0.500882
vt 0.993591 0.502921
vt 0.995518 0.503676
vt 0.996866 0.508747
vt 0.996829 0.511050
vt 0.998737 0.511452
vt 0.996995 0.520329
vt 0.999039 0.520703
vt 0.348825 0.722420
vt 0.342017 0.601824
vt 0.792484 0.451663
vt 0.797361 0.423865
vt 0.799900 0.444489
vt 0.798006 0.445579
vt 0.796262 0.446708
vt 0.795272 0.426311
vt 0.611304 0.794797
vt 0.201954 0.491420
vt 0.196687 0.479722
vt 0.203446 0.490901
vt 0.196425 0.477116
vt 0.198277 0.476526
vt 0.200998 0.476094
vt 0.194412 0.477460
vt 0.194067 0.470207
vt 0.191145 0.468328
vt 0.192983 0.468140
vt 0.196144 0.469803
vt 0.197583 0.471472
vt 0.208445 0.499709
vt 0.206777 0.500285
vt 0.202242 0.473408
vt 0.200076 0.473780
vt 0.209730 0.504922
vt 0.204425 0.463259
vt 0.263746 0.452736
vt 0.210352 0.507566
vt 0.220008 0.521119
vt 0.208318 0.510216
vt 0.208292 0.507776
vt 0.206573 0.512959
vt 0.206452 0.510513
vt 0.204608 0.518298
vt 0.204550 0.515716
vt 0.206819 0.517959
vt 0.206581 0.515397
vt 0.212199 0.519874
vt 0.214545 0.519678
vt 0.208027 0.519949
vt 0.217528 0.521636
vt 0.215327 0.521329
vt 0.220704 0.530497
vt 0.218580 0.522759
vt 0.220739 0.523286
vt 0.201234 0.471180
vt 0.198710 0.467293
vt 0.196556 0.467882
vt 0.196056 0.465386
vt 0.200343 0.464245
vt 0.203630 0.460971
vt 0.205714 0.460468
vt 0.262976 0.450375
vt 0.264152 0.452364
vt 0.276413 0.461171
vt 0.277847 0.463150
vt 0.284990 0.481898
vt 0.287129 0.481820
vt 0.287730 0.486820
vt 0.289660 0.486640
vt 0.289589 0.491178
vt 0.291777 0.491197
vt 0.290267 0.493530
vt 0.262906 0.553792
vt 0.251658 0.554700
vt 0.286827 0.544534
vt 0.271654 0.557144
vt 0.286158 0.558193
vt 0.283927 0.557546
vt 0.284653 0.562037
vt 0.282164 0.563493
vt 0.283927 0.564257
vt 0.282482 0.565640
vt 0.278301 0.564965
vt 0.277265 0.561094
vt 0.274943 0.561112
vt 0.274422 0.559226
vt 0.214804 0.531031
vt 0.216763 0.549812
vt 0.211916 0.523799
vt 0.213521 0.523722
vt 0.202492 0.525282
vt 0.211050 0.521454
vt 0.197761 0.525686
vt 0.200621 0.523888
vt 0.199134 0.527582
vt 0.197053 0.531277
vt 0.195763 0.529342
vt 0.203709 0.531076
vt 0.272173 0.559112
vt 0.201875 0.531590
vt 0.196769 0.533870
vt 0.195224 0.532201
vt 0.195040 0.537465
vt 0.193537 0.535599
vt 0.195124 0.534801
vt 0.202836 0.533866
vt 0.196688 0.536638
vt 0.194167 0.540266
vt 0.193172 0.538491
vt 0.196132 0.539592
vt 0.197881 0.539109
vt 0.264550 0.557494
vt 0.252544 0.556524
vt 0.250324 0.556792
vt 0.219636 0.551688
vt 0.207259 0.535246
vt 0.205462 0.535680
vt 0.213993 0.547848
vt 0.212080 0.547894
vt 0.251221 0.558620
vt 0.245781 0.567727
vt 0.253449 0.558307
vt 0.255280 0.561854
vt 0.257516 0.561520
vt 0.258447 0.563282
vt 0.260687 0.562937
vt 0.262680 0.566424
vt 0.265055 0.566053
vt 0.267102 0.569522
vt 0.257622 0.571298
vt 0.256674 0.569600
vt 0.252131 0.570471
vt 0.251203 0.568722
vt 0.246696 0.569519
vt 0.234687 0.569094
vt 0.233770 0.567251
vt 0.229355 0.567555
vt 0.228391 0.565628
vt 0.224059 0.566007
vt 0.225002 0.567930
vt 0.222842 0.568100
vt 0.221610 0.555562
vt 0.214870 0.549886
vt 0.217662 0.551858
vt 0.217731 0.555769
vt 0.215793 0.555831
vt 0.211115 0.553789
vt 0.215007 0.553738
vt 0.205436 0.549713
vt 0.209401 0.549612
vt 0.210460 0.564601
vt 0.209500 0.571407
vt 0.208539 0.564386
vt 0.209117 0.582915
vt 0.207643 0.571077
vt 0.214761 0.583825
vt 0.214049 0.582129
vt 0.224668 0.571873
vt 0.236575 0.581453
vt 0.232023 0.582426
vt 0.226880 0.571599
vt 0.230899 0.574909
vt 0.234904 0.578001
vt 0.893378 0.367744
vt 0.894829 0.369293
vt 0.892456 0.366341
vt 0.891131 0.364955
vt 0.895127 0.363811
vt 0.907614 0.365715
vt 0.906225 0.366336
vt 0.905116 0.364771
vt 0.893830 0.361966
vt 0.910244 0.365820
vt 0.910784 0.364596
vt 0.913504 0.361005
vt 0.913017 0.364937
vt 0.897463 0.350377
vt 0.901778 0.350313
vt 0.916249 0.361081
vt 0.885784 0.365071
vt 0.887135 0.366636
vt 0.905198 0.348849
vt 0.894163 0.348904
vt 0.896554 0.348682
vt 0.901048 0.348394
vt 0.903612 0.345386
vt 0.901404 0.345344
vt 0.635067 0.792660
vt 0.970189 0.895352
vt 0.978049 0.899056
vt 0.974239 0.898835
vt 0.973517 0.898430
vt 0.975470 0.899786
vt 0.968939 0.896868
vt 0.517197 0.792841
vt 0.413582 0.855851
vt 0.413843 0.829040
vt 0.415677 0.828787
vt 0.417686 0.826054
vt 0.430741 0.848136
vt 0.423226 0.822935
vt 0.432860 0.842996
vt 0.415512 0.860220
vt 0.412124 0.857299
vt 0.421857 0.863479
vt 0.419447 0.863579
vt 0.417115 0.858818
vt 0.425731 0.865647
vt 0.422215 0.865723
vt 0.429799 0.857836
vt 0.417906 0.823596
vt 0.429181 0.868106
vt 0.425834 0.867933
vt 0.434270 0.874893
vt 0.430835 0.875126
vt 0.436236 0.877218
vt 0.434647 0.877277
vt 0.439563 0.869864
vt 0.439372 0.872319
vt 0.435946 0.872391
vt 0.433547 0.856866
vt 0.441260 0.867338
vt 0.441273 0.869830
vt 0.412459 0.824332
vt 0.412683 0.821731
vt 0.414545 0.821478
vt 0.417580 0.806749
vt 0.419454 0.806734
vt 0.421682 0.797337
vt 0.423605 0.797335
vt 0.423469 0.818196
vt 0.424627 0.792686
vt 0.428295 0.794903
vt 0.428404 0.792443
vt 0.428648 0.801914
vt 0.443262 0.859686
vt 0.442874 0.867249
vt 0.446642 0.846733
vt 0.446798 0.859023
vt 0.444889 0.847138
vt 0.443090 0.845136
vt 0.444838 0.844716
vt 0.443087 0.847535
vt 0.430158 0.794700
vt 0.431708 0.797042
vt 0.431562 0.794560
vt 0.439386 0.850706
vt 0.439455 0.848334
vt 0.437447 0.853472
vt 0.437563 0.851119
vt 0.433752 0.854410
vt 0.430525 0.801779
vt 0.425353 0.817944
vt 0.432618 0.847741
vt 0.426882 0.822336
vt 0.427002 0.819977
vt 0.430698 0.819305
vt 0.434842 0.837833
vt 0.434695 0.842595
vt 0.430771 0.816944
vt 0.436535 0.825393
vt 0.436636 0.837421
vt 0.434384 0.813776
vt 0.437876 0.812882
vt 0.438306 0.824960
vt 0.439789 0.814823
vt 0.440070 0.819657
vt 0.792163 0.433941
vt 0.621868 0.525079
vt 0.627802 0.506801
vt 0.634843 0.517516
vt 0.636101 0.516511
vt 0.639411 0.523525
vt 0.638148 0.524548
vt 0.618556 0.524640
vt 0.619863 0.523596
vt 0.630058 0.527975
vt 0.635595 0.526649
vt 0.639839 0.526395
vt 0.637300 0.528483
vt 0.634354 0.527669
vt 0.636070 0.529491
vt 0.634821 0.530524
vt 0.633068 0.528735
vt 0.631803 0.529777
vt 0.627582 0.529996
vt 0.629388 0.531746
vt 0.628130 0.532797
vt 0.626323 0.531048
vt 0.625068 0.532100
vt 0.611169 0.520984
vt 0.609822 0.522031
vt 0.609149 0.519373
vt 0.607758 0.520359
vt 0.605246 0.516147
vt 0.616545 0.523096
vt 0.619223 0.521037
vt 0.617874 0.522077
vt 0.600944 0.510531
vt 0.600489 0.507976
vt 0.411214 0.555132
vt 0.409371 0.554981
vt 0.408833 0.535480
vt 0.410839 0.535281
vt 0.313027 0.650399
vt 0.747925 0.739606
vt 0.745849 0.741397
vt 0.424668 0.217746
vt 0.425296 0.215460
vt 0.423650 0.210899
vt 0.446044 0.238038
vt 0.443834 0.235634
vt 0.424048 0.225674
vt 0.435349 0.221556
vt 0.438675 0.228607
vt 0.258145 0.681235
vt 0.554672 0.792863
vt 0.558405 0.792443
vt 0.558488 0.797776
vt 0.555849 0.800301
vt 0.554250 0.800563
vt 0.348722 0.719057
vt 0.759793 0.024234
vt 0.760375 0.017907
vt 0.760391 0.072519
vt 0.761458 0.085525
vt 0.762101 0.072938
vt 0.758812 0.038984
vt 0.763162 0.085566
vt 0.763109 0.087962
vt 0.774448 0.190523
vt 0.714584 0.242526
vt 0.712997 0.242302
vt 0.713313 0.249778
vt 0.711683 0.249544
vt 0.711730 0.262270
vt 0.710669 0.267375
vt 0.072644 0.058331
vt 0.070162 0.057685
vt 0.069423 0.053499
vt 0.068870 0.048534
vt 0.066906 0.048718
vt 0.068612 0.045463
vt 0.065637 0.031996
vt 0.071078 0.046416
vt 0.576917 0.798612
vt 0.815883 0.120030
vt 0.795522 0.154282
vt 0.823299 0.110058
vt 0.839972 0.085290
vt 0.844001 0.076915
vt 0.844995 0.077149
vt 0.856380 0.049911
vt 0.857885 0.050189
vt 0.863765 0.037858
vt 0.864738 0.038316
vt 0.878794 0.014181
vt 0.587079 0.460206
vt 0.588334 0.459184
vt 0.591275 0.463092
vt 0.589837 0.464364
vt 0.579953 0.453283
vt 0.581280 0.452287
vt 0.571682 0.453820
vt 0.578563 0.451663
vt 0.538612 0.461982
vt 0.568108 0.500940
vt 0.579522 0.500520
vt 0.520519 0.465409
vt 0.537607 0.460670
vt 0.543617 0.508543
vt 0.505119 0.471045
vt 0.548268 0.506021
vt 0.573006 0.501051
vt 0.583905 0.501117
vt 0.561518 0.501671
vt 0.598662 0.472529
vt 0.609938 0.485965
vt 0.595529 0.505622
vt 0.592422 0.504797
vt 0.619707 0.497633
vt 0.621559 0.499206
vt 0.624038 0.503317
vt 0.625310 0.502305
vt 0.613440 0.555986
vt 0.583781 0.530073
vt 0.561419 0.517200
vt 0.599062 0.509002
vt 0.594082 0.506630
vt 0.591004 0.505716
vt 0.588046 0.504585
vt 0.585234 0.503278
vt 0.580966 0.502600
vt 0.574621 0.502772
vt 0.569762 0.502622
vt 0.563246 0.503245
vt 0.550087 0.507606
vt 0.818301 0.115661
vt 0.400060 0.736365
vt 0.399049 0.734101
vt 0.402159 0.734118
vt 0.403549 0.736438
vt 0.405259 0.736686
vt 0.407246 0.741125
vt 0.399233 0.759525
vt 0.398304 0.736462
vt 0.405905 0.746027
vt 0.398304 0.764306
vt 0.398627 0.761886
vt 0.398313 0.774630
vt 0.407602 0.746131
vt 0.399479 0.777588
vt 0.297808 0.345931
vt 0.303140 0.455793
vt 0.293262 0.444377
vt 0.298418 0.443359
vt 0.296487 0.441885
vt 0.303655 0.458805
vt 0.302112 0.456851
vt 0.304212 0.461815
vt 0.302665 0.459871
vt 0.304846 0.464784
vt 0.303259 0.462880
vt 0.305507 0.467748
vt 0.303942 0.465844
vt 0.307558 0.472636
vt 0.304638 0.468840
vt 0.302868 0.471162
vt 0.303773 0.469969
vt 0.306629 0.473892
vt 0.328626 0.471805
vt 0.328369 0.468667
vt 0.328135 0.465511
vt 0.303785 0.441866
vt 0.300643 0.441657
vt 0.301728 0.440772
vt 0.305002 0.440660
vt 0.308412 0.440643
vt 0.306131 0.439520
vt 0.311422 0.438394
vt 0.313390 0.439611
vt 0.327669 0.459171
vt 0.315856 0.437467
vt 0.317843 0.438786
vt 0.321827 0.434758
vt 0.323952 0.435973
vt 0.328349 0.430466
vt 0.330666 0.431635
vt 0.334421 0.425974
vt 0.335335 0.422975
vt 0.337829 0.423568
vt 0.338718 0.431987
vt 0.338067 0.428560
vt 0.339554 0.425492
vt 0.339357 0.430242
vt 0.344261 0.441089
vt 0.345287 0.439778
vt 0.347688 0.443967
vt 0.346668 0.445296
vt 0.348916 0.449740
vt 0.347824 0.450959
vt 0.348844 0.453170
vt 0.344428 0.454756
vt 0.345559 0.456955
vt 0.343338 0.456007
vt 0.342201 0.453830
vt 0.336513 0.453209
vt 0.340014 0.456266
vt 0.338821 0.454125
vt 0.337729 0.455321
vt 0.334329 0.455548
vt 0.331868 0.451373
vt 0.330778 0.452534
vt 0.332003 0.454613
vt 0.329833 0.456904
vt 0.331113 0.458967
vt 0.330034 0.460105
vt 0.328748 0.458045
vt 0.328976 0.461225
vt 0.327897 0.462342
vt 0.329214 0.464396
vt 0.329452 0.467559
vt 0.329695 0.470712
vt 0.329935 0.473856
vt 0.328850 0.474951
vt 0.330167 0.477000
vt 0.329084 0.478085
vt 0.331715 0.482189
vt 0.330656 0.483253
vt 0.335564 0.491617
vt 0.336705 0.490552
vt 0.337910 0.492677
vt 0.339032 0.491639
vt 0.341423 0.495968
vt 0.342600 0.494939
vt 0.344947 0.499392
vt 0.343724 0.500390
vt 0.346002 0.504853
vt 0.344800 0.505813
vt 0.333851 0.502173
vt 0.337460 0.505434
vt 0.345987 0.508023
vt 0.344802 0.508974
vt 0.347220 0.510222
vt 0.341189 0.508717
vt 0.346070 0.511148
vt 0.342472 0.510860
vt 0.340062 0.509653
vt 0.336309 0.506388
vt 0.332633 0.503100
vt 0.331482 0.501050
vt 0.330212 0.501861
vt 0.328327 0.498547
vt 0.326446 0.501222
vt 0.325036 0.498947
vt 0.323956 0.500040
vt 0.322540 0.497867
vt 0.321474 0.498935
vt 0.320062 0.496817
vt 0.317942 0.498901
vt 0.316492 0.496845
vt 0.315447 0.497871
vt 0.313974 0.495840
vt 0.312927 0.496864
vt 0.309987 0.492805
vt 0.308952 0.493832
vt 0.310421 0.495858
vt 0.308358 0.497922
vt 0.299958 0.488867
vt 0.317479 0.509787
vt 0.310834 0.505917
vt 0.316454 0.510765
vt 0.300398 0.470336
vt 0.301356 0.469159
vt 0.297969 0.469467
vt 0.298947 0.468299
vt 0.292420 0.472129
vt 0.296586 0.467409
vt 0.293876 0.477498
vt 0.292566 0.475414
vt 0.293644 0.474238
vt 0.298944 0.489944
vt 0.291777 0.479790
vt 0.308326 0.504960
vt 0.305320 0.501022
vt 0.309343 0.503940
vt 0.307333 0.498956
vt 0.325064 0.519586
vt 0.331155 0.527320
vt 0.330097 0.528263
vt 0.311318 0.508886
vt 0.309819 0.506928
vt 0.323169 0.531088
vt 0.333024 0.532172
vt 0.331966 0.533130
vt 0.333407 0.535101
vt 0.332366 0.536081
vt 0.338468 0.545539
vt 0.337148 0.546216
vt 0.341470 0.557790
vt 0.342677 0.556892
vt 0.345592 0.563129
vt 0.346814 0.562408
vt 0.346537 0.564995
vt 0.348916 0.566523
vt 0.347610 0.567070
vt 0.345584 0.566170
vt 0.344821 0.564817
vt 0.343628 0.565742
vt 0.342356 0.563337
vt 0.339915 0.564943
vt 0.338479 0.562833
vt 0.337297 0.563581
vt 0.336045 0.561399
vt 0.334738 0.562225
vt 0.333188 0.557530
vt 0.334489 0.556670
vt 0.332857 0.551950
vt 0.331583 0.552821
vt 0.327163 0.543857
vt 0.329443 0.542062
vt 0.328044 0.539957
vt 0.329145 0.539043
vt 0.324669 0.533034
vt 0.323612 0.533944
vt 0.322091 0.532014
vt 0.318645 0.525357
vt 0.312269 0.514773
vt 0.310291 0.509898
vt 0.345272 0.777687
vt 0.345277 0.775487
vt 0.348812 0.776826
vt 0.348787 0.779108
vt 0.410698 0.433370
vt 0.484566 0.701313
vt 0.485786 0.700061
vt 0.495603 0.711228
vt 0.498066 0.716187
vt 0.525822 0.801365
vt 0.524558 0.795861
vt 0.520243 0.800302
vt 0.519011 0.794984
vt 0.519046 0.792443
vt 0.524148 0.792629
vt 0.792483 0.449493
vt 0.471713 0.792793
vt 0.470616 0.800659
vt 0.469003 0.797376
vt 0.468821 0.800974
vt 0.469633 0.794775
vt 0.468397 0.805996
vt 0.470221 0.805590
vt 0.470036 0.792443
vt 0.466715 0.801496
vt 0.467505 0.796989
vt 0.465395 0.801911
vt 0.466187 0.806467
vt 0.471713 0.812264
vt 0.471581 0.814629
vt 0.466247 0.811357
vt 0.469699 0.814988
vt 0.025949 0.314151
vt 0.028336 0.313448
vt 0.392534 0.728779
vt 0.581478 0.792443
vt 0.583630 0.792864
vt 0.586157 0.795442
vt 0.412004 0.428552
vt 0.417768 0.032750
vt 0.415082 0.029387
vt 0.415958 0.025971
vt 0.412124 0.023626
vt 0.414017 0.022307
vt 0.421347 0.032591
vt 0.423839 0.031241
vt 0.424636 0.033001
vt 0.419430 0.037128
vt 0.416299 0.034577
vt 0.426920 0.031974
vt 0.427571 0.033773
vt 0.419932 0.039891
vt 0.418159 0.039002
vt 0.429860 0.032979
vt 0.430716 0.036872
vt 0.420681 0.042656
vt 0.418821 0.041932
vt 0.433035 0.036429
vt 0.421004 0.047687
vt 0.419183 0.047149
vt 0.420308 0.049979
vt 0.336223 0.593183
vt 0.337235 0.600566
vt 0.335468 0.600762
vt 0.335295 0.605793
vt 0.333444 0.606021
vt 0.333504 0.608522
vt 0.337288 0.608046
vt 0.335585 0.610771
vt 0.337480 0.610532
vt 0.322441 0.595017
vt 0.331888 0.613783
vt 0.336006 0.615750
vt 0.332272 0.616258
vt 0.329969 0.614030
vt 0.331646 0.629051
vt 0.329770 0.629347
vt 0.319854 0.608054
vt 0.323792 0.587347
vt 0.337918 0.588022
vt 0.338136 0.592943
vt 0.341095 0.580004
vt 0.341723 0.587411
vt 0.333197 0.578711
vt 0.335096 0.578435
vt 0.335280 0.580923
vt 0.331157 0.576520
vt 0.333072 0.576242
vt 0.328982 0.569488
vt 0.330916 0.569192
vt 0.327003 0.567354
vt 0.328939 0.567070
vt 0.325189 0.574843
vt 0.325170 0.572418
vt 0.327110 0.572171
vt 0.314737 0.614111
vt 0.320756 0.597791
vt 0.329929 0.634307
vt 0.331837 0.634028
vt 0.328415 0.639498
vt 0.332276 0.641550
vt 0.323237 0.575069
vt 0.321890 0.587613
vt 0.320564 0.595315
vt 0.318899 0.598104
vt 0.316411 0.611236
vt 0.316173 0.608742
vt 0.314538 0.611596
vt 0.315785 0.639249
vt 0.313951 0.639697
vt 0.312807 0.614497
vt 0.314678 0.647220
vt 0.299907 0.618879
vt 0.296152 0.632136
vt 0.297274 0.626745
vt 0.313711 0.601582
vt 0.314406 0.609097
vt 0.310025 0.604765
vt 0.312613 0.609452
vt 0.306297 0.605514
vt 0.304427 0.605882
vt 0.298833 0.654150
vt 0.311711 0.653653
vt 0.313544 0.652905
vt 0.316952 0.649119
vt 0.316590 0.646619
vt 0.318628 0.646101
vt 0.328213 0.653666
vt 0.326270 0.654210
vt 0.327085 0.659019
vt 0.325186 0.659569
vt 0.314674 0.657785
vt 0.317479 0.661928
vt 0.326717 0.669189
vt 0.337885 0.666205
vt 0.340352 0.681438
vt 0.342017 0.680699
vt 0.341126 0.683963
vt 0.332215 0.687157
vt 0.333013 0.689517
vt 0.316310 0.688776
vt 0.314711 0.689557
vt 0.315466 0.686381
vt 0.318721 0.684749
vt 0.317104 0.680098
vt 0.318860 0.679337
vt 0.317531 0.674695
vt 0.319430 0.673967
vt 0.315737 0.662574
vt 0.315091 0.593792
vt 0.315568 0.601248
vt 0.313338 0.596606
vt 0.313210 0.594124
vt 0.311598 0.599434
vt 0.311465 0.596954
vt 0.309714 0.599795
vt 0.304289 0.603395
vt 0.306140 0.603020
vt 0.302576 0.606256
vt 0.300599 0.604176
vt 0.302451 0.603785
vt 0.298808 0.607019
vt 0.300688 0.606634
vt 0.298435 0.621520
vt 0.298086 0.619257
vt 0.296552 0.622055
vt 0.295030 0.637572
vt 0.295382 0.627335
vt 0.311112 0.659283
vt 0.312337 0.663990
vt 0.310607 0.664769
vt 0.294419 0.645418
vt 0.294286 0.632729
vt 0.293159 0.638172
vt 0.293693 0.650818
vt 0.292578 0.646051
vt 0.291930 0.651480
vt 0.297205 0.654824
vt 0.311285 0.667068
vt 0.309510 0.667895
vt 0.310887 0.672477
vt 0.309101 0.673350
vt 0.302436 0.671627
vt 0.304157 0.670640
vt 0.311402 0.680240
vt 0.008174 0.161743
vt 0.008779 0.169050
vt 0.006955 0.169327
vt 0.008064 0.178960
vt 0.006215 0.179424
vt 0.007146 0.181679
vt 0.005544 0.182212
vt 0.000493 0.168069
vt 0.000000 0.165566
vt 0.001949 0.165155
vt 0.001304 0.160100
vt 0.003356 0.159677
vt 0.003051 0.156932
vt 0.005031 0.155883
vt 0.004724 0.153755
vt 0.007210 0.154964
vt 0.006738 0.152699
vt 0.009620 0.154234
vt 0.011941 0.185731
vt 0.010811 0.176155
vt 0.411070 0.684193
vt 0.408528 0.684841
vt 0.406527 0.684250
vt 0.615677 0.794449
vt 0.129540 0.835710
vt 0.472346 0.468571
vt 0.473310 0.469797
vt 0.477974 0.469261
vt 0.412100 0.720400
vt 0.609279 0.795642
vt 0.596537 0.798213
vt 0.476075 0.725331
vt 0.347106 0.674697
vt 0.343359 0.673013
vt 0.343914 0.668002
vt 0.342638 0.667516
vt 0.342638 0.662194
vt 0.344423 0.657599
vt 0.345816 0.658098
vt 0.346285 0.660861
vt 0.346776 0.663645
vt 0.345932 0.666029
vt 0.348713 0.666880
vt 0.422707 0.374739
vt 0.422932 0.372310
vt 0.418814 0.371556
vt 0.418830 0.373915
vt 0.416815 0.373504
vt 0.417557 0.346235
vt 0.415658 0.356172
vt 0.414676 0.380242
vt 0.412124 0.387133
vt 0.412683 0.379783
vt 0.418483 0.383538
vt 0.416113 0.388028
vt 0.525655 0.415614
vt 0.644067 0.775480
vt 0.655251 0.778438
vt 0.736250 0.784321
vt 0.737488 0.784974
vt 0.736013 0.786878
vt 0.734150 0.785939
vt 0.739825 0.767323
vt 0.741803 0.768125
vt 0.740740 0.770285
vt 0.734119 0.789650
vt 0.732452 0.791516
vt 0.730619 0.792443
vt 0.740339 0.764965
vt 0.725937 0.791432
vt 0.718497 0.790897
vt 0.186974 0.714377
vt 0.192154 0.713555
vt 0.588582 0.792443
vt 0.590979 0.792777
vt 0.588905 0.797743
vt 0.586483 0.795551
vt 0.586487 0.793746
vt 0.530284 0.051125
vt 0.530167 0.049208
vt 0.423090 0.029475
vt 0.419206 0.026848
vt 0.418269 0.025140
vt 0.421503 0.026157
vt 0.425440 0.028598
vt 0.426204 0.030249
vt 0.431063 0.028708
vt 0.431674 0.030419
vt 0.436620 0.029038
vt 0.437016 0.030733
vt 0.456877 0.027841
vt 0.456556 0.025903
vt 0.471360 0.025427
vt 0.490845 0.022224
vt 0.471061 0.023511
vt 0.490561 0.020290
vt 0.497980 0.019668
vt 0.497688 0.017753
vt 0.502917 0.019055
vt 0.502621 0.017184
vt 0.508162 0.020209
vt 0.507873 0.018365
vt 0.518262 0.019242
vt 0.347991 0.693608
vt 0.348205 0.697627
vt 0.345624 0.697528
vt 0.342840 0.695360
vt 0.343052 0.690853
vt 0.345490 0.691300
vt 0.044354 0.420918
vt 0.347315 0.727904
vt 0.623299 0.793126
vt 0.227150 0.624147
vt 0.216649 0.631612
vt 0.776398 0.417457
vt 0.777461 0.409105
vt 0.775675 0.409364
vt 0.777134 0.398911
vt 0.779346 0.396264
vt 0.777504 0.396387
vt 0.792162 0.413500
vt 0.790057 0.414430
vt 0.790277 0.392802
vt 0.792162 0.381034
vt 0.791872 0.392393
vt 0.780658 0.391773
vt 0.782390 0.391570
vt 0.789734 0.376691
vt 0.791273 0.376658
vt 0.784236 0.385540
vt 0.786591 0.381128
vt 0.402932 0.723104
vt 0.403440 0.720729
vt 0.410812 0.720868
vt 0.420439 0.498102
vt 0.419498 0.490892
vt 0.419713 0.488493
vt 0.421742 0.488321
vt 0.419966 0.503488
vt 0.418900 0.498637
vt 0.419018 0.506504
vt 0.418453 0.504077
vt 0.419149 0.514401
vt 0.417530 0.507121
vt 0.421807 0.510705
vt 0.420411 0.519219
vt 0.419715 0.516824
vt 0.423593 0.517864
vt 0.422352 0.513098
vt 0.419424 0.522343
vt 0.418854 0.519911
vt 0.424897 0.522631
vt 0.420018 0.524743
vt 0.424330 0.520229
vt 0.423845 0.512476
vt 0.425087 0.517208
vt 0.422733 0.507714
vt 0.423286 0.510101
vt 0.426512 0.516547
vt 0.425284 0.511850
vt 0.428019 0.515877
vt 0.424223 0.507145
vt 0.430551 0.520001
vt 0.428956 0.520662
vt 0.429658 0.527901
vt 0.431349 0.527283
vt 0.434953 0.546713
vt 0.435399 0.551502
vt 0.433070 0.547329
vt 0.433827 0.552203
vt 0.435118 0.559536
vt 0.431821 0.560960
vt 0.432975 0.557810
vt 0.431359 0.558497
vt 0.431357 0.547954
vt 0.430606 0.540679
vt 0.428819 0.533405
vt 0.412091 0.708804
vt 0.001208 0.247527
vt 0.011236 0.149466
vt 0.059523 0.093152
vt 0.061388 0.093461
vt 0.062481 0.098842
vt 0.051592 0.111281
vt 0.052405 0.109028
vt 0.053968 0.109348
vt 0.016436 0.146238
vt 0.011665 0.147738
vt 0.018308 0.143465
vt 0.019959 0.143950
vt 0.022735 0.139861
vt 0.024209 0.140345
vt 0.027001 0.136631
vt 0.032586 0.138289
vt 0.035201 0.134269
vt 0.036952 0.134684
vt 0.038194 0.132626
vt 0.039430 0.130489
vt 0.042241 0.128909
vt 0.044252 0.124446
vt 0.648472 0.794888
vt 0.642845 0.795017
vt 0.780299 0.451663
vt 0.411618 0.579205
vt 0.428895 0.263038
vt 0.426984 0.262852
vt 0.426809 0.270124
vt 0.428518 0.265506
vt 0.408787 0.731016
vt 0.779176 0.539577
vt 0.781513 0.538899
vt 0.779765 0.541691
vt 0.785223 0.539561
vt 0.789562 0.539978
vt 0.790982 0.540973
vt 0.792684 0.539623
vt 0.083760 0.057450
vt 0.083398 0.059109
vt 0.085500 0.060311
vt 0.080221 0.060598
vt 0.087421 0.061625
vt 0.087058 0.063281
vt 0.088875 0.064591
vt 0.088356 0.066370
vt 0.076146 0.050899
vt 0.078262 0.051611
vt 0.089922 0.068718
vt 0.089389 0.069888
vt 0.073616 0.046491
vt 0.075764 0.047190
vt 0.070464 0.040474
vt 0.072618 0.040934
vt 0.068018 0.032332
vt 0.094957 0.081270
vt 0.077797 0.059816
vt 0.090696 0.072809
vt 0.104911 0.084162
vt 0.098305 0.080387
vt 0.098949 0.078921
vt 0.091452 0.071293
vt 0.347133 0.724826
vt 0.642845 0.792443
vt 0.974867 0.873268
vt 0.976753 0.873857
vt 0.975827 0.876224
vt 0.979558 0.877564
vt 0.976809 0.879256
vt 0.978646 0.879947
vt 0.973148 0.888594
vt 0.984447 0.854728
vt 0.983828 0.857215
vt 0.980010 0.856204
vt 0.987468 0.850182
vt 0.986347 0.855164
vt 0.992220 0.840915
vt 0.989348 0.850573
vt 0.995681 0.836511
vt 0.994095 0.841309
vt 0.988610 0.832508
vt 0.992321 0.833311
vt 0.991732 0.835726
vt 0.984814 0.844379
vt 0.981670 0.848809
vt 0.984179 0.846819
vt 0.987794 0.834842
vt 0.982926 0.843928
vt 0.985936 0.834405
vt 0.982291 0.846369
vt 0.977896 0.847861
vt 0.981748 0.841047
vt 0.979891 0.840562
vt 0.982033 0.892401
vt 0.974920 0.889238
vt 0.984815 0.890918
vt 0.983643 0.893221
vt 0.976803 0.884640
vt 0.978575 0.885337
vt 0.987693 0.889406
vt 0.986434 0.891784
vt 0.989207 0.890397
vt 0.998752 0.871873
vt 0.993733 0.885791
vt 0.997407 0.869125
vt 0.999290 0.869507
vt 0.999675 0.859756
vt 0.998621 0.864488
vt 0.998108 0.857067
vt 1.000000 0.857319
vt 0.997531 0.849514
vt 0.999276 0.849735
vt 0.996733 0.839265
vt 0.998568 0.839593
vt 0.997773 0.842050
vt 0.994844 0.843999
vt 0.992229 0.845999
vt 0.993080 0.843617
vt 0.994063 0.846380
vt 0.985302 0.871124
vt 0.980291 0.880608
vt 0.347253 0.685206
vt 0.348645 0.690035
vt 0.346459 0.688477
vt 0.347287 0.690853
vt 0.345031 0.689355
vt 0.344011 0.687062
vt 0.348083 0.681960
vt 0.348713 0.684395
vt 0.348021 0.676363
vt 0.348713 0.678782
vt 0.344181 0.681262
vt 0.342840 0.682114
vt 0.343576 0.678818
vt 0.344498 0.675536
vt 0.345990 0.674697
vt 0.409883 0.638973
vt 0.411472 0.639464
vt 0.411474 0.651513
vt 0.409866 0.651030
vt 0.409840 0.655860
vt 0.408257 0.655390
vt 0.406652 0.650090
vt 0.111121 0.153595
vt 0.113737 0.141942
vt 0.107915 0.162845
vt 0.105355 0.164932
vt 0.105714 0.162496
vt 0.104299 0.154802
vt 0.104209 0.157216
vt 0.109641 0.143509
vt 0.107374 0.142855
vt 0.124138 0.098787
vt 0.103216 0.087571
vt 0.062612 0.088760
vt 0.060728 0.088441
vt 0.002798 0.249435
vt 0.024102 0.285553
vt 0.020344 0.260772
vt 0.025461 0.311576
vt 0.045089 0.338532
vt 0.043744 0.358913
vt 0.044372 0.349446
vt 0.045202 0.359056
vt 0.046286 0.349349
vt 0.043589 0.386266
vt 0.043419 0.366251
vt 0.045107 0.366484
vt 0.040577 0.395682
vt 0.041410 0.385979
vt 0.038302 0.412554
vt 0.038715 0.395428
vt 0.036314 0.412390
vt 0.347115 0.226767
vt 0.345609 0.246733
vt 0.345057 0.251605
vt 0.349672 0.226827
vt 0.293581 0.724425
vt 0.291777 0.724973
vt 0.295015 0.712678
vt 0.293280 0.712763
vt 0.291777 0.785518
vt 0.291913 0.783168
vt 0.293648 0.784897
vt 0.314432 0.724159
vt 0.306987 0.718116
vt 0.295422 0.705086
vt 0.293663 0.705395
vt 0.295814 0.700150
vt 0.293967 0.698022
vt 0.308851 0.720221
vt 0.299214 0.704499
vt 0.306729 0.710651
vt 0.295756 0.793406
vt 0.293798 0.794050
vt 0.296615 0.806108
vt 0.294729 0.806452
vt 0.303454 0.809545
vt 0.296225 0.810409
vt 0.304115 0.807384
vt 0.307637 0.800619
vt 0.305965 0.807105
vt 0.311403 0.789091
vt 0.309569 0.800353
vt 0.313891 0.781985
vt 0.310702 0.722335
vt 0.311751 0.786904
vt 0.313684 0.786551
vt 0.318240 0.776839
vt 0.317315 0.781421
vt 0.320556 0.774316
vt 0.320038 0.776575
vt 0.325228 0.769303
vt 0.324158 0.773812
vt 0.328108 0.764541
vt 0.327056 0.769087
vt 0.331055 0.759803
vt 0.329950 0.764350
vt 0.335801 0.748091
vt 0.332903 0.759637
vt 0.333968 0.748229
vt 0.332807 0.746012
vt 0.334576 0.745872
vt 0.331994 0.741423
vt 0.333795 0.741277
vt 0.329405 0.734523
vt 0.330920 0.736780
vt 0.332763 0.736613
vt 0.331257 0.734346
vt 0.329710 0.732075
vt 0.326497 0.727476
vt 0.328303 0.727273
vt 0.325065 0.725148
vt 0.326695 0.724954
vt 0.323332 0.722861
vt 0.325038 0.722644
vt 0.323479 0.725340
vt 0.318089 0.723598
vt 0.314430 0.721705
vt 0.310740 0.719889
vt 0.308866 0.717765
vt 0.308371 0.707826
vt 0.308559 0.710316
vt 0.306537 0.708150
vt 0.302781 0.706309
vt 0.306359 0.705656
vt 0.302647 0.703805
vt 0.297529 0.702329
vt 0.299292 0.702001
vt 0.297550 0.699825
vt 0.295739 0.697652
vt 0.455995 0.442330
vt 0.455908 0.443868
vt 0.444473 0.440690
vt 0.444427 0.442138
vt 0.432564 0.439573
vt 0.430141 0.440029
vt 0.428587 0.432571
vt 0.425843 0.438536
vt 0.426603 0.431770
vt 0.428796 0.430235
vt 0.430821 0.431083
vt 0.430983 0.428668
vt 0.433063 0.429645
vt 0.433285 0.424413
vt 0.435381 0.424935
vt 0.491258 0.440575
vt 0.480651 0.450427
vt 0.466757 0.448696
vt 0.464476 0.447772
vt 0.473748 0.450974
vt 0.471387 0.450245
vt 0.476305 0.451663
vt 0.650117 0.795223
vt 0.195287 0.559781
vt 0.195815 0.555689
vt 0.197203 0.559927
vt 0.189456 0.550232
vt 0.190902 0.549806
vt 0.189516 0.547825
vt 0.191193 0.547192
vt 0.192708 0.549101
vt 0.193934 0.551318
vt 0.405131 0.694639
vt 0.401654 0.694747
vt 0.401708 0.697254
vt 0.400003 0.696937
vt 0.400235 0.698861
vt 0.398467 0.698899
vt 0.398874 0.700996
vt 0.397066 0.701310
vt 0.397642 0.703558
vt 0.395913 0.703833
vt 0.395136 0.701634
vt 0.393308 0.701910
vt 0.389475 0.687876
vt 0.387460 0.688083
vt 0.387031 0.685578
vt 0.385046 0.685822
vt 0.385806 0.653014
vt 0.406269 0.657822
vt 0.388275 0.650299
vt 0.390960 0.652249
vt 0.357366 0.276014
vt 0.355693 0.276410
vt 0.356930 0.269386
vt 0.355172 0.269703
vt 0.355811 0.264923
vt 0.354180 0.265275
vt 0.354514 0.260379
vt 0.352927 0.260773
vt 0.353149 0.255867
vt 0.351474 0.256188
vt 0.351491 0.251389
vt 0.349404 0.251803
vt 0.350972 0.244404
vt 0.347634 0.244468
vt 0.347470 0.247019
vt 0.398746 0.249504
vt 0.400340 0.249148
vt 0.399537 0.253818
vt 0.401302 0.253454
vt 0.400187 0.257827
vt 0.402003 0.257468
vt 0.400820 0.261828
vt 0.402614 0.261433
vt 0.401389 0.265859
vt 0.403148 0.265471
vt 0.401882 0.269912
vt 0.403639 0.269561
vt 0.399987 0.283026
vt 0.401751 0.282734
vt 0.398201 0.296376
vt 0.399952 0.296106
vt 0.342948 0.369337
vt 0.360615 0.356229
vt 0.351388 0.289789
vt 0.328805 0.333011
vt 0.353206 0.287694
vt 0.362402 0.352025
vt 0.364080 0.351896
vt 0.338596 0.360688
vt 0.366005 0.347819
vt 0.375977 0.371320
vt 0.402478 0.328725
vt 0.397957 0.320724
vt 0.392680 0.352343
vt 0.386275 0.362718
vt 0.399733 0.316707
vt 0.401511 0.320263
vt 0.400841 0.322445
vt 0.402649 0.322234
vt 0.402027 0.324464
vt 0.403832 0.324248
vt 0.404283 0.328524
vt 0.394374 0.352324
vt 0.387976 0.362714
vt 0.384447 0.366966
vt 0.382728 0.366947
vt 0.381851 0.369117
vt 0.380174 0.369125
vt 0.379330 0.371325
vt 0.374536 0.375914
vt 0.372884 0.375906
vt 0.370118 0.385317
vt 0.368498 0.385277
vt 0.365201 0.394552
vt 0.363562 0.394467
vt 0.360736 0.401160
vt 0.359075 0.401050
vt 0.357250 0.405611
vt 0.355559 0.405514
vt 0.353637 0.410000
vt 0.352032 0.410023
vt 0.351100 0.412254
vt 0.349371 0.412260
vt 0.346877 0.416598
vt 0.344613 0.416809
vt 0.344033 0.418723
vt 0.341898 0.419260
vt 0.339436 0.419871
vt 0.340270 0.378369
vt 0.319116 0.418834
vt 0.320231 0.417288
vt 0.309185 0.415354
vt 0.308160 0.416804
vt 0.296979 0.414786
vt 0.298998 0.411651
vt 0.305619 0.405583
vt 0.296787 0.411386
vt 0.300040 0.410012
vt 0.297852 0.409793
vt 0.301147 0.408462
vt 0.303309 0.408676
vt 0.347469 0.293937
vt 0.349957 0.289616
vt 0.329354 0.325927
vt 0.344608 0.295833
vt 0.345875 0.293659
vt 0.303541 0.405473
vt 0.304652 0.403698
vt 0.300572 0.403544
vt 0.301788 0.401808
vt 0.295962 0.401405
vt 0.297023 0.399728
vt 0.295045 0.399640
vt 0.295986 0.397803
vt 0.290465 0.398554
vt 0.293079 0.396198
vt 0.291313 0.396577
vt 0.310007 0.371914
vt 0.302463 0.378863
vt 0.299892 0.381213
vt 0.293788 0.394093
vt 0.291992 0.394435
vt 0.293950 0.387988
vt 0.292098 0.388350
vt 0.293344 0.384182
vt 0.291404 0.384572
vt 0.291990 0.382565
vt 0.290021 0.382993
vt 0.290586 0.381020
vt 0.288623 0.381501
vt 0.291267 0.373340
vt 0.293124 0.372913
vt 0.293758 0.370875
vt 0.295465 0.370931
vt 0.294796 0.380192
vt 0.295873 0.369379
vt 0.297595 0.369468
vt 0.296959 0.379797
vt 0.296066 0.381823
vt 0.300646 0.379130
vt 0.303229 0.376789
vt 0.305023 0.376552
vt 0.305741 0.374445
vt 0.307538 0.374227
vt 0.308215 0.372109
vt 0.311884 0.365499
vt 0.310120 0.365621
vt 0.311468 0.361203
vt 0.341722 0.297698
vt 0.343063 0.295578
vt 0.337629 0.301735
vt 0.340296 0.297458
vt 0.333751 0.305910
vt 0.336091 0.301377
vt 0.327184 0.317082
vt 0.332122 0.305520
vt 0.329233 0.321018
vt 0.327496 0.321313
vt 0.328683 0.317504
vt 0.309723 0.361324
vt 0.311173 0.356832
vt 0.320757 0.342227
vt 0.315707 0.346609
vt 0.309457 0.356931
vt 0.308700 0.359185
vt 0.306957 0.359270
vt 0.309419 0.352546
vt 0.311084 0.352465
vt 0.313924 0.346296
vt 0.317296 0.341940
vt 0.321522 0.339895
vt 0.327686 0.325937
vt 0.325690 0.337687
vt 0.327131 0.332995
vt 0.109892 0.148420
vt 0.112014 0.141523
vt 0.106179 0.157635
vt 0.175246 0.711711
vt 0.359544 0.611284
vt 0.358222 0.610866
vt 0.359629 0.598285
vt 0.362576 0.588814
vt 0.379384 0.596015
vt 0.363621 0.586604
vt 0.365919 0.585007
vt 0.364467 0.584249
vt 0.367169 0.582808
vt 0.372619 0.584322
vt 0.381363 0.591511
vt 0.378362 0.603539
vt 0.380709 0.596607
vt 0.358096 0.621219
vt 0.379318 0.614165
vt 0.354221 0.633080
vt 0.356782 0.620789
vt 0.348916 0.659840
vt 0.352762 0.632520
vt 0.352722 0.683397
vt 0.351063 0.683681
vt 0.350588 0.659946
vt 0.379272 0.640093
vt 0.379555 0.637680
vt 0.357343 0.713350
vt 0.380530 0.659807
vt 0.362253 0.719695
vt 0.360584 0.720193
vt 0.378621 0.691683
vt 0.378676 0.608790
vt 0.379804 0.604077
vt 0.373986 0.712099
vt 0.373005 0.719734
vt 0.364788 0.724158
vt 0.363145 0.724624
vt 0.368022 0.733534
vt 0.366393 0.734044
vt 0.367650 0.731093
vt 0.371833 0.724965
vt 0.372210 0.729860
vt 0.380038 0.620092
vt 0.380179 0.609327
vt 0.380845 0.614745
vt 0.381630 0.620344
vt 0.380945 0.625420
vt 0.382540 0.625674
vt 0.381133 0.637881
vt 0.380855 0.640262
vt 0.379703 0.649881
vt 0.373424 0.724612
vt 0.381318 0.649942
vt 0.374670 0.719418
vt 0.375679 0.711833
vt 0.377042 0.704205
vt 0.378641 0.696603
vt 0.380184 0.689067
vt 0.380197 0.691520
vt 0.381816 0.681614
vt 0.381774 0.688914
vt 0.383591 0.667197
vt 0.383434 0.681459
vt 0.382178 0.659844
vt 0.381961 0.667174
vt 0.528946 0.798454
vt 0.531502 0.794872
vt 0.528943 0.794714
vt 0.526432 0.794301
vt 0.526463 0.792443
vt 0.531542 0.792994
vt 0.534048 0.794797
vt 0.409939 0.601999
vt 0.410653 0.609555
vt 0.408698 0.607444
vt 0.408971 0.609943
vt 0.407006 0.607836
vt 0.405602 0.597637
vt 0.411564 0.585539
vt 0.411564 0.601669
vt 0.405253 0.594944
vt 0.408594 0.582808
vt 0.410250 0.582994
vt 0.406554 0.587600
vt 0.426985 0.624165
vt 0.203415 0.709062
vt 0.198806 0.709502
s 1
usemtl mossy_green_rock18
f 2275/1/2275 1798/2/1798 607/3/607
f 1632/4/1632 3875/5/3875 3491/6/3491
f 2147/7/2147 2811/8/2811 2303/9/2303
f 4251/10/4251 4252/11/4252 2434/12/2434
f 2218/13/2218 1819/14/1819 2219/15/2219
f 3537/16/3537 2744/17/2744 2743/18/2743
f 3499/19/3499 3749/20/3749 4319/21/4319
f 1533/22/1533 457/23/457 2345/24/2345
f 1640/25/1640 1970/26/1970 2502/27/2502
f 3307/28/3307 571/29/571 1811/30/1811
f 3693/31/3693 2264/32/2264 317/33/317
f 3102/34/3102 4202/35/4202 3101/36/3101
f 1354/37/1354 3/38/3 2/39/2
f 3891/40/3891 1895/41/1895 2267/42/2267
f 2892/43/2892 2528/44/2528 2335/45/2335
f 2066/46/2066 1094/47/1094 3676/48/3676
f 3644/49/3644 2712/50/2712 2711/51/2711
f 3924/52/3924 4293/53/4293 3268/54/3268
f 2663/55/2663 3940/56/3940 3712/57/3712
f 1052/58/1052 782/59/782 4178/60/4178
f 3680/61/3680 2951/62/2951 4232/63/4232
f 1792/64/1792 3945/65/3945 2576/66/2576
f 2932/67/2932 2880/68/2880 115/69/115
f 3658/70/3658 3601/71/3601 1460/72/1460
f 2132/73/2132 3521/74/3521 3702/75/3702
f 879/76/879 409/77/409 2694/78/2694
f 437/79/437 1487/80/1487 2569/81/2569
f 2645/82/2645 1183/83/1183 2762/84/2762
f 1654/85/1654 1653/86/1653 1961/87/1961
f 2168/88/2168 3422/89/3422 1938/90/1938
f 1767/91/1767 1507/92/1507 1034/93/1034
f 1688/94/1688 2785/95/2785 2813/96/2813
f 1488/97/1488 3743/98/3743 3867/99/3867
f 2200/100/2200 2202/101/2202 1222/102/1222
f 3490/103/3490 1391/104/1391 3299/105/3299
f 2430/106/2430 184/107/184 2141/108/2141
f 1615/109/1615 1613/110/1613 1614/111/1614
f 4090/112/4090 2145/113/2145 2359/114/2359
f 3024/115/3024 2628/116/2628 2627/117/2627
f 3767/118/3767 12/119/12 3984/120/3984
f 2051/121/2051 774/122/774 2354/123/2354
f 2995/124/2995 4097/125/4097 1289/126/1289
f 392/127/392 3331/128/3331 832/129/832
f 130/130/130 738/131/738 1140/132/1140
f 3829/133/3829 4134/134/4134 4012/135/4012
f 3607/136/3607 4143/137/4143 2363/138/2363
f 1729/139/1729 4308/140/4308 3682/141/3682
f 329/142/329 2113/143/2113 3028/144/3028
f 81/145/81 1109/146/1109 3426/147/3426
f 1019/148/1019 4048/149/4048 2534/150/2534
f 272/151/272 280/80/280 281/152/281
f 3082/153/3082 1406/154/1406 4289/155/4289
f 1479/156/1479 3850/157/3850 1480/158/1480
f 4151/159/4151 4158/160/4158 394/161/394
f 2209/162/2209 3757/163/3757 2210/164/2210
f 2927/165/2927 1671/166/1671 4280/167/4280
f 3682/168/3682 4309/169/4309 2289/170/2289
f 3727/171/3727 3728/172/3728 3022/173/3022
f 751/174/751 158/175/158 750/176/750
f 2518/177/2518 2798/178/2798 841/179/841
f 608/180/608 2086/181/2086 2087/182/2087
f 859/183/859 3785/184/3785 3783/185/3783
f 1275/186/1275 3811/187/3811 3284/188/3284
f 3713/189/3713 3079/190/3079 3259/191/3259
f 4112/192/4112 2464/193/2464 614/194/614
f 2091/195/2091 734/196/734 2509/197/2509
f 145/198/145 779/199/779 410/200/410
f 1520/201/1520 1631/202/1631 2418/203/2418
f 3926/204/3926 604/205/604 1034/206/1034
f 90/207/90 587/208/587 3553/209/3553
f 908/210/908 2627/211/2627 1822/212/1822
f 2023/213/2023 896/214/896 74/215/74
f 3551/216/3551 3865/217/3865 510/218/510
f 3793/219/3793 2210/220/2210 3757/221/3757
f 2293/222/2293 3290/223/3290 3332/224/3332
f 4194/225/4194 2316/226/2316 4035/227/4035
f 4127/228/4127 3959/229/3959 1253/230/1253
f 1587/231/1587 1588/232/1588 1589/233/1589
f 3824/234/3824 132/235/132 1611/236/1611
f 537/237/537 2172/238/2172 166/239/166
f 1200/240/1200 996/241/996 1564/242/1564
f 4020/243/4020 1752/244/1752 3939/245/3939
f 1898/246/1898 2746/247/2746 3899/248/3899
f 951/249/951 4315/250/4315 4250/251/4250
f 622/252/622 3387/253/3387 3388/254/3388
f 1755/255/1755 1756/256/1756 1757/257/1757
f 515/258/515 492/259/492 4323/260/4323
f 2788/261/2788 3969/262/3969 2386/263/2386
f 3382/264/3382 3285/265/3285 1242/266/1242
f 2383/267/2383 1040/268/1040 3379/269/3379
f 2571/270/2571 1122/271/1122 925/272/925
f 1002/273/1002 4207/274/4207 3006/275/3006
f 3940/276/3940 1977/277/1977 1105/278/1105
f 4036/279/4036 2188/280/2188 2709/281/2709
f 4106/282/4106 4104/283/4104 4105/284/4105
f 2928/285/2928 2767/286/2767 690/287/690
f 2561/288/2561 3320/289/3320 2840/290/2840
f 709/291/709 710/292/710 1005/293/1005
f 1603/294/1603 801/295/801 3672/296/3672
f 2005/297/2005 1423/298/1423 932/299/932
f 3258/300/3258 371/301/371 3204/302/3204
f 4256/303/4256 4255/304/4255 3364/305/3364
f 1355/306/1355 796/307/796 3786/308/3786
f 3996/309/3996 765/310/765 1378/311/1378
f 2513/312/2513 476/313/476 3711/314/3711
f 4253/315/4253 3212/316/3212 76/317/76
f 959/318/959 2006/319/2006 773/320/773
f 3924/321/3924 2857/184/2857 1430/322/1430
f 2763/323/2763 2847/324/2847 3710/325/3710
f 3784/326/3784 2252/327/2252 4327/328/4327
f 3193/329/3193 4296/330/4296 37/331/37
f 3444/332/3444 702/333/702 3770/334/3770
f 2016/335/2016 2015/336/2015 1704/337/1704
f 2136/338/2136 4060/339/4060 2467/340/2467
f 2673/341/2673 2351/342/2351 1412/343/1412
f 1469/344/1469 1466/345/1466 1467/346/1467
f 3659/347/3659 3589/348/3589 4218/349/4218
f 389/350/389 3291/351/3291 2483/352/2483
f 1178/353/1178 38/354/38 1839/355/1839
f 945/356/945 374/357/374 4230/358/4230
f 788/359/788 2027/360/2027 761/361/761
f 3496/362/3496 3052/363/3052 648/364/648
f 1558/365/1558 1092/366/1092 1093/367/1093
f 3157/368/3157 2514/369/2514 1624/370/1624
f 1415/371/1415 1669/372/1669 890/373/890
f 898/374/898 979/375/979 2784/376/2784
f 721/377/721 4091/378/4091 1741/379/1741
f 744/380/744 600/381/600 4282/382/4282
f 3735/383/3735 3728/172/3728 3727/171/3727
f 3238/384/3238 1750/385/1750 1887/386/1887
f 3828/387/3828 3531/388/3531 2221/389/2221
f 3927/390/3927 1014/391/1014 1939/392/1939
f 2296/393/2296 267/394/267 1897/395/1897
f 2405/396/2405 1724/397/1724 2635/398/2635
f 41/399/41 2338/400/2338 3624/401/3624
f 3039/402/3039 658/403/658 471/404/471
f 561/405/561 147/406/147 28/407/28
f 1899/408/1899 2137/409/2137 3981/410/3981
f 3154/411/3154 3152/412/3152 3153/413/3153
f 4214/414/4214 3040/415/3040 4215/416/4215
f 705/417/705 902/418/902 2021/419/2021
f 2309/420/2309 2260/421/2260 2482/422/2482
f 2937/423/2937 2936/424/2936 4222/425/4222
f 1504/426/1504 3288/427/3288 3460/428/3460
f 1806/429/1806 3594/430/3594 424/431/424
f 2479/432/2479 1992/433/1992 1993/434/1993
f 1422/435/1422 1421/436/1421 74/437/74
f 3145/438/3145 3060/439/3060 4003/440/4003
f 446/441/446 2711/442/2711 2712/443/2712
f 3289/444/3289 961/445/961 962/446/962
f 2442/447/2442 2950/448/2950 2443/449/2443
f 3838/49/3838 3836/450/3836 3837/451/3837
f 4269/452/4269 2877/453/2877 3384/454/3384
f 3837/455/3837 3836/456/3836 419/457/419
f 520/458/520 631/459/631 3215/460/3215
f 101/461/101 4232/462/4232 1221/463/1221
f 1953/464/1953 765/310/765 1954/465/1954
f 28/466/28 3671/467/3671 1775/468/1775
f 2451/469/2451 3563/470/3563 3074/471/3074
f 2899/472/2899 1228/473/1228 834/474/834
f 2154/475/2154 1930/476/1930 1197/477/1197
f 1347/478/1347 3220/479/3220 2832/480/2832
f 2123/481/2123 764/482/764 1979/483/1979
f 1003/484/1003 2867/485/2867 3609/486/3609
f 2274/487/2274 2374/488/2374 1851/489/1851
f 584/490/584 585/491/585 586/492/586
f 3121/493/3121 2388/494/2388 3295/495/3295
f 2419/496/2419 3489/497/3489 236/498/236
f 3796/499/3796 1243/500/1243 843/501/843
f 993/502/993 3996/309/3996 3426/503/3426
f 1638/504/1638 1186/505/1186 239/506/239
f 314/507/314 1788/508/1788 13/509/13
f 3586/510/3586 385/511/385 3910/512/3910
f 1567/513/1567 2892/514/2892 2337/515/2337
f 3455/516/3455 3408/517/3408 2676/518/2676
f 619/519/619 1534/520/1534 1033/521/1033
f 3100/522/3100 1921/523/1921 4229/524/4229
f 269/525/269 270/526/270 3171/527/3171
f 3698/528/3698 2787/529/2787 839/530/839
f 2422/531/2422 1748/532/1748 1747/533/1747
f 4238/534/4238 1188/535/1188 3932/536/3932
f 3390/537/3390 534/538/534 3238/539/3238
f 1466/540/1466 4051/541/4051 129/542/129
f 4303/543/4303 1519/544/1519 3888/545/3888
f 2213/546/2213 1415/371/1415 2592/547/2592
f 1539/548/1539 1738/549/1738 4157/550/4157
f 1077/551/1077 1026/552/1026 1670/553/1670
f 1262/554/1262 3113/555/3113 631/458/631
f 367/556/367 1278/557/1278 1644/558/1644
f 223/559/223 2522/560/2522 730/561/730
f 4005/562/4005 4216/563/4216 2958/564/2958
f 3762/565/3762 1244/566/1244 1103/567/1103
f 3370/568/3370 2008/569/2008 1280/570/1280
f 3864/571/3864 3862/572/3862 3863/573/3863
f 2879/574/2879 828/575/828 553/576/553
f 3344/577/3344 3345/578/3345 2782/579/2782
f 3345/580/3345 3344/581/3344 2442/582/2442
f 1615/583/1615 3812/584/3812 2531/585/2531
f 2921/586/2921 3117/587/3117 282/588/282
f 1588/589/1588 1587/590/1587 1817/591/1817
f 904/592/904 3606/593/3606 101/594/101
f 2052/595/2052 2620/596/2620 2621/597/2621
f 1886/598/1886 2593/599/2593 347/600/347
f 1044/601/1044 3310/602/3310 3636/603/3636
f 3312/604/3312 219/605/219 218/606/218
f 3026/607/3026 2675/608/2675 3846/609/3846
f 4205/610/4205 808/611/808 1346/612/1346
f 3528/613/3528 1835/614/1835 1834/615/1834
f 6/616/6 4121/617/4121 4122/467/4122
f 4145/618/4145 1128/619/1128 1945/620/1945
f 42/621/42 3202/622/3202 200/623/200
f 2358/624/2358 3579/625/3579 2760/626/2760
f 991/627/991 133/628/133 3824/629/3824
f 2116/630/2116 1758/631/1758 818/632/818
f 3588/633/3588 1323/634/1323 3589/348/3589
f 570/635/570 2369/636/2369 2409/637/2409
f 1558/365/1558 1093/367/1093 643/638/643
f 1751/639/1751 3194/640/3194 3821/641/3821
f 3394/642/3394 2264/643/2264 2265/644/2265
f 867/645/867 361/646/361 868/647/868
f 915/648/915 732/649/732 1042/650/1042
f 2848/651/2848 922/652/922 2318/653/2318
f 1661/654/1661 3433/655/3433 4034/656/4034
f 1521/657/1521 1215/658/1215 185/659/185
f 2858/660/2858 3820/661/3820 2610/662/2610
f 1203/663/1203 1207/664/1207 1876/665/1876
f 1607/666/1607 2543/667/2543 1590/668/1590
f 821/669/821 322/670/322 321/671/321
f 2025/672/2025 2024/673/2024 2551/674/2551
f 1664/675/1664 70/676/70 487/677/487
f 3309/678/3309 3636/679/3636 3310/680/3310
f 3557/681/3557 1399/682/1399 1075/683/1075
f 3297/684/3297 481/685/481 480/686/480
f 4133/687/4133 2662/688/2662 2070/689/2070
f 1991/690/1991 1990/691/1990 2410/692/2410
f 3912/693/3912 3972/694/3972 2126/695/2126
f 2519/696/2519 4321/697/4321 1381/698/1381
f 1010/699/1010 2319/700/2319 2824/701/2824
f 2823/702/2823 3604/703/3604 4215/704/4215
f 3948/705/3948 2701/706/2701 2314/707/2314
f 4208/708/4208 3571/709/3571 2143/710/2143
f 1021/711/1021 1005/712/1005 1004/713/1004
f 3935/714/3935 3254/715/3254 3253/716/3253
f 716/717/716 717/718/717 2115/719/2115
f 4082/720/4082 325/721/325 1952/722/1952
f 141/723/141 142/724/142 4019/725/4019
f 3919/726/3919 82/727/82 2714/728/2714
f 2910/729/2910 912/730/912 1037/731/1037
f 2188/732/2188 2828/733/2828 4211/734/4211
f 1164/735/1164 1163/736/1163 1294/737/1294
f 3652/738/3652 2408/739/2408 690/740/690
f 1770/741/1770 3476/742/3476 1918/743/1918
f 403/744/403 3864/745/3864 1490/746/1490
f 1974/747/1974 3286/748/3286 4304/749/4304
f 556/750/556 1850/751/1850 3943/752/3943
f 2577/753/2577 1453/754/1453 3154/755/3154
f 3859/756/3859 702/333/702 621/757/621
f 1917/758/1917 3385/759/3385 3543/760/3543
f 285/761/285 3088/762/3088 3989/763/3989
f 2640/764/2640 3849/765/3849 886/766/886
f 1008/767/1008 1009/768/1009 689/769/689
f 728/770/728 1165/771/1165 2243/772/2243
f 494/773/494 1202/774/1202 1226/775/1226
f 3987/776/3987 1277/777/1277 2412/778/2412
f 2614/779/2614 3443/780/3443 1800/781/1800
f 2614/779/2614 1800/781/1800 3564/782/3564
f 3465/783/3465 1778/784/1778 1736/785/1736
f 3486/786/3486 3487/787/3487 3488/788/3488
f 3539/789/3539 3197/790/3197 4011/791/4011
f 1572/792/1572 1958/793/1958 1959/794/1959
f 4287/795/4287 2393/796/2393 1836/797/1836
f 4306/798/4306 2334/799/2334 4241/800/4241
f 1099/801/1099 3109/802/3109 701/803/701
f 1781/804/1781 1124/805/1124 507/806/507
f 3747/807/3747 1107/808/1107 533/809/533
f 2487/810/2487 2109/811/2109 3978/812/3978
f 2774/813/2774 1600/814/1600 483/815/483
f 1197/477/1197 938/816/938 3279/817/3279
f 124/818/124 123/819/123 156/820/156
f 2533/821/2533 3759/822/3759 1725/823/1725
f 573/824/573 2658/825/2658 642/826/642
f 785/827/785 2733/828/2733 2649/829/2649
f 936/830/936 3220/831/3220 2719/832/2719
f 3014/833/3014 1704/834/1704 3851/835/3851
f 2491/836/2491 196/837/196 195/838/195
f 1435/839/1435 3733/840/3733 2824/701/2824
f 2367/841/2367 2104/842/2104 2690/843/2690
f 2759/844/2759 2716/845/2716 1352/846/1352
f 164/847/164 85/848/85 163/849/163
f 4263/850/4263 3256/851/3256 893/852/893
f 2747/853/2747 189/854/189 1319/855/1319
f 19/856/19 673/857/673 672/858/672
f 4068/859/4068 1193/860/1193 2004/861/2004
f 3369/862/3369 2370/863/2370 683/864/683
f 2253/865/2253 3882/866/3882 3880/867/3880
f 2175/868/2175 1290/869/1290 1472/870/1472
f 496/871/496 2614/872/2614 3564/873/3564
f 1932/874/1932 1559/875/1559 2659/876/2659
f 3530/877/3530 4009/878/4009 3179/879/3179
f 1027/880/1027 4109/881/4109 3085/882/3085
f 3444/883/3444 3443/780/3443 2614/779/2614
f 1144/884/1144 1842/885/1842 15/886/15
f 3794/887/3794 1084/888/1084 381/889/381
f 2088/890/2088 4242/891/4242 2859/892/2859
f 358/893/358 2214/894/2214 1795/895/1795
f 2371/896/2371 1022/897/1022 2151/898/2151
f 1964/899/1964 3427/900/3427 843/901/843
f 170/902/170 4165/903/4165 1885/904/1885
f 1479/905/1479 2162/906/2162 330/907/330
f 3535/908/3535 830/909/830 1728/910/1728
f 2088/911/2088 2512/912/2512 2013/913/2013
f 580/914/580 429/915/429 3628/916/3628
f 4207/917/4207 3691/918/3691 2254/919/2254
f 3072/920/3072 761/921/761 1335/922/1335
f 2158/923/2158 2156/924/2156 2157/925/2157
f 23/926/23 24/927/24 3941/928/3941
f 2524/929/2524 113/930/113 2717/931/2717
f 1454/932/1454 1452/933/1452 1453/385/1453
f 4202/934/4202 4080/935/4080 4081/328/4081
f 1475/936/1475 3017/937/3017 3835/938/3835
f 4242/939/4242 209/940/209 1179/941/1179
f 3900/942/3900 2601/943/2601 3838/944/3838
f 4042/945/4042 2102/946/2102 620/947/620
f 2265/948/2265 3910/949/3910 4255/304/4255
f 2934/950/2934 1072/951/1072 1150/952/1150
f 1147/953/1147 1487/954/1487 1148/955/1148
f 736/956/736 667/957/667 1139/958/1139
f 2144/959/2144 3687/960/3687 3876/961/3876
f 1436/962/1436 703/963/703 3036/964/3036
f 3448/835/3448 1534/965/1534 2546/966/2546
f 29/967/29 447/968/447 2727/969/2727
f 4154/970/4154 4153/971/4153 462/972/462
f 510/218/510 509/973/509 2331/974/2331
f 1861/975/1861 3771/976/3771 1173/977/1173
f 515/258/515 2842/978/2842 2841/979/2841
f 3511/510/3511 3509/980/3509 3510/981/3510
f 3064/982/3064 4258/983/4258 1409/984/1409
f 2390/985/2390 80/986/80 2493/987/2493
f 4074/988/4074 1181/51/1181 647/989/647
f 2615/990/2615 975/991/975 2289/992/2289
f 3751/993/3751 2108/994/2108 2618/995/2618
f 1344/996/1344 3496/362/3496 2095/997/2095
f 51/998/51 2765/999/2765 1616/1000/1616
f 3109/1001/3109 3859/1002/3859 621/1003/621
f 2429/1004/2429 2428/1005/2428 1220/1006/1220
f 1983/1007/1983 2423/1008/2423 1899/1009/1899
f 4052/1010/4052 1251/1011/1251 4288/1012/4288
f 4176/1013/4176 4024/1014/4024 3395/1015/3395
f 1049/1016/1049 1864/1017/1864 969/1018/969
f 2409/1019/2409 3213/1020/3213 1334/1021/1334
f 1563/1022/1563 745/1023/745 1506/1024/1506
f 2456/1025/2456 2455/1026/2455 2040/1027/2040
f 1879/1028/1879 4186/1029/4186 1988/1030/1988
f 983/1031/983 2240/1032/2240 604/205/604
f 280/1033/280 4219/1034/4219 4203/1035/4203
f 2232/1036/2232 758/1037/758 757/1038/757
f 3760/1039/3760 1021/711/1021 1004/713/1004
f 1305/1040/1305 1307/1041/1307 2450/1042/2450
f 3243/1043/3243 1033/1044/1033 3447/1045/3447
f 3443/780/3443 3770/1046/3770 3896/1047/3896
f 2283/1048/2283 1694/1049/1694 2648/1050/2648
f 2764/1051/2764 465/1052/465 1169/1053/1169
f 3207/1054/3207 1171/1055/1171 159/1056/159
f 522/1057/522 1732/1058/1732 291/1059/291
f 3908/1060/3908 3763/1061/3763 3044/1062/3044
f 4263/1063/4263 4261/1064/4261 4262/1065/4262
f 3648/1066/3648 3800/1067/3800 3124/1068/3124
f 1180/1069/1180 2956/1070/2956 782/1071/782
f 466/1072/466 2177/1073/2177 3484/1074/3484
f 968/1075/968 2226/1076/2226 402/1077/402
f 1081/1078/1081 568/1079/568 3853/1080/3853
f 1849/1081/1849 2447/1082/2447 2446/1083/2446
f 1000/1084/1000 3116/1085/3116 999/1086/999
f 2633/1087/2633 3873/1088/3873 2787/1089/2787
f 2973/1090/2973 2544/1091/2544 2543/667/2543
f 3132/1092/3132 78/1093/78 2524/929/2524
f 4125/1094/4125 3378/1095/3378 1639/1096/1639
f 4220/1097/4220 1809/1098/1809 4219/1099/4219
f 2561/1100/2561 2190/1101/2190 4264/1102/4264
f 2068/1103/2068 2067/1104/2067 3092/1105/3092
f 4070/1106/4070 683/1107/683 2370/1108/2370
f 676/1109/676 4265/1110/4265 2448/1111/2448
f 957/1112/957 955/1086/955 956/1113/956
f 1065/1114/1065 1064/1115/1064 1299/1116/1299
f 1515/1117/1515 1566/1118/1566 1514/1119/1514
f 1298/1120/1298 762/1121/762 2065/1122/2065
f 3063/1123/3063 2638/1124/2638 921/1125/921
f 1240/1126/1240 3805/1127/3805 1753/1128/1753
f 1451/1129/1451 1836/1130/1836 3771/1131/3771
f 3802/1132/3802 812/1133/812 2510/1134/2510
f 2508/1135/2508 3217/1136/3217 3328/1137/3328
f 1739/1138/1739 4004/1139/4004 2801/1140/2801
f 2531/1141/2531 3813/1142/3813 3814/1143/3814
f 3746/1144/3746 3747/1145/3747 3748/1146/3748
f 1948/1147/1948 2093/1148/2093 2094/1149/2094
f 389/350/389 4325/1150/4325 4241/800/4241
f 745/1151/745 2742/1152/2742 227/1153/227
f 2485/1154/2485 2854/1155/2854 897/1156/897
f 1258/1157/1258 662/1158/662 661/1159/661
f 3572/1160/3572 4179/1161/4179 2121/1162/2121
f 1113/1163/1113 233/1164/233 3890/1165/3890
f 1074/1166/1074 3098/1167/3098 1799/1168/1799
f 1823/1169/1823 2102/1170/2102 3388/1171/3388
f 798/1172/798 132/1173/132 663/1174/663
f 2354/1175/2354 1592/1176/1592 2974/1177/2974
f 1051/1178/1051 2654/1179/2654 3376/1180/3376
f 4140/1181/4140 2804/1182/2804 3944/1183/3944
f 237/1184/237 2109/811/2109 1325/1185/1325
f 1292/1186/1292 2324/1187/2324 1186/505/1186
f 3273/1188/3273 3430/1189/3430 1082/1190/1082
f 2503/1191/2503 1503/1192/1503 1061/1193/1061
f 4165/1194/4165 4163/1195/4163 4164/1196/4164
f 1709/380/1709 3804/1197/3804 3150/1198/3150
f 4313/1199/4313 4320/1200/4320 1723/1201/1723
f 1986/1202/1986 2541/1203/2541 3334/1204/3334
f 3994/1205/3994 3050/1206/3050 3411/1207/3411
f 1922/1208/1922 3815/1209/3815 2030/1210/2030
f 4209/1211/4209 929/1212/929 1104/1213/1104
f 1586/1214/1586 4317/1215/4317 2888/1216/2888
f 4192/1217/4192 1496/1218/1496 4191/1219/4191
f 1903/1220/1903 2322/1221/2322 3248/1222/3248
f 2108/1223/2108 3751/1224/3751 4314/1225/4314
f 2981/1226/2981 1673/1227/1673 2980/111/2980
f 1392/1228/1392 1126/1229/1126 1125/1230/1125
f 702/333/702 4309/1231/4309 4308/140/4308
f 2827/1232/2827 396/1233/396 395/1234/395
f 4293/1235/4293 46/1236/46 625/1237/625
f 3961/1238/3961 3962/1239/3962 3963/1240/3963
f 1811/1241/1811 571/1242/571 777/1243/777
f 3816/1244/3816 710/1245/710 3723/1246/3723
f 4187/1247/4187 4186/1248/4186 1878/1249/1878
f 4312/1250/4312 4310/1251/4310 4311/1252/4311
f 1940/1253/1940 4262/1254/4262 4261/1255/4261
f 864/1256/864 865/1257/865 906/1258/906
f 3120/1259/3120 3976/1260/3976 901/1261/901
f 1639/1262/1639 1967/1263/1967 1288/1264/1288
f 2548/1265/2548 1160/1266/1160 2414/1267/2414
f 3985/1268/3985 1063/1269/1063 1062/1270/1062
f 3896/1047/3896 636/1271/636 3897/1272/3897
f 2037/1273/2037 3044/1274/3044 3798/1275/3798
f 3312/604/3312 891/1276/891 219/605/219
f 1928/1277/1928 2196/1278/2196 2835/1279/2835
f 1058/1280/1058 1059/1281/1059 1060/1282/1060
f 990/1283/990 3523/1284/3523 916/1285/916
f 855/1286/855 3872/1287/3872 3870/1288/3870
f 3831/1289/3831 1542/1290/1542 345/1291/345
f 3108/1292/3108 2433/1293/2433 2432/1294/2432
f 1837/1295/1837 316/1296/316 600/1297/600
f 1274/1298/1274 3373/1299/3373 3223/1300/3223
f 3464/1301/3464 3835/1302/3835 3018/1303/3018
f 3816/1304/3816 1057/1305/1057 1434/1306/1434
f 2941/1307/2941 1330/1308/1330 1329/1309/1329
f 775/1310/775 1687/1311/1687 3404/1312/3404
f 2882/1313/2882 2093/1314/2093 832/1315/832
f 3354/1316/3354 4320/1317/4320 4321/1318/4321
f 2850/1319/2850 3053/1320/3053 1937/1321/1937
f 795/1322/795 2140/1323/2140 3480/1324/3480
f 1100/1325/1100 2626/1326/2626 2193/1327/2193
f 1031/1328/1031 2173/1329/2173 743/1330/743
f 429/915/429 3802/1331/3802 3093/1332/3093
f 3869/1333/3869 482/1334/482 107/1335/107
f 2564/1336/2564 3462/1337/3462 2921/1338/2921
f 1531/1339/1531 1757/1340/1757 1756/1341/1756
f 1172/1342/1172 2372/1343/2372 3254/715/3254
f 1807/1344/1807 3843/1345/3843 3393/1346/3393
f 1590/668/1590 4162/1347/4162 1591/1348/1591
f 1311/1349/1311 2290/1350/2290 1312/1351/1312
f 1057/1305/1057 3951/1352/3951 3755/1353/3755
f 347/600/347 2593/599/2593 2592/547/2592
f 1380/1354/1380 3302/1355/3302 3301/1356/3301
f 2185/1357/2185 2937/1358/2937 2368/1359/2368
f 22/1360/22 2882/1361/2882 3246/1362/3246
f 1856/1363/1856 1855/1364/1855 1242/266/1242
f 1261/1365/1261 520/1366/520 1826/1367/1826
f 108/1368/108 3963/1369/3963 3322/1370/3322
f 3983/1371/3983 3682/141/3682 4330/1372/4330
f 3508/1373/3508 43/1374/43 899/1375/899
f 461/1376/461 3175/1377/3175 3913/1378/3913
f 2123/481/2123 4115/1379/4115 1390/1380/1390
f 3253/1381/3253 3254/1382/3254 4328/1383/4328
f 3661/1384/3661 1901/1385/1901 1158/1386/1158
f 3464/1387/3464 1967/1388/1967 2194/1389/2194
f 2856/1390/2856 3924/1391/3924 3268/1392/3268
f 378/1393/378 3107/1394/3107 2832/1395/2832
f 2302/1396/2302 3742/1397/3742 2881/1398/2881
f 3067/1399/3067 805/1400/805 804/1401/804
f 2656/1402/2656 2655/1403/2655 1493/1404/1493
f 1450/1405/1450 3597/1406/3597 4287/1407/4287
f 3742/1397/3742 1277/777/1277 1276/1408/1276
f 1276/1408/1276 12/119/12 1179/941/1179
f 12/119/12 4149/1409/4149 2494/1410/2494
f 1179/941/1179 12/119/12 2494/1410/2494
f 2494/1410/2494 2859/1411/2859 1179/941/1179
f 2881/1398/2881 3742/1397/3742 1798/2/1798
f 3742/1397/3742 1276/1408/1276 607/3/607
f 2148/1412/2148 45/1413/45 1136/1414/1136
f 45/1413/45 1637/1415/1637 2661/1416/2661
f 1136/1414/1136 45/1413/45 1331/1417/1331
f 1637/1415/1637 2881/1398/2881 2661/1416/2661
f 3742/1397/3742 607/3/607 1798/2/1798
f 209/940/209 3736/1418/3736 3212/1419/3212
f 1276/1408/1276 1179/941/1179 209/940/209
f 45/1413/45 2661/1416/2661 1331/1417/1331
f 3442/1420/3442 3281/1421/3281 1136/1414/1136
f 1276/1408/1276 209/940/209 4015/1422/4015
f 209/940/209 3212/1419/3212 4084/1423/4084
f 4084/1423/4084 4253/1424/4253 2822/1425/2822
f 4253/1424/4253 4254/1426/4254 2822/1425/2822
f 209/940/209 4084/1423/4084 4015/1422/4015
f 3442/1420/3442 1136/1414/1136 918/1427/918
f 1136/1414/1136 1331/1417/1331 918/1427/918
f 1740/1428/1740 421/1429/421 3442/1420/3442
f 46/1236/46 47/1430/47 1740/1428/1740
f 103/1431/103 625/1237/625 46/1236/46
f 337/1432/337 338/1433/338 339/1434/339
f 103/1431/103 46/1236/46 1740/1428/1740
f 337/1432/337 339/1434/339 918/1427/918
f 339/1434/339 103/1431/103 918/1427/918
f 1331/1417/1331 917/1435/917 918/1427/918
f 103/1431/103 1740/1428/1740 918/1427/918
f 1740/1428/1740 3442/1420/3442 918/1427/918
f 2822/1425/2822 3162/1436/3162 4015/1422/4015
f 4084/1423/4084 2822/1425/2822 4015/1422/4015
f 1831/1437/1831 2521/1438/2521 1331/1417/1331
f 1798/2/1798 4208/708/4208 2661/1416/2661
f 2661/1416/2661 1831/1437/1831 1331/1417/1331
f 1276/1408/1276 4015/1422/4015 4089/1439/4089
f 2275/1/2275 271/1440/271 1798/2/1798
f 1798/2/1798 2661/1416/2661 2881/1398/2881
f 1276/1408/1276 4089/1439/4089 607/3/607
f 607/3/607 606/1441/606 2275/1/2275
f 3491/6/3491 2879/574/2879 1632/4/1632
f 1632/4/1632 3768/1442/3768 3875/5/3875
f 2147/7/2147 342/1443/342 2811/8/2811
f 2434/12/2434 3619/1444/3619 3620/1445/3620
f 3620/1445/3620 4251/10/4251 2434/12/2434
f 2218/13/2218 1786/1446/1786 1819/14/1819
f 1786/1446/1786 2784/376/2784 1819/14/1819
f 2784/376/2784 1818/1447/1818 1819/14/1819
f 2630/1448/2630 3277/1449/3277 3013/1450/3013
f 3277/1449/3277 3347/1451/3347 3013/1450/3013
f 1819/14/1819 2630/1448/2630 2219/15/2219
f 2219/15/2219 2630/1448/2630 3013/1450/3013
f 2219/15/2219 64/1452/64 2885/1453/2885
f 2885/1453/2885 2218/13/2218 2219/15/2219
f 4300/1454/4300 4301/1455/4301 2743/18/2743
f 4301/1455/4301 2700/1456/2700 2743/18/2743
f 2700/1456/2700 3537/16/3537 2743/18/2743
f 1106/1457/1106 552/1458/552 1606/1459/1606
f 1606/1459/1606 2545/1460/2545 1943/1461/1943
f 1943/1461/1943 1386/1462/1386 631/1463/631
f 1943/1461/1943 631/1463/631 3113/1464/3113
f 1106/1457/1106 1606/1459/1606 2910/1465/2910
f 1606/1459/1606 1943/1461/1943 3113/1464/3113
f 2651/1466/2651 386/1467/386 1848/1468/1848
f 386/1467/386 3790/1469/3790 1848/1468/1848
f 1606/1459/1606 3113/1464/3113 1414/1470/1414
f 1606/1459/1606 1414/1470/1414 2910/1465/2910
f 3113/1464/3113 3730/1471/3730 1659/1472/1659
f 3730/1471/3730 1262/1473/1262 1261/1474/1261
f 1659/1472/1659 3216/1475/3216 1414/1470/1414
f 3730/1471/3730 1261/1474/1261 1659/1472/1659
f 3113/1464/3113 1659/1472/1659 1414/1470/1414
f 1414/1470/1414 3799/1476/3799 3159/1477/3159
f 1414/1470/1414 3159/1477/3159 827/1478/827
f 3159/1477/3159 4169/1479/4169 4126/1480/4126
f 1414/1470/1414 827/1478/827 2910/1465/2910
f 3159/1477/3159 4126/1480/4126 2007/1481/2007
f 3868/1482/3868 1833/1483/1833 1832/1484/1832
f 3790/1469/3790 1106/1457/1106 469/1485/469
f 1833/1483/1833 3868/1482/3868 4126/1480/4126
f 4284/1486/4284 1863/1487/1863 2652/1488/2652
f 1863/1487/1863 2651/1466/2651 2652/1488/2652
f 2652/1488/2652 1362/1489/1362 4284/1486/4284
f 1848/1468/1848 4155/1490/4155 2651/1466/2651
f 4155/1490/4155 2652/1488/2652 2651/1466/2651
f 469/1485/469 471/1491/471 1848/1468/1848
f 1266/1492/1266 470/1493/470 3416/1494/3416
f 3038/1495/3038 3894/1496/3894 3895/1497/3895
f 2532/1498/2532 3039/1499/3039 3038/1495/3038
f 2458/1500/2458 658/1501/658 2532/1498/2532
f 1761/1502/1761 2843/1503/2843 2458/1500/2458
f 3752/1504/3752 2868/1505/2868 1761/1502/1761
f 4121/1506/4121 876/1507/876 3752/1504/3752
f 4183/1508/4183 6/1509/6 4122/1510/4122
f 3611/1511/3611 4183/1508/4183 4122/1510/4122
f 2420/1512/2420 2421/1513/2421 4122/1510/4122
f 2421/1513/2421 3611/1511/3611 4122/1510/4122
f 935/1514/935 934/1515/934 2420/1512/2420
f 2705/1516/2705 2706/1517/2706 935/1514/935
f 3186/1518/3186 4221/1519/4221 2705/1516/2705
f 3707/1520/3707 3314/1521/3314 3186/1518/3186
f 3339/1522/3339 1703/1523/1703 3707/1520/3707
f 4170/1524/4170 1845/1525/1845 2422/531/2422
f 1845/1525/1845 3339/1522/3339 2422/531/2422
f 2422/531/2422 3339/1522/3339 1748/532/1748
f 1749/1526/1749 1747/533/1747 1748/532/1748
f 1531/1527/1531 2865/1528/2865 1749/1526/1749
f 1757/257/1757 1531/1527/1531 3707/1520/3707
f 1531/1527/1531 1749/1526/1749 3339/1522/3339
f 3707/1520/3707 1531/1527/1531 3339/1522/3339
f 1749/1526/1749 1748/532/1748 3339/1522/3339
f 3556/1529/3556 1607/1530/1607 1755/255/1755
f 1755/255/1755 1757/257/1757 3186/1518/3186
f 3707/1520/3707 3186/1518/3186 1757/257/1757
f 3556/1529/3556 1755/255/1755 935/1514/935
f 2705/1516/2705 1755/255/1755 3186/1518/3186
f 1203/1531/1203 2973/1532/2973 2458/1500/2458
f 2973/1532/2973 3556/1529/3556 3752/1504/3752
f 405/1533/405 3974/1534/3974 1207/1535/1207
f 2973/1532/2973 3752/1504/3752 1761/1502/1761
f 1755/255/1755 2705/1516/2705 935/1514/935
f 2910/1465/2910 405/1533/405 3416/1494/3416
f 405/1533/405 1207/1535/1207 1266/1492/1266
f 1207/1535/1207 1203/1531/1203 2532/1498/2532
f 1207/1535/1207 3895/1497/3895 1266/1492/1266
f 935/1514/935 2420/1512/2420 3752/1504/3752
f 2420/1512/2420 4122/1510/4122 4121/1506/4121
f 935/1514/935 3752/1504/3752 3556/1529/3556
f 405/1533/405 1266/1492/1266 3416/1494/3416
f 3895/1497/3895 1207/1535/1207 3038/1495/3038
f 827/1478/827 912/1536/912 2910/1465/2910
f 3370/1537/3370 826/1538/826 827/1478/827
f 466/1539/466 2008/1540/2008 2007/1481/2007
f 2007/1481/2007 3370/1537/3370 827/1478/827
f 3249/1541/3249 466/1539/466 2007/1481/2007
f 2178/1542/2178 2177/1543/2177 3249/1541/3249
f 3623/1544/3623 2965/1545/2965 3868/1482/3868
f 3868/1482/3868 2178/1542/2178 3249/1541/3249
f 3249/1541/3249 2007/1481/2007 4126/1480/4126
f 2007/1481/2007 827/1478/827 3159/1477/3159
f 1106/1457/1106 2910/1465/2910 3416/1494/3416
f 3868/1482/3868 3249/1541/3249 4126/1480/4126
f 3790/1469/3790 469/1485/469 1848/1468/1848
f 2420/1512/2420 4121/1506/4121 3752/1504/3752
f 1761/1502/1761 2458/1500/2458 2973/1532/2973
f 2532/1498/2532 3038/1495/3038 1207/1535/1207
f 2458/1500/2458 2532/1498/2532 1203/1531/1203
f 1106/1457/1106 3416/1494/3416 469/1485/469
f 4324/1546/4324 3289/1547/3289 3623/1544/3623
f 3623/1544/3623 3868/1482/3868 1832/1484/1832
f 3738/1548/3738 4167/1549/4167 4324/1546/4324
f 4324/1546/4324 3623/1544/3623 3499/19/3499
f 2352/1550/2352 3738/1548/3738 4324/1546/4324
f 1159/1551/1159 1160/1552/1160 2352/1550/2352
f 2415/1553/2415 2414/1554/2414 1159/1551/1159
f 4319/21/4319 3141/1555/3141 2415/1553/2415
f 2049/1556/2049 336/1557/336 4319/21/4319
f 3184/1558/3184 299/1559/299 2049/1556/2049
f 2935/1560/2935 3151/1561/3151 3184/1558/3184
f 1962/1562/1962 3420/1563/3420 2935/1560/2935
f 3449/1564/3449 1963/1565/1963 1962/1562/1962
f 568/1566/568 567/1567/567 3449/1564/3449
f 120/1568/120 1081/1569/1081 3853/1570/3853
f 3853/1570/3853 568/1566/568 3449/1564/3449
f 3449/1564/3449 1962/1562/1962 102/1571/102
f 1962/1562/1962 2935/1560/2935 102/1571/102
f 3184/1558/3184 2049/1556/2049 3749/20/3749
f 2049/1556/2049 4319/21/4319 3749/20/3749
f 3853/1570/3853 3449/1564/3449 1038/1572/1038
f 1038/1572/1038 3449/1564/3449 1537/1573/1537
f 2935/1560/2935 3184/1558/3184 3749/20/3749
f 4319/21/4319 2415/1553/2415 3499/19/3499
f 2415/1553/2415 1159/1551/1159 3499/19/3499
f 1159/1551/1159 2352/1550/2352 3499/19/3499
f 2352/1550/2352 4324/1546/4324 3499/19/3499
f 3916/1574/3916 3649/1575/3649 3917/1576/3917
f 3649/1575/3649 120/1568/120 3917/1576/3917
f 120/1568/120 3853/1570/3853 121/1577/121
f 1537/1573/1537 3449/1564/3449 102/1571/102
f 121/1577/121 3853/1570/3853 1038/1572/1038
f 3499/19/3499 3623/1544/3623 1832/1484/1832
f 1382/1578/1382 4022/1579/4022 4023/1580/4023
f 3780/1581/3780 2799/1582/2799 249/1583/249
f 1382/1578/1382 4023/1580/4023 3780/1581/3780
f 1426/1584/1426 1382/1578/1382 3780/1581/3780
f 249/1583/249 248/1585/248 2946/1586/2946
f 1426/1584/1426 3780/1581/3780 249/1583/249
f 3917/1576/3917 120/1568/120 121/1577/121
f 3578/1587/3578 3417/1588/3417 121/1577/121
f 3417/1588/3417 3917/1576/3917 121/1577/121
f 1038/1572/1038 1039/1589/1039 121/1577/121
f 1426/1584/1426 249/1583/249 624/1590/624
f 249/1583/249 2946/1586/2946 1872/1591/1872
f 1872/1591/1872 1873/1592/1873 1513/1593/1513
f 249/1583/249 1872/1591/1872 1513/1593/1513
f 1537/1573/1537 3500/1594/3500 1038/1572/1038
f 249/1583/249 1513/1593/1513 624/1590/624
f 1513/1593/1513 1512/1595/1512 1794/1596/1794
f 1794/1596/1794 3463/1597/3463 2710/1598/2710
f 2710/1598/2710 2853/1599/2853 2461/1600/2461
f 2853/1599/2853 1320/1601/1320 2461/1600/2461
f 2461/1600/2461 3544/1602/3544 624/1590/624
f 1513/1593/1513 1794/1596/1794 624/1590/624
f 1794/1596/1794 2710/1598/2710 2461/1600/2461
f 1794/1596/1794 2461/1600/2461 624/1590/624
f 1833/1483/1833 3066/1603/3066 1832/1484/1832
f 1426/1584/1426 624/1590/624 1833/1483/1833
f 102/1571/102 1536/1604/1536 1537/1573/1537
f 3749/20/3749 4065/1605/4065 102/1571/102
f 1832/1484/1832 2587/1606/2587 3499/19/3499
f 3749/20/3749 102/1571/102 2935/1560/2935
f 4126/1480/4126 1426/1584/1426 1833/1483/1833
f 36/1607/36 35/1608/35 2844/1609/2844
f 2844/1609/2844 3778/1610/3778 2435/1611/2435
f 2435/1611/2435 2340/1612/2340 3182/1613/3182
f 2340/1612/2340 2503/1191/2503 3182/1613/3182
f 2503/1191/2503 2507/1614/2507 1854/1615/1854
f 1944/1616/1944 2692/1617/2692 3982/1618/3982
f 2692/1617/2692 3983/1371/3983 3982/1618/3982
f 2503/1191/2503 1854/1615/1854 802/1619/802
f 3182/1613/3182 2503/1191/2503 1113/1163/1113
f 1854/1615/1854 1944/1616/1944 2972/1620/2972
f 3982/1618/3982 975/991/975 1944/1616/1944
f 975/991/975 1618/1621/1618 1944/1616/1944
f 2522/560/2522 1944/1616/1944 1618/1621/1618
f 2844/1609/2844 2435/1611/2435 3182/1613/3182
f 992/1622/992 34/1623/34 36/1607/36
f 36/1607/36 2844/1609/2844 992/1622/992
f 1944/1616/1944 2522/560/2522 2972/1620/2972
f 1618/1621/1618 2615/990/2615 496/871/496
f 2844/1609/2844 3182/1613/3182 1954/465/1954
f 48/1624/48 2844/1609/2844 765/310/765
f 48/1624/48 3996/309/3996 992/1622/992
f 1954/465/1954 765/310/765 2844/1609/2844
f 3775/1625/3775 4082/720/4082 3182/1613/3182
f 4082/720/4082 1954/465/1954 3182/1613/3182
f 3182/1613/3182 3402/1626/3402 3775/1625/3775
f 2371/896/2371 1113/1163/1113 802/1619/802
f 802/1619/802 1113/1163/1113 2503/1191/2503
f 802/1619/802 2364/1627/2364 2371/896/2371
f 2713/1628/2713 1015/1629/1015 1323/634/1323
f 1015/1629/1015 3927/390/3927 1854/1615/1854
f 1323/634/1323 1015/1629/1015 1854/1615/1854
f 4218/349/4218 3589/348/3589 891/1276/891
f 3589/348/3589 1323/634/1323 891/1276/891
f 891/1276/891 4217/1630/4217 4218/349/4218
f 2972/1620/2972 218/606/218 219/605/219
f 2972/1620/2972 219/605/219 1854/1615/1854
f 219/605/219 891/1276/891 1854/1615/1854
f 2522/560/2522 2838/1631/2838 4031/1632/4031
f 4031/1632/4031 2972/1620/2972 2522/560/2522
f 891/1276/891 1323/634/1323 1854/1615/1854
f 3302/1355/3302 3886/1633/3886 3301/1356/3301
f 3886/1633/3886 2522/560/2522 496/871/496
f 3301/1356/3301 3886/1633/3886 2037/1273/2037
f 1381/698/1381 1380/1354/1380 3301/1356/3301
f 2037/1273/2037 3886/1633/3886 3777/1634/3777
f 1570/1635/1570 1381/698/1381 3301/1356/3301
f 2037/1273/2037 1570/1635/1570 3301/1356/3301
f 3777/1634/3777 3886/1633/3886 496/871/496
f 535/1636/535 3287/1637/3287 3777/1634/3777
f 496/871/496 2522/560/2522 1618/1621/1618
f 535/1636/535 3777/1634/3777 496/871/496
f 3927/390/3927 802/1619/802 1854/1615/1854
f 771/1638/771 3579/625/3579 2358/624/2358
f 2358/624/2358 535/1636/535 3564/873/3564
f 581/1639/581 771/1638/771 670/1640/670
f 771/1638/771 2358/624/2358 670/1640/670
f 1209/1641/1209 369/1642/369 670/1640/670
f 670/1640/670 2358/624/2358 2436/1643/2436
f 1303/1644/1303 1247/1645/1247 1209/1641/1209
f 1209/1641/1209 670/1640/670 2436/1643/2436
f 535/1636/535 496/871/496 3564/873/3564
f 48/1624/48 992/1622/992 2844/1609/2844
f 1303/1644/1303 1209/1641/1209 2076/1646/2076
f 1209/1641/1209 2436/1643/2436 2982/1647/2982
f 739/1648/739 1912/1649/1912 1911/1650/1911
f 2358/624/2358 3564/873/3564 1800/1651/1800
f 1800/1651/1800 3897/1652/3897 636/1653/636
f 1209/1641/1209 2982/1647/2982 2076/1646/2076
f 2358/624/2358 1800/1651/1800 636/1653/636
f 2358/624/2358 636/1653/636 2436/1643/2436
f 636/1653/636 3108/1292/3108 2432/1294/2432
f 2432/1294/2432 2433/1293/2433 3705/1654/3705
f 3705/1654/3705 788/1655/788 787/1656/787
f 787/1656/787 2861/1657/2861 246/1658/246
f 246/1658/246 964/1659/964 273/1660/273
f 2432/1294/2432 3705/1654/3705 787/1656/787
f 636/1653/636 2432/1294/2432 2436/1643/2436
f 2432/1294/2432 787/1656/787 246/1658/246
f 2432/1294/2432 246/1658/246 273/1660/273
f 3540/1661/3540 740/1662/740 739/1648/739
f 3128/1663/3128 1716/1664/1716 3540/1661/3540
f 3361/1665/3361 3362/1666/3362 3128/1663/3128
f 2282/1667/2282 1765/1668/1765 3361/1665/3361
f 3147/1669/3147 2283/1048/2283 2282/1667/2282
f 656/1670/656 1694/1049/1694 3147/1669/3147
f 193/1671/193 655/1672/655 192/1673/192
f 655/1672/655 656/1670/656 192/1673/192
f 638/1674/638 639/1675/639 192/1673/192
f 656/1670/656 3147/1669/3147 2495/1676/2495
f 3147/1669/3147 2282/1667/2282 2495/1676/2495
f 2282/1667/2282 3361/1665/3361 2495/1676/2495
f 3361/1665/3361 3128/1663/3128 2495/1676/2495
f 3128/1663/3128 3540/1661/3540 2495/1676/2495
f 3540/1661/3540 739/1648/739 2495/1676/2495
f 656/1670/656 2495/1676/2495 192/1673/192
f 192/1673/192 2495/1676/2495 638/1674/638
f 1937/1321/1937 3053/1320/3053 638/1674/638
f 1301/1677/1301 215/1678/215 1937/1321/1937
f 1937/1321/1937 638/1674/638 2241/1679/2241
f 638/1674/638 2495/1676/2495 2241/1679/2241
f 739/1648/739 1911/1650/1911 2495/1676/2495
f 1301/1677/1301 1937/1321/1937 2241/1679/2241
f 2432/1294/2432 273/1660/273 2436/1643/2436
f 2982/1647/2982 2983/1680/2983 2076/1646/2076
f 457/23/457 1301/1677/1301 2241/1679/2241
f 1877/1681/1877 458/1682/458 457/23/457
f 1212/1683/1212 1359/1684/1359 1877/1681/1877
f 2653/1685/2653 1360/1686/1360 1212/1683/1212
f 633/1687/633 1871/1688/1871 2653/1685/2653
f 634/1689/634 632/1690/632 633/1687/633
f 2994/1691/2994 1707/1692/1707 1264/1693/1264
f 1707/1692/1707 634/1689/634 1264/1693/1264
f 1264/1693/1264 519/1694/519 2994/1691/2994
f 1269/1695/1269 1268/1696/1268 749/1697/749
f 749/1697/749 1264/1693/1264 634/1689/634
f 634/1689/634 633/1687/633 749/1697/749
f 633/1687/633 2653/1685/2653 749/1697/749
f 2653/1685/2653 1212/1683/1212 749/1697/749
f 1212/1683/1212 1877/1681/1877 749/1697/749
f 1877/1681/1877 457/23/457 749/1697/749
f 1336/1698/1336 1267/1699/1267 1269/1695/1269
f 1269/1695/1269 749/1697/749 1336/1698/1336
f 749/1697/749 457/23/457 1533/22/1533
f 1336/1698/1336 749/1697/749 1485/1700/1485
f 1485/1700/1485 1337/1701/1337 1336/1698/1336
f 1485/1700/1485 749/1697/749 1533/22/1533
f 1533/22/1533 1484/1702/1484 1485/1700/1485
f 3480/1324/3480 2140/1323/2140 2360/1703/2360
f 795/1322/795 3480/1324/3480 2360/1703/2360
f 800/1704/800 795/1322/795 799/1705/799
f 795/1322/795 2360/1703/2360 2270/1706/2270
f 799/1705/799 795/1322/795 2270/1706/2270
f 1910/1707/1910 151/1708/151 799/1705/799
f 1910/1707/1910 799/1705/799 1100/1325/1100
f 1935/1709/1935 1473/1710/1473 1910/1707/1910
f 27/1711/27 1980/1712/1980 1935/1709/1935
f 1717/1713/1717 1718/1714/1718 343/1715/343
f 2929/1716/2929 1717/1713/1717 343/1715/343
f 368/1717/368 1574/1718/1574 1573/1719/1573
f 1574/1718/1574 263/1720/263 1573/1719/1573
f 2929/1716/2929 343/1715/343 2165/1721/2165
f 343/1715/343 27/1711/27 2181/1722/2181
f 2492/1723/2492 1573/1719/1573 2165/1721/2165
f 1573/1719/1573 263/1720/263 2165/1721/2165
f 3716/1724/3716 2166/1725/2166 2165/1721/2165
f 2165/1721/2165 263/1720/263 2929/1716/2929
f 3007/1726/3007 3716/1724/3716 2720/1727/2720
f 3716/1724/3716 2165/1721/2165 343/1715/343
f 2181/1722/2181 3716/1724/3716 343/1715/343
f 2181/1722/2181 2720/1727/2720 3716/1724/3716
f 195/838/195 4136/1728/4136 2181/1722/2181
f 3633/1729/3633 2491/836/2491 3715/1730/3715
f 2491/836/2491 195/838/195 2181/1722/2181
f 3715/1730/3715 2491/836/2491 2181/1722/2181
f 1003/484/1003 2581/1731/2581 2099/1732/2099
f 2581/1731/2581 3715/1730/3715 27/1711/27
f 2099/1732/2099 2581/1731/2581 2193/1327/2193
f 2867/485/2867 1003/484/1003 2099/1732/2099
f 2099/1732/2099 2610/662/2610 2867/485/2867
f 2610/662/2610 3820/661/3820 2867/485/2867
f 1870/1733/1870 3090/1734/3090 1217/1735/1217
f 3090/1734/3090 2858/660/2858 505/1736/505
f 1217/1735/1217 3090/1734/3090 505/1736/505
f 2610/662/2610 2099/1732/2099 1692/1737/1692
f 2610/662/2610 2273/1738/2273 536/1739/536
f 2858/660/2858 2610/662/2610 536/1739/536
f 1218/1740/1218 1216/1741/1216 1217/1735/1217
f 505/1736/505 2858/660/2858 1599/1742/1599
f 2273/1738/2273 2610/662/2610 1692/1737/1692
f 3715/1730/3715 2181/1722/2181 27/1711/27
f 1217/1735/1217 505/1736/505 1248/1743/1248
f 221/1744/221 3305/1745/3305 1218/1740/1218
f 1218/1740/1218 1217/1735/1217 1248/1743/1248
f 27/1711/27 1935/1709/1935 2193/1327/2193
f 1935/1709/1935 1910/1707/1910 1100/1325/1100
f 799/1705/799 2270/1706/2270 1100/1325/1100
f 27/1711/27 2193/1327/2193 2581/1731/2581
f 221/1744/221 1218/1740/1218 1248/1743/1248
f 505/1736/505 504/1746/504 1248/1743/1248
f 1599/1742/1599 2858/660/2858 536/1739/536
f 1599/1742/1599 506/1747/506 505/1736/505
f 536/1739/536 538/1748/538 1599/1742/1599
f 2273/1738/2273 537/237/537 536/1739/536
f 1692/1737/1692 2172/238/2172 2273/1738/2273
f 2099/1732/2099 1785/1749/1785 1692/1737/1692
f 2193/1327/2193 2153/1750/2153 2099/1732/2099
f 2498/1751/2498 2626/1326/2626 1100/1325/1100
f 2270/1706/2270 2498/1751/2498 1100/1325/1100
f 560/1752/560 1357/1753/1357 1538/1754/1538
f 2345/24/2345 559/1755/559 560/1752/560
f 211/1756/211 2834/1757/2834 2345/24/2345
f 118/1758/118 119/1759/119 211/1756/211
f 165/1760/165 166/239/166 118/1758/118
f 589/1761/589 629/1762/629 165/1760/165
f 2550/1763/2550 2549/1764/2549 589/1761/589
f 309/1765/309 2297/1766/2297 2550/1763/2550
f 307/1767/307 308/1768/308 309/1765/309
f 3809/1769/3809 4041/1770/4041 1816/1771/1816
f 4041/1770/4041 307/1767/307 1816/1771/1816
f 411/1772/411 1867/1773/1867 1816/1771/1816
f 307/1767/307 309/1765/309 3550/1774/3550
f 309/1765/309 2550/1763/2550 3550/1774/3550
f 2550/1763/2550 589/1761/589 3550/1774/3550
f 589/1761/589 165/1760/165 3550/1774/3550
f 165/1760/165 118/1758/118 3550/1774/3550
f 1816/1771/1816 307/1767/307 411/1772/411
f 3550/1774/3550 411/1772/411 307/1767/307
f 2186/1775/2186 1166/1776/1166 3550/1774/3550
f 1766/1777/1766 2186/1775/2186 3550/1774/3550
f 1766/1777/1766 3550/1774/3550 1051/1178/1051
f 3550/1774/3550 118/1758/118 1051/1178/1051
f 118/1758/118 211/1756/211 729/1778/729
f 1051/1178/1051 118/1758/118 729/1778/729
f 720/1779/720 412/1780/412 3967/1781/3967
f 3967/1781/3967 1766/1777/1766 1051/1178/1051
f 211/1756/211 2345/24/2345 457/23/457
f 3478/1782/3478 720/1779/720 3967/1781/3967
f 3096/1783/3096 851/1784/851 3478/1782/3478
f 1906/1785/1906 2475/1786/2475 3096/1783/3096
f 3436/1787/3436 3437/1788/3437 1906/1785/1906
f 2476/1789/2476 2944/1790/2944 3436/1787/3436
f 4064/1791/4064 2378/1792/2378 143/1793/143
f 2378/1792/2378 2476/1789/2476 143/1793/143
f 143/1793/143 2260/1794/2260 4064/1791/4064
f 3436/1787/3436 1906/1785/1906 1051/1178/1051
f 1906/1785/1906 3096/1783/3096 1051/1178/1051
f 3241/1795/3241 143/1793/143 1051/1178/1051
f 143/1793/143 2476/1789/2476 1051/1178/1051
f 2476/1789/2476 3436/1787/3436 1051/1178/1051
f 3096/1783/3096 3478/1782/3478 1051/1178/1051
f 3478/1782/3478 3967/1781/3967 1051/1178/1051
f 2345/24/2345 560/1752/560 1533/22/1533
f 729/1778/729 211/1756/211 4070/1796/4070
f 3232/1797/3232 3241/1795/3241 225/1798/225
f 560/1752/560 1538/1754/1538 1533/22/1533
f 4201/1799/4201 211/1756/211 2241/1679/2241
f 3241/1795/3241 1051/1178/1051 225/1798/225
f 211/1756/211 4201/1799/4201 4070/1796/4070
f 2969/1800/2969 3232/1797/3232 225/1798/225
f 2596/1801/2596 3185/1802/3185 2969/1800/2969
f 3406/1803/3406 3769/1804/3769 2761/1805/2761
f 3769/1804/3769 2596/1801/2596 2761/1805/2761
f 1044/601/1044 3636/603/3636 2761/1805/2761
f 2761/1805/2761 2596/1801/2596 1044/601/1044
f 2596/1801/2596 2969/1800/2969 225/1798/225
f 1044/601/1044 2596/1801/2596 225/1798/225
f 225/1798/225 304/1806/304 1043/1807/1043
f 1043/1807/1043 1044/601/1044 225/1798/225
f 3871/1808/3871 855/1809/855 1051/1178/1051
f 855/1809/855 225/1798/225 1051/1178/1051
f 1051/1178/1051 1295/1810/1295 3871/1808/3871
f 3369/862/3369 683/864/683 2327/1811/2327
f 683/864/683 4201/1799/4201 2327/1811/2327
f 2568/1812/2568 2332/1813/2332 3369/862/3369
f 2891/1814/2891 635/1815/635 2528/1816/2528
f 635/1815/635 2568/1812/2568 2528/1816/2528
f 2087/182/2087 2086/181/2086 2528/1816/2528
f 2528/1816/2528 2568/1812/2568 3369/862/3369
f 609/1817/609 608/180/608 2087/182/2087
f 2087/182/2087 2528/1816/2528 609/1817/609
f 2528/1816/2528 3369/862/3369 2327/1811/2327
f 2528/1816/2528 2327/1811/2327 609/1817/609
f 2348/1818/2348 610/1819/610 609/1817/609
f 2241/1679/2241 211/1756/211 457/23/457
f 2348/1818/2348 609/1817/609 2327/1811/2327
f 1538/1754/1538 2270/1706/2270 2360/1703/2360
f 2811/8/2811 342/1443/342 2649/829/2649
f 2811/8/2811 2649/829/2649 2327/1811/2327
f 2327/1811/2327 4201/1799/4201 2303/9/2303
f 1538/1754/1538 2360/1703/2360 1533/22/1533
f 2303/9/2303 2811/8/2811 2327/1811/2327
f 2241/1679/2241 2303/9/2303 4201/1799/4201
f 3498/1820/3498 2793/1821/2793 1303/1644/1303
f 2793/1821/2793 2495/1676/2495 1911/1650/1911
f 234/1822/234 3419/1823/3419 3498/1820/3498
f 2642/1824/2642 1840/1825/1840 234/1822/234
f 3513/1826/3513 2304/1827/2304 2642/1824/2642
f 2076/1646/2076 2248/1828/2248 3513/1826/3513
f 2076/1646/2076 3513/1826/3513 1303/1644/1303
f 3513/1826/3513 2642/1824/2642 1303/1644/1303
f 2642/1824/2642 234/1822/234 1303/1644/1303
f 234/1822/234 3498/1820/3498 1303/1644/1303
f 1911/1650/1911 1303/1644/1303 2793/1821/2793
f 1100/1325/1100 2193/1327/2193 1935/1709/1935
f 1640/25/1640 3233/1829/3233 3326/1830/3326
f 1970/26/1970 1067/1831/1067 1969/1832/1969
f 1640/25/1640 3326/1830/3326 1970/26/1970
f 3694/1833/3694 4120/1834/4120 2502/27/2502
f 4120/1834/4120 1640/25/1640 2502/27/2502
f 1969/1832/1969 2502/27/2502 1970/26/1970
f 931/1835/931 930/1836/930 1811/30/1811
f 930/1836/930 3307/28/3307 1811/30/1811
f 3693/31/3693 1837/1837/1837 1978/1838/1978
f 1978/1838/1978 222/1839/222 3693/31/3693
f 222/1839/222 2264/32/2264 3693/31/3693
f 2264/32/2264 3394/1840/3394 317/33/317
f 3102/34/3102 3842/1841/3842 4202/35/4202
f 805/1400/805 1317/1842/1317 804/1401/804
f 1317/1842/1317 2038/1843/2038 804/1401/804
f 2038/1843/2038 1260/1844/1260 194/1845/194
f 194/1845/194 3422/89/3422 2225/1846/2225
f 2225/1846/2225 2168/88/2168 1657/1847/1657
f 1657/1847/1657 1658/1848/1658 1656/1849/1656
f 2597/1850/2597 3183/1851/3183 1215/658/1215
f 2225/1846/2225 1657/1847/1657 3144/1852/3144
f 1657/1847/1657 1656/1849/1656 3144/1852/3144
f 1656/1849/1656 2597/1850/2597 527/1853/527
f 2597/1850/2597 1215/658/1215 1521/657/1521
f 1521/657/1521 1738/1854/1738 2597/1850/2597
f 2597/1850/2597 1738/1854/1738 1674/1855/1674
f 1738/1854/1738 3828/1856/3828 3472/1857/3472
f 3828/1856/3828 2220/1858/2220 2266/1859/2266
f 2266/1859/2266 3471/1860/3471 3472/1857/3472
f 3828/1856/3828 2266/1859/2266 3472/1857/3472
f 194/1845/194 2225/1846/2225 3144/1852/3144
f 2038/1843/2038 194/1845/194 3144/1852/3144
f 804/1401/804 2038/1843/2038 3144/1852/3144
f 2597/1850/2597 1674/1855/1674 79/1861/79
f 2162/906/2162 704/1862/704 3067/1399/3067
f 1738/1854/1738 3472/1857/3472 3126/1863/3126
f 2162/906/2162 3067/1399/3067 804/1401/804
f 3144/1852/3144 2162/906/2162 804/1401/804
f 1738/1854/1738 3126/1863/3126 155/1864/155
f 3472/1857/3472 2328/1865/2328 2625/1866/2625
f 2625/1866/2625 3125/1867/3125 3126/1863/3126
f 3126/1863/3126 1594/1868/1594 153/1869/153
f 153/1869/153 154/1870/154 155/1864/155
f 155/1864/155 748/1871/748 2133/1872/2133
f 2133/1872/2133 1675/1873/1675 1674/1855/1674
f 79/1861/79 2781/1874/2781 138/1875/138
f 79/1861/79 138/1875/138 1609/1876/1609
f 1609/1876/1609 3051/1877/3051 527/1853/527
f 527/1853/527 1796/1878/1796 344/1879/344
f 1232/1880/1232 1231/1881/1231 2018/1882/2018
f 2018/1882/2018 2234/1883/2234 1768/1884/1768
f 1769/1885/1769 1982/1886/1982 1981/1887/1981
f 2018/1882/2018 1768/1884/1768 1769/1885/1769
f 1232/1880/1232 2018/1882/2018 3144/1852/3144
f 2018/1882/2018 1769/1885/1769 3144/1852/3144
f 1981/1887/1981 1677/1888/1677 1314/1889/1314
f 1769/1885/1769 1981/1887/1981 3144/1852/3144
f 344/1879/344 1232/1880/1232 3144/1852/3144
f 1314/1889/1314 1395/1890/1395 1396/1891/1396
f 1981/1887/1981 1314/1889/1314 3144/1852/3144
f 79/1861/79 1609/1876/1609 527/1853/527
f 1314/1889/1314 1396/1891/1396 3144/1852/3144
f 79/1861/79 527/1853/527 2597/1850/2597
f 527/1853/527 344/1879/344 1656/1849/1656
f 1396/1891/1396 409/77/409 1302/1892/1302
f 1302/1892/1302 879/76/879 926/1893/926
f 1396/1891/1396 1302/1892/1302 3144/1852/3144
f 344/1879/344 3144/1852/3144 1656/1849/1656
f 1302/1892/1302 926/1893/926 3144/1852/3144
f 3502/1894/3502 3501/1895/3501 1354/37/1354
f 1354/37/1354 1957/1896/1957 3/38/3
f 3/38/3 2694/78/2694 2/39/2
f 2/39/2 1/1897/1 1393/1898/1393
f 1393/1898/1393 426/1899/426 2938/1900/2938
f 2938/1900/2938 1681/1901/1681 455/1902/455
f 455/1902/455 454/1903/454 660/1904/660
f 660/1904/660 659/1905/659 180/1906/180
f 180/1906/180 181/1907/181 3338/1908/3338
f 3338/1908/3338 3887/1909/3887 923/1910/923
f 923/1910/923 924/1911/924 491/1912/491
f 492/259/492 2841/979/2841 2842/978/2842
f 923/1910/923 491/1912/491 492/259/492
f 180/1906/180 3338/1908/3338 923/1910/923
f 660/1904/660 180/1906/180 2809/1913/2809
f 180/1906/180 923/1910/923 2809/1913/2809
f 923/1910/923 492/259/492 2842/978/2842
f 2842/978/2842 3192/1914/3192 3193/329/3193
f 3193/329/3193 37/331/37 2842/978/2842
f 37/331/37 1122/271/1122 1123/1915/1123
f 1123/1915/1123 2571/270/2571 2809/1913/2809
f 2571/270/2571 2572/1916/2572 2809/1913/2809
f 37/331/37 1123/1915/1123 2842/978/2842
f 923/1910/923 2842/978/2842 1123/1915/1123
f 2572/1916/2572 4088/1917/4088 2508/1135/2508
f 2809/1913/2809 2572/1916/2572 2508/1135/2508
f 2508/1135/2508 3328/1137/3328 2809/1913/2809
f 3328/1137/3328 3217/1136/3217 2809/1913/2809
f 2809/1913/2809 2227/1918/2227 3675/1919/3675
f 3675/1919/3675 938/816/938 327/1920/327
f 327/1920/327 1197/477/1197 1784/1921/1784
f 1784/1921/1784 2287/1922/2287 3675/1919/3675
f 2287/1922/2287 2785/1923/2785 3675/1919/3675
f 2785/1923/2785 1689/1924/1689 3675/1919/3675
f 1689/1924/1689 4188/1925/4188 3675/1919/3675
f 4188/1925/4188 2671/1926/2671 1293/1927/1293
f 2671/1926/2671 483/815/483 1293/1927/1293
f 330/907/330 3577/1928/3577 662/1158/662
f 3577/1928/3577 3313/1929/3313 662/1158/662
f 3313/1929/3313 661/1159/661 662/1158/662
f 1258/1157/1258 2279/1930/2279 1465/1931/1465
f 1258/1157/1258 1465/1931/1465 1293/1927/1293
f 330/907/330 662/1158/662 1258/1157/1258
f 483/815/483 330/907/330 1293/1927/1293
f 327/1920/327 1784/1921/1784 3675/1919/3675
f 330/907/330 1258/1157/1258 1293/1927/1293
f 4188/1925/4188 1293/1927/1293 2809/1913/2809
f 2809/1913/2809 3675/1919/3675 4188/1925/4188
f 1293/1927/1293 3144/1852/3144 926/1893/926
f 2809/1913/2809 1293/1927/1293 660/1904/660
f 3472/1857/3472 2625/1866/2625 3126/1863/3126
f 3126/1863/3126 153/1869/153 155/1864/155
f 1738/1854/1738 155/1864/155 2133/1872/2133
f 455/1902/455 1293/1927/1293 2938/1900/2938
f 1738/1854/1738 2133/1872/2133 1674/1855/1674
f 1293/1927/1293 455/1902/455 660/1904/660
f 1123/1915/1123 2809/1913/2809 923/1910/923
f 926/1893/926 3502/1894/3502 1293/1927/1293
f 2938/1900/2938 1293/1927/1293 1393/1898/1393
f 2/39/2 1393/1898/1393 1293/1927/1293
f 2/39/2 1293/1927/1293 1354/37/1354
f 3502/1894/3502 1354/37/1354 1293/1927/1293
f 3891/40/3891 1432/1932/1432 2355/1933/2355
f 1895/41/1895 2990/1934/2990 2267/42/2267
f 2990/1934/2990 2268/1935/2268 2267/42/2267
f 2267/42/2267 1351/1936/1351 3891/40/3891
f 3891/40/3891 2355/1933/2355 1895/41/1895
f 2892/43/2892 2891/1937/2891 2528/44/2528
f 2528/44/2528 2086/1938/2086 2335/45/2335
f 2086/1938/2086 3781/1939/3781 2335/45/2335
f 2335/45/2335 2336/1940/2336 2892/43/2892
f 2336/1940/2336 2337/1941/2337 2892/43/2892
f 733/1942/733 3205/1943/3205 692/1944/692
f 1920/1945/1920 1921/1946/1921 3656/1947/3656
f 1921/1946/1921 3657/1948/3657 3656/1947/3656
f 733/1942/733 692/1944/692 1920/1945/1920
f 2912/1949/2912 2825/1950/2825 3719/1951/3719
f 2825/1950/2825 3071/1952/3071 2931/1953/2931
f 3719/1951/3719 2825/1950/2825 2931/1953/2931
f 3071/1952/3071 733/1942/733 474/1954/474
f 733/1942/733 1920/1945/1920 3656/1947/3656
f 1369/1955/1369 733/1942/733 3656/1947/3656
f 3656/1947/3656 1366/1956/1366 1369/1955/1369
f 1369/1955/1369 4044/1957/4044 1561/1958/1561
f 474/1954/474 3557/1959/3557 2931/1953/2931
f 1369/1955/1369 1561/1958/1561 474/1954/474
f 2731/1960/2731 2912/1949/2912 3719/1951/3719
f 733/1942/733 1369/1955/1369 474/1954/474
f 474/1954/474 2931/1953/2931 3071/1952/3071
f 3719/1951/3719 4283/1961/4283 4/1962/4
f 4248/1963/4248 2731/1960/2731 2989/1964/2989
f 2989/1964/2989 2731/1960/2731 4/1962/4
f 3654/1965/3654 3655/1966/3655 2989/1964/2989
f 2731/1960/2731 3719/1951/3719 4/1962/4
f 3676/48/3676 3456/1967/3456 3654/1965/3654
f 3654/1965/3654 2989/1964/2989 4075/1968/4075
f 4/1962/4 2794/1969/2794 4075/1968/4075
f 2989/1964/2989 4/1962/4 4075/1968/4075
f 1094/47/1094 1095/1970/1095 3676/48/3676
f 3676/48/3676 3654/1965/3654 4075/1968/4075
f 4075/1968/4075 2066/46/2066 3676/48/3676
f 3644/49/3644 2837/1971/2837 2712/50/2712
f 3924/52/3924 4294/1972/4294 4293/53/4293
f 2663/55/2663 4206/1973/4206 3940/56/3940
f 1052/58/1052 3631/1974/3631 782/59/782
f 3680/61/3680 2818/1975/2818 2951/62/2951
f 3945/65/3945 3818/1976/3818 3360/1977/3360
f 3818/1976/3818 3919/1978/3919 3360/1977/3360
f 3360/1977/3360 2714/1979/2714 2576/66/2576
f 3935/1980/3935 3334/1981/3334 1792/64/1792
f 3334/1981/3334 3945/65/3945 1792/64/1792
f 3703/1982/3703 1792/64/1792 2576/66/2576
f 2576/66/2576 3945/65/3945 3360/1977/3360
f 2932/67/2932 114/1983/114 2880/68/2880
f 3389/1984/3389 3390/1985/3390 1460/72/1460
f 3390/1985/3390 66/1986/66 1460/72/1460
f 66/1986/66 3658/70/3658 1460/72/1460
f 2132/73/2132 1025/1987/1025 3521/74/3521
f 3420/1988/3420 1962/1989/1962 1963/1990/1963
f 1963/1990/1963 3449/1991/3449 567/1992/567
f 567/1992/567 568/1079/568 569/1993/569
f 569/1993/569 1081/1078/1081 3649/1994/3649
f 1081/1078/1081 120/1995/120 3649/1994/3649
f 1963/1990/1963 567/1992/567 569/1993/569
f 3151/1996/3151 2935/1997/2935 3420/1988/3420
f 299/1998/299 3184/1999/3184 3151/1996/3151
f 336/2000/336 2049/2001/2049 299/1998/299
f 1801/2002/1801 2548/1265/2548 2183/2003/2183
f 2548/1265/2548 335/2004/335 2183/2003/2183
f 335/2004/335 336/2000/336 299/1998/299
f 299/1998/299 3151/1996/3151 3420/1988/3420
f 335/2004/335 299/1998/299 3420/1988/3420
f 2773/2005/2773 4172/2006/4172 4076/2007/4076
f 4076/2007/4076 2183/2003/2183 335/2004/335
f 4076/2007/4076 335/2004/335 1584/2008/1584
f 335/2004/335 3420/1988/3420 579/2009/579
f 2438/2010/2438 33/2011/33 2773/2005/2773
f 2773/2005/2773 4076/2007/4076 2437/2012/2437
f 335/2004/335 579/2009/579 1584/2008/1584
f 3420/1988/3420 1963/1990/1963 426/1899/426
f 579/2009/579 3420/1988/3420 3598/2013/3598
f 2437/2012/2437 2438/2010/2438 2773/2005/2773
f 1584/2008/1584 3396/2014/3396 2437/2012/2437
f 579/2009/579 3990/2015/3990 1584/2008/1584
f 3598/2013/3598 2792/2016/2792 579/2009/579
f 3210/2017/3210 2116/2018/2116 4290/2019/4290
f 3210/2017/3210 4290/2019/4290 3833/2020/3833
f 4290/2019/4290 3598/2013/3598 409/77/409
f 3833/2020/3833 4290/2019/4290 1395/1890/1395
f 2924/2021/2924 3355/2022/3355 3833/2020/3833
f 3833/2020/3833 1395/1890/1395 1677/1888/1677
f 1584/2008/1584 2437/2012/2437 4076/2007/4076
f 2924/2021/2924 3833/2020/3833 1677/1888/1677
f 2924/2021/2924 1982/1886/1982 1768/1884/1768
f 3420/1988/3420 426/1899/426 3598/2013/3598
f 1963/1990/1963 569/1993/569 426/1899/426
f 4173/2023/4173 555/2024/555 2924/2021/2924
f 1982/1886/1982 2924/2021/2924 1677/1888/1677
f 1395/1890/1395 4290/2019/4290 409/77/409
f 569/1993/569 3649/1994/3649 426/1899/426
f 286/2025/286 3115/2026/3115 4173/2023/4173
f 4173/2023/4173 2924/2021/2924 1768/1884/1768
f 3916/2027/3916 3516/2028/3516 220/2029/220
f 3649/1994/3649 3916/2027/3916 4257/2030/4257
f 3662/2031/3662 283/2032/283 2525/2033/2525
f 283/2032/283 286/2025/286 3051/1877/3051
f 2525/2033/2525 283/2032/283 2781/1874/2781
f 286/2025/286 4173/2023/4173 2234/1883/2234
f 426/1899/426 3649/1994/3649 3348/2034/3348
f 220/2029/220 2535/2035/2535 4257/2030/4257
f 4173/2023/4173 1768/1884/1768 2234/1883/2234
f 3916/2027/3916 220/2029/220 4257/2030/4257
f 1984/2036/1984 3398/2037/3398 2525/2033/2525
f 1638/2038/1638 813/2039/813 1984/2036/1984
f 1292/2040/1292 1186/2041/1186 1638/2038/1638
f 3920/2042/3920 3921/2043/3921 3308/2044/3308
f 1292/2040/1292 1638/2038/1638 3125/1867/3125
f 1638/2038/1638 1984/2036/1984 1594/1868/1594
f 3920/2042/3920 3308/2044/3308 3471/1860/3471
f 3308/2044/3308 1292/2040/1292 2328/1865/2328
f 3471/1860/3471 3308/2044/3308 2328/1865/2328
f 2266/1859/2266 2220/1858/2220 3920/2042/3920
f 2328/1865/2328 3472/1857/3472 3471/1860/3471
f 3471/1860/3471 2266/1859/2266 3920/2042/3920
f 1638/2038/1638 1594/1868/1594 3125/1867/3125
f 1984/2036/1984 2525/2033/2525 1675/1873/1675
f 1594/1868/1594 1984/2036/1984 748/1871/748
f 3125/1867/3125 2625/1866/2625 2328/1865/2328
f 283/2032/283 3051/1877/3051 138/1875/138
f 3348/2034/3348 3649/1994/3649 4257/2030/4257
f 4257/2030/4257 2636/2045/2636 2637/2046/2637
f 2637/2046/2637 3953/2047/3953 1852/2048/1852
f 1852/2048/1852 3294/2049/3294 1313/2050/1313
f 2342/2051/2342 2341/2052/2341 360/2053/360
f 1852/2048/1852 1313/2050/1313 2342/2051/2342
f 4257/2030/4257 2637/2046/2637 360/2053/360
f 2637/2046/2637 1852/2048/1852 2342/2051/2342
f 360/2053/360 2637/2046/2637 2342/2051/2342
f 283/2032/283 138/1875/138 2781/1874/2781
f 3125/1867/3125 2328/1865/2328 1292/2040/1292
f 1594/1868/1594 3126/1863/3126 3125/1867/3125
f 154/1870/154 153/1869/153 1594/1868/1594
f 748/1871/748 155/1864/155 154/1870/154
f 1675/1873/1675 2133/1872/2133 748/1871/748
f 79/1861/79 1674/1855/1674 1675/1873/1675
f 2781/1874/2781 79/1861/79 1675/1873/1675
f 748/1871/748 154/1870/154 1594/1868/1594
f 2781/1874/2781 1675/1873/1675 2525/2033/2525
f 1675/1873/1675 748/1871/748 1984/2036/1984
f 3051/1877/3051 1609/1876/1609 138/1875/138
f 1796/1878/1796 527/1853/527 3051/1877/3051
f 3348/2034/3348 3226/2054/3226 3566/2055/3566
f 4257/2030/4257 360/2053/360 3348/2034/3348
f 286/2025/286 2234/1883/2234 1231/1881/1231
f 3348/2034/3348 3566/2055/3566 426/1899/426
f 409/77/409 3598/2013/3598 2694/78/2694
f 1232/1880/1232 344/1879/344 1796/1878/1796
f 3566/2055/3566 3057/2056/3057 659/1905/659
f 3057/2056/3057 3732/2057/3732 2686/2058/2686
f 3732/2057/3732 2685/2059/2685 2686/2058/2686
f 2686/2058/2686 792/2060/792 370/2061/370
f 792/2060/792 3244/2062/3244 370/2061/370
f 1232/1880/1232 1796/1878/1796 1231/1881/1231
f 1796/1878/1796 3051/1877/3051 1231/1881/1231
f 2234/1883/2234 2018/1882/2018 1231/1881/1231
f 3057/2056/3057 2686/2058/2686 3887/1909/3887
f 370/2061/370 3037/2063/3037 1287/2064/1287
f 2686/2058/2686 370/2061/370 3887/1909/3887
f 1231/1881/1231 3051/1877/3051 286/2025/286
f 1982/1886/1982 1769/1885/1769 1768/1884/1768
f 370/2061/370 1287/2064/1287 3887/1909/3887
f 1287/2064/1287 924/1911/924 923/1910/923
f 3887/1909/3887 3338/1908/3338 181/1907/181
f 1287/2064/1287 923/1910/923 3887/1909/3887
f 2694/78/2694 3598/2013/3598 426/1899/426
f 1677/1888/1677 1981/1887/1981 1982/1886/1982
f 181/1907/181 180/1906/180 659/1905/659
f 3057/2056/3057 3887/1909/3887 181/1907/181
f 1395/1890/1395 1314/1889/1314 1677/1888/1677
f 409/77/409 1396/1891/1396 1395/1890/1395
f 879/76/879 1302/1892/1302 409/77/409
f 3502/1894/3502 926/1893/926 3501/1895/3501
f 926/1893/926 879/76/879 3501/1895/3501
f 1957/1896/1957 1354/37/1354 3501/1895/3501
f 1957/1896/1957 3501/1895/3501 879/76/879
f 2694/78/2694 3/38/3 1957/1896/1957
f 1/1897/1 2/39/2 2694/78/2694
f 426/1899/426 1393/1898/1393 1/1897/1
f 1681/1901/1681 2938/1900/2938 426/1899/426
f 454/1903/454 455/1902/455 1681/1901/1681
f 659/1905/659 660/1904/660 454/1903/454
f 3057/2056/3057 181/1907/181 659/1905/659
f 659/1905/659 454/1903/454 3566/2055/3566
f 454/1903/454 1681/1901/1681 3566/2055/3566
f 1681/1901/1681 426/1899/426 3566/2055/3566
f 426/1899/426 1/1897/1 2694/78/2694
f 2694/78/2694 1957/1896/1957 879/76/879
f 437/79/437 1686/2065/1686 1487/80/1487
f 2645/82/2645 2646/2066/2646 1183/83/1183
f 1961/87/1961 1171/2067/1171 1127/2068/1127
f 1171/2067/1171 3207/2069/3207 1127/2068/1127
f 1127/2068/1127 529/2070/529 1654/85/1654
f 821/669/821 2274/487/2274 1961/87/1961
f 1654/85/1654 1652/2071/1652 1653/86/1653
f 1653/86/1653 821/669/821 1961/87/1961
f 1961/87/1961 1127/2068/1127 1654/85/1654
f 1260/1844/1260 2038/1843/2038 376/2072/376
f 2038/1843/2038 1317/1842/1317 376/2072/376
f 1317/1842/1317 2530/2073/2530 1617/2074/1617
f 1617/2074/1617 2529/2075/2529 2647/2076/2647
f 376/2072/376 377/2077/377 1401/2078/1401
f 1617/2074/1617 2647/2076/2647 376/2072/376
f 1317/1842/1317 1617/2074/1617 376/2072/376
f 3422/89/3422 194/1845/194 1260/1844/1260
f 2168/88/2168 2225/1846/2225 3422/89/3422
f 1658/1848/1658 1657/1847/1657 2168/88/2168
f 2597/1850/2597 1656/1849/1656 1658/1848/1658
f 574/2079/574 3183/1851/3183 1938/90/1938
f 3183/1851/3183 2597/1850/2597 1658/1848/1658
f 1938/90/1938 3183/1851/3183 2168/88/2168
f 1401/2078/1401 1402/2080/1402 1938/90/1938
f 3183/1851/3183 1658/1848/1658 2168/88/2168
f 376/2072/376 1401/2078/1401 1260/1844/1260
f 1401/2078/1401 1938/90/1938 3422/89/3422
f 1260/1844/1260 1401/2078/1401 3422/89/3422
f 4136/2081/4136 195/2082/195 196/2083/196
f 1101/2084/1101 2491/2085/2491 3633/2086/3633
f 3633/2086/3633 3715/2087/3715 2580/2088/2580
f 3715/2087/3715 2581/2089/2581 2580/2088/2580
f 1101/2084/1101 3633/2086/3633 3735/2090/3735
f 3633/2086/3633 2580/2088/2580 3735/2090/3735
f 1101/2084/1101 3735/2090/3735 3727/2091/3727
f 3609/2092/3609 2867/2093/2867 3820/2094/3820
f 2580/2088/2580 3609/2092/3609 3735/2090/3735
f 3609/2092/3609 3820/2094/3820 1825/2095/1825
f 3820/2094/3820 1078/2096/1078 1825/2095/1825
f 1078/2096/1078 2858/2097/2858 3090/2098/3090
f 3090/2098/3090 1870/2099/1870 1078/2096/1078
f 1870/2099/1870 3819/2100/3819 1078/2096/1078
f 3819/2100/3819 4175/2101/4175 4297/2102/4297
f 4297/2102/4297 3753/2103/3753 3809/2104/3809
f 3753/2103/3753 4041/2105/4041 3809/2104/3809
f 3809/2104/3809 1816/2106/1816 1867/2107/1867
f 3819/2100/3819 4297/2102/4297 1867/2107/1867
f 4297/2102/4297 3809/2104/3809 1867/2107/1867
f 1867/2107/1867 411/2108/411 3819/2100/3819
f 411/2108/411 1825/2095/1825 3819/2100/3819
f 1078/2096/1078 3819/2100/3819 1825/2095/1825
f 1825/2095/1825 675/2109/675 3734/2110/3734
f 675/2109/675 3022/2111/3022 3728/2112/3728
f 3734/2110/3734 675/2109/675 3728/2112/3728
f 1825/2095/1825 3734/2110/3734 3735/2090/3735
f 3727/2091/3727 2477/2113/2477 196/2083/196
f 2477/2113/2477 3089/2114/3089 196/2083/196
f 3727/2091/3727 196/2083/196 1101/2084/1101
f 3609/2092/3609 1825/2095/1825 3735/2090/3735
f 3089/2114/3089 3528/2115/3528 4061/2116/4061
f 196/2083/196 3089/2114/3089 4136/2081/4136
f 3089/2114/3089 4061/2116/4061 2704/2117/2704
f 4136/2081/4136 3089/2114/3089 1034/93/1034
f 2720/2118/2720 2181/2119/2181 4136/2081/4136
f 4136/2081/4136 605/2120/605 3265/2121/3265
f 2125/2122/2125 1834/2123/1834 3642/2124/3642
f 2720/2118/2720 4136/2081/4136 3265/2121/3265
f 605/2120/605 4136/2081/4136 1034/93/1034
f 4061/2116/4061 2125/2122/2125 3027/2125/3027
f 2125/2122/2125 3642/2124/3642 3027/2125/3027
f 3027/2125/3027 2681/2126/2681 2501/2127/2501
f 3007/2128/3007 2720/2118/2720 3265/2121/3265
f 983/2129/983 3716/2130/3716 3007/2128/3007
f 605/2120/605 2240/2131/2240 3265/2121/3265
f 3265/2121/3265 983/2129/983 3007/2128/3007
f 4061/2116/4061 3027/2125/3027 1300/2132/1300
f 3027/2125/3027 2501/2127/2501 1300/2132/1300
f 2704/2117/2704 2011/2133/2011 1767/91/1767
f 1300/2132/1300 2704/2117/2704 4061/2116/4061
f 3089/2114/3089 2704/2117/2704 1767/91/1767
f 1034/93/1034 604/2134/604 605/2120/605
f 1034/93/1034 3089/2114/3089 1767/91/1767
f 1507/92/1507 3926/2135/3926 1034/93/1034
f 3446/2136/3446 882/2137/882 2611/2138/2611
f 882/2137/882 883/2139/883 2611/2138/2611
f 2813/96/2813 3930/2140/3930 3446/2136/3446
f 1009/2141/1009 1008/2142/1008 2813/96/2813
f 2785/95/2785 2287/2143/2287 1009/2141/1009
f 4188/2144/4188 1689/2145/1689 1688/94/1688
f 1689/2145/1689 2785/95/2785 1688/94/1688
f 1688/94/1688 4077/2146/4077 4188/2144/4188
f 3446/2136/3446 2611/2138/2611 2813/96/2813
f 2611/2138/2611 1688/94/1688 2813/96/2813
f 2785/95/2785 1009/2141/1009 2813/96/2813
f 3743/98/3743 2527/2147/2527 3867/99/3867
f 2527/2147/2527 3553/2148/3553 3726/2149/3726
f 3867/99/3867 2527/2147/2527 3726/2149/3726
f 3867/99/3867 1254/2150/1254 1488/97/1488
f 1254/2150/1254 514/2151/514 1488/97/1488
f 514/2151/514 2754/2152/2754 1488/97/1488
f 3371/2153/3371 3094/2154/3094 2722/2155/2722
f 3094/2154/3094 2721/2156/2721 2722/2155/2722
f 2722/2155/2722 2031/2157/2031 2457/2158/2457
f 4113/2159/4113 4096/2160/4096 1222/102/1222
f 4096/2160/4096 3371/2153/3371 1222/102/1222
f 2201/2161/2201 2361/2162/2361 2202/101/2202
f 2361/2162/2361 1222/102/1222 2202/101/2202
f 3371/2153/3371 2722/2155/2722 2200/100/2200
f 2722/2155/2722 2457/2158/2457 3505/2163/3505
f 2457/2158/2457 1289/2164/1289 3505/2163/3505
f 3505/2163/3505 1731/2165/1731 4079/2166/4079
f 4079/2166/4079 1342/2167/1342 2200/100/2200
f 1342/2167/1342 1829/2168/1829 2200/100/2200
f 3505/2163/3505 4079/2166/4079 2200/100/2200
f 1222/102/1222 3371/2153/3371 2200/100/2200
f 2722/2155/2722 3505/2163/3505 2200/100/2200
f 3099/2169/3099 4123/2170/4123 3796/2171/3796
f 3076/2172/3076 3427/2173/3427 3164/2174/3164
f 3099/2169/3099 3796/2171/3796 3076/2172/3076
f 3490/103/3490 563/2175/563 3099/2169/3099
f 3797/2176/3797 1297/2177/1297 3490/103/3490
f 3425/2178/3425 1235/2179/1235 3797/2176/3797
f 2170/2180/2170 2975/2181/2975 3425/2178/3425
f 2025/2182/2025 2111/2183/2111 2170/2180/2170
f 3524/2184/3524 896/2185/896 2170/2180/2170
f 896/2185/896 2025/2182/2025 2170/2180/2170
f 3299/105/3299 3298/2186/3298 3797/2176/3797
f 3298/2186/3298 3524/2184/3524 3797/2176/3797
f 1391/104/1391 4299/2187/4299 3299/105/3299
f 3076/2172/3076 3164/2174/3164 1391/104/1391
f 3490/103/3490 3099/2169/3099 1391/104/1391
f 3099/2169/3099 3076/2172/3076 1391/104/1391
f 2170/2180/2170 3425/2178/3425 3524/2184/3524
f 3425/2178/3425 3797/2176/3797 3524/2184/3524
f 3797/2176/3797 3490/103/3490 3299/105/3299
f 2430/106/2430 183/2188/183 184/107/184
f 184/107/184 3663/2189/3663 2141/108/2141
f 1615/109/1615 2531/2190/2531 1613/110/1613
f 2145/113/2145 2884/2191/2884 2359/114/2359
f 2359/114/2359 649/2192/649 4090/112/4090
f 649/2192/649 648/364/648 4090/112/4090
f 3024/115/3024 3979/2193/3979 2628/116/2628
f 2628/116/2628 3103/2194/3103 837/2195/837
f 837/2195/837 4247/2196/4247 2628/116/2628
f 4247/2196/4247 2627/117/2627 2628/116/2628
f 2627/117/2627 908/2197/908 3804/2198/3804
f 908/2197/908 909/2199/909 3804/2198/3804
f 909/2199/909 3810/2200/3810 2779/2201/2779
f 2779/2201/2779 3150/2202/3150 909/2199/909
f 3150/2202/3150 3804/2198/3804 909/2199/909
f 3804/2198/3804 3024/115/3024 2627/117/2627
f 3767/118/3767 4149/1409/4149 12/119/12
f 773/320/773 2006/319/2006 4000/2203/4000
f 2354/123/2354 3720/2204/3720 2051/121/2051
f 3720/2204/3720 2578/2205/2578 2051/121/2051
f 773/320/773 4000/2203/4000 774/122/774
f 4000/2203/4000 2354/123/2354 774/122/774
f 3902/2206/3902 3319/2207/3319 2481/2208/2481
f 2481/2208/2481 305/2209/305 911/2210/911
f 911/2210/911 1810/2211/1810 2845/2212/2845
f 2845/2212/2845 2846/2213/2846 4315/250/4315
f 44/2214/44 951/249/951 2131/2215/2131
f 951/249/951 3625/2216/3625 2131/2215/2131
f 2845/2212/2845 4315/250/4315 44/2214/44
f 2481/2208/2481 911/2210/911 2845/2212/2845
f 2695/2217/2695 4278/2218/4278 3902/2206/3902
f 3902/2206/3902 2481/2208/2481 44/2214/44
f 2481/2208/2481 2845/2212/2845 44/2214/44
f 1973/2219/1973 4069/2220/4069 2695/2217/2695
f 2695/2217/2695 3902/2206/3902 44/2214/44
f 2131/2215/2131 1025/1987/1025 2132/73/2132
f 2695/2217/2695 44/2214/44 3418/2221/3418
f 44/2214/44 2131/2215/2131 2132/73/2132
f 3418/2221/3418 44/2214/44 2132/73/2132
f 3599/2222/3599 3311/2223/3311 1973/2219/1973
f 1973/2219/1973 2695/2217/2695 3418/2221/3418
f 2132/73/2132 3702/75/3702 2557/2224/2557
f 3702/75/3702 2805/2225/2805 4021/2226/4021
f 3158/2227/3158 1338/2228/1338 3599/2222/3599
f 3599/2222/3599 1973/2219/1973 2991/2229/2991
f 2991/2229/2991 1973/2219/1973 3418/2221/3418
f 3702/75/3702 4021/2226/4021 1358/2230/1358
f 2557/2224/2557 3702/75/3702 1358/2230/1358
f 4021/2226/4021 2749/2231/2749 315/2232/315
f 2749/2231/2749 2750/2233/2750 315/2232/315
f 315/2232/315 2465/2234/2465 1358/2230/1358
f 3504/2235/3504 668/2236/668 3158/2227/3158
f 3158/2227/3158 3599/2222/3599 2991/2229/2991
f 4021/2226/4021 315/2232/315 1358/2230/1358
f 1358/2230/1358 2556/2237/2556 2557/2224/2557
f 2557/2224/2557 1676/2238/1676 1001/2239/1001
f 1001/2239/1001 2333/2240/2333 3418/2221/3418
f 3418/2221/3418 2588/2241/2588 2991/2229/2991
f 2991/2229/2991 1427/2242/1427 1429/2243/1429
f 1429/2243/1429 1428/2244/1428 3438/2245/3438
f 3438/2245/3438 135/2246/135 137/2247/137
f 137/2247/137 136/2248/136 2124/2249/2124
f 2124/2249/2124 2083/2250/2083 856/2251/856
f 856/2251/856 2379/2252/2379 2100/2253/2100
f 2100/2253/2100 522/1057/522 290/2254/290
f 290/2254/290 291/1059/291 292/2255/292
f 292/2255/292 1191/2256/1191 984/2257/984
f 984/2257/984 1732/1058/1732 1483/2258/1483
f 1483/2258/1483 2623/2259/2623 2624/2260/2624
f 2624/2260/2624 3178/2261/3178 3059/2262/3059
f 3059/2262/3059 2406/2263/2406 2292/2264/2292
f 2292/2264/2292 1685/2265/1685 1684/2266/1684
f 1882/2267/1882 1883/2268/1883 1884/2269/1884
f 2292/2264/2292 1684/2266/1684 1882/2267/1882
f 1483/2258/1483 2624/2260/2624 3059/2262/3059
f 3059/2262/3059 2292/2264/2292 1882/2267/1882
f 1884/2269/1884 2664/2270/2664 173/2271/173
f 3059/2262/3059 1882/2267/1882 3454/2272/3454
f 1882/2267/1882 1884/2269/1884 1701/2273/1701
f 1483/2258/1483 3059/2262/3059 1916/2274/1916
f 1882/2267/1882 1701/2273/1701 3454/2272/3454
f 173/2271/173 174/2275/174 694/2276/694
f 174/2275/174 695/2277/695 694/2276/694
f 1884/2269/1884 173/2271/173 1701/2273/1701
f 290/2254/290 292/2255/292 1112/2278/1112
f 292/2255/292 984/2257/984 1112/2278/1112
f 3262/2279/3262 1483/2258/1483 823/2280/823
f 984/2257/984 1483/2258/1483 3080/2281/3080
f 694/2276/694 693/2282/693 1701/2273/1701
f 1701/2273/1701 890/373/890 889/2283/889
f 889/2283/889 588/2284/588 3454/2272/3454
f 3454/2272/3454 1548/2285/1548 1263/2286/1263
f 1263/2286/1263 1372/2287/1372 261/2288/261
f 261/2288/261 2484/2289/2484 835/2290/835
f 3236/2291/3236 2390/985/2390 988/2292/988
f 3236/2291/3236 988/2292/988 990/2293/990
f 988/2292/988 989/2294/989 990/2293/990
f 3236/2291/3236 990/2293/990 916/2295/916
f 916/2295/916 3523/2296/3523 2201/2297/2201
f 3523/2296/3523 2361/2298/2361 2201/2297/2201
f 2201/2297/2201 2202/2299/2202 1829/2300/1829
f 2202/2299/2202 2200/2301/2200 1829/2300/1829
f 3236/2291/3236 916/2295/916 1342/2302/1342
f 916/2295/916 2201/2297/2201 1829/2300/1829
f 1342/2302/1342 4079/2303/4079 1731/2304/1731
f 916/2295/916 1829/2300/1829 1342/2302/1342
f 835/2290/835 3236/2291/3236 1214/2305/1214
f 3236/2291/3236 1342/2302/1342 1731/2304/1731
f 1731/2304/1731 3505/2306/3505 1289/126/1289
f 3236/2291/3236 1731/2304/1731 4097/125/4097
f 1214/2305/1214 3236/2291/3236 1255/2307/1255
f 3454/2272/3454 1263/2286/1263 1546/2308/1546
f 1263/2286/1263 261/2288/261 1546/2308/1546
f 1731/2304/1731 1289/126/1289 4097/125/4097
f 261/2288/261 835/2290/835 1546/2308/1546
f 1701/2273/1701 889/2283/889 3454/2272/3454
f 173/2271/173 694/2276/694 1701/2273/1701
f 3059/2262/3059 3454/2272/3454 2914/2309/2914
f 3059/2262/3059 2914/2309/2914 1916/2274/1916
f 2914/2309/2914 3454/2272/3454 1546/2308/1546
f 856/2251/856 2100/2253/2100 3504/2235/3504
f 2100/2253/2100 290/2254/290 3504/2235/3504
f 1483/2258/1483 3262/2279/3262 2547/2310/2547
f 137/2247/137 2124/2249/2124 3158/2227/3158
f 2124/2249/2124 856/2251/856 3504/2235/3504
f 1289/126/1289 2457/2311/2457 2489/2312/2489
f 1483/2258/1483 1916/2274/1916 823/2280/823
f 1255/2307/1255 3236/2291/3236 4097/125/4097
f 1546/2308/1546 835/2290/835 1214/2305/1214
f 3438/2245/3438 137/2247/137 3158/2227/3158
f 2124/2249/2124 3504/2235/3504 3158/2227/3158
f 1429/2243/1429 3438/2245/3438 3158/2227/3158
f 984/2257/984 3080/2281/3080 1112/2278/1112
f 2489/2312/2489 587/208/587 925/2313/925
f 587/208/587 90/207/90 2508/2314/2508
f 925/2313/925 587/208/587 4088/2315/4088
f 90/207/90 2198/2316/2198 2199/2317/2199
f 2199/2317/2199 3217/2318/3217 90/207/90
f 3217/2318/3217 2508/2314/2508 90/207/90
f 4088/2315/4088 2572/2319/2572 925/2313/925
f 2508/2314/2508 4088/2315/4088 587/208/587
f 925/2313/925 1122/2320/1122 2489/2312/2489
f 1122/2320/1122 37/2321/37 4296/2322/4296
f 1122/2320/1122 4296/2322/4296 3432/2323/3432
f 2489/2312/2489 1122/2320/1122 2966/2324/2966
f 4296/2322/4296 2999/2325/2999 3432/2323/3432
f 3432/2323/3432 3960/2326/3960 2966/2324/2966
f 2966/2324/2966 356/2327/356 357/2328/357
f 357/2328/357 3635/2329/3635 179/2330/179
f 179/2330/179 2771/2331/2771 3023/2332/3023
f 3023/2332/3023 2901/2333/2901 1492/2334/1492
f 1492/2334/1492 252/2335/252 253/2336/253
f 253/2336/253 2584/2337/2584 4273/2338/4273
f 4273/2338/4273 1569/2339/1569 2995/124/2995
f 2995/124/2995 224/2340/224 4097/125/4097
f 4097/125/4097 2917/2341/2917 1255/2307/1255
f 1255/2307/1255 475/2342/475 1214/2305/1214
f 1546/2308/1546 3667/2343/3667 2914/2309/2914
f 2914/2309/2914 2915/2344/2915 1916/2274/1916
f 1916/2274/1916 824/2345/824 823/2280/823
f 823/2280/823 206/2346/206 3262/2279/3262
f 3262/2279/3262 3592/2347/3592 2547/2310/2547
f 2547/2310/2547 541/2348/541 3080/2281/3080
f 3080/2281/3080 2318/2349/2318 1112/2278/1112
f 1112/2278/1112 3240/2350/3240 3504/2235/3504
f 2557/2224/2557 1001/2239/1001 2132/73/2132
f 1001/2239/1001 3418/2221/3418 2132/73/2132
f 1112/2278/1112 3504/2235/3504 290/2254/290
f 3158/2227/3158 2991/2229/2991 1429/2243/1429
f 2547/2310/2547 3080/2281/3080 1483/2258/1483
f 2966/2324/2966 1122/2320/1122 3432/2323/3432
f 1289/126/1289 2489/2312/2489 1492/2334/1492
f 2966/2324/2966 357/2328/357 2489/2312/2489
f 357/2328/357 179/2330/179 2489/2312/2489
f 3023/2332/3023 1492/2334/1492 2489/2312/2489
f 1492/2334/1492 253/2336/253 4273/2338/4273
f 1492/2334/1492 4273/2338/4273 1289/126/1289
f 4273/2338/4273 2995/124/2995 1289/126/1289
f 179/2330/179 3023/2332/3023 2489/2312/2489
f 832/129/832 2057/2351/2057 392/127/392
f 2057/2351/2057 393/2352/393 392/127/392
f 255/2353/255 1454/2354/1454 235/2355/235
f 1994/2356/1994 2110/2357/2110 2578/2205/2578
f 255/2353/255 235/2355/235 1994/2356/1994
f 3152/2358/3152 1453/754/1453 1452/2359/1452
f 1452/2359/1452 255/2353/255 1994/2356/1994
f 1994/2356/1994 2578/2205/2578 3720/2204/3720
f 213/2360/213 2974/2361/2974 214/2362/214
f 1994/2356/1994 3720/2204/3720 1452/2359/1452
f 3720/2204/3720 213/2360/213 1452/2359/1452
f 3152/2358/3152 1452/2359/1452 213/2360/213
f 2577/753/2577 3154/755/3154 3386/2363/3386
f 3154/755/3154 3153/2364/3153 3386/2363/3386
f 3153/2364/3153 3152/2358/3152 3493/2365/3493
f 3152/2358/3152 213/2360/213 3493/2365/3493
f 213/2360/213 214/2362/214 759/2366/759
f 759/2366/759 757/1038/757 758/1037/758
f 213/2360/213 759/2366/759 3493/2365/3493
f 1652/2071/1652 2570/2367/2570 3386/2363/3386
f 3386/2363/3386 3153/2364/3153 322/670/322
f 3153/2364/3153 3493/2365/3493 1230/2368/1230
f 759/2366/759 758/1037/758 3493/2365/3493
f 322/670/322 1652/2071/1652 3386/2363/3386
f 2923/2369/2923 321/671/321 322/670/322
f 2022/2370/2022 3397/2371/3397 170/902/170
f 3397/2371/3397 2923/2369/2923 1230/2368/1230
f 1230/2368/1230 170/902/170 3397/2371/3397
f 4164/2372/4164 4163/2373/4163 758/1037/758
f 4163/2373/4163 3493/2365/3493 758/1037/758
f 1582/2374/1582 4164/2372/4164 758/1037/758
f 1230/2368/1230 2923/2369/2923 322/670/322
f 1230/2368/1230 322/670/322 3153/2364/3153
f 3459/2375/3459 1885/904/1885 1582/2374/1582
f 1582/2374/1582 758/1037/758 959/318/959
f 758/1037/758 2232/1036/2232 959/318/959
f 939/2376/939 472/2377/472 3459/2375/3459
f 3459/2375/3459 1582/2374/1582 1346/612/1346
f 60/2378/60 1582/2374/1582 959/318/959
f 858/2379/858 4189/2380/4189 4000/2203/4000
f 4189/2380/4189 1592/2381/1592 4000/2203/4000
f 4000/2203/4000 2006/319/2006 858/2379/858
f 2006/319/2006 959/318/959 2232/1036/2232
f 858/2379/858 2006/319/2006 2232/1036/2232
f 959/318/959 773/320/773 774/122/774
f 774/122/774 2051/121/2051 1275/186/1275
f 1275/186/1275 564/2382/564 2293/222/2293
f 2293/222/2293 3332/224/3332 116/2383/116
f 116/2383/116 254/2384/254 1560/2385/1560
f 1932/874/1932 2659/876/2659 3806/2386/3806
f 116/2383/116 1560/2385/1560 2293/222/2293
f 1560/2385/1560 1932/874/1932 2293/222/2293
f 774/122/774 1275/186/1275 2293/222/2293
f 3806/2386/3806 1680/2387/1680 828/575/828
f 2293/222/2293 1932/874/1932 1143/2388/1143
f 1932/874/1932 3806/2386/3806 3491/6/3491
f 1143/2388/1143 1932/874/1932 3491/6/3491
f 3806/2386/3806 828/575/828 3491/6/3491
f 828/575/828 2879/574/2879 3491/6/3491
f 3491/6/3491 3875/5/3875 2451/469/2451
f 3875/5/3875 2905/2389/2905 2451/469/2451
f 2451/469/2451 3074/471/3074 3075/2390/3075
f 774/122/774 2293/222/2293 1143/2388/1143
f 3491/6/3491 2451/469/2451 1143/2388/1143
f 2451/469/2451 3075/2390/3075 1143/2388/1143
f 3075/2390/3075 1739/1138/1739 1511/2391/1511
f 1511/2391/1511 2559/2392/2559 2560/2393/2560
f 2560/2393/2560 3941/928/3941 24/927/24
f 24/927/24 4058/2394/4058 2429/1004/2429
f 4058/2394/4058 2979/2395/2979 2429/1004/2429
f 2429/1004/2429 1220/1006/1220 573/824/573
f 1220/1006/1220 1219/2396/1219 573/824/573
f 1511/2391/1511 2560/2393/2560 1143/2388/1143
f 2560/2393/2560 24/927/24 1143/2388/1143
f 3075/2390/3075 1511/2391/1511 1143/2388/1143
f 24/927/24 2429/1004/2429 1143/2388/1143
f 2429/1004/2429 573/824/573 1143/2388/1143
f 774/122/774 1143/2388/1143 60/2378/60
f 959/318/959 774/122/774 60/2378/60
f 451/2397/451 2349/2398/2349 845/2399/845
f 845/2399/845 846/2400/846 844/2401/844
f 226/2402/226 93/2403/93 2344/2404/2344
f 451/2397/451 845/2399/845 844/2401/844
f 60/2378/60 451/2397/451 844/2401/844
f 60/2378/60 844/2401/844 226/2402/226
f 2344/2404/2344 1633/2405/1633 391/2406/391
f 60/2378/60 226/2402/226 2344/2404/2344
f 1582/2374/1582 60/2378/60 1345/2407/1345
f 2377/2408/2377 939/2376/939 3459/2375/3459
f 1125/1230/1125 1126/1229/1126 2377/2408/2377
f 2690/843/2690 2104/842/2104 1392/1228/1392
f 1125/1230/1125 2377/2408/2377 715/2409/715
f 2377/2408/2377 3459/2375/3459 808/611/808
f 715/2409/715 2377/2408/2377 3286/748/3286
f 2690/843/2690 1392/1228/1392 1125/1230/1125
f 2312/2410/2312 2367/841/2367 1140/132/1140
f 2367/841/2367 2690/843/2690 797/2411/797
f 1140/132/1140 2367/841/2367 2039/2412/2039
f 1140/132/1140 667/957/667 2312/2410/2312
f 1138/2413/1138 1139/958/1139 1140/132/1140
f 1134/2414/1134 2157/925/2157 2960/2415/2960
f 2157/925/2157 2472/2416/2472 2960/2415/2960
f 2472/2416/2472 1138/2413/1138 3176/2417/3176
f 2960/2415/2960 2472/2416/2472 3176/2417/3176
f 251/2418/251 3011/2419/3011 2960/2415/2960
f 2039/2412/2039 2367/841/2367 797/2411/797
f 251/2418/251 2960/2415/2960 3176/2417/3176
f 2690/843/2690 1125/1230/1125 715/2409/715
f 2690/843/2690 715/2409/715 191/2420/191
f 1582/2374/1582 1345/2407/1345 1346/612/1346
f 60/2378/60 2344/2404/2344 725/2421/725
f 1345/2407/1345 60/2378/60 4028/2422/4028
f 391/2406/391 2871/2423/2871 1828/2424/1828
f 2344/2404/2344 391/2406/391 725/2421/725
f 60/2378/60 1804/2425/1804 4028/2422/4028
f 1804/2425/1804 60/2378/60 1575/2426/1575
f 391/2406/391 1828/2424/1828 3481/2427/3481
f 1327/2428/1327 391/2406/391 3481/2427/3481
f 1828/2424/1828 3149/2429/3149 2395/2430/2395
f 2395/2430/2395 2930/2431/2930 2257/2432/2257
f 2256/2433/2256 591/2434/591 3481/2427/3481
f 2395/2430/2395 2257/2432/2257 2256/2433/2256
f 391/2406/391 1327/2428/1327 725/2421/725
f 1828/2424/1828 2395/2430/2395 2256/2433/2256
f 1828/2424/1828 2256/2433/2256 3481/2427/3481
f 3481/2427/3481 1328/2435/1328 1327/2428/1327
f 725/2421/725 1327/2428/1327 1936/2436/1936
f 1327/2428/1327 1326/2437/1326 99/2438/99
f 99/2438/99 100/2439/100 98/2440/98
f 98/2440/98 853/2441/853 1310/2442/1310
f 1310/2442/1310 2357/2443/2357 453/2444/453
f 1310/2442/1310 453/2444/453 1936/2436/1936
f 98/2440/98 1310/2442/1310 1936/2436/1936
f 725/2421/725 726/2445/726 727/2446/727
f 98/2440/98 1936/2436/1936 99/2438/99
f 99/2438/99 1936/2436/1936 1327/2428/1327
f 727/2446/727 1449/2447/1449 3731/2448/3731
f 725/2421/725 727/2446/727 60/2378/60
f 727/2446/727 3731/2448/3731 1575/2426/1575
f 60/2378/60 727/2446/727 1575/2426/1575
f 3731/2448/3731 428/2449/428 1622/2450/1622
f 1622/2450/1622 39/2451/39 3351/2452/3351
f 3351/2452/3351 2767/286/2767 406/2453/406
f 406/2453/406 388/2454/388 627/2455/627
f 627/2455/627 1408/2456/1408 1575/2426/1575
f 1575/2426/1575 3043/2457/3043 1802/2458/1802
f 1802/2458/1802 1803/2459/1803 1804/2425/1804
f 1194/2460/1194 4068/859/4068 4028/2422/4028
f 1575/2426/1575 1802/2458/1802 1804/2425/1804
f 1804/2425/1804 1194/2460/1194 4028/2422/4028
f 4028/2422/4028 4205/610/4205 1345/2407/1345
f 627/2455/627 1575/2426/1575 3731/2448/3731
f 3351/2452/3351 406/2453/406 3731/2448/3731
f 406/2453/406 627/2455/627 3731/2448/3731
f 3731/2448/3731 1622/2450/1622 3351/2452/3351
f 3280/2461/3280 2683/2462/2683 3176/2417/3176
f 1129/2463/1129 1226/775/1226 3280/2461/3280
f 2237/2464/2237 1130/2465/1130 1129/2463/1129
f 1604/2466/1604 2238/2467/2238 2237/2464/2237
f 3203/2468/3203 1605/2469/1605 1604/2466/1604
f 50/2470/50 87/2471/87 3203/2468/3203
f 2798/178/2798 49/2472/49 50/2470/50
f 841/179/841 2798/178/2798 50/2470/50
f 50/2470/50 3203/2468/3203 1604/2466/1604
f 1604/2466/1604 2237/2464/2237 1129/2463/1129
f 1129/2463/1129 3280/2461/3280 3176/2417/3176
f 1129/2463/1129 3176/2417/3176 3430/1189/3430
f 3176/2417/3176 1138/2413/1138 3430/1189/3430
f 50/2470/50 1604/2466/1604 3259/191/3259
f 1604/2466/1604 1129/2463/1129 3259/191/3259
f 842/2473/842 841/179/841 3259/191/3259
f 841/179/841 50/2470/50 3259/191/3259
f 2883/2474/2883 840/2475/840 842/2473/842
f 649/2192/649 2359/114/2359 842/2473/842
f 2359/114/2359 2884/2191/2884 842/2473/842
f 2884/2191/2884 2883/2474/2883 842/2473/842
f 842/2473/842 3259/191/3259 649/2192/649
f 3496/362/3496 648/364/648 649/2192/649
f 3829/133/3829 1344/996/1344 2095/997/2095
f 2095/997/2095 3496/362/3496 649/2192/649
f 3259/191/3259 1129/2463/1129 110/2476/110
f 1138/2413/1138 1140/132/1140 3431/2477/3431
f 1129/2463/1129 3430/1189/3430 110/2476/110
f 3829/133/3829 2095/997/2095 2185/1357/2185
f 2095/997/2095 649/2192/649 2185/1357/2185
f 2185/1357/2185 2368/1359/2368 3829/133/3829
f 4222/2478/4222 2936/2479/2936 3259/191/3259
f 2936/2479/2936 2185/1357/2185 3259/191/3259
f 3259/191/3259 3079/190/3079 4222/2478/4222
f 2350/2480/2350 3336/2481/3336 687/2482/687
f 2350/2480/2350 687/2482/687 3926/204/3926
f 687/2482/687 3259/191/3259 110/2476/110
f 2394/2483/2394 687/2482/687 110/2476/110
f 3455/2484/3455 2777/2485/2777 1626/2486/1626
f 2777/2485/2777 2350/2480/2350 1507/2487/1507
f 1626/2486/1626 1507/2487/1507 417/2488/417
f 1626/2486/1626 1823/1169/1823 3455/2484/3455
f 417/2488/417 1481/2489/1481 1626/2486/1626
f 1507/2487/1507 1256/2490/1256 417/2488/417
f 2394/2483/2394 3926/204/3926 687/2482/687
f 3926/204/3926 1507/2487/1507 2350/2480/2350
f 2425/2491/2425 604/205/604 2394/2483/2394
f 110/2476/110 3567/2492/3567 2394/2483/2394
f 3567/2492/3567 2425/2491/2425 2394/2483/2394
f 2648/2493/2648 3431/2477/3431 3640/2494/3640
f 3431/2477/3431 3430/1189/3430 1138/2413/1138
f 3640/2494/3640 3431/2477/3431 1238/2495/1238
f 1238/2495/1238 3431/2477/3431 738/131/738
f 257/2496/257 1774/2497/1774 645/2498/645
f 1774/2497/1774 3640/2494/3640 1052/58/1052
f 645/2498/645 1774/2497/1774 1052/58/1052
f 2836/2499/2836 2050/2500/2050 790/2501/790
f 2050/2500/2050 257/2496/257 790/2501/790
f 257/2496/257 1662/2502/1662 1663/2503/1663
f 1507/2487/1507 1626/2486/1626 2777/2485/2777
f 3259/191/3259 2185/1357/2185 649/2192/649
f 790/2501/790 257/2496/257 1663/2503/1663
f 1662/2502/1662 257/2496/257 645/2498/645
f 3122/2504/3122 1697/2505/1697 1663/2503/1663
f 3122/2504/3122 1663/2503/1663 1662/2502/1662
f 645/2498/645 644/2506/644 1662/2502/1662
f 1052/58/1052 3640/2494/3640 2953/2507/2953
f 1052/58/1052 4178/60/4178 645/2498/645
f 2953/2507/2953 781/2508/781 3631/1974/3631
f 2953/2507/2953 3640/2494/3640 1238/2495/1238
f 2953/2507/2953 3631/1974/3631 1052/58/1052
f 1238/2495/1238 77/2509/77 2953/2507/2953
f 738/131/738 716/717/716 1238/2495/1238
f 2039/2412/2039 1355/306/1355 130/130/130
f 797/2411/797 796/307/796 2039/2412/2039
f 191/2420/191 190/2510/190 797/2411/797
f 715/2409/715 1974/747/1974 191/2420/191
f 2003/2511/2003 3286/748/3286 2505/2512/2505
f 2505/2512/2505 3286/748/3286 808/611/808
f 808/611/808 4204/2513/4204 2505/2512/2505
f 808/611/808 3286/748/3286 2377/2408/2377
f 191/2420/191 797/2411/797 2690/843/2690
f 2039/2412/2039 130/130/130 1140/132/1140
f 738/131/738 3431/2477/3431 1140/132/1140
f 3459/2375/3459 1346/612/1346 808/611/808
f 533/2514/533 1344/996/1344 4012/135/4012
f 1344/996/1344 3829/133/3829 4012/135/4012
f 3607/136/3607 2291/2515/2291 4143/137/4143
f 1729/139/1729 1728/910/1728 4308/140/4308
f 1014/2516/1014 1015/2517/1015 2713/2518/2713
f 2713/2518/2713 3588/2519/3588 3421/2520/3421
f 3588/2519/3588 3659/2521/3659 3421/2520/3421
f 3659/2521/3659 4218/2522/4218 4217/2523/4217
f 4217/2523/4217 3312/2524/3312 3659/2521/3659
f 3312/2524/3312 711/2525/711 2967/2526/2967
f 711/2525/711 2972/2527/2972 4031/2528/4031
f 2838/2529/2838 223/2530/223 3031/2531/3031
f 711/2525/711 4031/2528/4031 3031/2531/3031
f 4031/2528/4031 2838/2529/2838 3031/2531/3031
f 3312/2524/3312 2967/2526/2967 4062/2532/4062
f 3659/2521/3659 3312/2524/3312 4062/2532/4062
f 1014/2516/1014 2713/2518/2713 3421/2520/3421
f 3046/2533/3046 1939/2534/1939 1014/2516/1014
f 2371/2535/2371 2364/2536/2364 1022/2537/1022
f 2364/2536/2364 3046/2533/3046 1022/2537/1022
f 3421/2520/3421 2151/2538/2151 1022/2537/1022
f 3046/2533/3046 1014/2516/1014 3421/2520/3421
f 1022/2537/1022 3046/2533/3046 3421/2520/3421
f 711/2525/711 3031/2531/3031 3131/2539/3131
f 2967/2526/2967 711/2525/711 2224/2540/2224
f 1702/2541/1702 730/2542/730 4274/2543/4274
f 3031/2531/3031 1702/2541/1702 3131/2539/3131
f 711/2525/711 3131/2539/3131 2849/2544/2849
f 897/2545/897 2440/2546/2440 4244/2547/4244
f 2440/2546/2440 3421/2520/3421 4244/2547/4244
f 2744/2548/2744 3537/2549/3537 4244/2547/4244
f 3421/2520/3421 3659/2521/3659 3428/2550/3428
f 3428/2550/3428 3659/2521/3659 4062/2532/4062
f 4274/2543/4274 3886/2551/3886 3302/2552/3302
f 4244/2547/4244 3421/2520/3421 2744/2548/2744
f 4300/2553/4300 2743/2554/2743 2744/2548/2744
f 3302/2552/3302 1380/2555/1380 4313/2556/4313
f 1380/2555/1380 1381/2557/1381 4313/2556/4313
f 4313/2556/4313 1723/2558/1723 3453/2559/3453
f 4274/2543/4274 3302/2552/3302 4313/2556/4313
f 3453/2559/3453 3166/2560/3166 1789/2561/1789
f 3166/2560/3166 2387/2562/2387 1789/2561/1789
f 4274/2543/4274 4313/2556/4313 3453/2559/3453
f 4300/2553/4300 2744/2548/2744 3421/2520/3421
f 328/2563/328 4301/2564/4301 4300/2553/4300
f 3791/2565/3791 1157/2566/1157 328/2563/328
f 2876/2567/2876 4329/2568/4329 3791/2565/3791
f 3428/2550/3428 3130/2569/3130 2876/2567/2876
f 4062/2532/4062 3569/2570/3569 3428/2550/3428
f 2967/2526/2967 857/2571/857 4062/2532/4062
f 1763/2572/1763 3952/2573/3952 2224/2540/2224
f 2849/2544/2849 1763/2572/1763 2224/2540/2224
f 2849/2544/2849 2224/2540/2224 711/2525/711
f 3643/2574/3643 892/2575/892 3131/2539/3131
f 3428/2550/3428 2876/2567/2876 3421/2520/3421
f 2876/2567/2876 3791/2565/3791 3421/2520/3421
f 3791/2565/3791 328/2563/328 3421/2520/3421
f 328/2563/328 4300/2553/4300 3421/2520/3421
f 1702/2541/1702 4274/2543/4274 1927/2576/1927
f 4274/2543/4274 3453/2559/3453 2300/2577/2300
f 2300/2577/2300 1789/2561/1789 2122/2578/2122
f 160/2579/160 1187/2580/1187 1188/2581/1188
f 3453/2559/3453 1789/2561/1789 2300/2577/2300
f 1789/2561/1789 160/2579/160 2122/2578/2122
f 160/2579/160 1188/2581/1188 2122/2578/2122
f 2122/2578/2122 4238/2582/4238 4277/2583/4277
f 55/2584/55 56/2585/56 57/2586/57
f 57/2586/57 1579/2587/1579 1665/2588/1665
f 1665/2588/1665 4139/2589/4139 3789/2590/3789
f 3789/2590/3789 2737/2591/2737 2736/2592/2736
f 2736/2592/2736 2738/2593/2738 2474/2594/2474
f 2474/2594/2474 3548/2595/3548 3161/2596/3161
f 3161/2596/3161 3160/2597/3160 401/2598/401
f 401/2598/401 3257/2599/3257 1117/2600/1117
f 1117/2600/1117 2724/2601/2724 3641/2602/3641
f 2724/2601/2724 2723/2603/2723 3641/2602/3641
f 3641/2602/3641 3999/2604/3999 3527/2605/3527
f 401/2598/401 1117/2600/1117 3527/2605/3527
f 1117/2600/1117 3641/2602/3641 3527/2605/3527
f 3527/2605/3527 3114/2606/3114 2753/2607/2753
f 3161/2596/3161 401/2598/401 2753/2607/2753
f 401/2598/401 3527/2605/3527 2753/2607/2753
f 2753/2607/2753 2751/2608/2751 2752/2609/2752
f 3789/2590/3789 2736/2592/2736 1665/2588/1665
f 2736/2592/2736 2474/2594/2474 1665/2588/1665
f 2474/2594/2474 3161/2596/3161 1665/2588/1665
f 3161/2596/3161 2753/2607/2753 1665/2588/1665
f 2753/2607/2753 2752/2609/2752 1665/2588/1665
f 55/2584/55 57/2586/57 2752/2609/2752
f 57/2586/57 1665/2588/1665 2752/2609/2752
f 2752/2609/2752 3004/2610/3004 55/2584/55
f 3004/2610/3004 3003/2611/3003 4017/2612/4017
f 4017/2612/4017 3363/2613/3363 2300/2577/2300
f 2565/2614/2565 2566/2615/2566 1730/2616/1730
f 3004/2610/3004 4017/2612/4017 4277/2583/4277
f 4017/2612/4017 2300/2577/2300 4277/2583/4277
f 2565/2614/2565 1730/2616/1730 329/142/329
f 2300/2577/2300 2565/2614/2565 4274/2543/4274
f 2565/2614/2565 329/142/329 4274/2543/4274
f 2113/143/2113 2192/2617/2192 2191/2618/2191
f 2113/143/2113 2191/2618/2191 526/2619/526
f 526/2619/526 525/2620/525 3028/144/3028
f 3028/144/3028 2226/2621/2226 1927/2576/1927
f 1927/2576/1927 968/2622/968 967/2623/967
f 967/2623/967 1425/2624/1425 2310/2625/2310
f 4066/2626/4066 1424/2627/1424 1737/2628/1737
f 1927/2576/1927 967/2623/967 1702/2541/1702
f 967/2623/967 2310/2625/2310 1702/2541/1702
f 4066/2626/4066 1737/2628/1737 3643/2574/3643
f 2310/2625/2310 4066/2626/4066 3131/2539/3131
f 4066/2626/4066 3643/2574/3643 3131/2539/3131
f 2310/2625/2310 3131/2539/3131 1702/2541/1702
f 4277/2583/4277 55/2584/55 3004/2610/3004
f 2122/2578/2122 4277/2583/4277 2300/2577/2300
f 2113/143/2113 526/2619/526 3028/144/3028
f 3028/144/3028 1927/2576/1927 4274/2543/4274
f 3028/144/3028 4274/2543/4274 329/142/329
f 1953/2629/1953 1954/2630/1954 4082/2631/4082
f 1952/2632/1952 325/2633/325 3116/2634/3116
f 325/2633/325 1375/2635/1375 999/2636/999
f 1953/2629/1953 4082/2631/4082 1952/2632/1952
f 3996/2637/3996 1378/2638/1378 3426/147/3426
f 1378/2638/1378 1953/2629/1953 81/145/81
f 3426/147/3426 1378/2638/1378 81/145/81
f 4322/2639/4322 993/2640/993 3426/147/3426
f 1953/2629/1953 1952/2632/1952 81/145/81
f 325/2633/325 999/2636/999 3116/2634/3116
f 3116/2634/3116 81/145/81 1952/2632/1952
f 4322/2639/4322 3426/147/3426 1109/146/1109
f 4322/2639/4322 1109/146/1109 3699/2641/3699
f 1108/2642/1108 3699/2641/3699 1109/146/1109
f 1019/148/1019 202/2643/202 4048/149/4048
f 272/151/272 3324/2644/3324 280/80/280
f 2808/2645/2808 960/2646/960 1108/2647/1108
f 960/2646/960 3699/2648/3699 1108/2647/1108
f 1108/2647/1108 1109/2649/1109 1110/2650/1110
f 1713/2651/1713 772/2652/772 2808/2645/2808
f 3704/2653/3704 1712/2654/1712 1713/2651/1713
f 433/2655/433 2526/2656/2526 2321/2657/2321
f 2321/2657/2321 3704/2653/3704 1713/2651/1713
f 1713/2651/1713 2808/2645/2808 1110/2650/1110
f 2808/2645/2808 1108/2647/1108 1110/2650/1110
f 1110/2650/1110 3878/2658/3878 3832/2659/3832
f 433/2655/433 2321/2657/2321 3832/2659/3832
f 2321/2657/2321 1713/2651/1713 1110/2650/1110
f 3082/153/3082 3019/2660/3019 433/2655/433
f 3907/2661/3907 3518/2662/3518 3082/153/3082
f 2866/2663/2866 4152/2664/4152 3907/2661/3907
f 3904/2665/3904 3129/2666/3129 2866/2663/2866
f 2907/2667/2907 2470/2668/2470 3904/2665/3904
f 3672/2669/3672 3181/2670/3181 3473/2671/3473
f 3181/2670/3181 2907/2667/2907 3473/2671/3473
f 1491/2672/1491 3306/2673/3306 266/2674/266
f 3306/2673/3306 3473/2671/3473 266/2674/266
f 2907/2667/2907 3904/2665/3904 2866/2663/2866
f 2866/2663/2866 3907/2661/3907 3190/2675/3190
f 3907/2661/3907 3082/153/3082 3190/2675/3190
f 2321/2657/2321 1110/2650/1110 3832/2659/3832
f 2907/2667/2907 2866/2663/2866 3473/2671/3473
f 3473/2671/3473 2866/2663/2866 266/2674/266
f 3082/153/3082 433/2655/433 2790/2676/2790
f 433/2655/433 3832/2659/3832 2790/2676/2790
f 3190/2675/3190 4159/2677/4159 266/2674/266
f 4289/155/4289 4239/2678/4239 3190/2675/3190
f 1550/2679/1550 3172/2680/3172 4289/155/4289
f 1549/2681/1549 3750/2682/3750 1406/154/1406
f 3750/2682/3750 1550/2679/1550 1406/154/1406
f 2790/2676/2790 2789/2683/2789 1406/154/1406
f 1550/2679/1550 4289/155/4289 1406/154/1406
f 4289/155/4289 3190/2675/3190 3082/153/3082
f 3190/2675/3190 266/2674/266 2866/2663/2866
f 2790/2676/2790 1406/154/1406 3082/153/3082
f 1479/156/1479 3866/2684/3866 3850/157/3850
f 3367/2685/3367 2212/2686/2212 4002/2687/4002
f 2212/2686/2212 619/2688/619 4002/2687/4002
f 4002/2687/4002 3946/2689/3946 1190/2690/1190
f 3708/2691/3708 789/2692/789 396/2693/396
f 789/2692/789 3367/2685/3367 396/2693/396
f 394/161/394 395/2694/395 396/2693/396
f 3367/2685/3367 4002/2687/4002 3042/2695/3042
f 4002/2687/4002 1190/2690/1190 1189/2696/1189
f 3042/2695/3042 4002/2687/4002 1189/2696/1189
f 1190/2690/1190 3188/2697/3188 3189/2698/3189
f 1189/2696/1189 4223/2699/4223 3042/2695/3042
f 1190/2690/1190 3189/2698/3189 1189/2696/1189
f 396/2693/396 3367/2685/3367 3042/2695/3042
f 4158/160/4158 3766/2700/3766 394/161/394
f 394/161/394 396/2693/396 3042/2695/3042
f 4151/159/4151 326/2701/326 2908/2702/2908
f 4151/159/4151 2908/2702/2908 4158/160/4158
f 2908/2702/2908 3975/2703/3975 4158/160/4158
f 394/161/394 3042/2695/3042 4151/159/4151
f 492/2704/492 491/2705/491 4323/2706/4323
f 491/2705/491 924/2707/924 3073/2708/3073
f 924/2707/924 1287/2709/1287 3073/2708/3073
f 1287/2709/1287 3037/2710/3037 3073/2708/3073
f 3037/2710/3037 370/2711/370 3244/2712/3244
f 3244/2712/3244 792/2713/792 1551/2714/1551
f 792/2713/792 1826/1367/1826 2802/2715/2802
f 1826/1367/1826 1858/2716/1858 2381/2717/2381
f 1826/1367/1826 2381/2717/2381 3250/2718/3250
f 3037/2710/3037 3244/2712/3244 3073/2708/3073
f 792/2713/792 2802/2715/2802 4292/2719/4292
f 491/2705/491 3073/2708/3073 4323/2706/4323
f 3222/2720/3222 1846/2721/1846 4291/2722/4291
f 1846/2721/1846 1551/2714/1551 4291/2722/4291
f 1551/2714/1551 3073/2708/3073 3244/2712/3244
f 4291/2722/4291 1551/2714/1551 4292/2719/4292
f 4292/2719/4292 1551/2714/1551 792/2713/792
f 1826/1367/1826 3250/2718/3250 2802/2715/2802
f 2802/2715/2802 1274/2723/1274 4292/2719/4292
f 2210/164/2210 2971/2724/2971 3373/2725/3373
f 2210/164/2210 3373/2725/3373 2209/162/2209
f 3373/2725/3373 2802/2715/2802 3250/2718/3250
f 2209/162/2209 3373/2725/3373 3250/2718/3250
f 3647/2726/3647 388/2454/388 4280/167/4280
f 388/2454/388 406/2453/406 4280/167/4280
f 406/2453/406 2928/285/2928 2927/165/2927
f 2927/165/2927 776/2727/776 1671/166/1671
f 1671/166/1671 1672/2728/1672 4182/2729/4182
f 1671/166/1671 4182/2729/4182 4280/167/4280
f 4280/167/4280 406/2453/406 2927/165/2927
f 2289/170/2289 975/2730/975 4330/2731/4330
f 975/2730/975 3982/2732/3982 4330/2731/4330
f 3982/2732/3982 3983/2733/3983 4330/2731/4330
f 4330/2731/4330 3682/168/3682 2289/170/2289
f 3682/168/3682 4308/2734/4308 4309/169/4309
f 2289/170/2289 4309/169/4309 3444/2735/3444
f 1835/614/1835 2477/2736/2477 3022/173/3022
f 2477/2736/2477 3727/171/3727 3022/173/3022
f 751/174/751 159/1056/159 158/175/158
f 842/2473/842 840/2475/840 841/179/841
f 840/2475/840 2518/177/2518 841/179/841
f 608/180/608 2085/2737/2085 2086/181/2086
f 859/183/859 3784/2738/3784 3785/184/3785
f 564/2382/564 1275/186/1275 3284/188/3284
f 1275/186/1275 2051/121/2051 2499/2739/2499
f 3811/187/3811 1275/186/1275 2499/2739/2499
f 2051/121/2051 2578/2205/2578 2110/2357/2110
f 2110/2357/2110 1994/2356/1994 235/2355/235
f 235/2355/235 1454/2354/1454 2577/753/2577
f 2577/753/2577 3386/2363/3386 3180/2740/3180
f 3386/2363/3386 2570/2367/2570 3180/2740/3180
f 2570/2367/2570 1652/2071/1652 1975/2741/1975
f 1652/2071/1652 1654/85/1654 1975/2741/1975
f 1654/85/1654 25/2742/25 1975/2741/1975
f 3180/2740/3180 2499/2739/2499 2110/2357/2110
f 2110/2357/2110 2499/2739/2499 2051/121/2051
f 2570/2367/2570 1975/2741/1975 3180/2740/3180
f 235/2355/235 2577/753/2577 3180/2740/3180
f 2110/2357/2110 235/2355/235 3180/2740/3180
f 3811/187/3811 2001/2743/2001 2000/2744/2000
f 3284/188/3284 1104/1213/1104 564/2382/564
f 1104/1213/1104 3290/223/3290 564/2382/564
f 3811/187/3811 2000/2744/2000 3284/188/3284
f 3259/191/3259 687/2482/687 91/2745/91
f 687/2482/687 3336/2481/3336 91/2745/91
f 91/2745/91 3713/189/3713 3259/191/3259
f 1405/2746/1405 4166/2747/4166 4117/2748/4117
f 4117/2748/4117 3783/2749/3783 3785/2750/3785
f 3785/2750/3785 3784/2751/3784 332/2752/332
f 3784/2751/3784 3087/2753/3087 332/2752/332
f 1405/2746/1405 4117/2748/4117 332/2752/332
f 4117/2748/4117 3785/2750/3785 332/2752/332
f 1196/2754/1196 4046/2755/4046 1405/2746/1405
f 4007/2756/4007 4006/2757/4006 2464/193/2464
f 1196/2754/1196 1405/2746/1405 3142/2758/3142
f 3423/2759/3423 4007/2756/4007 2464/193/2464
f 2464/193/2464 1196/2754/1196 614/194/614
f 1405/2746/1405 332/2752/332 3142/2758/3142
f 3424/2760/3424 3423/2759/3423 4112/192/4112
f 3423/2759/3423 2464/193/2464 4112/192/4112
f 4112/192/4112 4160/2761/4160 3424/2760/3424
f 874/2762/874 3211/2763/3211 40/2764/40
f 3211/2763/3211 4112/192/4112 40/2764/40
f 614/194/614 1695/2765/1695 40/2764/40
f 1196/2754/1196 3142/2758/3142 614/194/614
f 3142/2758/3142 613/2766/613 614/194/614
f 614/194/614 40/2764/40 4112/192/4112
f 2091/195/2091 2510/2767/2510 734/196/734
f 410/200/410 1543/2768/1543 1544/2769/1544
f 1543/2768/1543 724/2770/724 1544/2769/1544
f 724/2770/724 722/2771/722 723/2772/723
f 723/2772/723 2919/2773/2919 724/2770/724
f 2919/2773/2919 1544/2769/1544 724/2770/724
f 1544/2769/1544 144/2774/144 410/200/410
f 144/2774/144 145/198/145 410/200/410
f 145/198/145 583/2775/583 779/199/779
f 779/199/779 1334/1021/1334 410/200/410
f 622/252/622 623/2776/623 2418/203/2418
f 623/2776/623 1520/201/1520 2418/203/2418
f 3926/204/3926 2394/2483/2394 604/205/604
f 2527/2777/2527 2198/2316/2198 3553/209/3553
f 2198/2316/2198 90/207/90 3553/209/3553
f 587/208/587 265/2778/265 3553/209/3553
f 265/2778/265 3726/2779/3726 3553/209/3553
f 2627/211/2627 4247/2780/4247 1822/212/1822
f 4247/2780/4247 4246/2781/4246 1822/212/1822
f 1822/212/1822 3191/2782/3191 908/210/908
f 3191/2782/3191 3810/2783/3810 908/210/908
f 3810/2783/3810 909/2784/909 908/210/908
f 1866/2785/1866 3957/2786/3957 1844/2787/1844
f 1844/2787/1844 778/2788/778 1524/2789/1524
f 1524/2789/1524 963/2790/963 115/2791/115
f 963/2790/963 2932/2792/2932 115/2791/115
f 115/2791/115 2880/2793/2880 202/2794/202
f 2880/2793/2880 4048/2795/4048 202/2794/202
f 1844/2787/1844 1524/2789/1524 115/2791/115
f 1019/2796/1019 4072/2797/4072 3255/2798/3255
f 4072/2797/4072 3800/2799/3800 3255/2798/3255
f 1844/2787/1844 115/2791/115 202/2794/202
f 202/2794/202 1019/2796/1019 3255/2798/3255
f 1866/2785/1866 1844/2787/1844 2024/2800/2024
f 1844/2787/1844 202/2794/202 2024/2800/2024
f 1421/2801/1421 2940/2802/2940 2024/2800/2024
f 2940/2802/2940 1866/2785/1866 2024/2800/2024
f 74/215/74 1421/2801/1421 2024/2800/2024
f 202/2794/202 3255/2798/3255 1437/2803/1437
f 2024/2800/2024 202/2794/202 1437/2803/1437
f 3648/2804/3648 825/2805/825 3711/2806/3711
f 825/2805/825 2513/2807/2513 3711/2806/3711
f 3255/2798/3255 3648/2804/3648 3711/2806/3711
f 3711/2806/3711 476/2808/476 1839/2809/1839
f 476/2808/476 1178/2810/1178 1839/2809/1839
f 1422/2811/1422 74/215/74 896/214/896
f 1631/2812/1631 1420/2813/1420 1422/2811/1422
f 3387/2814/3387 2418/2815/2418 1631/2812/1631
f 1824/2816/1824 3388/2817/3388 3387/2814/3387
f 3407/2818/3407 3408/2819/3408 1824/2816/1824
f 1391/2820/1391 3164/2821/3164 4299/2822/4299
f 3164/2821/3164 3407/2818/3407 4299/2822/4299
f 3298/2823/3298 3299/2824/3299 4299/2822/4299
f 3407/2818/3407 1824/2816/1824 3387/2814/3387
f 3387/2814/3387 1631/2812/1631 1422/2811/1422
f 74/215/74 2024/2800/2024 2023/213/2023
f 3255/2798/3255 3711/2806/3711 1437/2803/1437
f 1839/2809/1839 38/2825/38 2288/2826/2288
f 38/2825/38 3552/2827/3552 2288/2826/2288
f 3552/2827/3552 2750/2828/2750 2749/2829/2749
f 2749/2829/2749 4021/2830/4021 2805/2831/2805
f 2805/2831/2805 3702/2832/3702 3521/2833/3521
f 3521/2833/3521 1025/2834/1025 3625/2835/3625
f 1025/2834/1025 2131/2836/2131 3625/2835/3625
f 3625/2835/3625 951/2837/951 4250/2838/4250
f 2749/2829/2749 2805/2831/2805 2288/2826/2288
f 2805/2831/2805 3521/2833/3521 183/2188/183
f 2288/2826/2288 2805/2831/2805 3922/2839/3922
f 3552/2827/3552 2749/2829/2749 2288/2826/2288
f 3711/2806/3711 1839/2809/1839 2288/2826/2288
f 3407/2818/3407 3387/2814/3387 4299/2822/4299
f 3387/2814/3387 1422/2811/1422 896/214/896
f 3298/2823/3298 3387/2814/3387 896/214/896
f 3298/2823/3298 4299/2822/4299 3387/2814/3387
f 896/214/896 3524/2840/3524 3298/2823/3298
f 2023/213/2023 2025/2841/2025 896/214/896
f 2288/2826/2288 1437/2803/1437 3711/2806/3711
f 3069/2842/3069 2288/2826/2288 3922/2839/3922
f 1463/2843/1463 1462/2844/1462 3922/2839/3922
f 3922/2839/3922 2805/2831/2805 1463/2843/1463
f 1463/2843/1463 2805/2831/2805 183/2188/183
f 3200/2845/3200 1464/2846/1464 1463/2843/1463
f 207/2847/207 2997/2848/2997 3200/2845/3200
f 2430/106/2430 2305/2849/2305 207/2847/207
f 3663/2189/3663 184/107/184 183/2188/183
f 183/2188/183 2430/106/2430 207/2847/207
f 3200/2845/3200 1463/2843/1463 183/2188/183
f 183/2188/183 207/2847/207 3200/2845/3200
f 911/2850/911 2141/108/2141 3663/2189/3663
f 183/2188/183 4250/2838/4250 3663/2189/3663
f 911/2850/911 3663/2189/3663 1810/2851/1810
f 1810/2851/1810 3663/2189/3663 2846/2852/2846
f 2846/2852/2846 2845/2853/2845 1810/2851/1810
f 2846/2852/2846 3663/2189/3663 4250/2838/4250
f 4250/2838/4250 183/2188/183 3521/2833/3521
f 4250/2838/4250 4315/2854/4315 2846/2852/2846
f 3521/2833/3521 3625/2835/3625 4250/2838/4250
f 3551/216/3551 4176/1013/4176 3865/217/3865
f 2209/2855/2209 3250/2856/3250 3757/221/3757
f 3250/2856/3250 2381/2857/2381 3757/221/3757
f 2381/2857/2381 3793/219/3793 3757/221/3757
f 2293/222/2293 564/2382/564 3290/223/3290
f 3290/223/3290 1104/1213/1104 3332/224/3332
f 919/2858/919 374/2859/374 3412/2860/3412
f 3412/2860/3412 3688/2861/3688 2071/2862/2071
f 2072/2863/2072 2889/2864/2889 1389/2865/1389
f 3412/2860/3412 2071/2862/2071 2072/2863/2072
f 1595/2866/1595 4230/2867/4230 919/2858/919
f 919/2858/919 3412/2860/3412 3928/2868/3928
f 3412/2860/3412 2072/2863/2072 1526/2869/1526
f 3928/2868/3928 3412/2860/3412 1526/2869/1526
f 1389/2865/1389 4087/2870/4087 3492/2871/3492
f 2072/2863/2072 1389/2865/1389 3955/2872/3955
f 1526/2869/1526 2072/2863/2072 3955/2872/3955
f 3928/2868/3928 1595/2866/1595 919/2858/919
f 1526/2869/1526 1340/2873/1340 3928/2868/3928
f 3955/2872/3955 1557/2874/1557 1526/2869/1526
f 3282/2875/3282 1705/2876/1705 3955/2872/3955
f 3993/2877/3993 3283/2878/3283 3282/2875/3282
f 4267/2879/4267 1053/2880/1053 3993/2877/3993
f 1578/2881/1578 3187/2882/3187 1743/2883/1743
f 3187/2882/3187 4267/2879/4267 1743/2883/1743
f 3111/2884/3111 3110/2885/3110 1743/2883/1743
f 1743/2883/1743 4267/2879/4267 3492/2871/3492
f 4267/2879/4267 3993/2877/3993 3492/2871/3492
f 590/2886/590 375/2887/375 2851/2888/2851
f 375/2887/375 3111/2884/3111 3840/2889/3840
f 3111/2884/3111 1743/2883/1743 3492/2871/3492
f 3993/2877/3993 3282/2875/3282 3492/2871/3492
f 4103/2890/4103 2851/2888/2851 375/2887/375
f 3839/2891/3839 3841/2892/3841 4103/2890/4103
f 3839/2891/3839 4103/2890/4103 375/2887/375
f 375/2887/375 3840/2889/3840 3839/2891/3839
f 3840/2889/3840 3111/2884/3111 4194/225/4194
f 3282/2875/3282 3955/2872/3955 1389/2865/1389
f 3111/2884/3111 3492/2871/3492 4194/225/4194
f 3681/2893/3681 3515/2894/3515 4035/227/4035
f 3492/2871/3492 3282/2875/3282 1389/2865/1389
f 2316/226/2316 3681/2893/3681 4035/227/4035
f 4035/227/4035 3840/2889/3840 4194/225/4194
f 2468/2895/2468 885/2896/885 4127/228/4127
f 885/2896/885 28/2897/28 3959/229/3959
f 4127/228/4127 885/2896/885 3959/229/3959
f 28/2897/28 1629/2898/1629 3959/229/3959
f 3959/229/3959 187/2899/187 1253/230/1253
f 1253/230/1253 2988/2900/2988 3792/2901/3792
f 3792/2901/3792 2171/2902/2171 1827/2903/1827
f 1827/2903/1827 3020/2904/3020 4127/228/4127
f 1253/230/1253 3792/2901/3792 1827/2903/1827
f 1827/2903/1827 4127/228/4127 1253/230/1253
f 2655/2905/2655 2656/2906/2656 1589/233/1589
f 2656/2906/2656 1587/231/1587 1589/233/1589
f 2512/912/2512 2494/2907/2494 4149/2908/4149
f 3767/2909/3767 3984/2910/3984 3230/2911/3230
f 3984/2910/3984 3231/2912/3231 3230/2911/3230
f 2512/912/2512 4149/2908/4149 4180/2913/4180
f 4149/2908/4149 3767/2909/3767 4180/2913/4180
f 1942/2914/1942 2013/913/2013 2512/912/2512
f 4180/2913/4180 4078/2915/4078 1787/2916/1787
f 1787/2916/1787 1942/2914/1942 2512/912/2512
f 3230/2911/3230 3503/2917/3503 3824/234/3824
f 3503/2917/3503 991/2918/991 3824/234/3824
f 3767/2909/3767 3230/2911/3230 3824/234/3824
f 1611/236/1611 3767/2909/3767 3824/234/3824
f 4180/2913/4180 1787/2916/1787 2512/912/2512
f 1611/236/1611 798/2919/798 4180/2913/4180
f 3824/234/3824 133/2920/133 132/235/132
f 1611/236/1611 4180/2913/4180 3767/2909/3767
f 1357/1753/1357 560/1752/560 559/1755/559
f 559/1755/559 2345/24/2345 2834/1757/2834
f 2834/1757/2834 211/1756/211 119/1759/119
f 119/1759/119 118/1758/118 166/239/166
f 166/239/166 165/1760/165 629/1762/629
f 629/1762/629 589/1761/589 2549/1764/2549
f 2549/1764/2549 2550/1763/2550 2297/1766/2297
f 2297/1766/2297 309/1765/309 308/1768/308
f 308/1768/308 307/1767/307 4041/1770/4041
f 3753/2921/3753 4297/2922/4297 3305/1745/3305
f 4297/2922/4297 4175/2923/4175 3305/1745/3305
f 308/1768/308 4041/1770/4041 3753/2921/3753
f 629/1762/629 2549/1764/2549 506/1747/506
f 2549/1764/2549 2297/1766/2297 221/1744/221
f 221/1744/221 2297/1766/2297 3753/2921/3753
f 2297/1766/2297 308/1768/308 3753/2921/3753
f 4175/2923/4175 3819/2924/3819 1216/1741/1216
f 3819/2924/3819 1870/1733/1870 1216/1741/1216
f 1870/1733/1870 1217/1735/1217 1216/1741/1216
f 1216/1741/1216 1218/1740/1218 4175/2923/4175
f 1218/1740/1218 3305/1745/3305 4175/2923/4175
f 2549/1764/2549 221/1744/221 504/1746/504
f 2834/1757/2834 119/1759/119 166/239/166
f 221/1744/221 1248/1743/1248 504/1746/504
f 3753/2921/3753 3305/1745/3305 221/1744/221
f 2834/1757/2834 166/239/166 1785/1749/1785
f 166/239/166 629/1762/629 538/1748/538
f 1785/1749/1785 166/239/166 2172/238/2172
f 1357/1753/1357 559/1755/559 1785/1749/1785
f 559/1755/559 2834/1757/2834 1785/1749/1785
f 2270/1706/2270 1538/1754/1538 1357/1753/1357
f 2193/1327/2193 2626/1326/2626 2498/1751/2498
f 2498/1751/2498 2270/1706/2270 1357/1753/1357
f 2549/1764/2549 504/1746/504 506/1747/506
f 504/1746/504 505/1736/505 506/1747/506
f 506/1747/506 1599/1742/1599 538/1748/538
f 538/1748/538 536/1739/536 537/237/537
f 537/237/537 2273/1738/2273 2172/238/2172
f 2172/238/2172 1692/1737/1692 1785/1749/1785
f 1785/1749/1785 2099/1732/2099 2153/1750/2153
f 2153/1750/2153 2193/1327/2193 2498/1751/2498
f 2498/1751/2498 1357/1753/1357 2153/1750/2153
f 2153/1750/2153 1357/1753/1357 1785/1749/1785
f 506/1747/506 538/1748/538 629/1762/629
f 538/1748/538 537/237/537 166/239/166
f 1752/244/1752 3429/2925/3429 1753/2926/1753
f 1753/2926/1753 2735/2927/2735 1752/244/1752
f 2735/2927/2735 3939/245/3939 1752/244/1752
f 3939/245/3939 876/2928/876 6/2929/6
f 6/2929/6 4020/243/4020 3939/245/3939
f 2746/247/2746 3816/2930/3816 3899/248/3899
f 3899/248/3899 791/2931/791 1898/246/1898
f 791/2931/791 1271/2932/1271 1898/246/1898
f 1271/2932/1271 1416/2933/1416 4181/2934/4181
f 4181/2934/4181 324/2935/324 1271/2932/1271
f 324/2935/324 1898/246/1898 1271/2932/1271
f 951/249/951 44/2214/44 4315/250/4315
f 622/252/622 2418/203/2418 3387/253/3387
f 1755/255/1755 1607/1530/1607 1756/256/1756
f 515/258/515 2841/979/2841 492/259/492
f 3969/262/3969 3968/2936/3968 3409/2937/3409
f 3409/2937/3409 3410/2938/3410 3969/262/3969
f 3410/2938/3410 2386/263/2386 3969/262/3969
f 2386/263/2386 3509/2939/3509 3399/2940/3399
f 3509/2939/3509 3512/2941/3512 3399/2940/3399
f 3512/2941/3512 1593/2942/1593 3399/2940/3399
f 1593/2942/1593 780/2943/780 3399/2940/3399
f 3399/2940/3399 2788/261/2788 2386/263/2386
f 728/770/728 2019/2944/2019 1242/266/1242
f 2019/2944/2019 3340/2945/3340 2909/2946/2909
f 2909/2946/2909 86/2947/86 3382/264/3382
f 2019/2944/2019 2909/2946/2909 1242/266/1242
f 1242/266/1242 1855/1364/1855 728/770/728
f 3285/265/3285 1856/1363/1856 1242/266/1242
f 3382/264/3382 3918/2948/3918 3285/265/3285
f 2909/2946/2909 3382/264/3382 1242/266/1242
f 2383/267/2383 1041/1127/1041 1040/268/1040
f 2571/270/2571 1123/1915/1123 1122/271/1122
f 925/272/925 2572/1916/2572 2571/270/2571
f 2821/2949/2821 4233/2950/4233 3758/2951/3758
f 3758/2951/3758 2203/2952/2203 3860/2953/3860
f 1002/273/1002 3691/2954/3691 4207/274/4207
f 3758/2951/3758 3860/2953/3860 1002/273/1002
f 2820/2955/2820 2821/2949/2821 3006/275/3006
f 2821/2949/2821 3758/2951/3758 3006/275/3006
f 4207/274/4207 2590/2956/2590 3006/275/3006
f 3758/2951/3758 1002/273/1002 3006/275/3006
f 3940/276/3940 4206/2957/4206 1977/277/1977
f 4206/2957/4206 4184/2958/4184 1977/277/1977
f 1977/277/1977 3549/2959/3549 1105/278/1105
f 3058/2960/3058 156/820/156 1105/278/1105
f 156/820/156 3940/276/3940 1105/278/1105
f 4036/279/4036 1069/2961/1069 2188/280/2188
f 4106/282/4106 4107/2962/4107 4104/283/4104
f 2174/2963/2174 776/2727/776 2928/285/2928
f 776/2727/776 2927/165/2927 2928/285/2928
f 2928/285/2928 406/2453/406 2767/286/2767
f 1180/2964/1180 4148/2965/4148 548/2966/548
f 4148/2965/4148 2174/2963/2174 690/287/690
f 548/2966/548 4148/2965/4148 690/287/690
f 4178/60/4178 2956/2967/2956 3854/2968/3854
f 2174/2963/2174 2928/285/2928 690/287/690
f 645/2498/645 4178/60/4178 3854/2968/3854
f 645/2498/645 3854/2968/3854 644/2506/644
f 3854/2968/3854 1180/2964/1180 644/2506/644
f 3122/2504/3122 1662/2502/1662 644/2506/644
f 2767/286/2767 3351/2452/3351 39/2451/39
f 39/2451/39 1622/2450/1622 428/2449/428
f 428/2449/428 3731/2448/3731 1449/2447/1449
f 1449/2447/1449 727/2446/727 726/2445/726
f 726/2445/726 725/2421/725 1936/2436/1936
f 453/2444/453 652/2969/652 428/2449/428
f 652/2969/652 653/2970/653 428/2449/428
f 726/2445/726 1936/2436/1936 453/2444/453
f 428/2449/428 1449/2447/1449 453/2444/453
f 1449/2447/1449 726/2445/726 453/2444/453
f 2767/286/2767 39/2451/39 2347/2971/2347
f 39/2451/39 428/2449/428 653/2970/653
f 3122/2504/3122 644/2506/644 1180/2964/1180
f 1643/2972/1643 2329/2973/2329 2408/2974/2408
f 2329/2973/2329 548/2966/548 2408/2974/2408
f 548/2966/548 3122/2504/3122 1180/2964/1180
f 653/2970/653 2184/2975/2184 3652/2976/3652
f 39/2451/39 653/2970/653 2347/2971/2347
f 653/2970/653 3652/2976/3652 2347/2971/2347
f 2767/286/2767 2347/2971/2347 690/287/690
f 690/287/690 2408/2974/2408 548/2966/548
f 1170/2977/1170 2689/2978/2689 3469/2979/3469
f 1085/2980/1085 2688/2981/2688 2896/2982/2896
f 2896/2982/2896 3933/2983/3933 1909/2984/1909
f 1909/2984/1909 2180/2985/2180 1308/2986/1308
f 1308/2986/1308 131/2987/131 3005/2988/3005
f 3005/2988/3005 4259/2989/4259 1772/2990/1772
f 1772/2990/1772 1773/2991/1773 3140/2992/3140
f 1773/2991/1773 3139/2993/3139 3140/2992/3140
f 3005/2988/3005 1772/2990/1772 3140/2992/3140
f 2399/2994/2399 2398/2995/2398 63/2996/63
f 3005/2988/3005 3140/2992/3140 1308/2986/1308
f 3140/2992/3140 2399/2994/2399 71/2997/71
f 1308/2986/1308 3140/2992/3140 2896/2982/2896
f 2896/2982/2896 1909/2984/1909 1308/2986/1308
f 2896/2982/2896 3140/2992/3140 71/2997/71
f 63/2996/63 3576/2998/3576 1309/2999/1309
f 2399/2994/2399 63/2996/63 1309/2999/1309
f 1309/2999/1309 3032/3000/3032 2830/3001/2830
f 2830/3001/2830 2831/3002/2831 3964/3003/3964
f 1891/3004/1891 2712/443/2712 2837/3005/2837
f 2830/3001/2830 3964/3003/3964 1891/3004/1891
f 1309/2999/1309 2830/3001/2830 1891/3004/1891
f 1309/2999/1309 1891/3004/1891 2207/3006/2207
f 1891/3004/1891 2837/3005/2837 2207/3006/2207
f 1085/2980/1085 2896/2982/2896 4074/3007/4074
f 4074/3007/4074 2896/2982/2896 71/2997/71
f 2399/2994/2399 1309/2999/1309 2207/3006/2207
f 3644/3008/3644 2711/442/2711 445/3009/445
f 2711/442/2711 446/441/446 445/3009/445
f 2837/3005/2837 3644/3008/3644 1455/3010/1455
f 2207/3006/2207 2837/3005/2837 1455/3010/1455
f 1085/2980/1085 4074/3007/4074 3194/3011/3194
f 446/441/446 1807/3012/1807 331/3013/331
f 1807/3012/1807 3393/3014/3393 2233/3015/2233
f 1807/3012/1807 2233/3015/2233 331/3013/331
f 2233/3015/2233 2119/3016/2119 2120/3017/2120
f 2120/3017/2120 1644/3018/1644 1278/3019/1278
f 854/3020/854 1068/3021/1068 3045/3022/3045
f 2120/3017/2120 1278/3019/1278 854/3020/854
f 2233/3015/2233 2120/3017/2120 854/3020/854
f 3045/3022/3045 3214/3023/3214 1028/3024/1028
f 2233/3015/2233 854/3020/854 3045/3022/3045
f 2233/3015/2233 3045/3022/3045 331/3013/331
f 1028/3024/1028 4286/3025/4286 1029/3026/1029
f 4286/3025/4286 1306/3027/1306 1621/3028/1621
f 1029/3026/1029 4286/3025/4286 1621/3028/1621
f 3045/3022/3045 1028/3024/1028 1029/3026/1029
f 331/3013/331 3045/3022/3045 1029/3026/1029
f 1306/3027/1306 3938/3029/3938 1305/3030/1305
f 3938/3029/3938 1307/3031/1307 1305/3030/1305
f 1305/3030/1305 1621/3028/1621 1306/3027/1306
f 331/3013/331 444/3032/444 446/441/446
f 444/3032/444 445/3009/445 446/441/446
f 445/3009/445 1455/3010/1455 3644/3008/3644
f 1455/3010/1455 528/3033/528 3679/3034/3679
f 3679/3034/3679 2261/3035/2261 1469/3036/1469
f 2261/3035/2261 4051/541/4051 1469/3036/1469
f 1455/3010/1455 3679/3034/3679 2208/3037/2208
f 4051/541/4051 1466/540/1466 1469/3036/1469
f 1469/3036/1469 1468/3038/1468 3679/3034/3679
f 1468/3038/1468 2208/3037/2208 3679/3034/3679
f 1482/3039/1482 1955/3040/1955 2641/3041/2641
f 1955/3040/1955 4316/3042/4316 4240/3043/4240
f 2641/3041/2641 1955/3040/1955 4240/3043/4240
f 2641/3041/2641 2640/3044/2640 1482/3039/1482
f 4240/3043/4240 3849/3045/3849 2641/3041/2641
f 2444/3046/2444 2445/3047/2445 4240/3043/4240
f 3695/3048/3695 149/3049/149 2444/3046/2444
f 2747/3050/2747 1319/3051/1319 3086/3052/3086
f 3086/3052/3086 3695/3048/3695 1170/2977/1170
f 3695/3048/3695 2444/3046/2444 4316/3042/4316
f 1170/2977/1170 3695/3048/3695 4316/3042/4316
f 2444/3046/2444 4240/3043/4240 4316/3042/4316
f 2747/3050/2747 3086/3052/3086 1170/2977/1170
f 188/3053/188 2747/3050/2747 3469/2979/3469
f 4135/3054/4135 3033/3055/3033 387/3056/387
f 3033/3055/3033 188/3053/188 387/3056/387
f 2819/3057/2819 3915/3058/3915 387/3056/387
f 2747/3050/2747 1170/2977/1170 3469/2979/3469
f 387/3056/387 188/3053/188 1085/2980/1085
f 188/3053/188 3469/2979/3469 1085/2980/1085
f 3318/3059/3318 4193/3060/4193 2819/3057/2819
f 2819/3057/2819 387/3056/387 1814/3061/1814
f 387/3056/387 1085/2980/1085 3194/3011/3194
f 1455/3010/1455 2208/3037/2208 2207/3006/2207
f 387/3056/387 3194/3011/3194 1814/3061/1814
f 2840/290/2840 1791/3062/1791 3318/3059/3318
f 3318/3059/3318 2819/3057/2819 2561/288/2561
f 2207/3006/2207 3615/3063/3615 4318/3064/4318
f 3615/3063/3615 1137/3065/1137 4318/3064/4318
f 1137/3065/1137 128/3066/128 267/394/267
f 128/3066/128 1897/395/1897 267/394/267
f 267/394/267 268/3067/268 4024/3068/4024
f 268/3067/268 3395/3069/3395 4024/3068/4024
f 2399/2994/2399 2207/3006/2207 4318/3064/4318
f 1137/3065/1137 267/394/267 4024/3068/4024
f 4318/3064/4318 1137/3065/1137 4024/3068/4024
f 4024/3068/4024 4176/3070/4176 3551/3071/3551
f 4318/3064/4318 3568/3072/3568 2725/3073/2725
f 4024/3068/4024 3551/3071/3551 4318/3064/4318
f 2840/290/2840 3318/3059/3318 2561/288/2561
f 2561/288/2561 2819/3057/2819 1814/3061/1814
f 4185/3074/4185 2996/3075/2996 1032/3076/1032
f 2996/3075/2996 2840/290/2840 1032/3076/1032
f 3320/289/3320 75/3077/75 1032/3076/1032
f 2725/3073/2725 1892/3078/1892 71/2997/71
f 4318/3064/4318 2725/3073/2725 2399/2994/2399
f 3320/289/3320 1032/3076/1032 2840/290/2840
f 2561/288/2561 1318/3079/1318 3320/289/3320
f 1814/3061/1814 2190/3080/2190 2561/288/2561
f 3194/3011/3194 1411/3081/1411 1814/3061/1814
f 3822/3082/3822 3821/3083/3821 3194/3011/3194
f 646/3084/646 488/3085/488 3822/3082/3822
f 4074/3007/4074 647/3086/647 646/3084/646
f 1182/3087/1182 4073/3088/4073 71/2997/71
f 4073/3088/4073 4074/3007/4074 71/2997/71
f 2725/3073/2725 71/2997/71 2399/2994/2399
f 4074/3007/4074 646/3084/646 3194/3011/3194
f 646/3084/646 3822/3082/3822 3194/3011/3194
f 1005/293/1005 1020/3089/1020 709/291/709
f 709/291/709 3723/3090/3723 710/292/710
f 4049/3091/4049 1115/3092/1115 850/3093/850
f 850/3093/850 203/3094/203 204/3095/204
f 204/3095/204 2674/3096/2674 2470/3097/2470
f 2674/3096/2674 3904/3098/3904 2470/3097/2470
f 2470/3097/2470 2907/3099/2907 3181/3100/3181
f 4049/3091/4049 850/3093/850 551/3101/551
f 850/3093/850 204/3095/204 3547/3102/3547
f 3547/3102/3547 204/3095/204 323/3103/323
f 3585/3104/3585 1145/3105/1145 4049/3091/4049
f 551/3101/551 4033/3106/4033 4049/3091/4049
f 4033/3106/4033 3585/3104/3585 4049/3091/4049
f 3545/3107/3545 3546/3108/3546 323/3103/323
f 3546/3108/3546 3547/3102/3547 323/3103/323
f 3547/3102/3547 551/3101/551 850/3093/850
f 204/3095/204 2470/3097/2470 3181/3100/3181
f 204/3095/204 3181/3100/3181 323/3103/323
f 801/295/801 4168/3109/4168 323/3103/323
f 1603/294/1603 945/3110/945 801/295/801
f 3306/3111/3306 3956/3112/3956 3672/296/3672
f 3956/3112/3956 1603/294/1603 3672/296/3672
f 3672/296/3672 3473/3113/3473 3306/3111/3306
f 3181/3100/3181 3672/296/3672 801/295/801
f 801/295/801 323/3103/323 3181/3100/3181
f 3779/3114/3779 1542/3115/1542 985/3116/985
f 1542/3115/1542 2552/3117/2552 1783/3118/1783
f 985/3116/985 1542/3115/1542 1783/3118/1783
f 2552/3117/2552 3831/3119/3831 3000/3120/3000
f 3831/3119/3831 2583/3121/2583 3000/3120/3000
f 2583/3121/2583 2800/3122/2800 4138/3123/4138
f 4138/3123/4138 517/3124/517 4150/3125/4150
f 4150/3125/4150 3002/3126/3002 4138/3123/4138
f 3002/3126/3002 3001/3127/3001 4138/3123/4138
f 3000/3120/3000 3401/3128/3401 1097/3129/1097
f 2583/3121/2583 4138/3123/4138 3001/3127/3001
f 3779/3114/3779 985/3116/985 1457/3130/1457
f 2583/3121/2583 3001/3127/3001 3000/3120/3000
f 1097/3129/1097 3690/3131/3690 3925/3132/3925
f 2552/3117/2552 3000/3120/3000 1097/3129/1097
f 1097/3129/1097 3925/3132/3925 2703/3133/2703
f 2703/3133/2703 3845/3134/3845 1783/3118/1783
f 1097/3129/1097 2703/3133/2703 2552/3117/2552
f 1458/3135/1458 1457/3130/1457 752/3136/752
f 932/299/932 1456/3137/1456 4174/3138/4174
f 1456/3137/1456 1458/3135/1458 4174/3138/4174
f 1438/3139/1438 770/3140/770 2052/595/2052
f 770/3140/770 933/3141/933 2870/3142/2870
f 2052/595/2052 770/3140/770 2870/3142/2870
f 1972/3143/1972 1645/3144/1645 2668/3145/2668
f 1645/3144/1645 2870/3142/2870 1423/298/1423
f 2870/3142/2870 933/3141/933 1423/298/1423
f 933/3141/933 932/299/932 1423/298/1423
f 2668/3145/2668 1971/3146/1971 1972/3143/1972
f 1423/298/1423 3055/3147/3055 2668/3145/2668
f 985/3116/985 752/3136/752 1457/3130/1457
f 752/3136/752 4174/3138/4174 1458/3135/1458
f 1783/3118/1783 986/3148/986 985/3116/985
f 2703/3133/2703 1783/3118/1783 2552/3117/2552
f 1423/298/1423 2668/3145/2668 1645/3144/1645
f 932/299/932 4174/3138/4174 2005/297/2005
f 3204/302/3204 742/3149/742 3258/300/3258
f 742/3149/742 2939/3150/2939 3258/300/3258
f 2939/3150/2939 1722/3151/1722 3592/3152/3592
f 3592/3152/3592 3300/3153/3300 2939/3150/2939
f 3300/3153/3300 3258/300/3258 2939/3150/2939
f 2180/3154/2180 1909/3155/1909 3933/3156/3933
f 3933/3156/3933 2896/3157/2896 2688/3158/2688
f 2688/3158/2688 1085/3159/1085 2689/3160/2689
f 1085/3159/1085 3469/3161/3469 2689/3160/2689
f 2689/3160/2689 1170/3162/1170 1955/3163/1955
f 1170/3162/1170 4316/3164/4316 1955/3163/1955
f 3933/3156/3933 2688/3158/2688 1955/3163/1955
f 2688/3158/2688 2689/3160/2689 1955/3163/1955
f 1955/3163/1955 1482/3165/1482 3933/3156/3933
f 1482/3165/1482 877/3166/877 2814/3167/2814
f 2180/3154/2180 1482/3165/1482 131/3168/131
f 877/3166/877 3021/3169/3021 2171/3170/2171
f 2171/3170/2171 3792/3171/3792 877/3166/877
f 3792/3171/3792 2814/3167/2814 877/3166/877
f 2814/3167/2814 1040/3172/1040 1042/3173/1042
f 1040/3172/1040 1041/3174/1041 1042/3173/1042
f 1042/3173/1042 1820/3175/1820 2814/3167/2814
f 731/3176/731 732/3177/732 534/538/534
f 731/3176/731 534/538/534 3364/305/3364
f 1820/3175/1820 731/3176/731 464/3178/464
f 731/3176/731 3364/305/3364 385/3179/385
f 3910/949/3910 3364/305/3364 4255/304/4255
f 3665/3180/3665 4107/3181/4107 4106/3182/4106
f 4106/3182/4106 4105/3183/4105 556/3184/556
f 556/3184/556 1341/3185/1341 1249/3186/1249
f 1249/3186/1249 1250/3187/1250 1950/3188/1950
f 1250/3187/1250 950/3189/950 1950/3188/1950
f 1950/3188/1950 929/3190/929 928/3191/928
f 4106/3182/4106 556/3184/556 1249/3186/1249
f 3665/3180/3665 4106/3182/4106 1249/3186/1249
f 1249/3186/1249 1950/3188/1950 3665/3180/3665
f 1950/3188/1950 928/3191/928 3665/3180/3665
f 3519/3192/3519 4209/3193/4209 1374/3194/1374
f 3519/3192/3519 1374/3194/1374 3235/3195/3235
f 3665/3180/3665 928/3191/928 4256/303/4256
f 928/3191/928 3519/3192/3519 4256/303/4256
f 3364/305/3364 3665/3180/3665 4256/303/4256
f 3235/3195/3235 3684/3196/3684 3685/3197/3685
f 3519/3192/3519 3235/3195/3235 4281/3198/4281
f 4256/303/4256 3519/3192/3519 3394/1840/3394
f 3364/305/3364 3910/949/3910 385/3179/385
f 1482/3165/1482 2180/3154/2180 3933/3156/3933
f 131/3168/131 1308/3199/1308 2180/3154/2180
f 4259/3200/4259 3005/3201/3005 131/3168/131
f 1773/3202/1773 1772/3203/1772 4259/3200/4259
f 2399/3204/2399 3140/3205/3140 3139/3206/3139
f 1773/3202/1773 4259/3200/4259 2814/3167/2814
f 4259/3200/4259 131/3168/131 1482/3165/1482
f 2398/3207/2398 2399/3204/2399 3139/3206/3139
f 4259/3200/4259 1482/3165/1482 2814/3167/2814
f 63/3208/63 2398/3207/2398 3576/3209/3576
f 2398/3207/2398 3139/3206/3139 3576/3209/3576
f 3576/3209/3576 3139/3206/3139 3353/3210/3353
f 3139/3206/3139 1773/3202/1773 1820/3175/1820
f 3353/3210/3353 3139/3206/3139 1820/3175/1820
f 3032/3211/3032 1309/3212/1309 3576/3209/3576
f 2831/3213/2831 2830/3214/2830 3032/3211/3032
f 2539/3215/2539 2540/3216/2540 2831/3213/2831
f 3353/3210/3353 366/3217/366 2539/3215/2539
f 2574/3218/2574 367/3219/367 464/3178/464
f 854/3220/854 1278/3221/1278 2739/3222/2739
f 1278/3221/1278 2574/3218/2574 1978/1838/1978
f 2739/3222/2739 1278/3221/1278 1978/1838/1978
f 2739/3222/2739 1068/3223/1068 854/3220/854
f 1978/1838/1978 637/3224/637 2739/3222/2739
f 2265/948/2265 2264/32/2264 3586/3225/3586
f 2264/32/2264 222/1839/222 3586/3225/3586
f 222/1839/222 1978/1838/1978 2574/3218/2574
f 3584/3226/3584 3586/3225/3586 222/1839/222
f 222/1839/222 2574/3218/2574 3584/3226/3584
f 2574/3218/2574 464/3178/464 385/3179/385
f 3584/3226/3584 2574/3218/2574 385/3179/385
f 385/3179/385 464/3178/464 731/3176/731
f 464/3178/464 3353/3210/3353 1820/3175/1820
f 2539/3215/2539 2831/3213/2831 3032/3211/3032
f 3032/3211/3032 3576/3209/3576 2539/3215/2539
f 2539/3215/2539 3576/3209/3576 3353/3210/3353
f 1773/3202/1773 2814/3167/2814 1820/3175/1820
f 1956/3227/1956 3741/3228/3741 3905/3229/3905
f 3905/3229/3905 2002/3230/2002 2001/3231/2001
f 2001/3231/2001 3811/3232/3811 3905/3229/3905
f 3811/3232/3811 2499/3233/2499 3905/3229/3905
f 894/3234/894 2634/3235/2634 2633/1087/2633
f 2633/1087/2633 2787/1089/2787 2786/3236/2786
f 894/3234/894 2633/1087/2633 2786/3236/2786
f 2499/3233/2499 894/3234/894 2786/3236/2786
f 1956/3227/1956 2499/3233/2499 3698/3237/3698
f 1956/3227/1956 3905/3229/3905 2499/3233/2499
f 2499/3233/2499 2786/3236/2786 3698/3237/3698
f 839/3238/839 3873/1088/3873 3710/3239/3710
f 1956/3227/1956 3698/3237/3698 878/3240/878
f 3698/3237/3698 839/3238/839 878/3240/878
f 839/3238/839 3710/3239/3710 2847/3241/2847
f 2847/3241/2847 1183/3242/1183 2646/3243/2646
f 2987/3244/2987 1306/3245/1306 4286/3246/4286
f 2847/3241/2847 2646/3243/2646 2987/3244/2987
f 878/3240/878 839/3238/839 2847/3241/2847
f 3685/3197/3685 878/3240/878 2987/3244/2987
f 878/3240/878 2847/3241/2847 2987/3244/2987
f 2987/3244/2987 4286/3246/4286 3685/3197/3685
f 4286/3246/4286 3995/3247/3995 3909/3248/3909
f 3235/3195/3235 3685/3197/3685 744/3249/744
f 744/3249/744 3685/3197/3685 3909/3248/3909
f 4286/3246/4286 3909/3248/3909 3685/3197/3685
f 3909/3248/3909 2054/3250/2054 744/3249/744
f 744/3249/744 4282/3251/4282 3235/3195/3235
f 4282/3251/4282 4281/3198/4281 3235/3195/3235
f 4281/3198/4281 316/3252/316 317/33/317
f 4281/3198/4281 317/33/317 3394/1840/3394
f 4281/3198/4281 3394/1840/3394 3519/3192/3519
f 582/3253/582 4182/2729/4182 1418/3254/1418
f 4182/2729/4182 2114/3255/2114 1418/3254/1418
f 2114/3255/2114 1525/3256/1525 2115/719/2115
f 2114/3255/2114 2115/719/2115 717/718/717
f 229/3257/229 228/3258/228 3786/308/3786
f 3786/308/3786 1418/3254/1418 1355/306/1355
f 1418/3254/1418 2114/3255/2114 717/718/717
f 1418/3254/1418 717/718/717 1355/306/1355
f 2933/3259/2933 230/3260/230 229/3257/229
f 717/718/717 716/717/716 1355/306/1355
f 2933/3259/2933 229/3257/229 796/307/796
f 229/3257/229 3786/308/3786 796/307/796
f 2877/3261/2877 4269/3262/4269 190/2510/190
f 4269/3262/4269 2933/3259/2933 190/2510/190
f 1974/747/1974 3384/3263/3384 2877/3261/2877
f 190/2510/190 191/2420/191 2877/3261/2877
f 191/2420/191 1974/747/1974 2877/3261/2877
f 796/307/796 797/2411/797 2933/3259/2933
f 797/2411/797 190/2510/190 2933/3259/2933
f 1355/306/1355 2039/2412/2039 796/307/796
f 738/131/738 130/130/130 716/717/716
f 130/130/130 1355/306/1355 716/717/716
f 3996/309/3996 48/1624/48 765/310/765
f 2513/312/2513 2365/3264/2365 476/313/476
f 1585/3265/1585 3571/3266/3571 2780/3267/2780
f 2780/3267/2780 4208/3268/4208 1798/3269/1798
f 271/3270/271 2275/3271/2275 606/3272/606
f 2780/3267/2780 1798/3269/1798 271/3270/271
f 4317/3273/4317 1585/3265/1585 2780/3267/2780
f 1030/3274/1030 2888/3275/2888 4317/3273/4317
f 4085/3276/4085 1296/3277/1296 76/317/76
f 76/317/76 1030/3274/1030 271/3270/271
f 1030/3274/1030 4317/3273/4317 271/3270/271
f 4317/3273/4317 2780/3267/2780 271/3270/271
f 606/3272/606 607/3278/607 4254/3279/4254
f 607/3278/607 4089/3280/4089 3162/3281/3162
f 271/3270/271 606/3272/606 76/317/76
f 607/3278/607 3162/3281/3162 4254/3279/4254
f 4089/3280/4089 4015/3282/4015 3162/3281/3162
f 3162/3281/3162 2822/3283/2822 4254/3279/4254
f 4253/315/4253 4084/3284/4084 3212/316/3212
f 3212/316/3212 3736/3285/3736 3976/3286/3976
f 3736/3285/3736 3508/3287/3508 3976/3286/3976
f 3508/3287/3508 901/3288/901 3976/3286/3976
f 3976/3286/3976 4085/3276/4085 3212/316/3212
f 4085/3276/4085 76/317/76 3212/316/3212
f 606/3272/606 4254/3279/4254 4253/315/4253
f 4253/315/4253 76/317/76 606/3272/606
f 3924/321/3924 2856/3289/2856 2857/184/2857
f 2762/84/2762 1183/83/1183 2763/323/2763
f 1183/83/1183 2847/324/2847 2763/323/2763
f 3710/325/3710 3873/3290/3873 2634/3291/2634
f 3873/3290/3873 2633/3292/2633 2634/3291/2634
f 2634/3291/2634 1350/3293/1350 3710/325/3710
f 1350/3293/1350 2763/323/2763 3710/325/3710
f 3784/326/3784 859/3294/859 2252/327/2252
f 3193/329/3193 1192/3295/1192 4296/330/4296
f 3444/332/3444 4309/1231/4309 702/333/702
f 2016/335/2016 142/3296/142 2015/336/2015
f 2467/340/2467 2473/3297/2473 4029/3298/4029
f 4029/3298/4029 3148/3299/3148 4032/3300/4032
f 4032/3300/4032 3333/3301/3333 420/3302/420
f 420/3302/420 3559/3303/3559 2848/3304/2848
f 2136/338/2136 2135/3305/2135 4060/339/4060
f 420/3302/420 2848/3304/2848 2136/338/2136
f 4029/3298/4029 4032/3300/4032 420/3302/420
f 4060/339/4060 2216/3306/2216 2467/340/2467
f 2467/340/2467 4029/3298/4029 2136/338/2136
f 4029/3298/4029 420/3302/420 2136/338/2136
f 3817/3307/3817 2351/342/2351 2673/341/2673
f 2351/342/2351 1413/3308/1413 1412/343/1412
f 2745/3309/2745 3615/3310/3615 1467/346/1467
f 3615/3310/3615 2207/3311/2207 1468/3312/1468
f 1467/346/1467 3615/3310/3615 1468/3312/1468
f 2207/3311/2207 2208/3313/2208 1468/3312/1468
f 1468/3312/1468 1469/344/1469 1467/346/1467
f 3659/347/3659 3588/633/3588 3589/348/3589
f 389/350/389 4241/800/4241 3291/351/3291
f 4241/800/4241 2334/799/2334 3291/351/3291
f 2334/799/2334 1058/3314/1058 3291/351/3291
f 3291/351/3291 2378/3315/2378 691/3316/691
f 2378/3315/2378 4064/3317/4064 691/3316/691
f 691/3316/691 2309/3318/2309 2483/352/2483
f 2482/3319/2482 3765/3320/3765 389/350/389
f 3291/351/3291 691/3316/691 2483/352/2483
f 2483/352/2483 2482/3319/2482 389/350/389
f 1178/353/1178 16/3321/16 38/354/38
f 1272/3322/1272 2391/3323/2391 2949/3324/2949
f 2949/3324/2949 1177/3325/1177 1176/3326/1176
f 1176/3326/1176 1853/3327/1853 2526/3328/2526
f 1853/3327/1853 392/127/392 393/2352/393
f 393/2352/393 2057/2351/2057 3704/3329/3704
f 1853/3327/1853 393/2352/393 2526/3328/2526
f 393/2352/393 3704/3329/3704 2526/3328/2526
f 3704/3329/3704 2321/3330/2321 2526/3328/2526
f 2526/3328/2526 433/3331/433 1176/3326/1176
f 433/3331/433 3019/3332/3019 2949/3324/2949
f 1176/3326/1176 433/3331/433 2949/3324/2949
f 3019/3332/3019 3082/3333/3082 3518/3334/3518
f 3518/3334/3518 3907/3335/3907 4152/3336/4152
f 4152/3336/4152 2866/3337/2866 3129/3338/3129
f 3129/3338/3129 3904/3339/3904 1121/3340/1121
f 3904/3339/3904 2674/3341/2674 1121/3340/1121
f 2674/3341/2674 204/3342/204 89/3343/89
f 204/3342/204 203/3344/203 89/3343/89
f 203/3344/203 850/3345/850 1115/3346/1115
f 1115/3346/1115 4049/3347/4049 1145/3348/1145
f 203/3344/203 1115/3346/1115 565/3349/565
f 89/3343/89 203/3344/203 565/3349/565
f 4152/3336/4152 3129/3338/3129 2715/3350/2715
f 3019/3332/3019 3518/3334/3518 1272/3322/1272
f 3518/3334/3518 4152/3336/4152 1370/3351/1370
f 1272/3322/1272 3518/3334/3518 1370/3351/1370
f 3129/3338/3129 1121/3340/1121 2715/3350/2715
f 1121/3340/1121 2674/3341/2674 2189/3352/2189
f 1115/3346/1115 1145/3348/1145 2047/3353/2047
f 2674/3341/2674 89/3343/89 2189/3352/2189
f 2949/3324/2949 3019/3332/3019 1272/3322/1272
f 1370/3351/1370 2392/3354/2392 1272/3322/1272
f 2715/3350/2715 1370/3351/1370 4152/3336/4152
f 565/3349/565 1498/3355/1498 89/3343/89
f 1114/3356/1114 566/3357/566 565/3349/565
f 2047/3353/2047 2048/3358/2048 1114/3356/1114
f 2150/3359/2150 3827/3360/3827 2047/3353/2047
f 53/3361/53 256/3362/256 2150/3359/2150
f 54/3363/54 52/3364/52 53/3361/53
f 2427/3365/2427 2426/3366/2426 54/3363/54
f 2454/3367/2454 2594/3368/2594 2427/3365/2427
f 2469/3369/2469 1011/3370/1011 2454/3367/2454
f 339/1434/339 338/1433/338 2469/3369/2469
f 2856/1390/2856 3268/1392/3268 32/3371/32
f 32/3371/32 339/1434/339 2469/3369/2469
f 2454/3367/2454 2427/3365/2427 32/3371/32
f 2427/3365/2427 54/3363/54 3585/3372/3585
f 32/3371/32 2427/3365/2427 3585/3372/3585
f 32/3371/32 2469/3369/2469 2454/3367/2454
f 54/3363/54 53/3361/53 3585/3372/3585
f 53/3361/53 2150/3359/2150 1145/3348/1145
f 3585/3372/3585 53/3361/53 1145/3348/1145
f 2150/3359/2150 2047/3353/2047 1145/3348/1145
f 2047/3353/2047 1114/3356/1114 1115/3346/1115
f 1114/3356/1114 565/3349/565 1115/3346/1115
f 2856/1390/2856 32/3371/32 3585/3372/3585
f 4294/3373/4294 3924/1391/3924 1430/3374/1430
f 47/1430/47 46/1236/46 4294/3373/4294
f 421/1429/421 1740/1428/1740 47/1430/47
f 3281/1421/3281 3442/1420/3442 421/1429/421
f 2148/1412/2148 1136/1414/1136 3281/1421/3281
f 852/3375/852 2488/3376/2488 2682/3377/2682
f 2682/3377/2682 2148/1412/2148 3281/1421/3281
f 3281/1421/3281 421/1429/421 47/1430/47
f 47/1430/47 4294/3373/4294 1430/3374/1430
f 3281/1421/3281 47/1430/47 1430/3374/1430
f 852/3375/852 2682/3377/2682 2702/3378/2702
f 2682/3377/2682 3281/1421/3281 2701/706/2701
f 2702/3378/2702 2682/3377/2682 2701/706/2701
f 243/3379/243 452/3380/452 852/3375/852
f 1404/3381/1404 244/3382/244 243/3379/243
f 816/3383/816 2684/3384/2684 1404/3381/1404
f 943/3385/943 2176/3386/2176 816/3383/816
f 1733/3387/1733 1706/3388/1706 943/3385/943
f 978/3389/978 994/3390/994 1733/3387/1733
f 3225/3391/3225 977/3392/977 978/3389/978
f 2895/3393/2895 3616/3394/3616 3225/3391/3225
f 169/3395/169 3263/3396/3263 2895/3393/2895
f 2096/3397/2096 869/3398/869 169/3395/169
f 1597/3399/1597 1596/3400/1596 2096/3397/2096
f 836/3401/836 65/3402/65 1597/3399/1597
f 94/3403/94 2258/3404/2258 836/3401/836
f 94/3403/94 836/3401/836 3225/3391/3225
f 836/3401/836 1597/3399/1597 169/3395/169
f 3225/3391/3225 836/3401/836 2895/3393/2895
f 1597/3399/1597 2096/3397/2096 169/3395/169
f 169/3395/169 2895/3393/2895 836/3401/836
f 3225/3391/3225 978/3389/978 94/3403/94
f 978/3389/978 1733/3387/1733 94/3403/94
f 1733/3387/1733 943/3385/943 3030/3405/3030
f 943/3385/943 816/3383/816 3030/3405/3030
f 816/3383/816 1404/3381/1404 708/3406/708
f 1404/3381/1404 243/3379/243 708/3406/708
f 243/3379/243 852/3375/852 708/3406/708
f 708/3406/708 852/3375/852 2702/3378/2702
f 3281/1421/3281 1430/3374/1430 2701/706/2701
f 1430/3374/1430 2857/3407/2857 3187/3408/3187
f 94/3403/94 1733/3387/1733 3030/3405/3030
f 4033/3409/4033 551/3410/551 3547/3411/3547
f 4033/3409/4033 3547/3411/3547 3546/3412/3546
f 3545/3413/3545 323/3414/323 4168/3415/4168
f 4168/3415/4168 801/3416/801 945/356/945
f 945/356/945 1603/3417/1603 3956/3418/3956
f 3956/3418/3956 3306/3419/3306 1491/3420/1491
f 1491/3420/1491 266/3421/266 4159/3422/4159
f 4159/3422/4159 3190/3423/3190 4239/3424/4239
f 4239/3424/4239 4289/3425/4289 3172/3426/3172
f 3172/3426/3172 1550/3427/1550 3750/3428/3750
f 1549/3429/1549 1406/3430/1406 2789/3431/2789
f 2789/3431/2789 2790/3432/2790 3832/3433/3832
f 3878/3434/3878 1110/3435/1110 1109/146/1109
f 2789/3431/2789 3832/3433/3832 3878/3434/3878
f 1549/3429/1549 2789/3431/2789 81/145/81
f 2789/3431/2789 3878/3434/3878 81/145/81
f 3878/3434/3878 1109/146/1109 81/145/81
f 81/145/81 3116/2634/3116 3177/3436/3177
f 1000/3437/1000 999/2636/999 1375/2635/1375
f 81/145/81 3177/3436/3177 3750/3428/3750
f 1549/3429/1549 81/145/81 3750/3428/3750
f 3177/3436/3177 1000/3437/1000 3172/3426/3172
f 3750/3428/3750 3177/3436/3177 3172/3426/3172
f 1375/2635/1375 325/2633/325 543/3438/543
f 325/2633/325 3775/3439/3775 3402/3440/3402
f 1000/3437/1000 1375/2635/1375 4239/3424/4239
f 3172/3426/3172 1000/3437/1000 4239/3424/4239
f 325/2633/325 3402/3440/3402 543/3438/543
f 543/3438/543 3890/3441/3890 1375/2635/1375
f 3890/3441/3890 233/3442/233 1375/2635/1375
f 1491/3420/1491 4159/3422/4159 4239/3424/4239
f 233/3442/233 2151/2538/2151 1375/2635/1375
f 2151/2538/2151 3421/2520/3421 2071/3443/2071
f 3688/3444/3688 2151/2538/2151 2071/3443/2071
f 2440/2546/2440 297/3445/297 468/3446/468
f 2151/2538/2151 3688/3444/3688 3956/3418/3956
f 3421/2520/3421 2440/2546/2440 468/3446/468
f 4239/3424/4239 1375/2635/1375 1491/3420/1491
f 3956/3418/3956 1491/3420/1491 1375/2635/1375
f 945/356/945 3956/3418/3956 374/357/374
f 1375/2635/1375 2151/2538/2151 3956/3418/3956
f 3421/2520/3421 468/3446/468 2889/3447/2889
f 3956/3418/3956 3688/3444/3688 374/357/374
f 2857/3407/2857 2856/1390/2856 1557/3448/1557
f 2856/1390/2856 3585/3372/3585 4033/3409/4033
f 2856/1390/2856 4033/3409/4033 1340/3449/1340
f 2402/3450/2402 807/3451/807 806/3452/806
f 1356/3453/1356 2401/3454/2401 2402/3450/2402
f 2417/3455/2417 1007/3456/1007 1356/3453/1356
f 2128/3457/2128 2416/3458/2416 2417/3455/2417
f 2129/3459/2129 2127/3460/2127 2128/3457/2128
f 811/3461/811 669/3462/669 2129/3459/2129
f 2934/950/2934 810/3463/810 811/3461/811
f 618/3464/618 2934/950/2934 811/3461/811
f 811/3461/811 2129/3459/2129 618/3464/618
f 2129/3459/2129 2128/3457/2128 618/3464/618
f 2128/3457/2128 2417/3455/2417 618/3464/618
f 2417/3455/2417 1356/3453/1356 618/3464/618
f 618/3464/618 1356/3453/1356 1073/3465/1073
f 1356/3453/1356 2402/3450/2402 1073/3465/1073
f 8/3466/8 1072/951/1072 1073/3465/1073
f 2776/3467/2776 1150/952/1150 8/3466/8
f 972/3468/972 1568/3469/1568 2776/3467/2776
f 83/3470/83 971/3471/971 972/3468/972
f 2105/3472/2105 84/3473/84 83/3470/83
f 2320/3474/2320 3134/3475/3134 2105/3472/2105
f 3414/3476/3414 2301/3477/2301 2320/3474/2320
f 553/3478/553 1661/654/1661 3415/3479/3415
f 3415/3479/3415 3414/3476/3414 2320/3474/2320
f 2105/3472/2105 83/3470/83 2243/772/2243
f 83/3470/83 972/3468/972 2243/772/2243
f 2243/772/2243 972/3468/972 2776/3467/2776
f 2243/772/2243 8/3466/8 1073/3465/1073
f 2776/3467/2776 8/3466/8 2243/772/2243
f 2320/3474/2320 2105/3472/2105 2878/3480/2878
f 3415/3479/3415 2320/3474/2320 2878/3480/2878
f 2105/3472/2105 2243/772/2243 2878/3480/2878
f 2878/3480/2878 553/3478/553 3415/3479/3415
f 2856/1390/2856 1340/3449/1340 1557/3448/1557
f 4033/3409/4033 3546/3412/3546 1340/3449/1340
f 3546/3412/3546 3545/3413/3545 1595/3481/1595
f 1340/3449/1340 3546/3412/3546 1595/3481/1595
f 3948/705/3948 880/3482/880 2702/3378/2702
f 880/3482/880 708/3406/708 2702/3378/2702
f 708/3406/708 2243/772/2243 2402/3450/2402
f 2243/772/2243 1073/3465/1073 2402/3450/2402
f 217/3483/217 2314/707/2314 216/3484/216
f 2314/707/2314 2701/706/2701 216/3484/216
f 3272/3485/3272 3696/3486/3696 216/3484/216
f 3111/3487/3111 375/3488/375 3110/3489/3110
f 375/3488/375 3272/3485/3272 3110/3489/3110
f 1578/3490/1578 1743/3491/1743 3110/3489/3110
f 3272/3485/3272 216/3484/216 2701/706/2701
f 3110/3489/3110 3272/3485/3272 1578/3490/1578
f 3272/3485/3272 2701/706/2701 1578/3490/1578
f 1578/3490/1578 2701/706/2701 3187/3408/3187
f 3187/3408/3187 2701/706/2701 1430/3374/1430
f 1053/3492/1053 4267/3493/4267 3187/3408/3187
f 708/3406/708 2402/3450/2402 806/3452/806
f 3283/3494/3283 3993/3495/3993 1053/3492/1053
f 1053/3492/1053 3187/3408/3187 2857/3407/2857
f 708/3406/708 806/3452/806 3030/3405/3030
f 816/3383/816 708/3406/708 3030/3405/3030
f 3283/3494/3283 1053/3492/1053 2857/3407/2857
f 1705/3496/1705 3282/3497/3282 3283/3494/3283
f 1557/3448/1557 3955/3498/3955 1705/3496/1705
f 1340/3449/1340 1526/3499/1526 1557/3448/1557
f 1595/3481/1595 3928/3500/3928 1340/3449/1340
f 374/357/374 919/3501/919 4230/358/4230
f 3688/3444/3688 3412/3502/3412 374/357/374
f 2889/3447/2889 2072/3503/2072 2071/3443/2071
f 4087/3504/4087 1389/3505/1389 2889/3447/2889
f 4194/3506/4194 3492/3507/3492 4087/3504/4087
f 2316/3508/2316 4194/3506/4194 4087/3504/4087
f 2316/3508/2316 4087/3504/4087 3520/3509/3520
f 4087/3504/4087 2889/3447/2889 468/3446/468
f 3520/3509/3520 4087/3504/4087 468/3446/468
f 3681/3510/3681 2316/3508/2316 3520/3509/3520
f 2889/3447/2889 2071/3443/2071 3421/2520/3421
f 3840/3511/3840 4035/3512/4035 3841/3513/3841
f 4035/3512/4035 3515/3514/3515 3841/3513/3841
f 3839/3515/3839 3840/3511/3840 3841/3513/3841
f 2118/3516/2118 4103/3517/4103 3515/3514/3515
f 4103/3517/4103 3841/3513/3841 3515/3514/3515
f 3515/3514/3515 3681/3510/3681 2118/3516/2118
f 3825/3518/3825 2118/3516/2118 3681/3510/3681
f 3520/3509/3520 3825/3518/3825 3681/3510/3681
f 1705/3496/1705 3283/3494/3283 2857/3407/2857
f 1557/3448/1557 1705/3496/1705 2857/3407/2857
f 3545/3413/3545 4168/3415/4168 1595/3481/1595
f 4168/3415/4168 945/356/945 4230/358/4230
f 1595/3481/1595 4168/3415/4168 4230/358/4230
f 2026/3519/2026 2271/3520/2271 3264/3521/3264
f 2271/3520/2271 3958/3522/3958 3264/3521/3264
f 3264/3521/3264 1335/3523/1335 2027/360/2027
f 1335/3523/1335 761/361/761 2027/360/2027
f 788/359/788 3705/3524/3705 2027/360/2027
f 2027/360/2027 2026/3519/2026 3264/3521/3264
f 761/361/761 3072/3525/3072 2860/3526/2860
f 2860/3526/2860 788/359/788 761/361/761
f 3496/362/3496 1419/3527/1419 3052/363/3052
f 1558/365/1558 3293/3528/3293 1092/366/1092
f 1541/3529/1541 3517/3530/3517 1624/370/1624
f 3517/3530/3517 1777/3531/1777 1624/370/1624
f 3157/368/3157 2515/3532/2515 2514/369/2514
f 973/3533/973 554/3534/554 2514/369/2514
f 554/3534/554 1624/370/1624 2514/369/2514
f 1777/3531/1777 3157/368/3157 1624/370/1624
f 890/373/890 1701/2273/1701 693/2282/693
f 693/2282/693 694/2276/694 695/2277/695
f 174/2275/174 173/2271/173 2664/2270/2664
f 890/373/890 693/2282/693 1415/371/1415
f 693/2282/693 695/2277/695 1415/371/1415
f 588/2284/588 889/2283/889 890/373/890
f 1548/2285/1548 3454/2272/3454 588/2284/588
f 1372/2287/1372 1263/2286/1263 1548/2285/1548
f 2484/2289/2484 261/2288/261 1372/2287/1372
f 1283/3535/1283 835/2290/835 2484/2289/2484
f 1343/3536/1343 1096/3537/1096 1284/3538/1284
f 1284/3538/1284 1283/3535/1283 2484/2289/2484
f 2484/2289/2484 1372/2287/1372 1284/3538/1284
f 1372/2287/1372 1548/2285/1548 2084/3539/2084
f 1284/3538/1284 1372/2287/1372 2084/3539/2084
f 1548/2285/1548 588/2284/588 1669/372/1669
f 588/2284/588 890/373/890 1669/372/1669
f 562/3540/562 80/986/80 1343/3536/1343
f 1343/3536/1343 1284/3538/1284 3590/3541/3590
f 562/3540/562 1343/3536/1343 232/3542/232
f 1284/3538/1284 2084/3539/2084 3590/3541/3590
f 232/3542/232 1343/3536/1343 531/3543/531
f 231/3544/231 2493/987/2493 232/3542/232
f 2493/987/2493 562/3540/562 232/3542/232
f 2664/2270/2664 1884/2269/1884 1883/2268/1883
f 1883/2268/1883 1882/2267/1882 1684/2266/1684
f 641/3545/641 578/3546/578 1200/240/1200
f 578/3546/578 1156/3547/1156 1200/240/1200
f 1883/2268/1883 1684/2266/1684 2664/2270/2664
f 1684/2266/1684 641/3545/641 174/2275/174
f 174/2275/174 2664/2270/2664 1684/2266/1684
f 1156/3547/1156 372/3548/372 1200/240/1200
f 1200/240/1200 1564/242/1564 641/3545/641
f 1564/242/1564 2678/3549/2678 641/3545/641
f 695/2277/695 174/2275/174 2678/3549/2678
f 174/2275/174 641/3545/641 2678/3549/2678
f 531/3543/531 1343/3536/1343 3590/3541/3590
f 532/3550/532 530/3551/530 531/3543/531
f 532/3550/532 531/3543/531 3590/3541/3590
f 2035/3552/2035 2034/3553/2034 532/3550/532
f 1635/3554/1635 2249/3555/2249 1868/3556/1868
f 2249/3555/2249 2035/3552/2035 1868/3556/1868
f 903/3557/903 1634/3558/1634 1635/3554/1635
f 380/3559/380 348/3560/348 1868/3556/1868
f 1868/3556/1868 903/3557/903 1635/3554/1635
f 2035/3552/2035 532/3550/532 380/3559/380
f 379/3561/379 380/3559/380 3590/3541/3590
f 380/3559/380 1868/3556/1868 2035/3552/2035
f 3590/3541/3590 380/3559/380 532/3550/532
f 2084/3539/2084 1886/598/1886 3590/3541/3590
f 695/2277/695 2678/3549/2678 2677/3562/2677
f 1415/371/1415 2213/546/2213 1669/372/1669
f 1669/372/1669 2084/3539/2084 1548/2285/1548
f 695/2277/695 2677/3562/2677 1415/371/1415
f 2630/1448/2630 1819/14/1819 1818/1447/1818
f 2228/3563/2228 2630/1448/2630 1818/1447/1818
f 3025/3564/3025 373/3565/373 3341/3566/3341
f 373/3565/373 2228/3563/2228 3341/3566/3341
f 887/3567/887 3342/3568/3342 3341/3566/3341
f 2228/3563/2228 1818/1447/1818 2784/376/2784
f 1786/1446/1786 2218/13/2218 2885/1453/2885
f 2228/3563/2228 2784/376/2784 4047/3569/4047
f 2784/376/2784 1786/1446/1786 898/374/898
f 4047/3569/4047 2784/376/2784 979/375/979
f 887/3567/887 3341/3566/3341 2228/3563/2228
f 979/375/979 3756/3570/3756 4047/3569/4047
f 4047/3569/4047 887/3567/887 2228/3563/2228
f 1786/1446/1786 2885/1453/2885 898/374/898
f 1741/379/1741 1144/3571/1144 513/3572/513
f 512/3573/512 2106/3574/2106 4026/3575/4026
f 1741/379/1741 513/3572/513 512/3573/512
f 1841/3576/1841 1842/3577/1842 4091/378/4091
f 1842/3577/1842 1741/379/1741 4091/378/4091
f 4091/378/4091 4040/3578/4040 1841/3576/1841
f 1227/3579/1227 4199/3580/4199 721/377/721
f 4199/3580/4199 4091/378/4091 721/377/721
f 863/3581/863 247/3582/247 4026/3575/4026
f 247/3582/247 721/377/721 4026/3575/4026
f 1741/379/1741 512/3573/512 721/377/721
f 512/3573/512 4026/3575/4026 721/377/721
f 744/380/744 2054/3583/2054 600/381/600
f 3735/383/3735 3734/3584/3734 3728/172/3728
f 3238/384/3238 4083/3585/4083 1750/385/1750
f 2221/389/2221 3921/3586/3921 2220/3587/2220
f 3921/3586/3921 3920/3588/3920 2220/3587/2220
f 2220/3587/2220 3828/387/3828 2221/389/2221
f 2364/1627/2364 802/1619/802 1939/392/1939
f 802/1619/802 3927/390/3927 1939/392/1939
f 3927/390/3927 1015/1629/1015 1014/391/1014
f 1939/392/1939 3046/3589/3046 2364/1627/2364
f 2296/393/2296 268/3067/268 267/394/267
f 2405/396/2405 2511/3590/2511 2317/3591/2317
f 2317/3591/2317 2533/3592/2533 1725/3593/1725
f 1725/3593/1725 3759/3594/3759 1893/3595/1893
f 3759/3594/3759 2308/3596/2308 2028/3597/2028
f 2028/3597/2028 1894/3598/1894 1893/3595/1893
f 1894/3598/1894 2894/3599/2894 1893/3595/1893
f 3759/3594/3759 2028/3597/2028 1893/3595/1893
f 2405/396/2405 2317/3591/2317 1724/397/1724
f 2317/3591/2317 1725/3593/1725 1724/397/1724
f 4111/3600/4111 881/3601/881 2405/396/2405
f 2541/3602/2541 1683/3603/1683 4111/3600/4111
f 3945/3604/3945 3334/3605/3334 3818/3606/3818
f 3334/3605/3334 2542/3607/2542 2635/398/2635
f 3818/3606/3818 3334/3605/3334 2978/3608/2978
f 2542/3607/2542 2541/3602/2541 4111/3600/4111
f 4111/3600/4111 2405/396/2405 2542/3607/2542
f 2542/3607/2542 2405/396/2405 2635/398/2635
f 1893/3595/1893 3206/3609/3206 1724/397/1724
f 2635/398/2635 4102/3610/4102 3475/3611/3475
f 1893/3595/1893 1724/397/1724 1725/3593/1725
f 2978/3608/2978 3334/3605/3334 2635/398/2635
f 3434/3612/3434 3919/3613/3919 3818/3606/3818
f 2978/3608/2978 270/3614/270 3434/3612/3434
f 3477/3615/3477 862/3616/862 3475/3611/3475
f 862/3616/862 3171/3617/3171 3475/3611/3475
f 3477/3615/3477 3475/3611/3475 3476/3618/3476
f 2978/3608/2978 3434/3612/3434 3818/3606/3818
f 3171/3617/3171 2978/3608/2978 2635/398/2635
f 3475/3611/3475 3171/3617/3171 2635/398/2635
f 41/399/41 1364/3619/1364 2338/400/2338
f 3039/402/3039 2532/3620/2532 658/403/658
f 658/403/658 2458/3621/2458 2843/3622/2843
f 2843/3622/2843 1761/3623/1761 2868/3624/2868
f 2868/3624/2868 3752/3625/3752 2735/3626/2735
f 3752/3625/3752 876/3627/876 2735/3626/2735
f 876/3627/876 3939/3628/3939 2735/3626/2735
f 2735/3626/2735 1753/3629/1753 3805/3630/3805
f 3805/3630/3805 4284/3631/4284 1362/3632/1362
f 1362/3632/1362 2652/3633/2652 4155/3634/4155
f 4155/3634/4155 1848/3635/1848 471/404/471
f 471/404/471 469/3636/469 470/3637/470
f 469/3636/469 3416/3638/3416 470/3637/470
f 470/3637/470 1266/3639/1266 3895/3640/3895
f 1362/3632/1362 4155/3634/4155 658/403/658
f 4155/3634/4155 471/404/471 658/403/658
f 2735/3626/2735 3805/3630/3805 2868/3624/2868
f 3805/3630/3805 1362/3632/1362 2843/3622/2843
f 2843/3622/2843 2868/3624/2868 3805/3630/3805
f 2843/3622/2843 1362/3632/1362 658/403/658
f 471/404/471 470/3637/470 3894/3641/3894
f 470/3637/470 3895/3640/3895 3894/3641/3894
f 3894/3641/3894 3038/3642/3038 3039/402/3039
f 3894/3641/3894 3039/402/3039 471/404/471
f 2964/3643/2964 2629/3644/2629 4034/656/4034
f 4034/656/4034 3581/3645/3581 2964/3643/2964
f 3581/3645/3581 1630/3646/1630 1775/3647/1775
f 3581/3645/3581 1775/3647/1775 3671/3648/3671
f 1620/3649/1620 147/406/147 561/405/561
f 147/406/147 2964/3643/2964 3670/3650/3670
f 3581/3645/3581 3671/3648/3671 2964/3643/2964
f 3670/3650/3670 28/407/28 147/406/147
f 28/407/28 885/3651/885 561/405/561
f 3671/3648/3671 3670/3650/3670 2964/3643/2964
f 886/3652/886 3826/3653/3826 885/3651/885
f 3826/3653/3826 561/405/561 885/3651/885
f 1899/408/1899 2423/3654/2423 2137/409/2137
f 3154/411/3154 1453/3655/1453 3152/412/3152
f 4214/414/4214 1649/3656/1649 3040/415/3040
f 2873/3657/2873 2569/3658/2569 3167/3659/3167
f 2569/3658/2569 1147/953/1147 3167/3659/3167
f 1147/953/1147 1149/3660/1149 1201/3661/1201
f 1149/3660/1149 3506/3662/3506 1201/3661/1201
f 3506/3662/3506 3411/3663/3411 1201/3661/1201
f 3167/3659/3167 3050/3664/3050 2873/3657/2873
f 3050/3664/3050 902/418/902 2873/3657/2873
f 1147/953/1147 1201/3661/1201 3167/3659/3167
f 2078/3665/2078 705/417/705 2021/419/2021
f 705/417/705 2873/3657/2873 902/418/902
f 2078/3665/2078 2021/419/2021 1995/3666/1995
f 902/418/902 3994/3667/3994 2021/419/2021
f 2613/3668/2613 2612/3669/2612 3400/3670/3400
f 2612/3669/2612 1995/3666/1995 3400/3670/3400
f 2021/419/2021 603/3671/603 1995/3666/1995
f 603/3671/603 3400/3670/3400 1995/3666/1995
f 2309/420/2309 691/3672/691 2260/421/2260
f 691/3672/691 4064/3673/4064 2260/421/2260
f 2260/421/2260 143/3674/143 3241/3675/3241
f 2482/422/2482 2483/3676/2483 2309/420/2309
f 2260/421/2260 3241/3675/3241 2482/422/2482
f 4222/425/4222 3079/3677/3079 1799/3678/1799
f 3079/3677/3079 3713/3679/3713 1799/3678/1799
f 1799/3678/1799 2937/423/2937 4222/425/4222
f 3794/3680/3794 487/3681/487 3460/428/3460
f 487/3681/487 1504/426/1504 3460/428/3460
f 2761/3682/2761 3636/679/3636 2204/3683/2204
f 3636/679/3636 3309/678/3309 2204/3683/2204
f 2761/3682/2761 2204/3683/2204 3406/3684/3406
f 3309/678/3309 3874/3685/3874 3614/3686/3614
f 3874/3685/3874 4144/3687/4144 3614/3686/3614
f 4144/3687/4144 3936/3688/3936 2945/3689/2945
f 2887/3690/2887 2886/3691/2886 2413/3692/2413
f 4144/3687/4144 2945/3689/2945 2036/3693/2036
f 3614/3686/3614 4144/3687/4144 2009/3694/2009
f 3185/3695/3185 2596/3696/2596 2595/3697/2595
f 2596/3696/2596 3769/3698/3769 2595/3697/2595
f 3232/3699/3232 2969/3700/2969 3185/3695/3185
f 2482/3319/2482 3241/3701/3241 3267/3702/3267
f 3241/3701/3241 3232/3699/3232 3267/3702/3267
f 3911/3703/3911 3765/3320/3765 2482/3319/2482
f 2517/3704/2517 2516/3705/2516 3185/3695/3185
f 2516/3705/2516 3267/3702/3267 3185/3695/3185
f 3267/3702/3267 3911/3703/3911 2482/3319/2482
f 3232/3699/3232 3185/3695/3185 3267/3702/3267
f 2595/3697/2595 2517/3704/2517 3185/3695/3185
f 4213/3706/4213 3329/3707/3329 3769/3698/3769
f 3329/3707/3329 2595/3697/2595 3769/3698/3769
f 1442/3708/1442 2424/3709/2424 4212/3710/4212
f 301/3711/301 1441/3712/1441 1442/3708/1442
f 450/3713/450 301/3711/301 1442/3708/1442
f 450/3713/450 1442/3708/1442 448/3714/448
f 1442/3708/1442 4212/3710/4212 1398/3715/1398
f 424/431/424 300/3716/300 449/3717/449
f 449/3717/449 450/3713/450 448/3714/448
f 1442/3708/1442 1398/3715/1398 448/3714/448
f 4098/3718/4098 539/3719/539 424/431/424
f 2315/3720/2315 1103/567/1103 4098/3718/4098
f 2211/3721/2211 4132/3722/4132 2833/3723/2833
f 2833/3723/2833 2315/3720/2315 4098/3718/4098
f 2833/3723/2833 4098/3718/4098 424/431/424
f 3202/3724/3202 42/3725/42 58/3726/58
f 42/3725/42 2211/3721/2211 58/3726/58
f 2211/3721/2211 2833/3723/2833 3594/430/3594
f 2833/3723/2833 424/431/424 3594/430/3594
f 58/3726/58 2211/3721/2211 2998/3727/2998
f 4094/3728/4094 58/3726/58 3988/3729/3988
f 2211/3721/2211 3594/430/3594 2259/3730/2259
f 2998/3727/2998 2211/3721/2211 2259/3730/2259
f 200/3731/200 3201/3732/3201 3461/3733/3461
f 3304/3734/3304 200/3731/200 3461/3733/3461
f 2770/3735/2770 2926/3736/2926 3304/3734/3304
f 4053/3737/4053 3724/3738/3724 3725/3739/3725
f 2770/3735/2770 3304/3734/3304 4249/3740/4249
f 3304/3734/3304 3461/3733/3461 2206/3741/2206
f 3304/3734/3304 2206/3741/2206 4249/3740/4249
f 3461/3733/3461 4094/3728/4094 2206/3741/2206
f 2413/3692/2413 958/3742/958 1583/3743/1583
f 1583/3743/1583 3536/3744/3536 4302/3745/4302
f 4302/3745/4302 3634/3746/3634 3660/3747/3660
f 1889/3748/1889 601/3749/601 2142/3750/2142
f 4302/3745/4302 3660/3747/3660 1889/3748/1889
f 2887/3690/2887 2413/3692/2413 3474/3751/3474
f 2413/3692/2413 1583/3743/1583 3966/3752/3966
f 1583/3743/1583 4302/3745/4302 1931/3753/1931
f 4302/3745/4302 1889/3748/1889 4039/3754/4039
f 4039/3754/4039 2142/3750/2142 288/3755/288
f 2142/3750/2142 3645/3756/3645 1875/3757/1875
f 2142/3750/2142 4039/3754/4039 1889/3748/1889
f 288/3755/288 2142/3750/2142 1875/3757/1875
f 2413/3692/2413 3966/3752/3966 3474/3751/3474
f 288/3755/288 684/3758/684 2431/3759/2431
f 1875/3757/1875 2490/3760/2490 684/3758/684
f 684/3758/684 288/3755/288 1875/3757/1875
f 684/3758/684 685/3761/685 2460/3762/2460
f 2460/3762/2460 2459/3763/2459 3570/3764/3570
f 3570/3764/3570 1600/3765/1600 2431/3759/2431
f 1600/3765/1600 2774/3766/2774 2431/3759/2431
f 4077/2146/4077 1688/94/1688 883/2139/883
f 1688/94/1688 2611/2138/2611 883/2139/883
f 2774/3766/2774 4077/2146/4077 882/2137/882
f 882/2137/882 4077/2146/4077 883/2139/883
f 684/3758/684 2460/3762/2460 2431/3759/2431
f 2460/3762/2460 3570/3764/3570 2431/3759/2431
f 882/2137/882 2766/3767/2766 2431/3759/2431
f 2774/3766/2774 882/2137/882 2431/3759/2431
f 2945/3689/2945 2887/3690/2887 1532/3768/1532
f 4302/3745/4302 4039/3754/4039 1290/3769/1290
f 1931/3753/1931 4302/3745/4302 1290/3769/1290
f 3769/3698/3769 3406/3684/3406 4213/3706/4213
f 4212/3710/4212 4213/3706/4213 3406/3684/3406
f 4212/3710/4212 3406/3684/3406 2204/3683/2204
f 2817/3770/2817 4212/3710/4212 2204/3683/2204
f 2740/3771/2740 1862/3772/1862 1651/3773/1651
f 3973/3774/3973 1924/3775/1924 2740/3771/2740
f 2855/3776/2855 157/3777/157 3973/3774/3973
f 2538/3778/2538 3739/3779/3739 2855/3776/2855
f 2536/3780/2536 2537/3781/2537 2538/3778/2538
f 521/3782/521 4093/3783/4093 2536/3780/2536
f 3807/3784/3807 793/3785/793 521/3782/521
f 4190/3786/4190 3762/565/3762 140/3787/140
f 2573/3788/2573 4190/3786/4190 2195/3789/2195
f 4190/3786/4190 140/3787/140 2195/3789/2195
f 4109/3790/4109 1027/3791/1027 2195/3789/2195
f 2195/3789/2195 140/3787/140 3664/3792/3664
f 140/3787/140 3807/3784/3807 3664/3792/3664
f 3664/3792/3664 4109/3790/4109 2195/3789/2195
f 521/3782/521 2536/3780/2536 2538/3778/2538
f 3664/3792/3664 3807/3784/3807 2666/3793/2666
f 3807/3784/3807 521/3782/521 2666/3793/2666
f 521/3782/521 2538/3778/2538 2855/3776/2855
f 521/3782/521 2855/3776/2855 3973/3774/3973
f 2666/3793/2666 521/3782/521 1564/242/1564
f 521/3782/521 3973/3774/3973 1564/242/1564
f 2666/3793/2666 1564/242/1564 2186/3794/2186
f 3973/3774/3973 2740/3771/2740 1564/242/1564
f 1881/3795/1881 1880/3796/1880 2667/3797/2667
f 3085/3798/3085 205/3799/205 851/3800/851
f 205/3799/205 1881/3795/1881 851/3800/851
f 2378/3315/2378 3291/351/3291 2944/3801/2944
f 3291/351/3291 3085/3798/3085 3437/3802/3437
f 3437/3802/3437 3085/3798/3085 2475/3803/2475
f 2944/3801/2944 2476/3804/2476 2378/3315/2378
f 3437/3802/3437 3436/3805/3436 2944/3801/2944
f 2475/3803/2475 1906/3806/1906 3437/3802/3437
f 851/3800/851 3096/3807/3096 3085/3798/3085
f 3096/3807/3096 2475/3803/2475 3085/3798/3085
f 720/3808/720 3478/3809/3478 1881/3795/1881
f 3478/3809/3478 851/3800/851 1881/3795/1881
f 1766/3810/1766 3967/3811/3967 2186/3794/2186
f 3967/3811/3967 412/3812/412 2186/3794/2186
f 411/2108/411 3550/3813/3550 1166/3814/1166
f 411/2108/411 1166/3814/1166 996/241/996
f 1166/3814/1166 2186/3794/2186 996/241/996
f 411/2108/411 996/241/996 1825/2095/1825
f 1834/2123/1834 675/2109/675 998/3815/998
f 675/2109/675 1825/2095/1825 372/3548/372
f 2186/3794/2186 412/3812/412 2666/3793/2666
f 996/241/996 2186/3794/2186 1564/242/1564
f 3642/2124/3642 1834/2123/1834 998/3815/998
f 675/2109/675 372/3548/372 998/3815/998
f 3642/2124/3642 998/3815/998 1291/3816/1291
f 2681/2126/2681 3027/2125/3027 3642/2124/3642
f 2055/3817/2055 4042/945/4042 1520/201/1520
f 4042/945/4042 2681/2126/2681 1520/201/1520
f 1520/201/1520 623/2776/623 2055/3817/2055
f 1420/3818/1420 1631/202/1631 1520/201/1520
f 2609/3819/2609 2306/3820/2306 1420/3818/1420
f 2138/3821/2138 3330/3822/3330 2609/3819/2609
f 1291/3816/1291 495/3823/495 2138/3821/2138
f 998/3815/998 1926/3824/1926 1291/3816/1291
f 372/3548/372 1156/3547/1156 998/3815/998
f 996/241/996 1200/240/1200 372/3548/372
f 2678/3549/2678 1564/242/1564 2740/3771/2740
f 1868/3556/1868 348/3560/348 3409/3825/3409
f 348/3560/348 2678/3549/2678 577/3826/577
f 3409/3825/3409 348/3560/348 3776/3827/3776
f 41/399/41 3624/401/3624 1566/3828/1566
f 3624/401/3624 903/3557/903 1566/3828/1566
f 996/241/996 372/3548/372 1825/2095/1825
f 1291/3816/1291 2138/3821/2138 3642/2124/3642
f 2138/3821/2138 2609/3819/2609 1520/201/1520
f 2609/3819/2609 1420/3818/1420 1520/201/1520
f 2681/2126/2681 3642/2124/3642 1520/201/1520
f 1520/201/1520 3642/2124/3642 2138/3821/2138
f 412/3812/412 720/3808/720 2666/3793/2666
f 2666/3793/2666 720/3808/720 2667/3797/2667
f 720/3808/720 1881/3795/1881 2667/3797/2667
f 903/3557/903 1868/3556/1868 3083/3829/3083
f 1566/3828/1566 903/3557/903 3083/3829/3083
f 1565/3830/1565 1364/3619/1364 3337/3831/3337
f 1364/3619/1364 41/399/41 3337/3831/3337
f 3889/3832/3889 4236/3833/4236 3337/3831/3337
f 3437/3802/3437 2944/3801/2944 3291/351/3291
f 3889/3832/3889 3337/3831/3337 1515/3834/1515
f 3337/3831/3337 41/399/41 1515/3834/1515
f 1907/3835/1907 815/3836/815 3889/3832/3889
f 3507/3837/3507 1908/3838/1908 1907/3835/1907
f 3468/3839/3468 4275/3840/4275 3683/3841/3683
f 4275/3840/4275 3507/3837/3507 3683/3841/3683
f 1719/3842/1719 364/3843/364 3683/3841/3683
f 3507/3837/3507 1907/3835/1907 3949/3844/3949
f 1907/3835/1907 3889/3832/3889 3949/3844/3949
f 1719/3842/1719 3683/3841/3683 212/3845/212
f 3683/3841/3683 3507/3837/3507 440/3846/440
f 212/3845/212 3683/3841/3683 440/3846/440
f 440/3846/440 441/3847/441 212/3845/212
f 473/3848/473 3677/3849/3677 440/3846/440
f 3949/3844/3949 1760/3850/1760 473/3848/473
f 1515/3834/1515 1514/3851/1514 3949/3844/3949
f 3949/3844/3949 473/3848/473 3507/3837/3507
f 473/3848/473 440/3846/440 3507/3837/3507
f 1515/3834/1515 3949/3844/3949 3889/3832/3889
f 2678/3549/2678 2740/3771/2740 1651/3773/1651
f 1566/3828/1566 1515/3834/1515 41/399/41
f 2678/3549/2678 1651/3773/1651 4053/3737/4053
f 2678/3549/2678 4053/3737/4053 577/3826/577
f 4053/3737/4053 3725/3739/3725 3538/3852/3538
f 577/3826/577 4053/3737/4053 3375/3853/3375
f 1593/3854/1593 1623/3855/1623 780/3856/780
f 1623/3855/1623 3083/3829/3083 780/3856/780
f 2431/3759/2431 3526/3857/3526 288/3755/288
f 4039/3754/4039 1246/3858/1246 949/3859/949
f 1246/3858/1246 4224/3860/4224 949/3859/949
f 3966/3752/3966 1583/3743/1583 3112/3861/3112
f 3083/3829/3083 1868/3556/1868 780/3856/780
f 2788/3862/2788 3399/3863/3399 780/3856/780
f 4039/3754/4039 949/3859/949 443/3864/443
f 949/3859/949 442/3865/442 443/3864/443
f 443/3864/443 1472/3866/1472 1290/3769/1290
f 4039/3754/4039 443/3864/443 1290/3769/1290
f 2175/3867/2175 3632/3868/3632 1931/3753/1931
f 3632/3868/3632 2462/3869/2462 1931/3753/1931
f 1290/3769/1290 2175/3867/2175 1931/3753/1931
f 1583/3743/1583 1931/3753/1931 3692/3870/3692
f 3692/3870/3692 3485/3871/3485 3722/3872/3722
f 1583/3743/1583 3692/3870/3692 3112/3861/3112
f 2788/3862/2788 780/3856/780 1868/3556/1868
f 3968/3873/3968 3969/3874/3969 2788/3862/2788
f 3776/3827/3776 3410/3875/3410 3409/3825/3409
f 3968/3873/3968 2788/3862/2788 1868/3556/1868
f 3409/3825/3409 3968/3873/3968 1868/3556/1868
f 3692/3870/3692 3722/3872/3722 3112/3861/3112
f 3112/3861/3112 3627/3876/3627 341/3877/341
f 3627/3876/3627 3626/3878/3626 341/3877/341
f 3776/3827/3776 348/3560/348 354/3879/354
f 354/3879/354 2325/3880/2325 3776/3827/3776
f 354/3879/354 348/3560/348 439/3881/439
f 439/3881/439 348/3560/348 1089/3882/1089
f 439/3881/439 355/3883/355 354/3879/354
f 1089/3882/1089 1779/3884/1779 439/3881/439
f 1660/3885/1660 1090/3886/1090 1089/3882/1089
f 524/3887/524 2215/3888/2215 1660/3885/1660
f 756/3889/756 3292/3890/3292 524/3887/524
f 2061/3891/2061 4156/3892/4156 756/3889/756
f 577/3826/577 2757/3893/2757 2061/3891/2061
f 3980/3894/3980 2589/3895/2589 3375/3853/3375
f 435/3896/435 3980/3894/3980 3375/3853/3375
f 1535/3897/1535 1225/3898/1225 1224/3899/1224
f 3538/3852/3538 1535/3897/1535 1224/3899/1224
f 3138/3900/3138 1333/3901/1333 3538/3852/3538
f 4249/3740/4249 3787/3902/3787 3138/3900/3138
f 3138/3900/3138 3538/3852/3538 3725/3739/3725
f 3538/3852/3538 1224/3899/1224 4053/3737/4053
f 1224/3899/1224 435/3896/435 4053/3737/4053
f 4249/3740/4249 3138/3900/3138 2770/3735/2770
f 3138/3900/3138 3725/3739/3725 2770/3735/2770
f 435/3896/435 3375/3853/3375 4053/3737/4053
f 2061/3891/2061 756/3889/756 524/3887/524
f 2061/3891/2061 524/3887/524 348/3560/348
f 524/3887/524 1660/3885/1660 348/3560/348
f 2061/3891/2061 348/3560/348 577/3826/577
f 1660/3885/1660 1089/3882/1089 348/3560/348
f 4226/3903/4226 2976/3904/2976 3883/3905/3883
f 2976/3904/2976 1252/3906/1252 3883/3905/3883
f 1252/3906/1252 2206/3741/2206 2400/3907/2400
f 2206/3741/2206 4094/3728/4094 1925/3908/1925
f 2400/3907/2400 2206/3741/2206 1925/3908/1925
f 3112/3861/3112 341/3877/341 3966/3752/3966
f 3966/3752/3966 3701/3909/3701 3474/3751/3474
f 1532/3768/1532 3097/3910/3097 1079/3911/1079
f 3097/3910/3097 1080/3912/1080 1079/3911/1079
f 1079/3911/1079 2812/3913/2812 2036/3693/2036
f 2036/3693/2036 2010/3914/2010 2009/3694/2009
f 2009/3694/2009 3639/3915/3639 3614/3686/3614
f 2204/3683/2204 4276/3916/4276 2817/3770/2817
f 2036/3693/2036 2009/3694/2009 4144/3687/4144
f 1079/3911/1079 2036/3693/2036 2945/3689/2945
f 1079/3911/1079 2945/3689/2945 1532/3768/1532
f 3474/3751/3474 1532/3768/1532 2887/3690/2887
f 2182/3917/2182 3992/3918/3992 2103/3919/2103
f 3992/3918/3992 4226/3903/4226 2103/3919/2103
f 2103/3919/2103 503/3920/503 2182/3917/2182
f 3883/3905/3883 4195/3921/4195 4226/3903/4226
f 4195/3921/4195 2103/3919/2103 4226/3903/4226
f 2400/3907/2400 2056/3922/2056 1252/3906/1252
f 2056/3922/2056 3883/3905/3883 1252/3906/1252
f 1925/3908/1925 3479/3923/3479 2400/3907/2400
f 3988/3729/3988 3245/3924/3245 1925/3908/1925
f 2998/3727/2998 3242/3925/3242 3988/3729/3988
f 2259/3730/2259 3629/3926/3629 2998/3727/2998
f 3594/430/3594 1598/3927/1598 2259/3730/2259
f 448/3714/448 2313/3928/2313 1806/429/1806
f 2998/3727/2998 3988/3729/3988 58/3726/58
f 3988/3729/3988 1925/3908/1925 4094/3728/4094
f 3309/678/3309 3614/3686/3614 2204/3683/2204
f 2817/3770/2817 4245/3929/4245 1398/3715/1398
f 4212/3710/4212 2817/3770/2817 1398/3715/1398
f 1398/3715/1398 3653/3930/3653 448/3714/448
f 424/431/424 449/3717/449 1806/429/1806
f 449/3717/449 448/3714/448 1806/429/1806
f 2479/432/2479 2478/3931/2478 1992/433/1992
f 1422/435/1422 1420/3932/1420 1421/436/1421
f 4003/440/4003 3591/3933/3591 4307/3934/4307
f 3591/3933/3591 467/3935/467 4307/3934/4307
f 467/3935/467 2675/3936/2675 4307/3934/4307
f 4307/3934/4307 3026/3937/3026 4003/440/4003
f 3026/3937/3026 3145/438/3145 4003/440/4003
f 2712/443/2712 1891/3004/1891 3843/3938/3843
f 1891/3004/1891 3964/3003/3964 3843/3938/3843
f 3843/3938/3843 1807/3012/1807 2712/443/2712
f 1807/3012/1807 446/441/446 2712/443/2712
f 4324/3939/4324 4167/3940/4167 3289/444/3289
f 4167/3940/4167 961/445/961 3289/444/3289
f 962/446/962 783/3941/783 2965/3942/2965
f 783/3941/783 3673/3943/3673 2965/3942/2965
f 2965/3942/2965 3623/3944/3623 962/446/962
f 3623/3944/3623 3289/444/3289 962/446/962
f 2178/3945/2178 3868/3946/3868 3673/3943/3673
f 3868/3946/3868 2965/3942/2965 3673/3943/3673
f 3673/3943/3673 2179/3947/2179 2178/3945/2178
f 2442/447/2442 3344/577/3344 2950/448/2950
f 3838/49/3838 2601/3948/2601 3836/450/3836
f 3384/454/3384 1974/3949/1974 4304/3950/4304
f 4304/3950/4304 3286/3951/3286 2003/3952/2003
f 2003/3952/2003 2505/3953/2505 4204/3954/4204
f 4204/3954/4204 4205/3955/4205 4068/3956/4068
f 4205/3955/4205 4028/3957/4028 4068/3956/4068
f 4068/3956/4068 2004/3958/2004 2003/3952/2003
f 4204/3954/4204 4068/3956/4068 2003/3952/2003
f 1193/3959/1193 1194/3960/1194 1804/3961/1804
f 1193/3959/1193 1804/3961/1804 1803/3962/1803
f 2004/3958/2004 1193/3959/1193 4304/3950/4304
f 1193/3959/1193 1803/3962/1803 3043/3963/3043
f 4304/3950/4304 1193/3959/1193 3043/3963/3043
f 1803/3962/1803 1802/3964/1802 3043/3963/3043
f 3043/3963/3043 1575/3965/1575 1408/3966/1408
f 1408/3966/1408 627/3967/627 388/3968/388
f 3647/3969/3647 4280/3970/4280 4182/3971/4182
f 1408/3966/1408 388/3968/388 3647/3969/3647
f 3043/3963/3043 1408/3966/1408 4304/3950/4304
f 1408/3966/1408 3647/3969/3647 3384/454/3384
f 3384/454/3384 3647/3969/3647 4269/452/4269
f 3647/3969/3647 4182/3971/4182 582/3972/582
f 582/3972/582 1418/3973/1418 228/3974/228
f 1418/3973/1418 3786/3975/3786 228/3974/228
f 228/3974/228 229/3976/229 230/3977/230
f 3647/3969/3647 582/3972/582 230/3977/230
f 2003/3952/2003 2004/3958/2004 4304/3950/4304
f 3647/3969/3647 230/3977/230 4269/452/4269
f 582/3972/582 228/3974/228 230/3977/230
f 230/3977/230 2933/3978/2933 4269/452/4269
f 3384/454/3384 4304/3950/4304 1408/3966/1408
f 3239/3979/3239 737/3980/737 419/457/419
f 419/457/419 418/3981/418 112/3982/112
f 113/930/113 1699/3983/1699 3837/455/3837
f 419/457/419 112/3982/112 113/930/113
f 3836/456/3836 3239/3979/3239 419/457/419
f 113/930/113 3837/455/3837 419/457/419
f 520/458/520 1262/3984/1262 631/459/631
f 864/3985/864 906/3986/906 907/3987/907
f 907/3987/907 904/3988/904 101/461/101
f 101/461/101 3885/3989/3885 4232/462/4232
f 3885/3989/3885 3680/3990/3680 4232/462/4232
f 4232/462/4232 2951/3991/2951 1221/463/1221
f 2951/3991/2951 3558/3992/3558 2107/3993/2107
f 1221/463/1221 2951/3991/2951 2107/3993/2107
f 864/3985/864 907/3987/907 847/3994/847
f 907/3987/907 101/461/101 1221/463/1221
f 847/3994/847 907/3987/907 1221/463/1221
f 4108/3995/4108 1146/3996/1146 847/3994/847
f 1146/3996/1146 864/3985/864 847/3994/847
f 1221/463/1221 2353/3997/2353 847/3994/847
f 1953/464/1953 1378/311/1378 765/310/765
f 28/466/28 3670/3998/3670 3671/467/3671
f 2451/469/2451 2905/2389/2905 3563/470/3563
f 2551/3999/2551 2024/2800/2024 245/4000/245
f 2024/2800/2024 1437/2803/1437 940/4001/940
f 1046/4002/1046 1047/4003/1047 1384/4004/1384
f 2024/2800/2024 940/4001/940 2691/4005/2691
f 1437/2803/1437 1046/4002/1046 2250/4006/2250
f 2111/4007/2111 2025/2841/2025 2551/3999/2551
f 2975/4008/2975 2170/4009/2170 2111/4007/2111
f 1235/4010/1235 3425/4011/3425 2975/4008/2975
f 1297/4012/1297 3797/4013/3797 1235/4010/1235
f 563/4014/563 3490/4015/3490 1297/4012/1297
f 4123/4016/4123 3099/4017/3099 563/4014/563
f 3709/4018/3709 3796/4019/3796 4123/4016/4123
f 2350/4020/2350 1243/4021/1243 3709/4018/3709
f 92/4022/92 91/4023/91 3336/4024/3336
f 3336/4024/3336 2350/4020/2350 4298/4025/4298
f 2350/4020/2350 3709/4018/3709 4298/4025/4298
f 4123/4016/4123 563/4014/563 1235/4010/1235
f 563/4014/563 1297/4012/1297 1235/4010/1235
f 3709/4018/3709 4123/4016/4123 4298/4025/4298
f 3098/4026/3098 1074/4027/1074 92/4022/92
f 92/4022/92 3336/4024/3336 2913/4028/2913
f 3336/4024/3336 4298/4025/4298 2955/4029/2955
f 4123/4016/4123 1235/4010/1235 423/4030/423
f 4298/4025/4298 4123/4016/4123 423/4030/423
f 2077/4031/2077 3392/4032/3392 3947/4033/3947
f 3392/4032/3392 3098/4026/3098 3947/4033/3947
f 3098/4026/3098 92/4022/92 2993/4034/2993
f 3062/4035/3062 3336/4024/3336 2955/4029/2955
f 3336/4024/3336 3062/4035/3062 2913/4028/2913
f 1235/4010/1235 2975/4008/2975 1933/4036/1933
f 2993/4034/2993 2992/4037/2992 3947/4033/3947
f 2913/4028/2913 4124/4038/4124 2993/4034/2993
f 3062/4035/3062 3061/4039/3061 2913/4028/2913
f 2955/4029/2955 4010/4040/4010 3062/4035/3062
f 4298/4025/4298 359/4041/359 2955/4029/2955
f 3349/4042/3349 3350/4043/3350 423/4030/423
f 3573/4044/3573 3349/4042/3349 423/4030/423
f 3573/4044/3573 423/4030/423 3717/4045/3717
f 1235/4010/1235 1933/4036/1933 3717/4045/3717
f 3717/4045/3717 3137/4046/3137 3573/4044/3573
f 1933/4036/1933 109/4047/109 3717/4045/3717
f 549/4048/549 700/4049/700 1933/4036/1933
f 2691/4005/2691 1477/4050/1477 245/4000/245
f 549/4048/549 1933/4036/1933 2111/4007/2111
f 2111/4007/2111 1933/4036/1933 2975/4008/2975
f 2913/4028/2913 2993/4034/2993 92/4022/92
f 3717/4045/3717 423/4030/423 1235/4010/1235
f 2993/4034/2993 3947/4033/3947 3098/4026/3098
f 2111/4007/2111 2551/3999/2551 549/4048/549
f 1437/2803/1437 2250/4006/2250 172/4051/172
f 1437/2803/1437 172/4051/172 940/4001/940
f 1046/4002/1046 1384/4004/1384 2250/4006/2250
f 2250/4006/2250 2251/4052/2251 172/4051/172
f 245/4000/245 549/4048/549 2551/3999/2551
f 172/4051/172 171/4053/171 1821/4054/1821
f 1821/4054/1821 3391/4055/3391 303/4056/303
f 303/4056/303 302/4057/302 2672/4058/2672
f 2672/4058/2672 2903/4059/2903 834/474/834
f 834/474/834 833/4060/833 1363/4061/1363
f 1363/4061/1363 1448/4062/1448 275/4063/275
f 275/4063/275 274/4064/274 295/4065/295
f 295/4065/295 296/4066/296 1131/4067/1131
f 1131/4067/1131 1744/4068/1744 2963/4069/2963
f 2963/4069/2963 3105/4070/3105 2815/4071/2815
f 2815/4071/2815 1316/4072/1316 201/4073/201
f 201/4073/201 3015/4074/3015 1017/4075/1017
f 1017/4075/1017 134/4076/134 105/4077/105
f 105/4077/105 459/4078/459 1339/4079/1339
f 1478/4080/1478 3737/4081/3737 2947/4082/2947
f 2947/4082/2947 2948/4083/2948 974/4084/974
f 1439/4085/1439 3494/4086/3494 289/4087/289
f 1088/4088/1088 2194/4089/2194 3327/4090/3327
f 3327/4090/3327 3378/4091/3378 3278/4092/3278
f 2062/4093/2062 1648/4094/1648 1647/4095/1647
f 3327/4090/3327 3278/4092/3278 2062/4093/2062
f 1088/4088/1088 3327/4090/3327 2062/4093/2062
f 1647/4095/1647 1646/4096/1646 3358/4097/3358
f 1088/4088/1088 2062/4093/2062 499/4098/499
f 2062/4093/2062 1647/4095/1647 499/4098/499
f 289/4087/289 1088/4088/1088 1445/4099/1445
f 3358/4097/3358 516/4100/516 1279/4101/1279
f 1088/4088/1088 499/4098/499 1445/4099/1445
f 1647/4095/1647 3358/4097/3358 499/4098/499
f 3358/4097/3358 1279/4101/1279 499/4098/499
f 1279/4101/1279 3708/4102/3708 2827/1232/2827
f 2827/1232/2827 395/1234/395 3766/4103/3766
f 395/1234/395 394/4104/394 3766/4103/3766
f 3766/4103/3766 4158/4105/4158 3975/4106/3975
f 1279/4101/1279 2827/1232/2827 499/4098/499
f 2827/1232/2827 3766/4103/3766 499/4098/499
f 3766/4103/3766 3975/4106/3975 499/4098/499
f 1439/4085/1439 289/4087/289 1445/4099/1445
f 1439/4085/1439 1445/4099/1445 1017/4075/1017
f 1793/4107/1793 1478/4080/1478 2947/4082/2947
f 1017/4075/1017 105/4077/105 1439/4085/1439
f 105/4077/105 1339/4079/1339 1439/4085/1439
f 1339/4079/1339 1793/4107/1793 974/4084/974
f 1793/4107/1793 2947/4082/2947 974/4084/974
f 201/4073/201 1017/4075/1017 1445/4099/1445
f 2963/4069/2963 2815/4071/2815 3646/4108/3646
f 2815/4071/2815 201/4073/201 3646/4108/3646
f 275/4063/275 295/4065/295 2900/4109/2900
f 295/4065/295 1131/4067/1131 2734/4110/2734
f 2900/4109/2900 295/4065/295 1012/4111/1012
f 1363/4061/1363 275/4063/275 2900/4109/2900
f 1339/4079/1339 974/4084/974 1439/4085/1439
f 834/474/834 1363/4061/1363 2899/472/2899
f 2672/4058/2672 834/474/834 1228/473/1228
f 1363/4061/1363 2900/4109/2900 2899/472/2899
f 201/4073/201 1445/4099/1445 3646/4108/3646
f 1131/4067/1131 2963/4069/2963 3646/4108/3646
f 1821/4054/1821 303/4056/303 2672/4058/2672
f 2024/2800/2024 2691/4005/2691 245/4000/245
f 172/4051/172 1821/4054/1821 1228/473/1228
f 940/4001/940 172/4051/172 1018/4112/1018
f 3852/4113/3852 3754/4114/3754 2691/4005/2691
f 3668/4115/3668 1324/4116/1324 3852/4113/3852
f 3898/4117/3898 3913/4118/3913 3668/4115/3668
f 2255/4119/2255 461/4120/461 3898/4117/3898
f 940/4001/940 3228/4121/3228 2255/4119/2255
f 1018/4112/1018 941/4122/941 940/4001/940
f 1228/473/1228 696/4123/696 1018/4112/1018
f 2899/472/2899 502/4124/502 1228/473/1228
f 1012/4111/1012 3372/4125/3372 2900/4109/2900
f 2734/4110/2734 3638/4126/3638 1012/4111/1012
f 3646/4108/3646 3175/4127/3175 2734/4110/2734
f 1445/4099/1445 1446/4128/1446 3646/4108/3646
f 499/4098/499 4231/4129/4231 1445/4099/1445
f 719/4130/719 2396/4131/2396 490/4132/490
f 3219/4133/3219 718/4134/718 719/4130/719
f 611/4135/611 2660/4136/2660 152/4137/152
f 2660/4136/2660 3218/4138/3218 152/4137/152
f 3218/4138/3218 3219/4133/3219 719/4130/719
f 3218/4138/3218 719/4130/719 1509/4139/1509
f 719/4130/719 490/4132/490 2908/4140/2908
f 1509/4139/1509 719/4130/719 3189/4141/3189
f 1508/4142/1508 2263/4143/2263 152/4137/152
f 1509/4139/1509 1510/4144/1510 1508/4142/1508
f 2403/4145/2403 1759/4146/1759 3661/4147/3661
f 1759/4146/1759 3163/4148/3163 3661/4147/3661
f 1509/4139/1509 1508/4142/1508 3218/4138/3218
f 1508/4142/1508 152/4137/152 3218/4138/3218
f 3189/4141/3189 719/4130/719 2908/4140/2908
f 3163/4148/3163 1509/4139/1509 3243/4149/3243
f 1071/4150/1071 2404/4151/2404 2496/4152/2496
f 2404/4151/2404 2403/4145/2403 2496/4152/2496
f 2496/4152/2496 2497/4153/2497 1071/4150/1071
f 2546/4154/2546 1901/4155/1901 3163/4148/3163
f 1901/4155/1901 3661/4147/3661 3163/4148/3163
f 3448/4156/3448 2546/4154/2546 3163/4148/3163
f 3661/4147/3661 2496/4152/2496 2403/4145/2403
f 3243/4149/3243 3447/4157/3447 3448/4156/3448
f 2734/4110/2734 1012/4111/1012 295/4065/295
f 3646/4108/3646 2734/4110/2734 1131/4067/1131
f 1228/473/1228 1018/4112/1018 172/4051/172
f 940/4001/940 2255/4119/2255 2691/4005/2691
f 2255/4119/2255 3898/4117/3898 2691/4005/2691
f 3898/4117/3898 3668/4115/3668 2691/4005/2691
f 3668/4115/3668 3852/4113/3852 2691/4005/2691
f 1821/4054/1821 2672/4058/2672 1228/473/1228
f 326/4158/326 4151/4159/4151 4223/4160/4223
f 4151/4159/4151 3042/4161/3042 4223/4160/4223
f 4223/4160/4223 1189/4162/1189 3189/4141/3189
f 326/4158/326 4223/4160/4223 3189/4141/3189
f 3188/4163/3188 1190/4164/1190 626/4165/626
f 1190/4164/1190 3946/4166/3946 626/4165/626
f 2908/4140/2908 326/4158/326 3189/4141/3189
f 3188/4163/3188 626/4165/626 3243/4149/3243
f 3243/4149/3243 3448/4156/3448 3163/4148/3163
f 3189/4141/3189 3188/4163/3188 3243/4149/3243
f 1509/4139/1509 3189/4141/3189 3243/4149/3243
f 2908/4140/2908 490/4132/490 3975/4106/3975
f 490/4132/490 499/4098/499 3975/4106/3975
f 1784/1921/1784 1197/477/1197 688/4167/688
f 1197/477/1197 2339/4168/2339 2154/475/2154
f 688/4167/688 1197/477/1197 1930/476/1930
f 2339/4168/2339 2338/4169/2338 1364/4170/1364
f 1364/4170/1364 1565/4171/1565 2154/475/2154
f 2154/475/2154 3303/4172/3303 1930/476/1930
f 1930/476/1930 689/4173/689 688/4167/688
f 688/4167/688 1009/4174/1009 1784/1921/1784
f 1009/4174/1009 2287/1922/2287 1784/1921/1784
f 2339/4168/2339 1364/4170/1364 2154/475/2154
f 529/4175/529 1127/4176/1127 3207/4177/3207
f 529/4175/529 3207/4177/3207 3981/4178/3981
f 3207/4177/3207 965/4179/965 3981/4178/3981
f 25/4180/25 1654/4181/1654 529/4175/529
f 3180/4182/3180 1975/4183/1975 2137/4184/2137
f 1975/4183/1975 25/4180/25 2137/4184/2137
f 2423/1008/2423 936/4185/936 3180/4182/3180
f 2137/4184/2137 2423/1008/2423 3180/4182/3180
f 25/4180/25 529/4175/529 3981/4178/3981
f 2137/4184/2137 25/4180/25 3981/4178/3981
f 965/4179/965 2832/480/2832 1899/1009/1899
f 3981/4178/3981 965/4179/965 1899/1009/1899
f 2832/480/2832 3107/4186/3107 1347/478/1347
f 884/4187/884 2719/4188/2719 3220/479/3220
f 1983/1007/1983 1899/1009/1899 2832/480/2832
f 1347/478/1347 884/4187/884 3220/479/3220
f 3220/479/3220 1983/1007/1983 2832/480/2832
f 2123/481/2123 1390/1380/1390 764/482/764
f 3609/486/3609 2580/4189/2580 1003/484/1003
f 2580/4189/2580 2581/1731/2581 1003/484/1003
f 1171/2067/1171 1961/87/1961 1851/489/1851
f 1961/87/1961 2274/487/2274 1851/489/1851
f 2374/488/2374 820/4190/820 31/4191/31
f 820/4190/820 1410/4192/1410 31/4191/31
f 159/4193/159 1171/2067/1171 158/4194/158
f 1851/489/1851 158/4194/158 1171/2067/1171
f 31/4191/31 3697/4195/3697 2374/488/2374
f 3697/4195/3697 1851/489/1851 2374/488/2374
f 3686/4196/3686 3041/4197/3041 1410/4192/1410
f 3041/4197/3041 31/4191/31 1410/4192/1410
f 2277/4198/2277 4001/4199/4001 3686/4196/3686
f 1410/4192/1410 1403/4200/1403 3686/4196/3686
f 1403/4200/1403 2277/4198/2277 3686/4196/3686
f 145/198/145 2480/4201/2480 584/490/584
f 584/490/584 3856/4202/3856 585/491/585
f 3856/4202/3856 4303/4203/4303 585/491/585
f 585/491/585 3274/4204/3274 2957/4205/2957
f 583/2775/583 145/198/145 584/490/584
f 3377/4206/3377 779/199/779 583/2775/583
f 585/491/585 2957/4205/2957 586/492/586
f 586/492/586 3377/4206/3377 583/2775/583
f 583/2775/583 584/490/584 586/492/586
f 2419/496/2419 1023/4207/1023 3489/497/3489
f 3796/499/3796 3709/4208/3709 1243/500/1243
f 993/502/993 992/1622/992 3996/309/3996
f 239/506/239 238/4209/238 814/4210/814
f 814/4210/814 2679/4211/2679 643/638/643
f 643/638/643 3662/4212/3662 3398/4213/3398
f 3662/4212/3662 2525/4214/2525 3398/4213/3398
f 3398/4213/3398 1984/4215/1984 643/638/643
f 1984/4215/1984 813/4216/813 643/638/643
f 239/506/239 814/4210/814 813/4216/813
f 814/4210/814 643/638/643 813/4216/813
f 1186/505/1186 240/4217/240 239/506/239
f 813/4216/813 1638/504/1638 239/506/239
f 846/2400/846 845/2399/845 2349/2398/2349
f 2349/2398/2349 451/2397/451 1388/4218/1388
f 451/2397/451 1387/4219/1387 1388/4218/1388
f 1388/4218/1388 88/4220/88 2244/4221/2244
f 226/2402/226 844/2401/844 93/2403/93
f 844/2401/844 846/2400/846 93/2403/93
f 2349/2398/2349 1388/4218/1388 2244/4221/2244
f 846/2400/846 2349/2398/2349 2244/4221/2244
f 93/2403/93 846/2400/846 382/4222/382
f 1633/2405/1633 2344/2404/2344 93/2403/93
f 2244/4221/2244 1379/4223/1379 382/4222/382
f 846/2400/846 2244/4221/2244 382/4222/382
f 2871/2423/2871 391/2406/391 1633/2405/1633
f 1633/2405/1633 93/2403/93 384/4224/384
f 382/4222/382 383/4225/383 384/4224/384
f 93/2403/93 382/4222/382 384/4224/384
f 3149/2429/3149 1828/2424/1828 2871/2423/2871
f 2871/2423/2871 1633/2405/1633 3149/2429/3149
f 384/4224/384 2075/4226/2075 2074/4227/2074
f 1633/2405/1633 384/4224/384 2074/4227/2074
f 2930/2431/2930 2395/2430/2395 3149/2429/3149
f 1633/2405/1633 2074/4227/2074 1838/4228/1838
f 3149/2429/3149 1633/2405/1633 1838/4228/1838
f 2074/4227/2074 1407/4229/1407 1838/4228/1838
f 4040/4230/4040 2930/2431/2930 3149/2429/3149
f 1237/4231/1237 1841/4232/1841 4040/4230/4040
f 14/4233/14 15/886/15 13/509/13
f 1237/4231/1237 4040/4230/4040 3149/2429/3149
f 1788/508/1788 14/4233/14 13/509/13
f 13/509/13 1237/4231/1237 314/507/314
f 1237/4231/1237 3149/2429/3149 311/4234/311
f 314/507/314 1237/4231/1237 311/4234/311
f 1838/4228/1838 312/4235/312 311/4234/311
f 314/507/314 313/4236/313 1788/508/1788
f 3149/2429/3149 1838/4228/1838 311/4234/311
f 3586/510/3586 3584/4237/3584 385/511/385
f 1964/4238/1964 2777/4239/2777 2676/518/2676
f 2777/4239/2777 3455/516/3455 2676/518/2676
f 3408/517/3408 3407/4240/3407 2676/518/2676
f 3407/4240/3407 3164/4241/3164 2676/518/2676
f 626/4165/626 3946/4166/3946 1033/521/1033
f 3946/4166/3946 4002/4242/4002 619/519/619
f 619/519/619 2212/4243/2212 463/4244/463
f 3946/4166/3946 619/519/619 1033/521/1033
f 1534/520/1534 3447/4157/3447 1033/521/1033
f 619/519/619 463/4244/463 1534/520/1534
f 2912/4245/2912 1830/4246/1830 2825/4247/2825
f 1830/4246/1830 3102/4248/3102 3101/4249/3101
f 3101/4249/3101 4202/4250/4202 4081/4251/4081
f 1830/4246/1830 3101/4249/3101 2825/4247/2825
f 733/4252/733 3071/4253/3071 2825/4247/2825
f 2825/4247/2825 3101/4249/3101 4081/4251/4081
f 3205/4254/3205 733/4252/733 2825/4247/2825
f 1921/523/1921 1920/4255/1920 692/4256/692
f 3205/4254/3205 2825/4247/2825 4081/4251/4081
f 692/4256/692 3205/4254/3205 4081/4251/4081
f 4080/4257/4080 1608/4258/1608 1708/4259/1708
f 692/4256/692 4081/4251/4081 4080/4257/4080
f 3100/522/3100 3657/4260/3657 1921/523/1921
f 1921/523/1921 692/4256/692 4229/524/4229
f 692/4256/692 4080/4257/4080 4229/524/4229
f 4080/4257/4080 1708/4259/1708 4229/524/4229
f 4229/524/4229 3689/4261/3689 3100/522/3100
f 270/526/270 2978/4262/2978 3171/527/3171
f 3171/527/3171 862/4263/862 861/4264/861
f 861/4264/861 269/525/269 3171/527/3171
f 2786/4265/2786 2787/529/2787 3698/528/3698
f 2787/529/2787 3873/4266/3873 839/530/839
f 1747/533/1747 1749/1526/1749 2865/1528/2865
f 2865/1528/2865 3612/4267/3612 1747/533/1747
f 3612/4267/3612 2422/531/2422 1747/533/1747
f 1187/4268/1187 160/4269/160 2387/4270/2387
f 160/4269/160 1789/4271/1789 2387/4270/2387
f 4238/534/4238 2122/4272/2122 1188/535/1188
f 1188/535/1188 1187/4268/1187 3269/4273/3269
f 1187/4268/1187 2387/4270/2387 3269/4273/3269
f 3166/4274/3166 3453/4275/3453 285/4276/285
f 3453/4275/3453 1723/4277/1723 3931/4278/3931
f 285/4276/285 3453/4275/3453 3931/4278/3931
f 1723/4277/1723 3354/4279/3354 67/4280/67
f 67/4280/67 3931/4278/3931 1723/4277/1723
f 285/4276/285 3989/4281/3989 3166/4274/3166
f 3989/4281/3989 3269/4273/3269 2387/4270/2387
f 3166/4274/3166 3989/4281/3989 2387/4270/2387
f 3932/536/3932 4139/4282/4139 1579/4283/1579
f 4139/4282/4139 1665/4284/1665 1579/4283/1579
f 1579/4283/1579 57/4285/57 56/4286/56
f 3932/536/3932 1579/4283/1579 56/4286/56
f 3269/4273/3269 3932/536/3932 1188/535/1188
f 3932/536/3932 56/4286/56 4238/534/4238
f 56/4286/56 55/4287/55 4277/4288/4277
f 4238/534/4238 56/4286/56 4277/4288/4277
f 1040/3172/1040 2814/3167/2814 3379/4289/3379
f 2814/3167/2814 3792/3171/3792 3379/4289/3379
f 2988/4290/2988 1253/4291/1253 187/4292/187
f 1042/3173/1042 1041/3174/1041 915/4293/915
f 1041/3174/1041 2383/4294/2383 2205/4295/2205
f 915/4293/915 1041/3174/1041 2205/4295/2205
f 2383/4294/2383 3379/4289/3379 2205/4295/2205
f 3379/4289/3379 3792/3171/3792 2988/4290/2988
f 3379/4289/3379 2988/4290/2988 2205/4295/2205
f 1700/4296/1700 3365/4297/3365 2205/4295/2205
f 2988/4290/2988 187/4292/187 1700/4296/1700
f 2205/4295/2205 2988/4290/2988 1700/4296/1700
f 187/4292/187 3959/4298/3959 1629/4299/1629
f 1629/4299/1629 28/407/28 1775/3647/1775
f 1629/4299/1629 1775/3647/1775 1630/3646/1630
f 187/4292/187 1629/4299/1629 1700/4296/1700
f 1629/4299/1629 1630/3646/1630 4045/4300/4045
f 1700/4296/1700 1629/4299/1629 4045/4300/4045
f 3581/3645/3581 4295/4301/4295 3199/4302/3199
f 3199/4302/3199 3450/4303/3450 4110/4304/4110
f 4110/4304/4110 2810/4305/2810 4114/4306/4114
f 4114/4306/4114 3674/4307/3674 66/4308/66
f 3674/4307/3674 3658/4309/3658 66/4308/66
f 3199/4302/3199 4110/4304/4110 1630/3646/1630
f 4110/4304/4110 4114/4306/4114 1630/3646/1630
f 1630/3646/1630 3581/3645/3581 3199/4302/3199
f 1887/4310/1887 1750/4311/1750 4045/4300/4045
f 534/538/534 4083/4312/4083 3238/539/3238
f 1887/4310/1887 4045/4300/4045 1630/3646/1630
f 1887/4310/1887 1630/3646/1630 4114/4306/4114
f 3238/539/3238 1887/4310/1887 66/4308/66
f 1887/4310/1887 4114/4306/4114 66/4308/66
f 3390/537/3390 3389/4313/3389 3364/305/3364
f 3238/539/3238 66/4308/66 3390/537/3390
f 3390/537/3390 3364/305/3364 534/538/534
f 129/542/129 407/4314/407 128/3066/128
f 128/3066/128 1137/3065/1137 2745/4315/2745
f 1137/3065/1137 3615/3063/3615 2745/4315/2745
f 2745/4315/2745 1467/4316/1467 1466/540/1466
f 4051/541/4051 3482/4317/3482 129/542/129
f 129/542/129 128/3066/128 2745/4315/2745
f 2745/4315/2745 1466/540/1466 129/542/129
f 4303/543/4303 3856/4318/3856 3858/4319/3858
f 3856/4318/3856 3857/4320/3857 3858/4319/3858
f 3858/4319/3858 1519/544/1519 4303/543/4303
f 1519/544/1519 501/4321/501 3888/545/3888
f 501/4321/501 500/4322/500 3888/545/3888
f 3888/545/3888 3274/4323/3274 4303/543/4303
f 3274/4323/3274 585/4324/585 4303/543/4303
f 2593/599/2593 1886/598/1886 2592/547/2592
f 1886/598/1886 2084/3539/2084 2213/546/2213
f 2592/547/2592 1886/598/1886 2213/546/2213
f 2084/3539/2084 1669/372/1669 2213/546/2213
f 1415/371/1415 2677/3562/2677 2592/547/2592
f 2677/3562/2677 347/600/347 2592/547/2592
f 1539/548/1539 3266/4325/3266 1738/549/1738
f 3266/4325/3266 3531/4326/3531 3828/4327/3828
f 1738/549/1738 3266/4325/3266 3828/4327/3828
f 4157/550/4157 185/4328/185 976/4329/976
f 976/4329/976 2748/4330/2748 4157/550/4157
f 2748/4330/2748 1539/548/1539 4157/550/4157
f 1223/4331/1223 30/4332/30 3602/4333/3602
f 30/4332/30 2727/969/2727 3602/4333/3602
f 2727/969/2727 447/968/447 3876/4334/3876
f 2727/969/2727 3876/4334/3876 3602/4333/3602
f 2783/4335/2783 3991/4336/3991 1223/4331/1223
f 1847/4337/1847 3687/4338/3687 1077/551/1077
f 3687/4338/3687 3934/4339/3934 1077/551/1077
f 1223/4331/1223 3602/4333/3602 1847/4337/1847
f 1670/553/1670 2783/4335/2783 1077/551/1077
f 2783/4335/2783 1223/4331/1223 1077/551/1077
f 2806/4340/2806 550/4341/550 1026/552/1026
f 550/4341/550 1670/553/1670 1026/552/1026
f 1077/551/1077 1273/4342/1273 1026/552/1026
f 1223/4331/1223 1847/4337/1847 1077/551/1077
f 1262/554/1262 3730/1045/3730 3113/555/3113
f 3843/1345/3843 3964/4343/3964 3393/1346/3393
f 3964/4343/3964 2831/4344/2831 2119/4345/2119
f 2540/4346/2540 2539/4347/2539 366/4348/366
f 3964/4343/3964 2119/4345/2119 3393/1346/3393
f 2831/4344/2831 2540/4346/2540 2119/4345/2119
f 2119/4345/2119 2233/4349/2233 3393/1346/3393
f 366/4348/366 3353/4350/3353 367/556/367
f 3353/4350/3353 464/4351/464 367/556/367
f 2540/4346/2540 366/4348/366 367/556/367
f 2119/4345/2119 2540/4346/2540 1644/558/1644
f 1644/558/1644 2120/4352/2120 2119/4345/2119
f 1644/558/1644 2540/4346/2540 367/556/367
f 367/556/367 2574/4353/2574 1278/557/1278
f 223/559/223 2838/1631/2838 2522/560/2522
f 2522/560/2522 3886/1633/3886 730/561/730
f 3886/1633/3886 4274/4354/4274 730/561/730
f 730/561/730 1702/4355/1702 3031/4356/3031
f 730/561/730 3031/4356/3031 223/559/223
f 2063/4357/2063 2064/4358/2064 2829/4359/2829
f 2829/4359/2829 3700/4360/3700 4216/563/4216
f 3700/4360/3700 2958/564/2958 4216/563/4216
f 2958/564/2958 2898/4361/2898 199/4362/199
f 2898/4361/2898 198/4363/198 199/4362/199
f 199/4362/199 17/4364/17 1754/4365/1754
f 17/4364/17 3533/4366/3533 1754/4365/1754
f 2063/4357/2063 2829/4359/2829 1948/4367/1948
f 1376/4368/1376 997/4369/997 2063/4357/2063
f 3893/4370/3893 3156/4371/3156 2094/4372/2094
f 3156/4371/3156 1376/4368/1376 2094/4372/2094
f 2149/4373/2149 1948/4367/1948 2829/4359/2829
f 1948/4367/1948 2094/4372/2094 1376/4368/1376
f 2149/4373/2149 2829/4359/2829 4216/563/4216
f 1376/4368/1376 2063/4357/2063 1948/4367/1948
f 2958/564/2958 199/4362/199 4005/562/4005
f 1754/4365/1754 4005/562/4005 199/4362/199
f 2315/3720/2315 140/3787/140 1103/567/1103
f 140/3787/140 3762/565/3762 1103/567/1103
f 3370/568/3370 2007/4374/2007 2008/569/2008
f 3864/571/3864 3861/4375/3861 3862/572/3862
f 3433/4376/3433 553/576/553 828/575/828
f 553/576/553 2878/4377/2878 2879/574/2879
f 2878/4377/2878 1632/4/1632 2879/574/2879
f 3344/577/3344 3343/4378/3343 3345/578/3345
f 2442/582/2442 2443/4379/2443 2441/4380/2441
f 2443/4379/2443 2575/4381/2575 2441/4380/2441
f 2575/4381/2575 4203/4382/4203 2441/4380/2441
f 2441/4380/2441 3745/4383/3745 2442/582/2442
f 3745/4383/3745 3345/580/3345 2442/582/2442
f 1615/583/1615 2032/4384/2032 3812/584/3812
f 282/588/282 2231/4385/2231 2921/586/2921
f 2231/4385/2231 2602/4386/2602 2921/586/2921
f 2921/586/2921 3462/4387/3462 3117/587/3117
f 3462/4387/3462 2920/4388/2920 3117/587/3117
f 1083/4389/1083 3322/4390/3322 282/588/282
f 3117/587/3117 1083/4389/1083 282/588/282
f 1817/591/1817 415/4391/415 1588/589/1588
f 415/4391/415 416/4392/416 1589/4393/1589
f 1588/589/1588 415/4391/415 1589/4393/1589
f 904/592/904 907/4394/907 905/4395/905
f 907/4394/907 906/1258/906 905/4395/905
f 905/4395/905 3606/593/3606 904/592/904
f 3606/593/3606 3885/4396/3885 101/594/101
f 2052/595/2052 2053/4397/2053 2620/596/2620
f 2678/3549/2678 348/3560/348 347/600/347
f 348/3560/348 380/3559/380 1886/598/1886
f 379/3561/379 3590/3541/3590 1886/598/1886
f 348/3560/348 1886/598/1886 347/600/347
f 380/3559/380 379/3561/379 1886/598/1886
f 347/600/347 2677/3562/2677 2678/3549/2678
f 1044/601/1044 1043/1807/1043 3310/602/3310
f 2972/1620/2972 711/4398/711 218/606/218
f 711/4398/711 3312/604/3312 218/606/218
f 3846/609/3846 4030/4399/4030 3026/607/3026
f 4030/4399/4030 1075/4400/1075 3026/607/3026
f 557/4401/557 3608/4402/3608 3145/4403/3145
f 1075/4400/1075 557/4401/557 3026/607/3026
f 9/4404/9 617/4405/617 2970/4406/2970
f 617/4405/617 3846/609/3846 2970/4406/2970
f 10/4407/10 11/4408/11 9/4404/9
f 2675/608/2675 3315/4409/3315 2970/4406/2970
f 2970/4406/2970 10/4407/10 9/4404/9
f 2970/4406/2970 3846/609/3846 2675/608/2675
f 557/4401/557 3145/4403/3145 3026/607/3026
f 3026/607/3026 4307/4410/4307 2675/608/2675
f 1346/612/1346 1345/2407/1345 4205/610/4205
f 4205/610/4205 4204/2513/4204 808/611/808
f 2125/4411/2125 4061/4412/4061 3528/613/3528
f 3528/613/3528 3089/4413/3089 2477/2736/2477
f 1835/614/1835 3022/173/3022 675/4414/675
f 3528/613/3528 2477/2736/2477 1835/614/1835
f 1834/615/1834 2125/4411/2125 3528/613/3528
f 1835/614/1835 675/4414/675 1834/615/1834
f 6/616/6 876/4415/876 4121/617/4121
f 3413/4416/3413 3997/4417/3997 1774/4418/1774
f 1774/4418/1774 257/4419/257 2050/4420/2050
f 2050/4420/2050 2069/4421/2069 2117/4422/2117
f 1774/4418/1774 2050/4420/2050 3583/4423/3583
f 2050/4420/2050 2117/4422/2117 3583/4423/3583
f 3413/4416/3413 3560/4424/3560 148/4425/148
f 2632/4426/2632 3413/4416/3413 148/4425/148
f 3413/4416/3413 1774/4418/1774 3583/4423/3583
f 4100/4427/4100 4099/4428/4099 3560/4424/3560
f 4099/4428/4099 148/4425/148 3560/4424/3560
f 3560/4424/3560 3413/4416/3413 3561/4429/3561
f 3554/4430/3554 3562/4431/3562 3561/4429/3561
f 3561/4429/3561 3413/4416/3413 3583/4423/3583
f 3561/4429/3561 3583/4423/3583 3582/4432/3582
f 3554/4430/3554 3561/4429/3561 3582/4432/3582
f 351/4433/351 3622/4434/3622 3582/4432/3582
f 3622/4434/3622 3554/4430/3554 3582/4432/3582
f 3012/4435/3012 3830/4436/3830 3706/4437/3706
f 3012/4435/3012 3706/4437/3706 3733/4438/3733
f 1945/620/1945 3012/4435/3012 4145/618/4145
f 3012/4435/3012 3733/4438/3733 3529/4439/3529
f 980/4440/980 1045/4441/1045 1996/4442/1996
f 1045/4441/1045 1997/4443/1997 1996/4442/1996
f 3012/4435/3012 3529/4439/3529 4145/618/4145
f 3733/4438/3733 980/4440/980 1996/4442/1996
f 3529/4439/3529 3733/4438/3733 1996/4442/1996
f 2563/4444/2563 352/4445/352 3583/4423/3583
f 3583/4423/3583 2117/4422/2117 2563/4444/2563
f 2117/4422/2117 1945/620/1945 2298/4446/2298
f 2563/4444/2563 2117/4422/2117 2298/4446/2298
f 2298/4446/2298 2299/4447/2299 2563/4444/2563
f 1996/4442/1996 3977/4448/3977 3529/4439/3529
f 3529/4439/3529 2600/4449/2600 4145/618/4145
f 4145/618/4145 3029/4450/3029 1128/619/1128
f 1128/619/1128 7/4451/7 3937/4452/3937
f 3937/4452/3937 2606/4453/2606 3764/4454/3764
f 3764/4454/3764 3763/4455/3763 1132/4456/1132
f 1132/4456/1132 3908/4457/3908 1746/4458/1746
f 1746/4458/1746 1745/4459/1745 2696/4460/2696
f 2696/4460/2696 2697/4461/2697 3441/4462/3441
f 3441/4462/3441 1050/4463/1050 969/4464/969
f 1780/4465/1780 1864/4466/1864 3483/4467/3483
f 3441/4462/3441 969/4464/969 1780/4465/1780
f 1746/4458/1746 2696/4460/2696 3483/4467/3483
f 2696/4460/2696 3441/4462/3441 1780/4465/1780
f 3937/4452/3937 3764/4454/3764 1132/4456/1132
f 1132/4456/1132 1746/4458/1746 3483/4467/3483
f 2696/4460/2696 1780/4465/1780 3483/4467/3483
f 3483/4467/3483 838/4468/838 3095/4469/3095
f 3483/4467/3483 3095/4469/3095 1132/4456/1132
f 3095/4469/3095 2298/4446/2298 1945/620/1945
f 1128/619/1128 3937/4452/3937 1945/620/1945
f 3937/4452/3937 1132/4456/1132 3095/4469/3095
f 1945/620/1945 3937/4452/3937 3095/4469/3095
f 4093/4470/4093 521/4471/521 793/4472/793
f 793/4472/793 3807/4473/3807 140/4474/140
f 140/4474/140 2315/4475/2315 793/4472/793
f 2315/4475/2315 2833/4476/2833 4132/4477/4132
f 4132/4477/4132 2211/4478/2211 3739/4479/3739
f 2211/4478/2211 42/621/42 3739/4479/3739
f 2315/4475/2315 4132/4477/4132 4093/4470/4093
f 4093/4470/4093 793/4472/793 2315/4475/2315
f 2537/4480/2537 2536/4481/2536 4093/4470/4093
f 3739/4479/3739 2538/4482/2538 2537/4480/2537
f 157/4483/157 2855/4484/2855 3739/4479/3739
f 1924/4485/1924 3973/4486/3973 157/4483/157
f 1862/4487/1862 2740/4488/2740 1924/4485/1924
f 4053/4489/4053 1651/4490/1651 1862/4487/1862
f 2770/4491/2770 3725/4492/3725 3724/4493/3724
f 3724/4493/3724 4053/4489/4053 200/623/200
f 4053/4489/4053 1862/4487/1862 200/623/200
f 1862/4487/1862 1924/4485/1924 42/621/42
f 1924/4485/1924 157/4483/157 42/621/42
f 157/4483/157 3739/4479/3739 42/621/42
f 3739/4479/3739 2537/4480/2537 4132/4477/4132
f 2537/4480/2537 4093/4470/4093 4132/4477/4132
f 200/623/200 1862/4487/1862 42/621/42
f 2926/4494/2926 2770/4491/2770 3724/4493/3724
f 200/623/200 3304/4495/3304 2926/4494/2926
f 4094/4496/4094 3461/4497/3461 3201/4498/3201
f 200/623/200 2926/4494/2926 3724/4493/3724
f 58/4499/58 4094/4496/4094 3201/4498/3201
f 58/4499/58 3201/4498/3201 3202/622/3202
f 3201/4498/3201 200/623/200 3202/622/3202
f 3287/1637/3287 535/1636/535 2760/626/2760
f 535/1636/535 2358/624/2358 2760/626/2760
f 991/627/991 2943/4500/2943 133/628/133
f 1349/4501/1349 1348/4502/1348 555/4503/555
f 1348/4502/1348 2073/4504/2073 555/4503/555
f 2073/4504/2073 1865/4505/1865 1086/4506/1086
f 818/632/818 817/4507/817 2043/4508/2043
f 2043/4508/2043 2042/4509/2042 651/4510/651
f 651/4510/651 654/4511/654 2438/4512/2438
f 654/4511/654 2453/4513/2453 33/4514/33
f 2453/4513/2453 2236/4515/2236 1801/4516/1801
f 2236/4515/2236 3738/4517/3738 3542/4518/3542
f 3542/4518/3542 2548/4519/2548 1801/4516/1801
f 2236/4515/2236 3542/4518/3542 1801/4516/1801
f 818/632/818 2043/4508/2043 2792/4520/2792
f 2043/4508/2043 651/4510/651 3990/4521/3990
f 3990/4521/3990 651/4510/651 3396/4522/3396
f 283/4523/283 3808/4524/3808 612/4525/612
f 3115/4526/3115 286/4527/286 612/4525/612
f 286/4527/286 283/4523/283 612/4525/612
f 555/4503/555 4173/4528/4173 1349/4501/1349
f 4173/4528/4173 3115/4526/3115 1349/4501/1349
f 3355/4529/3355 2924/4530/2924 1086/4506/1086
f 2924/4530/2924 555/4503/555 2073/4504/2073
f 3210/4531/3210 3833/4532/3833 3355/4529/3355
f 3598/4533/3598 4290/4534/4290 818/632/818
f 4290/4534/4290 2116/630/2116 818/632/818
f 3210/4531/3210 3355/4529/3355 1758/631/1758
f 2924/4530/2924 2073/4504/2073 1086/4506/1086
f 2792/4520/2792 3598/4533/3598 818/632/818
f 579/4535/579 2792/4520/2792 3990/4521/3990
f 3990/4521/3990 2792/4520/2792 2043/4508/2043
f 3396/4522/3396 1584/4536/1584 3990/4521/3990
f 2438/4512/2438 2437/4537/2437 3396/4522/3396
f 4172/4538/4172 2773/4539/2773 33/4514/33
f 2183/4540/2183 4076/4541/4076 4172/4538/4172
f 1801/4516/1801 2183/4540/2183 4172/4538/4172
f 1801/4516/1801 4172/4538/4172 2453/4513/2453
f 4172/4538/4172 33/4514/33 2453/4513/2453
f 612/4525/612 1349/4501/1349 3115/4526/3115
f 3355/4529/3355 1086/4506/1086 1758/631/1758
f 654/4511/654 33/4514/33 2438/4512/2438
f 651/4510/651 2438/4512/2438 3396/4522/3396
f 2116/630/2116 3210/4531/3210 1758/631/1758
f 3588/633/3588 2713/1628/2713 1323/634/1323
f 4285/4542/4285 4143/4543/4143 2291/4544/2291
f 3607/4545/3607 2012/4546/2012 1505/4547/1505
f 2012/4546/2012 3522/4548/3522 1505/4547/1505
f 2291/4544/2291 3607/4545/3607 1505/4547/1505
f 1505/4547/1505 489/4549/489 2291/4544/2291
f 489/4549/489 741/4550/741 2291/4544/2291
f 741/4550/741 2101/4551/2101 2407/4552/2407
f 1474/4553/1474 895/4554/895 4285/4542/4285
f 895/4554/895 3150/4555/3150 4285/4542/4285
f 741/4550/741 2407/4552/2407 1474/4553/1474
f 4285/4542/4285 2291/4544/2291 1474/4553/1474
f 2291/4544/2291 741/4550/741 1474/4553/1474
f 942/4556/942 4285/4542/4285 2779/4557/2779
f 2779/4557/2779 4285/4542/4285 3150/4555/3150
f 2779/4557/2779 3810/4558/3810 260/4559/260
f 260/4559/260 1602/4560/1602 117/4561/117
f 942/4556/942 2779/4557/2779 260/4559/260
f 4228/4562/4228 2959/4563/2959 4210/4564/4210
f 2959/4563/2959 1571/4565/1571 4210/4564/4210
f 1571/4565/1571 942/4556/942 260/4559/260
f 117/4561/117 2687/4566/2687 3617/4567/3617
f 1571/4565/1571 260/4559/260 4210/4564/4210
f 260/4559/260 117/4561/117 501/4568/501
f 4210/4564/4210 260/4559/260 501/4568/501
f 333/4569/333 4264/4570/4264 4210/4564/4210
f 1691/4571/1691 3321/4572/3321 333/4569/333
f 2173/4573/2173 1031/4574/1031 1691/4571/1691
f 1519/4575/1519 3858/4576/3858 3595/4577/3595
f 3595/4577/3595 2173/4573/2173 1691/4571/1691
f 1691/4571/1691 333/4569/333 3595/4577/3595
f 333/4569/333 4210/4564/4210 501/4568/501
f 3595/4577/3595 333/4569/333 501/4568/501
f 3617/4567/3617 3848/4578/3848 1727/4579/1727
f 117/4561/117 3617/4567/3617 500/4580/500
f 501/4568/501 1519/4575/1519 3595/4577/3595
f 3274/4581/3274 3888/4582/3888 500/4580/500
f 2957/4583/2957 3274/4581/3274 500/4580/500
f 500/4580/500 501/4568/501 117/4561/117
f 3617/4567/3617 1727/4579/1727 2409/637/2409
f 500/4580/500 3617/4567/3617 2957/4583/2957
f 1727/4579/1727 3385/759/3385 1917/758/1917
f 570/635/570 3596/4584/3596 294/4585/294
f 3596/4584/3596 293/4586/293 294/4585/294
f 1727/4579/1727 1917/758/1917 570/635/570
f 2957/4583/2957 3617/4567/3617 2409/637/2409
f 3377/4587/3377 586/4588/586 2957/4583/2957
f 1727/4579/1727 570/635/570 2409/637/2409
f 2409/637/2409 3377/4587/3377 2957/4583/2957
f 2369/636/2369 3213/4589/3213 2409/637/2409
f 570/635/570 294/4585/294 2369/636/2369
f 1093/367/1093 1206/4590/1206 2698/4591/2698
f 2698/4591/2698 3808/4524/3808 283/4523/283
f 283/4523/283 3662/4212/3662 2698/4591/2698
f 3662/4212/3662 643/638/643 1093/367/1093
f 2698/4591/2698 3662/4212/3662 1093/367/1093
f 643/638/643 2281/4592/2281 1558/365/1558
f 4255/4593/4255 4256/4594/4256 2265/644/2265
f 4256/4594/4256 3394/642/3394 2265/644/2265
f 867/645/867 953/4595/953 361/646/361
f 953/4595/953 167/4596/167 361/646/361
f 167/4596/167 1890/4597/1890 168/4598/168
f 1890/4597/1890 436/4599/436 168/4598/168
f 168/4598/168 2608/4600/2608 1843/4601/1843
f 1693/4602/1693 2323/4603/2323 868/647/868
f 2323/4603/2323 867/645/867 868/647/868
f 167/4596/167 168/4598/168 1843/4601/1843
f 1843/4601/1843 1111/4604/1111 3470/4605/3470
f 167/4596/167 1843/4601/1843 361/646/361
f 3237/4606/3237 2217/4607/2217 1693/4602/1693
f 1843/4601/1843 3470/4605/3470 361/646/361
f 868/647/868 2968/4608/2968 1693/4602/1693
f 2968/4608/2968 3237/4606/3237 1693/4602/1693
f 1750/4609/1750 4083/4610/4083 3365/4611/3365
f 4083/4610/4083 534/4612/534 915/648/915
f 732/649/732 731/4613/731 1820/4614/1820
f 4083/4610/4083 915/648/915 2205/4615/2205
f 534/4612/534 732/649/732 915/648/915
f 1700/4616/1700 4045/4617/4045 3365/4611/3365
f 4045/4617/4045 1750/4609/1750 3365/4611/3365
f 2205/4615/2205 3365/4611/3365 4083/4610/4083
f 732/649/732 1820/4614/1820 1042/650/1042
f 371/4618/371 3258/4619/3258 3300/4620/3300
f 1655/4621/1655 2326/4622/2326 371/4618/371
f 2326/4622/2326 122/4623/122 957/4624/957
f 2326/4622/2326 957/4624/957 3204/4625/3204
f 371/4618/371 3300/4620/3300 1655/4621/1655
f 3204/4625/3204 371/4618/371 2326/4622/2326
f 957/4624/957 956/4626/956 3204/4625/3204
f 956/4626/956 955/4627/955 4060/4628/4060
f 955/4627/955 2665/4629/2665 2216/4630/2216
f 4060/4628/4060 955/4627/955 2216/4630/2216
f 2135/4631/2135 2136/4632/2136 2848/651/2848
f 956/4626/956 4060/4628/4060 2135/4631/2135
f 1722/4633/1722 2939/4634/2939 742/4635/742
f 742/4635/742 3204/4625/3204 956/4626/956
f 742/4635/742 956/4626/956 2135/4631/2135
f 2547/4636/2547 3592/4637/3592 541/4638/541
f 3592/4637/3592 1722/4633/1722 541/4638/541
f 1722/4633/1722 742/4635/742 541/4638/541
f 742/4635/742 2135/4631/2135 2848/651/2848
f 742/4635/742 2848/651/2848 2318/653/2318
f 541/4638/541 742/4635/742 2318/653/2318
f 2318/653/2318 3080/4639/3080 541/4638/541
f 3333/4640/3333 4032/4641/4032 922/652/922
f 3559/4642/3559 420/4643/420 3333/4640/3333
f 3559/4642/3559 3333/4640/3333 922/652/922
f 2848/651/2848 3559/4642/3559 922/652/922
f 147/406/147 3414/3476/3414 2629/3644/2629
f 3414/3476/3414 3415/3479/3415 1661/654/1661
f 1661/654/1661 553/3478/553 3433/655/3433
f 3414/3476/3414 1661/654/1661 4034/656/4034
f 2629/3644/2629 3414/3476/3414 4034/656/4034
f 2629/3644/2629 2964/3643/2964 147/406/147
f 3914/4644/3914 4034/656/4034 3433/655/3433
f 186/4645/186 185/659/185 1215/658/1215
f 185/659/185 4157/4646/4157 1521/657/1521
f 4157/4646/4157 1738/1854/1738 1521/657/1521
f 2858/660/2858 1078/4647/1078 3820/661/3820
f 3974/4648/3974 1208/4649/1208 1207/664/1207
f 1208/4649/1208 1876/665/1876 1207/664/1207
f 1876/665/1876 2544/1091/2544 1203/663/1203
f 1756/1341/1756 1607/666/1607 1590/668/1590
f 1607/666/1607 3556/4650/3556 2543/667/2543
f 3556/4650/3556 2973/1090/2973 2543/667/2543
f 2543/667/2543 2544/1091/2544 1590/668/1590
f 2544/1091/2544 1876/665/1876 1590/668/1590
f 1876/665/1876 4162/1347/4162 1590/668/1590
f 1590/668/1590 1461/4651/1461 1756/1341/1756
f 2278/4652/2278 2277/4198/2277 2923/2369/2923
f 2277/4198/2277 1403/4200/1403 2923/2369/2923
f 1403/4200/1403 1410/4192/1410 321/671/321
f 1410/4192/1410 820/4190/820 321/671/321
f 820/4190/820 2374/488/2374 2274/487/2274
f 821/669/821 1653/86/1653 1652/2071/1652
f 820/4190/820 2274/487/2274 821/669/821
f 820/4190/820 821/669/821 321/671/321
f 821/669/821 1652/2071/1652 322/670/322
f 321/671/321 2923/2369/2923 1403/4200/1403
f 2923/2369/2923 3404/4653/3404 2278/4652/2278
f 2025/672/2025 2023/4654/2023 2024/673/2024
f 1497/4655/1497 1312/4656/1312 4191/4657/4191
f 1312/4656/1312 2290/4658/2290 1919/4659/1919
f 1919/4659/1919 1213/4660/1213 794/4661/794
f 1312/4656/1312 1919/4659/1919 4191/4657/4191
f 4191/4657/4191 1496/4662/1496 1497/4655/1497
f 794/4661/794 3744/4663/3744 1708/4259/1708
f 3744/4663/3744 4229/524/4229 1708/4259/1708
f 4191/4657/4191 1919/4659/1919 3842/4664/3842
f 1919/4659/1919 794/4661/794 1708/4259/1708
f 4191/4657/4191 3842/4664/3842 4192/4665/4192
f 1708/4259/1708 1608/4258/1608 3842/4664/3842
f 1608/4258/1608 4202/4250/4202 3842/4664/3842
f 1919/4659/1919 1708/4259/1708 3842/4664/3842
f 3772/4666/3772 2254/919/2254 3165/4667/3165
f 2254/919/2254 460/4668/460 3600/4669/3600
f 3165/4667/3165 2254/919/2254 1368/4670/1368
f 460/4668/460 4192/4665/4192 3600/4669/3600
f 3165/4667/3165 4101/4671/4101 3772/4666/3772
f 1368/4670/1368 3155/4672/3155 3165/4667/3165
f 3056/4673/3056 2269/4674/2269 1368/4670/1368
f 4095/4675/4095 1116/4676/1116 3056/4673/3056
f 3600/4669/3600 2756/4677/2756 4095/4675/4095
f 3721/4678/3721 3270/4679/3270 3383/4680/3383
f 3600/4669/3600 4095/4675/4095 3056/4673/3056
f 3600/4669/3600 3056/4673/3056 2254/919/2254
f 3056/4673/3056 1368/4670/1368 2254/919/2254
f 4192/4665/4192 3842/4664/3842 3102/4248/3102
f 1830/4246/1830 2912/4245/2912 4248/4681/4248
f 2912/4245/2912 2731/4682/2731 4248/4681/4248
f 4192/4665/4192 3102/4248/3102 3600/4669/3600
f 3102/4248/3102 1830/4246/1830 3600/4669/3600
f 3383/4680/3383 3600/4669/3600 1830/4246/1830
f 3525/4683/3525 422/4684/422 3721/4678/3721
f 3721/4678/3721 3383/4680/3383 3655/4685/3655
f 3383/4680/3383 1830/4246/1830 4248/4681/4248
f 4248/4681/4248 2989/4686/2989 3655/4685/3655
f 3383/4680/3383 4248/4681/4248 3655/4685/3655
f 1361/4687/1361 2816/4688/2816 3525/4683/3525
f 3525/4683/3525 3721/4678/3721 484/4689/484
f 3655/4685/3655 3654/4690/3654 3456/4691/3456
f 3721/4678/3721 3655/4685/3655 484/4689/484
f 946/4692/946 3224/4693/3224 1361/4687/1361
f 1361/4687/1361 3525/4683/3525 363/4694/363
f 484/4689/484 3655/4685/3655 3456/4691/3456
f 3456/4691/3456 3676/4695/3676 1095/4696/1095
f 2079/4697/2079 947/4698/947 946/4692/946
f 946/4692/946 1361/4687/1361 2079/4697/2079
f 3525/4683/3525 484/4689/484 363/4694/363
f 3456/4691/3456 1095/4696/1095 484/4689/484
f 484/4689/484 3487/4699/3487 362/4700/362
f 484/4689/484 362/4700/362 363/4694/363
f 3794/887/3794 104/4701/104 2079/4697/2079
f 1361/4687/1361 363/4694/363 1664/675/1664
f 2079/4697/2079 1361/4687/1361 1664/675/1664
f 1664/675/1664 1990/4702/1990 70/676/70
f 1991/4703/1991 2410/4704/2410 2411/4705/2411
f 1991/4703/1991 2411/4705/2411 2276/4706/2276
f 2411/4705/2411 755/4707/755 754/4708/754
f 754/4708/754 2276/4706/2276 2411/4705/2411
f 2276/4706/2276 866/4709/866 1991/4703/1991
f 866/4709/866 1352/4710/1352 498/4711/498
f 2716/4712/2716 2759/4713/2759 4161/4714/4161
f 2759/4713/2759 3628/4715/3628 4161/4714/4161
f 1991/4703/1991 866/4709/866 1504/4716/1504
f 866/4709/866 498/4711/498 1504/4716/1504
f 70/676/70 1991/4703/1991 1504/4716/1504
f 2716/4712/2716 4161/4714/4161 378/1393/378
f 4161/4714/4161 1347/4717/1347 378/1393/378
f 1347/4717/1347 3107/1394/3107 378/1393/378
f 378/1393/378 751/4718/751 750/4719/750
f 498/4711/498 2716/4712/2716 750/4719/750
f 2716/4712/2716 378/1393/378 750/4719/750
f 750/4719/750 158/4194/158 1698/4720/1698
f 158/4194/158 3276/4721/3276 1698/4720/1698
f 498/4711/498 750/4719/750 4037/4722/4037
f 1698/4720/1698 4063/4723/4063 4037/4722/4037
f 4037/4722/4037 1084/888/1084 3288/4724/3288
f 1084/888/1084 3460/4725/3460 3288/4724/3288
f 750/4719/750 1698/4720/1698 4037/4722/4037
f 498/4711/498 4037/4722/4037 1504/4716/1504
f 4037/4722/4037 3288/4724/3288 1504/4716/1504
f 487/677/487 3794/887/3794 2079/4697/2079
f 1504/4716/1504 487/677/487 70/676/70
f 487/677/487 2079/4697/2079 1664/675/1664
f 3488/4726/3488 3487/4699/3487 1094/4727/1094
f 3487/4699/3487 484/4689/484 1094/4727/1094
f 484/4689/484 1095/4696/1095 1094/4727/1094
f 2066/4728/2066 4075/4729/4075 2794/4730/2794
f 3488/4726/3488 1094/4727/1094 4030/4731/4030
f 1094/4727/1094 2066/4728/2066 4030/4731/4030
f 363/4694/363 362/4700/362 3486/4732/3486
f 1664/675/1664 363/4694/363 617/4733/617
f 363/4694/363 3486/4732/3486 617/4733/617
f 1990/4702/1990 1664/675/1664 617/4733/617
f 3486/4732/3486 3488/4726/3488 4030/4731/4030
f 617/4733/617 3486/4732/3486 4030/4731/4030
f 755/4707/755 2411/4705/2411 2410/4704/2410
f 2410/4704/2410 1990/4702/1990 617/4733/617
f 2410/4704/2410 617/4733/617 11/4734/11
f 753/4735/753 754/4708/754 2758/4736/2758
f 754/4708/754 755/4707/755 2758/4736/2758
f 755/4707/755 2410/4704/2410 11/4734/11
f 2794/4730/2794 4/4737/4 4283/4738/4283
f 2066/4728/2066 2794/4730/2794 1075/683/1075
f 4030/4731/4030 2066/4728/2066 1075/683/1075
f 3950/4739/3950 2759/4713/2759 2758/4736/2758
f 812/1133/812 580/4740/580 3950/4739/3950
f 2726/4741/2726 2509/4742/2509 467/3935/467
f 2509/4742/2509 734/4743/734 3315/4744/3315
f 467/3935/467 2509/4742/2509 3315/4744/3315
f 734/4743/734 812/1133/812 3315/4744/3315
f 812/1133/812 3950/4739/3950 10/4745/10
f 3950/4739/3950 2758/4736/2758 10/4745/10
f 2758/4736/2758 755/4707/755 11/4734/11
f 10/4745/10 2758/4736/2758 11/4734/11
f 2794/4730/2794 4283/4738/4283 1075/683/1075
f 4283/4738/4283 3719/4746/3719 3557/681/3557
f 3719/4746/3719 2931/4747/2931 3557/681/3557
f 3557/681/3557 474/4748/474 1561/4749/1561
f 812/1133/812 10/4745/10 3315/4744/3315
f 3315/4744/3315 2675/3936/2675 467/3935/467
f 10/4745/10 2970/4750/2970 3315/4744/3315
f 617/4733/617 9/4751/9 11/4734/11
f 4283/4738/4283 3557/681/3557 1075/683/1075
f 1561/4749/1561 4044/4752/4044 1562/4753/1562
f 4044/4752/4044 4043/4754/4043 1562/4753/1562
f 3557/681/3557 1561/4749/1561 1399/682/1399
f 1562/4753/1562 2835/4755/2835 1399/682/1399
f 1561/4749/1561 1562/4753/1562 1399/682/1399
f 4030/4731/4030 3846/4756/3846 617/4733/617
f 3608/4757/3608 557/4758/557 1075/683/1075
f 1399/682/1399 3965/4759/3965 3608/4757/3608
f 3965/4759/3965 3145/438/3145 3608/4757/3608
f 1399/682/1399 3608/4757/3608 1075/683/1075
f 1690/4760/1690 1023/4761/1023 1024/4762/1024
f 1024/4762/1024 3593/4763/3593 1332/4764/1332
f 1024/4762/1024 1332/4764/1332 1636/4765/1636
f 1087/4766/1087 250/4767/250 2197/4768/2197
f 250/4767/250 1690/4760/1690 2197/4768/2197
f 1690/4760/1690 1024/4762/1024 1636/4765/1636
f 1947/4769/1947 3884/4770/3884 2139/4771/2139
f 1690/4760/1690 1636/4765/1636 542/4772/542
f 1636/4765/1636 1947/4769/1947 542/4772/542
f 4129/4773/4129 1087/4766/1087 2197/4768/2197
f 1947/4769/1947 2139/4771/2139 1711/4774/1711
f 2197/4768/2197 1690/4760/1690 480/686/480
f 480/686/480 1690/4760/1690 542/4772/542
f 3618/4775/3618 404/4776/404 481/685/481
f 404/4776/404 480/686/480 481/685/481
f 1947/4769/1947 1711/4774/1711 542/4772/542
f 542/4772/542 3297/684/3297 480/686/480
f 2070/689/2070 123/819/123 124/818/124
f 124/818/124 2060/4777/2060 2070/689/2070
f 2060/4777/2060 888/4778/888 3740/4779/3740
f 2070/689/2070 2060/4777/2060 4133/687/4133
f 888/4778/888 4154/4780/4154 462/4781/462
f 3740/4779/3740 1553/4782/1553 4133/687/4133
f 888/4778/888 462/4781/462 3740/4779/3740
f 2247/4783/2247 3712/4784/3712 2662/688/2662
f 3712/4784/3712 2070/689/2070 2662/688/2662
f 3740/4779/3740 4133/687/4133 2060/4777/2060
f 1991/690/1991 70/4785/70 1990/691/1990
f 3596/4786/3596 570/4787/570 1917/4788/1917
f 3580/4789/3580 2772/4790/2772 3912/693/3912
f 3596/4786/3596 1917/4788/1917 3580/4789/3580
f 2680/4791/2680 697/4792/697 4235/4793/4235
f 697/4792/697 2126/695/2126 3972/694/3972
f 3972/694/3972 4235/4793/4235 697/4792/697
f 3912/693/3912 809/4794/809 3972/694/3972
f 3596/4786/3596 3580/4789/3580 2126/695/2126
f 3580/4789/3580 3912/693/3912 2126/695/2126
f 1570/1635/1570 2506/4795/2506 2519/696/2519
f 2519/696/2519 2520/4796/2520 3354/4797/3354
f 4321/697/4321 4320/1200/4320 1381/698/1381
f 2519/696/2519 3354/4797/3354 4321/697/4321
f 1381/698/1381 1570/1635/1570 2519/696/2519
f 3706/4798/3706 3830/4799/3830 2824/701/2824
f 3830/4799/3830 1010/699/1010 2824/701/2824
f 2319/700/2319 1678/4800/1678 2824/701/2824
f 1678/4800/1678 1435/839/1435 2824/701/2824
f 1161/4801/1161 3817/4802/3817 2673/4803/2673
f 1412/4804/1412 1413/4805/1413 2134/4806/2134
f 1649/4807/1649 1161/4801/1161 2673/4803/2673
f 1412/4804/1412 2134/4806/2134 1133/4808/1133
f 1649/4807/1649 2673/4803/2673 2638/4809/2638
f 2673/4803/2673 1412/4804/1412 2638/4809/2638
f 1412/4804/1412 1133/4808/1133 3782/4810/3782
f 2638/4809/2638 1412/4804/1412 3782/4810/3782
f 2336/4811/2336 2335/4812/2335 3781/4813/3781
f 1133/4808/1133 2336/4811/2336 3782/4810/3782
f 2336/4811/2336 3781/4813/3781 3782/4810/3782
f 3782/4810/3782 921/4814/921 2638/4809/2638
f 3063/4815/3063 608/180/608 610/1819/610
f 608/180/608 609/1817/609 610/1819/610
f 3063/4815/3063 610/1819/610 2348/1818/2348
f 1649/4807/1649 2638/4809/2638 3063/4815/3063
f 3040/4816/3040 1649/4807/1649 3063/4815/3063
f 2823/702/2823 2343/4817/2343 2456/4818/2456
f 2343/4817/2343 2455/4819/2455 2456/4818/2456
f 3040/4816/3040 3063/4815/3063 2348/1818/2348
f 4215/704/4215 3040/4816/3040 2823/702/2823
f 3040/4816/3040 2348/1818/2348 2823/702/2823
f 2823/702/2823 2456/4818/2456 3604/703/3604
f 3603/4820/3603 2040/4821/2040 2041/4822/2041
f 3603/4820/3603 2041/4822/2041 2693/4823/2693
f 3603/4820/3603 2693/4823/2693 3604/703/3604
f 2693/4823/2693 4214/4824/4214 3604/703/3604
f 3604/703/3604 4214/4824/4214 4215/704/4215
f 2314/707/2314 3986/4825/3986 3948/705/3948
f 3948/705/3948 2702/3378/2702 2701/706/2701
f 4208/708/4208 2780/4826/2780 3571/709/3571
f 1021/711/1021 1020/4827/1020 1005/712/1005
f 3935/714/3935 1792/4828/1792 3254/715/3254
f 2115/719/2115 4119/4829/4119 77/2509/77
f 4119/4829/4119 781/2508/781 2953/2507/2953
f 77/2509/77 4119/4829/4119 2953/2507/2953
f 77/2509/77 1238/2495/1238 2115/719/2115
f 1238/2495/1238 716/717/716 2115/719/2115
f 4082/720/4082 3775/1625/3775 325/721/325
f 2058/4830/2058 1815/4831/1815 4171/4832/4171
f 1815/4831/1815 141/723/141 4019/725/4019
f 4171/4832/4171 1815/4831/1815 4019/725/4019
f 141/723/141 3195/4833/3195 142/724/142
f 3195/4833/3195 2015/4834/2015 142/724/142
f 142/724/142 2016/4835/2016 178/4836/178
f 142/724/142 178/4836/178 4019/725/4019
f 2714/728/2714 3360/4837/3360 3919/726/3919
f 3919/726/3919 3434/4838/3434 82/727/82
f 912/730/912 827/4839/827 826/4840/826
f 826/4840/826 73/4841/73 912/730/912
f 73/4841/73 1037/731/1037 912/730/912
f 1037/731/1037 2163/4842/2163 405/4843/405
f 405/4843/405 2910/729/2910 1037/731/1037
f 2188/732/2188 1069/4844/1069 2828/733/2828
f 1164/735/1164 1162/4845/1162 1163/736/1163
f 690/740/690 2347/4846/2347 3652/738/3652
f 3652/738/3652 1643/4847/1643 2408/739/2408
f 3813/4848/3813 3812/584/3812 3514/4849/3514
f 1770/741/1770 1771/4850/1771 3476/742/3476
f 1771/4850/1771 3477/4851/3477 3476/742/3476
f 3813/4848/3813 3514/4849/3514 1770/741/1770
f 1918/743/1918 3814/4852/3814 3813/4848/3813
f 3475/4853/3475 4102/4854/4102 3476/742/3476
f 4102/4854/4102 1918/743/1918 3476/742/3476
f 1918/743/1918 3813/4848/3813 1770/741/1770
f 1432/4855/1432 3891/4856/3891 1351/4857/1351
f 1351/4857/1351 2267/4858/2267 2268/4859/2268
f 2268/4859/2268 2990/4860/2990 2918/4861/2918
f 2918/4861/2918 2558/4862/2558 558/4863/558
f 2558/4862/2558 1257/4864/1257 558/4863/558
f 1257/4864/1257 139/4865/139 769/4866/769
f 769/4866/769 2245/4867/2245 403/744/403
f 403/744/403 682/4868/682 49/2472/49
f 49/2472/49 2798/178/2798 2518/177/2518
f 2518/177/2518 840/2475/840 4270/4869/4270
f 840/2475/840 2883/2474/2883 4271/4870/4271
f 2883/2474/2883 2884/2191/2884 2145/113/2145
f 2145/113/2145 4090/112/4090 3630/4871/3630
f 4090/112/4090 987/4872/987 3630/4871/3630
f 3630/4871/3630 2466/4873/2466 2082/4874/2082
f 2466/4873/2466 1696/4875/1696 2082/4874/2082
f 840/2475/840 4271/4870/4271 4270/4869/4270
f 2883/2474/2883 2145/113/2145 4271/4870/4271
f 403/744/403 49/2472/49 2330/4876/2330
f 49/2472/49 2518/177/2518 2330/4876/2330
f 1257/4864/1257 769/4866/769 1490/746/1490
f 558/4863/558 1257/4864/1257 1490/746/1490
f 769/4866/769 403/744/403 1490/746/1490
f 2330/4876/2330 2518/177/2518 4270/4869/4270
f 2145/113/2145 3630/4871/3630 4243/4877/4243
f 4271/4870/4271 2145/113/2145 4243/4877/4243
f 2082/4874/2082 2081/4878/2081 4243/4877/4243
f 4243/4877/4243 3275/4879/3275 4271/4870/4271
f 4270/4869/4270 4198/4880/4198 2330/4876/2330
f 2082/4874/2082 4243/4877/4243 3630/4871/3630
f 2268/4859/2268 2918/4861/2918 558/4863/558
f 1431/4881/1431 1432/4855/1432 1351/4857/1351
f 1351/4857/1351 2268/4859/2268 558/4863/558
f 1431/4881/1431 1351/4857/1351 2941/1307/2941
f 2941/1307/2941 1329/1309/1329 1431/4881/1431
f 1016/4882/1016 1330/1308/1330 2941/1307/2941
f 558/4863/558 1016/4882/1016 2941/1307/2941
f 1351/4857/1351 558/4863/558 2941/1307/2941
f 403/744/403 2330/4876/2330 3864/745/3864
f 2330/4876/2330 3861/4883/3861 3864/745/3864
f 3864/745/3864 3587/4884/3587 1490/746/1490
f 3587/4884/3587 1959/4885/1959 1489/4886/1489
f 3587/4884/3587 1489/4886/1489 1490/746/1490
f 1974/747/1974 715/2409/715 3286/748/3286
f 556/750/556 4105/4887/4105 1850/751/1850
f 2577/753/2577 1454/2354/1454 1453/754/1453
f 3859/756/3859 3770/334/3770 702/333/702
f 285/761/285 3931/4888/3931 3088/762/3088
f 2852/4889/2852 3826/4890/3826 886/766/886
f 886/766/886 885/4891/885 2468/4892/2468
f 2468/4892/2468 4127/4893/4127 3020/4894/3020
f 3020/4894/3020 1827/4895/1827 2171/4896/2171
f 3021/4897/3021 877/4898/877 1482/4899/1482
f 3020/4894/3020 2171/4896/2171 3021/4897/3021
f 886/766/886 2468/4892/2468 2640/764/2640
f 2468/4892/2468 3020/4894/3020 3021/4897/3021
f 2640/764/2640 2468/4892/2468 3021/4897/3021
f 150/4900/150 2852/4889/2852 2445/4901/2445
f 2852/4889/2852 886/766/886 3849/765/3849
f 2445/4901/2445 2852/4889/2852 3849/765/3849
f 2444/4902/2444 149/4903/149 150/4900/150
f 3849/765/3849 4240/4904/4240 2445/4901/2445
f 2445/4901/2445 2444/4902/2444 150/4900/150
f 3021/4897/3021 1482/4899/1482 2640/764/2640
f 2640/764/2640 2641/4905/2641 3849/765/3849
f 1565/4906/1565 822/4907/822 3303/4908/3303
f 822/4907/822 3446/4909/3446 3930/4910/3930
f 3930/4910/3930 2813/4911/2813 1008/767/1008
f 822/4907/822 3930/4910/3930 3303/4908/3303
f 3303/4908/3303 2154/4912/2154 1565/4906/1565
f 689/769/689 1930/4913/1930 3303/4908/3303
f 1009/768/1009 688/4914/688 689/769/689
f 3930/4910/3930 1008/767/1008 689/769/689
f 3303/4908/3303 3930/4910/3930 689/769/689
f 4014/4915/4014 2854/4916/2854 2486/4917/2486
f 2486/4917/2486 2485/4918/2485 1417/4919/1417
f 1417/4919/1417 3537/2549/3537 2700/4920/2700
f 2700/4920/2700 4301/2564/4301 486/4921/486
f 486/4921/486 2807/4922/2807 3010/4923/3010
f 3010/4923/3010 547/4924/547 4279/4925/4279
f 547/4924/547 3451/4926/3451 4279/4925/4279
f 4279/4925/4279 438/4927/438 1679/4928/1679
f 2700/4920/2700 486/4921/486 3010/4923/3010
f 2486/4917/2486 1417/4919/1417 2700/4920/2700
f 3825/3518/3825 2607/4929/2607 4014/4915/4014
f 4014/4915/4014 2486/4917/2486 2118/3516/2118
f 2486/4917/2486 2700/4920/2700 2118/3516/2118
f 2700/4920/2700 3010/4923/3010 4279/4925/4279
f 1679/4928/1679 242/4930/242 241/4931/241
f 2700/4920/2700 4279/4925/4279 1896/4932/1896
f 4279/4925/4279 1679/4928/1679 241/4931/241
f 3825/3518/3825 4014/4915/4014 2118/3516/2118
f 2851/4933/2851 4103/3517/4103 2118/3516/2118
f 4279/4925/4279 241/4931/241 1896/4932/1896
f 241/4931/241 3135/4934/3135 3136/4935/3136
f 3229/4936/3229 402/4937/402 640/4938/640
f 241/4931/241 3136/4935/3136 1896/4932/1896
f 2700/4920/2700 1896/4932/1896 1795/895/1795
f 3229/4936/3229 640/4938/640 3317/4939/3317
f 2118/3516/2118 2700/4920/2700 2851/4933/2851
f 3136/4935/3136 3229/4936/3229 4050/4940/4050
f 1896/4932/1896 3136/4935/3136 4013/4941/4013
f 2851/4933/2851 2700/4920/2700 1795/895/1795
f 3317/4939/3317 1371/4942/1371 3998/4943/3998
f 1371/4942/1371 3127/4944/3127 3998/4943/3998
f 3229/4936/3229 3317/4939/3317 2579/4945/2579
f 3272/3485/3272 375/3488/375 590/4946/590
f 590/4946/590 2851/4933/2851 1795/895/1795
f 4013/4941/4013 3136/4935/3136 4050/4940/4050
f 3127/4944/3127 3534/4947/3534 1076/4948/1076
f 2826/4949/2826 3317/4939/3317 2897/4950/2897
f 1735/4951/1735 3272/3485/3272 590/4946/590
f 3466/4952/3466 1736/4953/1736 1735/4951/1735
f 3575/4954/3575 3465/4955/3465 3467/4956/3467
f 3466/4952/3466 1735/4951/1735 590/4946/590
f 3466/4952/3466 590/4946/590 1087/4957/1087
f 3317/4939/3317 2826/4949/2826 1281/4958/1281
f 3229/4936/3229 3081/4959/3081 1055/4960/1055
f 3127/4944/3127 1076/4948/1076 3998/4943/3998
f 3998/4943/3998 1239/4961/1239 2897/4950/2897
f 2897/4950/2897 518/4962/518 2826/4949/2826
f 2826/4949/2826 3439/4963/3439 1281/4958/1281
f 1281/4958/1281 1282/4964/1282 2579/4945/2579
f 2579/4945/2579 456/4965/456 3081/4959/3081
f 3081/4959/3081 3718/4966/3718 1055/4960/1055
f 1055/4960/1055 3106/4967/3106 1054/4968/1054
f 1054/4968/1054 1960/4969/1960 4050/4940/4050
f 4050/4940/4050 2839/4970/2839 4013/4941/4013
f 4013/4941/4013 1397/4971/1397 3929/4972/3929
f 4013/4941/4013 3929/4972/3929 1896/4932/1896
f 1054/4968/1054 4050/4940/4050 1055/4960/1055
f 3229/4936/3229 1055/4960/1055 4050/4940/4050
f 1281/4958/1281 2579/4945/2579 3317/4939/3317
f 2579/4945/2579 3081/4959/3081 3229/4936/3229
f 3998/4943/3998 2897/4950/2897 3317/4939/3317
f 1795/895/1795 3489/4973/3489 250/4974/250
f 3489/4973/3489 1023/4975/1023 250/4974/250
f 250/4974/250 1023/4975/1023 1690/4976/1690
f 3467/4956/3467 3466/4952/3466 404/4977/404
f 590/4946/590 1795/895/1795 1087/4957/1087
f 1764/4978/1764 1778/4979/1778 3575/4954/3575
f 3575/4954/3575 3467/4956/3467 3618/4980/3618
f 3466/4952/3466 1087/4957/1087 404/4977/404
f 1795/895/1795 250/4974/250 1087/4957/1087
f 1764/4978/1764 3575/4954/3575 3618/4980/3618
f 2984/4981/2984 3761/4982/3761 1764/4978/1764
f 2243/772/2243 708/3406/708 880/3482/880
f 2243/772/2243 880/3482/880 2984/4981/2984
f 1632/4983/1632 2878/3480/2878 2755/4984/2755
f 2878/3480/2878 2243/772/2243 1175/4985/1175
f 2755/4984/2755 2878/3480/2878 2961/4986/2961
f 2755/4984/2755 3768/4987/3768 1632/4983/1632
f 1400/4988/1400 572/4989/572 2755/4984/2755
f 2962/4990/2962 4268/4991/4268 2961/4986/2961
f 4268/4991/4268 1400/4988/1400 2961/4986/2961
f 2961/4986/2961 1400/4988/1400 2755/4984/2755
f 210/4992/210 4146/4993/4146 1175/4985/1175
f 1175/4985/1175 2961/4986/2961 2878/3480/2878
f 2243/772/2243 2984/4981/2984 728/770/728
f 2984/4981/2984 1764/4978/1764 3297/4994/3297
f 728/770/728 2984/4981/2984 3297/4994/3297
f 3467/4956/3467 404/4977/404 3618/4980/3618
f 4129/4995/4129 2197/4996/2197 480/4997/480
f 1087/4957/1087 4129/4995/4129 404/4977/404
f 4092/4998/4092 3803/4999/3803 210/4992/210
f 210/4992/210 1175/4985/1175 2243/772/2243
f 4129/4995/4129 480/4997/480 404/4977/404
f 3618/4980/3618 481/5000/481 3297/4994/3297
f 4092/4998/4092 210/4992/210 2243/772/2243
f 914/5001/914 3877/5002/3877 1165/771/1165
f 1165/771/1165 4092/4998/4092 2243/772/2243
f 1764/4978/1764 3618/4980/3618 3297/4994/3297
f 3297/4994/3297 542/5003/542 1711/5004/1711
f 3297/4994/3297 1711/5004/1711 728/770/728
f 2555/5005/2555 913/5006/913 914/5001/914
f 1444/5007/1444 2080/5008/2080 2555/5005/2555
f 3855/5009/3855 2644/5010/2644 1444/5007/1444
f 3605/5011/3605 657/5012/657 1285/5013/1285
f 657/5012/657 3855/5009/3855 1285/5013/1285
f 2553/5014/2553 2246/5015/2246 1285/5013/1285
f 3855/5009/3855 1444/5007/1444 2555/5005/2555
f 2555/5005/2555 914/5001/914 1165/771/1165
f 615/5016/615 163/5017/163 2019/2944/2019
f 163/5017/163 85/5018/85 4197/5019/4197
f 85/5018/85 358/893/358 4197/5019/4197
f 4197/5019/4197 2019/2944/2019 163/5017/163
f 2019/2944/2019 728/770/728 615/5016/615
f 728/770/728 1855/1364/1855 1856/1363/1856
f 3285/265/3285 3918/2948/3918 4200/5020/4200
f 3918/2948/3918 1668/5021/1668 4200/5020/4200
f 4200/5020/4200 306/5022/306 1610/5023/1610
f 1610/5023/1610 3678/5024/3678 298/5025/298
f 497/5026/497 3565/5027/3565 4196/5028/4196
f 1610/5023/1610 298/5025/298 497/5026/497
f 1856/1363/1856 3285/265/3285 4200/5020/4200
f 4200/5020/4200 1610/5023/1610 497/5026/497
f 4196/5028/4196 3323/5029/3323 4027/5030/4027
f 4200/5020/4200 497/5026/497 4196/5028/4196
f 1856/1363/1856 4200/5020/4200 4027/5030/4027
f 4200/5020/4200 4196/5028/4196 4027/5030/4027
f 4027/5030/4027 1627/5031/1627 2902/5032/2902
f 728/770/728 1856/1363/1856 1165/771/1165
f 1856/1363/1856 4027/5030/4027 2902/5032/2902
f 2902/5032/2902 1628/5033/1628 2500/5034/2500
f 1856/1363/1856 2902/5032/2902 2500/5034/2500
f 2139/5035/2139 615/5016/615 728/770/728
f 1856/1363/1856 2500/5034/2500 2555/5005/2555
f 2500/5034/2500 4116/5036/4116 1812/5037/1812
f 1812/5037/1812 1813/5038/1813 4118/5039/4118
f 4118/5039/4118 4056/5040/4056 4057/5041/4057
f 4118/5039/4118 4057/5041/4057 2554/5042/2554
f 1856/1363/1856 2555/5005/2555 1165/771/1165
f 2500/5034/2500 1812/5037/1812 2553/5014/2553
f 2555/5005/2555 2500/5034/2500 2553/5014/2553
f 1812/5037/1812 4118/5039/4118 2554/5042/2554
f 2553/5014/2553 1285/5013/1285 3855/5009/3855
f 1812/5037/1812 2554/5042/2554 2553/5014/2553
f 1711/5004/1711 2139/5035/2139 728/770/728
f 2553/5014/2553 3855/5009/3855 2555/5005/2555
f 682/4868/682 403/744/403 2245/4867/2245
f 2245/4867/2245 769/4866/769 139/4865/139
f 139/4865/139 1257/4864/1257 2558/4862/2558
f 2558/4862/2558 2187/5043/2187 1118/5044/1118
f 2187/5043/2187 1367/5045/1367 1118/5044/1118
f 1118/5044/1118 1119/5046/1119 3541/5047/3541
f 2245/4867/2245 139/4865/139 262/5048/262
f 139/4865/139 2558/4862/2558 334/5049/334
f 262/5048/262 139/4865/139 334/5049/334
f 50/2470/50 49/2472/49 87/2471/87
f 49/2472/49 682/4868/682 87/2471/87
f 682/4868/682 2245/4867/2245 2238/2467/2238
f 2558/4862/2558 1118/5044/1118 3541/5047/3541
f 3541/5047/3541 2112/5050/2112 1394/5051/1394
f 1394/5051/1394 766/5052/766 334/5049/334
f 334/5049/334 767/5053/767 262/5048/262
f 262/5048/262 493/5054/493 494/773/494
f 1202/774/1202 1198/5055/1198 523/5056/523
f 523/5056/523 1199/5057/1199 251/2418/251
f 251/2418/251 3176/2417/3176 523/5056/523
f 3176/2417/3176 2683/2462/2683 1202/774/1202
f 523/5056/523 3176/2417/3176 1202/774/1202
f 2683/2462/2683 3280/2461/3280 1226/775/1226
f 1226/775/1226 1129/2463/1129 1130/2465/1130
f 1130/2465/1130 2237/2464/2237 2238/2467/2238
f 2238/2467/2238 1604/2466/1604 1605/2469/1605
f 1605/2469/1605 3203/2468/3203 87/2471/87
f 2245/4867/2245 262/5048/262 494/773/494
f 2558/4862/2558 3541/5047/3541 1394/5051/1394
f 1394/5051/1394 334/5049/334 2558/4862/2558
f 87/2471/87 682/4868/682 1605/2469/1605
f 2238/2467/2238 1605/2469/1605 682/4868/682
f 1226/775/1226 1130/2465/1130 494/773/494
f 1130/2465/1130 2238/2467/2238 2245/4867/2245
f 494/773/494 1130/2465/1130 2245/4867/2245
f 2683/2462/2683 1226/775/1226 1202/774/1202
f 1494/5058/1494 1493/1404/1493 910/5059/910
f 910/5059/910 416/4392/416 2092/5060/2092
f 416/4392/416 415/4391/415 2092/5060/2092
f 597/5061/597 1495/5062/1495 1494/5058/1494
f 597/5061/597 1494/5058/1494 910/5059/910
f 1522/5063/1522 596/5064/596 595/5065/595
f 991/627/991 177/5066/177 1120/5067/1120
f 132/1173/132 133/628/133 663/1174/663
f 133/628/133 2943/4500/2943 663/1174/663
f 2943/4500/2943 991/627/991 1120/5067/1120
f 2943/4500/2943 1120/5067/1120 663/1174/663
f 1120/5067/1120 1522/5063/1522 616/5068/616
f 663/1174/663 1120/5067/1120 3424/5069/3424
f 1787/5070/1787 4078/5071/4078 2741/5072/2741
f 4078/5071/4078 663/1174/663 2741/5072/2741
f 1941/5073/1941 1942/5074/1942 1787/5070/1787
f 2741/5072/2741 43/1374/43 1941/5073/1941
f 900/5075/900 899/1375/899 3359/5076/3359
f 2741/5072/2741 1941/5073/1941 1787/5070/1787
f 663/1174/663 4160/5077/4160 2741/5072/2741
f 4160/5077/4160 663/1174/663 3424/5069/3424
f 2741/5072/2741 3211/5078/3211 3359/5076/3359
f 3440/5079/3440 3234/5080/3234 3231/5081/3231
f 3231/5081/3231 3984/120/3984 1277/777/1277
f 3984/120/3984 12/119/12 1277/777/1277
f 12/119/12 1276/1408/1276 1277/777/1277
f 1277/777/1277 3742/1397/3742 2302/1396/2302
f 2881/1398/2881 1637/1415/1637 970/5082/970
f 1637/1415/1637 45/1413/45 970/5082/970
f 2302/1396/2302 2881/1398/2881 970/5082/970
f 970/5082/970 2631/5083/2631 1523/5084/1523
f 2631/5083/2631 1552/5085/1552 1523/5084/1523
f 2302/1396/2302 970/5082/970 1523/5084/1523
f 3231/5081/3231 1277/777/1277 3440/5079/3440
f 1277/777/1277 2302/1396/2302 1229/5086/1229
f 3440/5079/3440 1277/777/1277 3987/776/3987
f 3440/5079/3440 3987/776/3987 3380/5087/3380
f 1229/5086/1229 30/5088/30 3991/5089/3991
f 30/5088/30 1223/5090/1223 3991/5089/3991
f 2302/1396/2302 1523/5084/1523 1229/5086/1229
f 2092/5060/2092 3440/5079/3440 3380/5087/3380
f 910/5059/910 2092/5060/2092 1686/5091/1686
f 3120/1259/3120 901/1261/901 900/5075/900
f 1296/5092/1296 4085/5093/4085 3120/1259/3120
f 1030/5094/1030 76/5095/76 1296/5092/1296
f 1586/1214/1586 2888/1216/2888 847/3994/847
f 2888/1216/2888 1030/5094/1030 3359/5076/3359
f 3571/709/3571 1585/5096/1585 1586/1214/1586
f 2661/1416/2661 4208/708/4208 1831/1437/1831
f 4208/708/4208 2143/710/2143 1831/1437/1831
f 2143/710/2143 3571/709/3571 1586/1214/1586
f 2888/1216/2888 3359/5076/3359 847/3994/847
f 1030/5094/1030 1296/5092/1296 3359/5076/3359
f 1296/5092/1296 3120/1259/3120 900/5075/900
f 1296/5092/1296 900/5075/900 3359/5076/3359
f 2143/710/2143 1586/1214/1586 847/3994/847
f 1831/1437/1831 2143/710/2143 847/3994/847
f 1831/1437/1831 847/3994/847 2715/3350/2715
f 917/1435/917 1331/1417/1331 2521/1438/2521
f 2521/1438/2521 1831/1437/1831 2715/3350/2715
f 2715/3350/2715 847/3994/847 3700/4360/3700
f 337/1432/337 918/1427/918 917/1435/917
f 1011/3370/1011 2469/3369/2469 338/1433/338
f 338/1433/338 337/1432/337 917/1435/917
f 1011/3370/1011 338/1433/338 917/1435/917
f 2594/3368/2594 2454/3367/2454 1011/3370/1011
f 2426/3366/2426 2427/3365/2427 2594/3368/2594
f 52/3364/52 54/3363/54 2426/3366/2426
f 256/3362/256 53/3361/53 52/3364/52
f 3827/3360/3827 2150/3359/2150 256/3362/256
f 2048/3358/2048 2047/3353/2047 3827/3360/3827
f 566/3357/566 1114/3356/1114 2048/3358/2048
f 1498/3355/1498 565/3349/565 566/3357/566
f 2189/3352/2189 89/3343/89 1498/3355/1498
f 2715/3350/2715 1121/3340/1121 2189/3352/2189
f 2392/3354/2392 1370/3351/1370 2715/3350/2715
f 2391/3323/2391 1272/3322/1272 2392/3354/2392
f 1177/3325/1177 2949/3324/2949 2391/3323/2391
f 1853/3327/1853 1176/3326/1176 1177/3325/1177
f 3331/128/3331 392/127/392 1853/3327/1853
f 3246/1362/3246 3247/5097/3247 22/1360/22
f 3247/5097/3247 3331/128/3331 22/1360/22
f 3156/4371/3156 3893/4370/3893 22/1360/22
f 1853/3327/1853 1177/3325/1177 22/1360/22
f 1177/3325/1177 2391/3323/2391 2392/3354/2392
f 22/1360/22 3331/128/3331 1853/3327/1853
f 997/4369/997 1376/4368/1376 3156/4371/3156
f 3156/4371/3156 22/1360/22 1177/3325/1177
f 1177/3325/1177 2392/3354/2392 3156/4371/3156
f 2715/3350/2715 2189/3352/2189 1498/3355/1498
f 2392/3354/2392 2715/3350/2715 2064/4358/2064
f 2715/3350/2715 1498/3355/1498 3827/3360/3827
f 2521/1438/2521 256/3362/256 52/3364/52
f 1498/3355/1498 566/3357/566 2048/3358/2048
f 1498/3355/1498 2048/3358/2048 3827/3360/3827
f 3156/4371/3156 2392/3354/2392 997/4369/997
f 256/3362/256 2521/1438/2521 2715/3350/2715
f 997/4369/997 2392/3354/2392 2064/4358/2064
f 2064/4358/2064 2063/4357/2063 997/4369/997
f 3827/3360/3827 256/3362/256 2715/3350/2715
f 52/3364/52 2426/3366/2426 2521/1438/2521
f 2594/3368/2594 1011/3370/1011 2521/1438/2521
f 1011/3370/1011 917/1435/917 2521/1438/2521
f 2426/3366/2426 2594/3368/2594 2521/1438/2521
f 3700/4360/3700 2829/4359/2829 2064/4358/2064
f 2064/4358/2064 2715/3350/2715 3700/4360/3700
f 847/3994/847 3359/5076/3359 3211/5078/3211
f 2898/4361/2898 2958/564/2958 3700/4360/3700
f 3211/5078/3211 2741/5072/2741 4160/5077/4160
f 198/4363/198 2898/4361/2898 2353/3997/2353
f 2898/4361/2898 3700/4360/3700 847/3994/847
f 17/4364/17 199/4362/199 198/4363/198
f 4314/1225/4314 4234/5098/4234 17/4364/17
f 2107/3993/2107 2108/1223/2108 2353/3997/2353
f 2108/1223/2108 4314/1225/4314 2353/3997/2353
f 2353/3997/2353 1221/463/1221 2107/3993/2107
f 1860/5099/1860 4108/3995/4108 3771/1131/3771
f 4108/3995/4108 847/3994/847 3211/5078/3211
f 4108/3995/4108 3211/5078/3211 3771/1131/3771
f 847/3994/847 2353/3997/2353 2898/4361/2898
f 2353/3997/2353 4314/1225/4314 17/4364/17
f 198/4363/198 2353/3997/2353 17/4364/17
f 1451/1129/1451 3771/1131/3771 3211/5078/3211
f 1450/1405/1450 4287/1407/4287 1451/1129/1451
f 2252/5100/2252 3597/1406/3597 4327/5101/4327
f 3597/1406/3597 1450/1405/1450 4327/5101/4327
f 3087/5102/3087 3784/5103/3784 4327/5101/4327
f 1450/1405/1450 1451/1129/1451 874/5104/874
f 1451/1129/1451 3211/5078/3211 874/5104/874
f 1522/5063/1522 595/5065/595 3104/5105/3104
f 3087/5102/3087 4327/5101/4327 1695/5106/1695
f 4327/5101/4327 1450/1405/1450 1695/5106/1695
f 3142/5107/3142 332/5108/332 3087/5102/3087
f 1695/5106/1695 614/5109/614 613/5110/613
f 613/5110/613 3142/5107/3142 3087/5102/3087
f 1229/5086/1229 3991/5089/3991 2369/5111/2369
f 3991/5089/3991 2783/5112/2783 723/2772/723
f 2783/5112/2783 1670/5113/1670 723/2772/723
f 1670/5113/1670 1612/5114/1612 2775/5115/2775
f 2775/5115/2775 2169/5116/2169 1153/5117/1153
f 1670/5113/1670 2775/5115/2775 2919/2773/2919
f 3991/5089/3991 723/2772/723 2369/5111/2369
f 1670/5113/1670 2919/2773/2919 723/2772/723
f 1153/5117/1153 1154/5118/1154 1155/5119/1155
f 2775/5115/2775 1153/5117/1153 144/2774/144
f 2919/2773/2919 2775/5115/2775 144/2774/144
f 613/5110/613 3087/5102/3087 1695/5106/1695
f 874/5104/874 40/5120/40 1695/5106/1695
f 874/5104/874 1695/5106/1695 1450/1405/1450
f 4160/5077/4160 4112/5121/4112 3211/5078/3211
f 3424/5069/3424 1120/5067/1120 616/5068/616
f 616/5068/616 1522/5063/1522 1782/5122/1782
f 4007/5123/4007 3423/5124/3423 3424/5069/3424
f 1196/5125/1196 2464/5126/2464 4006/5127/4006
f 4007/5123/4007 3424/5069/3424 97/5128/97
f 4046/5129/4046 1196/5125/1196 4006/5127/4006
f 4006/5127/4006 4007/5123/4007 2748/4330/2748
f 3424/5069/3424 616/5068/616 477/5130/477
f 4046/5129/4046 4006/5127/4006 4166/5131/4166
f 3424/5069/3424 477/5130/477 97/5128/97
f 4166/5131/4166 1405/5132/1405 4046/5129/4046
f 185/4328/185 4117/5133/4117 976/4329/976
f 4117/5133/4117 4166/5131/4166 976/4329/976
f 4006/5127/4006 2748/4330/2748 4166/5131/4166
f 976/4329/976 4166/5131/4166 2748/4330/2748
f 3266/4325/3266 1539/548/1539 2748/4330/2748
f 2748/4330/2748 4007/5123/4007 1265/5134/1265
f 595/5065/595 597/5061/597 3104/5105/3104
f 3531/4326/3531 3266/4325/3266 2307/5135/2307
f 3266/4325/3266 2748/4330/2748 1265/5134/1265
f 2307/5135/2307 2221/5136/2221 3531/4326/3531
f 1265/5134/1265 3532/5137/3532 2307/5135/2307
f 2599/5138/2599 2294/5139/2294 1265/5134/1265
f 2768/5140/2768 2598/5141/2598 2599/5138/2599
f 2617/5142/2617 2769/5143/2769 2768/5140/2768
f 425/5144/425 2617/5142/2617 2768/5140/2768
f 2768/5140/2768 2599/5138/2599 3251/5145/3251
f 2599/5138/2599 1265/5134/1265 1056/5146/1056
f 3251/5145/3251 2599/5138/2599 1056/5146/1056
f 1265/5134/1265 2307/5135/2307 3266/4325/3266
f 1782/5122/1782 1522/5063/1522 3104/5105/3104
f 1265/5134/1265 4007/5123/4007 97/5128/97
f 425/5144/425 2768/5140/2768 3251/5145/3251
f 860/5147/860 3118/5148/3118 1554/5149/1554
f 1554/5149/1554 425/5144/425 3251/5145/3251
f 860/5147/860 1554/5149/1554 2622/5150/2622
f 2622/5150/2622 1554/5149/1554 3251/5145/3251
f 2478/5151/2478 2479/5152/2479 2622/5150/2622
f 2479/5152/2479 860/5147/860 2622/5150/2622
f 2068/5153/2068 1992/5154/1992 747/5155/747
f 1992/5154/1992 2478/5151/2478 747/5155/747
f 747/5155/747 2067/5156/2067 2068/5153/2068
f 2622/5150/2622 747/5155/747 2478/5151/2478
f 1056/5146/1056 3252/5157/3252 3251/5145/3251
f 97/5128/97 2280/5158/2280 1056/5146/1056
f 477/5130/477 479/5159/479 97/5128/97
f 616/5068/616 478/5160/478 477/5130/477
f 1782/5122/1782 1781/804/1781 616/5068/616
f 97/5128/97 1056/5146/1056 1265/5134/1265
f 3104/5105/3104 597/5061/597 2078/3665/2078
f 597/5061/597 910/5059/910 1686/5091/1686
f 705/417/705 597/5061/597 1686/5091/1686
f 508/5161/508 1124/805/1124 650/5162/650
f 650/5162/650 3104/5105/3104 107/5163/107
f 597/5061/597 705/417/705 2078/3665/2078
f 1155/5119/1155 3856/4202/3856 2480/4201/2480
f 3856/4202/3856 584/490/584 2480/4201/2480
f 2480/4201/2480 145/198/145 144/2774/144
f 508/5161/508 650/5162/650 107/5163/107
f 1905/5164/1905 507/806/507 508/5161/508
f 2803/5165/2803 1904/5166/1904 1905/5164/1905
f 3092/5167/3092 1625/5168/1625 3091/5169/3091
f 1625/5168/1625 2803/5165/2803 3091/5169/3091
f 482/5170/482 2875/5171/2875 107/5163/107
f 2875/5171/2875 3091/5169/3091 2803/5165/2803
f 107/5163/107 2875/5171/2875 1905/5164/1905
f 1905/5164/1905 508/5161/508 107/5163/107
f 2803/5165/2803 1905/5164/1905 2875/5171/2875
f 3899/248/3899 3869/5172/3869 791/2931/791
f 3869/5172/3869 107/5163/107 791/2931/791
f 1416/2933/1416 1271/2932/1271 791/2931/791
f 1416/2933/1416 791/2931/791 2078/3665/2078
f 791/2931/791 107/5163/107 3104/5105/3104
f 2078/3665/2078 791/2931/791 3104/5105/3104
f 2612/3669/2612 4181/2934/4181 1416/2933/1416
f 2078/3665/2078 1995/3666/1995 2612/3669/2612
f 2569/3658/2569 2873/3657/2873 437/5173/437
f 2873/3657/2873 705/417/705 437/5173/437
f 2078/3665/2078 2612/3669/2612 1416/2933/1416
f 1686/5091/1686 437/5173/437 705/417/705
f 2092/5060/2092 3380/5087/3380 3208/5174/3208
f 1148/955/1148 1487/954/1487 2452/5175/2452
f 1487/954/1487 1686/5091/1686 126/5176/126
f 2452/5175/2452 1487/954/1487 126/5176/126
f 1686/5091/1686 2092/5060/2092 3208/5174/3208
f 1149/3660/1149 1147/953/1147 1148/955/1148
f 3844/5177/3844 3506/3662/3506 82/727/82
f 3506/3662/3506 1149/3660/1149 2515/5178/2515
f 82/727/82 4211/5179/4211 3844/5177/3844
f 2828/5180/2828 3760/1039/3760 4211/5179/4211
f 3760/1039/3760 3844/5177/3844 4211/5179/4211
f 2709/281/2709 2188/280/2188 2487/810/2487
f 2188/280/2188 4211/5179/4211 2109/811/2109
f 4211/5179/4211 861/4264/861 2977/5181/2977
f 4211/5179/4211 82/727/82 861/4264/861
f 762/5182/762 4036/279/4036 2709/281/2709
f 2109/811/2109 4211/5179/4211 2977/5181/2977
f 2188/280/2188 2109/811/2109 2487/810/2487
f 1149/3660/1149 1148/955/1148 3346/5183/3346
f 2650/5184/2650 762/5182/762 2709/281/2709
f 3357/5185/3357 2065/5186/2065 258/5187/258
f 2065/5186/2065 2650/5184/2650 258/5187/258
f 1650/5188/1650 259/5189/259 2650/5184/2650
f 259/5189/259 258/5187/258 2650/5184/2650
f 2650/5184/2650 2709/281/2709 1650/5188/1650
f 1153/5117/1153 1155/5119/1155 144/2774/144
f 1155/5119/1155 2480/4201/2480 144/2774/144
f 144/2774/144 1544/2769/1544 2919/2773/2919
f 2487/810/2487 1650/5188/1650 2709/281/2709
f 722/2771/722 724/2770/724 1543/2768/1543
f 723/2772/723 722/2771/722 2369/5111/2369
f 82/727/82 3506/3662/3506 3157/5190/3157
f 2033/5191/2033 1325/1185/1325 2977/5181/2977
f 1770/741/1770 3514/4849/3514 1771/4850/1771
f 3514/4849/3514 2033/5191/2033 2977/5181/2977
f 1771/4850/1771 3514/4849/3514 2977/5181/2977
f 862/4263/862 3477/4851/3477 861/4264/861
f 3477/4851/3477 1771/4850/1771 861/4264/861
f 1771/4850/1771 2977/5181/2977 861/4264/861
f 722/2771/722 1543/2768/1543 2369/5111/2369
f 1543/2768/1543 410/200/410 3213/1020/3213
f 410/200/410 1334/1021/1334 3213/1020/3213
f 1543/2768/1543 3213/1020/3213 2369/5111/2369
f 2369/5111/2369 294/5192/294 293/5193/293
f 3434/4838/3434 270/526/270 82/727/82
f 270/526/270 269/525/269 82/727/82
f 269/525/269 861/4264/861 82/727/82
f 3157/5190/3157 3506/3662/3506 2515/5178/2515
f 1229/5086/1229 2369/5111/2369 293/5193/293
f 293/5193/293 3596/4786/3596 2126/695/2126
f 2126/695/2126 697/4792/697 2308/5194/2308
f 697/4792/697 2680/4791/2680 3146/5195/3146
f 2680/4791/2680 3195/4833/3195 3146/5195/3146
f 3195/4833/3195 141/723/141 3146/5195/3146
f 141/723/141 1815/4831/1815 3077/5196/3077
f 1815/4831/1815 3834/5197/3834 3077/5196/3077
f 3077/5196/3077 3078/5198/3078 2164/5199/2164
f 697/4792/697 3146/5195/3146 2308/5194/2308
f 1229/5086/1229 293/5193/293 2126/695/2126
f 3703/5200/3703 2576/5201/2576 1777/5202/1777
f 2576/5201/2576 2714/728/2714 1777/5202/1777
f 2714/728/2714 82/727/82 3157/5190/3157
f 1229/5086/1229 2126/695/2126 4326/5203/4326
f 2126/695/2126 2308/5194/2308 1714/5204/1714
f 141/723/141 3077/5196/3077 2164/5199/2164
f 2164/5199/2164 95/5205/95 96/5206/96
f 96/5206/96 1459/5207/1459 141/723/141
f 1459/5207/1459 3146/5195/3146 141/723/141
f 3146/5195/3146 2028/5208/2028 2308/5194/2308
f 2308/5194/2308 3759/822/3759 1714/5204/1714
f 2533/821/2533 2317/5209/2317 2511/5210/2511
f 1714/5204/1714 2533/821/2533 2511/5210/2511
f 2511/5210/2511 2405/5211/2405 881/5212/881
f 881/5212/881 4111/5213/4111 1683/5214/1683
f 760/5215/760 1986/1202/1986 2373/5216/2373
f 881/5212/881 1683/5214/1683 760/5215/760
f 2511/5210/2511 881/5212/881 760/5215/760
f 2373/5216/2373 4328/1383/4328 2372/5217/2372
f 2511/5210/2511 760/5215/760 2126/695/2126
f 760/5215/760 2373/5216/2373 4326/5203/4326
f 1714/5204/1714 2511/5210/2511 2126/695/2126
f 760/5215/760 4326/5203/4326 2126/695/2126
f 2373/5216/2373 2372/5217/2372 4326/5203/4326
f 4326/5203/4326 1172/5218/1172 3049/5219/3049
f 2412/778/2412 1527/5220/1527 175/5221/175
f 175/5221/175 176/5222/176 3987/776/3987
f 3987/776/3987 594/5223/594 3380/5087/3380
f 3208/5174/3208 3209/5224/3209 126/5176/126
f 126/5176/126 127/5225/127 2452/5175/2452
f 2452/5175/2452 3714/5226/3714 2707/5227/2707
f 2707/5227/2707 3729/5228/3729 3346/5183/3346
f 3346/5183/3346 2515/5178/2515 1149/3660/1149
f 3157/5190/3157 1777/5202/1777 2714/728/2714
f 141/723/141 2164/5199/2164 96/5206/96
f 3346/5183/3346 1148/955/1148 2707/5227/2707
f 2452/5175/2452 2707/5227/2707 1148/955/1148
f 3208/5174/3208 126/5176/126 1686/5091/1686
f 1229/5086/1229 4326/5203/4326 3049/5219/3049
f 1229/5086/1229 3049/5219/3049 2412/778/2412
f 1229/5086/1229 2412/778/2412 1277/777/1277
f 2412/778/2412 175/5221/175 3987/776/3987
f 1778/784/1778 1764/5229/1764 3761/5230/3761
f 3761/5230/3761 2984/5231/2984 880/5232/880
f 880/5232/880 3948/5233/3948 3986/5234/3986
f 3986/5234/3986 2314/5235/2314 217/5236/217
f 217/5236/217 216/5237/216 3696/5238/3696
f 3696/5238/3696 3272/5239/3272 1735/5240/1735
f 1736/785/1736 3466/5241/3466 3465/783/3465
f 3466/5241/3466 3467/5242/3467 3465/783/3465
f 3696/5238/3696 1735/5240/1735 1736/785/1736
f 3986/5234/3986 217/5236/217 3761/5230/3761
f 217/5236/217 3696/5238/3696 1778/784/1778
f 3761/5230/3761 880/5232/880 3986/5234/3986
f 3465/783/3465 3575/5243/3575 1778/784/1778
f 1778/784/1778 3761/5230/3761 217/5236/217
f 3696/5238/3696 1736/785/1736 1778/784/1778
f 3486/786/3486 362/5244/362 3487/787/3487
f 493/5054/493 262/5048/262 1198/5055/1198
f 262/5048/262 767/5053/767 1198/5055/1198
f 767/5053/767 334/5049/334 766/5052/766
f 766/5052/766 1394/5051/1394 2112/5050/2112
f 2112/5050/2112 3541/5047/3541 1119/5046/1119
f 1119/5046/1119 1118/5044/1118 1367/5045/1367
f 2187/5043/2187 2558/4862/2558 2918/4861/2918
f 1367/5045/1367 2187/5043/2187 1895/5245/1895
f 2187/5043/2187 2918/4861/2918 2990/4860/2990
f 2187/5043/2187 2990/4860/2990 1895/5245/1895
f 766/5052/766 2112/5050/2112 540/5246/540
f 2112/5050/2112 1119/5046/1119 540/5246/540
f 767/5053/767 766/5052/766 540/5246/540
f 1119/5046/1119 1367/5045/1367 540/5246/540
f 1367/5045/1367 1895/5245/1895 540/5246/540
f 2355/5247/2355 1432/4855/1432 1431/4881/1431
f 2355/5247/2355 1431/4881/1431 1329/1309/1329
f 1329/1309/1329 1330/1308/1330 3901/5248/3901
f 1330/1308/1330 1016/4882/1016 3239/3979/3239
f 1490/746/1490 1489/4886/1489 763/5249/763
f 763/5249/763 1958/5250/1958 3621/5251/3621
f 558/4863/558 1490/746/1490 763/5249/763
f 558/4863/558 763/5249/763 3621/5251/3621
f 558/4863/558 3621/5251/3621 1572/5252/1572
f 1016/4882/1016 558/4863/558 1373/5253/1373
f 558/4863/558 1572/5252/1572 2616/5254/2616
f 1373/5253/1373 558/4863/558 3168/5255/3168
f 1572/5252/1572 966/5256/966 2616/5254/2616
f 1895/5245/1895 2355/5247/2355 1888/5257/1888
f 2355/5247/2355 1329/1309/1329 1888/5257/1888
f 1888/5257/1888 1329/1309/1329 3307/5258/3307
f 1202/774/1202 494/773/494 493/5054/493
f 1199/5057/1199 523/5056/523 1198/5055/1198
f 1198/5055/1198 1202/774/1202 493/5054/493
f 3011/2419/3011 251/2418/251 1199/5057/1199
f 1199/5057/1199 1198/5055/1198 767/5053/767
f 1199/5057/1199 767/5053/767 3011/2419/3011
f 3011/2419/3011 767/5053/767 1135/5259/1135
f 1134/2414/1134 2960/2415/2960 3011/2419/3011
f 1135/5259/1135 767/5053/767 679/5260/679
f 767/5053/767 540/5246/540 679/5260/679
f 1135/5259/1135 1134/2414/1134 3011/2419/3011
f 679/5260/679 681/5261/681 1135/5259/1135
f 1211/5262/1211 680/5263/680 679/5260/679
f 540/5246/540 1210/5264/1210 1211/5262/1211
f 1547/5265/1547 125/5266/125 540/5246/540
f 2590/5267/2590 4207/917/4207 1555/5268/1555
f 2820/5269/2820 3006/5270/3006 2590/5267/2590
f 1888/5257/1888 2821/5271/2821 2820/5269/2820
f 3132/1092/3132 699/5272/699 698/5273/698
f 699/5272/699 1888/5257/1888 931/5274/931
f 698/5273/698 699/5272/699 931/5274/931
f 931/5274/931 1811/1241/1811 698/5273/698
f 1888/5257/1888 2820/5269/2820 2590/5267/2590
f 2590/5267/2590 1555/5268/1555 1888/5257/1888
f 1555/5268/1555 1547/5265/1547 1888/5257/1888
f 540/5246/540 1211/5262/1211 679/5260/679
f 930/5275/930 931/5274/931 1888/5257/1888
f 1888/5257/1888 1547/5265/1547 1895/5245/1895
f 1547/5265/1547 540/5246/540 1895/5245/1895
f 930/5275/930 1888/5257/1888 3307/5258/3307
f 777/1243/777 571/1242/571 2159/5276/2159
f 571/1242/571 3307/5258/3307 2159/5276/2159
f 2159/5276/2159 3133/5277/3133 777/1243/777
f 3307/5258/3307 1329/1309/1329 2159/5276/2159
f 3901/5248/3901 3900/5278/3900 2159/5276/2159
f 2159/5276/2159 1329/1309/1329 3901/5248/3901
f 1330/1308/1330 3239/3979/3239 3901/5248/3901
f 3836/456/3836 2601/5279/2601 3239/3979/3239
f 2601/5279/2601 3901/5248/3901 3239/3979/3239
f 418/3981/418 419/457/419 737/3980/737
f 737/3980/737 3239/3979/3239 1016/4882/1016
f 418/3981/418 737/3980/737 3058/5280/3058
f 737/3980/737 1016/4882/1016 1111/5281/1111
f 418/3981/418 3058/5280/3058 4184/5282/4184
f 3860/5283/3860 2203/5284/2203 112/3982/112
f 2662/5285/2662 4133/5286/4133 2247/5287/2247
f 4133/5286/4133 3860/5283/3860 2742/1152/2742
f 2247/5287/2247 4133/5286/4133 1563/5288/1563
f 2663/5289/2663 3712/5290/3712 575/5291/575
f 3712/5290/3712 2247/5287/2247 575/5291/575
f 2742/1152/2742 1563/5288/1563 4133/5286/4133
f 1563/5288/1563 575/5291/575 2247/5287/2247
f 4184/5282/4184 4206/5292/4206 227/1153/227
f 2742/1152/2742 3860/5283/3860 227/1153/227
f 3860/5283/3860 112/3982/112 227/1153/227
f 227/1153/227 112/3982/112 418/3981/418
f 3549/5293/3549 1977/5294/1977 4184/5282/4184
f 4184/5282/4184 227/1153/227 418/3981/418
f 3058/5280/3058 737/3980/737 436/5295/436
f 3058/5280/3058 1105/5296/1105 3549/5293/3549
f 3549/5293/3549 4184/5282/4184 3058/5280/3058
f 436/5295/436 1890/5297/1890 3058/5280/3058
f 2608/5298/2608 168/5299/168 436/5295/436
f 1111/5281/1111 1843/5300/1843 2608/5298/2608
f 868/5301/868 361/5302/361 2968/5303/2968
f 361/5302/361 3470/5304/3470 2968/5303/2968
f 1111/5281/1111 2608/5298/2608 737/3980/737
f 2608/5298/2608 436/5295/436 737/3980/737
f 2968/5303/2968 3470/5304/3470 2167/5305/2167
f 3470/5304/3470 1111/5281/1111 1016/4882/1016
f 2167/5305/2167 1016/4882/1016 390/5306/390
f 2167/5305/2167 3237/5307/3237 2968/5303/2968
f 390/5306/390 3879/5308/3879 2167/5305/2167
f 1174/5309/1174 3971/5310/3971 390/5306/390
f 4237/5311/4237 1353/5312/1353 1174/5309/1174
f 3366/5313/3366 4225/5314/4225 3903/5315/3903
f 4225/5314/4225 4237/5311/4237 3903/5315/3903
f 4237/5311/4237 1174/5309/1174 3903/5315/3903
f 1174/5309/1174 390/5306/390 3903/5315/3903
f 2167/5305/2167 3470/5304/3470 1016/4882/1016
f 3892/5316/3892 2229/5317/2229 2230/5318/2230
f 2230/5318/2230 3903/5315/3903 390/5306/390
f 390/5306/390 1016/4882/1016 2230/5318/2230
f 3168/5255/3168 558/4863/558 2616/5254/2616
f 3892/5316/3892 1016/4882/1016 2146/5319/2146
f 3892/5316/3892 2230/5318/2230 1016/4882/1016
f 2146/5319/2146 408/5320/408 3892/5316/3892
f 4054/5321/4054 2152/5322/2152 2146/5319/2146
f 1914/5323/1914 1913/5324/1913 4054/5321/4054
f 1373/5253/1373 1915/5325/1915 1914/5323/1914
f 2911/5326/2911 1241/5327/1241 3168/5255/3168
f 1373/5253/1373 1914/5323/1914 1016/4882/1016
f 1914/5323/1914 4054/5321/4054 1016/4882/1016
f 4054/5321/4054 2146/5319/2146 1016/4882/1016
f 1447/5328/1447 3587/4884/3587 3864/745/3864
f 966/5256/966 1447/5328/1447 4011/791/4011
f 1447/5328/1447 3864/745/3864 3863/5329/3863
f 1447/5328/1447 3863/5329/3863 4011/791/4011
f 2911/5326/2911 3168/5255/3168 1581/5330/1581
f 4025/5331/4025 3906/5332/3906 2911/5326/2911
f 1167/5333/1167 2090/5334/2090 3173/5335/3173
f 2090/5334/2090 1682/5336/1682 3173/5335/3173
f 1682/5336/1682 4025/5331/4025 2911/5326/2911
f 3168/5255/3168 2616/5254/2616 1581/5330/1581
f 3862/5337/3862 3861/4883/3861 2952/5338/2952
f 3861/4883/3861 318/5339/318 2952/5338/2952
f 1682/5336/1682 2911/5326/2911 849/5340/849
f 3173/5335/3173 1682/5336/1682 849/5340/849
f 849/5340/849 848/5341/848 3173/5335/3173
f 318/5339/318 319/5342/319 2952/5338/2952
f 2906/5343/2906 2985/5344/2985 3539/789/3539
f 2985/5344/2985 2986/5345/2986 3539/789/3539
f 3862/5337/3862 2952/5338/2952 2906/5343/2906
f 1581/5330/1581 1580/5346/1580 849/5340/849
f 4018/5347/4018 400/5348/400 310/5349/310
f 1581/5330/1581 849/5340/849 2911/5326/2911
f 3801/5350/3801 4018/5347/4018 310/5349/310
f 310/5349/310 1581/5330/1581 2616/5254/2616
f 3863/5329/3863 3862/5337/3862 3539/789/3539
f 3862/5337/3862 2906/5343/2906 3539/789/3539
f 3801/5350/3801 310/5349/310 2616/5254/2616
f 2616/5254/2616 2893/5351/2893 3801/5350/3801
f 3198/5352/3198 3196/5353/3196 3197/790/3197
f 3196/5353/3196 4011/791/4011 3197/790/3197
f 4011/791/4011 2616/5254/2616 966/5256/966
f 3863/5329/3863 3539/789/3539 4011/791/4011
f 1447/5354/1447 966/5355/966 3587/5356/3587
f 966/5355/966 1572/792/1572 1959/794/1959
f 1572/792/1572 3621/5357/3621 1958/793/1958
f 1958/793/1958 763/5358/763 1959/794/1959
f 763/5358/763 1489/5359/1489 1959/794/1959
f 1959/794/1959 3587/5356/3587 966/5355/966
f 4287/795/4287 3597/5360/3597 2393/796/2393
f 2433/1293/2433 3109/802/3109 1099/801/1099
f 3109/802/3109 621/757/621 701/803/701
f 747/5155/747 2622/5150/2622 3252/5157/3252
f 2622/5150/2622 3251/5145/3251 3252/5157/3252
f 3252/5157/3252 1056/5146/1056 2280/5158/2280
f 3092/5167/3092 2067/5156/2067 1625/5168/1625
f 2067/5156/2067 747/5155/747 1625/5168/1625
f 1904/5166/1904 2803/5165/2803 1625/5168/1625
f 747/5155/747 3252/5157/3252 1904/5166/1904
f 3252/5157/3252 2280/5158/2280 1904/5166/1904
f 2280/5158/2280 97/5128/97 479/5159/479
f 479/5159/479 477/5130/477 478/5160/478
f 478/5160/478 616/5068/616 1781/804/1781
f 1781/804/1781 1782/5122/1782 3104/5105/3104
f 3104/5105/3104 650/5162/650 1124/805/1124
f 1124/805/1124 508/5161/508 507/806/507
f 507/806/507 1905/5164/1905 1904/5166/1904
f 1904/5166/1904 1625/5168/1625 747/5155/747
f 2280/5158/2280 479/5159/479 507/806/507
f 479/5159/479 478/5160/478 507/806/507
f 478/5160/478 1781/804/1781 507/806/507
f 1781/804/1781 3104/5105/3104 1124/805/1124
f 507/806/507 1904/5166/1904 2280/5158/2280
f 4131/5361/4131 3018/5362/3018 3017/937/3017
f 3017/937/3017 592/5363/592 4131/5361/4131
f 592/5363/592 593/5364/593 4131/5361/4131
f 768/5365/768 1315/5366/1315 3237/4606/3237
f 768/5365/768 3237/4606/3237 2167/5367/2167
f 430/5368/430 4131/5361/4131 593/5364/593
f 593/5364/593 768/5365/768 3971/5369/3971
f 768/5365/768 2167/5367/2167 3879/5370/3879
f 3879/5370/3879 390/5371/390 3971/5369/3971
f 768/5365/768 3879/5370/3879 3971/5369/3971
f 954/5372/954 4125/5373/4125 430/5368/430
f 430/5368/430 593/5364/593 3906/5374/3906
f 3971/5369/3971 1174/5375/1174 1353/5376/1353
f 593/5364/593 3971/5369/3971 1353/5376/1353
f 2062/4093/2062 3278/4092/3278 1648/4094/1648
f 3278/4092/3278 954/5372/954 1648/4094/1648
f 954/5372/954 430/5368/430 4025/5377/4025
f 593/5364/593 1353/5376/1353 4225/5378/4225
f 1353/5376/1353 4237/5379/4237 4225/5378/4225
f 593/5364/593 4225/5378/4225 3366/5380/3366
f 3906/5374/3906 593/5364/593 1241/5381/1241
f 1646/4096/1646 1647/4095/1647 1648/4094/1648
f 516/4100/516 3358/4097/3358 1646/4096/1646
f 3708/4102/3708 1279/4101/1279 516/4100/516
f 2212/4243/2212 3367/5382/3367 789/5383/789
f 789/5383/789 3708/4102/3708 516/4100/516
f 1646/4096/1646 1648/4094/1648 789/5383/789
f 1648/4094/1648 954/5372/954 2090/5384/2090
f 789/5383/789 1648/4094/1648 2090/5384/2090
f 789/5383/789 516/4100/516 1646/4096/1646
f 463/4244/463 2212/4243/2212 789/5383/789
f 2546/4154/2546 1534/520/1534 400/5385/400
f 1534/520/1534 463/4244/463 1167/5386/1167
f 848/5387/848 1534/520/1534 1167/5386/1167
f 1158/5388/1158 1901/4155/1901 2017/5389/2017
f 1901/4155/1901 2546/4154/2546 4018/5390/4018
f 2017/5389/2017 1901/4155/1901 3196/5391/3196
f 2471/5392/2471 1070/5393/1070 2017/5389/2017
f 4018/5390/4018 2546/4154/2546 400/5385/400
f 463/4244/463 789/5383/789 2090/5384/2090
f 1534/520/1534 848/5387/848 1580/5394/1580
f 400/5385/400 1534/520/1534 1580/5394/1580
f 2471/5392/2471 2017/5389/2017 3196/5391/3196
f 3366/5380/3366 3903/5395/3903 2230/5396/2230
f 430/5368/430 3906/5374/3906 4025/5377/4025
f 593/5364/593 3366/5380/3366 2152/5397/2152
f 1167/5386/1167 463/4244/463 2090/5384/2090
f 3366/5380/3366 2230/5396/2230 2229/5398/2229
f 2229/5398/2229 3892/5399/3892 408/5400/408
f 3366/5380/3366 2229/5398/2229 408/5400/408
f 3366/5380/3366 408/5400/408 2152/5397/2152
f 408/5400/408 2146/5401/2146 2152/5397/2152
f 2152/5397/2152 4054/5402/4054 1913/5403/1913
f 1913/5403/1913 1914/5404/1914 1915/5405/1915
f 1915/5405/1915 1373/5406/1373 1241/5381/1241
f 1373/5406/1373 3168/5407/3168 1241/5381/1241
f 1241/5381/1241 2911/5408/2911 3906/5374/3906
f 2152/5397/2152 1913/5403/1913 1241/5381/1241
f 1913/5403/1913 1915/5405/1915 1241/5381/1241
f 1241/5381/1241 593/5364/593 2152/5397/2152
f 4025/5377/4025 1682/5409/1682 2090/5384/2090
f 954/5372/954 4025/5377/4025 2090/5384/2090
f 1167/5386/1167 3173/5410/3173 848/5387/848
f 848/5387/848 849/5411/849 1580/5394/1580
f 4059/5412/4059 2471/5392/2471 2985/5413/2985
f 1901/4155/1901 4018/5390/4018 2893/5414/2893
f 3196/5391/3196 1901/4155/1901 2893/5414/2893
f 1580/5394/1580 1581/5415/1581 400/5385/400
f 1581/5415/1581 310/5416/310 400/5385/400
f 4018/5390/4018 3801/5417/3801 2893/5414/2893
f 2471/5392/2471 3196/5391/3196 3198/5418/3198
f 2893/5414/2893 2616/5419/2616 4011/5420/4011
f 2893/5414/2893 4011/5420/4011 3196/5391/3196
f 3198/5418/3198 3197/5421/3197 3539/5422/3539
f 2471/5392/2471 3198/5418/3198 2986/5423/2986
f 3198/5418/3198 3539/5422/3539 2986/5423/2986
f 2985/5413/2985 2906/5424/2906 2952/5425/2952
f 2986/5423/2986 2985/5413/2985 2471/5392/2471
f 2985/5413/2985 2952/5425/2952 319/5426/319
f 318/5427/318 3861/5428/3861 4198/5429/4198
f 3861/5428/3861 2330/5430/2330 4198/5429/4198
f 2985/5413/2985 319/5426/319 4059/5412/4059
f 319/5426/319 318/5427/318 4059/5412/4059
f 4198/5429/4198 4270/5431/4270 3275/5432/3275
f 4270/5431/4270 4271/5433/4271 3275/5432/3275
f 3275/5432/3275 4243/5434/4243 2081/5435/2081
f 4059/5412/4059 318/5427/318 1696/5436/1696
f 318/5427/318 4198/5429/4198 2081/5435/2081
f 1696/5436/1696 318/5427/318 2081/5435/2081
f 1071/4150/1071 4059/5412/4059 1696/5436/1696
f 4198/5429/4198 3275/5432/3275 2081/5435/2081
f 2081/5435/2081 2082/5437/2082 1696/5436/1696
f 2466/5438/2466 3630/5439/3630 987/5440/987
f 1759/4146/1759 2403/4145/2403 2404/4151/2404
f 2404/4151/2404 1071/4150/1071 2466/5438/2466
f 1071/4150/1071 1696/5436/1696 2466/5438/2466
f 1509/4139/1509 3163/4148/3163 1510/4144/1510
f 3163/4148/3163 1759/4146/1759 1510/4144/1510
f 1759/4146/1759 2404/4151/2404 1419/5441/1419
f 2404/4151/2404 2466/5438/2466 3052/5442/3052
f 987/5440/987 4090/5443/4090 3052/5442/3052
f 4090/5443/4090 648/5444/648 3052/5442/3052
f 2404/4151/2404 3052/5442/3052 1419/5441/1419
f 2466/5438/2466 987/5440/987 3052/5442/3052
f 2263/4143/2263 1508/4142/1508 1510/4144/1510
f 611/4135/611 152/4137/152 2263/4143/2263
f 3746/5445/3746 2660/4136/2660 611/4135/611
f 1107/808/1107 3746/5445/3746 611/4135/611
f 611/4135/611 2263/4143/2263 1759/4146/1759
f 2263/4143/2263 1510/4144/1510 1759/4146/1759
f 611/4135/611 1759/4146/1759 1107/808/1107
f 1419/5441/1419 1344/5446/1344 533/809/533
f 1107/808/1107 1759/4146/1759 1419/5441/1419
f 1107/808/1107 1419/5441/1419 533/809/533
f 533/809/533 4012/5447/4012 3747/807/3747
f 4012/5447/4012 3748/5448/3748 3747/807/3747
f 2033/5191/2033 3514/4849/3514 2032/4384/2032
f 3514/4849/3514 3812/584/3812 2032/4384/2032
f 2032/4384/2032 1615/583/1615 2033/5191/2033
f 1615/583/1615 1614/5449/1614 2033/5191/2033
f 2874/5450/2874 2033/5191/2033 1614/5449/1614
f 432/5451/432 431/5452/431 72/5453/72
f 2874/5450/2874 1614/5449/1614 1613/5454/1613
f 1613/5454/1613 2531/585/2531 3814/4852/3814
f 1918/743/1918 4102/4854/4102 3206/5455/3206
f 4102/4854/4102 2635/5456/2635 3206/5455/3206
f 1613/5454/1613 3814/4852/3814 1918/743/1918
f 2874/5450/2874 1613/5454/1613 2894/5457/2894
f 1613/5454/1613 1918/743/1918 3206/5455/3206
f 2635/5456/2635 1724/5458/1724 3206/5455/3206
f 3206/5455/3206 1893/5459/1893 2894/5457/2894
f 1613/5454/1613 3206/5455/3206 2894/5457/2894
f 72/5453/72 2874/5450/2874 3146/5195/3146
f 2874/5450/2874 2894/5457/2894 1894/5460/1894
f 1894/5460/1894 2028/5208/2028 3146/5195/3146
f 2874/5450/2874 1894/5460/1894 3146/5195/3146
f 3405/5461/3405 237/1184/237 432/5451/432
f 72/5453/72 3146/5195/3146 1459/5207/1459
f 72/5453/72 1459/5207/1459 432/5451/432
f 1459/5207/1459 3978/812/3978 432/5451/432
f 3325/5462/3325 2285/5463/2285 1650/5188/1650
f 3405/5461/3405 432/5451/432 3978/812/3978
f 3325/5462/3325 1650/5188/1650 2487/810/2487
f 3405/5461/3405 3978/812/3978 2109/811/2109
f 3978/812/3978 3325/5462/3325 2487/810/2487
f 3570/5464/3570 1601/5465/1601 1600/814/1600
f 1601/5465/1601 483/815/483 1600/814/1600
f 483/815/483 2671/1926/2671 2774/813/2774
f 2671/1926/2671 4188/1925/4188 4077/5466/4077
f 2774/813/2774 2671/1926/2671 4077/5466/4077
f 1946/5467/1946 3435/5468/3435 2227/1918/2227
f 3435/5468/3435 2604/5469/2604 2227/1918/2227
f 746/5470/746 2605/5471/2605 4305/5472/4305
f 2604/5469/2604 746/5470/746 2227/1918/2227
f 2809/1913/2809 3217/1136/3217 2199/5473/2199
f 746/5470/746 4305/5472/4305 938/816/938
f 2227/1918/2227 746/5470/746 3675/1919/3675
f 2809/1913/2809 2199/5473/2199 2227/1918/2227
f 2199/5473/2199 1946/5467/1946 2227/1918/2227
f 938/816/938 3675/1919/3675 746/5470/746
f 4305/5472/4305 427/5474/427 938/816/938
f 427/5474/427 3279/817/3279 938/816/938
f 1197/477/1197 327/1920/327 938/816/938
f 3279/817/3279 264/5475/264 2339/4168/2339
f 2339/4168/2339 1197/477/1197 3279/817/3279
f 3174/5476/3174 4154/4780/4154 888/4778/888
f 3174/5476/3174 888/4778/888 2060/4777/2060
f 2699/5477/2699 4153/5478/4153 3174/5476/3174
f 3620/5479/3620 3619/5480/3619 2699/5477/2699
f 3620/5479/3620 2699/5477/2699 2060/4777/2060
f 2699/5477/2699 3174/5476/3174 2060/4777/2060
f 4251/5481/4251 3620/5479/3620 124/818/124
f 3620/5479/3620 2060/4777/2060 124/818/124
f 2231/5482/2231 2434/5483/2434 4252/5484/4252
f 2231/5482/2231 4252/5484/4252 2602/5485/2602
f 4252/5484/4252 4251/5481/4251 2602/5485/2602
f 2564/1336/2564 2921/1338/2921 2602/5485/2602
f 2602/5485/2602 4251/5481/4251 2564/1336/2564
f 4251/5481/4251 124/818/124 2564/1336/2564
f 167/4596/167 2564/1336/2564 156/820/156
f 3058/2960/3058 1890/4597/1890 156/820/156
f 1890/4597/1890 167/4596/167 156/820/156
f 3712/4784/3712 3940/276/3940 123/819/123
f 3940/276/3940 156/820/156 123/819/123
f 2564/1336/2564 124/818/124 156/820/156
f 123/819/123 2070/689/2070 3712/4784/3712
f 2533/821/2533 1714/5204/1714 3759/822/3759
f 573/824/573 1219/2396/1219 2658/825/2658
f 1270/5486/1270 1940/1253/1940 3256/5487/3256
f 1940/1253/1940 3013/5488/3013 3256/5487/3256
f 3013/5488/3013 3347/5489/3347 576/5490/576
f 3347/5489/3347 3221/5491/3221 1808/5492/1808
f 1808/5492/1808 1809/5493/1809 576/5490/576
f 3347/5489/3347 1808/5492/1808 576/5490/576
f 4260/5494/4260 4263/5495/4263 893/5496/893
f 893/5496/893 3256/5487/3256 3065/5497/3065
f 3256/5487/3256 3013/5488/3013 2670/5498/2670
f 576/5490/576 3324/5499/3324 3013/5488/3013
f 3324/5499/3324 272/5500/272 3013/5488/3013
f 2670/5498/2670 2639/5501/2639 3065/5497/3065
f 272/5500/272 2670/5498/2670 3013/5488/3013
f 3256/5487/3256 2670/5498/2670 3065/5497/3065
f 2089/5502/2089 4261/1255/4261 4260/5494/4260
f 4260/5494/4260 893/5496/893 2950/448/2950
f 3756/5503/3756 979/5504/979 2782/579/2782
f 979/5504/979 2089/5502/2089 2782/579/2782
f 893/5496/893 3065/5497/3065 2950/448/2950
f 3065/5497/3065 2443/449/2443 2950/448/2950
f 2950/448/2950 3344/577/3344 4260/5494/4260
f 3344/577/3344 2782/579/2782 2089/5502/2089
f 2782/579/2782 3345/578/3345 3745/5505/3745
f 3745/5505/3745 3923/5506/3923 1161/4801/1161
f 3923/5506/3923 1480/158/1480 1161/4801/1161
f 3850/157/3850 3866/2684/3866 3271/5507/3271
f 1480/158/1480 3850/157/3850 1161/4801/1161
f 2782/579/2782 3745/5505/3745 2343/4817/2343
f 3850/157/3850 3271/5507/3271 1163/736/1163
f 1162/4845/1162 1164/735/1164 2123/5508/2123
f 1164/735/1164 4115/5509/4115 2123/5508/2123
f 3850/157/3850 1163/736/1163 1162/4845/1162
f 3745/5505/3745 1161/4801/1161 2343/4817/2343
f 3850/157/3850 1162/4845/1162 1161/4801/1161
f 1979/5510/1979 764/5511/764 1616/5512/1616
f 1162/4845/1162 2123/5508/2123 1161/4801/1161
f 1979/5510/1979 1616/5512/1616 2765/5513/2765
f 2123/5508/2123 1979/5510/1979 1161/4801/1161
f 1979/5510/1979 2765/5513/2765 2362/5514/2362
f 1161/4801/1161 1979/5510/1979 2134/4806/2134
f 3344/577/3344 2089/5502/2089 4260/5494/4260
f 2765/5513/2765 1797/5515/1797 3008/5516/3008
f 2765/5513/2765 3008/5516/3008 2362/5514/2362
f 1141/5517/1141 3008/5516/3008 927/5518/927
f 3008/5516/3008 208/5519/208 2014/5520/2014
f 208/5519/208 4142/5521/4142 2014/5520/2014
f 4142/5521/4142 4137/5522/4137 2729/5523/2729
f 4142/5521/4142 2729/5523/2729 2014/5520/2014
f 3008/5516/3008 1141/5517/1141 2362/5514/2362
f 887/5524/887 4047/5525/4047 3756/5503/3756
f 3008/5516/3008 2014/5520/2014 927/5518/927
f 887/5524/887 3756/5503/3756 1972/3143/1972
f 3756/5503/3756 2782/579/2782 1503/1192/1503
f 887/5524/887 1972/3143/1972 1971/3146/1971
f 320/5526/320 3342/5527/3342 1440/5528/1440
f 3342/5527/3342 887/5524/887 1971/3146/1971
f 1440/5528/1440 3342/5527/3342 1971/3146/1971
f 287/5529/287 1900/5530/1900 1440/5528/1440
f 1440/5528/1440 1971/3146/1971 3055/3147/3055
f 1141/5517/1141 927/5518/927 2562/5531/2562
f 1440/5528/1440 3055/3147/3055 287/5529/287
f 1151/5532/1151 1869/5533/1869 287/5529/287
f 927/5518/927 2272/5534/2272 2562/5531/2562
f 2562/5531/2562 1064/1115/1064 1066/5535/1066
f 1141/5517/1141 2562/5531/2562 1066/5535/1066
f 1151/5532/1151 287/5529/287 3055/3147/3055
f 1423/298/1423 2005/297/2005 1151/5532/1151
f 1971/3146/1971 2668/3145/2668 3055/3147/3055
f 3055/3147/3055 1423/298/1423 1151/5532/1151
f 1972/3143/1972 3756/5503/3756 2503/1191/2503
f 1066/5535/1066 1065/1114/1065 106/5536/106
f 106/5536/106 1545/5537/1545 674/5538/674
f 1066/5535/1066 106/5536/106 1091/5539/1091
f 1141/5517/1141 1066/5535/1066 1091/5539/1091
f 2052/595/2052 2870/3142/2870 1645/3144/1645
f 1645/3144/1645 1972/3143/1972 2340/1612/2340
f 3756/5503/3756 1503/1192/1503 2503/1191/2503
f 106/5536/106 674/5538/674 2098/5540/2098
f 1091/5539/1091 106/5536/106 2098/5540/2098
f 674/5538/674 672/858/672 673/857/673
f 673/857/673 20/5541/20 1619/5542/1619
f 1985/5543/1985 2097/5544/2097 2098/5540/2098
f 673/857/673 1619/5542/1619 1985/5543/1985
f 674/5538/674 673/857/673 1985/5543/1985
f 2052/595/2052 1645/3144/1645 2053/4397/2053
f 2053/4397/2053 1645/3144/1645 2340/1612/2340
f 2340/1612/2340 1972/3143/1972 2503/1191/2503
f 674/5538/674 1985/5543/1985 2098/5540/2098
f 2098/5540/2098 2730/5545/2730 1091/5539/1091
f 2620/596/2620 2053/4397/2053 819/5546/819
f 3530/877/3530 952/5547/952 819/5546/819
f 952/5547/952 2620/596/2620 819/5546/819
f 602/5548/602 4008/5549/4008 4009/878/4009
f 4009/878/4009 819/5546/819 602/5548/602
f 2053/4397/2053 2340/1612/2340 819/5546/819
f 602/5548/602 819/5546/819 2340/1612/2340
f 1091/5539/1091 2397/5550/2397 1141/5517/1141
f 1141/5517/1141 2380/5551/2380 2362/5514/2362
f 2362/5514/2362 3368/5552/3368 1989/5553/1989
f 1805/5554/1805 5/5555/5 1576/5556/1576
f 1805/5554/1805 1576/5556/1576 1577/5557/1577
f 1577/5557/1577 346/5558/346 1102/5559/1102
f 1102/5559/1102 1976/5560/1976 3123/5561/3123
f 3123/5561/3123 1734/5562/1734 1998/5563/1998
f 1998/5563/1998 1999/5564/1999 1152/5565/1152
f 1152/5565/1152 3296/5566/3296 2619/5567/2619
f 485/5568/485 2708/5569/2708 2223/5570/2223
f 1998/5563/1998 1152/5565/1152 2619/5567/2619
f 3123/5561/3123 1998/5563/1998 2619/5567/2619
f 1805/5554/1805 1577/5557/1577 1102/5559/1102
f 1102/5559/1102 3123/5561/3123 2619/5567/2619
f 1805/5554/1805 1102/5559/1102 2134/4806/2134
f 1102/5559/1102 2619/5567/2619 2134/4806/2134
f 1989/5553/1989 1805/5554/1805 2134/4806/2134
f 2362/5514/2362 1989/5553/1989 1979/5510/1979
f 1529/5571/1529 1528/5572/1528 602/5548/602
f 599/5573/599 1530/5574/1530 1529/5571/1529
f 714/5575/714 598/5576/598 599/5573/599
f 2340/1612/2340 713/5577/713 714/5575/714
f 1321/5578/1321 1061/1193/1061 1503/1192/1503
f 2340/1612/2340 714/5575/714 599/5573/599
f 599/5573/599 1529/5571/1529 602/5548/602
f 2340/1612/2340 599/5573/599 602/5548/602
f 1321/5578/1321 1503/1192/1503 2782/579/2782
f 2223/5570/2223 2222/5579/2222 665/5580/665
f 665/5580/665 3376/1180/3376 2654/1179/2654
f 414/5581/414 729/1778/729 2370/863/2370
f 729/1778/729 4070/1796/4070 2370/863/2370
f 665/5580/665 2654/1179/2654 414/5581/414
f 485/5568/485 2223/5570/2223 635/1815/635
f 2223/5570/2223 665/5580/665 2568/1812/2568
f 2223/5570/2223 2568/1812/2568 635/1815/635
f 665/5580/665 414/5581/414 2568/1812/2568
f 2370/863/2370 2332/1813/2332 414/5581/414
f 2332/1813/2332 2568/1812/2568 414/5581/414
f 635/1815/635 2891/1814/2891 1567/513/1567
f 2891/1814/2891 2892/514/2892 1567/513/1567
f 1567/513/1567 2337/515/2337 1133/4808/1133
f 2337/515/2337 2336/4811/2336 1133/4808/1133
f 485/5568/485 635/1815/635 2619/5567/2619
f 635/1815/635 1567/513/1567 2619/5567/2619
f 2134/4806/2134 1413/4805/1413 1161/4801/1161
f 1413/4805/1413 2351/5582/2351 1161/4801/1161
f 1567/513/1567 1133/4808/1133 2619/5567/2619
f 1133/4808/1133 2134/4806/2134 2619/5567/2619
f 1989/5553/1989 2134/4806/2134 1979/5510/1979
f 1321/5578/1321 2782/579/2782 1859/5583/1859
f 1859/5583/1859 2782/579/2782 831/5584/831
f 2351/5582/2351 3817/4802/3817 1161/4801/1161
f 1649/4807/1649 4214/4824/4214 2693/4823/2693
f 2041/4822/2041 2040/4821/2040 2455/4819/2455
f 1161/4801/1161 1649/4807/1649 2693/4823/2693
f 2041/4822/2041 2455/4819/2455 2343/4817/2343
f 1161/4801/1161 2693/4823/2693 2041/4822/2041
f 2507/1614/2507 1923/5585/1923 2869/5586/2869
f 1854/1615/1854 2507/1614/2507 2869/5586/2869
f 2692/1617/2692 1944/1616/1944 1859/5583/1859
f 1944/1616/1944 1854/1615/1854 2869/5586/2869
f 1859/5583/1859 1944/1616/1944 2869/5586/2869
f 831/5584/831 3535/908/3535 2692/1617/2692
f 829/5587/829 830/909/830 831/5584/831
f 2433/1293/2433 1099/801/1099 2823/702/2823
f 1099/801/1099 829/5587/829 2823/702/2823
f 2385/5588/2385 3705/1654/3705 2649/829/2649
f 3705/1654/3705 2433/1293/2433 2823/702/2823
f 3335/5589/3335 2384/5590/2384 2385/5588/2385
f 2733/828/2733 1013/5591/1013 3335/5589/3335
f 786/5592/786 784/5593/784 785/827/785
f 2733/828/2733 3335/5589/3335 2649/829/2649
f 3335/5589/3335 2385/5588/2385 2649/829/2649
f 3705/1654/3705 2823/702/2823 2649/829/2649
f 831/5584/831 2692/1617/2692 1859/5583/1859
f 1161/4801/1161 2041/4822/2041 2343/4817/2343
f 2823/702/2823 2348/1818/2348 2327/1811/2327
f 2782/579/2782 2343/4817/2343 829/5587/829
f 2823/702/2823 2327/1811/2327 2649/829/2649
f 2782/579/2782 829/5587/829 831/5584/831
f 2343/4817/2343 2823/702/2823 829/5587/829
f 2649/829/2649 342/1443/342 2495/1676/2495
f 342/1443/342 2147/7/2147 2495/1676/2495
f 2147/7/2147 2303/9/2303 2241/1679/2241
f 2495/1676/2495 2793/1821/2793 786/5592/786
f 2495/1676/2495 786/5592/786 785/827/785
f 2147/7/2147 2241/1679/2241 2495/1676/2495
f 2495/1676/2495 785/827/785 2649/829/2649
f 936/830/936 1983/5594/1983 3220/831/3220
f 3014/833/3014 2016/5595/2016 1704/834/1704
f 2491/836/2491 1101/5596/1101 196/837/196
f 1678/4800/1678 1098/5597/1098 1435/839/1435
f 1098/5597/1098 980/5598/980 1435/839/1435
f 980/5598/980 3733/840/3733 1435/839/1435
f 3733/840/3733 3706/4798/3706 2824/701/2824
f 2367/841/2367 2366/5599/2366 2104/842/2104
f 866/5600/866 2276/5601/2276 1352/846/1352
f 2276/5601/2276 754/5602/754 753/5603/753
f 753/5603/753 2758/5604/2758 2759/844/2759
f 2276/5601/2276 753/5603/753 1352/846/1352
f 2716/845/2716 498/5605/498 1352/846/1352
f 753/5603/753 2759/844/2759 1352/846/1352
f 164/847/164 2214/498/2214 85/848/85
f 4263/850/4263 1270/5606/1270 3256/851/3256
f 2747/853/2747 188/5607/188 189/854/189
f 4068/859/4068 1194/2460/1194 1193/860/1193
f 3369/862/3369 2332/1813/2332 2370/863/2370
f 2253/865/2253 3881/5608/3881 3882/866/3882
f 4311/5609/4311 4310/5610/4310 2804/5611/2804
f 4310/5610/4310 2980/5612/2980 803/5613/803
f 1673/5614/1673 2462/5615/2462 3632/5616/3632
f 4310/5610/4310 803/5613/803 3610/5617/3610
f 2980/5612/2980 1673/5614/1673 803/5613/803
f 1726/5618/1726 1987/5619/1987 4311/5609/4311
f 3610/5617/3610 2804/5611/2804 4310/5610/4310
f 2804/5611/2804 1726/5618/1726 4311/5609/4311
f 1673/5614/1673 3632/5616/3632 1472/870/1472
f 803/5613/803 1673/5614/1673 1472/870/1472
f 3632/5616/3632 2175/868/2175 1472/870/1472
f 496/871/496 2615/990/2615 2614/872/2614
f 1932/874/1932 1560/2385/1560 1559/875/1559
f 3530/877/3530 819/5546/819 4009/878/4009
f 3085/882/3085 3291/5620/3291 1027/880/1027
f 3291/5620/3291 1058/1280/1058 1027/880/1027
f 1058/1280/1058 1060/1282/1060 2573/5621/2573
f 1027/880/1027 1058/1280/1058 2573/5621/2573
f 1880/5622/1880 1881/5623/1881 205/5624/205
f 205/5624/205 3085/882/3085 4109/881/4109
f 1059/1281/1059 2334/5625/2334 4306/5626/4306
f 4306/5626/4306 4241/5627/4241 4325/5628/4325
f 4325/5628/4325 3765/5629/3765 3911/5630/3911
f 3911/5630/3911 3267/5631/3267 2424/5632/2424
f 3267/5631/3267 2516/5633/2516 2424/5632/2424
f 2516/5633/2516 2517/5634/2517 3329/5635/3329
f 2517/5634/2517 2595/5636/2595 3329/5635/3329
f 3329/5635/3329 4213/5637/4213 4212/5638/4212
f 4325/5628/4325 3911/5630/3911 1441/5639/1441
f 1059/1281/1059 4306/5626/4306 539/5640/539
f 4306/5626/4306 4325/5628/4325 300/5641/300
f 300/5641/300 4325/5628/4325 1441/5639/1441
f 3911/5630/3911 2424/5632/2424 1441/5639/1441
f 2516/5633/2516 3329/5635/3329 4212/5638/4212
f 2424/5632/2424 1442/5642/1442 1441/5639/1441
f 2516/5633/2516 4212/5638/4212 2424/5632/2424
f 300/5641/300 1441/5639/1441 301/5643/301
f 301/5643/301 450/5644/450 449/5645/449
f 300/5641/300 424/5646/424 539/5640/539
f 301/5643/301 449/5645/449 300/5641/300
f 4306/5626/4306 300/5641/300 539/5640/539
f 539/5640/539 4098/5647/4098 1103/5648/1103
f 1060/1282/1060 1059/1281/1059 1244/5649/1244
f 1059/1281/1059 539/5640/539 1244/5649/1244
f 539/5640/539 1103/5648/1103 1244/5649/1244
f 1244/5649/1244 3762/5650/3762 1060/1282/1060
f 3762/5650/3762 4190/5651/4190 2573/5621/2573
f 2573/5621/2573 2195/5652/2195 1027/880/1027
f 3762/5650/3762 2573/5621/2573 1060/1282/1060
f 2666/5653/2666 2667/5654/2667 1880/5622/1880
f 4109/881/4109 3664/5655/3664 205/5624/205
f 3664/5655/3664 2666/5653/2666 1880/5622/1880
f 3664/5655/3664 1880/5622/1880 205/5624/205
f 2615/5656/2615 2289/5657/2289 2614/779/2614
f 2289/5657/2289 3444/883/3444 2614/779/2614
f 2257/2432/2257 2930/2431/2930 4199/5658/4199
f 2930/2431/2930 4040/4230/4040 4199/5658/4199
f 4040/4230/4040 4091/5659/4091 4199/5658/4199
f 1227/5660/1227 721/5661/721 247/5662/247
f 2257/2432/2257 4199/5658/4199 591/2434/591
f 4199/5658/4199 1227/5660/1227 591/2434/591
f 591/2434/591 2256/2433/2256 2257/2432/2257
f 1328/2435/1328 3481/2427/3481 591/2434/591
f 1326/2437/1326 1327/2428/1327 1328/2435/1328
f 100/2439/100 99/2438/99 1326/2437/1326
f 853/2441/853 98/2440/98 100/2439/100
f 2357/2443/2357 1310/2442/1310 853/2441/853
f 652/2969/652 453/2444/453 2357/2443/2357
f 2184/2975/2184 653/2970/653 652/2969/652
f 1643/2972/1643 3652/2976/3652 2184/2975/2184
f 3122/2504/3122 548/2966/548 2329/2973/2329
f 2329/2973/2329 1643/2972/1643 2184/2975/2184
f 2184/2975/2184 652/2969/652 2357/2443/2357
f 2357/2443/2357 853/2441/853 2329/2973/2329
f 853/2441/853 100/2439/100 2329/2973/2329
f 2357/2443/2357 2329/2973/2329 2184/2975/2184
f 100/2439/100 1326/2437/1326 247/5662/247
f 1326/2437/1326 1328/2435/1328 247/5662/247
f 1328/2435/1328 591/2434/591 1227/5660/1227
f 1227/5660/1227 247/5662/247 1328/2435/1328
f 863/5663/863 4026/5664/4026 2106/5665/2106
f 1697/2505/1697 3122/2504/3122 2836/2499/2836
f 3122/2504/3122 2329/2973/2329 247/5662/247
f 2329/2973/2329 100/2439/100 247/5662/247
f 790/2501/790 1663/2503/1663 1697/2505/1697
f 3122/2504/3122 247/5662/247 2836/2499/2836
f 247/5662/247 863/5663/863 2836/2499/2836
f 2836/2499/2836 790/2501/790 1697/2505/1697
f 2069/5666/2069 2050/2500/2050 863/5663/863
f 2050/2500/2050 2836/2499/2836 863/5663/863
f 15/886/15 14/4233/14 1144/884/1144
f 14/4233/14 671/5667/671 1144/884/1144
f 671/5667/671 2069/5666/2069 513/5668/513
f 513/5668/513 2069/5666/2069 2106/5665/2106
f 2106/5665/2106 512/5669/512 513/5668/513
f 863/5663/863 2106/5665/2106 2069/5666/2069
f 1144/884/1144 671/5667/671 513/5668/513
f 1237/4231/1237 13/509/13 1842/885/1842
f 13/509/13 15/886/15 1842/885/1842
f 1842/885/1842 1841/4232/1841 1237/4231/1237
f 1144/884/1144 1741/5670/1741 1842/885/1842
f 3794/887/3794 3460/4725/3460 1084/888/1084
f 2088/890/2088 434/5671/434 4242/891/4242
f 1795/895/1795 1896/4932/1896 358/893/358
f 1896/4932/1896 3929/4972/3929 1715/5672/1715
f 358/893/358 1896/4932/1896 1715/5672/1715
f 3929/4972/3929 2020/5673/2020 1715/5672/1715
f 1715/5672/1715 4197/5019/4197 358/893/358
f 358/893/358 85/5018/85 2214/894/2214
f 164/5674/164 163/5017/163 615/5016/615
f 164/5674/164 615/5016/615 3593/5675/3593
f 615/5016/615 2139/5035/2139 3884/5676/3884
f 3884/5676/3884 1947/5677/1947 1636/5678/1636
f 615/5016/615 3884/5676/3884 1332/5679/1332
f 3593/5675/3593 615/5016/615 1332/5679/1332
f 2214/894/2214 164/5674/164 236/5680/236
f 3884/5676/3884 1636/5678/1636 1332/5679/1332
f 3593/5675/3593 1024/5681/1024 1023/4975/1023
f 164/5674/164 3593/5675/3593 2419/5682/2419
f 3593/5675/3593 1023/4975/1023 2419/5682/2419
f 236/5680/236 3489/4973/3489 1795/895/1795
f 164/5674/164 2419/5682/2419 236/5680/236
f 236/5680/236 1795/895/1795 2214/894/2214
f 233/1164/233 1113/1163/1113 2151/898/2151
f 1113/1163/1113 2371/896/2371 2151/898/2151
f 1243/4021/1243 2350/4020/2350 1964/899/1964
f 2350/4020/2350 2777/5683/2777 1964/899/1964
f 1964/899/1964 2676/5684/2676 3427/900/3427
f 2676/5684/2676 3164/2821/3164 3427/900/3427
f 3076/5685/3076 3796/4019/3796 843/901/843
f 843/901/843 1243/4021/1243 1964/899/1964
f 3427/900/3427 3076/5685/3076 843/901/843
f 1885/904/1885 3459/2375/3459 170/902/170
f 3459/2375/3459 472/2377/472 170/902/170
f 170/902/170 1230/2368/1230 4165/903/4165
f 1230/2368/1230 3493/2365/3493 182/5686/182
f 3493/2365/3493 4163/2373/4163 182/5686/182
f 4164/2372/4164 1582/2374/1582 1885/904/1885
f 1230/2368/1230 182/5686/182 4165/903/4165
f 4165/903/4165 4164/2372/4164 1885/904/1885
f 865/1257/865 864/1256/864 1146/5687/1146
f 4108/5688/4108 1860/5689/1860 1861/975/1861
f 865/1257/865 1146/5687/1146 2228/3563/2228
f 1146/5687/1146 4108/5688/4108 2228/3563/2228
f 905/4395/905 906/1258/906 1666/5690/1666
f 906/1258/906 865/1257/865 399/5691/399
f 1666/5690/1666 906/1258/906 3047/5692/3047
f 3047/5692/3047 1667/5693/1667 1666/5690/1666
f 3047/5692/3047 906/1258/906 399/5691/399
f 4108/5688/4108 1861/975/1861 2228/3563/2228
f 1861/975/1861 1173/977/1173 2228/3563/2228
f 1173/977/1173 1836/797/1836 2228/3563/2228
f 2393/796/2393 3597/5360/3597 2252/5694/2252
f 1836/797/1836 2393/796/2393 2228/3563/2228
f 2228/3563/2228 2393/796/2393 3783/5695/3783
f 2393/796/2393 2252/5694/2252 859/5696/859
f 859/5696/859 3783/5695/3783 2393/796/2393
f 3783/5695/3783 4117/5697/4117 186/4645/186
f 4117/5697/4117 185/659/185 186/4645/186
f 186/4645/186 1215/658/1215 3183/1851/3183
f 574/2079/574 1938/90/1938 1402/2080/1402
f 186/4645/186 3183/1851/3183 2228/3563/2228
f 3183/1851/3183 574/2079/574 2228/3563/2228
f 3783/5695/3783 186/4645/186 2228/3563/2228
f 1383/5698/1383 3048/5699/3048 3047/5692/3047
f 1402/2080/1402 1401/2078/1401 377/2077/377
f 574/2079/574 1402/2080/1402 2228/3563/2228
f 1383/5698/1383 3047/5692/3047 399/5691/399
f 865/1257/865 2228/3563/2228 2862/5700/2862
f 399/5691/399 865/1257/865 2862/5700/2862
f 399/5691/399 2669/5701/2669 1383/5698/1383
f 397/5702/397 398/5703/398 399/5691/399
f 2862/5700/2862 948/5704/948 397/5702/397
f 373/3565/373 2863/5705/2863 2862/5700/2862
f 3277/1449/3277 2630/1448/2630 2162/906/2162
f 2630/1448/2630 2228/3563/2228 2647/2076/2647
f 2228/3563/2228 373/3565/373 2862/5700/2862
f 2862/5700/2862 397/5702/397 399/5691/399
f 1402/2080/1402 377/2077/377 2228/3563/2228
f 377/2077/377 376/2072/376 2647/2076/2647
f 2529/2075/2529 1617/2074/1617 2530/2073/2530
f 377/2077/377 2647/2076/2647 2228/3563/2228
f 1036/5706/1036 3277/1449/3277 2567/5707/2567
f 2630/1448/2630 2647/2076/2647 2529/2075/2529
f 2630/1448/2630 2529/2075/2529 2162/906/2162
f 2567/5707/2567 3277/1449/3277 2162/906/2162
f 3923/5708/3923 1236/5709/1236 1479/905/1479
f 1236/5709/1236 2567/5707/2567 1479/905/1479
f 1479/905/1479 1480/5710/1480 3923/5708/3923
f 3271/5711/3271 3866/5712/3866 330/907/330
f 3866/5712/3866 1479/905/1479 330/907/330
f 1294/5713/1294 1163/5714/1163 3271/5711/3271
f 4115/1379/4115 1164/5715/1164 1390/1380/1390
f 1164/5715/1164 1294/5713/1294 330/907/330
f 1390/1380/1390 1164/5715/1164 330/907/330
f 1616/1000/1616 764/482/764 51/998/51
f 764/482/764 1390/1380/1390 51/998/51
f 1294/5713/1294 3271/5711/3271 330/907/330
f 1479/905/1479 2567/5707/2567 2162/906/2162
f 2530/2073/2530 1317/1842/1317 805/1400/805
f 2529/2075/2529 2530/2073/2530 704/1862/704
f 2162/906/2162 2529/2075/2529 704/1862/704
f 2530/2073/2530 805/1400/805 3067/1399/3067
f 2530/2073/2530 3067/1399/3067 704/1862/704
f 208/5716/208 3008/5717/3008 1797/5718/1797
f 51/998/51 1390/1380/1390 330/907/330
f 208/5716/208 1797/5718/1797 1436/962/1436
f 1797/5718/1797 51/998/51 1436/962/1436
f 1436/962/1436 4142/5719/4142 208/5716/208
f 1601/5465/1601 4055/5720/4055 483/815/483
f 4055/5720/4055 1436/962/1436 483/815/483
f 330/907/330 483/815/483 51/998/51
f 1465/1931/1465 3313/1929/3313 3577/1928/3577
f 483/815/483 1436/962/1436 51/998/51
f 1293/1927/1293 1465/1931/1465 3577/1928/3577
f 3144/1852/3144 1293/1927/1293 3577/1928/3577
f 3144/1852/3144 3577/1928/3577 2162/906/2162
f 3577/1928/3577 330/907/330 2162/906/2162
f 1728/910/1728 1729/139/1729 3535/908/3535
f 1729/139/1729 3983/1371/3983 3535/908/3535
f 3983/1371/3983 2692/1617/2692 3535/908/3535
f 3535/908/3535 831/5584/831 830/909/830
f 830/909/830 829/5587/829 1099/801/1099
f 1099/801/1099 701/803/701 830/909/830
f 701/803/701 4308/140/4308 1728/910/1728
f 701/803/701 1728/910/1728 830/909/830
f 2859/5721/2859 2494/2907/2494 2088/911/2088
f 2494/2907/2494 2512/912/2512 2088/911/2088
f 2013/913/2013 3508/3287/3508 434/5722/434
f 3508/3287/3508 3736/3285/3736 434/5722/434
f 3736/3285/3736 4242/5723/4242 434/5722/434
f 434/5722/434 2088/911/2088 2013/913/2013
f 580/914/580 3802/1331/3802 429/915/429
f 429/915/429 1347/5724/1347 4161/5725/4161
f 3628/916/3628 2759/5726/2759 3950/5727/3950
f 429/915/429 4161/5725/4161 3628/916/3628
f 3950/5727/3950 580/914/580 3628/916/3628
f 1486/5728/1486 3260/5729/3260 472/2377/472
f 3260/5729/3260 3404/4653/3404 2022/2370/2022
f 3404/4653/3404 2923/2369/2923 3397/2371/3397
f 2022/2370/2022 170/902/170 472/2377/472
f 3404/4653/3404 3397/2371/3397 2022/2370/2022
f 3260/5729/3260 2022/2370/2022 472/2377/472
f 472/2377/472 939/2376/939 3574/5730/3574
f 1486/5728/1486 472/2377/472 3574/5730/3574
f 939/2376/939 2377/2408/2377 1126/1229/1126
f 162/5731/162 1392/1228/1392 2104/842/2104
f 939/2376/939 1126/1229/1126 2044/5732/2044
f 1126/1229/1126 162/5731/162 125/5266/125
f 2044/5732/2044 1126/1229/1126 125/5266/125
f 4071/5733/4071 3352/5734/3352 3574/5730/3574
f 162/5731/162 2104/842/2104 2366/5599/2366
f 3574/5730/3574 939/2376/939 2864/5735/2864
f 2046/5736/2046 939/2376/939 2044/5732/2044
f 2864/5735/2864 4071/5733/4071 3574/5730/3574
f 2046/5736/2046 2864/5735/2864 939/2376/939
f 1035/5737/1035 2045/5738/2045 2044/5732/2044
f 2366/5599/2366 2367/841/2367 2312/2410/2312
f 1035/5737/1035 2044/5732/2044 1547/5265/1547
f 162/5731/162 2366/5599/2366 125/5266/125
f 2366/5599/2366 2312/2410/2312 2523/5739/2523
f 2523/5739/2523 666/5740/666 937/5741/937
f 2366/5599/2366 2523/5739/2523 125/5266/125
f 982/5742/982 1742/5743/1742 1035/5737/1035
f 2044/5732/2044 125/5266/125 1547/5265/1547
f 125/5266/125 2523/5739/2523 937/5741/937
f 937/5741/937 2156/924/2156 2155/5744/2155
f 3445/5745/3445 981/5746/981 982/5742/982
f 982/5742/982 1035/5737/1035 1547/5265/1547
f 2155/5744/2155 2158/923/2158 3497/5747/3497
f 707/5748/707 353/5749/353 3445/5745/3445
f 349/5750/349 706/5751/706 707/5748/707
f 1471/5752/1471 350/5753/350 1556/5754/1556
f 2582/5755/2582 1471/5752/1471 1556/5754/1556
f 870/5756/870 1470/5757/1470 2582/5755/2582
f 3669/5758/3669 2904/5759/2904 870/5756/870
f 2954/5760/2954 1642/5761/1642 3669/5758/3669
f 3495/5762/3495 775/5763/775 2463/5764/2463
f 775/5763/775 2954/5760/2954 2463/5764/2463
f 3669/5758/3669 870/5756/870 1556/5754/1556
f 870/5756/870 2582/5755/2582 1556/5754/1556
f 2463/5764/2463 2954/5760/2954 3669/5758/3669
f 1184/5765/1184 1968/5766/1968 4272/5767/4272
f 4272/5767/4272 2463/5764/2463 349/5750/349
f 2463/5764/2463 3669/5758/3669 349/5750/349
f 3669/5758/3669 1556/5754/1556 349/5750/349
f 4272/5767/4272 349/5750/349 1547/5265/1547
f 349/5750/349 707/5748/707 1547/5265/1547
f 3788/5768/3788 3823/5769/3823 1184/5765/1184
f 3788/5768/3788 1184/5765/1184 1555/5268/1555
f 1184/5765/1184 4272/5767/4272 1555/5268/1555
f 3788/5768/3788 1555/5268/1555 3772/4666/3772
f 3772/4666/3772 1687/5770/1687 3788/5768/3788
f 1496/4662/1496 460/4668/460 2254/919/2254
f 2254/919/2254 3772/4666/3772 1555/5268/1555
f 1497/4655/1497 1496/4662/1496 2254/919/2254
f 3740/5771/3740 462/5772/462 1553/5773/1553
f 462/5772/462 1312/4656/1312 1553/5773/1553
f 1312/4656/1312 1497/4655/1497 2254/919/2254
f 1555/5268/1555 4272/5767/4272 1547/5265/1547
f 707/5748/707 3445/5745/3445 1547/5265/1547
f 1312/4656/1312 2254/919/2254 1553/5773/1553
f 3860/5283/3860 4133/5286/4133 3691/918/3691
f 4133/5286/4133 1553/5773/1553 2254/919/2254
f 3445/5745/3445 982/5742/982 1547/5265/1547
f 937/5741/937 2155/5744/2155 125/5266/125
f 2155/5744/2155 3497/5747/3497 125/5266/125
f 3497/5747/3497 340/5774/340 1210/5264/1210
f 1210/5264/1210 540/5246/540 3497/5747/3497
f 540/5246/540 125/5266/125 3497/5747/3497
f 4133/5286/4133 2254/919/2254 3691/918/3691
f 3691/918/3691 1002/5775/1002 3860/5283/3860
f 1555/5268/1555 4207/917/4207 2254/919/2254
f 2026/5776/2026 2027/5777/2027 3705/1654/3705
f 3705/1654/3705 2385/5588/2385 2026/5776/2026
f 2385/5588/2385 2384/5590/2384 2026/5776/2026
f 2384/5590/2384 3335/5589/3335 1013/5591/1013
f 1013/5591/1013 2733/828/2733 784/5593/784
f 2733/828/2733 785/827/785 784/5593/784
f 784/5593/784 786/5592/786 2271/5778/2271
f 786/5592/786 2793/1821/2793 2271/5778/2271
f 2384/5590/2384 1013/5591/1013 2271/5778/2271
f 2026/5776/2026 2384/5590/2384 2271/5778/2271
f 1013/5591/1013 784/5593/784 2271/5778/2271
f 2793/1821/2793 3498/1820/3498 1335/922/1335
f 3498/1820/3498 3419/1823/3419 1335/922/1335
f 3419/1823/3419 234/1822/234 1840/1825/1840
f 1840/1825/1840 2642/1824/2642 2304/1827/2304
f 2304/1827/2304 3513/1826/3513 2248/1828/2248
f 2248/1828/2248 2076/1646/2076 2983/1680/2983
f 2983/1680/2983 2982/1647/2982 2436/1643/2436
f 2436/1643/2436 273/1660/273 2983/1680/2983
f 273/1660/273 964/1659/964 2983/1680/2983
f 964/1659/964 246/1658/246 2861/1657/2861
f 2861/1657/2861 787/1656/787 788/1655/788
f 2861/1657/2861 788/1655/788 2860/5779/2860
f 964/1659/964 2861/1657/2861 2860/5779/2860
f 2248/1828/2248 964/1659/964 2304/1827/2304
f 2248/1828/2248 2983/1680/2983 964/1659/964
f 1840/1825/1840 2304/1827/2304 3072/920/3072
f 3072/920/3072 2304/1827/2304 2860/5779/2860
f 3419/1823/3419 1840/1825/1840 3072/920/3072
f 2793/1821/2793 1335/922/1335 3958/5780/3958
f 1335/922/1335 3264/5781/3264 3958/5780/3958
f 3958/5780/3958 2271/5778/2271 2793/1821/2793
f 964/1659/964 2860/5779/2860 2304/1827/2304
f 1335/922/1335 3419/1823/3419 3072/920/3072
f 666/5740/666 2523/5739/2523 2312/2410/2312
f 2312/2410/2312 667/957/667 666/5740/666
f 667/957/667 736/956/736 735/5782/735
f 735/5782/735 2472/2416/2472 2156/924/2156
f 2472/2416/2472 2157/925/2157 2156/924/2156
f 667/957/667 735/5782/735 666/5740/666
f 2156/924/2156 937/5741/937 735/5782/735
f 937/5741/937 666/5740/666 735/5782/735
f 1134/2414/1134 1135/5259/1135 681/5261/681
f 681/5261/681 679/5260/679 680/5263/680
f 680/5263/680 1211/5262/1211 1210/5264/1210
f 340/5774/340 3497/5747/3497 2158/923/2158
f 680/5263/680 1210/5264/1210 340/5774/340
f 2157/925/2157 1134/2414/1134 340/5774/340
f 1134/2414/1134 681/5261/681 340/5774/340
f 681/5261/681 680/5263/680 340/5774/340
f 2158/923/2158 2155/5744/2155 2156/924/2156
f 340/5774/340 2158/923/2158 2157/925/2157
f 23/926/23 4058/2394/4058 24/927/24
f 2524/929/2524 1699/3983/1699 113/930/113
f 1454/932/1454 255/5783/255 1452/933/1452
f 4202/934/4202 1608/5784/1608 4080/935/4080
f 1476/5785/1476 3017/937/3017 1475/936/1475
f 3017/937/3017 3018/5362/3018 3835/938/3835
f 1179/941/1179 2859/1411/2859 4242/939/4242
f 4242/939/4242 3736/1418/3736 209/940/209
f 698/5786/698 3133/5787/3133 3132/5788/3132
f 3133/5787/3133 2159/5789/2159 59/5790/59
f 3900/942/3900 3901/5791/3901 2601/943/2601
f 3133/5787/3133 59/5790/59 3132/5788/3132
f 2159/5789/2159 3900/942/3900 59/5790/59
f 3838/944/3838 78/5792/78 3900/942/3900
f 78/5792/78 59/5790/59 3900/942/3900
f 4042/945/4042 2055/3817/2055 2102/946/2102
f 2265/948/2265 3586/3225/3586 3910/949/3910
f 278/5793/278 277/5794/277 62/5795/62
f 62/5795/62 61/5796/61 875/5797/875
f 875/5797/875 871/5798/871 872/5799/872
f 872/5799/872 2286/5800/2286 2732/5801/2732
f 2732/5801/2732 3261/5802/3261 3555/5803/3555
f 3555/5803/3555 630/5804/630 546/5805/546
f 546/5805/546 544/5806/544 545/5807/545
f 545/5807/545 2144/959/2144 3458/5808/3458
f 2144/959/2144 1048/5809/1048 3458/5808/3458
f 3555/5803/3555 546/5805/546 2732/5801/2732
f 546/5805/546 545/5807/545 2096/3397/2096
f 2732/5801/2732 546/5805/546 2096/3397/2096
f 875/5797/875 872/5799/872 2732/5801/2732
f 545/5807/545 3458/5808/3458 3457/5810/3457
f 3457/5810/3457 1552/5085/1552 869/3398/869
f 1552/5085/1552 2631/5083/2631 2684/3384/2684
f 977/3392/977 1552/5085/1552 1706/3388/1706
f 2631/5083/2631 970/5082/970 45/1413/45
f 45/1413/45 2148/1412/2148 2488/3376/2488
f 2148/1412/2148 2682/3377/2682 2488/3376/2488
f 2488/3376/2488 852/3375/852 452/3380/452
f 545/5807/545 3457/5810/3457 2096/3397/2096
f 1552/5085/1552 977/3392/977 3616/3394/3616
f 869/3398/869 1552/5085/1552 3263/3396/3263
f 2631/5083/2631 45/1413/45 2488/3376/2488
f 452/3380/452 243/3379/243 244/3382/244
f 2631/5083/2631 2488/3376/2488 452/3380/452
f 278/5793/278 62/5795/62 2603/5811/2603
f 62/5795/62 875/5797/875 2603/5811/2603
f 875/5797/875 2732/5801/2732 669/3462/669
f 3457/5810/3457 869/3398/869 2096/3397/2096
f 2631/5083/2631 452/3380/452 244/3382/244
f 244/3382/244 1404/3381/1404 2684/3384/2684
f 2684/3384/2684 816/3383/816 2176/3386/2176
f 2176/3386/2176 943/3385/943 1706/3388/1706
f 1706/3388/1706 1733/3387/1733 994/3390/994
f 994/3390/994 978/3389/978 977/3392/977
f 977/3392/977 3225/3391/3225 3616/3394/3616
f 3616/3394/3616 2895/3393/2895 3263/3396/3263
f 3263/3396/3263 169/3395/169 869/3398/869
f 3616/3394/3616 3263/3396/3263 1552/5085/1552
f 1706/3388/1706 994/3390/994 977/3392/977
f 2684/3384/2684 2176/3386/2176 1706/3388/1706
f 2631/5083/2631 244/3382/244 2684/3384/2684
f 1552/5085/1552 2684/3384/2684 1706/3388/1706
f 2732/5801/2732 2096/3397/2096 669/3462/669
f 2603/5811/2603 279/5812/279 278/5793/278
f 810/3463/810 875/5797/875 669/3462/669
f 1596/3400/1596 1597/3399/1597 65/3402/65
f 875/5797/875 810/3463/810 2603/5811/2603
f 2096/3397/2096 1596/3400/1596 2401/3454/2401
f 2922/5813/2922 2643/5814/2643 2603/5811/2603
f 65/3402/65 836/3401/836 2258/3404/2258
f 2922/5813/2922 2603/5811/2603 810/3463/810
f 628/5815/628 3795/5816/3795 2922/5813/2922
f 4135/5817/4135 1857/5818/1857 628/5815/628
f 189/854/189 188/5607/188 3033/5819/3033
f 3033/5819/3033 4135/5817/4135 189/854/189
f 4135/5817/4135 628/5815/628 189/854/189
f 628/5815/628 2922/5813/2922 189/854/189
f 189/854/189 2922/5813/2922 810/3463/810
f 1319/855/1319 189/854/189 2934/950/2934
f 3695/5820/3695 3086/5821/3086 1319/855/1319
f 2852/5822/2852 150/5823/150 149/5824/149
f 149/5824/149 3695/5820/3695 2934/950/2934
f 3695/5820/3695 1319/855/1319 2934/950/2934
f 189/854/189 810/3463/810 2934/950/2934
f 2852/5822/2852 149/5824/149 2934/950/2934
f 1596/3400/1596 65/3402/65 807/3451/807
f 1620/3649/1620 561/405/561 3826/3653/3826
f 3826/3653/3826 2852/5822/2852 1568/3469/1568
f 669/3462/669 2096/3397/2096 2127/3460/2127
f 2258/3404/2258 94/3403/94 3030/3405/3030
f 1620/3649/1620 3826/3653/3826 971/3471/971
f 65/3402/65 2258/3404/2258 806/3452/806
f 2258/3404/2258 3030/3405/3030 806/3452/806
f 65/3402/65 806/3452/806 807/3451/807
f 807/3451/807 2402/3450/2402 2401/3454/2401
f 2401/3454/2401 1356/3453/1356 1007/3456/1007
f 1007/3456/1007 2417/3455/2417 2416/3458/2416
f 2416/3458/2416 2128/3457/2128 2127/3460/2127
f 2127/3460/2127 2129/3459/2129 669/3462/669
f 669/3462/669 811/3461/811 810/3463/810
f 2934/950/2934 618/3464/618 1072/951/1072
f 618/3464/618 1073/3465/1073 1072/951/1072
f 1072/951/1072 8/3466/8 1150/952/1150
f 1150/952/1150 2776/3467/2776 1568/3469/1568
f 1568/3469/1568 972/3468/972 971/3471/971
f 971/3471/971 83/3470/83 84/3473/84
f 84/3473/84 2105/3472/2105 3134/3475/3134
f 3134/3475/3134 2320/3474/2320 2301/3477/2301
f 2301/3477/2301 3414/3476/3414 147/406/147
f 147/406/147 1620/3649/1620 971/3471/971
f 2852/5822/2852 2934/950/2934 1568/3469/1568
f 807/3451/807 2401/3454/2401 1596/3400/1596
f 2401/3454/2401 1007/3456/1007 2096/3397/2096
f 1007/3456/1007 2416/3458/2416 2096/3397/2096
f 3134/3475/3134 2301/3477/2301 147/406/147
f 84/3473/84 3134/3475/3134 147/406/147
f 2416/3458/2416 2127/3460/2127 2096/3397/2096
f 971/3471/971 84/3473/84 147/406/147
f 1568/3469/1568 971/3471/971 3826/3653/3826
f 1150/952/1150 1568/3469/1568 2934/950/2934
f 1147/953/1147 2569/3658/2569 1487/954/1487
f 667/957/667 1140/132/1140 1139/958/1139
f 1139/958/1139 1138/2413/1138 736/956/736
f 1138/2413/1138 2472/2416/2472 736/956/736
f 2472/2416/2472 735/5782/735 736/956/736
f 1229/5086/1229 1523/5084/1523 2728/5825/2728
f 1523/5084/1523 1552/5085/1552 2144/959/2144
f 2728/5825/2728 1523/5084/1523 447/5826/447
f 1552/5085/1552 3457/5810/3457 1048/5809/1048
f 3457/5810/3457 3458/5808/3458 1048/5809/1048
f 2727/5827/2727 30/5088/30 29/5828/29
f 30/5088/30 1229/5086/1229 29/5828/29
f 1552/5085/1552 1048/5809/1048 2144/959/2144
f 2144/959/2144 545/5807/545 544/5806/544
f 544/5806/544 546/5805/546 630/5804/630
f 630/5804/630 3555/5803/3555 3261/5802/3261
f 3261/5802/3261 2732/5801/2732 2286/5800/2286
f 2286/5800/2286 872/5799/872 871/5798/871
f 871/5798/871 875/5797/875 61/5796/61
f 61/5796/61 62/5795/62 277/5794/277
f 277/5794/277 278/5793/278 279/5812/279
f 279/5812/279 2603/5811/2603 2643/5814/2643
f 2643/5814/2643 2922/5813/2922 3795/5816/3795
f 3795/5816/3795 628/5815/628 1857/5818/1857
f 1857/5818/1857 4135/5817/4135 387/5829/387
f 3915/5830/3915 2819/5831/2819 4193/5832/4193
f 1857/5818/1857 387/5829/387 3915/5830/3915
f 279/5812/279 2643/5814/2643 4193/5832/4193
f 2643/5814/2643 3795/5816/3795 4193/5832/4193
f 3795/5816/3795 1857/5818/1857 3915/5830/3915
f 4193/5832/4193 3318/5833/3318 1791/5834/1791
f 3795/5816/3795 3915/5830/3915 4193/5832/4193
f 1791/5834/1791 2840/5835/2840 2996/5836/2996
f 279/5812/279 4193/5832/4193 1612/5114/1612
f 4193/5832/4193 1791/5834/1791 1612/5114/1612
f 277/5794/277 279/5812/279 550/5837/550
f 1612/5114/1612 1791/5834/1791 2996/5836/2996
f 2996/5836/2996 4185/5838/4185 743/1330/743
f 2286/5800/2286 871/5798/871 3934/5839/3934
f 871/5798/871 61/5796/61 2806/5840/2806
f 1273/5841/1273 871/5798/871 2806/5840/2806
f 61/5796/61 277/5794/277 550/5837/550
f 279/5812/279 1612/5114/1612 550/5837/550
f 2996/5836/2996 743/1330/743 1612/5114/1612
f 1612/5114/1612 1670/5113/1670 550/5837/550
f 2806/5840/2806 1026/5842/1026 1273/5841/1273
f 550/5837/550 2806/5840/2806 61/5796/61
f 3261/5802/3261 2286/5800/2286 3934/5839/3934
f 871/5798/871 1273/5841/1273 3934/5839/3934
f 2144/959/2144 544/5806/544 3687/960/3687
f 544/5806/544 630/5804/630 3687/960/3687
f 630/5804/630 3261/5802/3261 3934/5839/3934
f 1273/5841/1273 1077/5843/1077 3934/5839/3934
f 2728/5825/2728 29/5828/29 1229/5086/1229
f 447/5826/447 1523/5084/1523 2144/959/2144
f 630/5804/630 3934/5839/3934 3687/960/3687
f 3687/960/3687 1847/5844/1847 3602/5845/3602
f 3876/961/3876 447/5826/447 2144/959/2144
f 3687/960/3687 3602/5845/3602 3876/961/3876
f 4055/5720/4055 712/5846/712 703/963/703
f 703/963/703 4016/5847/4016 4147/5848/4147
f 4147/5848/4147 3650/5849/3650 3316/5850/3316
f 3316/5850/3316 3637/5851/3637 3036/964/3036
f 3036/964/3036 3034/5852/3034 3035/5853/3035
f 3035/5853/3035 1299/5854/1299 4137/5855/4137
f 1299/5854/1299 2729/5856/2729 4137/5855/4137
f 4137/5855/4137 4142/5719/4142 1436/962/1436
f 4147/5848/4147 3316/5850/3316 703/963/703
f 3316/5850/3316 3036/964/3036 703/963/703
f 3036/964/3036 3035/5853/3035 4137/5855/4137
f 4137/5855/4137 1436/962/1436 3036/964/3036
f 1436/962/1436 4055/5720/4055 703/963/703
f 3448/835/3448 3447/5857/3447 1534/965/1534
f 29/967/29 2728/5858/2728 447/968/447
f 4154/970/4154 3174/5859/3174 4153/971/4153
f 3121/493/3121 3295/495/3295 4038/5860/4038
f 3295/495/3295 2331/974/2331 509/973/509
f 2331/974/2331 1377/5861/1377 3551/216/3551
f 1377/5861/1377 3568/5862/3568 3551/216/3551
f 3568/5862/3568 4318/5863/4318 3551/216/3551
f 3551/216/3551 510/218/510 2331/974/2331
f 510/218/510 511/5864/511 509/973/509
f 509/973/509 4038/5860/4038 3295/495/3295
f 1861/975/1861 1860/5689/1860 3771/976/3771
f 515/258/515 3192/1914/3192 2842/978/2842
f 3511/510/3511 3512/5865/3512 3509/980/3509
f 1455/5866/1455 445/5867/445 528/5868/528
f 445/5867/445 444/5869/444 4265/5870/4265
f 528/5868/528 445/5867/445 4266/5871/4266
f 444/5869/444 331/5872/331 2449/5873/2449
f 331/5872/331 1029/5874/1029 2449/5873/2449
f 1029/5874/1029 1621/5875/1621 2449/5873/2449
f 2449/5873/2449 2450/5876/2450 2448/5877/2448
f 2449/5873/2449 2448/5877/2448 444/5869/444
f 2448/5877/2448 4265/5870/4265 444/5869/444
f 2261/5878/2261 3679/5879/3679 528/5868/528
f 2261/5878/2261 528/5868/528 678/5880/678
f 445/5867/445 4265/5870/4265 4266/5871/4266
f 4266/5871/4266 676/5881/676 678/5880/678
f 528/5868/528 4266/5871/4266 678/5880/678
f 4051/5882/4051 2261/5878/2261 1067/1831/1067
f 2261/5878/2261 678/5880/678 2762/5883/2762
f 3093/5884/3093 2261/5878/2261 2762/5883/2762
f 3482/5885/3482 4051/5882/4051 3121/5886/3121
f 2261/5878/2261 3093/5884/3093 1067/1831/1067
f 407/5887/407 129/5888/129 3482/5885/3482
f 1897/5889/1897 128/5890/128 407/5887/407
f 3395/5891/3395 268/5892/268 2295/5893/2295
f 268/5892/268 2296/5894/2296 2295/5893/2295
f 2296/5894/2296 1897/5889/1897 407/5887/407
f 2296/5894/2296 407/5887/407 510/5895/510
f 407/5887/407 3482/5885/3482 511/5896/511
f 510/5895/510 3865/5897/3865 2295/5893/2295
f 4038/5898/4038 509/5899/509 511/5896/511
f 511/5896/511 510/5895/510 407/5887/407
f 510/5895/510 2295/5893/2295 2296/5894/2296
f 3121/5886/3121 4038/5898/4038 511/5896/511
f 1922/5900/1922 3295/5901/3295 2388/5902/2388
f 3121/5886/3121 511/5896/511 3482/5885/3482
f 4051/5882/4051 1067/1831/1067 3121/5886/3121
f 678/5880/678 677/5903/677 2762/5883/2762
f 3403/5904/3403 1307/5905/1307 3938/5906/3938
f 3938/5906/3938 1306/3245/1306 2987/3244/2987
f 2987/3244/2987 2646/3243/2646 3938/5906/3938
f 2646/3243/2646 2645/5907/2645 3938/5906/3938
f 2762/5883/2762 2763/5908/2763 1350/5909/1350
f 3938/5906/3938 2645/5907/2645 3403/5904/3403
f 2645/5907/2645 2762/5883/2762 677/5903/677
f 3403/5904/3403 2645/5907/2645 677/5903/677
f 1350/5909/1350 2634/3235/2634 894/3234/894
f 2762/5883/2762 1350/5909/1350 3093/5884/3093
f 1350/5909/1350 894/3234/894 1347/478/1347
f 3093/5884/3093 1350/5909/1350 1347/478/1347
f 2388/5902/2388 3121/5886/3121 1067/1831/1067
f 2499/3233/2499 3180/4182/3180 884/4187/884
f 3180/4182/3180 936/4185/936 2719/4188/2719
f 884/4187/884 3180/4182/3180 2719/4188/2719
f 884/4187/884 1347/478/1347 894/3234/894
f 1347/478/1347 429/5910/429 3093/5884/3093
f 3093/5884/3093 3802/5911/3802 2510/5912/2510
f 894/3234/894 2499/3233/2499 884/4187/884
f 3093/5884/3093 2510/5912/2510 1067/1831/1067
f 2510/5912/2510 2091/5913/2091 1067/1831/1067
f 2091/5913/2091 3773/5914/3773 1067/1831/1067
f 3773/5914/3773 3774/5915/3774 1168/5916/1168
f 1168/5916/1168 1169/5917/1169 3985/5918/3985
f 1169/5917/1169 3070/5919/3070 3985/5918/3985
f 3985/5918/3985 1062/5920/1062 1067/1831/1067
f 1062/5920/1062 2502/27/2502 1067/1831/1067
f 3773/5914/3773 1168/5916/1168 1067/1831/1067
f 1168/5916/1168 3985/5918/3985 1067/1831/1067
f 2502/27/2502 1969/1832/1969 1067/1831/1067
f 1067/1831/1067 1970/26/1970 2388/5902/2388
f 1970/26/1970 3326/1830/3326 1517/5921/1517
f 2388/5902/2388 1517/5921/1517 873/5922/873
f 1517/5921/1517 2388/5902/2388 1970/26/1970
f 3326/1830/3326 1874/5923/1874 3381/5924/3381
f 1922/5900/1922 2388/5902/2388 873/5922/873
f 1874/5923/1874 2322/5925/2322 3054/5926/3054
f 3054/5926/3054 3084/5927/3084 1902/5928/1902
f 3084/5927/3084 1903/5929/1903 1902/5928/1902
f 1874/5923/1874 3054/5926/3054 3381/5924/3381
f 1517/5921/1517 3326/1830/3326 3381/5924/3381
f 1902/5928/1902 1516/5930/1516 4177/5931/4177
f 2942/5932/2942 1720/5933/1720 1721/5934/1721
f 1902/5928/1902 4177/5931/4177 2942/5932/2942
f 3815/5935/3815 1922/5900/1922 3979/5936/3979
f 2029/5937/2029 2030/5938/2030 3815/5935/3815
f 1377/5939/1377 2331/5940/2331 2029/5937/2029
f 2725/5941/2725 3568/5942/3568 1892/5943/1892
f 3568/5942/3568 1377/5939/1377 1892/5943/1892
f 1182/5944/1182 71/5945/71 1892/5943/1892
f 1377/5939/1377 2029/5937/2029 2407/5946/2407
f 2029/5937/2029 3815/5935/3815 2407/5946/2407
f 3054/5926/3054 1902/5928/1902 2942/5932/2942
f 1721/5934/1721 111/5947/111 3381/5924/3381
f 3054/5926/3054 2942/5932/2942 1721/5934/1721
f 1182/5944/1182 1892/5943/1892 2101/5948/2101
f 1892/5943/1892 1377/5939/1377 2407/5946/2407
f 2101/5948/2101 1892/5943/1892 2407/5946/2407
f 1181/5949/1181 4073/5950/4073 1182/5944/1182
f 488/5951/488 646/5952/646 647/5953/647
f 1181/5949/1181 1182/5944/1182 741/5954/741
f 488/5951/488 647/5953/647 489/5955/489
f 647/5953/647 1181/5949/1181 489/5955/489
f 3821/5956/3821 3822/5957/3822 3522/5958/3522
f 3822/5957/3822 488/5951/488 3522/5958/3522
f 489/5955/489 1505/5959/1505 488/5951/488
f 1505/5959/1505 3522/5958/3522 488/5951/488
f 1182/5944/1182 2101/5948/2101 741/5954/741
f 3054/5926/3054 1721/5934/1721 3381/5924/3381
f 3381/5924/3381 161/5960/161 1517/5921/1517
f 873/5922/873 2311/5961/2311 1245/5962/1245
f 1922/5900/1922 873/5922/873 3103/5963/3103
f 741/5954/741 489/5955/489 1181/5949/1181
f 895/5964/895 1474/5965/1474 2407/5946/2407
f 1922/5900/1922 3103/5963/3103 3979/5936/3979
f 3103/5963/3103 873/5922/873 1245/5962/1245
f 895/5964/895 3815/5935/3815 1709/5966/1709
f 1709/5966/1709 3150/5967/3150 895/5964/895
f 895/5964/895 2407/5946/2407 3815/5935/3815
f 1245/5962/1245 1365/5968/1365 3170/5969/3170
f 1365/5968/1365 2242/5970/2242 4086/5971/4086
f 4086/5971/4086 413/5972/413 1304/5973/1304
f 1304/5973/1304 3143/5974/3143 1965/5975/1965
f 1965/5975/1965 1966/5976/1966 3613/5977/3613
f 3613/5977/3613 2657/5978/2657 1965/5975/1965
f 2657/5978/2657 2382/5979/2382 1965/5975/1965
f 2382/5979/2382 1949/5980/1949 1502/5981/1502
f 1502/5981/1502 3169/5982/3169 3170/5969/3170
f 3170/5969/3170 1518/5983/1518 3847/5984/3847
f 3847/5984/3847 4288/5985/4288 1641/5986/1641
f 1142/5987/1142 1251/5988/1251 1185/5989/1185
f 3170/5969/3170 3847/5984/3847 1245/5962/1245
f 3847/5984/3847 1641/5986/1641 837/5990/837
f 2382/5979/2382 1502/5981/1502 4086/5971/4086
f 1502/5981/1502 3170/5969/3170 1365/5968/1365
f 4086/5971/4086 1502/5981/1502 1365/5968/1365
f 4086/5971/4086 1304/5973/1304 2382/5979/2382
f 1304/5973/1304 1965/5975/1965 2382/5979/2382
f 3103/5963/3103 1245/5962/1245 837/5990/837
f 3979/5936/3979 3024/5991/3024 1709/5966/1709
f 3103/5963/3103 2628/5992/2628 3979/5936/3979
f 3979/5936/3979 1709/5966/1709 3815/5935/3815
f 837/5990/837 1245/5962/1245 3847/5984/3847
f 1641/5986/1641 1142/5987/1142 837/5990/837
f 4247/5993/4247 1142/5987/1142 4246/5994/4246
f 4247/5993/4247 837/5990/837 1142/5987/1142
f 3191/5995/3191 1822/5996/1822 4246/5994/4246
f 260/5997/260 3810/5998/3810 3191/5995/3191
f 3191/5995/3191 4246/5994/4246 1602/5999/1602
f 4246/5994/4246 1142/5987/1142 1185/5989/1185
f 4246/5994/4246 1185/5989/1185 1602/5999/1602
f 1602/5999/1602 260/5997/260 3191/5995/3191
f 2687/6000/2687 117/6001/117 1602/5999/1602
f 3848/6002/3848 3617/6003/3617 2687/6000/2687
f 4258/983/4258 284/6004/284 2356/6005/2356
f 2356/6005/2356 3848/6002/3848 2687/6000/2687
f 2356/6005/2356 2687/6000/2687 944/6006/944
f 2687/6000/2687 1602/5999/1602 1185/5989/1185
f 944/6006/944 2687/6000/2687 1185/5989/1185
f 3651/6007/3651 4227/6008/4227 4258/983/4258
f 4258/983/4258 2356/6005/2356 1409/984/1409
f 1409/984/1409 2356/6005/2356 944/6006/944
f 944/6006/944 4052/6009/4052 1409/984/1409
f 1409/984/1409 4130/6010/4130 3064/982/3064
f 3064/982/3064 3119/6011/3119 3651/6007/3651
f 3651/6007/3651 4258/983/4258 3064/982/3064
f 3435/6012/3435 1946/6013/1946 2198/2316/2198
f 1946/6013/1946 2199/2317/2199 2198/2316/2198
f 2198/2316/2198 2527/2777/2527 3435/6012/3435
f 3435/6012/3435 2527/2777/2527 3743/6014/3743
f 3743/6014/3743 1488/6015/1488 2754/6016/2754
f 3435/6012/3435 3743/6014/3743 2754/6016/2754
f 2605/6017/2605 746/6018/746 2604/6019/2604
f 2604/6019/2604 3435/6012/3435 2754/6016/2754
f 2604/6019/2604 2754/6016/2754 514/6020/514
f 4305/6021/4305 2605/6017/2605 427/6022/427
f 2605/6017/2605 2604/6019/2604 427/6022/427
f 264/6023/264 3279/6024/3279 427/6022/427
f 427/6022/427 2604/6019/2604 264/6023/264
f 2604/6019/2604 514/6020/514 2721/6025/2721
f 264/6023/264 2604/6019/2604 3094/6026/3094
f 2338/400/2338 2339/6027/2339 264/6023/264
f 3094/6026/3094 3624/401/3624 264/6023/264
f 1254/6028/1254 3867/6029/3867 3726/2779/3726
f 2338/400/2338 264/6023/264 3624/401/3624
f 3624/401/3624 3094/6026/3094 4096/6030/4096
f 1254/6028/1254 3726/2779/3726 265/2778/265
f 3624/401/3624 4096/6030/4096 1634/3558/1634
f 903/3557/903 3624/401/3624 1634/3558/1634
f 2249/3555/2249 1635/3554/1635 1634/3558/1634
f 514/6020/514 1254/6028/1254 2031/6031/2031
f 2034/3553/2034 2035/3552/2035 988/2292/988
f 2035/3552/2035 2249/3555/2249 3523/2296/3523
f 988/2292/988 2035/3552/2035 989/2294/989
f 3094/6026/3094 2604/6019/2604 2721/6025/2721
f 1254/6028/1254 265/2778/265 2489/2312/2489
f 265/2778/265 587/208/587 2489/2312/2489
f 2489/2312/2489 2457/2311/2457 1254/6028/1254
f 2457/2311/2457 2031/6031/2031 1254/6028/1254
f 2031/6031/2031 2722/6032/2722 2721/6025/2721
f 3094/6026/3094 3371/6033/3371 4096/6030/4096
f 2031/6031/2031 2721/6025/2721 514/6020/514
f 530/3551/530 532/3550/532 2034/3553/2034
f 232/3542/232 531/3543/531 231/3544/231
f 531/3543/531 530/3551/530 231/3544/231
f 530/3551/530 2034/3553/2034 231/3544/231
f 231/3544/231 2034/3553/2034 988/2292/988
f 80/986/80 562/3540/562 2493/987/2493
f 2493/987/2493 231/3544/231 2390/985/2390
f 4113/6034/4113 1222/6035/1222 2361/2298/2361
f 1634/3558/1634 4096/6030/4096 4113/6034/4113
f 2249/3555/2249 1634/3558/1634 4113/6034/4113
f 4113/6034/4113 2361/2298/2361 2249/3555/2249
f 2361/2298/2361 3523/2296/3523 2249/3555/2249
f 3523/2296/3523 989/2294/989 2035/3552/2035
f 2390/985/2390 3236/2291/3236 835/2290/835
f 2390/985/2390 835/2290/835 1283/3535/1283
f 1283/3535/1283 1284/3538/1284 1096/3537/1096
f 1096/3537/1096 1343/3536/1343 80/986/80
f 2390/985/2390 1283/3535/1283 1096/3537/1096
f 2390/985/2390 1096/3537/1096 80/986/80
f 231/3544/231 988/2292/988 2390/985/2390
f 4074/988/4074 4073/6036/4073 1181/51/1181
f 2615/990/2615 1618/1621/1618 975/991/975
f 3558/6037/3558 2618/995/2618 2108/994/2108
f 2618/995/2618 3533/6038/3533 4234/6039/4234
f 3751/993/3751 2618/995/2618 4314/6040/4314
f 3533/6038/3533 17/6041/17 4234/6039/4234
f 4234/6039/4234 4314/6040/4314 2618/995/2618
f 2108/994/2108 2107/6042/2107 3558/6037/3558
f 1344/996/1344 1419/3527/1419 3496/362/3496
f 51/998/51 1797/5718/1797 2765/999/2765
f 3109/1001/3109 3108/6043/3108 3859/1002/3859
f 2429/1004/2429 2979/2395/2979 2428/1005/2428
f 1983/1007/1983 936/4185/936 2423/1008/2423
f 4171/6044/4171 4019/6045/4019 178/6046/178
f 178/6046/178 2016/335/2016 3014/6047/3014
f 4171/6044/4171 178/6046/178 2657/6048/2657
f 178/6046/178 3014/6047/3014 3651/6049/3651
f 2657/6048/2657 178/6046/178 1949/6050/1949
f 276/6051/276 2058/6052/2058 4171/6044/4171
f 664/6053/664 2161/6054/2161 1259/6055/1259
f 1259/6055/1259 276/6051/276 4171/6044/4171
f 1259/6055/1259 4171/6044/4171 2657/6048/2657
f 1204/6056/1204 2160/6057/2160 664/6053/664
f 664/6053/664 1259/6055/1259 3613/6058/3613
f 1259/6055/1259 2657/6048/2657 3613/6058/3613
f 3014/6047/3014 3851/6059/3851 3651/6049/3651
f 1286/6060/1286 1205/6061/1205 1204/6056/1204
f 1204/6056/1204 664/6053/664 3613/6058/3613
f 1949/6050/1949 178/6046/178 3651/6049/3651
f 1286/6060/1286 1204/6056/1204 3613/6058/3613
f 2235/6062/2235 3452/6063/3452 1286/6060/1286
f 1516/6064/1516 1443/6065/1443 2235/6062/2235
f 1720/6066/1720 2942/6067/2942 4177/6068/4177
f 4177/6068/4177 1516/6064/1516 2235/6062/2235
f 2235/6062/2235 1286/6060/1286 4177/6068/4177
f 4177/6068/4177 1286/6060/1286 1966/6069/1966
f 111/6070/111 1721/6071/1721 1720/6066/1720
f 2015/336/2015 3195/6072/3195 2680/6073/2680
f 4235/6074/4235 3972/6075/3972 809/6076/809
f 2015/336/2015 2680/6073/2680 4235/6074/4235
f 1704/337/1704 2015/336/2015 4235/6074/4235
f 809/6076/809 3912/6077/3912 2772/6078/2772
f 1704/337/1704 4235/6074/4235 3851/6059/3851
f 4235/6074/4235 809/6076/809 4227/6079/4227
f 3851/6059/3851 4235/6074/4235 4227/6079/4227
f 2772/6078/2772 3580/6080/3580 3543/6081/3543
f 3580/6080/3580 1917/6082/1917 3543/6081/3543
f 809/6076/809 2772/6078/2772 284/6083/284
f 111/6070/111 1720/6066/1720 1966/6069/1966
f 1720/6066/1720 4177/6068/4177 1966/6069/1966
f 161/6084/161 3381/6085/3381 111/6070/111
f 873/6086/873 1517/6087/1517 2311/6088/2311
f 1517/6087/1517 161/6084/161 2311/6088/2311
f 1365/6089/1365 1245/6090/1245 2242/6091/2242
f 1245/6090/1245 2311/6088/2311 2242/6091/2242
f 161/6084/161 111/6070/111 1966/6069/1966
f 809/6076/809 284/6083/284 4227/6079/4227
f 3543/6081/3543 3385/6092/3385 3848/6093/3848
f 3385/6092/3385 1727/6094/1727 3848/6093/3848
f 2772/6078/2772 3543/6081/3543 284/6083/284
f 2311/6088/2311 161/6084/161 2242/6091/2242
f 2242/6091/2242 161/6084/161 413/6095/413
f 413/6095/413 4086/6096/4086 2242/6091/2242
f 3143/6097/3143 1304/6098/1304 413/6095/413
f 1966/6069/1966 1965/6099/1965 3143/6097/3143
f 3143/6097/3143 413/6095/413 161/6084/161
f 3143/6097/3143 161/6084/161 1966/6069/1966
f 284/6083/284 3543/6081/3543 3848/6093/3848
f 3848/6093/3848 2356/6100/2356 284/6083/284
f 284/6083/284 4258/6101/4258 4227/6079/4227
f 3613/6058/3613 1966/6069/1966 1286/6060/1286
f 1949/6050/1949 2382/6102/2382 2657/6048/2657
f 3851/6059/3851 4227/6079/4227 3651/6049/3651
f 3119/6103/3119 3064/6104/3064 4130/6105/4130
f 3651/6049/3651 3119/6103/3119 3169/6106/3169
f 1949/6050/1949 3651/6049/3651 3169/6106/3169
f 3169/6106/3169 1502/6107/1502 1949/6050/1949
f 4130/6105/4130 1409/6108/1409 4052/1010/4052
f 3119/6103/3119 4130/6105/4130 1518/6109/1518
f 3169/6106/3169 3119/6103/3119 1518/6109/1518
f 1518/6109/1518 3170/6110/3170 3169/6106/3169
f 4052/1010/4052 944/6111/944 1251/1011/1251
f 944/6111/944 1185/6112/1185 1251/1011/1251
f 4130/6105/4130 4052/1010/4052 1518/6109/1518
f 4288/1012/4288 3847/6113/3847 1518/6109/1518
f 1251/1011/1251 1142/6114/1142 1641/6115/1641
f 4288/1012/4288 1518/6109/1518 4052/1010/4052
f 1251/1011/1251 1641/6115/1641 4288/1012/4288
f 2295/6116/2295 3865/217/3865 3395/1015/3395
f 3865/217/3865 4176/1013/4176 3395/1015/3395
f 2439/6117/2439 3954/6118/3954 4128/6119/4128
f 3954/6118/3954 3227/6120/3227 4128/6119/4128
f 4128/6119/4128 2504/6121/2504 1762/6122/1762
f 3882/6123/3882 3881/6124/3881 2439/6117/2439
f 2439/6117/2439 4128/6119/4128 3622/6125/3622
f 4128/6119/4128 1762/6122/1762 4099/6126/4099
f 1762/6122/1762 2632/6127/2632 148/6128/148
f 1762/6122/1762 148/6128/148 4099/6126/4099
f 4128/6119/4128 4099/6126/4099 3622/6125/3622
f 3622/6125/3622 4099/6126/4099 4100/6129/4100
f 4100/6129/4100 3560/6130/3560 3561/6131/3561
f 4100/6129/4100 3561/6131/3561 3562/6132/3562
f 3562/6132/3562 3554/6133/3554 3622/6125/3622
f 351/6134/351 3582/6135/3582 3583/6136/3583
f 4100/6129/4100 3562/6132/3562 3622/6125/3622
f 351/6134/351 3583/6136/3583 352/6137/352
f 2439/6117/2439 3622/6125/3622 351/6134/351
f 3882/6123/3882 2439/6117/2439 2563/6138/2563
f 2439/6117/2439 351/6134/351 352/6137/352
f 352/6137/352 2563/6138/2563 2439/6117/2439
f 2563/6138/2563 2299/6139/2299 3882/6123/3882
f 2299/6139/2299 2298/6140/2298 838/6141/838
f 2298/6140/2298 3095/6142/3095 838/6141/838
f 838/6141/838 3483/6143/3483 1864/1017/1864
f 3880/6144/3880 3882/6123/3882 2299/6139/2299
f 1049/1016/1049 365/6145/365 1864/1017/1864
f 365/6145/365 2253/6146/2253 2299/6139/2299
f 2253/6146/2253 3880/6144/3880 2299/6139/2299
f 2299/6139/2299 838/6141/838 365/6145/365
f 838/6141/838 1864/1017/1864 365/6145/365
f 1864/1017/1864 1780/6147/1780 969/1018/969
f 969/1018/969 1050/6148/1050 1049/1016/1049
f 1334/1021/1334 779/199/779 3377/4206/3377
f 3377/4206/3377 2409/1019/2409 1334/1021/1334
f 1506/1024/1506 2663/6149/2663 1563/1022/1563
f 2663/6149/2663 575/6150/575 1563/1022/1563
f 3603/6151/3603 3604/6152/3604 2040/1027/2040
f 3604/6152/3604 2456/1025/2456 2040/1027/2040
f 1879/1028/1879 1878/6153/1878 4186/1029/4186
f 604/205/604 2425/2491/2425 983/1031/983
f 983/1031/983 3265/6154/3265 2240/1032/2240
f 2240/1032/2240 605/6155/605 604/205/604
f 1036/6156/1036 2567/6157/2567 3221/5491/3221
f 2567/6157/2567 1236/6158/1236 3221/5491/3221
f 3745/5505/3745 2441/6159/2441 4203/1035/4203
f 2575/6160/2575 2443/449/2443 3065/5497/3065
f 3923/5506/3923 3745/5505/3745 4219/1034/4219
f 3745/5505/3745 4203/1035/4203 4219/1034/4219
f 2575/6160/2575 3065/5497/3065 2639/5501/2639
f 3347/5489/3347 3277/6161/3277 1036/6156/1036
f 1809/5493/1809 1808/5492/1808 3221/5491/3221
f 3221/5491/3221 3347/5489/3347 1036/6156/1036
f 4219/1034/4219 1809/5493/1809 3221/5491/3221
f 3324/5499/3324 576/5490/576 4220/6162/4220
f 4219/1034/4219 3221/5491/3221 3923/5506/3923
f 3221/5491/3221 1236/6158/1236 3923/5506/3923
f 3324/5499/3324 4220/6162/4220 280/1033/280
f 4220/6162/4220 4219/1034/4219 280/1033/280
f 2575/6160/2575 2639/5501/2639 281/6163/281
f 2639/5501/2639 2670/5498/2670 281/6163/281
f 2670/5498/2670 272/5500/272 281/6163/281
f 2575/6160/2575 281/6163/281 4203/1035/4203
f 281/6163/281 280/1033/280 4203/1035/4203
f 757/1038/757 759/2366/759 4189/2380/4189
f 759/2366/759 214/2362/214 4189/2380/4189
f 4189/2380/4189 858/2379/858 757/1038/757
f 858/2379/858 2232/1036/2232 757/1038/757
f 18/6164/18 3844/5177/3844 1004/713/1004
f 3844/5177/3844 3760/1039/3760 1004/713/1004
f 3403/6165/3403 677/6166/677 1307/1041/1307
f 677/6166/677 2448/6167/2448 2450/1042/2450
f 2450/1042/2450 2449/6168/2449 1305/1040/1305
f 2449/6168/2449 1621/6169/1621 1305/1040/1305
f 677/6166/677 2450/1042/2450 1307/1041/1307
f 3243/1043/3243 626/6170/626 1033/1044/1033
f 3897/1272/3897 1800/781/1800 3896/1047/3896
f 1800/781/1800 3443/780/3443 3896/1047/3896
f 3443/780/3443 3444/883/3444 3770/1046/3770
f 3770/1046/3770 3859/1002/3859 3896/1047/3896
f 3859/1002/3859 3108/6043/3108 3896/1047/3896
f 2166/1725/2166 3716/1724/3716 2425/6171/2425
f 3716/1724/3716 983/6172/983 2425/6171/2425
f 2492/1723/2492 2165/1721/2165 2166/1725/2166
f 368/1717/368 1573/1719/1573 2492/1723/2492
f 2929/1716/2929 263/1720/263 1574/1718/1574
f 1717/1713/1717 2929/1716/2929 1574/1718/1574
f 27/1711/27 343/1715/343 1980/1712/1980
f 343/1715/343 1718/1714/1718 1980/1712/1980
f 1717/1713/1717 1574/1718/1574 368/1717/368
f 1935/1709/1935 1980/1712/1980 1473/1710/1473
f 1980/1712/1980 1718/1714/1718 1473/1710/1473
f 151/1708/151 1910/1707/1910 1473/1710/1473
f 1473/1710/1473 1718/1714/1718 3273/6173/3273
f 1718/1714/1718 1717/1713/1717 3273/6173/3273
f 800/1704/800 799/1705/799 151/1708/151
f 151/1708/151 1473/1710/1473 800/1704/800
f 800/1704/800 1473/1710/1473 3273/6173/3273
f 2360/1703/2360 2140/1323/2140 1484/1702/1484
f 2140/1323/2140 795/1322/795 1337/1701/1337
f 1484/1702/1484 2140/1323/2140 1337/1701/1337
f 1533/22/1533 2360/1703/2360 1484/1702/1484
f 1337/1701/1337 1485/1700/1485 1484/1702/1484
f 1267/1699/1267 1336/1698/1336 1337/1701/1337
f 1268/1696/1268 1269/1695/1269 1267/1699/1267
f 1264/1693/1264 749/1697/749 519/1694/519
f 749/1697/749 1268/1696/1268 519/1694/519
f 1268/1696/1268 1267/1699/1267 795/1322/795
f 1267/1699/1267 1337/1701/1337 795/1322/795
f 795/1322/795 800/1704/800 2994/1691/2994
f 1268/1696/1268 795/1322/795 2994/1691/2994
f 2994/1691/2994 519/1694/519 1268/1696/1268
f 632/1690/632 634/1689/634 1707/1692/1707
f 1707/1692/1707 2994/1691/2994 1082/6174/1082
f 2994/1691/2994 800/1704/800 3273/6173/3273
f 2994/1691/2994 3273/6173/3273 1082/6174/1082
f 1871/1688/1871 633/1687/633 632/1690/632
f 1717/1713/1717 368/1717/368 3273/6173/3273
f 368/1717/368 2492/1723/2492 110/6175/110
f 3273/6173/3273 368/1717/368 110/6175/110
f 2166/1725/2166 2425/6171/2425 3567/6176/3567
f 2492/1723/2492 2166/1725/2166 3567/6176/3567
f 3567/6176/3567 110/6175/110 2492/1723/2492
f 1082/6174/1082 3430/6177/3430 3431/6178/3431
f 1082/6174/1082 3431/6178/3431 1707/1692/1707
f 3431/6178/3431 2648/1050/2648 193/1671/193
f 1707/1692/1707 3431/6178/3431 2850/1319/2850
f 2648/1050/2648 3640/6179/3640 1774/4418/1774
f 2850/1319/2850 3431/6178/3431 193/1671/193
f 632/1690/632 1707/1692/1707 2850/1319/2850
f 2648/1050/2648 1774/4418/1774 2283/1048/2283
f 1774/4418/1774 3997/4417/3997 2283/1048/2283
f 2283/1048/2283 3997/4417/3997 1765/1668/1765
f 3997/4417/3997 3413/4416/3413 2632/4426/2632
f 2632/4426/2632 1762/6180/1762 2504/6181/2504
f 2504/6181/2504 4128/6182/4128 3227/6183/3227
f 3227/6183/3227 3954/6184/3954 581/1639/581
f 3954/6184/3954 26/6185/26 771/1638/771
f 581/1639/581 3954/6184/3954 771/1638/771
f 581/1639/581 670/1640/670 3227/6183/3227
f 670/1640/670 369/1642/369 3227/6183/3227
f 369/1642/369 1209/1641/1209 3997/4417/3997
f 1209/1641/1209 1247/1645/1247 3997/4417/3997
f 1247/1645/1247 1303/1644/1303 1911/1650/1911
f 1912/1649/1912 739/1648/739 740/1662/740
f 1247/1645/1247 1911/1650/1911 1912/1649/1912
f 3997/4417/3997 2632/4426/2632 2504/6181/2504
f 2504/6181/2504 3227/6183/3227 369/1642/369
f 369/1642/369 3997/4417/3997 2504/6181/2504
f 1247/1645/1247 1912/1649/1912 3997/4417/3997
f 740/1662/740 3540/1661/3540 1716/1664/1716
f 1912/1649/1912 740/1662/740 1716/1664/1716
f 3997/4417/3997 1912/1649/1912 3362/1666/3362
f 1871/1688/1871 632/1690/632 2850/1319/2850
f 1360/1686/1360 2653/1685/2653 1871/1688/1871
f 1359/1684/1359 1212/1683/1212 1360/1686/1360
f 458/1682/458 1877/1681/1877 1359/1684/1359
f 1301/1677/1301 457/23/457 215/1678/215
f 457/23/457 458/1682/458 215/1678/215
f 2850/1319/2850 1937/1321/1937 215/1678/215
f 215/1678/215 458/1682/458 1359/1684/1359
f 3053/1320/3053 2850/1319/2850 639/1675/639
f 2850/1319/2850 215/1678/215 1359/1684/1359
f 639/1675/639 638/1674/638 3053/1320/3053
f 193/1671/193 192/1673/192 639/1675/639
f 1694/1049/1694 656/1670/656 655/1672/655
f 193/1671/193 639/1675/639 2850/1319/2850
f 1359/1684/1359 1360/1686/1360 2850/1319/2850
f 1360/1686/1360 1871/1688/1871 2850/1319/2850
f 1912/1649/1912 1716/1664/1716 3362/1666/3362
f 1716/1664/1716 3128/1663/3128 3362/1666/3362
f 655/1672/655 193/1671/193 2648/1050/2648
f 2283/1048/2283 3147/1669/3147 1694/1049/1694
f 1694/1049/1694 655/1672/655 2648/1050/2648
f 3997/4417/3997 3362/1666/3362 1765/1668/1765
f 3362/1666/3362 3361/1665/3361 1765/1668/1765
f 1765/1668/1765 2282/1667/2282 2283/1048/2283
f 465/1052/465 2196/1278/2196 1169/1053/1169
f 2196/1278/2196 146/6186/146 3070/6187/3070
f 1169/1053/1169 2196/1278/2196 3070/6187/3070
f 1169/1053/1169 1168/6188/1168 2764/1051/2764
f 1168/6188/1168 3774/6189/3774 2764/1051/2764
f 3774/6189/3774 3773/6190/3773 3356/6191/3356
f 3773/6190/3773 2091/195/2091 2726/6192/2726
f 3356/6191/3356 3773/6190/3773 2726/6192/2726
f 2091/195/2091 2509/197/2509 2726/6192/2726
f 3356/6191/3356 3068/6193/3068 3774/6189/3774
f 3068/6193/3068 2764/1051/2764 3774/6189/3774
f 751/174/751 965/6194/965 159/1056/159
f 965/6194/965 3207/1054/3207 159/1056/159
f 16/3321/16 1178/353/1178 2365/3264/2365
f 1178/353/1178 476/313/476 2365/3264/2365
f 2365/3264/2365 2513/312/2513 3124/1068/3124
f 2513/312/2513 825/6195/825 3124/1068/3124
f 3552/6196/3552 38/354/38 16/3321/16
f 2465/2234/2465 315/2232/315 2750/2233/2750
f 2750/2233/2750 3552/6196/3552 16/3321/16
f 2750/2233/2750 16/3321/16 1676/2238/1676
f 16/3321/16 2365/3264/2365 641/3545/641
f 1676/2238/1676 2465/2234/2465 2750/2233/2750
f 2556/2237/2556 1358/2230/1358 2465/2234/2465
f 2465/2234/2465 1676/2238/1676 2556/2237/2556
f 825/6195/825 3648/1066/3648 3124/1068/3124
f 1676/2238/1676 2557/2224/2557 2556/2237/2556
f 1676/2238/1676 16/3321/16 641/3545/641
f 3124/1068/3124 3800/1067/3800 2534/150/2534
f 3800/1067/3800 4072/6197/4072 2534/150/2534
f 2365/3264/2365 3124/1068/3124 641/3545/641
f 2333/2240/2333 1001/2239/1001 1676/2238/1676
f 4072/6197/4072 1019/148/1019 2534/150/2534
f 641/3545/641 3124/1068/3124 2534/150/2534
f 2588/2241/2588 3418/2221/3418 2333/2240/2333
f 2333/2240/2333 1676/2238/1676 641/3545/641
f 2534/150/2534 4048/149/4048 641/3545/641
f 4048/149/4048 2880/68/2880 114/1983/114
f 1427/2242/1427 2991/2229/2991 2588/2241/2588
f 2588/2241/2588 2333/2240/2333 1428/2244/1428
f 4048/149/4048 114/1983/114 641/3545/641
f 114/1983/114 2932/67/2932 641/3545/641
f 2932/67/2932 963/6198/963 578/3546/578
f 963/6198/963 1524/6199/1524 778/6200/778
f 778/6200/778 1844/6201/1844 3957/6202/3957
f 3957/6202/3957 1866/6203/1866 2940/6204/2940
f 2940/6204/2940 1421/6205/1421 2306/3820/2306
f 1421/6205/1421 1420/3818/1420 2306/3820/2306
f 2306/3820/2306 2609/3819/2609 3330/3822/3330
f 778/6200/778 3957/6202/3957 578/3546/578
f 3957/6202/3957 2940/6204/2940 1156/3547/1156
f 578/3546/578 3957/6202/3957 1156/3547/1156
f 2932/67/2932 578/3546/578 641/3545/641
f 963/6198/963 778/6200/778 578/3546/578
f 2333/2240/2333 641/3545/641 522/1057/522
f 1428/2244/1428 1429/2243/1429 1427/2242/1427
f 1427/2242/1427 2588/2241/2588 1428/2244/1428
f 2940/6204/2940 2306/3820/2306 3330/3822/3330
f 135/2246/135 3438/2245/3438 1428/2244/1428
f 1428/2244/1428 2333/2240/2333 135/2246/135
f 2940/6204/2940 3330/3822/3330 495/3823/495
f 3330/3822/3330 2138/3821/2138 495/3823/495
f 495/3823/495 1291/3816/1291 1926/3824/1926
f 1926/3824/1926 998/3815/998 1156/3547/1156
f 1926/3824/1926 1156/3547/1156 2940/6204/2940
f 2940/6204/2940 495/3823/495 1926/3824/1926
f 641/3545/641 1684/2266/1684 1685/2265/1685
f 1685/2265/1685 2292/2264/2292 2406/2263/2406
f 2406/2263/2406 3059/2262/3059 3178/2261/3178
f 3178/2261/3178 2624/2260/2624 2623/2259/2623
f 2623/2259/2623 1483/2258/1483 1732/1058/1732
f 1732/1058/1732 984/2257/984 1191/2256/1191
f 1191/2256/1191 292/2255/292 291/1059/291
f 291/1059/291 290/2254/290 522/1057/522
f 522/1057/522 2100/2253/2100 2379/2252/2379
f 2379/2252/2379 856/2251/856 2083/2250/2083
f 2083/2250/2083 2124/2249/2124 136/2248/136
f 136/2248/136 137/2247/137 135/2246/135
f 135/2246/135 2333/2240/2333 136/2248/136
f 641/3545/641 1685/2265/1685 2406/2263/2406
f 2406/2263/2406 3178/2261/3178 2623/2259/2623
f 641/3545/641 2406/2263/2406 2623/2259/2623
f 2379/2252/2379 2083/2250/2083 136/2248/136
f 136/2248/136 2333/2240/2333 2379/2252/2379
f 641/3545/641 2623/2259/2623 522/1057/522
f 2333/2240/2333 522/1057/522 2379/2252/2379
f 2623/2259/2623 1732/1058/1732 522/1057/522
f 1732/1058/1732 1191/2256/1191 291/1059/291
f 2506/6206/2506 1570/6207/1570 2037/6208/2037
f 2506/6206/2506 2037/6208/2037 3798/6209/3798
f 2520/6210/2520 2519/6211/2519 2506/6206/2506
f 67/6212/67 3354/6213/3354 2520/6210/2520
f 3088/762/3088 3931/4888/3931 67/6212/67
f 3269/6214/3269 3989/763/3989 2600/6215/2600
f 3989/763/3989 3088/762/3088 7/6216/7
f 7/6216/7 3088/762/3088 3798/6209/3798
f 4139/6217/4139 3932/6218/3932 3269/6214/3269
f 573/824/573 642/826/642 1045/6219/1045
f 642/826/642 3789/6220/3789 1045/6219/1045
f 3789/6220/3789 4139/6217/4139 1045/6219/1045
f 4139/6217/4139 3269/6214/3269 1997/6221/1997
f 2600/6215/2600 3989/763/3989 3029/6222/3029
f 3088/762/3088 67/6212/67 2520/6210/2520
f 7/6216/7 3798/6209/3798 2606/6223/2606
f 1143/2388/1143 573/824/573 1045/6219/1045
f 3977/6224/3977 3269/6214/3269 2600/6215/2600
f 451/2397/451 60/2378/60 1098/5597/1098
f 60/2378/60 1143/2388/1143 1098/5597/1098
f 88/4220/88 1388/4218/1388 1387/4219/1387
f 1387/4219/1387 451/2397/451 1678/4800/1678
f 3269/6214/3269 3977/6224/3977 1997/6221/1997
f 2606/6223/2606 3798/6209/3798 3044/1062/3044
f 3088/762/3088 2520/6210/2520 2506/6206/2506
f 3088/762/3088 2506/6206/2506 3798/6209/3798
f 88/4220/88 1387/4219/1387 1010/699/1010
f 451/2397/451 1098/5597/1098 1678/4800/1678
f 2319/700/2319 1387/4219/1387 1678/4800/1678
f 1379/4223/1379 2244/4221/2244 88/4220/88
f 383/4225/383 382/4222/382 1379/4223/1379
f 2075/4226/2075 384/4224/384 383/4225/383
f 1407/4229/1407 2074/4227/2074 2075/4226/2075
f 312/4235/312 1838/4228/1838 1407/4229/1407
f 314/507/314 311/4234/311 313/4236/313
f 311/4234/311 312/4235/312 313/4236/313
f 312/4235/312 1407/4229/1407 313/4236/313
f 1407/4229/1407 2075/4226/2075 1010/699/1010
f 313/4236/313 1407/4229/1407 1788/508/1788
f 2075/4226/2075 383/4225/383 1010/699/1010
f 383/4225/383 1379/4223/1379 1010/699/1010
f 1379/4223/1379 88/4220/88 1010/699/1010
f 1387/4219/1387 2319/700/2319 1010/699/1010
f 3044/1062/3044 3777/6225/3777 3287/6226/3287
f 3989/763/3989 7/6216/7 3029/6222/3029
f 2606/6223/2606 3044/1062/3044 3763/1061/3763
f 1788/508/1788 1407/4229/1407 1010/699/1010
f 3044/1062/3044 3287/6226/3287 2697/6227/2697
f 3044/1062/3044 1745/6228/1745 3908/1060/3908
f 2760/6229/2760 3579/6230/3579 26/6231/26
f 3579/6230/3579 771/6232/771 26/6231/26
f 1745/6228/1745 3044/1062/3044 2697/6227/2697
f 3287/6226/3287 2760/6229/2760 1049/1016/1049
f 2069/5666/2069 671/5667/671 2117/6233/2117
f 671/5667/671 14/4233/14 2117/6233/2117
f 1945/6234/1945 2117/6233/2117 14/4233/14
f 3830/4799/3830 3012/6235/3012 1788/508/1788
f 3012/6235/3012 1945/6234/1945 1788/508/1788
f 1010/699/1010 3830/4799/3830 1788/508/1788
f 1945/6234/1945 14/4233/14 1788/508/1788
f 26/6231/26 3954/6118/3954 365/6145/365
f 3954/6118/3954 2439/6117/2439 365/6145/365
f 2760/6229/2760 26/6231/26 1049/1016/1049
f 2439/6117/2439 3881/6124/3881 365/6145/365
f 3881/6124/3881 2253/6146/2253 365/6145/365
f 1049/1016/1049 1050/6148/1050 2697/6227/2697
f 1050/6148/1050 3441/6236/3441 2697/6227/2697
f 26/6231/26 365/6145/365 1049/1016/1049
f 1045/6219/1045 980/5598/980 1098/5597/1098
f 1049/1016/1049 2697/6227/2697 3287/6226/3287
f 2697/6227/2697 2696/6237/2696 1745/6228/1745
f 1745/6228/1745 1746/6238/1746 3908/1060/3908
f 3908/1060/3908 1132/6239/1132 3763/1061/3763
f 3763/1061/3763 3764/6240/3764 2606/6223/2606
f 2606/6223/2606 3937/6241/3937 7/6216/7
f 7/6216/7 1128/6242/1128 3029/6222/3029
f 3029/6222/3029 4145/6243/4145 2600/6215/2600
f 2600/6215/2600 3529/6244/3529 3977/6224/3977
f 3977/6224/3977 1996/6245/1996 1997/6221/1997
f 1045/6219/1045 1098/5597/1098 1143/2388/1143
f 1997/6221/1997 1045/6219/1045 4139/6217/4139
f 4263/1063/4263 4260/136/4260 4261/1064/4261
f 3648/1066/3648 3255/6246/3255 3800/1067/3800
f 1525/6247/1525 2114/6248/2114 4182/6249/4182
f 1672/6250/1672 1671/6251/1671 776/6252/776
f 1525/6247/1525 4182/6249/4182 1672/6250/1672
f 4119/6253/4119 2115/6254/2115 4148/6255/4148
f 2115/6254/2115 1525/6247/1525 4148/6255/4148
f 3631/6256/3631 781/6257/781 782/1071/782
f 781/6257/781 4119/6253/4119 782/1071/782
f 2956/1070/2956 4178/6258/4178 782/1071/782
f 1525/6247/1525 1672/6250/1672 776/6252/776
f 4148/6255/4148 1525/6247/1525 776/6252/776
f 776/6252/776 2174/6259/2174 4148/6255/4148
f 4148/6255/4148 1180/1069/1180 782/1071/782
f 1180/1069/1180 3854/6260/3854 2956/1070/2956
f 782/1071/782 4119/6253/4119 4148/6255/4148
f 466/1072/466 3249/6261/3249 2177/1073/2177
f 2737/6262/2737 3789/6263/3789 2658/6264/2658
f 3789/6263/3789 642/6265/642 2658/6264/2658
f 2738/6266/2738 2736/6267/2736 2737/6262/2737
f 3548/6268/3548 2474/6269/2474 2738/6266/2738
f 3160/6270/3160 3161/6271/3161 3548/6268/3548
f 3257/6272/3257 401/6273/401 3160/6270/3160
f 2724/6274/2724 1117/6275/1117 3257/6272/3257
f 3999/6276/3999 3641/6277/3641 2723/6278/2723
f 2724/6274/2724 3257/6272/3257 3160/6270/3160
f 2724/6274/2724 3160/6270/3160 1627/6279/1627
f 3160/6270/3160 3548/6268/3548 1627/6279/1627
f 1627/6279/1627 3548/6268/3548 1628/6280/1628
f 3548/6268/3548 2738/6266/2738 1628/6280/1628
f 2738/6266/2738 2737/6262/2737 4116/6281/4116
f 1628/6280/1628 2738/6266/2738 4116/6281/4116
f 2737/6262/2737 2658/6264/2658 2428/6282/2428
f 2658/6264/2658 1219/6283/1219 2428/6282/2428
f 1219/6283/1219 1220/6284/1220 2428/6282/2428
f 2428/6282/2428 2979/6285/2979 23/6286/23
f 2979/6285/2979 4058/6287/4058 23/6286/23
f 23/6286/23 3941/6288/3941 3942/6289/3942
f 2737/6262/2737 2428/6282/2428 23/6286/23
f 4056/6290/4056 2737/6262/2737 23/6286/23
f 23/6286/23 3942/6289/3942 4056/6290/4056
f 3942/6289/3942 4067/6291/4067 1540/6292/1540
f 1540/6292/1540 2801/6293/2801 4004/6294/4004
f 4004/6294/4004 3074/6295/3074 3563/6296/3563
f 2905/6297/2905 3875/6298/3875 3768/6299/3768
f 3563/6296/3563 2905/6297/2905 4268/6300/4268
f 2905/6297/2905 3768/6299/3768 572/6301/572
f 3768/6299/3768 2755/6302/2755 572/6301/572
f 572/6301/572 1400/6303/1400 4268/6300/4268
f 2962/6304/2962 2961/6305/2961 1175/6306/1175
f 2962/6304/2962 1175/6306/1175 4146/6307/4146
f 4146/6307/4146 210/6308/210 3803/6309/3803
f 3803/6309/3803 4092/6310/4092 3877/6311/3877
f 4092/6310/4092 1165/6312/1165 3877/6311/3877
f 3877/6311/3877 914/6313/914 913/6314/913
f 2962/6304/2962 4146/6307/4146 913/6314/913
f 4146/6307/4146 3803/6309/3803 3877/6311/3877
f 913/6314/913 4146/6307/4146 3877/6311/3877
f 4268/6300/4268 2962/6304/2962 2644/6315/2644
f 913/6314/913 2555/6316/2555 2080/6317/2080
f 2080/6317/2080 1444/6318/1444 2644/6315/2644
f 2644/6315/2644 3855/6319/3855 657/6320/657
f 3605/6321/3605 1285/6322/1285 2246/6323/2246
f 2246/6323/2246 2553/6324/2553 2554/6325/2554
f 2246/6323/2246 2554/6325/2554 4057/6326/4057
f 3605/6321/3605 2246/6323/2246 4057/6326/4057
f 4056/6290/4056 4118/6327/4118 1813/6328/1813
f 3605/6321/3605 4057/6326/4057 1540/6292/1540
f 4057/6326/4057 4056/6290/4056 1540/6292/1540
f 1813/6328/1813 1812/6329/1812 4116/6281/4116
f 4116/6281/4116 2500/6330/2500 1628/6280/1628
f 1628/6280/1628 2902/6331/2902 1627/6279/1627
f 1627/6279/1627 4027/6332/4027 3323/6333/3323
f 3323/6333/3323 4196/6334/4196 3565/6335/3565
f 3565/6335/3565 497/6336/497 298/6337/298
f 3678/6338/3678 1610/6339/1610 306/6340/306
f 306/6340/306 4200/6341/4200 1668/6342/1668
f 1668/6342/1668 3918/6343/3918 3382/6344/3382
f 86/6345/86 2909/6346/2909 3340/6347/3340
f 1668/6342/1668 3382/6344/3382 86/6345/86
f 3678/6338/3678 306/6340/306 1960/6348/1960
f 306/6340/306 1668/6342/1668 2839/6349/2839
f 306/6340/306 2839/6349/2839 1960/6348/1960
f 1668/6342/1668 86/6345/86 2839/6349/2839
f 3340/6347/3340 2019/6350/2019 2020/6351/2020
f 2019/6350/2019 4197/6352/4197 2020/6351/2020
f 86/6345/86 3340/6347/3340 1397/6353/1397
f 2839/6349/2839 86/6345/86 1397/6353/1397
f 4197/6352/4197 1715/6354/1715 2020/6351/2020
f 2020/6351/2020 3929/6355/3929 1397/6353/1397
f 1397/6353/1397 4013/6356/4013 2839/6349/2839
f 2839/6349/2839 4050/6357/4050 1960/6348/1960
f 1960/6348/1960 1054/6358/1054 3106/6359/3106
f 3106/6359/3106 1055/6360/1055 3718/6361/3718
f 3718/6361/3718 3081/6362/3081 456/6363/456
f 456/6363/456 2579/6364/2579 1282/6365/1282
f 1282/6365/1282 1281/6366/1281 3439/6367/3439
f 3439/6367/3439 2826/6368/2826 518/6369/518
f 518/6369/518 2897/6370/2897 1239/6371/1239
f 1239/6371/1239 3998/6372/3998 1076/6373/1076
f 3534/6374/3534 3127/6375/3127 1371/6376/1371
f 518/6369/518 1239/6371/1239 2723/6278/2723
f 1239/6371/1239 1076/6373/1076 2723/6278/2723
f 3439/6367/3439 518/6369/518 2723/6278/2723
f 3718/6361/3718 456/6363/456 1282/6365/1282
f 3718/6361/3718 1282/6365/1282 298/6337/298
f 1282/6365/1282 3439/6367/3439 298/6337/298
f 1960/6348/1960 3106/6359/3106 3678/6338/3678
f 3106/6359/3106 3718/6361/3718 3678/6338/3678
f 2020/6351/2020 1397/6353/1397 3340/6347/3340
f 298/6337/298 3678/6338/3678 3718/6361/3718
f 298/6337/298 2724/6274/2724 3565/6335/3565
f 1627/6279/1627 3323/6333/3323 2724/6274/2724
f 3323/6333/3323 3565/6335/3565 2724/6274/2724
f 298/6337/298 3439/6367/3439 2724/6274/2724
f 2724/6274/2724 3439/6367/3439 2723/6278/2723
f 1813/6328/1813 4116/6281/4116 2737/6262/2737
f 4056/6290/4056 1813/6328/1813 2737/6262/2737
f 1076/6373/1076 3534/6374/3534 2566/6377/2566
f 1371/6376/1371 3317/6378/3317 2191/6379/2191
f 3317/6378/3317 640/6380/640 2191/6379/2191
f 1540/6292/1540 4056/6290/4056 3942/6289/3942
f 913/6314/913 2080/6317/2080 2962/6304/2962
f 2080/6317/2080 2644/6315/2644 2962/6304/2962
f 2905/6297/2905 572/6301/572 4268/6300/4268
f 4004/6294/4004 3563/6296/3563 657/6320/657
f 3563/6296/3563 4268/6300/4268 2644/6315/2644
f 4004/6294/4004 657/6320/657 3605/6321/3605
f 2644/6315/2644 657/6320/657 3563/6296/3563
f 1540/6292/1540 4004/6294/4004 3605/6321/3605
f 2723/6278/2723 1076/6373/1076 2566/6377/2566
f 3534/6374/3534 1371/6376/1371 2566/6377/2566
f 3999/6276/3999 2723/6278/2723 2566/6377/2566
f 3114/6381/3114 3527/6382/3527 3999/6276/3999
f 2751/6383/2751 2753/6384/2753 3114/6381/3114
f 3004/6385/3004 2752/6386/2752 2751/6383/2751
f 3363/6387/3363 4017/6388/4017 3003/6389/3003
f 3003/6389/3003 3004/6385/3004 2751/6383/2751
f 3114/6381/3114 3999/6276/3999 2566/6377/2566
f 3003/6389/3003 2751/6383/2751 3114/6381/3114
f 2565/6390/2565 2300/6391/2300 2566/6377/2566
f 2300/6391/2300 3363/6387/3363 2566/6377/2566
f 3363/6387/3363 3003/6389/3003 3114/6381/3114
f 3363/6387/3363 3114/6381/3114 2566/6377/2566
f 2113/6392/2113 329/6393/329 2192/6394/2192
f 329/6393/329 1730/6395/1730 2192/6394/2192
f 1730/6395/1730 2566/6377/2566 1371/6376/1371
f 1730/6395/1730 1371/6376/1371 2192/6394/2192
f 402/1077/402 3229/6396/3229 3136/6397/3136
f 402/1077/402 3136/6397/3136 3135/6398/3135
f 1371/6376/1371 2191/6379/2191 2192/6394/2192
f 640/6380/640 402/1077/402 2226/1076/2226
f 2191/6379/2191 640/6380/640 525/6399/525
f 525/6399/525 526/6400/526 2191/6379/2191
f 402/1077/402 3135/6398/3135 968/1075/968
f 968/1075/968 3135/6398/3135 1425/6401/1425
f 3135/6398/3135 241/6402/241 242/6403/242
f 242/6403/242 1679/6404/1679 438/6405/438
f 438/6405/438 4279/6406/4279 3451/6407/3451
f 547/6408/547 3010/6409/3010 2807/6410/2807
f 2807/6410/2807 486/6411/486 1157/6412/1157
f 486/6411/486 4301/6413/4301 1157/6412/1157
f 4301/6413/4301 328/6414/328 1157/6412/1157
f 1157/6412/1157 3791/6415/3791 4329/6416/4329
f 4329/6416/4329 2876/6417/2876 3130/6418/3130
f 3130/6418/3130 3428/6419/3428 3569/6420/3569
f 3569/6420/3569 4062/6421/4062 857/6422/857
f 857/6422/857 2967/6423/2967 2224/6424/2224
f 857/6422/857 2224/6424/2224 3952/6425/3952
f 3130/6418/3130 3569/6420/3569 547/6408/547
f 3569/6420/3569 857/6422/857 547/6408/547
f 1157/6412/1157 4329/6416/4329 2807/6410/2807
f 4329/6416/4329 3130/6418/3130 2807/6410/2807
f 547/6408/547 2807/6410/2807 3130/6418/3130
f 857/6422/857 3952/6425/3952 547/6408/547
f 3451/6407/3451 547/6408/547 3952/6425/3952
f 3451/6407/3451 3952/6425/3952 1763/6426/1763
f 1763/6426/1763 2849/6427/2849 3131/6428/3131
f 892/6429/892 3643/6430/3643 1737/6431/1737
f 1763/6426/1763 3131/6428/3131 892/6429/892
f 3135/6398/3135 242/6403/242 1424/6432/1424
f 242/6403/242 438/6405/438 1424/6432/1424
f 3135/6398/3135 1424/6432/1424 1425/6401/1425
f 438/6405/438 3451/6407/3451 1737/6431/1737
f 3451/6407/3451 1763/6426/1763 892/6429/892
f 1737/6431/1737 3451/6407/3451 892/6429/892
f 1424/6432/1424 4066/6433/4066 1425/6401/1425
f 4066/6433/4066 2310/6434/2310 1425/6401/1425
f 438/6405/438 1737/6431/1737 1424/6432/1424
f 525/6399/525 640/6380/640 2226/1076/2226
f 1425/6401/1425 967/6435/967 968/1075/968
f 968/1075/968 1927/6436/1927 2226/1076/2226
f 2226/1076/2226 3028/6437/3028 525/6399/525
f 1081/1078/1081 569/1993/569 568/1079/568
f 2446/1083/2446 2796/6438/2796 2797/6439/2797
f 2797/6439/2797 3943/6440/3943 2446/1083/2446
f 3943/6440/3943 1850/6441/1850 2446/1083/2446
f 1850/6441/1850 1849/1081/1849 2446/1083/2446
f 1000/1084/1000 3177/6442/3177 3116/1085/3116
f 2973/1090/2973 1203/663/1203 2544/1091/2544
f 2203/5284/2203 3758/6443/3758 4233/6444/4233
f 4233/6444/4233 2821/5271/2821 1888/5257/1888
f 699/5272/699 3132/1092/3132 2717/931/2717
f 3132/1092/3132 59/6445/59 78/1093/78
f 4233/6444/4233 1888/5257/1888 699/5272/699
f 112/3982/112 2203/5284/2203 2717/931/2717
f 2203/5284/2203 4233/6444/4233 699/5272/699
f 2717/931/2717 2203/5284/2203 699/5272/699
f 2717/931/2717 113/930/113 112/3982/112
f 3837/455/3837 1699/3983/1699 3838/6446/3838
f 1699/3983/1699 2524/929/2524 78/1093/78
f 3838/6446/3838 1699/3983/1699 78/1093/78
f 2524/929/2524 2717/931/2717 3132/1092/3132
f 3018/1303/3018 4131/6447/4131 1288/6448/1288
f 4131/6447/4131 430/6449/430 1288/6448/1288
f 4125/1094/4125 954/6450/954 3278/6451/3278
f 430/6449/430 4125/1094/4125 1639/1096/1639
f 1967/6452/1967 3464/1301/3464 1288/6448/1288
f 3464/1301/3464 3018/1303/3018 1288/6448/1288
f 4125/1094/4125 3278/6451/3278 3378/1095/3378
f 1639/1096/1639 1288/6448/1288 430/6449/430
f 4220/1097/4220 576/6453/576 1809/1098/1809
f 942/6454/942 1571/6455/1571 2363/6456/2363
f 1571/6455/1571 2959/6457/2959 2363/6456/2363
f 942/6454/942 2363/6456/2363 4143/6458/4143
f 4228/6459/4228 4210/6460/4210 2190/1101/2190
f 4210/6460/4210 4264/1102/4264 2190/1101/2190
f 4285/6461/4285 942/6454/942 4143/6458/4143
f 2012/6462/2012 3607/6463/3607 2959/6457/2959
f 3607/6463/3607 2363/6456/2363 2959/6457/2959
f 3821/641/3821 3522/6464/3522 1751/639/1751
f 3522/6464/3522 2012/6462/2012 1751/639/1751
f 1411/6465/1411 3194/640/3194 1751/639/1751
f 2012/6462/2012 2959/6457/2959 1751/639/1751
f 2959/6457/2959 4228/6459/4228 1751/639/1751
f 4264/1102/4264 333/6466/333 3321/6467/3321
f 1751/639/1751 4228/6459/4228 1411/6465/1411
f 1814/6468/1814 1411/6465/1411 2190/1101/2190
f 2190/1101/2190 1411/6465/1411 4228/6459/4228
f 4264/1102/4264 3321/6467/3321 1318/6469/1318
f 1318/6469/1318 2561/1100/2561 4264/1102/4264
f 3092/1105/3092 3091/6470/3091 686/6471/686
f 686/6471/686 2068/1103/2068 3092/1105/3092
f 4070/1106/4070 4201/6472/4201 683/1107/683
f 2448/1111/2448 677/6473/677 676/1109/676
f 677/6473/677 678/6474/678 676/1109/676
f 676/1109/676 4266/6475/4266 4265/1110/4265
f 957/1112/957 122/6476/122 955/1086/955
f 712/6477/712 4055/6478/4055 2459/6479/2459
f 4055/6478/4055 1601/6480/1601 2459/6479/2459
f 1601/6480/1601 3570/6481/3570 2459/6479/2459
f 1499/6482/1499 1500/6483/1500 1501/6484/1501
f 2459/6479/2459 1499/6482/1499 712/6477/712
f 4016/6485/4016 703/6486/703 712/6477/712
f 1501/6484/1501 1195/6487/1195 68/6488/68
f 712/6477/712 1499/6482/1499 4016/6485/4016
f 1499/6482/1499 1501/6484/1501 4016/6485/4016
f 3650/6489/3650 4147/6490/4147 4016/6485/4016
f 68/6488/68 69/6491/69 2586/6492/2586
f 4016/6485/4016 1501/6484/1501 3650/6489/3650
f 1501/6484/1501 68/6488/68 3650/6489/3650
f 3637/6493/3637 3316/6494/3316 3650/6489/3650
f 2586/6492/2586 2585/6495/2585 20/5541/20
f 3650/6489/3650 68/6488/68 3637/6493/3637
f 68/6488/68 2586/6492/2586 3637/6493/3637
f 3034/6496/3034 3036/6497/3036 3637/6493/3637
f 2586/6492/2586 20/5541/20 19/856/19
f 20/5541/20 673/857/673 19/856/19
f 19/856/19 672/858/672 1545/5537/1545
f 672/858/672 674/5538/674 1545/5537/1545
f 3034/6496/3034 3637/6493/3637 19/856/19
f 3637/6493/3637 2586/6492/2586 19/856/19
f 1299/1116/1299 3035/6498/3035 3034/6496/3034
f 2014/5520/2014 2729/5523/2729 927/5518/927
f 2729/5523/2729 1299/1116/1299 2272/5534/2272
f 2272/5534/2272 927/5518/927 2729/5523/2729
f 1064/1115/1064 2562/5531/2562 2272/5534/2272
f 1065/1114/1065 1066/5535/1066 1064/1115/1064
f 1545/5537/1545 106/5536/106 1065/1114/1065
f 1299/1116/1299 3034/6496/3034 19/856/19
f 19/856/19 1545/5537/1545 1299/1116/1299
f 1545/5537/1545 1065/1114/1065 1299/1116/1299
f 1064/1115/1064 2272/5534/2272 1299/1116/1299
f 2010/6499/2010 2036/6500/2036 2812/6501/2812
f 2812/6501/2812 1079/6502/1079 1080/6503/1080
f 3097/6504/3097 1532/6505/1532 3701/6506/3701
f 1532/6505/1532 3474/6507/3474 3701/6506/3701
f 2010/6499/2010 2812/6501/2812 3245/6508/3245
f 2812/6501/2812 1080/6503/1080 3245/6508/3245
f 3097/6504/3097 3701/6506/3701 3626/6509/3626
f 3701/6506/3701 3966/6510/3966 3626/6509/3626
f 3966/6510/3966 341/6511/341 3626/6509/3626
f 3627/6512/3627 3112/6513/3112 3722/6514/3722
f 3097/6504/3097 3626/6509/3626 3627/6512/3627
f 1080/6503/1080 3097/6504/3097 3627/6512/3627
f 1080/6503/1080 3627/6512/3627 2056/6515/2056
f 2010/6499/2010 3245/6508/3245 3242/6516/3242
f 3639/6517/3639 2009/6518/2009 2010/6499/2010
f 2204/6519/2204 3614/6520/3614 3639/6517/3639
f 4245/6521/4245 2817/6522/2817 4276/6523/4276
f 4276/6523/4276 2204/6519/2204 3639/6517/3639
f 3639/6517/3639 2010/6499/2010 4276/6523/4276
f 4276/6523/4276 2010/6499/2010 3242/6516/3242
f 4276/6523/4276 3242/6516/3242 4245/6521/4245
f 3653/6524/3653 1398/6525/1398 4245/6521/4245
f 3653/6524/3653 4245/6521/4245 3242/6516/3242
f 2313/6526/2313 448/6527/448 3653/6524/3653
f 3594/6528/3594 1806/6529/1806 2313/6526/2313
f 3629/6530/3629 2259/6531/2259 1598/6532/1598
f 1598/6532/1598 3594/6528/3594 2313/6526/2313
f 2313/6526/2313 3653/6524/3653 1598/6532/1598
f 3653/6524/3653 3242/6516/3242 3629/6530/3629
f 3627/6512/3627 3722/6514/3722 503/6533/503
f 3245/6508/3245 1080/6503/1080 3479/6534/3479
f 1598/6532/1598 3653/6524/3653 3629/6530/3629
f 3485/6535/3485 3692/6536/3692 2981/6537/2981
f 3692/6536/3692 1931/6538/1931 2981/6537/2981
f 1931/6538/1931 2462/5615/2462 2981/6537/2981
f 2998/6539/2998 3629/6530/3629 3242/6516/3242
f 3722/6514/3722 3485/6535/3485 2980/5612/2980
f 3485/6535/3485 2981/6537/2981 2980/5612/2980
f 1080/6503/1080 2056/6515/2056 3479/6534/3479
f 3245/6508/3245 3988/6540/3988 3242/6516/3242
f 3479/6534/3479 1925/6541/1925 3245/6508/3245
f 2056/6515/2056 2400/6542/2400 3479/6534/3479
f 4195/6543/4195 3883/6544/3883 2056/6515/2056
f 503/6533/503 2103/6545/2103 4195/6543/4195
f 503/6533/503 4195/6543/4195 3627/6512/3627
f 4195/6543/4195 2056/6515/2056 3627/6512/3627
f 2980/5612/2980 4310/5610/4310 3016/6546/3016
f 4312/6547/4312 4311/5609/4311 1987/5619/1987
f 3722/6514/3722 2980/5612/2980 3016/6546/3016
f 3722/6514/3722 3016/6546/3016 503/6533/503
f 3016/6546/3016 4312/6547/4312 2182/6548/2182
f 503/6533/503 3016/6546/3016 2182/6548/2182
f 1987/5619/1987 1726/5618/1726 1879/1028/1879
f 1726/5618/1726 4140/6549/4140 1879/1028/1879
f 2182/6548/2182 4312/6547/4312 4156/6550/4156
f 4312/6547/4312 1987/5619/1987 1090/6551/1090
f 4156/6550/4156 4312/6547/4312 2215/6552/2215
f 2976/6553/2976 4226/6554/4226 1535/6555/1535
f 4226/6554/4226 3992/6556/3992 1535/6555/1535
f 3992/6556/3992 2182/6548/2182 1225/6557/1225
f 1225/6557/1225 2182/6548/2182 3980/6558/3980
f 1988/1030/1988 4186/1029/4186 3511/6559/3511
f 4186/1029/4186 2591/6560/2591 3512/2941/3512
f 3511/6559/3511 4186/1029/4186 3512/2941/3512
f 1987/5619/1987 1879/1028/1879 1988/1030/1988
f 1987/5619/1987 1988/1030/1988 3511/6559/3511
f 4187/6561/4187 1878/6153/1878 2346/6562/2346
f 2346/6562/2346 3944/6563/3944 2890/6564/2890
f 2890/6564/2890 3610/5617/3610 803/5613/803
f 803/5613/803 1472/870/1472 2890/6564/2890
f 1472/870/1472 443/6565/443 442/6566/442
f 442/6566/442 949/6567/949 4224/6568/4224
f 1472/870/1472 442/6566/442 2890/6564/2890
f 2346/6562/2346 2890/6564/2890 442/6566/442
f 2346/6562/2346 442/6566/442 4224/6568/4224
f 4187/6561/4187 2346/6562/2346 364/6569/364
f 2346/6562/2346 4224/6568/4224 3468/6570/3468
f 364/6569/364 2346/6562/2346 3468/6570/3468
f 1246/6571/1246 4039/6572/4039 3526/6573/3526
f 4039/6572/4039 288/6574/288 3526/6573/3526
f 4224/6568/4224 1246/6571/1246 3468/6570/3468
f 2591/6560/2591 4187/6561/4187 364/6569/364
f 3526/6573/3526 2431/6575/2431 2766/6576/2766
f 2766/6576/2766 882/6577/882 3446/4909/3446
f 822/4907/822 1565/4906/1565 4236/6578/4236
f 1565/4906/1565 3337/6579/3337 4236/6578/4236
f 2766/6576/2766 3446/4909/3446 822/4907/822
f 1246/6571/1246 3526/6573/3526 2766/6576/2766
f 1246/6571/1246 2766/6576/2766 822/4907/822
f 4236/6578/4236 3889/6580/3889 815/6581/815
f 815/6581/815 1907/6582/1907 1908/6583/1908
f 1908/6583/1908 3507/6584/3507 4275/6585/4275
f 3468/6570/3468 3683/6586/3683 364/6569/364
f 815/6581/815 1908/6583/1908 822/4907/822
f 1908/6583/1908 4275/6585/4275 822/4907/822
f 822/4907/822 4236/6578/4236 815/6581/815
f 2206/6587/2206 1252/6588/1252 3787/6589/3787
f 1252/6588/1252 2976/6553/2976 3787/6589/3787
f 3787/6589/3787 4249/6590/4249 2206/6587/2206
f 1333/6591/1333 3138/6592/3138 3787/6589/3787
f 1535/6555/1535 3538/6593/3538 1333/6591/1333
f 435/6594/435 1224/6595/1224 1225/6557/1225
f 1535/6555/1535 1333/6591/1333 2976/6553/2976
f 1333/6591/1333 3787/6589/3787 2976/6553/2976
f 3980/6558/3980 435/6594/435 1225/6557/1225
f 2589/6596/2589 3980/6558/3980 4156/6550/4156
f 4156/6550/4156 3980/6558/3980 2182/6548/2182
f 1535/6555/1535 3992/6556/3992 1225/6557/1225
f 577/6597/577 3375/6598/3375 2589/6596/2589
f 4156/6550/4156 2061/6599/2061 2757/6600/2757
f 2757/6600/2757 577/6597/577 2589/6596/2589
f 2757/6600/2757 2589/6596/2589 4156/6550/4156
f 3292/6601/3292 756/6602/756 4156/6550/4156
f 4156/6550/4156 2215/6552/2215 3292/6601/3292
f 2215/6552/2215 524/6603/524 3292/6601/3292
f 2215/6552/2215 4312/6547/4312 1090/6551/1090
f 1246/6571/1246 822/4907/822 4275/6585/4275
f 1090/6551/1090 1987/5619/1987 1779/6604/1779
f 1246/6571/1246 4275/6585/4275 3468/6570/3468
f 1660/6605/1660 2215/6552/2215 1090/6551/1090
f 1719/6606/1719 212/6607/212 441/6608/441
f 2591/6560/2591 364/6569/364 1719/6606/1719
f 1779/6604/1779 1987/5619/1987 355/6609/355
f 1779/6604/1779 1089/6610/1089 1090/6551/1090
f 355/6609/355 439/6611/439 1779/6604/1779
f 2325/6612/2325 354/6613/354 355/6609/355
f 3410/2938/3410 3776/6614/3776 2325/6612/2325
f 3509/2939/3509 2386/263/2386 3510/6615/3510
f 2386/263/2386 3410/2938/3410 3510/6615/3510
f 3410/2938/3410 2325/6612/2325 3510/6615/3510
f 2325/6612/2325 355/6609/355 3511/6559/3511
f 3510/6615/3510 2325/6612/2325 3511/6559/3511
f 355/6609/355 1987/5619/1987 3511/6559/3511
f 2591/6560/2591 1719/6606/1719 3512/2941/3512
f 441/6608/441 440/6616/440 3677/6617/3677
f 1719/6606/1719 441/6608/441 1593/2942/1593
f 3677/6617/3677 473/6618/473 1760/6619/1760
f 441/6608/441 3677/6617/3677 1593/2942/1593
f 1719/6606/1719 1593/2942/1593 3512/2941/3512
f 1566/1118/1566 3083/6620/3083 1514/1119/1514
f 3083/6620/3083 1623/6621/1623 1760/6619/1760
f 1514/1119/1514 3083/6620/3083 1760/6619/1760
f 1623/6621/1623 1593/2942/1593 3677/6617/3677
f 1760/6619/1760 3949/6622/3949 1514/1119/1514
f 3677/6617/3677 1760/6619/1760 1623/6621/1623
f 3357/6623/3357 258/6624/258 259/6625/259
f 259/6625/259 1650/6626/1650 2285/6627/2285
f 2285/6627/2285 3325/6628/3325 3978/6629/3978
f 3978/6629/3978 1459/6630/1459 2285/6627/2285
f 1459/6630/1459 96/6631/96 95/6632/95
f 95/6632/95 2164/6633/2164 3078/6634/3078
f 1459/6630/1459 95/6632/95 259/6625/259
f 259/6625/259 2285/6627/2285 1459/6630/1459
f 3357/6623/3357 259/6625/259 95/6632/95
f 95/6632/95 3078/6634/3078 3357/6623/3357
f 3078/6634/3078 3077/6635/3077 3834/6636/3834
f 3834/6636/3834 1815/6637/1815 2059/6638/2059
f 1815/6637/1815 2058/6639/2058 2059/6638/2059
f 3078/6634/3078 3834/6636/3834 3357/6623/3357
f 3834/6636/3834 2059/6638/2059 3357/6623/3357
f 2059/6638/2059 3009/6640/3009 2065/1122/2065
f 1298/1120/1298 4036/6641/4036 762/1121/762
f 762/1121/762 2650/6642/2650 2065/1122/2065
f 2065/1122/2065 3357/6623/3357 2059/6638/2059
f 3009/6640/3009 1298/1120/1298 2065/1122/2065
f 921/1125/921 3782/6643/3782 2085/6644/2085
f 3782/6643/3782 3781/1939/3781 2085/6644/2085
f 3781/1939/3781 2086/1938/2086 2085/6644/2085
f 2085/6644/2085 608/6645/608 921/1125/921
f 608/6645/608 3063/1123/3063 921/1125/921
f 1240/1126/1240 4284/6646/4284 3805/1127/3805
f 4287/1407/4287 1836/1130/1836 1451/1129/1451
f 1836/1130/1836 1173/6647/1173 3771/1131/3771
f 580/4740/580 812/1133/812 3802/1132/3802
f 812/1133/812 734/4743/734 2510/1134/2510
f 3075/2390/3075 3074/471/3074 1739/1138/1739
f 3074/471/3074 4004/1139/4004 1739/1138/1739
f 2801/1140/2801 1540/6648/1540 2559/2392/2559
f 1540/6648/1540 4067/6649/4067 2559/2392/2559
f 2559/2392/2559 1511/2391/1511 2801/1140/2801
f 1511/2391/1511 1739/1138/1739 2801/1140/2801
f 3941/928/3941 2560/2393/2560 4067/6649/4067
f 2560/2393/2560 2559/2392/2559 4067/6649/4067
f 4067/6649/4067 3942/6650/3942 3941/928/3941
f 2531/1141/2531 3812/6651/3812 3813/1142/3813
f 3746/1144/3746 1107/6652/1107 3747/1145/3747
f 1948/1147/1948 2389/6653/2389 2093/1148/2093
f 389/350/389 3765/3320/3765 4325/1150/4325
f 4206/5292/4206 2663/5289/2663 1506/6654/1506
f 745/1151/745 1563/5288/1563 2742/1152/2742
f 227/1153/227 4206/5292/4206 1506/6654/1506
f 1506/6654/1506 745/1151/745 227/1153/227
f 3520/6655/3520 468/6656/468 297/6657/297
f 297/6657/297 2440/6658/2440 897/1156/897
f 897/1156/897 4244/6659/4244 2485/1154/2485
f 4244/6659/4244 3537/6660/3537 2485/1154/2485
f 3537/6660/3537 1417/6661/1417 2485/1154/2485
f 2485/1154/2485 2486/6662/2486 2854/1155/2854
f 2854/1155/2854 4014/6663/4014 2607/6664/2607
f 2607/6664/2607 3825/6665/3825 3520/6655/3520
f 3520/6655/3520 297/6657/297 2607/6664/2607
f 297/6657/297 897/1156/897 2854/1155/2854
f 2607/6664/2607 297/6657/297 2854/1155/2854
f 661/1159/661 3313/1929/3313 2279/1930/2279
f 3313/1929/3313 1465/1931/1465 2279/1930/2279
f 2279/1930/2279 1258/1157/1258 661/1159/661
f 1869/5533/1869 1151/5532/1151 2005/297/2005
f 2005/297/2005 2130/6666/2130 2872/6667/2872
f 920/6668/920 2262/6669/2262 3970/6670/3970
f 1869/5533/1869 2005/297/2005 2872/6667/2872
f 1869/5533/1869 2872/6667/2872 1900/5530/1900
f 2872/6667/2872 920/6668/920 1900/5530/1900
f 1900/5530/1900 287/5529/287 1869/5533/1869
f 320/5526/320 1440/5528/1440 1900/5530/1900
f 3341/6671/3341 3342/5527/3342 3025/6672/3025
f 3342/5527/3342 320/5526/320 3025/6672/3025
f 3374/6673/3374 3025/6672/3025 3970/6670/3970
f 3025/6672/3025 320/5526/320 3970/6670/3970
f 320/5526/320 1900/5530/1900 920/6668/920
f 320/5526/320 920/6668/920 3970/6670/3970
f 1006/6674/1006 2778/6675/2778 2121/1162/2121
f 2778/6675/2778 3374/6673/3374 3572/1160/3572
f 2121/1162/2121 2778/6675/2778 3572/1160/3572
f 3572/1160/3572 2718/6676/2718 4179/1161/4179
f 3374/6673/3374 3970/6670/3970 3572/1160/3572
f 2284/6677/2284 1006/6674/1006 2121/1162/2121
f 3890/1165/3890 543/6678/543 3182/1613/3182
f 543/6678/543 3402/1626/3402 3182/1613/3182
f 3182/1613/3182 1113/1163/1113 3890/1165/3890
f 3098/1167/3098 3392/6679/3392 1799/1168/1799
f 1799/1168/1799 3713/189/3713 1074/1166/1074
f 3713/189/3713 91/2745/91 1074/1166/1074
f 91/2745/91 92/6680/92 1074/1166/1074
f 2501/6681/2501 2681/6682/2681 4042/6683/4042
f 2501/6681/2501 4042/6683/4042 620/6684/620
f 2011/6685/2011 2704/6686/2704 1300/6687/1300
f 1300/6687/1300 2501/6681/2501 1256/2490/1256
f 2501/6681/2501 620/6684/620 1256/2490/1256
f 2102/1170/2102 2055/6688/2055 623/6689/623
f 2011/6685/2011 1300/6687/1300 1256/2490/1256
f 2102/1170/2102 623/6689/623 622/6690/622
f 620/6684/620 2102/1170/2102 1481/2489/1481
f 1256/2490/1256 620/6684/620 1481/2489/1481
f 1507/2487/1507 1767/6691/1767 2011/6685/2011
f 1481/2489/1481 417/2488/417 1256/2490/1256
f 1256/2490/1256 1507/2487/1507 2011/6685/2011
f 2102/1170/2102 622/6690/622 3388/1171/3388
f 3388/1171/3388 1824/6692/1824 1823/1169/1823
f 1824/6692/1824 3408/6693/3408 1823/1169/1823
f 3408/6693/3408 3455/2484/3455 1823/1169/1823
f 1823/1169/1823 1626/2486/1626 1481/2489/1481
f 1481/2489/1481 2102/1170/2102 1823/1169/1823
f 4078/5071/4078 4180/6694/4180 798/1172/798
f 798/1172/798 1611/6695/1611 132/1173/132
f 663/1174/663 4078/5071/4078 798/1172/798
f 213/6696/213 3720/6697/3720 2974/1177/2974
f 3720/6697/3720 2354/1175/2354 2974/1177/2974
f 2354/1175/2354 4000/6698/4000 1592/1176/1592
f 1592/1176/1592 4189/6699/4189 214/6700/214
f 1592/1176/1592 214/6700/214 2974/1177/2974
f 1976/5560/1976 1102/5559/1102 346/5558/346
f 346/5558/346 1577/5557/1577 1576/5556/1576
f 5/5555/5 1805/5554/1805 1989/5553/1989
f 1976/5560/1976 346/5558/346 3872/6701/3872
f 346/5558/346 1576/5556/1576 3870/6702/3870
f 3872/6701/3872 346/5558/346 3870/6702/3870
f 5/5555/5 1989/5553/1989 3368/5552/3368
f 1576/5556/1576 5/5555/5 3368/5552/3368
f 3368/5552/3368 2362/5514/2362 2380/5551/2380
f 2380/5551/2380 1141/5517/1141 2397/5550/2397
f 2397/5550/2397 1091/5539/1091 2730/5545/2730
f 2730/5545/2730 2098/5540/2098 2097/5544/2097
f 2097/5544/2097 1985/5543/1985 1619/5542/1619
f 1619/5542/1619 20/5541/20 2585/6495/2585
f 2585/6495/2585 2586/6492/2586 69/6491/69
f 69/6491/69 68/6488/68 1195/6487/1195
f 1195/6487/1195 1501/6484/1501 1500/6483/1500
f 1500/6483/1500 1499/6482/1499 2490/6703/2490
f 1499/6482/1499 2459/6479/2459 685/6704/685
f 2490/6703/2490 1499/6482/1499 685/6704/685
f 2459/6479/2459 2460/6705/2460 685/6704/685
f 685/6704/685 684/6706/684 2490/6703/2490
f 2490/6703/2490 1875/6707/1875 3645/6708/3645
f 3645/6708/3645 2142/6709/2142 601/6710/601
f 601/6710/601 1889/6711/1889 3660/6712/3660
f 3634/6713/3634 4302/6714/4302 3536/6715/3536
f 3645/6708/3645 601/6710/601 1195/6487/1195
f 601/6710/601 3660/6712/3660 69/6491/69
f 1195/6487/1195 1500/6483/1500 3645/6708/3645
f 69/6491/69 1195/6487/1195 601/6710/601
f 1500/6483/1500 2490/6703/2490 3645/6708/3645
f 2097/5544/2097 1619/5542/1619 3660/6712/3660
f 1619/5542/1619 2585/6495/2585 3660/6712/3660
f 2585/6495/2585 69/6491/69 3660/6712/3660
f 2380/5551/2380 2397/5550/2397 2730/5545/2730
f 2730/5545/2730 2097/5544/2097 3634/6713/3634
f 3660/6712/3660 3634/6713/3634 2097/5544/2097
f 2380/5551/2380 2730/5545/2730 3634/6713/3634
f 3368/5552/3368 2380/5551/2380 3536/6715/3536
f 2380/5551/2380 3634/6713/3634 3536/6715/3536
f 1576/5556/1576 3368/5552/3368 958/6716/958
f 3536/6715/3536 1583/6717/1583 958/6716/958
f 3368/5552/3368 3536/6715/3536 958/6716/958
f 1734/5562/1734 3123/5561/3123 1976/5560/1976
f 958/6716/958 2413/6718/2413 2886/6719/2886
f 1576/5556/1576 958/6716/958 304/1806/304
f 1999/5564/1999 1998/5563/1998 1734/5562/1734
f 1734/5562/1734 1976/5560/1976 1295/1810/1295
f 2886/6719/2886 2887/6720/2887 3936/6721/3936
f 2887/6720/2887 2945/6722/2945 3936/6721/3936
f 1976/5560/1976 3872/6701/3872 1295/1810/1295
f 958/6716/958 2886/6719/2886 3874/6723/3874
f 3296/5566/3296 1152/5565/1152 1999/5564/1999
f 1999/5564/1999 1734/5562/1734 1295/1810/1295
f 304/1806/304 958/6716/958 3874/6723/3874
f 3936/6721/3936 4144/6724/4144 3874/6723/3874
f 3874/6723/3874 3309/6725/3309 304/1806/304
f 3309/6725/3309 3310/602/3310 304/1806/304
f 3310/602/3310 1043/1807/1043 304/1806/304
f 304/1806/304 225/1798/225 3870/6702/3870
f 225/1798/225 855/1809/855 3870/6702/3870
f 2886/6719/2886 3936/6721/3936 3874/6723/3874
f 3296/5566/3296 1999/5564/1999 2708/5569/2708
f 485/5568/485 2619/5567/2619 3296/5566/3296
f 2222/5579/2222 2223/5570/2223 2708/5569/2708
f 2708/5569/2708 485/5568/485 3296/5566/3296
f 304/1806/304 3870/6702/3870 1576/5556/1576
f 3872/6701/3872 3871/1808/3871 1295/1810/1295
f 2708/5569/2708 1999/5564/1999 1295/1810/1295
f 3376/1180/3376 665/5580/665 2222/5579/2222
f 2222/5579/2222 2708/5569/2708 1295/1810/1295
f 1051/1178/1051 729/1778/729 2654/1179/2654
f 729/1778/729 414/5581/414 2654/1179/2654
f 2222/5579/2222 1295/1810/1295 3376/1180/3376
f 1295/1810/1295 1051/1178/1051 3376/1180/3376
f 3944/1183/3944 2346/6726/2346 4140/1181/4140
f 2346/6726/2346 1878/6727/1878 4140/1181/4140
f 1878/6727/1878 1879/6728/1879 4140/1181/4140
f 4140/1181/4140 1726/6729/1726 2804/1182/2804
f 2804/1182/2804 3610/6730/3610 3944/1183/3944
f 3610/6730/3610 2890/6731/2890 3944/1183/3944
f 1325/1185/1325 2033/5191/2033 237/1184/237
f 2033/5191/2033 2874/5450/2874 431/5452/431
f 2874/5450/2874 72/5453/72 431/5452/431
f 431/5452/431 432/5451/432 237/1184/237
f 237/1184/237 3405/5461/3405 2109/811/2109
f 2109/811/2109 2977/5181/2977 1325/1185/1325
f 2033/5191/2033 431/5452/431 237/1184/237
f 1292/1186/1292 3308/6732/3308 2324/1187/2324
f 3273/1188/3273 110/2476/110 3430/1189/3430
f 1061/1193/1061 1321/5578/1321 1923/5585/1923
f 1321/5578/1321 1859/5583/1859 1923/5585/1923
f 1859/5583/1859 2869/5586/2869 1923/5585/1923
f 1923/5585/1923 2507/1614/2507 1061/1193/1061
f 2507/1614/2507 2503/1191/2503 1061/1193/1061
f 4165/1194/4165 182/6733/182 4163/1195/4163
f 1709/380/1709 3024/6734/3024 3804/1197/3804
f 4313/1199/4313 1381/698/1381 4320/1200/4320
f 1986/1202/1986 760/5215/760 2541/1203/2541
f 760/5215/760 1683/5214/1683 2541/1203/2541
f 2541/1203/2541 2542/6735/2542 3334/1204/3334
f 4328/1383/4328 2373/5216/2373 3253/1381/3253
f 2373/5216/2373 1986/1202/1986 3253/1381/3253
f 3334/1204/3334 3935/6736/3935 1986/1202/1986
f 3935/6736/3935 3253/1381/3253 1986/1202/1986
f 710/1245/710 2746/6737/2746 324/6738/324
f 2746/6737/2746 1898/6739/1898 324/6738/324
f 324/6738/324 4181/6740/4181 2613/6741/2613
f 4181/6740/4181 2612/6742/2612 2613/6741/2613
f 1004/6743/1004 1005/6744/1005 18/6745/18
f 1005/6744/1005 710/1245/710 324/6738/324
f 18/6745/18 1005/6744/1005 2613/6741/2613
f 3506/6746/3506 3844/6747/3844 18/6745/18
f 2613/6741/2613 1005/6744/1005 324/6738/324
f 2613/6741/2613 3400/6748/3400 603/6749/603
f 3506/6746/3506 18/6745/18 3411/1207/3411
f 3411/1207/3411 18/6745/18 3994/1205/3994
f 3167/6750/3167 1201/6751/1201 3411/1207/3411
f 603/6749/603 18/6745/18 2613/6741/2613
f 603/6749/603 2021/6752/2021 3994/1205/3994
f 3994/1205/3994 902/6753/902 3050/1206/3050
f 3050/1206/3050 3167/6750/3167 3411/1207/3411
f 18/6745/18 603/6749/603 3994/1205/3994
f 2030/1210/2030 2029/6754/2029 2331/6755/2331
f 2331/6755/2331 3295/6756/3295 2030/1210/2030
f 3295/6756/3295 1922/1208/1922 2030/1210/2030
f 4295/6757/4295 3581/6758/3581 1680/2387/1680
f 3581/6758/3581 4034/6759/4034 3914/6760/3914
f 3914/6760/3914 3433/4376/3433 828/575/828
f 3581/6758/3581 3914/6760/3914 1680/2387/1680
f 3450/6761/3450 3199/6762/3199 4295/6757/4295
f 2810/6763/2810 4110/6764/4110 3450/6761/3450
f 3674/6765/3674 4114/6766/4114 2447/6767/2447
f 4114/6766/4114 2810/6763/2810 2447/6767/2447
f 3601/6768/3601 3658/6769/3658 4104/6770/4104
f 3658/6769/3658 3674/6765/3674 1849/6771/1849
f 3389/6772/3389 1460/6773/1460 3601/6768/3601
f 3665/6774/3665 3364/6775/3364 3601/6768/3601
f 3364/6775/3364 3389/6772/3389 3601/6768/3601
f 4104/6770/4104 4107/6776/4107 3601/6768/3601
f 4107/6776/4107 3665/6774/3665 3601/6768/3601
f 1850/6777/1850 4105/6778/4105 4104/6770/4104
f 1849/6771/1849 1850/6777/1850 4104/6770/4104
f 3658/6769/3658 1849/6771/1849 4104/6770/4104
f 3674/6765/3674 2447/6767/2447 1849/6771/1849
f 2810/6763/2810 3450/6761/3450 2796/6779/2796
f 2447/6767/2447 2810/6763/2810 2796/6779/2796
f 3914/6760/3914 828/575/828 1680/2387/1680
f 3450/6761/3450 4295/6757/4295 2659/876/2659
f 2796/6779/2796 2446/6780/2446 2447/6767/2447
f 556/6781/556 3943/6782/3943 1341/6783/1341
f 3943/6782/3943 2797/6784/2797 1559/875/1559
f 1341/6783/1341 3943/6782/3943 254/2384/254
f 254/2384/254 3943/6782/3943 1560/2385/1560
f 1250/6785/1250 1249/6786/1249 1341/6783/1341
f 929/1212/929 1950/6787/1950 950/6788/950
f 1250/6785/1250 1341/6783/1341 254/2384/254
f 2796/6779/2796 3450/6761/3450 2797/6784/2797
f 1680/2387/1680 3806/2386/3806 4295/6757/4295
f 3806/2386/3806 2659/876/2659 4295/6757/4295
f 1559/875/1559 1560/2385/1560 3943/6782/3943
f 2659/876/2659 1559/875/1559 2797/6784/2797
f 3450/6761/3450 2659/876/2659 2797/6784/2797
f 254/2384/254 116/2383/116 3332/224/3332
f 254/2384/254 3332/224/3332 1250/6785/1250
f 3332/224/3332 1104/1213/1104 1250/6785/1250
f 1250/6785/1250 1104/1213/1104 950/6788/950
f 1104/1213/1104 3284/188/3284 4209/1211/4209
f 3284/188/3284 2000/2744/2000 4209/1211/4209
f 2000/2744/2000 2001/2743/2001 2002/6789/2002
f 2002/6789/2002 3905/6790/3905 1374/6791/1374
f 3905/6790/3905 3741/6792/3741 1374/6791/1374
f 1956/6793/1956 878/6794/878 3684/6795/3684
f 878/6794/878 3685/6796/3685 3684/6795/3684
f 3684/6795/3684 3235/6797/3235 3741/6792/3741
f 3235/6797/3235 1374/6791/1374 3741/6792/3741
f 3741/6792/3741 1956/6793/1956 3684/6795/3684
f 2000/2744/2000 2002/6789/2002 4209/1211/4209
f 4209/1211/4209 3519/6798/3519 929/1212/929
f 3519/6798/3519 928/6799/928 929/1212/929
f 2002/6789/2002 1374/6791/1374 4209/1211/4209
f 950/6788/950 1104/1213/1104 929/1212/929
f 1586/1214/1586 1585/5096/1585 4317/1215/4317
f 4192/1217/4192 460/6800/460 1496/1218/1496
f 1057/1305/1057 3760/6801/3760 2828/733/2828
f 1069/4844/1069 4036/6641/4036 1298/1120/1298
f 3951/1352/3951 1057/1305/1057 3248/1222/3248
f 1057/1305/1057 2828/733/2828 1298/1120/1298
f 1057/1305/1057 1298/1120/1298 3248/1222/3248
f 2828/733/2828 1069/4844/1069 1298/1120/1298
f 3009/6640/3009 2059/6638/2059 2058/6639/2058
f 3009/6640/3009 2058/6639/2058 276/6802/276
f 3248/1222/3248 1298/1120/1298 3009/6640/3009
f 1640/6803/1640 4120/6804/4120 197/6805/197
f 1874/6806/1874 3326/6807/3326 3233/6808/3233
f 3233/6808/3233 1640/6803/1640 197/6805/197
f 3248/1222/3248 3009/6640/3009 2161/6809/2161
f 3009/6640/3009 276/6802/276 2161/6809/2161
f 276/6802/276 1259/6810/1259 2161/6809/2161
f 2161/6809/2161 664/6811/664 2160/6812/2160
f 2160/6812/2160 1204/6813/1204 1205/6814/1205
f 1205/6814/1205 1286/6815/1286 3452/6816/3452
f 3452/6816/3452 2235/6817/2235 1443/6818/1443
f 1443/6818/1443 1516/6819/1516 1903/1220/1903
f 1516/6819/1516 1902/6820/1902 1903/1220/1903
f 2160/6812/2160 1205/6814/1205 3248/1222/3248
f 1205/6814/1205 3452/6816/3452 3248/1222/3248
f 3452/6816/3452 1443/6818/1443 3248/1222/3248
f 1443/6818/1443 1903/1220/1903 3248/1222/3248
f 3084/6821/3084 3054/6822/3054 2322/1221/2322
f 1903/1220/1903 3084/6821/3084 2322/1221/2322
f 2322/1221/2322 1874/6806/1874 3233/6808/3233
f 2161/6809/2161 2160/6812/2160 3248/1222/3248
f 2322/1221/2322 3233/6808/3233 197/6805/197
f 2322/1221/2322 197/6805/197 3248/1222/3248
f 2981/1226/2981 2462/6823/2462 1673/1227/1673
f 1392/1228/1392 162/5731/162 1126/1229/1126
f 4308/140/4308 701/803/701 702/333/702
f 701/803/701 621/757/621 702/333/702
f 2827/1232/2827 3708/4102/3708 396/1233/396
f 625/1237/625 103/1431/103 339/1434/339
f 339/1434/339 32/3371/32 625/1237/625
f 32/3371/32 3268/1392/3268 4293/1235/4293
f 4293/1235/4293 4294/3373/4294 46/1236/46
f 32/3371/32 4293/1235/4293 625/1237/625
f 3961/1238/3961 3666/6824/3666 3962/1239/3962
f 777/1243/777 3133/5277/3133 698/5273/698
f 698/5273/698 1811/1241/1811 777/1243/777
f 3816/1244/3816 2746/6737/2746 710/1245/710
f 4187/1247/4187 2591/6825/2591 4186/1248/4186
f 4312/1250/4312 3016/6826/3016 4310/1251/4310
f 64/6827/64 2219/6828/2219 1940/1253/1940
f 2219/6828/2219 3013/5488/3013 1940/1253/1940
f 1940/1253/1940 1270/5486/1270 4262/1254/4262
f 1270/5486/1270 4263/5495/4263 4262/1254/4262
f 979/5504/979 898/6829/898 2089/5502/2089
f 898/6829/898 2885/6830/2885 1940/1253/1940
f 2885/6830/2885 64/6827/64 1940/1253/1940
f 4261/1255/4261 2089/5502/2089 1940/1253/1940
f 1940/1253/1940 2089/5502/2089 898/6829/898
f 3120/1259/3120 4085/5093/4085 3976/1260/3976
f 1639/1262/1639 3378/6831/3378 1967/1263/1967
f 3738/6832/3738 2352/6833/2352 3542/6834/3542
f 2352/6833/2352 1160/1266/1160 3542/6834/3542
f 1160/1266/1160 1159/6835/1159 2414/1267/2414
f 2414/1267/2414 2415/6836/2415 3141/6837/3141
f 3141/6837/3141 4319/6838/4319 336/2000/336
f 336/2000/336 335/2004/335 3141/6837/3141
f 335/2004/335 2548/1265/2548 2414/1267/2414
f 3141/6837/3141 335/2004/335 2414/1267/2414
f 2548/1265/2548 3542/6834/3542 1160/1266/1160
f 3985/1268/3985 3070/6187/3070 1063/1269/1063
f 3896/1047/3896 3108/6043/3108 636/1271/636
f 2037/1273/2037 3777/1634/3777 3044/1274/3044
f 3312/604/3312 4217/1630/4217 891/1276/891
f 2835/1279/2835 1562/6839/1562 1928/1277/1928
f 1562/6839/1562 4043/6840/4043 1928/1277/1928
f 4043/6840/4043 4044/6841/4044 1929/6842/1929
f 4044/6841/4044 1369/6843/1369 1366/6844/1366
f 1366/6844/1366 3656/6845/3656 3657/6846/3657
f 4044/6841/4044 1366/6844/1366 1929/6842/1929
f 3965/6847/3965 1399/6848/1399 2835/1279/2835
f 1928/1277/1928 4043/6840/4043 1929/6842/1929
f 3657/6846/3657 3100/6849/3100 3689/6850/3689
f 1366/6844/1366 3657/6846/3657 1929/6842/1929
f 3060/6851/3060 3145/6852/3145 465/1052/465
f 3145/6852/3145 3965/6847/3965 465/1052/465
f 3965/6847/3965 2835/1279/2835 2196/1278/2196
f 465/1052/465 3965/6847/3965 2196/1278/2196
f 3591/6853/3591 4003/6854/4003 3068/6193/3068
f 4003/6854/4003 3060/6851/3060 3068/6193/3068
f 2726/6192/2726 467/6855/467 3591/6853/3591
f 3068/6193/3068 3356/6191/3356 3591/6853/3591
f 3356/6191/3356 2726/6192/2726 3591/6853/3591
f 465/1052/465 2764/1051/2764 3060/6851/3060
f 2764/1051/2764 3068/6193/3068 3060/6851/3060
f 1776/6856/1776 1710/6857/1710 3744/6858/3744
f 1710/6857/1710 1929/6842/1929 3689/6850/3689
f 3744/6858/3744 1710/6857/1710 3689/6850/3689
f 1919/6859/1919 2290/1350/2290 1213/6860/1213
f 2290/1350/2290 1776/6856/1776 1213/6860/1213
f 3744/6858/3744 794/6861/794 1776/6856/1776
f 794/6861/794 1213/6860/1213 1776/6856/1776
f 3689/6850/3689 4229/6862/4229 3744/6858/3744
f 3689/6850/3689 1929/6842/1929 3657/6846/3657
f 1058/1280/1058 2334/5625/2334 1059/1281/1059
f 990/1283/990 989/6863/989 3523/1284/3523
f 855/1286/855 3871/6864/3871 3872/1287/3872
f 3690/6865/3690 1097/6866/1097 3401/6867/3401
f 3401/6867/3401 3000/6868/3000 3002/6869/3002
f 3000/6868/3000 3001/6870/3001 3002/6869/3002
f 3690/6865/3690 3401/6867/3401 2669/5701/2669
f 3401/6867/3401 3002/6869/3002 4150/6871/4150
f 2669/5701/2669 3401/6867/3401 4150/6871/4150
f 3845/6872/3845 2703/6873/2703 3925/6874/3925
f 986/6875/986 1783/6876/1783 3845/6872/3845
f 752/6877/752 985/6878/985 986/6875/986
f 2005/6879/2005 4174/6880/4174 752/6877/752
f 920/6881/920 2872/6882/2872 2130/6883/2130
f 2130/6883/2130 2005/6879/2005 752/6877/752
f 752/6877/752 986/6875/986 2718/6884/2718
f 986/6875/986 3845/6872/3845 2284/6885/2284
f 4179/6886/4179 986/6875/986 2284/6885/2284
f 986/6875/986 4179/6886/4179 2718/6884/2718
f 3845/6872/3845 3925/6874/3925 2284/6885/2284
f 920/6881/920 2130/6883/2130 2262/6887/2262
f 2130/6883/2130 752/6877/752 2262/6887/2262
f 3572/6888/3572 3970/6889/3970 2718/6884/2718
f 3970/6889/3970 2262/6887/2262 2718/6884/2718
f 2262/6887/2262 752/6877/752 2718/6884/2718
f 2284/6885/2284 2121/6890/2121 4179/6886/4179
f 1006/6891/1006 2284/6885/2284 3925/6874/3925
f 1006/6891/1006 3925/6874/3925 948/5704/948
f 3925/6874/3925 3690/6865/3690 948/5704/948
f 3025/3564/3025 3374/6892/3374 2863/5705/2863
f 3374/6892/3374 2778/6893/2778 2863/5705/2863
f 2863/5705/2863 373/3565/373 3025/3564/3025
f 948/5704/948 2862/5700/2862 1006/6891/1006
f 2862/5700/2862 2863/5705/2863 2778/6893/2778
f 398/5703/398 397/5702/397 948/5704/948
f 2669/5701/2669 399/5691/399 398/5703/398
f 3048/5699/3048 1383/5698/1383 2669/5701/2669
f 1667/5693/1667 3047/5692/3047 3048/5699/3048
f 905/4395/905 1666/5690/1666 1667/5693/1667
f 3680/61/3680 3885/4396/3885 3606/593/3606
f 3606/593/3606 905/4395/905 1667/5693/1667
f 1667/5693/1667 3048/5699/3048 3606/593/3606
f 3048/5699/3048 2669/5701/2669 3606/593/3606
f 2669/5701/2669 398/5703/398 3690/6865/3690
f 398/5703/398 948/5704/948 3690/6865/3690
f 2862/5700/2862 2778/6893/2778 1006/6891/1006
f 3606/593/3606 2669/5701/2669 3680/61/3680
f 2818/1975/2818 2669/5701/2669 4150/6871/4150
f 2818/1975/2818 3680/61/3680 2669/5701/2669
f 3558/6037/3558 2951/62/2951 2818/1975/2818
f 1934/6894/1934 3533/6038/3533 2618/995/2618
f 2618/995/2618 3558/6037/3558 517/6895/517
f 3558/6037/3558 2818/1975/2818 4150/6871/4150
f 3558/6037/3558 4150/6871/4150 517/6895/517
f 2375/6896/2375 1322/6897/1322 1934/6894/1934
f 517/6895/517 4138/6898/4138 2800/6899/2800
f 2375/6896/2375 1934/6894/1934 2800/6899/2800
f 1934/6894/1934 2618/995/2618 517/6895/517
f 4141/6900/4141 2376/6901/2376 2375/6896/2375
f 345/1291/345 21/6902/21 4141/6900/4141
f 4008/6903/4008 1790/6904/1790 345/1291/345
f 3179/6905/3179 4009/6906/4009 4008/6903/4008
f 952/6907/952 3530/6908/3530 2621/6909/2621
f 3530/6908/3530 3179/6905/3179 1542/1290/1542
f 2621/6909/2621 3530/6908/3530 1542/1290/1542
f 2621/6909/2621 2620/6910/2620 952/6907/952
f 1438/6911/1438 2052/6912/2052 2621/6909/2621
f 932/6913/932 933/6914/933 770/6915/770
f 932/6913/932 770/6915/770 1456/6916/1456
f 770/6915/770 1438/6911/1438 1456/6916/1456
f 1457/6917/1457 1458/6918/1458 3779/6919/3779
f 1458/6918/1458 1456/6916/1456 3779/6919/3779
f 1456/6916/1456 1438/6911/1438 3779/6919/3779
f 1438/6911/1438 2621/6909/2621 3779/6919/3779
f 3831/1289/3831 2552/6920/2552 1542/1290/1542
f 1542/1290/1542 3779/6919/3779 2621/6909/2621
f 3179/6905/3179 4008/6903/4008 1542/1290/1542
f 4008/6903/4008 345/1291/345 1542/1290/1542
f 345/1291/345 4141/6900/4141 3831/1289/3831
f 4141/6900/4141 2375/6896/2375 3831/1289/3831
f 1934/6894/1934 517/6895/517 2800/6899/2800
f 2800/6899/2800 2583/6921/2583 3831/1289/3831
f 2375/6896/2375 2800/6899/2800 3831/1289/3831
f 3108/1292/3108 3109/802/3109 2433/1293/2433
f 3995/6922/3995 4286/6923/4286 3214/6924/3214
f 4286/6923/4286 1028/6925/1028 3214/6924/3214
f 3214/6924/3214 3045/6926/3045 1068/6927/1068
f 2054/6928/2054 3909/6929/3909 3995/6922/3995
f 4281/6930/4281 4282/6931/4282 316/1296/316
f 4282/6931/4282 600/1297/600 316/1296/316
f 600/1297/600 2054/6928/2054 637/6932/637
f 2054/6928/2054 3995/6922/3995 637/6932/637
f 3995/6922/3995 3214/6924/3214 1068/6927/1068
f 1068/6927/1068 2739/6933/2739 637/6932/637
f 637/6932/637 1978/6934/1978 1837/1295/1837
f 1837/1295/1837 3693/6935/3693 316/1296/316
f 3693/6935/3693 317/6936/317 316/1296/316
f 1068/6927/1068 637/6932/637 3995/6922/3995
f 637/6932/637 1837/1295/1837 600/1297/600
f 2971/6937/2971 2916/6938/2916 3223/1300/3223
f 3223/1300/3223 1846/6939/1846 3222/6940/3222
f 3222/6940/3222 4291/6941/4291 1274/1298/1274
f 4291/6941/4291 4292/6942/4292 1274/1298/1274
f 1274/1298/1274 2802/6943/2802 3373/1299/3373
f 2971/6937/2971 3223/1300/3223 3373/1299/3373
f 3223/1300/3223 3222/6940/3222 1274/1298/1274
f 2791/6944/2791 2920/6945/2920 2564/1336/2564
f 2920/6945/2920 3462/1337/3462 2564/1336/2564
f 2564/1336/2564 167/4596/167 2791/6944/2791
f 167/4596/167 953/4595/953 274/4064/274
f 2791/6944/2791 167/4596/167 1233/6946/1233
f 1233/6946/1233 108/1368/108 2791/6944/2791
f 1433/6947/1433 1234/6948/1234 1233/6946/1233
f 3962/6949/3962 3666/6950/3666 1057/1305/1057
f 3666/6950/3666 1434/1306/1434 1057/1305/1057
f 2231/5482/2231 282/6951/282 1951/6952/1951
f 3619/5480/3619 2434/5483/2434 2231/5482/2231
f 4153/5478/4153 2699/5477/2699 2239/6953/2239
f 2699/5477/2699 3619/5480/3619 2795/6954/2795
f 2239/6953/2239 462/4781/462 4153/5478/4153
f 2795/6954/2795 1311/1349/1311 2239/6953/2239
f 1776/6856/1776 2290/1350/2290 2795/6954/2795
f 1928/1277/1928 1929/6842/1929 1710/6857/1710
f 2196/1278/2196 1928/1277/1928 1710/6857/1710
f 1063/1269/1063 3070/6187/3070 146/6186/146
f 146/6186/146 2196/1278/2196 1710/6857/1710
f 146/6186/146 1710/6857/1710 1063/1269/1063
f 1710/6857/1710 1776/6856/1776 3694/6955/3694
f 1063/1269/1063 1710/6857/1710 3694/6955/3694
f 2502/6956/2502 1062/1270/1062 3694/6955/3694
f 1062/1270/1062 1063/1269/1063 3694/6955/3694
f 2795/6954/2795 2239/6953/2239 2699/5477/2699
f 1776/6856/1776 2795/6954/2795 197/6805/197
f 3694/6955/3694 1776/6856/1776 197/6805/197
f 197/6805/197 4120/6804/4120 3694/6955/3694
f 2795/6954/2795 3619/5480/3619 2231/5482/2231
f 2795/6954/2795 2231/5482/2231 197/6805/197
f 2231/5482/2231 1951/6952/1951 197/6805/197
f 3951/1352/3951 3248/1222/3248 197/6805/197
f 1021/6957/1021 3760/6801/3760 1020/3089/1020
f 3760/6801/3760 1057/1305/1057 709/291/709
f 709/291/709 1020/3089/1020 3760/6801/3760
f 3816/1304/3816 3723/3090/3723 709/291/709
f 2925/6958/2925 3869/1333/3869 3899/6959/3899
f 2875/6960/2875 482/1334/482 686/6471/686
f 482/1334/482 2925/6958/2925 1993/434/1993
f 686/6471/686 482/1334/482 1993/434/1993
f 686/6471/686 3091/6470/3091 2875/6960/2875
f 1992/433/1992 2068/1103/2068 1993/434/1993
f 2068/1103/2068 686/6471/686 1993/434/1993
f 860/6961/860 2479/432/2479 1993/434/1993
f 2925/6958/2925 3899/6959/3899 2281/4592/2281
f 1993/434/1993 2925/6958/2925 2281/4592/2281
f 1993/434/1993 2281/4592/2281 860/6961/860
f 1434/1306/1434 3899/6959/3899 3816/1304/3816
f 425/6962/425 1554/6963/1554 2617/6964/2617
f 1554/6963/1554 3118/6965/3118 2617/6964/2617
f 2598/6966/2598 2768/6967/2768 2769/6968/2769
f 2769/6968/2769 2617/6964/2617 2281/4592/2281
f 2617/6964/2617 3118/6965/3118 2281/4592/2281
f 2294/6969/2294 2599/6970/2599 2598/6966/2598
f 3532/6971/3532 1265/6972/1265 2294/6969/2294
f 2221/389/2221 2307/6973/2307 3532/6971/3532
f 3308/6732/3308 3921/3586/3921 2324/1187/2324
f 3921/3586/3921 2221/389/2221 3532/6971/3532
f 2324/1187/2324 3921/3586/3921 3532/6971/3532
f 240/4217/240 1186/505/1186 2324/1187/2324
f 3532/6971/3532 2294/6969/2294 2679/4211/2679
f 238/4209/238 3532/6971/3532 2679/4211/2679
f 3532/6971/3532 238/4209/238 240/4217/240
f 2294/6969/2294 2598/6966/2598 643/638/643
f 240/4217/240 2324/1187/2324 3532/6971/3532
f 238/4209/238 239/506/239 240/4217/240
f 2679/4211/2679 814/4210/814 238/4209/238
f 2281/4592/2281 643/638/643 2769/6968/2769
f 643/638/643 2679/4211/2679 2294/6969/2294
f 2769/6968/2769 643/638/643 2598/6966/2598
f 3293/3528/3293 1558/365/1558 2281/4592/2281
f 1206/4590/1206 1093/367/1093 1092/366/1092
f 3808/4524/3808 2698/4591/2698 1206/4590/1206
f 1349/4501/1349 612/4525/612 1348/4502/1348
f 612/4525/612 3808/4524/3808 1206/4590/1206
f 1348/4502/1348 612/4525/612 1206/4590/1206
f 1865/4505/1865 2073/4504/2073 1348/4502/1348
f 1758/631/1758 1086/4506/1086 1865/4505/1865
f 1865/4505/1865 1348/4502/1348 1206/4590/1206
f 1865/4505/1865 1206/4590/1206 1758/631/1758
f 1206/4590/1206 1092/366/1092 1758/631/1758
f 817/4507/817 818/632/818 1758/631/1758
f 1758/631/1758 1092/366/1092 817/4507/817
f 1092/366/1092 3293/3528/3293 817/4507/817
f 2042/4509/2042 2043/4508/2043 817/4507/817
f 817/4507/817 3293/3528/3293 2042/4509/2042
f 3293/3528/3293 2281/4592/2281 783/3941/783
f 2042/4509/2042 3293/3528/3293 654/4511/654
f 654/4511/654 651/4510/651 2042/4509/2042
f 654/4511/654 3293/3528/3293 783/3941/783
f 2236/4515/2236 2453/4513/2453 654/4511/654
f 4167/3940/4167 3738/4517/3738 2236/4515/2236
f 783/3941/783 962/446/962 961/445/961
f 961/445/961 4167/3940/4167 654/4511/654
f 4167/3940/4167 2236/4515/2236 654/4511/654
f 961/445/961 654/4511/654 783/3941/783
f 2179/3947/2179 3673/3943/3673 783/3941/783
f 2179/3947/2179 783/3941/783 2281/4592/2281
f 2177/1073/2177 2178/3945/2178 2179/3947/2179
f 2008/569/2008 466/1072/466 3484/1074/3484
f 3484/1074/3484 2177/1073/2177 2179/3947/2179
f 3484/1074/3484 2179/3947/2179 2281/4592/2281
f 1280/570/1280 2008/569/2008 3484/1074/3484
f 826/4840/826 3370/568/3370 1280/570/1280
f 2163/4842/2163 1037/731/1037 73/4841/73
f 73/4841/73 826/4840/826 1280/570/1280
f 1280/570/1280 3484/1074/3484 2281/4592/2281
f 73/4841/73 1280/570/1280 1461/4651/1461
f 1280/570/1280 2281/4592/2281 1461/4651/1461
f 73/4841/73 1461/4651/1461 1591/1348/1591
f 3974/4648/3974 405/4843/405 2163/4842/2163
f 2163/4842/2163 73/4841/73 1591/1348/1591
f 3974/4648/3974 2163/4842/2163 1591/1348/1591
f 4162/1347/4162 1876/665/1876 1208/4649/1208
f 1208/4649/1208 3974/4648/3974 1591/1348/1591
f 1591/1348/1591 4162/1347/4162 1208/4649/1208
f 1461/4651/1461 1590/668/1590 1591/1348/1591
f 1531/1339/1531 1756/1341/1756 1461/4651/1461
f 995/6974/995 3612/6975/3612 1461/4651/1461
f 3612/6975/3612 2865/6976/2865 1461/4651/1461
f 2865/6976/2865 1531/1339/1531 1461/4651/1461
f 995/6974/995 1461/4651/1461 302/4057/302
f 1461/4651/1461 2281/4592/2281 1233/6946/1233
f 995/6974/995 302/4057/302 2251/4052/2251
f 1384/4004/1384 1385/6977/1385 995/6974/995
f 2251/4052/2251 2250/4006/2250 1384/4004/1384
f 171/4053/171 172/4051/172 2251/4052/2251
f 3391/4055/3391 1821/4054/1821 171/4053/171
f 302/4057/302 303/4056/303 3391/4055/3391
f 2903/4059/2903 2672/4058/2672 302/4057/302
f 833/4060/833 834/474/834 2903/4059/2903
f 1448/4062/1448 1363/4061/1363 833/4060/833
f 274/4064/274 275/4063/275 1448/4062/1448
f 296/4066/296 295/4065/295 274/4064/274
f 1744/4068/1744 1131/4067/1131 296/4066/296
f 3105/4070/3105 2963/4069/2963 1744/4068/1744
f 1316/4072/1316 2815/4071/2815 3105/4070/3105
f 3015/4074/3015 201/4073/201 1316/4072/1316
f 134/4076/134 1017/4075/1017 3015/4074/3015
f 459/4078/459 105/4077/105 134/4076/134
f 1793/4107/1793 1339/4079/1339 459/4078/459
f 1475/936/1475 3737/4081/3737 1478/4080/1478
f 1476/5785/1476 1475/936/1475 1478/4080/1478
f 592/5363/592 3017/937/3017 1476/5785/1476
f 768/5365/768 593/5364/593 1315/5366/1315
f 593/5364/593 592/5363/592 1315/5366/1315
f 2217/4607/2217 3237/4606/3237 1315/5366/1315
f 592/5363/592 1476/5785/1476 1478/4080/1478
f 592/5363/592 1478/4080/1478 1793/4107/1793
f 2217/4607/2217 1315/5366/1315 592/5363/592
f 2323/4603/2323 1693/4602/1693 2217/4607/2217
f 953/4595/953 867/645/867 2323/4603/2323
f 1233/6946/1233 167/4596/167 274/4064/274
f 2323/4603/2323 2217/4607/2217 1793/4107/1793
f 2217/4607/2217 592/5363/592 1793/4107/1793
f 953/4595/953 2323/4603/2323 459/4078/459
f 296/4066/296 953/4595/953 3015/4074/3015
f 1433/6947/1433 1233/6946/1233 2281/4592/2281
f 953/4595/953 296/4066/296 274/4064/274
f 459/4078/459 134/4076/134 3015/4074/3015
f 2323/4603/2323 1793/4107/1793 459/4078/459
f 953/4595/953 459/4078/459 3015/4074/3015
f 3015/4074/3015 1316/4072/1316 1744/4068/1744
f 1316/4072/1316 3105/4070/3105 1744/4068/1744
f 296/4066/296 3015/4074/3015 1744/4068/1744
f 274/4064/274 1448/4062/1448 833/4060/833
f 274/4064/274 833/4060/833 1461/4651/1461
f 833/4060/833 2903/4059/2903 302/4057/302
f 1461/4651/1461 833/4060/833 302/4057/302
f 1233/6946/1233 274/4064/274 1461/4651/1461
f 302/4057/302 3391/4055/3391 171/4053/171
f 302/4057/302 171/4053/171 2251/4052/2251
f 2251/4052/2251 1384/4004/1384 995/6974/995
f 1433/6947/1433 2281/4592/2281 3899/6959/3899
f 1433/6947/1433 3899/6959/3899 1434/1306/1434
f 2281/4592/2281 3118/6965/3118 860/6961/860
f 1951/6952/1951 3962/6949/3962 1057/1305/1057
f 1951/6952/1951 1057/1305/1057 197/6805/197
f 3951/1352/3951 197/6805/197 1057/1305/1057
f 709/291/709 1057/1305/1057 3816/1304/3816
f 3260/6978/3260 1486/6979/1486 3352/6980/3352
f 1486/6979/1486 3574/6981/3574 3352/6980/3352
f 2277/6982/2277 2278/6983/2278 4001/6984/4001
f 2278/6983/2278 3404/1312/3404 4001/6984/4001
f 3404/1312/3404 3260/6978/3260 1642/6985/1642
f 3260/6978/3260 3352/6980/3352 1471/6986/1471
f 4071/6987/4071 2864/6988/2864 2045/6989/2045
f 2864/6988/2864 2046/6990/2046 2045/6989/2045
f 3260/6978/3260 1471/6986/1471 1470/6991/1470
f 3352/6980/3352 4071/6987/4071 981/6992/981
f 1471/6986/1471 3352/6980/3352 350/6993/350
f 3041/6994/3041 3686/6995/3686 4001/6984/4001
f 3697/6996/3697 31/6997/31 3041/6994/3041
f 158/6998/158 1851/6999/1851 3276/7000/3276
f 1851/6999/1851 3697/6996/3697 3276/7000/3276
f 4063/7001/4063 1698/7002/1698 3276/7000/3276
f 3276/7000/3276 3697/6996/3697 4063/7001/4063
f 3697/6996/3697 3041/6994/3041 4063/7001/4063
f 1084/7003/1084 4037/7004/4037 4063/7001/4063
f 4001/6984/4001 3404/1312/3404 104/7005/104
f 2904/7006/2904 3260/6978/3260 1470/6991/1470
f 4063/7001/4063 3041/6994/3041 1084/7003/1084
f 3041/6994/3041 4001/6984/4001 381/7007/381
f 381/7007/381 1084/7003/1084 3041/6994/3041
f 104/7005/104 3794/7008/3794 381/7007/381
f 947/7009/947 2079/7010/2079 104/7005/104
f 3224/7011/3224 946/7012/946 947/7009/947
f 2816/7013/2816 1361/7014/1361 3224/7011/3224
f 422/7015/422 3525/7016/3525 2816/7013/2816
f 3270/7017/3270 3721/7018/3721 422/7015/422
f 3600/7019/3600 3383/7020/3383 2756/7021/2756
f 3383/7020/3383 3270/7017/3270 2756/7021/2756
f 1116/7022/1116 4095/7023/4095 2756/7021/2756
f 422/7015/422 2816/7013/2816 3224/7011/3224
f 2756/7021/2756 3270/7017/3270 1116/7022/1116
f 3270/7017/3270 422/7015/422 1116/7022/1116
f 2269/7024/2269 3056/7025/3056 1116/7022/1116
f 422/7015/422 3224/7011/3224 2269/7024/2269
f 3224/7011/3224 947/7009/947 3404/1312/3404
f 2269/7024/2269 4101/7026/4101 3155/7027/3155
f 4101/7026/4101 2269/7024/2269 1687/1311/1687
f 947/7009/947 104/7005/104 3404/1312/3404
f 3404/1312/3404 2269/7024/2269 3224/7011/3224
f 2269/7024/2269 1116/7022/1116 422/7015/422
f 3155/7027/3155 1368/7028/1368 2269/7024/2269
f 4101/7026/4101 3165/7029/3165 3155/7027/3155
f 1687/1311/1687 3772/7030/3772 4101/7026/4101
f 3823/7031/3823 3788/7032/3788 1687/1311/1687
f 1968/7033/1968 1184/7034/1184 3823/7031/3823
f 2463/7035/2463 4272/7036/4272 3495/7037/3495
f 4272/7036/4272 1968/7033/1968 3495/7037/3495
f 1968/7033/1968 3823/7031/3823 3495/7037/3495
f 3823/7031/3823 1687/1311/1687 3495/7037/3495
f 2269/7024/2269 3404/1312/3404 1687/1311/1687
f 104/7005/104 381/7007/381 4001/6984/4001
f 775/1310/775 3495/7037/3495 1687/1311/1687
f 1642/6985/1642 2954/7038/2954 775/1310/775
f 2904/7006/2904 3669/7039/3669 1642/6985/1642
f 1470/6991/1470 870/7040/870 2904/7006/2904
f 1471/6986/1471 2582/7041/2582 1470/6991/1470
f 349/7042/349 1556/7043/1556 350/6993/350
f 706/7044/706 349/7042/349 350/6993/350
f 706/7044/706 350/6993/350 353/7045/353
f 353/7045/353 350/6993/350 3352/6980/3352
f 353/7045/353 707/7046/707 706/7044/706
f 981/6992/981 3445/7047/3445 353/7045/353
f 1742/7048/1742 982/7049/982 981/6992/981
f 2045/6989/2045 1035/7050/1035 1742/7048/1742
f 2046/6990/2046 2044/7051/2044 2045/6989/2045
f 3260/6978/3260 2904/7006/2904 1642/6985/1642
f 2045/6989/2045 1742/7048/1742 4071/6987/4071
f 1742/7048/1742 981/6992/981 4071/6987/4071
f 981/6992/981 353/7045/353 3352/6980/3352
f 1642/6985/1642 775/1310/775 3404/1312/3404
f 2389/7052/2389 1948/7053/1948 2149/7054/2149
f 2149/7054/2149 4216/7055/4216 4005/7056/4005
f 4005/7056/4005 1754/7057/1754 1322/7058/1322
f 1754/7057/1754 3533/7059/3533 1322/7058/1322
f 3533/7059/3533 1934/7060/1934 1322/7058/1322
f 1322/7058/1322 2375/7061/2375 2376/7062/2376
f 2376/7062/2376 4141/7063/4141 21/7064/21
f 21/7064/21 345/7065/345 1790/7066/1790
f 1790/7066/1790 4008/5549/4008 1528/5572/1528
f 4008/5549/4008 602/5548/602 1528/5572/1528
f 1528/5572/1528 1529/5571/1529 1530/5574/1530
f 1322/7058/1322 2376/7062/2376 4005/7056/4005
f 2376/7062/2376 21/7064/21 4005/7056/4005
f 1790/7066/1790 1528/5572/1528 1530/5574/1530
f 21/7064/21 1790/7066/1790 713/5577/713
f 1790/7066/1790 1530/5574/1530 598/5576/598
f 713/5577/713 1790/7066/1790 598/5576/598
f 1530/5574/1530 599/5573/599 598/5576/598
f 598/5576/598 714/5575/714 713/5577/713
f 713/5577/713 2340/1612/2340 2389/7052/2389
f 2340/1612/2340 2435/1611/2435 3778/1610/3778
f 3778/1610/3778 2844/1609/2844 35/1608/35
f 2340/1612/2340 3778/1610/3778 2389/7052/2389
f 3778/1610/3778 35/1608/35 832/1315/832
f 2093/1314/2093 3778/1610/3778 832/1315/832
f 35/1608/35 36/1607/36 34/1623/34
f 34/1623/34 992/1622/992 960/2646/960
f 992/1622/992 993/502/993 3699/2648/3699
f 960/2646/960 992/1622/992 3699/2648/3699
f 993/502/993 4322/7067/4322 3699/2648/3699
f 960/2646/960 2808/2645/2808 772/2652/772
f 3778/1610/3778 2093/1314/2093 2389/7052/2389
f 35/1608/35 34/1623/34 832/1315/832
f 772/2652/772 1713/2651/1713 1712/2654/1712
f 34/1623/34 960/2646/960 772/2652/772
f 21/7064/21 713/5577/713 2149/7054/2149
f 2149/7054/2149 4005/7056/4005 21/7064/21
f 2389/7052/2389 2149/7054/2149 713/5577/713
f 34/1623/34 772/2652/772 1712/2654/1712
f 1712/2654/1712 3704/2653/3704 2057/7068/2057
f 34/1623/34 1712/2654/1712 832/1315/832
f 3893/7069/3893 2094/7070/2094 2093/1314/2093
f 3247/7071/3247 3246/7072/3246 832/1315/832
f 3246/7072/3246 2882/1313/2882 832/1315/832
f 2882/1313/2882 3893/7069/3893 2093/1314/2093
f 1712/2654/1712 2057/7068/2057 832/1315/832
f 832/1315/832 3331/7073/3331 3247/7071/3247
f 3354/1316/3354 1723/7074/1723 4320/1317/4320
f 2169/5116/2169 2775/5115/2775 1612/5114/1612
f 2169/5116/2169 1612/5114/1612 743/1330/743
f 1154/5118/1154 1153/5117/1153 2169/5116/2169
f 3856/4202/3856 1155/5119/1155 3857/7075/3857
f 1155/5119/1155 1154/5118/1154 3857/7075/3857
f 3595/7076/3595 3858/7077/3858 3857/7075/3857
f 1154/5118/1154 2169/5116/2169 2173/1329/2173
f 2169/5116/2169 743/1330/743 2173/1329/2173
f 4185/5838/4185 1032/7078/1032 1031/1328/1031
f 1032/7078/1032 75/7079/75 1031/1328/1031
f 3857/7075/3857 1154/5118/1154 2173/1329/2173
f 743/1330/743 4185/5838/4185 1031/1328/1031
f 75/7079/75 3320/7080/3320 1318/7081/1318
f 1318/7081/1318 3321/7082/3321 75/7079/75
f 3321/7082/3321 1691/7083/1691 75/7079/75
f 75/7079/75 1691/7083/1691 1031/1328/1031
f 2173/1329/2173 3595/7076/3595 3857/7075/3857
f 3869/1333/3869 2925/6958/2925 482/1334/482
f 2515/3532/2515 3346/7084/3346 973/3533/973
f 3346/7084/3346 3729/7085/3729 973/3533/973
f 3729/7085/3729 2707/7086/2707 3714/7087/3714
f 3714/7087/3714 2452/7088/2452 127/7089/127
f 127/7089/127 126/7090/126 3209/7091/3209
f 3209/7091/3209 3208/7092/3208 3380/7093/3380
f 594/7094/594 3987/7095/3987 176/7096/176
f 3209/7091/3209 3380/7093/3380 594/7094/594
f 3729/7085/3729 3714/7087/3714 554/3534/554
f 3714/7087/3714 127/7089/127 176/7096/176
f 127/7089/127 3209/7091/3209 594/7094/594
f 176/7096/176 175/7097/175 1527/7098/1527
f 127/7089/127 594/7094/594 176/7096/176
f 973/3533/973 2514/369/2514 2515/3532/2515
f 1541/3529/1541 1624/370/1624 554/3534/554
f 554/3534/554 973/3533/973 3729/7085/3729
f 3714/7087/3714 176/7096/176 554/3534/554
f 1527/7098/1527 2412/7099/2412 1541/3529/1541
f 2412/7099/2412 3049/7100/3049 1541/3529/1541
f 176/7096/176 1527/7098/1527 1541/3529/1541
f 554/3534/554 176/7096/176 1541/3529/1541
f 3703/7101/3703 1777/3531/1777 3517/3530/3517
f 1792/4828/1792 3703/7101/3703 3517/3530/3517
f 3517/3530/3517 1541/3529/1541 3254/715/3254
f 3254/715/3254 3049/7100/3049 1172/1342/1172
f 1541/3529/1541 3049/7100/3049 3254/715/3254
f 1172/1342/1172 4326/7102/4326 2372/1343/2372
f 2372/1343/2372 4328/7103/4328 3254/715/3254
f 3254/715/3254 1792/4828/1792 3517/3530/3517
f 1311/1349/1311 2795/6954/2795 2290/1350/2290
f 1312/1351/1312 462/4781/462 1311/1349/1311
f 462/4781/462 2239/6953/2239 1311/1349/1311
f 2185/1357/2185 2936/2479/2936 2937/1358/2937
f 22/1360/22 3893/4370/3893 2882/1361/2882
f 2421/7104/2421 2420/7105/2420 934/7106/934
f 934/7106/934 935/7107/935 2706/7108/2706
f 2706/7108/2706 2705/7109/2705 4221/7110/4221
f 4221/7110/4221 3186/7111/3186 3314/7112/3314
f 3314/7112/3314 3707/7113/3707 1703/7114/1703
f 1703/7114/1703 3339/7115/3339 1845/7116/1845
f 4170/7117/4170 2422/7118/2422 3612/6975/3612
f 3314/7112/3314 1703/7114/1703 2305/2849/2305
f 1703/7114/1703 1845/7116/1845 2305/2849/2305
f 4170/7117/4170 3612/6975/3612 995/6974/995
f 4221/7110/4221 3314/7112/3314 2305/2849/2305
f 1845/7116/1845 4170/7117/4170 1385/6977/1385
f 4170/7117/4170 995/6974/995 1385/6977/1385
f 1385/6977/1385 1384/4004/1384 1047/4003/1047
f 2706/7108/2706 4221/7110/4221 2141/108/2141
f 934/7106/934 2706/7108/2706 2141/108/2141
f 4221/7110/4221 2305/2849/2305 2430/106/2430
f 1845/7116/1845 1385/6977/1385 3069/2842/3069
f 1385/6977/1385 1047/4003/1047 3069/2842/3069
f 1047/4003/1047 1046/4002/1046 1437/2803/1437
f 1437/2803/1437 2288/2826/2288 3069/2842/3069
f 3069/2842/3069 3922/2839/3922 1462/2844/1462
f 1462/2844/1462 1463/2843/1463 1464/2846/1464
f 1464/2846/1464 3200/2845/3200 2997/2848/2997
f 2997/2848/2997 207/2847/207 2305/2849/2305
f 2430/106/2430 2141/108/2141 4221/7110/4221
f 2141/108/2141 911/2850/911 305/7119/305
f 305/7119/305 2481/7120/2481 3319/7121/3319
f 3319/7121/3319 3902/7122/3902 4278/7123/4278
f 4278/7123/4278 2695/7124/2695 4069/7125/4069
f 4069/7125/4069 1973/7126/1973 3311/7127/3311
f 3311/7127/3311 3599/7128/3599 1338/7129/1338
f 1338/7129/1338 3158/7130/3158 668/7131/668
f 668/7131/668 3504/7132/3504 3240/7133/3240
f 3240/7133/3240 1112/7134/1112 2318/653/2318
f 922/652/922 4032/4641/4032 2916/7135/2916
f 4032/4641/4032 3148/7136/3148 2916/7135/2916
f 3240/7133/3240 2318/653/2318 4183/7137/4183
f 2318/653/2318 922/652/922 3215/7138/3215
f 3215/7138/3215 922/652/922 1858/2716/1858
f 1338/7129/1338 668/7131/668 2421/7104/2421
f 668/7131/668 3240/7133/3240 3611/7139/3611
f 4069/7125/4069 3311/7127/3311 2421/7104/2421
f 3311/7127/3311 1338/7129/1338 2421/7104/2421
f 3319/7121/3319 4278/7123/4278 2141/108/2141
f 4278/7123/4278 4069/7125/4069 934/7106/934
f 934/7106/934 4069/7125/4069 2421/7104/2421
f 2141/108/2141 305/7119/305 3319/7121/3319
f 1464/2846/1464 2997/2848/2997 1845/7116/1845
f 2997/2848/2997 2305/2849/2305 1845/7116/1845
f 668/7131/668 3611/7139/3611 2421/7104/2421
f 3148/7136/3148 4029/7140/4029 2473/7141/2473
f 4278/7123/4278 934/7106/934 2141/108/2141
f 1858/2716/1858 922/652/922 3793/7142/3793
f 1462/2844/1462 1464/2846/1464 1845/7116/1845
f 1047/4003/1047 1437/2803/1437 3069/2842/3069
f 3069/2842/3069 1462/2844/1462 1845/7116/1845
f 2473/7141/2473 2467/7143/2467 2216/4630/2216
f 2665/4629/2665 955/4627/955 122/4623/122
f 2473/7141/2473 2216/4630/2216 2665/4629/2665
f 3148/7136/3148 2473/7141/2473 2584/7144/2584
f 2473/7141/2473 2665/4629/2665 2584/7144/2584
f 2665/4629/2665 122/4623/122 2326/4622/2326
f 1655/4621/1655 3300/4620/3300 3667/7145/3667
f 3300/4620/3300 3592/4637/3592 206/7146/206
f 2665/4629/2665 2326/4622/2326 2584/7144/2584
f 2326/4622/2326 1655/4621/1655 475/7147/475
f 2917/7148/2917 2326/4622/2326 475/7147/475
f 2326/4622/2326 2917/7148/2917 2584/7144/2584
f 3592/4637/3592 3262/7149/3262 206/7146/206
f 206/7146/206 823/7150/823 824/7151/824
f 824/7151/824 1916/7152/1916 2915/7153/2915
f 2915/7153/2915 2914/7154/2914 3667/7145/3667
f 3667/7145/3667 1546/7155/1546 1655/4621/1655
f 1546/7155/1546 1214/7156/1214 1655/4621/1655
f 475/7147/475 1255/7157/1255 2917/7148/2917
f 1214/7156/1214 475/7147/475 1655/4621/1655
f 824/7151/824 2915/7153/2915 3300/4620/3300
f 2915/7153/2915 3667/7145/3667 3300/4620/3300
f 3300/4620/3300 206/7146/206 824/7151/824
f 2917/7148/2917 4097/7158/4097 224/7159/224
f 224/7159/224 2995/7160/2995 1569/7161/1569
f 1569/7161/1569 4273/7162/4273 2584/7144/2584
f 2584/7144/2584 253/7163/253 252/7164/252
f 252/7164/252 1492/7165/1492 2901/7166/2901
f 2901/7166/2901 3023/7167/3023 2771/7168/2771
f 2771/7168/2771 179/7169/179 3635/7170/3635
f 3635/7170/3635 357/7171/357 356/7172/356
f 356/7172/356 2966/7173/2966 3960/7174/3960
f 3960/7174/3960 3432/7175/3432 2999/7176/2999
f 2999/7176/2999 4296/7177/4296 1192/7178/1192
f 1192/7178/1192 3193/7179/3193 3192/7180/3192
f 3192/7180/3192 515/7181/515 1192/7178/1192
f 515/7181/515 4323/2706/4323 1192/7178/1192
f 4323/2706/4323 3073/2708/3073 1551/2714/1551
f 1846/2721/1846 3223/7182/3223 2901/7166/2901
f 3223/7182/3223 2916/7135/2916 3148/7136/3148
f 2901/7166/2901 3223/7182/3223 252/7164/252
f 4323/2706/4323 1551/2714/1551 1192/7178/1192
f 1551/2714/1551 1846/2721/1846 2771/7168/2771
f 2999/7176/2999 1551/2714/1551 3960/7174/3960
f 356/7172/356 3960/7174/3960 1551/2714/1551
f 2999/7176/2999 1192/7178/1192 1551/2714/1551
f 1551/2714/1551 3635/7170/3635 356/7172/356
f 2916/7135/2916 2971/2724/2971 922/652/922
f 2971/2724/2971 2210/164/2210 922/652/922
f 3793/7142/3793 2381/2717/2381 1858/2716/1858
f 2210/164/2210 3793/7142/3793 922/652/922
f 3635/7170/3635 1551/2714/1551 2771/7168/2771
f 2901/7166/2901 2771/7168/2771 1846/2721/1846
f 252/7164/252 3223/7182/3223 3148/7136/3148
f 224/7159/224 1569/7161/1569 2584/7144/2584
f 2584/7144/2584 252/7164/252 3148/7136/3148
f 2917/7148/2917 224/7159/224 2584/7144/2584
f 792/2713/792 2686/7183/2686 2685/7184/2685
f 3732/7185/3732 3057/7186/3057 3566/7187/3566
f 1826/1367/1826 792/2713/792 2685/7184/2685
f 3732/7185/3732 3566/7187/3566 3226/7188/3226
f 1826/1367/1826 2685/7184/2685 3294/7189/3294
f 2685/7184/2685 3732/7185/3732 3294/7189/3294
f 3226/7188/3226 3348/7190/3348 2341/7191/2341
f 3348/7190/3348 360/7192/360 2341/7191/2341
f 2341/7191/2341 2342/7193/2342 1313/7194/1313
f 3240/7133/3240 4183/7137/4183 3611/7139/3611
f 4183/7137/4183 2318/653/2318 4020/7195/4020
f 1858/2716/1858 1826/1367/1826 520/1366/520
f 4020/7195/4020 6/7196/6 4183/7137/4183
f 4020/7195/4020 2318/653/2318 1386/7197/1386
f 2318/653/2318 3215/7138/3215 1386/7197/1386
f 3732/7185/3732 3226/7188/3226 1313/7194/1313
f 3226/7188/3226 2341/7191/2341 1313/7194/1313
f 3429/7198/3429 1752/7199/1752 4020/7195/4020
f 3215/7138/3215 1858/2716/1858 520/1366/520
f 3732/7185/3732 1313/7194/1313 3294/7189/3294
f 3294/7189/3294 1852/7200/1852 3953/7201/3953
f 3953/7201/3953 2637/7202/2637 2636/7203/2636
f 2636/7203/2636 4257/7204/4257 2535/7205/2535
f 2535/7205/2535 220/7206/220 3516/7207/3516
f 3516/7207/3516 3916/7208/3916 3417/7209/3417
f 3916/7208/3916 3917/7210/3917 3417/7209/3417
f 2636/7203/2636 2535/7205/2535 3516/7207/3516
f 3953/7201/3953 2636/7203/2636 2946/7211/2946
f 2636/7203/2636 3516/7207/3516 3463/7212/3463
f 3463/7212/3463 3516/7207/3516 2853/7213/2853
f 3516/7207/3516 3417/7209/3417 3578/7214/3578
f 3578/7214/3578 121/7215/121 1039/7216/1039
f 1039/7216/1039 1038/7217/1038 3500/7218/3500
f 3500/7218/3500 1537/7219/1537 1536/7220/1536
f 1536/7220/1536 102/7221/102 4065/7222/4065
f 4065/7222/4065 3749/7223/3749 3499/7224/3499
f 2587/7225/2587 1832/7226/1832 3066/7227/3066
f 4065/7222/4065 3499/7224/3499 2587/7225/2587
f 1536/7220/1536 4065/7222/4065 3544/7228/3544
f 4065/7222/4065 2587/7225/2587 3544/7228/3544
f 3066/7227/3066 1833/7229/1833 624/7230/624
f 2587/7225/2587 3066/7227/3066 3544/7228/3544
f 3500/7218/3500 1536/7220/1536 3544/7228/3544
f 3066/7227/3066 624/7230/624 3544/7228/3544
f 3544/7228/3544 2461/7231/2461 1320/7232/1320
f 2853/7213/2853 2710/7233/2710 3463/7212/3463
f 3463/7212/3463 1794/7234/1794 1512/7235/1512
f 1512/7235/1512 1513/7236/1513 1873/7237/1873
f 1873/7237/1873 1872/7238/1872 2946/7211/2946
f 248/7239/248 249/7240/249 2799/7241/2799
f 1512/7235/1512 1873/7237/1873 2636/7203/2636
f 1873/7237/1873 2946/7211/2946 2636/7203/2636
f 3463/7212/3463 1512/7235/1512 2636/7203/2636
f 3516/7207/3516 3578/7214/3578 2853/7213/2853
f 3578/7214/3578 1039/7216/1039 2853/7213/2853
f 1039/7216/1039 3500/7218/3500 1320/7232/1320
f 3500/7218/3500 3544/7228/3544 1320/7232/1320
f 1826/1367/1826 3294/7189/3294 3953/7201/3953
f 1039/7216/1039 1320/7232/1320 2853/7213/2853
f 1826/1367/1826 3953/7201/3953 2946/7211/2946
f 1240/7242/1240 1753/7243/1753 3429/7198/3429
f 3429/7198/3429 4020/7195/4020 1386/7197/1386
f 1240/7242/1240 3429/7198/3429 1863/7244/1863
f 1863/7244/1863 4284/7245/4284 1240/7242/1240
f 386/7246/386 2651/7247/2651 1863/7244/1863
f 1106/7248/1106 3790/7249/3790 386/7246/386
f 2545/7250/2545 1606/7251/1606 552/7252/552
f 552/7252/552 1106/7248/1106 386/7246/386
f 386/7246/386 1863/7244/1863 2545/7250/2545
f 2545/7250/2545 1863/7244/1863 1386/7197/1386
f 2946/7211/2946 248/7239/248 1826/1367/1826
f 2799/7241/2799 3780/7253/3780 4023/7254/4023
f 248/7239/248 2799/7241/2799 1826/1367/1826
f 2799/7241/2799 4023/7254/4023 3216/7255/3216
f 3216/7255/3216 4023/7254/4023 3799/7256/3799
f 4022/7257/4022 1382/7258/1382 1426/7259/1426
f 4022/7257/4022 1426/7259/1426 4126/7260/4126
f 4169/7261/4169 3159/7262/3159 3799/7256/3799
f 4022/7257/4022 4126/7260/4126 4169/7261/4169
f 4023/7254/4023 4022/7257/4022 4169/7261/4169
f 3799/7256/3799 1414/7263/1414 3216/7255/3216
f 4023/7254/4023 4169/7261/4169 3799/7256/3799
f 3216/7255/3216 1659/7264/1659 1261/1365/1261
f 2799/7241/2799 3216/7255/3216 1261/1365/1261
f 552/7252/552 386/7246/386 2545/7250/2545
f 1386/7197/1386 1943/7265/1943 2545/7250/2545
f 1386/7197/1386 1863/7244/1863 3429/7198/3429
f 2799/7241/2799 1261/1365/1261 1826/1367/1826
f 1261/1365/1261 1262/7266/1262 520/1366/520
f 3215/7138/3215 631/7267/631 1386/7197/1386
f 1083/7268/1083 3117/7269/3117 2920/6945/2920
f 2920/6945/2920 2791/6944/2791 1083/7268/1083
f 2791/6944/2791 108/1368/108 1083/7268/1083
f 108/1368/108 1233/6946/1233 3961/7270/3961
f 1233/6946/1233 1234/6948/1234 3961/7270/3961
f 1234/6948/1234 1433/6947/1433 1434/1306/1434
f 1434/1306/1434 3666/6950/3666 1234/6948/1234
f 3666/6950/3666 3961/7270/3961 1234/6948/1234
f 3963/1369/3963 3962/6949/3962 3322/1370/3322
f 3962/6949/3962 1951/6952/1951 3322/1370/3322
f 1951/6952/1951 282/6951/282 3322/1370/3322
f 3322/1370/3322 1083/7268/1083 108/1368/108
f 108/1368/108 3961/7270/3961 3963/1369/3963
f 3983/1371/3983 1729/139/1729 3682/141/3682
f 900/5075/900 901/1261/901 899/1375/899
f 901/1261/901 3508/1373/3508 899/1375/899
f 3508/1373/3508 2013/7271/2013 1942/5074/1942
f 1942/5074/1942 1941/5073/1941 43/1374/43
f 43/1374/43 2741/5072/2741 3359/5076/3359
f 43/1374/43 3359/5076/3359 899/1375/899
f 3508/1373/3508 1942/5074/1942 43/1374/43
f 3219/7272/3219 3218/7273/3218 2660/7274/2660
f 2660/7274/2660 3746/7275/3746 2077/7276/2077
f 3746/7275/3746 3748/7277/3748 4134/7278/4134
f 3748/7277/3748 4012/7279/4012 4134/7278/4134
f 4134/7278/4134 3829/7280/3829 2368/7281/2368
f 2937/423/2937 1799/3678/1799 3392/7282/3392
f 4134/7278/4134 2368/7281/2368 3746/7275/3746
f 2368/7281/2368 2937/423/2937 2077/7276/2077
f 2077/7276/2077 3746/7275/3746 2368/7281/2368
f 3219/7272/3219 2660/7274/2660 2992/7283/2992
f 2937/423/2937 3392/7282/3392 2077/7276/2077
f 2077/7276/2077 3947/7284/3947 2992/7283/2992
f 718/7285/718 3219/7272/3219 3061/7286/3061
f 2660/7274/2660 2077/7276/2077 2992/7283/2992
f 2396/7287/2396 719/7288/719 718/7285/718
f 499/7289/499 490/7290/490 2396/7287/2396
f 1446/7291/1446 1445/7292/1445 4231/7293/4231
f 4231/7293/4231 499/7289/499 2396/7287/2396
f 4231/7293/4231 2396/7287/2396 3349/7294/3349
f 2396/7287/2396 718/7285/718 3350/7295/3350
f 3349/7294/3349 2396/7287/2396 3350/7295/3350
f 3646/7296/3646 1446/7291/1446 3175/1377/3175
f 1446/7291/1446 4231/7293/4231 109/7297/109
f 3175/1377/3175 1446/7291/1446 3913/1378/3913
f 3638/7298/3638 2734/7299/2734 3175/1377/3175
f 3913/1378/3913 1446/7291/1446 1324/7300/1324
f 3219/7272/3219 2992/7283/2992 4124/7301/4124
f 2992/7283/2992 2993/7302/2993 4124/7301/4124
f 3219/7272/3219 4124/7301/4124 3061/7286/3061
f 3638/7298/3638 3175/1377/3175 3228/7303/3228
f 3638/7298/3638 3228/7303/3228 941/7304/941
f 3372/7305/3372 1012/7306/1012 3638/7298/3638
f 2899/7307/2899 2900/7308/2900 502/7309/502
f 2900/7308/2900 3372/7305/3372 502/7309/502
f 696/7310/696 1228/7311/1228 502/7309/502
f 3372/7305/3372 3638/7298/3638 941/7304/941
f 4010/7312/4010 718/7285/718 3061/7286/3061
f 4124/7301/4124 2913/7313/2913 3061/7286/3061
f 3061/7286/3061 3062/7314/3062 4010/7312/4010
f 4010/7312/4010 2955/7315/2955 359/7316/359
f 359/7316/359 4298/7317/4298 3350/7295/3350
f 4298/7317/4298 423/7318/423 3350/7295/3350
f 4010/7312/4010 359/7316/359 718/7285/718
f 359/7316/359 3350/7295/3350 718/7285/718
f 3349/7294/3349 3573/7319/3573 3137/7320/3137
f 502/7309/502 3372/7305/3372 696/7310/696
f 696/7310/696 3372/7305/3372 941/7304/941
f 941/7304/941 1018/7321/1018 696/7310/696
f 3137/7320/3137 3717/7322/3717 109/7297/109
f 4231/7293/4231 3349/7294/3349 3137/7320/3137
f 3228/7303/3228 3175/1377/3175 461/1376/461
f 3228/7303/3228 940/7323/940 941/7304/941
f 461/1376/461 2255/7324/2255 3228/7303/3228
f 3913/1378/3913 3898/7325/3898 461/1376/461
f 1324/7300/1324 3668/7326/3668 3913/1378/3913
f 3754/7327/3754 3852/7328/3852 1324/7300/1324
f 1477/7329/1477 2691/7330/2691 3754/7327/3754
f 549/7331/549 245/7332/245 1477/7329/1477
f 109/7297/109 1933/7333/1933 700/7334/700
f 700/7334/700 549/7331/549 1477/7329/1477
f 1477/7329/1477 3754/7327/3754 1324/7300/1324
f 700/7334/700 1477/7329/1477 1446/7291/1446
f 1477/7329/1477 1324/7300/1324 1446/7291/1446
f 4231/7293/4231 3137/7320/3137 109/7297/109
f 109/7297/109 700/7334/700 1446/7291/1446
f 1158/1386/1158 2017/7335/2017 2497/7336/2497
f 2017/7335/2017 1070/7337/1070 2497/7336/2497
f 1070/7337/1070 2471/7338/2471 4059/7339/4059
f 4059/7339/4059 1071/7340/1071 1070/7337/1070
f 1071/7340/1071 2497/7336/2497 1070/7337/1070
f 2497/7336/2497 2496/7341/2496 1158/1386/1158
f 2496/7341/2496 3661/1384/3661 1158/1386/1158
f 3494/7342/3494 1439/7343/1439 2948/7344/2948
f 1439/7343/1439 974/7345/974 2948/7344/2948
f 2948/7344/2948 2947/7346/2947 3494/7342/3494
f 2947/7346/2947 3737/7347/3737 3494/7342/3494
f 1088/7348/1088 289/7349/289 3464/1387/3464
f 289/7349/289 3494/7342/3494 3737/7347/3737
f 3464/1387/3464 289/7349/289 1475/7350/1475
f 3378/7351/3378 3327/7352/3327 1967/1388/1967
f 3327/7352/3327 2194/1389/2194 1967/1388/1967
f 2194/1389/2194 1088/7348/1088 3464/1387/3464
f 3737/7347/3737 1475/7350/1475 289/7349/289
f 1475/7350/1475 3835/7353/3835 3464/1387/3464
f 965/7354/965 751/4718/751 2832/1395/2832
f 751/4718/751 378/1393/378 2832/1395/2832
f 3503/7355/3503 3230/7356/3230 3231/5081/3231
f 3234/5080/3234 3440/5079/3440 1817/591/1817
f 3440/5079/3440 2092/5060/2092 1817/591/1817
f 3503/7355/3503 3231/5081/3231 3234/5080/3234
f 177/5066/177 991/627/991 1587/590/1587
f 991/627/991 3503/7355/3503 1817/591/1817
f 1522/5063/1522 1120/5067/1120 596/5064/596
f 1120/5067/1120 177/5066/177 596/5064/596
f 597/5061/597 595/5065/595 596/5064/596
f 991/627/991 1817/591/1817 1587/590/1587
f 3503/7355/3503 3234/5080/3234 1817/591/1817
f 2092/5060/2092 415/4391/415 1817/591/1817
f 597/5061/597 596/5064/596 1495/5062/1495
f 596/5064/596 177/5066/177 1495/5062/1495
f 1493/1404/1493 1494/5058/1494 1495/5062/1495
f 1493/1404/1493 1495/5062/1495 2656/1402/2656
f 1495/5062/1495 177/5066/177 2656/1402/2656
f 416/4392/416 910/5059/910 2655/1403/2655
f 910/5059/910 1493/1404/1493 2655/1403/2655
f 2655/1403/2655 1589/4393/1589 416/4392/416
f 177/5066/177 1587/590/1587 2656/1402/2656
